rank,feature_id,orientation,summary,effect,null_sd,ev,abs_ev,support,minimum_support
1,16037,base_enriched,max,-20.297061920166016,1.8377792835235596,-11.044341087341309,11.044341087341309,564,88
2,13191,base_enriched,max,-25.162708282470703,2.2817351818084717,-11.02788257598877,11.02788257598877,492,88
3,8589,base_enriched,max,-19.993139266967773,1.8161431550979614,-11.008569717407227,11.008569717407227,589,88
4,3826,base_enriched,max,-27.070262908935547,2.476029872894287,-10.932930946350098,10.932930946350098,560,88
5,1862,base_enriched,max,-16.19910430908203,1.4876248836517334,-10.889240264892578,10.889240264892578,651,88
6,2649,base_enriched,max,-16.397724151611328,1.5107669830322266,-10.853906631469727,10.853906631469727,530,88
7,1650,base_enriched,max,-13.957335472106934,1.295863151550293,-10.770686149597168,10.770686149597168,650,88
8,7593,base_enriched,max,-10.918915748596191,1.0151232481002808,-10.756246566772461,10.756246566772461,657,88
9,13801,base_enriched,max,-12.890167236328125,1.201378583908081,-10.729479789733887,10.729479789733887,727,88
10,219,base_enriched,mean,-0.2055436223745346,0.019214777275919914,-10.697163581848145,10.697163581848145,698,88
11,5018,base_enriched,max,-26.0158748626709,2.441223621368408,-10.656899452209473,10.656899452209473,725,88
12,6330,base_enriched,max,-12.631465911865234,1.185338020324707,-10.656425476074219,10.656425476074219,733,88
13,12308,base_enriched,max,-14.754746437072754,1.3848135471343994,-10.654681205749512,10.654681205749512,531,88
14,9696,base_enriched,max,-17.90548324584961,1.6814446449279785,-10.648868560791016,10.648868560791016,562,88
15,617,base_enriched,max,-10.531641960144043,0.9916085600852966,-10.620765686035156,10.620765686035156,670,88
16,16264,base_enriched,max,-13.755280494689941,1.295939326286316,-10.614139556884766,10.614139556884766,574,88
17,1159,base_enriched,max,-22.556442260742188,2.1258018016815186,-10.610793113708496,10.610793113708496,424,88
18,5889,base_enriched,max,-17.072586059570312,1.6120426654815674,-10.590654373168945,10.590654373168945,710,88
19,15150,base_enriched,max,-11.36449146270752,1.0732437372207642,-10.588919639587402,10.588919639587402,753,88
20,15961,base_enriched,max,-20.354312896728516,1.9224170446395874,-10.587875366210938,10.587875366210938,542,88
21,402,base_enriched,mean,-0.21464978158473969,0.020289409905672073,-10.579400062561035,10.579400062561035,643,88
22,14908,base_enriched,max,-17.63433837890625,1.6704974174499512,-10.556340217590332,10.556340217590332,788,88
23,5837,base_enriched,max,-12.547515869140625,1.1906965970993042,-10.537961959838867,10.537961959838867,635,88
24,4810,base_enriched,max,-11.673185348510742,1.1103839874267578,-10.512746810913086,10.512746810913086,704,88
25,1688,base_enriched,mean,-0.2716165781021118,0.025850459933280945,-10.507224082946777,10.507224082946777,841,88
26,2168,base_enriched,max,-14.868463516235352,1.4151864051818848,-10.506363868713379,10.506363868713379,754,88
27,14497,base_enriched,max,-24.878515243530273,2.369051218032837,-10.50146770477295,10.50146770477295,553,88
28,12694,base_enriched,max,-9.299652099609375,0.8883042335510254,-10.468994140625,10.468994140625,563,88
29,6877,base_enriched,max,-20.207122802734375,1.9322803020477295,-10.457655906677246,10.457655906677246,491,88
30,13721,base_enriched,mean,-0.11059218645095825,0.010584430769085884,-10.448572158813477,10.448572158813477,827,88
31,11913,base_enriched,max,-7.236409664154053,0.6929100155830383,-10.44350528717041,10.44350528717041,726,88
32,14327,base_enriched,mean,-0.21138790249824524,0.020275814458727837,-10.425618171691895,10.425618171691895,757,88
33,1696,base_enriched,mean,-0.34506189823150635,0.03310608118772507,-10.4229154586792,10.4229154586792,701,88
34,2957,base_enriched,mean,-0.2977274954319,0.02857152931392193,-10.420425415039062,10.420425415039062,773,88
35,10168,base_enriched,max,-21.10910987854004,2.0273361206054688,-10.412240028381348,10.412240028381348,564,88
36,1584,base_enriched,max,-3.3598177433013916,0.3230484426021576,-10.400352478027344,10.400352478027344,630,88
37,9985,base_enriched,max,-8.390684127807617,0.8087051510810852,-10.375454902648926,10.375454902648926,670,88
38,20,base_enriched,max,-10.99055004119873,1.059708595275879,-10.371294975280762,10.371294975280762,772,88
39,15821,base_enriched,max,-27.531702041625977,2.6584436893463135,-10.3563232421875,10.3563232421875,628,88
40,6802,base_enriched,max,-11.626131057739258,1.1244981288909912,-10.338951110839844,10.338951110839844,726,88
41,10329,base_enriched,max,-14.820283889770508,1.4339247941970825,-10.335468292236328,10.335468292236328,739,88
42,12229,base_enriched,max,-8.311968803405762,0.80768883228302,-10.29105281829834,10.29105281829834,607,88
43,11361,base_enriched,active_fraction,-0.013439293950796127,0.0013088181149214506,-10.268266677856445,10.268266677856445,420,88
44,2621,base_enriched,active_fraction,-0.06344055384397507,0.006204015575349331,-10.225724220275879,10.225724220275879,669,88
45,5039,base_enriched,max,-23.61417579650879,2.314026117324829,-10.204800605773926,10.204800605773926,469,88
46,10539,base_enriched,mean,-0.2737257480621338,0.026856612414121628,-10.192117691040039,10.192117691040039,819,88
47,6305,base_enriched,active_fraction,-0.032332416623830795,0.003178707789629698,-10.171560287475586,10.171560287475586,781,88
48,4366,base_enriched,active_fraction,-0.04875436797738075,0.0047944993712008,-10.16881275177002,10.16881275177002,786,88
49,5959,base_enriched,max,-15.394762992858887,1.5149840116500854,-10.161666870117188,10.161666870117188,626,88
50,9446,base_enriched,max,-20.8571720123291,2.0527868270874023,-10.160417556762695,10.160417556762695,418,88
51,824,base_enriched,mean,-0.16073410212993622,0.01583036035299301,-10.153533935546875,10.153533935546875,559,88
52,2913,base_enriched,active_fraction,-0.0333334282040596,0.0032911389134824276,-10.12823486328125,10.12823486328125,613,88
53,7828,base_enriched,max,-19.788063049316406,1.9539108276367188,-10.127413749694824,10.127413749694824,631,88
54,9580,base_enriched,max,-14.05766487121582,1.3889062404632568,-10.121392250061035,10.121392250061035,749,88
55,14006,base_enriched,max,-18.720996856689453,1.856906533241272,-10.081819534301758,10.081819534301758,740,88
56,10736,base_enriched,max,-10.742517471313477,1.0659239292144775,-10.07812786102295,10.07812786102295,759,88
57,5422,base_enriched,max,-22.755714416503906,2.25848126411438,-10.075671195983887,10.075671195983887,436,88
58,15669,base_enriched,max,-19.72903823852539,1.9609336853027344,-10.061042785644531,10.061042785644531,429,88
59,3602,base_enriched,max,-11.211450576782227,1.1156954765319824,-10.048844337463379,10.048844337463379,736,88
60,13646,base_enriched,max,-15.670104026794434,1.5618319511413574,-10.033156394958496,10.033156394958496,599,88
61,12655,base_enriched,active_fraction,-0.022527720779180527,0.0022493223659694195,-10.015336990356445,10.015336990356445,447,88
62,1982,base_enriched,mean,-0.26144981384277344,0.02611173689365387,-10.012731552124023,10.012731552124023,810,88
63,3048,base_enriched,active_fraction,-0.034405436366796494,0.0034517741296440363,-9.967464447021484,9.967464447021484,712,88
64,409,base_enriched,max,-7.938022136688232,0.7964557409286499,-9.966683387756348,9.966683387756348,708,88
65,11770,base_enriched,max,-9.195935249328613,0.922677218914032,-9.966578483581543,9.966578483581543,696,88
66,4901,base_enriched,max,-15.762046813964844,1.5819090604782104,-9.963939666748047,9.963939666748047,582,88
67,11030,base_enriched,max,-20.78912353515625,2.088536500930786,-9.953919410705566,9.953919410705566,606,88
68,2468,base_enriched,active_fraction,-0.09677088260650635,0.009737013839185238,-9.938455581665039,9.938455581665039,739,88
69,1193,base_enriched,max,-24.505897521972656,2.4665069580078125,-9.935466766357422,9.935466766357422,473,88
70,10303,base_enriched,max,-11.044867515563965,1.1123905181884766,-9.928947448730469,9.928947448730469,772,88
71,7736,base_enriched,max,-15.840481758117676,1.6031091213226318,-9.881099700927734,9.881099700927734,501,88
72,13590,base_enriched,max,-9.498666763305664,0.9643758535385132,-9.84954833984375,9.84954833984375,713,88
73,8535,base_enriched,mean,-0.13589949905872345,0.013814804144203663,-9.837236404418945,9.837236404418945,723,88
74,91,base_enriched,active_fraction,-0.09995749592781067,0.01016619149595499,-9.832344055175781,9.832344055175781,648,88
75,9700,base_enriched,active_fraction,-0.1455436646938324,0.014821267686784267,-9.819920539855957,9.819920539855957,790,88
76,4775,base_enriched,active_fraction,-0.03415149450302124,0.003482238855212927,-9.80733871459961,9.80733871459961,688,88
77,1572,base_enriched,active_fraction,-0.04665583372116089,0.00476490892469883,-9.791547775268555,9.791547775268555,667,88
78,13810,base_enriched,max,-8.21246337890625,0.8469293117523193,-9.696751594543457,9.696751594543457,553,88
79,9537,base_enriched,active_fraction,-0.06758678704500198,0.0069870599545538425,-9.673136711120605,9.673136711120605,580,88
80,221,base_enriched,active_fraction,-0.0392928384244442,0.004070034250617027,-9.654178619384766,9.654178619384766,661,88
81,7920,base_enriched,active_fraction,-0.01560052391141653,0.0016182600520551205,-9.640307426452637,9.640307426452637,540,88
82,7930,base_enriched,max,-7.878366947174072,0.8181613683700562,-9.629355430603027,9.629355430603027,786,88
83,7585,base_enriched,max,-15.49062728881836,1.6098753213882446,-9.622252464294434,9.622252464294434,620,88
84,3305,base_enriched,active_fraction,-0.0336434468626976,0.0034976359456777573,-9.618910789489746,9.618910789489746,606,88
85,4017,base_enriched,active_fraction,-0.015603087842464447,0.0016235191142186522,-9.610658645629883,9.610658645629883,546,88
86,460,base_enriched,max,-26.701507568359375,2.785670042037964,-9.585309028625488,9.585309028625488,365,88
87,1989,base_enriched,active_fraction,-0.025720907375216484,0.002684683073312044,-9.580612182617188,9.580612182617188,773,88
88,11502,base_enriched,max,-21.128925323486328,2.2063345909118652,-9.576482772827148,9.576482772827148,481,88
89,4086,base_enriched,max,-8.046768188476562,0.8425941467285156,-9.549992561340332,9.549992561340332,643,88
90,10692,base_enriched,active_fraction,-0.005145361181348562,0.0005389303551055491,-9.547358512878418,9.547358512878418,286,88
91,15280,base_enriched,max,-8.029656410217285,0.842437207698822,-9.53145980834961,9.53145980834961,581,88
92,5819,base_enriched,max,-4.306535243988037,0.45280346274375916,-9.51082706451416,9.51082706451416,722,88
93,7498,base_enriched,max,-18.50002098083496,1.9464212656021118,-9.504633903503418,9.504633903503418,650,88
94,4565,base_enriched,max,-10.332560539245605,1.0875929594039917,-9.50039291381836,9.50039291381836,490,88
95,708,base_enriched,max,-24.642578125,2.5952510833740234,-9.495257377624512,9.495257377624512,340,88
96,8661,base_enriched,max,-5.005500316619873,0.5272353887557983,-9.49386215209961,9.49386215209961,790,88
97,654,base_enriched,max,-9.369022369384766,0.9882906079292297,-9.48002815246582,9.48002815246582,853,88
98,4693,base_enriched,max,-17.065166473388672,1.8004331588745117,-9.47836685180664,9.47836685180664,420,88
99,11922,base_enriched,max,-22.54105567932129,2.390052080154419,-9.431198120117188,9.431198120117188,343,88
100,11996,base_enriched,active_fraction,-0.06140121817588806,0.00651084678247571,-9.430603981018066,9.430603981018066,650,88
101,7124,base_enriched,max,-9.388025283813477,0.9963717460632324,-9.422211647033691,9.422211647033691,635,88
102,6254,base_enriched,max,-8.889485359191895,0.9442437291145325,-9.414397239685059,9.414397239685059,690,88
103,11417,base_enriched,max,-24.12857437133789,2.5644006729125977,-9.409049987792969,9.409049987792969,405,88
104,12772,base_enriched,active_fraction,-0.0769491121172905,0.008185142651200294,-9.401071548461914,9.401071548461914,630,88
105,7551,base_enriched,max,-17.89873695373535,1.9093961715698242,-9.374030113220215,9.374030113220215,398,88
106,11858,base_enriched,active_fraction,-0.008737236261367798,0.0009332079789601266,-9.362582206726074,9.362582206726074,651,88
107,1622,base_enriched,max,-20.259702682495117,2.172574758529663,-9.325203895568848,9.325203895568848,458,88
108,11538,base_enriched,max,-24.4807186126709,2.6277034282684326,-9.31639289855957,9.31639289855957,518,88
109,14674,base_enriched,max,-5.921266555786133,0.6364632844924927,-9.303390502929688,9.303390502929688,620,88
110,13518,base_enriched,active_fraction,-0.009374530054628849,0.001011687912978232,-9.266226768493652,9.266226768493652,687,88
111,4059,base_enriched,max,-12.155521392822266,1.3122307062149048,-9.263250350952148,9.263250350952148,669,88
112,16120,base_enriched,mean,-0.18299904465675354,0.019818207249045372,-9.233884811401367,9.233884811401367,808,88
113,7728,base_enriched,max,-15.393049240112305,1.6680465936660767,-9.228189468383789,9.228189468383789,693,88
114,11282,base_enriched,mean,-0.20105378329753876,0.021937187761068344,-9.1649751663208,9.1649751663208,871,88
115,10318,base_enriched,active_fraction,-0.008431492373347282,0.0009200454805977643,-9.164212226867676,9.164212226867676,676,88
116,8667,base_enriched,max,-11.304304122924805,1.2343698740005493,-9.157955169677734,9.157955169677734,689,88
117,14169,base_enriched,max,-4.39119291305542,0.48030930757522583,-9.142427444458008,9.142427444458008,869,88
118,2559,base_enriched,active_fraction,-0.019279994070529938,0.0021145243663340807,-9.117886543273926,9.117886543273926,815,88
119,1678,base_enriched,active_fraction,-0.027954252436757088,0.0030706434044986963,-9.10371208190918,9.10371208190918,531,88
120,2757,base_enriched,max,-6.4617085456848145,0.713580310344696,-9.05533504486084,9.05533504486084,739,88
121,5958,base_enriched,active_fraction,-0.06413093209266663,0.0070826164446771145,-9.054695129394531,9.054695129394531,639,88
122,11547,base_enriched,active_fraction,-0.03981393203139305,0.004413921851664782,-9.02008056640625,9.02008056640625,782,88
123,1056,base_enriched,max,-2.1911065578460693,0.2433595359325409,-9.003578186035156,9.003578186035156,476,88
124,16291,base_enriched,max,-4.854101657867432,0.5432142615318298,-8.935887336730957,8.935887336730957,635,88
125,7895,base_enriched,max,-5.005672931671143,0.5602108240127563,-8.935338020324707,8.935338020324707,746,88
126,13428,base_enriched,max,-14.4470796585083,1.6174077987670898,-8.932243347167969,8.932243347167969,755,88
127,4908,base_enriched,active_fraction,-0.04447378218173981,0.004984122235327959,-8.923091888427734,8.923091888427734,609,88
128,1904,base_enriched,max,-13.337620735168457,1.5007871389389038,-8.887084007263184,8.887084007263184,584,88
129,10778,base_enriched,mean,-0.22654424607753754,0.025579020380973816,-8.856642723083496,8.856642723083496,828,88
130,5685,base_enriched,active_fraction,-0.033710312098264694,0.003809963120147586,-8.847936630249023,8.847936630249023,725,88
131,15987,base_enriched,max,-13.014239311218262,1.4712284803390503,-8.845831871032715,8.845831871032715,504,88
132,8200,base_enriched,max,-9.670367240905762,1.093432903289795,-8.844042778015137,8.844042778015137,553,88
133,12593,base_enriched,max,-11.93606948852539,1.3508309125900269,-8.836094856262207,8.836094856262207,730,88
134,14763,base_enriched,active_fraction,-0.08179168403148651,0.00927440170198679,-8.819079399108887,8.819079399108887,787,88
135,15916,base_enriched,max,-21.56070327758789,2.481149911880493,-8.689803123474121,8.689803123474121,513,88
136,9383,base_enriched,active_fraction,-0.05142743140459061,0.005922876298427582,-8.682847023010254,8.682847023010254,726,88
137,1162,base_enriched,max,-7.855623245239258,0.9094374775886536,-8.637892723083496,8.637892723083496,855,88
138,14256,base_enriched,active_fraction,-0.06943768262863159,0.008112302049994469,-8.559553146362305,8.559553146362305,774,88
139,2675,base_enriched,max,-15.404919624328613,1.8000439405441284,-8.558079719543457,8.558079719543457,640,88
140,7947,base_enriched,max,-6.183071613311768,0.724157452583313,-8.538297653198242,8.538297653198242,732,88
141,14295,base_enriched,active_fraction,-0.06525830924510956,0.00765443267300725,-8.525557518005371,8.525557518005371,768,88
142,6661,base_enriched,mean,-0.1283310502767563,0.01506512425839901,-8.51841926574707,8.51841926574707,815,88
143,4314,base_enriched,max,-8.110892295837402,0.9555785059928894,-8.48793888092041,8.48793888092041,630,88
144,913,base_enriched,active_fraction,-0.034244947135448456,0.004035575315356255,-8.48576545715332,8.48576545715332,837,88
145,2550,base_enriched,active_fraction,-0.007755483500659466,0.0009146715747192502,-8.478981971740723,8.478981971740723,446,88
146,7974,base_enriched,active_fraction,-0.07177548855543137,0.008485784754157066,-8.458320617675781,8.458320617675781,710,88
147,4080,base_enriched,max,-6.416278839111328,0.7669388651847839,-8.3660888671875,8.3660888671875,571,88
148,15193,base_enriched,active_fraction,-0.04579893499612808,0.005479772109538317,-8.357817649841309,8.357817649841309,809,88
149,1505,base_enriched,max,-6.3126702308654785,0.7568756937980652,-8.340432167053223,8.340432167053223,599,88
150,1588,base_enriched,active_fraction,-0.01774951070547104,0.0021434419322758913,-8.280844688415527,8.280844688415527,673,88
151,6970,base_enriched,active_fraction,-0.08378224819898605,0.010117875412106514,-8.280616760253906,8.280616760253906,792,88
152,13397,base_enriched,active_fraction,-0.012871888466179371,0.001565424958243966,-8.222616195678711,8.222616195678711,839,88
153,2174,base_enriched,active_fraction,-0.015978001058101654,0.0019435723079368472,-8.220945358276367,8.220945358276367,673,88
154,5640,base_enriched,active_fraction,-0.035931024700403214,0.004371336195617914,-8.21968936920166,8.21968936920166,737,88
155,745,base_enriched,active_fraction,-0.017175957560539246,0.0020913106855005026,-8.213010787963867,8.213010787963867,820,88
156,812,base_enriched,active_fraction,-0.003253803588449955,0.00039791446761228144,-8.177143096923828,8.177143096923828,455,88
157,16053,base_enriched,active_fraction,-0.013818386010825634,0.0016937199980020523,-8.158600807189941,8.158600807189941,820,88
158,11340,base_enriched,active_fraction,-0.02914910390973091,0.0035798612516373396,-8.142523765563965,8.142523765563965,805,88
159,15668,base_enriched,max,-7.326705455780029,0.9005387425422668,-8.135913848876953,8.135913848876953,765,88
160,5230,base_enriched,mean,-0.13357044756412506,0.01644027978181839,-8.124585151672363,8.124585151672363,826,88
161,10346,base_enriched,max,-3.495983600616455,0.4355623126029968,-8.026368141174316,8.026368141174316,798,88
162,7404,base_enriched,active_fraction,-0.009991242550313473,0.0012459104182198644,-8.019229888916016,8.019229888916016,732,88
163,16065,base_enriched,max,-6.869065761566162,0.8577235341072083,-8.008484840393066,8.008484840393066,674,88
164,13879,base_enriched,active_fraction,-0.01739799976348877,0.002192252315580845,-7.936130046844482,7.936130046844482,659,88
165,11414,base_enriched,max,-3.8501317501068115,0.48642316460609436,-7.915189743041992,7.915189743041992,636,88
166,10080,base_enriched,max,-7.766233444213867,0.9856458306312561,-7.879334926605225,7.879334926605225,865,88
167,5534,base_enriched,mean,-0.0791088342666626,0.01005028747022152,-7.87130069732666,7.87130069732666,803,88
168,6530,base_enriched,active_fraction,-0.014756446704268456,0.0018923961324617267,-7.797757625579834,7.797757625579834,650,88
169,1316,base_enriched,max,-5.404324054718018,0.6938815116882324,-7.788540363311768,7.788540363311768,646,88
170,14252,base_enriched,max,-8.364359855651855,1.0797964334487915,-7.746237754821777,7.746237754821777,609,88
171,389,base_enriched,max,-6.3447265625,0.8203185200691223,-7.734467029571533,7.734467029571533,726,88
172,191,base_enriched,max,-4.2627997398376465,0.5523704886436462,-7.717283725738525,7.717283725738525,692,88
173,7646,base_enriched,max,-9.794384002685547,1.2715697288513184,-7.702592849731445,7.702592849731445,507,88
174,7893,base_enriched,max,-4.629042625427246,0.6037629246711731,-7.666987419128418,7.666987419128418,675,88
175,9642,base_enriched,max,-4.745639324188232,0.6203725934028625,-7.649659633636475,7.649659633636475,754,88
176,8516,base_enriched,mean,-0.12884248793125153,0.01685239002108574,-7.6453537940979,7.6453537940979,871,88
177,5859,base_enriched,max,-3.501112937927246,0.461579293012619,-7.585073471069336,7.585073471069336,870,88
178,15219,base_enriched,max,-5.5026936531066895,0.7278333306312561,-7.560376167297363,7.560376167297363,824,88
179,6892,base_enriched,max,-3.590406894683838,0.47634223103523254,-7.537452220916748,7.537452220916748,642,88
180,2094,base_enriched,max,-3.299168825149536,0.4418673813343048,-7.466423034667969,7.466423034667969,815,88
181,269,base_enriched,max,-3.269379138946533,0.4449979364871979,-7.346953392028809,7.346953392028809,741,88
182,7686,base_enriched,max,-2.61844801902771,0.35928207635879517,-7.288000583648682,7.288000583648682,610,88
183,8878,base_enriched,active_fraction,-0.04206543788313866,0.005818602163344622,-7.229475021362305,7.229475021362305,717,88
184,16367,base_enriched,max,-2.2374954223632812,0.3126746118068695,-7.155986785888672,7.155986785888672,806,88
185,9794,base_enriched,max,-4.560837745666504,0.6385553479194641,-7.142431259155273,7.142431259155273,768,88
186,9296,base_enriched,max,-3.459738254547119,0.4854657053947449,-7.126637935638428,7.126637935638428,746,88
187,13230,base_enriched,max,-6.532974720001221,0.9190788269042969,-7.1081767082214355,7.1081767082214355,732,88
188,7583,base_enriched,max,-4.821034908294678,0.6791419982910156,-7.098714351654053,7.098714351654053,872,88
189,13114,base_enriched,max,-7.0975165367126465,1.0054895877838135,-7.058766841888428,7.058766841888428,748,88
190,13459,base_enriched,max,-3.009366989135742,0.4337071478366852,-6.93870735168457,6.93870735168457,837,88
191,1078,base_enriched,active_fraction,-0.012771951965987682,0.0018418044783174992,-6.934477806091309,6.934477806091309,804,88
192,1705,base_enriched,active_fraction,-0.013067547231912613,0.0019051211420446634,-6.859168529510498,6.859168529510498,667,88
193,5337,base_enriched,max,-3.513460636138916,0.5144212245941162,-6.829929351806641,6.829929351806641,870,88
194,3352,base_enriched,max,-3.909102439880371,0.5726155638694763,-6.826748371124268,6.826748371124268,560,88
195,3605,base_enriched,active_fraction,-0.0077105057425796986,0.0011325213126838207,-6.808265686035156,6.808265686035156,624,88
196,14285,base_enriched,max,-9.115156173706055,1.3475582599639893,-6.764202117919922,6.764202117919922,532,88
197,5763,base_enriched,active_fraction,-0.008234529756009579,0.0012200975324958563,-6.749074935913086,6.749074935913086,573,88
198,7690,base_enriched,active_fraction,-0.009649924002587795,0.0014320049667730927,-6.738750457763672,6.738750457763672,859,88
199,2942,base_enriched,max,-4.603738307952881,0.6859704852104187,-6.711277484893799,6.711277484893799,787,88
200,9944,base_enriched,mean,-0.31226110458374023,0.046643588691949844,-6.694620132446289,6.694620132446289,866,88
201,8415,base_enriched,active_fraction,-0.01141283754259348,0.001704994821920991,-6.6937665939331055,6.6937665939331055,847,88
202,49,base_enriched,mean,-0.03420710191130638,0.005116499029099941,-6.685646057128906,6.685646057128906,858,88
203,6915,base_enriched,active_fraction,-0.04816741123795509,0.007211071439087391,-6.679646968841553,6.679646968841553,817,88
204,10177,base_enriched,max,-9.077920913696289,1.3593145608901978,-6.67830753326416,6.67830753326416,749,88
205,5499,base_enriched,max,-0.8220260143280029,0.12348885089159012,-6.656682014465332,6.656682014465332,494,88
206,10033,base_enriched,active_fraction,-0.008857877925038338,0.001351858489215374,-6.552370548248291,6.552370548248291,833,88
207,4504,base_enriched,max,-4.122800350189209,0.629787027835846,-6.546340465545654,6.546340465545654,777,88
208,4452,base_enriched,active_fraction,-0.007715269457548857,0.001181118655949831,-6.532171249389648,6.532171249389648,835,88
209,16140,base_enriched,active_fraction,-0.024198727682232857,0.003734668716788292,-6.479484558105469,6.479484558105469,621,88
210,8958,base_enriched,active_fraction,-0.01887856423854828,0.0029320605099201202,-6.438668251037598,6.438668251037598,784,88
211,175,base_enriched,active_fraction,-0.016878632828593254,0.002624824410304427,-6.430385589599609,6.430385589599609,870,88
212,15249,base_enriched,active_fraction,-0.01566380262374878,0.0024519760627299547,-6.3882365226745605,6.3882365226745605,572,88
213,12850,base_enriched,max,-4.412443161010742,0.6914780139923096,-6.381176471710205,6.381176471710205,700,88
214,8985,base_enriched,max,-5.2602949142456055,0.824899435043335,-6.376892566680908,6.376892566680908,759,88
215,1621,base_enriched,active_fraction,-0.021955206990242004,0.0034643104299902916,-6.337540149688721,6.337540149688721,857,88
216,8098,base_enriched,max,-2.4271597862243652,0.38355934619903564,-6.3279900550842285,6.3279900550842285,761,88
217,11241,base_enriched,max,-3.9934887886047363,0.6314659118652344,-6.324155807495117,6.324155807495117,647,88
218,4201,base_enriched,max,-0.5229480862617493,0.08286218345165253,-6.311058521270752,6.311058521270752,510,88
219,11901,base_enriched,max,-2.979146957397461,0.4721858501434326,-6.309267520904541,6.309267520904541,866,88
220,6311,base_enriched,mean,-0.043311771005392075,0.0068811033852398396,-6.29430627822876,6.29430627822876,848,88
221,10366,base_enriched,active_fraction,-0.0108027970418334,0.0017180090071633458,-6.287974834442139,6.287974834442139,868,88
222,10072,base_enriched,max,-4.818338871002197,0.7673884630203247,-6.278878211975098,6.278878211975098,791,88
223,12728,base_enriched,active_fraction,-0.016595885157585144,0.002645702101290226,-6.272771835327148,6.272771835327148,845,88
224,6517,base_enriched,max,-1.3235783576965332,0.2119613140821457,-6.244433403015137,6.244433403015137,625,88
225,3084,base_enriched,max,-3.247058868408203,0.5221203565597534,-6.218985557556152,6.218985557556152,540,88
226,7519,base_enriched,mean,-0.11396122723817825,0.01837955415248871,-6.200434684753418,6.200434684753418,872,88
227,11070,base_enriched,active_fraction,-0.024318641051650047,0.003937455825507641,-6.176231861114502,6.176231861114502,852,88
228,11863,base_enriched,mean,-0.08139753341674805,0.013330329209566116,-6.1061906814575195,6.1061906814575195,856,88
229,14797,base_enriched,max,-3.4878225326538086,0.5716294050216675,-6.1015448570251465,6.1015448570251465,829,88
230,12216,base_enriched,max,-2.9681005477905273,0.48707911372184753,-6.093672275543213,6.093672275543213,694,88
231,6746,base_enriched,active_fraction,-0.010642960667610168,0.0017482012044638395,-6.087949275970459,6.087949275970459,858,88
232,3444,base_enriched,max,-2.601912260055542,0.4288036525249481,-6.067840576171875,6.067840576171875,867,88
233,12113,base_enriched,max,-2.577718496322632,0.42495834827423096,-6.06581449508667,6.06581449508667,828,88
234,10518,base_enriched,active_fraction,-0.01120048388838768,0.0018477676203474402,-6.0616302490234375,6.0616302490234375,820,88
235,2595,base_enriched,active_fraction,-0.010881592519581318,0.0018006290774792433,-6.043217182159424,6.043217182159424,835,88
236,11232,base_enriched,max,-2.294281482696533,0.3799445629119873,-6.038463592529297,6.038463592529297,865,88
237,3838,base_enriched,active_fraction,-0.012316965498030186,0.0020518703386187553,-6.002799034118652,6.002799034118652,670,88
238,3626,base_enriched,max,-4.354569435119629,0.7262839078903198,-5.99568510055542,5.99568510055542,728,88
239,8520,base_enriched,active_fraction,-0.014583650045096874,0.0024346390273422003,-5.9900665283203125,5.9900665283203125,698,88
240,50,base_enriched,active_fraction,-0.00913656409829855,0.0015300946542993188,-5.971240997314453,5.971240997314453,739,88
241,3663,base_enriched,max,-1.6662745475769043,0.28069496154785156,-5.936246871948242,5.936246871948242,872,88
242,14567,base_enriched,active_fraction,-0.011906557716429234,0.0020063130650669336,-5.93454647064209,5.93454647064209,870,88
243,2039,base_enriched,mean,-0.05496978759765625,0.009281965903937817,-5.922214031219482,5.922214031219482,871,88
244,13540,base_enriched,active_fraction,-0.02631557360291481,0.004455059766769409,-5.906895637512207,5.906895637512207,868,88
245,2068,base_enriched,max,-4.97713041305542,0.8432533144950867,-5.9022955894470215,5.9022955894470215,589,88
246,1677,base_enriched,max,-3.213170051574707,0.5457723140716553,-5.8873820304870605,5.8873820304870605,828,88
247,14435,base_enriched,mean,-0.09068560600280762,0.015410050749778748,-5.8848347663879395,5.8848347663879395,872,88
248,3224,base_enriched,active_fraction,-0.004428979009389877,0.0007535340264439583,-5.877609729766846,5.877609729766846,544,88
249,12237,base_enriched,active_fraction,-0.011375658214092255,0.0019403373589739203,-5.862721920013428,5.862721920013428,871,88
250,4899,base_enriched,active_fraction,-0.02713036723434925,0.004642227198928595,-5.84425687789917,5.84425687789917,732,88
251,16274,base_enriched,active_fraction,-0.009419206529855728,0.00163190346211195,-5.771914005279541,5.771914005279541,835,88
252,9563,base_enriched,active_fraction,-0.00800714734941721,0.001389215118251741,-5.763792037963867,5.763792037963867,705,88
253,4758,base_enriched,active_fraction,-0.0105442488566041,0.0018539362354204059,-5.687492847442627,5.687492847442627,815,88
254,6790,base_enriched,active_fraction,-0.0029221202712506056,0.0005145977484062314,-5.678455352783203,5.678455352783203,559,88
255,4892,base_enriched,active_fraction,-0.016241908073425293,0.0028679678216576576,-5.663211345672607,5.663211345672607,822,88
256,5103,base_enriched,max,-4.63782262802124,0.8197557330131531,-5.657566547393799,5.657566547393799,554,88
257,12263,base_enriched,max,-1.6779705286026,0.296959787607193,-5.6504974365234375,5.6504974365234375,864,88
258,6683,base_enriched,max,-5.432456016540527,0.9619772434234619,-5.647177219390869,5.647177219390869,643,88
259,15299,base_enriched,max,-2.07499098777771,0.3675423860549927,-5.645582675933838,5.645582675933838,866,88
260,4237,base_enriched,active_fraction,-0.0063612558878958225,0.0011332944268360734,-5.613065719604492,5.613065719604492,863,88
261,926,base_enriched,active_fraction,-0.013836963102221489,0.00247971061617136,-5.580071926116943,5.580071926116943,793,88
262,14627,base_enriched,max,-0.6803392767906189,0.12235542386770248,-5.560352325439453,5.560352325439453,548,88
263,2312,base_enriched,active_fraction,-0.013819707557559013,0.002496422501280904,-5.535804748535156,5.535804748535156,864,88
264,11312,base_enriched,active_fraction,-0.007430152036249638,0.0013444554060697556,-5.526514530181885,5.526514530181885,862,88
265,7815,base_enriched,max,-4.000411033630371,0.7247567772865295,-5.519659996032715,5.519659996032715,794,88
266,15296,base_enriched,max,-2.3629541397094727,0.42817944288253784,-5.518607139587402,5.518607139587402,856,88
267,15443,base_enriched,mean,-0.0553600937128067,0.010045398958027363,-5.510990142822266,5.510990142822266,872,88
268,10961,base_enriched,max,-3.1328601837158203,0.5697030425071716,-5.499110698699951,5.499110698699951,752,88
269,15418,base_enriched,max,-1.440425157546997,0.2627117931842804,-5.48291015625,5.48291015625,870,88
270,8025,base_enriched,max,-2.9222543239593506,0.5338613390922546,-5.4738078117370605,5.4738078117370605,846,88
271,9782,base_enriched,active_fraction,-0.02381581999361515,0.00436527281999588,-5.455746173858643,5.455746173858643,860,88
272,12533,base_enriched,active_fraction,-0.008407114073634148,0.0015602514613419771,-5.388307094573975,5.388307094573975,871,88
273,13276,base_enriched,max,-2.507449150085449,0.46626123785972595,-5.377777576446533,5.377777576446533,850,88
274,10705,base_enriched,max,-1.7754995822906494,0.3318805694580078,-5.3498148918151855,5.3498148918151855,496,88
275,1126,base_enriched,max,-3.0663881301879883,0.5738370418548584,-5.343656539916992,5.343656539916992,814,88
276,10036,base_enriched,mean,-0.056185025721788406,0.010606857016682625,-5.2970476150512695,5.2970476150512695,872,88
277,13746,base_enriched,max,-1.0635969638824463,0.20084473490715027,-5.295618057250977,5.295618057250977,809,88
278,14089,base_enriched,active_fraction,-0.005024586338549852,0.0009562791674397886,-5.254309177398682,5.254309177398682,687,88
279,14822,base_enriched,max,-5.747043132781982,1.1010003089904785,-5.219837665557861,5.219837665557861,598,88
280,4245,base_enriched,active_fraction,-0.020398782566189766,0.003909634426236153,-5.2175679206848145,5.2175679206848145,821,88
281,8778,base_enriched,max,-5.214537143707275,1.008263349533081,-5.17180061340332,5.17180061340332,811,88
282,1657,base_enriched,mean,-0.04876233637332916,0.009438721463084221,-5.166201591491699,5.166201591491699,872,88
283,15571,base_enriched,max,-4.266238212585449,0.8265555500984192,-5.161465644836426,5.161465644836426,686,88
284,11608,base_enriched,max,-0.9938681125640869,0.19281691312789917,-5.154465198516846,5.154465198516846,862,88
285,5967,base_enriched,max,-1.120185375213623,0.21742159128189087,-5.152134895324707,5.152134895324707,871,88
286,15784,base_enriched,max,-1.9036688804626465,0.36976030468940735,-5.148386478424072,5.148386478424072,867,88
287,4680,base_enriched,max,-5.151571750640869,1.0070140361785889,-5.115690231323242,5.115690231323242,728,88
288,5152,base_enriched,max,-1.2032203674316406,0.23553939163684845,-5.108361721038818,5.108361721038818,824,88
289,8096,base_enriched,mean,-0.03717371076345444,0.007289985194802284,-5.099284648895264,5.099284648895264,869,88
290,10825,base_enriched,max,-5.377175807952881,1.0560861825942993,-5.091607093811035,5.091607093811035,665,88
291,15872,base_enriched,active_fraction,-0.01139844860881567,0.0022414352279156446,-5.085334777832031,5.085334777832031,864,88
292,4726,base_enriched,active_fraction,-0.0067781670950353146,0.00133334391284734,-5.083584785461426,5.083584785461426,838,88
293,7678,base_enriched,max,-2.0621819496154785,0.4061298072338104,-5.077642440795898,5.077642440795898,839,88
294,1673,base_enriched,max,-3.8061773777008057,0.7505394816398621,-5.071255207061768,5.071255207061768,731,88
295,15016,base_enriched,max,-2.9701080322265625,0.5864860415458679,-5.064243316650391,5.064243316650391,818,88
296,9879,base_enriched,max,-1.903397560119629,0.37752261757850647,-5.041810512542725,5.041810512542725,854,88
297,4138,base_enriched,active_fraction,-0.008386523462831974,0.0016662324778735638,-5.0332255363464355,5.0332255363464355,866,88
298,12360,base_enriched,max,-0.9581906199455261,0.19084015488624573,-5.020906925201416,5.020906925201416,799,88
299,1874,base_enriched,max,-1.5781794786453247,0.3161934018135071,-4.991184234619141,4.991184234619141,871,88
300,8291,base_enriched,max,-1.1654001474380493,0.2344696968793869,-4.970365524291992,4.970365524291992,757,88
301,13503,base_enriched,max,-1.4019008874893188,0.28376418352127075,-4.940372943878174,4.940372943878174,812,88
302,10824,base_enriched,active_fraction,-0.006559310015290976,0.0013349484652280807,-4.913530349731445,4.913530349731445,543,88
303,3094,base_enriched,max,-3.735222101211548,0.7620183825492859,-4.901748180389404,4.901748180389404,652,88
304,1428,base_enriched,max,-1.9202784299850464,0.39200082421302795,-4.8986592292785645,4.8986592292785645,753,88
305,3633,base_enriched,max,-0.8881427049636841,0.18179088830947876,-4.8855180740356445,4.8855180740356445,694,88
306,2728,base_enriched,max,-0.6144803762435913,0.12585216760635376,-4.882556915283203,4.882556915283203,204,88
307,14882,base_enriched,max,-0.7510992288589478,0.1550140082836151,-4.845363616943359,4.845363616943359,212,88
308,5835,base_enriched,max,-3.1015465259552,0.6411005854606628,-4.837846755981445,4.837846755981445,735,88
309,2920,base_enriched,max,-0.5234636068344116,0.108389712870121,-4.829458236694336,4.829458236694336,687,88
310,6320,base_enriched,max,-2.408007860183716,0.49949920177459717,-4.8208441734313965,4.8208441734313965,430,88
311,12962,base_enriched,max,-4.8267645835876465,1.0040873289108276,-4.807116508483887,4.807116508483887,590,88
312,7033,base_enriched,max,-1.3784111738204956,0.2880077660083771,-4.786020755767822,4.786020755767822,846,88
313,6315,base_enriched,max,-3.987243413925171,0.8348822593688965,-4.775815010070801,4.775815010070801,853,88
314,4530,base_enriched,active_fraction,-0.004903438501060009,0.0010319616412743926,-4.751570701599121,4.751570701599121,802,88
315,7232,base_enriched,max,-0.9321107268333435,0.1964990198612213,-4.743589878082275,4.743589878082275,870,88
316,1402,base_enriched,max,-2.813194990158081,0.5947237014770508,-4.730255603790283,4.730255603790283,232,88
317,11162,base_enriched,max,-1.4437568187713623,0.30591022968292236,-4.719543933868408,4.719543933868408,502,88
318,3536,base_enriched,max,-2.2204647064208984,0.4706781804561615,-4.717586040496826,4.717586040496826,863,88
319,13709,base_enriched,active_fraction,-0.012164359912276268,0.0025802701711654663,-4.714374542236328,4.714374542236328,567,88
320,4767,base_enriched,active_fraction,-0.022200757637619972,0.004714887123554945,-4.708651065826416,4.708651065826416,872,88
321,14713,base_enriched,active_fraction,-0.003703503170982003,0.0007888010004535317,-4.695104598999023,4.695104598999023,773,88
322,15199,base_enriched,max,-1.4968841075897217,0.3190217614173889,-4.6921067237854,4.6921067237854,861,88
323,10843,base_enriched,mean,-0.08968296647071838,0.019242573529481888,-4.660653591156006,4.660653591156006,871,88
324,2857,base_enriched,max,-1.9779977798461914,0.4250471293926239,-4.6535964012146,4.6535964012146,627,88
325,7319,base_enriched,active_fraction,-0.005399579647928476,0.0011608765926212072,-4.651295185089111,4.651295185089111,688,88
326,7934,base_enriched,active_fraction,-0.017216384410858154,0.0037159454077482224,-4.633110046386719,4.633110046386719,865,88
327,13671,base_enriched,max,-1.787808895111084,0.38713666796684265,-4.618030548095703,4.618030548095703,859,88
328,6417,base_enriched,max,-1.2853652238845825,0.2786606550216675,-4.612654209136963,4.612654209136963,872,88
329,5558,base_enriched,mean,-0.033372409641742706,0.0072380369529128075,-4.61069917678833,4.61069917678833,807,88
330,11301,base_enriched,max,-1.4007658958435059,0.304425984621048,-4.601335048675537,4.601335048675537,764,88
331,1317,base_enriched,max,-0.3481195569038391,0.07589911669492722,-4.58660888671875,4.58660888671875,392,88
332,1755,base_enriched,max,-1.1987826824188232,0.2617641091346741,-4.579629898071289,4.579629898071289,859,88
333,12439,base_enriched,max,-0.6629996299743652,0.1452099084854126,-4.565801620483398,4.565801620483398,725,88
334,14470,base_enriched,max,-2.3135719299316406,0.5068889260292053,-4.564258098602295,4.564258098602295,871,88
335,5341,base_enriched,max,-3.1535451412200928,0.6943322420120239,-4.541838645935059,4.541838645935059,828,88
336,10553,base_enriched,active_fraction,-0.01601485349237919,0.0035422146320343018,-4.521141529083252,4.521141529083252,750,88
337,10321,base_enriched,max,-2.415189027786255,0.5344717502593994,-4.518833637237549,4.518833637237549,787,88
338,1558,base_enriched,max,-0.8897075057029724,0.1972796618938446,-4.5098795890808105,4.5098795890808105,738,88
339,2459,base_enriched,max,-2.935819387435913,0.6520898342132568,-4.502170085906982,4.502170085906982,781,88
340,13148,base_enriched,active_fraction,-0.008953697979450226,0.0019898104947060347,-4.49977445602417,4.49977445602417,869,88
341,10282,base_enriched,active_fraction,-0.012495705857872963,0.0027812751941382885,-4.492797374725342,4.492797374725342,870,88
342,1666,base_enriched,max,-0.5992982387542725,0.13342471420764923,-4.4916582107543945,4.4916582107543945,781,88
343,14221,base_enriched,max,-2.7246878147125244,0.6070347428321838,-4.48852014541626,4.48852014541626,635,88
344,11020,base_enriched,active_fraction,-0.001393686281517148,0.0003117587766610086,-4.470399379730225,4.470399379730225,559,88
345,707,base_enriched,active_fraction,-0.007259102538228035,0.001630907878279686,-4.450958251953125,4.450958251953125,830,88
346,7844,base_enriched,max,-0.34573492407798767,0.0778053030371666,-4.4435906410217285,4.4435906410217285,204,88
347,15643,base_enriched,max,-2.349268674850464,0.5309129953384399,-4.424959659576416,4.424959659576416,732,88
348,1551,base_enriched,max,-1.971431016921997,0.4464941918849945,-4.415356636047363,4.415356636047363,561,88
349,598,base_enriched,active_fraction,-0.011879916302859783,0.00270252488553524,-4.395858287811279,4.395858287811279,734,88
350,2279,base_enriched,active_fraction,-0.00986792054027319,0.0022462671622633934,-4.393030643463135,4.393030643463135,808,88
351,7014,base_enriched,max,-1.2121593952178955,0.276593953371048,-4.382450580596924,4.382450580596924,869,88
352,11010,base_enriched,max,-2.1987667083740234,0.5043541193008423,-4.359569072723389,4.359569072723389,840,88
353,544,base_enriched,max,-1.184529423713684,0.2725377380847931,-4.34629487991333,4.34629487991333,780,88
354,12989,base_enriched,max,-1.1410497426986694,0.26286712288856506,-4.340785503387451,4.340785503387451,714,88
355,2631,base_enriched,max,-0.8141487836837769,0.18758568167686462,-4.34014368057251,4.34014368057251,869,88
356,15884,base_enriched,max,-0.5642669200897217,0.13041545450687408,-4.326687335968018,4.326687335968018,569,88
357,14195,base_enriched,max,-1.131240963935852,0.26163098216056824,-4.323803424835205,4.323803424835205,719,88
358,8851,base_enriched,active_fraction,-0.0198753010481596,0.0046038939617574215,-4.317063331604004,4.317063331604004,868,88
359,7240,base_enriched,max,-1.7504996061325073,0.4068051278591156,-4.303041934967041,4.303041934967041,862,88
360,16150,base_enriched,active_fraction,-0.011668608523905277,0.0027192384004592896,-4.291131019592285,4.291131019592285,826,88
361,11211,base_enriched,max,-1.7943222522735596,0.41943901777267456,-4.277909755706787,4.277909755706787,870,88
362,11589,base_enriched,active_fraction,-0.013368704356253147,0.003129097167402506,-4.272383689880371,4.272383689880371,739,88
363,15990,base_enriched,max,-1.4248648881912231,0.3335396647453308,-4.2719502449035645,4.2719502449035645,816,88
364,2136,base_enriched,max,-3.2245821952819824,0.7555644512176514,-4.267779350280762,4.267779350280762,776,88
365,12697,base_enriched,max,-1.8392850160598755,0.43125516176223755,-4.264957904815674,4.264957904815674,803,88
366,2721,base_enriched,mean,-0.5028161406517029,0.1179124265909195,-4.264318466186523,4.264318466186523,872,88
367,11977,base_enriched,max,-1.0576921701431274,0.24831251800060272,-4.259520053863525,4.259520053863525,743,88
368,6587,base_enriched,mean,-0.019134685397148132,0.004511347971856594,-4.241456508636475,4.241456508636475,843,88
369,14608,base_enriched,max,-3.0087244510650635,0.7108362317085266,-4.232655048370361,4.232655048370361,624,88
370,5326,base_enriched,max,-0.7770053744316101,0.18404515087604523,-4.2218194007873535,4.2218194007873535,748,88
371,12474,base_enriched,max,-1.2525254487991333,0.29696452617645264,-4.217761039733887,4.217761039733887,510,88
372,2809,base_enriched,max,-1.4823945760726929,0.3516174554824829,-4.215929985046387,4.215929985046387,249,88
373,260,base_enriched,max,-1.4758380651474,0.351082444190979,-4.20367956161499,4.20367956161499,784,88
374,11202,base_enriched,max,-0.29448240995407104,0.07016416639089584,-4.197048664093018,4.197048664093018,206,88
375,13457,base_enriched,active_fraction,-0.00655592093244195,0.0015665998216718435,-4.184808731079102,4.184808731079102,871,88
376,2981,base_enriched,max,-1.247383713722229,0.2992914617061615,-4.167788982391357,4.167788982391357,872,88
377,491,base_enriched,active_fraction,-0.010004984214901924,0.002402404323220253,-4.164571285247803,4.164571285247803,773,88
378,4445,base_enriched,max,-1.6632176637649536,0.3998684287071228,-4.159412384033203,4.159412384033203,298,88
379,14941,base_enriched,max,-1.0372614860534668,0.24945637583732605,-4.158087730407715,4.158087730407715,534,88
380,4397,base_enriched,max,-0.6545716524124146,0.15798653662204742,-4.143211841583252,4.143211841583252,792,88
381,16306,base_enriched,active_fraction,-0.0022117525804787874,0.0005353500018827617,-4.13141393661499,4.13141393661499,711,88
382,4794,base_enriched,max,-0.6690452694892883,0.1620800644159317,-4.127869129180908,4.127869129180908,313,88
383,1728,base_enriched,max,-3.892575740814209,0.9430665969848633,-4.127572536468506,4.127572536468506,775,88
384,11013,base_enriched,max,-1.3891465663909912,0.3370838165283203,-4.121071815490723,4.121071815490723,767,88
385,7177,base_enriched,max,-1.3318064212799072,0.3231835663318634,-4.1208977699279785,4.1208977699279785,823,88
386,1962,base_enriched,active_fraction,-0.006319631356745958,0.0015336747746914625,-4.120581150054932,4.120581150054932,777,88
387,5879,base_enriched,max,-1.1379224061965942,0.2776835262775421,-4.0979108810424805,4.0979108810424805,868,88
388,410,base_enriched,active_fraction,-0.01279861107468605,0.003125642891973257,-4.09471321105957,4.09471321105957,869,88
389,3384,base_enriched,max,-1.1857330799102783,0.2907424867153168,-4.078293323516846,4.078293323516846,708,88
390,7870,base_enriched,max,-3.780132532119751,0.9279555082321167,-4.073614120483398,4.073614120483398,494,88
391,128,base_enriched,max,-1.2413835525512695,0.3054838180541992,-4.063663959503174,4.063663959503174,673,88
392,569,base_enriched,max,-1.0624001026153564,0.2616683542728424,-4.060101509094238,4.060101509094238,869,88
393,7788,base_enriched,max,-0.8300054669380188,0.20499993860721588,-4.048808574676514,4.048808574676514,834,88
394,15565,base_enriched,max,-0.5186637043952942,0.12813140451908112,-4.0479044914245605,4.0479044914245605,577,88
395,4200,base_enriched,max,-0.5554369688034058,0.13800238072872162,-4.02483606338501,4.02483606338501,715,88
396,15312,base_enriched,max,-1.2428960800170898,0.30890560150146484,-4.0235466957092285,4.0235466957092285,239,88
397,15971,base_enriched,max,-1.9066451787948608,0.47421619296073914,-4.020624160766602,4.020624160766602,815,88
398,3646,base_enriched,max,-0.6700308918952942,0.16726788878440857,-4.005735397338867,4.005735397338867,747,88
399,5613,base_enriched,max,-1.0581032037734985,0.26420560479164124,-4.004847526550293,4.004847526550293,860,88
400,1113,base_enriched,mean,-0.01977516897022724,0.004943253472447395,-4.000435829162598,4.000435829162598,504,88
401,15235,base_enriched,mean,-0.023155150935053825,0.0057914466597139835,-3.9981634616851807,3.9981634616851807,697,88
402,5438,base_enriched,max,-0.6145621538162231,0.1538715809583664,-3.9939939975738525,3.9939939975738525,829,88
403,6298,base_enriched,max,-0.4007812440395355,0.101105697453022,-3.9639828205108643,3.9639828205108643,868,88
404,8464,base_enriched,active_fraction,-0.004882573150098324,0.0012330133467912674,-3.9598705768585205,3.9598705768585205,854,88
405,14749,base_enriched,max,-0.4761400818824768,0.1204977035522461,-3.9514453411102295,3.9514453411102295,129,88
406,3558,base_enriched,max,-1.7157294750213623,0.4351573586463928,-3.942779302597046,3.942779302597046,768,88
407,2374,base_enriched,active_fraction,-0.006110222544521093,0.0015499892178922892,-3.9421064853668213,3.9421064853668213,820,88
408,2176,base_enriched,active_fraction,-0.007555362768471241,0.0019174980698153377,-3.9402191638946533,3.9402191638946533,737,88
409,14253,base_enriched,max,-0.5639376044273376,0.14435340464115143,-3.9066457748413086,3.9066457748413086,547,88
410,25,base_enriched,max,-0.6392237544059753,0.16449302434921265,-3.88602352142334,3.88602352142334,626,88
411,5304,base_enriched,max,-0.3906545341014862,0.10057760775089264,-3.884110450744629,3.884110450744629,557,88
412,3927,base_enriched,max,-0.30022484064102173,0.07731115072965622,-3.883331775665283,3.883331775665283,339,88
413,1423,base_enriched,active_fraction,-0.002691960893571377,0.000693762325681746,-3.880234956741333,3.880234956741333,759,88
414,4330,base_enriched,max,-0.6669058799743652,0.17259961366653442,-3.863889694213867,3.863889694213867,318,88
415,12883,base_enriched,active_fraction,-0.015976378694176674,0.004136689007282257,-3.8621175289154053,3.8621175289154053,865,88
416,5006,base_enriched,max,-3.630509614944458,0.9412940144538879,-3.8569347858428955,3.8569347858428955,639,88
417,7818,base_enriched,active_fraction,-0.018294401466846466,0.004749549552798271,-3.851818323135376,3.851818323135376,872,88
418,2331,base_enriched,max,-0.9047874212265015,0.23540110886096954,-3.8435988426208496,3.8435988426208496,591,88
419,11290,base_enriched,max,-0.7240279912948608,0.18844884634017944,-3.8420398235321045,3.8420398235321045,847,88
420,6830,base_enriched,active_fraction,-0.011071688495576382,0.0028886774089187384,-3.8327882289886475,3.8327882289886475,864,88
421,11895,base_enriched,max,-0.9670194387435913,0.2526784837245941,-3.8270747661590576,3.8270747661590576,457,88
422,5175,base_enriched,max,-3.046815872192383,0.7962357997894287,-3.826524496078491,3.826524496078491,709,88
423,12929,base_enriched,max,-0.3088821768760681,0.08078038692474365,-3.8237273693084717,3.8237273693084717,611,88
424,8978,base_enriched,active_fraction,-0.009623629972338676,0.002518451539799571,-3.821248769760132,3.821248769760132,865,88
425,13869,base_enriched,active_fraction,-0.024726619943976402,0.006488420534878969,-3.8108842372894287,3.8108842372894287,872,88
426,16225,base_enriched,max,-1.2572391033172607,0.33050736784935,-3.803966999053955,3.803966999053955,760,88
427,9000,base_enriched,active_fraction,-0.012679175473749638,0.003334508277475834,-3.802412271499634,3.802412271499634,755,88
428,5065,base_enriched,active_fraction,-0.005993430502712727,0.001580720068886876,-3.7915825843811035,3.7915825843811035,871,88
429,15845,base_enriched,max,-1.3122546672821045,0.3466933071613312,-3.7850592136383057,3.7850592136383057,711,88
430,13990,base_enriched,max,-1.4549190998077393,0.384784072637558,-3.7811312675476074,3.7811312675476074,704,88
431,386,base_enriched,max,-2.8702704906463623,0.7613397836685181,-3.7700257301330566,3.7700257301330566,825,88
432,770,base_enriched,max,-0.656388521194458,0.17426665127277374,-3.766575574874878,3.766575574874878,769,88
433,612,base_enriched,active_fraction,-0.002492975676432252,0.000662675709463656,-3.761984348297119,3.761984348297119,649,88
434,9368,base_enriched,max,-0.2866983115673065,0.07633838802576065,-3.755624294281006,3.755624294281006,294,88
435,15739,base_enriched,max,-0.5962300300598145,0.15887723863124847,-3.7527718544006348,3.7527718544006348,333,88
436,8787,base_enriched,max,-1.0128928422927856,0.2706908881664276,-3.741880178451538,3.741880178451538,822,88
437,94,base_enriched,max,-0.9035383462905884,0.24178603291511536,-3.736933469772339,3.736933469772339,870,88
438,4632,base_enriched,max,-0.2912200093269348,0.07800811529159546,-3.733201503753662,3.733201503753662,422,88
439,5930,base_enriched,max,-0.6179983019828796,0.16560955345630646,-3.731658458709717,3.731658458709717,736,88
440,13427,base_enriched,mean,-0.06681085377931595,0.01792319491505623,-3.7276196479797363,3.7276196479797363,847,88
441,15370,base_enriched,max,-0.3975949287414551,0.10673468559980392,-3.7250771522521973,3.7250771522521973,597,88
442,13454,base_enriched,max,-0.7442768812179565,0.20010963082313538,-3.7193455696105957,3.7193455696105957,268,88
443,14239,base_enriched,max,-1.3552234172821045,0.36451905965805054,-3.7178397178649902,3.7178397178649902,663,88
444,11719,base_enriched,max,-0.8885923624038696,0.23990371823310852,-3.7039542198181152,3.7039542198181152,869,88
445,14935,base_enriched,max,-1.5799872875213623,0.42883047461509705,-3.6844100952148438,3.6844100952148438,839,88
446,10008,base_enriched,max,-1.2441474199295044,0.33851903676986694,-3.6752657890319824,3.6752657890319824,739,88
447,12236,base_enriched,max,-1.5682049989700317,0.42982128262519836,-3.6485047340393066,3.6485047340393066,332,88
448,12995,base_enriched,max,-2.1912450790405273,0.600973904132843,-3.6461567878723145,3.6461567878723145,802,88
449,15778,base_enriched,max,-2.445488452911377,0.6717501878738403,-3.6404731273651123,3.6404731273651123,816,88
450,2555,base_enriched,max,-1.9971702098846436,0.5495057702064514,-3.6344845294952393,3.6344845294952393,692,88
451,2157,base_enriched,max,-1.1611328125,0.319477915763855,-3.634469747543335,3.634469747543335,809,88
452,5494,base_enriched,max,-0.41165289282798767,0.11335302144289017,-3.6316006183624268,3.6316006183624268,830,88
453,12746,base_enriched,active_fraction,-0.0041358680464327335,0.0011397211346775293,-3.6288421154022217,3.6288421154022217,856,88
454,13210,base_enriched,max,-0.6615779399871826,0.1824759542942047,-3.6255621910095215,3.6255621910095215,442,88
455,5610,base_enriched,max,-0.24982059001922607,0.06900397688150406,-3.620379686355591,3.620379686355591,288,88
456,10957,base_enriched,max,-0.5089911818504333,0.14076818525791168,-3.6158111095428467,3.6158111095428467,611,88
457,5569,base_enriched,max,-0.2825581431388855,0.07821600139141083,-3.6125361919403076,3.6125361919403076,393,88
458,4088,base_enriched,max,-1.605371117591858,0.44629886746406555,-3.597076416015625,3.597076416015625,493,88
459,12765,base_enriched,max,-0.5959892868995667,0.16598288714885712,-3.5906670093536377,3.5906670093536377,503,88
460,9781,base_enriched,max,-0.650740385055542,0.1813095062971115,-3.589113473892212,3.589113473892212,341,88
461,15402,base_enriched,max,-0.3488008677959442,0.09722133725881577,-3.5876986980438232,3.5876986980438232,871,88
462,12774,base_enriched,max,-0.5733512043952942,0.15983229875564575,-3.587204933166504,3.587204933166504,323,88
463,12428,base_enriched,max,-0.49029341340065,0.1367446333169937,-3.5854673385620117,3.5854673385620117,644,88
464,538,base_enriched,max,-0.9178506731987,0.25667673349380493,-3.5759012699127197,3.5759012699127197,637,88
465,13343,base_enriched,mean,-0.02304532751441002,0.006454284302890301,-3.570547342300415,3.570547342300415,721,88
466,3310,base_enriched,max,-1.4687249660491943,0.4122954308986664,-3.562312126159668,3.562312126159668,841,88
467,15787,base_enriched,mean,-0.02113776095211506,0.005938548129051924,-3.559415578842163,3.559415578842163,594,88
468,9722,base_enriched,max,-0.862967848777771,0.24270077049732208,-3.5556864738464355,3.5556864738464355,849,88
469,8861,base_enriched,active_fraction,-0.005065669771283865,0.0014248909428715706,-3.5551280975341797,3.5551280975341797,870,88
470,14401,base_enriched,max,-0.6551655530929565,0.18461398780345917,-3.548840284347534,3.548840284347534,534,88
471,13013,base_enriched,max,-1.2961074113845825,0.3654879033565521,-3.546238899230957,3.546238899230957,516,88
472,1635,base_enriched,max,-0.9265431761741638,0.2613446116447449,-3.545292854309082,3.545292854309082,780,88
473,16279,base_enriched,active_fraction,-0.004695173818618059,0.0013245349982753396,-3.544771432876587,3.544771432876587,774,88
474,10244,base_enriched,max,-0.4153116047382355,0.11719881743192673,-3.5436501502990723,3.5436501502990723,149,88
475,15657,base_enriched,active_fraction,-0.02456674724817276,0.0069396463222801685,-3.540057420730591,3.540057420730591,853,88
476,5050,base_enriched,max,-0.5357149243354797,0.15135706961154938,-3.5394113063812256,3.5394113063812256,794,88
477,7608,base_enriched,max,-0.9205839037895203,0.26115331053733826,-3.5250706672668457,3.5250706672668457,769,88
478,10501,base_enriched,active_fraction,-0.003284791484475136,0.0009318935917690396,-3.5248568058013916,3.5248568058013916,758,88
479,7929,base_enriched,max,-0.37983739376068115,0.10780152678489685,-3.5234880447387695,3.5234880447387695,248,88
480,5716,base_enriched,max,-0.4388444721698761,0.12458289414644241,-3.522509813308716,3.522509813308716,314,88
481,14804,base_enriched,max,-1.2987418174743652,0.36920613050460815,-3.51766037940979,3.51766037940979,790,88
482,12914,base_enriched,max,-1.8873728513717651,0.5368104577064514,-3.515901803970337,3.515901803970337,856,88
483,7259,base_enriched,max,-0.23212209343910217,0.06609921157360077,-3.5117225646972656,3.5117225646972656,354,88
484,14104,base_enriched,active_fraction,-0.0037086575757712126,0.0010561912786215544,-3.511350393295288,3.511350393295288,793,88
485,12036,base_enriched,max,-1.2754292488098145,0.3633187711238861,-3.5104963779449463,3.5104963779449463,858,88
486,1723,base_enriched,max,-1.328056812286377,0.3783564865589142,-3.5100674629211426,3.5100674629211426,691,88
487,6142,base_enriched,active_fraction,-0.002935161115601659,0.0008368944399990141,-3.5072059631347656,3.5072059631347656,649,88
488,8791,base_enriched,max,-1.3216660022735596,0.3771428167819977,-3.504417896270752,3.504417896270752,553,88
489,9455,base_enriched,max,-0.21300871670246124,0.0608210414648056,-3.502220869064331,3.502220869064331,103,88
490,4753,base_enriched,max,-1.2491960525512695,0.35784634947776794,-3.490872621536255,3.490872621536255,597,88
491,6708,base_enriched,max,-3.309220552444458,0.9481549263000488,-3.490168571472168,3.490168571472168,567,88
492,7134,base_enriched,max,-0.9539085030555725,0.2735481262207031,-3.487168788909912,3.487168788909912,586,88
493,1708,base_enriched,max,-0.3184070587158203,0.0913415402173996,-3.4858953952789307,3.4858953952789307,473,88
494,3125,base_enriched,max,-0.5709892511367798,0.16383805871009827,-3.4850831031799316,3.4850831031799316,219,88
495,12741,base_enriched,max,-0.34169241786003113,0.09827309101819992,-3.476968288421631,3.476968288421631,460,88
496,182,base_enriched,max,-0.4484091103076935,0.12915265560150146,-3.471930980682373,3.471930980682373,659,88
497,7227,base_enriched,max,-0.9053552150726318,0.26133087277412415,-3.464401960372925,3.464401960372925,729,88
498,1555,base_enriched,mean,-0.06417497992515564,0.018526935949921608,-3.463874340057373,3.463874340057373,844,88
499,13000,base_enriched,max,-1.4086573123931885,0.4068668484687805,-3.462207078933716,3.462207078933716,689,88
500,14894,base_enriched,max,-1.1418354511260986,0.3299124836921692,-3.4610252380371094,3.4610252380371094,852,88
501,8606,base_enriched,max,-0.7444404363632202,0.2151852697134018,-3.4595324993133545,3.4595324993133545,834,88
502,12273,base_enriched,max,-0.32542240619659424,0.09412392973899841,-3.4573822021484375,3.4573822021484375,640,88
503,10639,base_enriched,max,-1.3479470014572144,0.39008134603500366,-3.4555535316467285,3.4555535316467285,849,88
504,13720,base_enriched,active_fraction,-0.006847754120826721,0.001981682376936078,-3.4555256366729736,3.4555256366729736,872,88
505,14581,base_enriched,active_fraction,-0.003220314159989357,0.0009338872041553259,-3.4482903480529785,3.4482903480529785,783,88
506,3218,base_enriched,max,-0.5073174238204956,0.14712882041931152,-3.448117256164551,3.448117256164551,399,88
507,4094,base_enriched,max,-1.3691225051879883,0.3971150517463684,-3.447672128677368,3.447672128677368,530,88
508,7441,base_enriched,max,-2.244976282119751,0.651939868927002,-3.443532705307007,3.443532705307007,729,88
509,16144,base_enriched,active_fraction,-0.00877977441996336,0.0025543624069541693,-3.437168598175049,3.437168598175049,595,88
510,11319,base_enriched,max,-1.0288903713226318,0.3004128932952881,-3.4249207973480225,3.4249207973480225,808,88
511,11784,base_enriched,max,-1.8521621227264404,0.5410884618759155,-3.423030138015747,3.423030138015747,689,88
512,4082,base_enriched,max,-0.3402252793312073,0.09981610625982285,-3.4085209369659424,3.4085209369659424,415,88
513,8207,base_enriched,active_fraction,-0.003622214775532484,0.0010636249789968133,-3.4055376052856445,3.4055376052856445,691,88
514,8598,base_enriched,max,-0.9251748919487,0.2719500958919525,-3.4020023345947266,3.4020023345947266,359,88
515,14307,base_enriched,max,-1.1856650114059448,0.3485877513885498,-3.401338815689087,3.401338815689087,461,88
516,791,base_enriched,active_fraction,-0.006785689853131771,0.001997391227632761,-3.3972764015197754,3.3972764015197754,867,88
517,8229,base_enriched,max,-0.36953580379486084,0.10888689011335373,-3.393758535385132,3.393758535385132,507,88
518,168,base_enriched,max,-0.49101904034614563,0.14476284384727478,-3.391885757446289,3.391885757446289,728,88
519,7400,base_enriched,max,-1.551335334777832,0.45812398195266724,-3.3862783908843994,3.3862783908843994,847,88
520,11063,base_enriched,max,-0.2886037528514862,0.08535103499889374,-3.381373882293701,3.381373882293701,196,88
521,11271,base_enriched,active_fraction,-0.004329725634306669,0.0012819162802770734,-3.3775415420532227,3.3775415420532227,588,88
522,16099,base_enriched,max,-0.487166166305542,0.14442548155784607,-3.37313175201416,3.37313175201416,728,88
523,10926,base_enriched,max,-0.5886105298995972,0.174565389752388,-3.3718626499176025,3.3718626499176025,402,88
524,5272,base_enriched,max,-0.8007221817970276,0.23775412142276764,-3.3678581714630127,3.3678581714630127,826,88
525,14291,base_enriched,max,-1.026435375213623,0.30488282442092896,-3.3666553497314453,3.3666553497314453,872,88
526,5518,base_enriched,max,-0.46411359310150146,0.13787084817886353,-3.3662924766540527,3.3662924766540527,585,88
527,7481,base_enriched,max,-0.3957076668739319,0.11774635314941406,-3.3606786727905273,3.3606786727905273,872,88
528,8570,base_enriched,max,-0.3972996771335602,0.11836566030979156,-3.3565452098846436,3.3565452098846436,543,88
529,12950,base_enriched,max,-0.8359397649765015,0.2493569254875183,-3.3523824214935303,3.3523824214935303,321,88
530,8190,base_enriched,max,-1.915661334991455,0.5719941854476929,-3.3490922451019287,3.3490922451019287,720,88
531,2418,base_enriched,max,-0.8704351186752319,0.26041561365127563,-3.342484474182129,3.342484474182129,564,88
532,11614,base_enriched,max,-0.47564610838890076,0.14258114993572235,-3.335967779159546,3.335967779159546,756,88
533,14429,base_enriched,max,-0.629117488861084,0.18876276910305023,-3.3328473567962646,3.3328473567962646,747,88
534,4975,base_enriched,max,-1.3808525800704956,0.41495391726493835,-3.3277251720428467,3.3277251720428467,777,88
535,8750,base_enriched,max,-0.88427734375,0.26576146483421326,-3.3273346424102783,3.3273346424102783,749,88
536,10032,base_enriched,max,-2.8674509525299072,0.8627502918243408,-3.3236162662506104,3.3236162662506104,632,88
537,12537,base_enriched,active_fraction,-0.0069930232129991055,0.0021046558395028114,-3.3226444721221924,3.3226444721221924,864,88
538,3567,base_enriched,max,-2.002074718475342,0.6029515862464905,-3.3204567432403564,3.3204567432403564,628,88
539,13529,base_enriched,max,-0.8835301399230957,0.2666745185852051,-3.313140392303467,3.313140392303467,580,88
540,14838,base_enriched,max,-0.6298373937606812,0.1902545541524887,-3.3104984760284424,3.3104984760284424,745,88
541,6923,base_enriched,max,-0.738317608833313,0.22306454181671143,-3.3098833560943604,3.3098833560943604,872,88
542,14481,base_enriched,max,-1.039484977722168,0.3141477406024933,-3.3089048862457275,3.3089048862457275,828,88
543,16102,base_enriched,max,-0.8254224061965942,0.24957603216171265,-3.307298421859741,3.307298421859741,554,88
544,13984,base_enriched,max,-1.104841947555542,0.33413147926330566,-3.3066084384918213,3.3066084384918213,781,88
545,7754,base_enriched,active_fraction,-0.001963735092431307,0.0005942033603787422,-3.3048198223114014,3.3048198223114014,648,88
546,1717,base_enriched,max,-0.4142078459262848,0.12557201087474823,-3.2985682487487793,3.2985682487487793,611,88
547,11866,base_enriched,active_fraction,-0.006925378926098347,0.002099629258736968,-3.298381805419922,3.298381805419922,624,88
548,2204,base_enriched,max,-1.1754246950149536,0.3568270206451416,-3.294102191925049,3.294102191925049,825,88
549,10007,base_enriched,max,-1.5216933488845825,0.4620746672153473,-3.2931764125823975,3.2931764125823975,825,88
550,11656,base_enriched,max,-1.758125901222229,0.5338773727416992,-3.2931268215179443,3.2931268215179443,781,88
551,16248,base_enriched,max,-1.668806791305542,0.507770836353302,-3.2865352630615234,3.2865352630615234,776,88
552,11803,base_enriched,max,-0.34659793972969055,0.10555943101644516,-3.2834389209747314,3.2834389209747314,443,88
553,12541,base_enriched,max,-2.054313898086548,0.6266769766807556,-3.278106451034546,3.278106451034546,611,88
554,2861,base_enriched,max,-0.6573832631111145,0.20081476867198944,-3.273580312728882,3.273580312728882,812,88
555,13154,base_enriched,max,-0.3960142731666565,0.12119054794311523,-3.2676992416381836,3.2676992416381836,829,88
556,7415,base_enriched,max,-1.1097065210342407,0.33996397256851196,-3.264188528060913,3.264188528060913,741,88
557,9054,base_enriched,max,-0.8584302067756653,0.2630665898323059,-3.263166904449463,3.263166904449463,869,88
558,14214,base_enriched,max,-0.7476289868354797,0.22912773489952087,-3.2629354000091553,3.2629354000091553,816,88
559,11821,base_enriched,max,-0.7241505980491638,0.22198861837387085,-3.2621068954467773,3.2621068954467773,780,88
560,8384,base_enriched,max,-0.3392055630683899,0.1040368527173996,-3.260436534881592,3.260436534881592,440,88
561,3306,base_enriched,active_fraction,-0.007257115561515093,0.0022265310399234295,-3.2593822479248047,3.2593822479248047,724,88
562,2785,base_enriched,max,-1.1002544164657593,0.33761316537857056,-3.258920431137085,3.258920431137085,747,88
563,12800,base_enriched,active_fraction,-0.0047794608399271965,0.0014670876553282142,-3.2577881813049316,3.2577881813049316,867,88
564,16357,base_enriched,max,-1.8053574562072754,0.5550633668899536,-3.2525248527526855,3.2525248527526855,591,88
565,9840,base_enriched,max,-0.27777978777885437,0.08541721105575562,-3.25203537940979,3.25203537940979,685,88
566,4694,base_enriched,max,-0.8514398336410522,0.2618461847305298,-3.2516794204711914,3.2516794204711914,826,88
567,8289,base_enriched,active_fraction,-0.004918830469250679,0.0015139993047341704,-3.24889874458313,3.24889874458313,838,88
568,13916,base_enriched,max,-0.8353356719017029,0.2571801245212555,-3.2480568885803223,3.2480568885803223,872,88
569,10226,base_enriched,max,-0.18707303702831268,0.05765261873602867,-3.2448315620422363,3.2448315620422363,90,88
570,6419,base_enriched,max,-1.4110487699508667,0.4353611469268799,-3.2410993576049805,3.2410993576049805,829,88
571,5560,base_enriched,max,-1.5134265422821045,0.4676415026187897,-3.2362964153289795,3.2362964153289795,718,88
572,7856,base_enriched,active_fraction,-0.0022815794218331575,0.0007050353451631963,-3.2361207008361816,3.2361207008361816,676,88
573,6239,base_enriched,active_fraction,-0.006611402612179518,0.0020431815646588802,-3.235836982727051,3.235836982727051,569,88
574,556,base_enriched,max,-0.39857375621795654,0.12330443412065506,-3.232436418533325,3.232436418533325,138,88
575,14983,base_enriched,active_fraction,-0.0018605520017445087,0.0005761583452112973,-3.2292373180389404,3.2292373180389404,535,88
576,8315,base_enriched,max,-0.3707371950149536,0.114973284304142,-3.224550724029541,3.224550724029541,788,88
577,2445,base_enriched,max,-0.9965934157371521,0.3092557191848755,-3.2225544452667236,3.2225544452667236,867,88
578,815,base_enriched,max,-1.9878429174423218,0.6177361607551575,-3.2179481983184814,3.2179481983184814,740,88
579,15288,base_enriched,max,-0.9460824131965637,0.2942357063293457,-3.2153894901275635,3.2153894901275635,764,88
580,1690,base_enriched,active_fraction,-0.006296938750892878,0.001959245651960373,-3.213960886001587,3.213960886001587,641,88
581,1838,base_enriched,max,-0.7767623662948608,0.2419975996017456,-3.2097935676574707,3.2097935676574707,565,88
582,9469,base_enriched,active_fraction,-0.005019396543502808,0.0015638769837096334,-3.209585189819336,3.209585189819336,846,88
583,5827,base_enriched,mean,-0.06708255410194397,0.020934157073497772,-3.2044544219970703,3.2044544219970703,855,88
584,14314,base_enriched,max,-0.8630405068397522,0.2693311870098114,-3.2043838500976562,3.2043838500976562,871,88
585,4534,base_enriched,mean,-0.030970117077231407,0.009666189551353455,-3.203963279724121,3.203963279724121,627,88
586,7317,base_enriched,max,-0.3699207305908203,0.11569727957248688,-3.1973156929016113,3.1973156929016113,664,88
587,9369,base_enriched,max,-0.41460075974464417,0.12971602380275726,-3.196218490600586,3.196218490600586,783,88
588,4743,base_enriched,max,-0.5098286271095276,0.16005581617355347,-3.1853177547454834,3.1853177547454834,691,88
589,11270,base_enriched,max,-1.5667060613632202,0.4921339452266693,-3.183495283126831,3.183495283126831,764,88
590,9531,base_enriched,max,-0.2249540090560913,0.0706779733300209,-3.182802200317383,3.182802200317383,537,88
591,12754,base_enriched,max,-1.0469136238098145,0.3300015330314636,-3.1724507808685303,3.1724507808685303,867,88
592,11336,base_enriched,max,-1.1225836277008057,0.3540003001689911,-3.171137571334839,3.171137571334839,475,88
593,1233,base_enriched,max,-1.161693811416626,0.36638548970222473,-3.170687198638916,3.170687198638916,833,88
594,4553,base_enriched,active_fraction,-0.0027218309696763754,0.0008587401825934649,-3.169562816619873,3.169562816619873,534,88
595,12278,base_enriched,max,-2.875985622406006,0.9075169563293457,-3.1690709590911865,3.1690709590911865,863,88
596,15048,base_enriched,max,-1.8112373352050781,0.5729063153266907,-3.161489486694336,3.161489486694336,869,88
597,11466,base_enriched,active_fraction,-0.005353226792067289,0.0016938630724325776,-3.1603658199310303,3.1603658199310303,846,88
598,6467,base_enriched,max,-1.3749455213546753,0.43519511818885803,-3.159377098083496,3.159377098083496,841,88
599,2408,base_enriched,max,-0.4861123859882355,0.15412217378616333,-3.154071807861328,3.154071807861328,813,88
600,4315,base_enriched,max,-0.7517350912094116,0.23839189112186432,-3.1533584594726562,3.1533584594726562,723,88
601,7804,base_enriched,active_fraction,-0.005776551552116871,0.0018363393610343337,-3.145688533782959,3.145688533782959,766,88
602,12909,base_enriched,max,-0.8193631768226624,0.2605142593383789,-3.1451759338378906,3.1451759338378906,677,88
603,8859,base_enriched,max,-0.5529705882072449,0.17615963518619537,-3.139031171798706,3.139031171798706,848,88
604,11552,base_enriched,mean,-0.035691943019628525,0.011373468674719334,-3.1381757259368896,3.1381757259368896,771,88
605,8770,base_enriched,max,-0.6427393555641174,0.2049809843301773,-3.1356048583984375,3.1356048583984375,660,88
606,4627,base_enriched,max,-2.5539538860321045,0.8162711262702942,-3.1288058757781982,3.1288058757781982,654,88
607,4700,base_enriched,max,-0.7000386118888855,0.22386877238750458,-3.127004384994507,3.127004384994507,620,88
608,2015,base_enriched,max,-0.14739961922168732,0.047138918191194534,-3.126919746398926,3.126919746398926,838,88
609,9714,base_enriched,active_fraction,-0.008508221246302128,0.0027233760338276625,-3.1241447925567627,3.1241447925567627,468,88
610,4551,base_enriched,max,-0.8674373030662537,0.27766531705856323,-3.1240391731262207,3.1240391731262207,771,88
611,1122,base_enriched,max,-0.8732330799102783,0.2795369327068329,-3.1238558292388916,3.1238558292388916,402,88
612,14948,base_enriched,max,-0.4066769480705261,0.13018663227558136,-3.1237995624542236,3.1237995624542236,853,88
613,14662,base_enriched,mean,-0.07751148194074631,0.024855468422174454,-3.118488073348999,3.118488073348999,588,88
614,14007,base_enriched,active_fraction,-0.004071124829351902,0.0013083048397675157,-3.111755609512329,3.111755609512329,417,88
615,10663,base_enriched,max,-1.6567109823226929,0.5326147675514221,-3.1105239391326904,3.1105239391326904,812,88
616,8457,base_enriched,max,-0.5780386924743652,0.18585693836212158,-3.1101269721984863,3.1101269721984863,872,88
617,5442,base_enriched,max,-0.38301917910575867,0.12321437895298004,-3.1085591316223145,3.1085591316223145,754,88
618,8939,base_enriched,max,-1.3059979677200317,0.42030689120292664,-3.107248544692993,3.107248544692993,639,88
619,2779,base_enriched,max,-0.9977834224700928,0.32151541113853455,-3.103376626968384,3.103376626968384,820,88
620,11584,base_enriched,max,-0.2521893084049225,0.08136983215808868,-3.099297285079956,3.099297285079956,374,88
621,4156,base_enriched,max,-0.6514262557029724,0.21033848822116852,-3.0970377922058105,3.0970377922058105,832,88
622,8766,base_enriched,max,-0.3710625171661377,0.12018877267837524,-3.0873310565948486,3.0873310565948486,215,88
623,3219,base_enriched,max,-0.7267895936965942,0.23575645685195923,-3.0827982425689697,3.0827982425689697,866,88
624,15503,base_enriched,max,-1.4868913888931274,0.48300549387931824,-3.0784151554107666,3.0784151554107666,776,88
625,16216,base_enriched,active_fraction,-0.0033337881322950125,0.0010847883531823754,-3.0732152462005615,3.0732152462005615,818,88
626,8202,base_enriched,active_fraction,-0.004508315585553646,0.0014675627462565899,-3.071974754333496,3.071974754333496,871,88
627,15630,base_enriched,max,-0.9301326274871826,0.3030189275741577,-3.0695528984069824,3.0695528984069824,867,88
628,7638,base_enriched,max,-0.2558559775352478,0.08343140035867691,-3.0666627883911133,3.0666627883911133,417,88
629,14140,base_enriched,active_fraction,-0.009731008671224117,0.0031750970520079136,-3.064790964126587,3.064790964126587,871,88
630,6706,base_enriched,mean,-0.015711961314082146,0.005130893085151911,-3.062227487564087,3.062227487564087,565,88
631,8327,base_enriched,active_fraction,-0.003706466406583786,0.0012108926894143224,-3.0609371662139893,3.0609371662139893,852,88
632,404,base_enriched,max,-0.3757608234882355,0.12280026078224182,-3.0599350929260254,3.0599350929260254,545,88
633,11911,base_enriched,max,-1.0636775493621826,0.34766241908073425,-3.0595126152038574,3.0595126152038574,767,88
634,7065,base_enriched,max,-1.0674123764038086,0.3491508364677429,-3.057166814804077,3.057166814804077,791,88
635,9585,base_enriched,max,-1.0155251026153564,0.33220040798187256,-3.0569653511047363,3.0569653511047363,756,88
636,8870,base_enriched,active_fraction,-0.009608077816665173,0.0031490428373217583,-3.0511105060577393,3.0511105060577393,821,88
637,5176,base_enriched,max,-0.7920444011688232,0.2597563862800598,-3.0491816997528076,3.0491816997528076,710,88
638,12592,base_enriched,mean,-0.0126626743003726,0.004154236987233162,-3.0481348037719727,3.0481348037719727,862,88
639,9132,base_enriched,active_fraction,-0.008007696829736233,0.002630101516842842,-3.0446341037750244,3.0446341037750244,758,88
640,14219,base_enriched,active_fraction,-0.01405938621610403,0.004619166254997253,-3.0437064170837402,3.0437064170837402,730,88
641,2031,base_enriched,mean,-0.029701268300414085,0.009769084863364697,-3.040332794189453,3.040332794189453,872,88
642,16368,base_enriched,max,-0.6450660824775696,0.2122884839773178,-3.0386297702789307,3.0386297702789307,769,88
643,9539,base_enriched,max,-1.016670823097229,0.3352254033088684,-3.0327975749969482,3.0327975749969482,778,88
644,7165,base_enriched,max,-0.7743039131164551,0.25532978773117065,-3.0325639247894287,3.0325639247894287,799,88
645,7558,base_enriched,active_fraction,-0.006920747924596071,0.0022832269314676523,-3.031125783920288,3.031125783920288,746,88
646,15514,base_enriched,max,-0.6485010981559753,0.2144017368555069,-3.024700880050659,3.024700880050659,872,88
647,952,base_enriched,max,-0.5272256731987,0.17434494197368622,-3.0240375995635986,3.0240375995635986,857,88
648,2300,base_enriched,max,-0.9353424906730652,0.3099149465560913,-3.018061876296997,3.018061876296997,854,88
649,6133,base_enriched,max,-1.7961006164550781,0.595119833946228,-3.0180487632751465,3.0180487632751465,847,88
650,12788,base_enriched,max,-0.1857694387435913,0.061578504741191864,-3.0167903900146484,3.0167903900146484,190,88
651,7540,base_enriched,max,-0.6160837411880493,0.20434688031673431,-3.0148918628692627,3.0148918628692627,871,88
652,1648,base_enriched,active_fraction,-0.005137545522302389,0.0017052647890523076,-3.0127553939819336,3.0127553939819336,869,88
653,3198,base_enriched,mean,-0.008983478881418705,0.0029825158417224884,-3.012047290802002,3.012047290802002,454,88
654,2494,base_enriched,max,-0.39880314469337463,0.13242411613464355,-3.0115597248077393,3.0115597248077393,703,88
655,4744,base_enriched,max,-0.16523891687393188,0.05488456040620804,-3.0106630325317383,3.0106630325317383,288,88
656,2715,base_enriched,max,-1.990893006324768,0.6615867018699646,-3.009269952774048,3.009269952774048,834,88
657,5520,base_enriched,max,-0.5332871675491333,0.1773388832807541,-3.007164239883423,3.007164239883423,866,88
658,13321,base_enriched,max,-0.2942337393760681,0.09797471761703491,-3.003159761428833,3.003159761428833,735,88
659,7613,base_enriched,max,-0.22615370154380798,0.07533301413059235,-3.0020530223846436,3.0020530223846436,252,88
660,9275,base_enriched,max,-0.24476517736911774,0.08156788349151611,-3.0007543563842773,3.0007543563842773,304,88
661,7374,base_enriched,mean,-0.024628713726997375,0.008210920728743076,-2.999506950378418,2.999506950378418,869,88
662,11948,base_enriched,max,-1.3375385999679565,0.44601187109947205,-2.9988856315612793,2.9988856315612793,759,88
663,6840,base_enriched,max,-0.22121185064315796,0.07377663254737854,-2.9983999729156494,2.9983999729156494,246,88
664,4603,base_enriched,max,-0.2578772306442261,0.08607485145330429,-2.995964765548706,2.995964765548706,519,88
665,6055,base_enriched,max,-0.8602380156517029,0.28764355182647705,-2.9906389713287354,2.9906389713287354,858,88
666,144,base_enriched,max,-0.3100699484348297,0.10394319891929626,-2.9830710887908936,2.9830710887908936,137,88
667,3234,base_enriched,active_fraction,-0.004437912255525589,0.0014917284715920687,-2.975013494491577,2.975013494491577,785,88
668,12147,base_enriched,max,-0.493886262178421,0.16611658036708832,-2.973130464553833,2.973130464553833,854,88
669,3357,base_enriched,active_fraction,-0.00561172142624855,0.0018908892525359988,-2.967768430709839,2.967768430709839,871,88
670,2211,base_enriched,max,-1.5992823839187622,0.5412395596504211,-2.9548511505126953,2.9548511505126953,700,88
671,15166,base_enriched,active_fraction,-0.00422330480068922,0.0014317060122266412,-2.949840784072876,2.949840784072876,775,88
672,16217,base_enriched,mean,-0.01751028560101986,0.005937732290476561,-2.9489853382110596,2.9489853382110596,749,88
673,12712,base_enriched,max,-0.8089815378189087,0.27444761991500854,-2.947671890258789,2.947671890258789,543,88
674,1613,base_enriched,max,-2.714984655380249,0.9211939573287964,-2.9472453594207764,2.9472453594207764,715,88
675,12087,base_enriched,max,-0.8656885623931885,0.2951405644416809,-2.9331398010253906,2.9331398010253906,453,88
676,5090,base_enriched,max,-1.290413737297058,0.440403014421463,-2.930074691772461,2.930074691772461,662,88
677,10603,base_enriched,active_fraction,-0.002284285146743059,0.0007801406900398433,-2.9280426502227783,2.9280426502227783,616,88
678,10580,base_enriched,max,-0.2564305365085602,0.08772441744804382,-2.9231374263763428,2.9231374263763428,455,88
679,14661,base_enriched,max,-0.2610737681388855,0.08951874077320099,-2.916414737701416,2.916414737701416,361,88
680,15231,base_enriched,max,-0.3375590443611145,0.11589120328426361,-2.9127235412597656,2.9127235412597656,302,88
681,5915,base_enriched,max,-0.8471747636795044,0.2908792793750763,-2.912461757659912,2.912461757659912,855,88
682,4639,base_enriched,max,-1.5411837100982666,0.5292806625366211,-2.9118459224700928,2.9118459224700928,797,88
683,7697,base_enriched,active_fraction,-0.0027886677999049425,0.0009579324978403747,-2.9111318588256836,2.9111318588256836,473,88
684,4112,base_enriched,active_fraction,-0.002798479748889804,0.000961410696618259,-2.9108057022094727,2.9108057022094727,540,88
685,10858,base_enriched,max,-0.4347338378429413,0.14949439465999603,-2.9080276489257812,2.9080276489257812,870,88
686,14560,base_enriched,max,-0.8639489412307739,0.29855212569236755,-2.893795967102051,2.893795967102051,541,88
687,5206,base_enriched,active_fraction,-0.0029999399557709694,0.001038009999319911,-2.890087604522705,2.890087604522705,556,88
688,9540,base_enriched,max,-1.0972793102264404,0.37987402081489563,-2.8885347843170166,2.8885347843170166,788,88
689,1486,base_enriched,max,-1.2320425510406494,0.42667195200920105,-2.887563943862915,2.887563943862915,858,88
690,9392,base_enriched,max,-0.31221839785575867,0.10816115140914917,-2.886603832244873,2.886603832244873,692,88
691,14348,base_enriched,max,-0.4446709156036377,0.15415462851524353,-2.8845770359039307,2.8845770359039307,789,88
692,5388,base_enriched,max,-1.096920371055603,0.38028496503829956,-2.884469509124756,2.884469509124756,719,88
693,1357,base_enriched,active_fraction,-0.005813359282910824,0.0020204081665724516,-2.8773193359375,2.8773193359375,635,88
694,10295,base_enriched,max,-0.8133266568183899,0.2839726209640503,-2.864102363586426,2.864102363586426,869,88
695,12745,base_enriched,max,-1.3172465562820435,0.46011418104171753,-2.8628687858581543,2.8628687858581543,656,88
696,15430,base_enriched,active_fraction,-0.0048820762895047665,0.0017059016972780228,-2.8618743419647217,2.8618743419647217,587,88
697,16341,base_enriched,max,-0.2161518931388855,0.07555565983057022,-2.8608298301696777,2.8608298301696777,132,88
698,665,base_enriched,max,-3.15791916847229,1.1039295196533203,-2.860616683959961,2.860616683959961,761,88
699,10334,base_enriched,max,-0.7714980244636536,0.2698631286621094,-2.858849287033081,2.858849287033081,862,88
700,347,base_enriched,max,-2.285248279571533,0.8013247847557068,-2.8518378734588623,2.8518378734588623,810,88
701,8378,base_enriched,mean,-0.03060052916407585,0.010742348618805408,-2.848588466644287,2.848588466644287,762,88
702,8079,base_enriched,active_fraction,-0.004981923848390579,0.0017505126306787133,-2.845979928970337,2.845979928970337,708,88
703,15300,base_enriched,active_fraction,-0.0016961386427283287,0.000596702448092401,-2.842519998550415,2.842519998550415,413,88
704,15313,base_enriched,max,-0.2565656900405884,0.09029066562652588,-2.841552734375,2.841552734375,782,88
705,13743,base_enriched,max,-0.48042333126068115,0.169101744890213,-2.841031074523926,2.841031074523926,560,88
706,516,base_enriched,max,-0.4122592806816101,0.1453762948513031,-2.835808038711548,2.835808038711548,724,88
707,15900,base_enriched,mean,-0.01394717674702406,0.004936102777719498,-2.8255441188812256,2.8255441188812256,701,88
708,6684,base_enriched,max,-1.0101789236068726,0.3578166663646698,-2.8231747150421143,2.8231747150421143,872,88
709,3453,base_enriched,max,-0.255859375,0.09075663238763809,-2.819180965423584,2.819180965423584,610,88
710,1127,base_enriched,active_fraction,-0.0038016741164028645,0.0013487893156707287,-2.818582534790039,2.818582534790039,829,88
711,5331,base_enriched,max,-0.8573514819145203,0.3042876124382019,-2.8175694942474365,2.8175694942474365,642,88
712,11872,base_enriched,max,-1.3989689350128174,0.49719420075416565,-2.813727378845215,2.813727378845215,721,88
713,5270,base_enriched,max,-0.4686228334903717,0.16670767962932587,-2.8110451698303223,2.8110451698303223,291,88
714,11865,base_enriched,active_fraction,-0.004449259024113417,0.0015828809700906277,-2.810861349105835,2.810861349105835,590,88
715,15241,base_enriched,max,-0.3372501730918884,0.12016415596008301,-2.8065788745880127,2.8065788745880127,706,88
716,4755,base_enriched,mean,-0.0013004880165681243,0.00046352462959475815,-2.805650234222412,2.805650234222412,151,88
717,6891,base_enriched,max,-0.5307208299636841,0.18929606676101685,-2.803654909133911,2.803654909133911,809,88
718,6652,base_enriched,mean,-0.04173090681433678,0.014907286502420902,-2.799363136291504,2.799363136291504,871,88
719,12509,base_enriched,max,-0.1674623042345047,0.05988587066531181,-2.7963573932647705,2.7963573932647705,234,88
720,4612,base_enriched,active_fraction,-0.005456534214317799,0.0019515277817845345,-2.796031951904297,2.796031951904297,594,88
721,10348,base_enriched,active_fraction,-0.0018722800305113196,0.0006699334480799735,-2.7947254180908203,2.7947254180908203,654,88
722,14772,base_enriched,max,-0.4712050259113312,0.16875576972961426,-2.7922306060791016,2.7922306060791016,513,88
723,4936,base_enriched,max,-0.9315282106399536,0.3336544930934906,-2.7918946743011475,2.7918946743011475,780,88
724,5516,base_enriched,active_fraction,-0.00884124357253313,0.003169330535456538,-2.7896249294281006,2.7896249294281006,866,88
725,13807,base_enriched,max,-0.6797090768814087,0.24374088644981384,-2.788654327392578,2.788654327392578,657,88
726,8936,base_enriched,active_fraction,-0.0022902023047208786,0.000822558649815619,-2.7842419147491455,2.7842419147491455,714,88
727,1889,base_enriched,active_fraction,-0.004533430561423302,0.0016289566410705447,-2.783027172088623,2.783027172088623,437,88
728,9504,base_enriched,max,-0.792537271976471,0.2850648760795593,-2.7801997661590576,2.7801997661590576,817,88
729,4334,base_enriched,max,-0.40092432498931885,0.14425189793109894,-2.779334783554077,2.779334783554077,127,88
730,5952,base_enriched,active_fraction,-0.015873780474066734,0.005712815560400486,-2.7786264419555664,2.7786264419555664,821,88
731,13185,base_enriched,max,-0.7394190430641174,0.2663337290287018,-2.77628755569458,2.77628755569458,871,88
732,13874,base_enriched,max,-0.7466796636581421,0.2690810561180115,-2.7749247550964355,2.7749247550964355,821,88
733,14419,base_enriched,max,-0.3209574818611145,0.1157497838139534,-2.7728559970855713,2.7728559970855713,340,88
734,7414,base_enriched,max,-0.4321896433830261,0.15588904917240143,-2.772418260574341,2.772418260574341,731,88
735,8300,base_enriched,max,-0.9727016687393188,0.35099339485168457,-2.7712819576263428,2.7712819576263428,516,88
736,9097,base_enriched,max,-0.4578647315502167,0.16533419489860535,-2.7693285942077637,2.7693285942077637,572,88
737,12149,base_enriched,max,-1.3365552425384521,0.48366233706474304,-2.7634055614471436,2.7634055614471436,844,88
738,15741,base_enriched,max,-0.17877906560897827,0.06473474949598312,-2.7617170810699463,2.7617170810699463,148,88
739,2381,base_enriched,max,-0.4634265899658203,0.16809886693954468,-2.756869316101074,2.756869316101074,866,88
740,10784,base_enriched,max,-1.5783566236495972,0.5725357532501221,-2.7567825317382812,2.7567825317382812,811,88
741,9339,base_enriched,max,-0.9222747087478638,0.33510205149650574,-2.752220392227173,2.752220392227173,708,88
742,11914,base_enriched,max,-0.4302700161933899,0.15678250789642334,-2.744375228881836,2.744375228881836,849,88
743,14535,base_enriched,max,-0.7387195825576782,0.26927217841148376,-2.743393659591675,2.743393659591675,554,88
744,14367,base_enriched,max,-2.3536927700042725,0.8587377667427063,-2.740874767303467,2.740874767303467,618,88
745,10513,base_enriched,active_fraction,-0.0064532700926065445,0.002355879405513406,-2.7392191886901855,2.7392191886901855,804,88
746,4067,base_enriched,max,-0.26459619402885437,0.09659738838672638,-2.7391650676727295,2.7391650676727295,766,88
747,12350,base_enriched,max,-0.43608513474464417,0.15939949452877045,-2.73580002784729,2.73580002784729,851,88
748,1927,base_enriched,max,-0.47453102469444275,0.17348910868167877,-2.7352209091186523,2.7352209091186523,831,88
749,659,base_enriched,max,-0.917513370513916,0.3362102210521698,-2.728987216949463,2.728987216949463,749,88
750,10101,base_enriched,max,-1.089489459991455,0.3995504677295685,-2.72678804397583,2.72678804397583,656,88
751,5545,base_enriched,max,-0.9336982369422913,0.3428024351596832,-2.7237210273742676,2.7237210273742676,823,88
752,6479,base_enriched,max,-0.566210925579071,0.20839419960975647,-2.7170186042785645,2.7170186042785645,767,88
753,10384,base_enriched,max,-0.39657747745513916,0.14616936445236206,-2.713136672973633,2.713136672973633,817,88
754,13440,base_enriched,max,-0.23762717843055725,0.08759453892707825,-2.712808132171631,2.712808132171631,727,88
755,7327,base_enriched,max,-0.1827954649925232,0.06749376654624939,-2.7083311080932617,2.7083311080932617,248,88
756,11995,base_enriched,max,-1.2583484649658203,0.46632230281829834,-2.6984522342681885,2.6984522342681885,653,88
757,13559,base_enriched,max,-1.1773130893707275,0.43698567152023315,-2.6941685676574707,2.6941685676574707,719,88
758,984,base_enriched,max,-1.2422919273376465,0.4615558683872223,-2.69153094291687,2.69153094291687,767,88
759,8296,base_enriched,max,-0.869921863079071,0.3232983648777008,-2.6907711029052734,2.6907711029052734,868,88
760,7239,base_enriched,max,-0.5958757400512695,0.2217499166727066,-2.687152147293091,2.687152147293091,871,88
761,8026,base_enriched,max,-0.4890897572040558,0.1825157254934311,-2.679713010787964,2.679713010787964,844,88
762,15764,base_enriched,max,-0.31987646222114563,0.11962569504976273,-2.673977851867676,2.673977851867676,181,88
763,6520,base_enriched,max,-0.6695812344551086,0.2506923973560333,-2.6709275245666504,2.6709275245666504,868,88
764,12384,base_enriched,max,-0.6705441474914551,0.25114649534225464,-2.6699323654174805,2.6699323654174805,842,88
765,2072,base_enriched,max,-0.5356559157371521,0.2007221281528473,-2.6686439514160156,2.6686439514160156,288,88
766,13056,base_enriched,max,-0.6324718594551086,0.23714885115623474,-2.666982650756836,2.666982650756836,533,88
767,8126,base_enriched,max,-0.5958393812179565,0.22363632917404175,-2.664322853088379,2.664322853088379,573,88
768,12780,base_enriched,max,-1.1831804513931274,0.4441538155078888,-2.66389799118042,2.66389799118042,791,88
769,1529,base_enriched,max,-0.18158839643001556,0.068204864859581,-2.6623964309692383,2.6623964309692383,225,88
770,888,base_enriched,max,-0.689193069934845,0.2589109241962433,-2.6618926525115967,2.6618926525115967,724,88
771,11446,base_enriched,max,-0.5899709463119507,0.22208550572395325,-2.656503677368164,2.656503677368164,753,88
772,14562,base_enriched,max,-0.5216127038002014,0.1964724361896515,-2.6548900604248047,2.6548900604248047,768,88
773,2642,base_enriched,max,-0.6291878819465637,0.23705026507377625,-2.654238224029541,2.654238224029541,848,88
774,8934,base_enriched,max,-0.29383403062820435,0.11072774231433868,-2.6536622047424316,2.6536622047424316,443,88
775,2572,base_enriched,mean,-0.033177416771650314,0.0125059699639678,-2.652926206588745,2.652926206588745,661,88
776,9482,base_enriched,active_fraction,-0.0020630769431591034,0.000778479385189712,-2.650136947631836,2.650136947631836,579,88
777,13297,base_enriched,max,-0.3426666855812073,0.12931528687477112,-2.6498544216156006,2.6498544216156006,870,88
778,2564,base_enriched,max,-1.3050190210342407,0.4925421178340912,-2.6495583057403564,2.6495583057403564,664,88
779,5875,base_enriched,max,-0.43819382786750793,0.16540206968784332,-2.6492645740509033,2.6492645740509033,822,88
780,6383,base_enriched,max,-0.6180141568183899,0.23338329792022705,-2.6480650901794434,2.6480650901794434,870,88
781,5807,base_enriched,max,-0.8449832201004028,0.3194495737552643,-2.6451222896575928,2.6451222896575928,848,88
782,3416,base_enriched,max,-0.1678779125213623,0.0634760782122612,-2.644742965698242,2.644742965698242,238,88
783,418,base_enriched,max,-0.8040493130683899,0.30434998869895935,-2.641857624053955,2.641857624053955,856,88
784,3298,base_enriched,mean,-0.04028622806072235,0.015253397636115551,-2.6411314010620117,2.6411314010620117,776,88
785,14166,base_enriched,active_fraction,-0.008877829648554325,0.0033648626413196325,-2.638392925262451,2.638392925262451,728,88
786,7624,base_enriched,max,-0.2705078125,0.10276150703430176,-2.6323845386505127,2.6323845386505127,631,88
787,13203,base_enriched,active_fraction,-0.005515342578291893,0.002098084893077612,-2.628750801086426,2.628750801086426,872,88
788,2002,base_enriched,active_fraction,-0.0031061305198818445,0.0011817561462521553,-2.6284022331237793,2.6284022331237793,447,88
789,7982,base_enriched,max,-1.0467796325683594,0.39869582653045654,-2.625509262084961,2.625509262084961,741,88
790,1722,base_enriched,mean,-0.026568301022052765,0.010123390704393387,-2.6244468688964844,2.6244468688964844,683,88
791,3723,base_enriched,mean,-0.030543314293026924,0.011644355021417141,-2.6230146884918213,2.6230146884918213,534,88
792,16329,base_enriched,max,-0.2387036681175232,0.09101757407188416,-2.6226108074188232,2.6226108074188232,329,88
793,5500,base_enriched,max,-2.828901767730713,1.079003930091858,-2.6217715740203857,2.6217715740203857,687,88
794,13445,base_enriched,max,-0.32549622654914856,0.1242712140083313,-2.6192407608032227,2.6192407608032227,516,88
795,10388,base_enriched,max,-1.293811321258545,0.4942851662635803,-2.6175403594970703,2.6175403594970703,865,88
796,558,base_enriched,max,-1.1698219776153564,0.4475717544555664,-2.613708257675171,2.613708257675171,604,88
797,9951,base_enriched,max,-0.7437034249305725,0.2848002314567566,-2.611315965652466,2.611315965652466,854,88
798,5120,base_enriched,active_fraction,-0.00392502173781395,0.001506169093772769,-2.6059634685516357,2.6059634685516357,871,88
799,14286,base_enriched,max,-0.32639896869659424,0.12529076635837555,-2.6051318645477295,2.6051318645477295,815,88
800,2240,base_enriched,max,-1.3145166635513306,0.5060405731201172,-2.5976507663726807,2.5976507663726807,832,88
801,15709,base_enriched,max,-0.6453579068183899,0.24908649921417236,-2.5908987522125244,2.5908987522125244,871,88
802,3161,base_enriched,max,-0.19119958579540253,0.07384969294071198,-2.5890369415283203,2.5890369415283203,109,88
803,4666,base_enriched,max,-0.6442814469337463,0.248910591006279,-2.588405132293701,2.588405132293701,871,88
804,5137,base_enriched,max,-0.5534611344337463,0.2138584405183792,-2.5879788398742676,2.5879788398742676,828,88
805,6072,base_enriched,max,-0.7154296636581421,0.2768124043941498,-2.584528923034668,2.584528923034668,643,88
806,12050,base_enriched,active_fraction,-0.004521374590694904,0.0017496803775429726,-2.5841145515441895,2.5841145515441895,638,88
807,8586,base_enriched,max,-0.4624750316143036,0.1789826899766922,-2.583909273147583,2.583909273147583,805,88
808,3097,base_enriched,active_fraction,-0.016128327697515488,0.006248692516237497,-2.5810723304748535,2.5810723304748535,872,88
809,1751,base_enriched,active_fraction,-0.0022213603369891644,0.0008606812334619462,-2.5809326171875,2.5809326171875,663,88
810,1413,base_enriched,max,-1.1555187702178955,0.44937315583229065,-2.571401357650757,2.571401357650757,872,88
811,6770,base_enriched,max,-0.4869867265224457,0.18952909111976624,-2.5694563388824463,2.5694563388824463,591,88
812,3660,base_enriched,max,-0.2837527394294739,0.1104823499917984,-2.5683083534240723,2.5683083534240723,447,88
813,7850,base_enriched,max,-0.8422510623931885,0.32824739813804626,-2.5659031867980957,2.5659031867980957,788,88
814,11617,base_enriched,max,-0.682340145111084,0.2659655511379242,-2.565520763397217,2.565520763397217,801,88
815,13332,base_enriched,active_fraction,-0.004954413510859013,0.0019314331002533436,-2.5651488304138184,2.5651488304138184,698,88
816,3021,base_enriched,mean,-0.014865963719785213,0.005797368939965963,-2.564260482788086,2.564260482788086,645,88
817,6345,base_enriched,active_fraction,-0.0025179486256092787,0.0009819453116506338,-2.5642452239990234,2.5642452239990234,750,88
818,1270,base_enriched,active_fraction,-0.002789377700537443,0.0010887865209951997,-2.5619142055511475,2.5619142055511475,844,88
819,15209,base_enriched,max,-0.7695607542991638,0.30058929324150085,-2.560173511505127,2.560173511505127,846,88
820,9961,base_enriched,max,-0.5979037880897522,0.2343684285879135,-2.5511276721954346,2.5511276721954346,519,88
821,3557,base_enriched,max,-0.4409588575363159,0.1731366068124771,-2.546884059906006,2.546884059906006,719,88
822,11563,base_enriched,mean,-0.026632176712155342,0.010459309443831444,-2.5462653636932373,2.5462653636932373,738,88
823,1125,base_enriched,max,-0.4919990003108978,0.19349555671215057,-2.5426888465881348,2.5426888465881348,751,88
824,883,base_enriched,max,-2.8576762676239014,1.1242873668670654,-2.541766881942749,2.541766881942749,699,88
825,8434,base_enriched,max,-0.49567359685897827,0.1950734704732895,-2.5409584045410156,2.5409584045410156,825,88
826,5882,base_enriched,max,-0.8926417231559753,0.35132381319999695,-2.540794849395752,2.540794849395752,859,88
827,5880,base_enriched,max,-0.5172465443611145,0.20372366905212402,-2.538961410522461,2.538961410522461,661,88
828,10397,base_enriched,max,-0.3902434706687927,0.15375061333179474,-2.538158893585205,2.538158893585205,90,88
829,5356,base_enriched,max,-0.3270825743675232,0.12887077033519745,-2.5380663871765137,2.5380663871765137,846,88
830,7582,base_enriched,active_fraction,-0.0009926818311214447,0.00039124596514739096,-2.5372321605682373,2.5372321605682373,269,88
831,5606,base_enriched,active_fraction,-0.0026883413083851337,0.0010613271733745933,-2.5329995155334473,2.5329995155334473,837,88
832,12380,base_enriched,max,-0.755566418170929,0.29911425709724426,-2.526012659072876,2.526012659072876,706,88
833,9012,base_enriched,max,-0.579085648059845,0.22956328094005585,-2.5225534439086914,2.5225534439086914,678,88
834,10189,base_enriched,active_fraction,-0.0025440393947064877,0.001008759019896388,-2.521949529647827,2.521949529647827,807,88
835,3494,base_enriched,max,-0.3626215159893036,0.14387205243110657,-2.520444393157959,2.520444393157959,282,88
836,14406,base_enriched,max,-0.5173532962799072,0.20583593845367432,-2.513425588607788,2.513425588607788,629,88
837,10763,base_enriched,max,-0.20835982263088226,0.08291786909103394,-2.512845754623413,2.512845754623413,743,88
838,938,base_enriched,active_fraction,-0.0009094327106140554,0.0003623739758040756,-2.5096523761749268,2.5096523761749268,387,88
839,12420,base_enriched,max,-0.49614599347114563,0.1980724036693573,-2.5048718452453613,2.5048718452453613,863,88
840,9432,base_enriched,max,-1.324914813041687,0.5294123291969299,-2.5026142597198486,2.5026142597198486,665,88
841,16249,base_enriched,max,-0.8951523900032043,0.3584662973880768,-2.4971730709075928,2.4971730709075928,859,88
842,7683,base_enriched,max,-0.2519349455833435,0.10089588910341263,-2.496979236602783,2.496979236602783,543,88
843,13137,base_enriched,active_fraction,-0.005020868964493275,0.0020112108904868364,-2.496440887451172,2.496440887451172,743,88
844,1144,base_enriched,max,-0.3356308937072754,0.1344723254442215,-2.49591064453125,2.49591064453125,472,88
845,5045,base_enriched,max,-1.093965768814087,0.43860965967178345,-2.4941670894622803,2.4941670894622803,725,88
846,14267,base_enriched,max,-1.2216047048568726,0.4898889660835266,-2.493635892868042,2.493635892868042,519,88
847,8818,base_enriched,max,-0.9943041205406189,0.39874267578125,-2.493598461151123,2.493598461151123,868,88
848,3996,base_enriched,max,-0.15583667159080505,0.062499213963747025,-2.4934182167053223,2.4934182167053223,122,88
849,14070,base_enriched,mean,-0.001674838364124298,0.0006733626942150295,-2.4872753620147705,2.4872753620147705,128,88
850,2067,base_enriched,max,-1.4756132364273071,0.5939241051673889,-2.4845147132873535,2.4845147132873535,821,88
851,13847,base_enriched,max,-0.11760083585977554,0.04738132655620575,-2.4820079803466797,2.4820079803466797,162,88
852,10422,base_enriched,max,-0.2517169415950775,0.10153047740459442,-2.4792253971099854,2.4792253971099854,393,88
853,4867,base_enriched,active_fraction,-0.011711298488080502,0.004725710488855839,-2.4782090187072754,2.4782090187072754,781,88
854,5462,base_enriched,mean,-0.028699548915028572,0.011586138978600502,-2.4770588874816895,2.4770588874816895,635,88
855,4127,base_enriched,max,-0.4273482859134674,0.1725674271583557,-2.4764134883880615,2.4764134883880615,781,88
856,13828,base_enriched,max,-0.41099199652671814,0.1660206913948059,-2.4755468368530273,2.4755468368530273,859,88
857,9372,base_enriched,max,-0.6816156506538391,0.2758214473724365,-2.4712207317352295,2.4712207317352295,761,88
858,6044,base_enriched,mean,-0.018380576744675636,0.007440837565809488,-2.4702296257019043,2.4702296257019043,862,88
859,14740,base_enriched,max,-0.4932730793952942,0.199863463640213,-2.468050241470337,2.468050241470337,515,88
860,14787,base_enriched,max,-0.4742732644081116,0.19229437410831451,-2.4663918018341064,2.4663918018341064,869,88
861,12970,base_enriched,max,-0.8472610712051392,0.3440423011779785,-2.462665319442749,2.462665319442749,526,88
862,14383,base_enriched,mean,-0.04406699165701866,0.017913686111569405,-2.4599623680114746,2.4599623680114746,871,88
863,6376,base_enriched,max,-0.1282680779695511,0.05218175798654556,-2.458101987838745,2.458101987838745,307,88
864,9350,base_enriched,max,-0.49632084369659424,0.2019701600074768,-2.457396984100342,2.457396984100342,685,88
865,9293,base_enriched,max,-0.8202716112136841,0.33411705493927,-2.455042600631714,2.455042600631714,866,88
866,4791,base_enriched,max,-1.6452784538269043,0.6702030897140503,-2.454895257949829,2.454895257949829,594,88
867,14206,base_enriched,max,-1.2479878664016724,0.5088422298431396,-2.4526028633117676,2.4526028633117676,760,88
868,4385,base_enriched,max,-0.4591819643974304,0.1872858852148056,-2.451770305633545,2.451770305633545,605,88
869,6904,base_enriched,active_fraction,-0.005587440449744463,0.0022799307480454445,-2.4507062435150146,2.4507062435150146,584,88
870,6416,base_enriched,max,-0.524573028087616,0.21438315510749817,-2.446894884109497,2.446894884109497,843,88
871,11047,base_enriched,max,-0.6335142850875854,0.25900715589523315,-2.4459335803985596,2.4459335803985596,867,88
872,13754,base_enriched,max,-1.1777423620224,0.48182621598243713,-2.4443302154541016,2.4443302154541016,696,88
873,8404,base_enriched,max,-0.24301190674304962,0.09942212700843811,-2.4442436695098877,2.4442436695098877,853,88
874,10718,base_enriched,max,-0.29052507877349854,0.11886631697416306,-2.4441328048706055,2.4441328048706055,615,88
875,13231,base_enriched,max,-0.27441632747650146,0.11243652552366257,-2.4406332969665527,2.4406332969665527,562,88
876,8816,base_enriched,max,-0.2422090768814087,0.09926127642393112,-2.4401164054870605,2.4401164054870605,740,88
877,6422,base_enriched,mean,-0.03487749025225639,0.014303173869848251,-2.438444137573242,2.438444137573242,639,88
878,5149,base_enriched,max,-0.716251790523529,0.2937425971031189,-2.4383654594421387,2.4383654594421387,560,88
879,11062,base_enriched,max,-0.6273914575576782,0.25752636790275574,-2.4362223148345947,2.4362223148345947,865,88
880,914,base_enriched,active_fraction,-0.004969698842614889,0.0020411182194948196,-2.4347922801971436,2.4347922801971436,749,88
881,8722,base_enriched,max,-1.0705486536026,0.43970805406570435,-2.434680461883545,2.434680461883545,839,88
882,2135,base_enriched,max,-1.212756633758545,0.499440997838974,-2.4282281398773193,2.4282281398773193,705,88
883,2924,base_enriched,max,-0.4050077199935913,0.1669045090675354,-2.4265835285186768,2.4265835285186768,664,88
884,14000,base_enriched,max,-0.35867437720298767,0.14804105460643768,-2.4228034019470215,2.4228034019470215,520,88
885,8467,base_enriched,max,-0.40215298533439636,0.16612271964550018,-2.42081880569458,2.42081880569458,600,88
886,14128,base_enriched,max,-0.37239280343055725,0.1541455239057541,-2.4158523082733154,2.4158523082733154,596,88
887,10123,base_enriched,max,-0.31652888655662537,0.13110172748565674,-2.4143762588500977,2.4143762588500977,865,88
888,10714,base_enriched,max,-0.8676326274871826,0.35949650406837463,-2.413466215133667,2.413466215133667,731,88
889,2968,base_enriched,max,-0.9529365301132202,0.3955840468406677,-2.408935785293579,2.408935785293579,805,88
890,1658,base_enriched,max,-0.2816406190395355,0.11707701534032822,-2.4056012630462646,2.4056012630462646,864,88
891,6008,base_enriched,max,-0.21584302186965942,0.08981424570083618,-2.4032158851623535,2.4032158851623535,682,88
892,2784,base_enriched,mean,-0.029454415664076805,0.012267435900866985,-2.401024580001831,2.401024580001831,711,88
893,8110,base_enriched,max,-0.4175281524658203,0.17400380969047546,-2.3995344638824463,2.3995344638824463,735,88
894,9309,base_enriched,max,-2.520217180252075,1.0505141019821167,-2.3990321159362793,2.3990321159362793,700,88
895,4670,base_enriched,active_fraction,-0.002821527421474457,0.0011766527313739061,-2.3979270458221436,2.3979270458221436,702,88
896,7217,base_enriched,mean,-0.03165494278073311,0.01320998091250658,-2.396289825439453,2.396289825439453,863,88
897,9312,base_enriched,active_fraction,-0.011262725107371807,0.004705724772065878,-2.393409252166748,2.393409252166748,756,88
898,12133,base_enriched,max,-0.5499750375747681,0.2301928550004959,-2.389192581176758,2.389192581176758,829,88
899,8228,base_enriched,max,-0.3739689290523529,0.15657486021518707,-2.3884353637695312,2.3884353637695312,764,88
900,4506,base_enriched,max,-0.15611940622329712,0.06539445370435715,-2.3873493671417236,2.3873493671417236,115,88
901,15256,base_enriched,active_fraction,-0.0010961310472339392,0.0004592896730173379,-2.3865787982940674,2.3865787982940674,384,88
902,3320,base_enriched,max,-0.24271097779273987,0.10183694958686829,-2.383329153060913,2.383329153060913,519,88
903,1969,base_enriched,mean,-0.02110377512872219,0.008858727291226387,-2.382258176803589,2.382258176803589,635,88
904,10257,base_enriched,max,-0.4620775878429413,0.1941460222005844,-2.380051851272583,2.380051851272583,791,88
905,8659,base_enriched,mean,-0.08082609623670578,0.03397483378648758,-2.3789989948272705,2.3789989948272705,695,88
906,6610,base_enriched,max,-0.35677462816238403,0.15053685009479523,-2.3700151443481445,2.3700151443481445,844,88
907,7946,base_enriched,active_fraction,-0.013388860039412975,0.005651822779327631,-2.368945598602295,2.368945598602295,818,88
908,13510,base_enriched,active_fraction,-0.005752155557274818,0.0024283321108669043,-2.3687679767608643,2.3687679767608643,783,88
909,2578,base_enriched,max,-0.5735238194465637,0.24290090799331665,-2.361143112182617,2.361143112182617,772,88
910,4852,base_enriched,mean,-0.02521500736474991,0.010727841407060623,-2.3504269123077393,2.3504269123077393,584,88
911,16242,base_enriched,max,-0.21396711468696594,0.0912725180387497,-2.344266653060913,2.344266653060913,478,88
912,15307,base_enriched,max,-2.2531840801239014,0.9620638489723206,-2.342031717300415,2.342031717300415,777,88
913,14980,base_enriched,max,-0.6350336074829102,0.2714901566505432,-2.339066743850708,2.339066743850708,456,88
914,8712,base_enriched,max,-0.28758060932159424,0.12295147031545639,-2.3389766216278076,2.3389766216278076,657,88
915,7129,base_enriched,max,-0.2811000943183899,0.12018144875764847,-2.3389639854431152,2.3389639854431152,714,88
916,1495,base_enriched,active_fraction,-0.0014482542173936963,0.0006195927271619439,-2.3374292850494385,2.3374292850494385,678,88
917,1017,base_enriched,active_fraction,-0.001696511171758175,0.0007266238681040704,-2.3347859382629395,2.3347859382629395,520,88
918,7607,base_enriched,max,-2.787459135055542,1.1955102682113647,-2.331606149673462,2.331606149673462,784,88
919,12451,base_enriched,max,-0.2873501181602478,0.12355323135852814,-2.325719118118286,2.325719118118286,862,88
920,9182,base_enriched,max,-0.8444631099700928,0.3633948266506195,-2.323817014694214,2.323817014694214,864,88
921,3739,base_enriched,active_fraction,-0.0025860632304102182,0.0011130294296890497,-2.3234455585479736,2.3234455585479736,548,88
922,10941,base_enriched,max,-0.34837162494659424,0.14995023608207703,-2.3232481479644775,2.3232481479644775,770,88
923,1526,base_enriched,max,-1.0592069625854492,0.4562523663043976,-2.321537494659424,2.321537494659424,824,88
924,14144,base_enriched,max,-0.2874999940395355,0.12384903430938721,-2.3213744163513184,2.3213744163513184,539,88
925,1758,base_enriched,max,-0.5347747206687927,0.23060446977615356,-2.3190128803253174,2.3190128803253174,536,88
926,9272,base_enriched,max,-0.21800509095191956,0.09407232701778412,-2.31742000579834,2.31742000579834,421,88
927,1209,base_enriched,max,-0.5652298331260681,0.24443715810775757,-2.3123726844787598,2.3123726844787598,417,88
928,13341,base_enriched,max,-0.9018032550811768,0.3911590874195099,-2.305464267730713,2.305464267730713,564,88
929,2839,base_enriched,max,-1.4677506685256958,0.6390992999076843,-2.2965924739837646,2.2965924739837646,760,88
930,1681,base_enriched,max,-0.6084710955619812,0.2653684616088867,-2.292929172515869,2.292929172515869,471,88
931,11522,base_enriched,max,-0.2820585072040558,0.12311258167028427,-2.2910616397857666,2.2910616397857666,770,88
932,4933,base_enriched,max,-0.3243800103664398,0.1416812688112259,-2.2895052433013916,2.2895052433013916,739,88
933,15758,base_enriched,max,-0.28028592467308044,0.12247447669506073,-2.288525104522705,2.288525104522705,842,88
934,3731,base_enriched,max,-0.44379088282585144,0.19416451454162598,-2.2856435775756836,2.2856435775756836,646,88
935,3413,base_enriched,max,-0.24179233610630035,0.10592382401227951,-2.282700300216675,2.282700300216675,812,88
936,14456,base_enriched,max,-0.30995866656303406,0.13607469201087952,-2.2778568267822266,2.2778568267822266,327,88
937,15281,base_enriched,max,-0.597204327583313,0.26221027970314026,-2.2775778770446777,2.2775778770446777,720,88
938,10715,base_enriched,max,-0.7082258462905884,0.3116258680820465,-2.2726798057556152,2.2726798057556152,864,88
939,15240,base_enriched,mean,-0.027148818597197533,0.01194688118994236,-2.272460699081421,2.272460699081421,756,88
940,4766,base_enriched,max,-0.3059229552745819,0.13490213453769684,-2.26774001121521,2.26774001121521,842,88
941,16383,base_enriched,max,-0.4333280324935913,0.19112907350063324,-2.2672009468078613,2.2672009468078613,716,88
942,1109,base_enriched,max,-0.6815088987350464,0.3008267879486084,-2.2654528617858887,2.2654528617858887,605,88
943,7251,base_enriched,max,-0.3443404734134674,0.15204913914203644,-2.2646656036376953,2.2646656036376953,857,88
944,6278,base_enriched,max,-0.2076035588979721,0.09176670014858246,-2.2622973918914795,2.2622973918914795,606,88
945,14350,base_enriched,max,-0.5425326824188232,0.23993530869483948,-2.261162281036377,2.261162281036377,557,88
946,8071,base_enriched,max,-0.45447856187820435,0.20107275247573853,-2.2602691650390625,2.2602691650390625,824,88
947,14745,base_enriched,max,-0.5005541443824768,0.22159722447395325,-2.2588465213775635,2.2588465213775635,807,88
948,11494,base_enriched,max,-0.3509674668312073,0.15541933476924896,-2.2581968307495117,2.2581968307495117,634,88
949,4252,base_enriched,max,-0.8908657431602478,0.39480772614479065,-2.2564547061920166,2.2564547061920166,651,88
950,12615,base_enriched,max,-0.5697038769721985,0.25259894132614136,-2.255369186401367,2.255369186401367,870,88
951,710,base_enriched,active_fraction,-0.007397239096462727,0.0032802841160446405,-2.2550604343414307,2.2550604343414307,595,88
952,11411,base_enriched,max,-0.3839752972126007,0.17040033638477325,-2.2533717155456543,2.2533717155456543,723,88
953,14811,base_enriched,max,-0.552189290523529,0.24508284032344818,-2.2530720233917236,2.2530720233917236,830,88
954,9520,base_enriched,mean,-0.011676912195980549,0.005183318629860878,-2.252786874771118,2.252786874771118,455,88
955,2365,base_enriched,active_fraction,-0.0015788411255925894,0.0007010619738139212,-2.252070665359497,2.252070665359497,529,88
956,9376,base_enriched,max,-0.17677143216133118,0.07856470346450806,-2.2500107288360596,2.2500107288360596,601,88
957,12690,base_enriched,max,-0.2649993300437927,0.11787281185388565,-2.248180389404297,2.248180389404297,141,88
958,3418,base_enriched,active_fraction,-0.003263207385316491,0.0014529975596815348,-2.245845079421997,2.245845079421997,650,88
959,4001,base_enriched,max,-0.3180505037307739,0.14180031418800354,-2.2429463863372803,2.2429463863372803,865,88
960,13142,base_enriched,max,-0.4390806555747986,0.19585111737251282,-2.241910457611084,2.241910457611084,507,88
961,148,base_enriched,mean,-0.007294681388884783,0.0032549570314586163,-2.2410991191864014,2.2410991191864014,831,88
962,4619,base_enriched,max,-0.8596475124359131,0.3838438391685486,-2.2395761013031006,2.2395761013031006,704,88
963,15613,base_enriched,max,-1.8241369724273682,0.8146682977676392,-2.2391161918640137,2.2391161918640137,666,88
964,7980,base_enriched,max,-0.6671148538589478,0.29796403646469116,-2.238910675048828,2.238910675048828,578,88
965,4582,base_enriched,active_fraction,-0.004398407880216837,0.0019648834131658077,-2.2385082244873047,2.2385082244873047,354,88
966,3054,base_enriched,active_fraction,-0.0006100765313021839,0.0002725985541474074,-2.2380034923553467,2.2380034923553467,432,88
967,7020,base_enriched,max,-0.2819540202617645,0.12600283324718475,-2.237679958343506,2.237679958343506,462,88
968,7093,base_enriched,max,-0.27105513215065,0.12132163345813751,-2.2341864109039307,2.2341864109039307,831,88
969,1599,base_enriched,max,-0.2373376190662384,0.10629047453403473,-2.232915163040161,2.232915163040161,774,88
970,10584,base_enriched,mean,-0.008135613985359669,0.003648411249741912,-2.229905843734741,2.229905843734741,489,88
971,4770,base_enriched,max,-0.6203215718269348,0.27827176451683044,-2.2291934490203857,2.2291934490203857,705,88
972,12136,base_enriched,active_fraction,-0.0010259229457005858,0.00046161768841557205,-2.2224514484405518,2.2224514484405518,379,88
973,1285,base_enriched,active_fraction,-0.00945046916604042,0.00425390200689435,-2.22160005569458,2.22160005569458,745,88
974,3948,base_enriched,max,-0.3751794099807739,0.16888611018657684,-2.2214934825897217,2.2214934825897217,434,88
975,10027,base_enriched,max,-0.295304536819458,0.13293081521987915,-2.2214903831481934,2.2214903831481934,761,88
976,5420,base_enriched,max,-0.40314769744873047,0.18162360787391663,-2.2196877002716064,2.2196877002716064,825,88
977,14973,base_enriched,mean,-0.01336059533059597,0.006023379974067211,-2.218122720718384,2.218122720718384,465,88
978,3468,base_enriched,max,-1.1066769361495972,0.49901577830314636,-2.217719316482544,2.217719316482544,685,88
979,7206,base_enriched,max,-0.2215956598520279,0.10006337612867355,-2.214553117752075,2.214553117752075,774,88
980,11671,base_enriched,max,-0.9390170574188232,0.4244242012500763,-2.212449312210083,2.212449312210083,588,88
981,6994,base_enriched,max,-0.08699581772089005,0.039386384189128876,-2.2087790966033936,2.2087790966033936,196,88
982,3588,base_enriched,active_fraction,-0.003164504189044237,0.0014330825069919229,-2.2081799507141113,2.2081799507141113,764,88
983,6757,base_enriched,max,-1.7643169164657593,0.7991347312927246,-2.2077839374542236,2.2077839374542236,447,88
984,16326,base_enriched,max,-0.6886605024337769,0.31221452355384827,-2.205728530883789,2.205728530883789,726,88
985,2044,base_enriched,max,-1.109097957611084,0.5030772686004639,-2.204627513885498,2.204627513885498,829,88
986,14812,base_enriched,max,-0.18432730436325073,0.08363590389490128,-2.203925609588623,2.203925609588623,679,88
987,6509,base_enriched,max,-0.20473746955394745,0.09290838241577148,-2.2036490440368652,2.2036490440368652,442,88
988,11089,base_enriched,active_fraction,-0.0020148432813584805,0.0009151085396297276,-2.2017533779144287,2.2017533779144287,182,88
989,12291,base_enriched,active_fraction,-0.004393998999148607,0.0019977339543402195,-2.199491500854492,2.199491500854492,808,88
990,13295,base_enriched,max,-0.18524935841560364,0.08432827144861221,-2.1967644691467285,2.1967644691467285,370,88
991,11631,base_enriched,max,-0.7771348357200623,0.3538214862346649,-2.196403741836548,2.196403741836548,706,88
992,13219,base_enriched,max,-0.3528774380683899,0.16085132956504822,-2.1938111782073975,2.1938111782073975,674,88
993,2838,base_enriched,max,-0.1877225637435913,0.0855707898736,-2.1937692165374756,2.1937692165374756,551,88
994,4324,base_enriched,active_fraction,-0.002240584697574377,0.0010213651694357395,-2.1937155723571777,2.1937155723571777,362,88
995,12112,base_enriched,max,-0.3424850106239319,0.15625526010990143,-2.1918303966522217,2.1918303966522217,667,88
996,11139,base_enriched,max,-0.6504020094871521,0.2969125807285309,-2.1905505657196045,2.1905505657196045,799,88
997,698,base_enriched,max,-0.16261355578899384,0.0743485763669014,-2.187177896499634,2.187177896499634,860,88
998,5982,base_enriched,max,-2.014802932739258,0.9215652346611023,-2.186283588409424,2.186283588409424,505,88
999,12077,base_enriched,active_fraction,-0.00475744204595685,0.0021777471993118525,-2.1845703125,2.1845703125,694,88
1000,2016,base_enriched,max,-0.804878294467926,0.36844149231910706,-2.1845483779907227,2.1845483779907227,839,88
1001,5068,base_enriched,max,-0.38629859685897827,0.17708449065685272,-2.181436538696289,2.181436538696289,751,88
1002,6860,base_enriched,max,-0.25273436307907104,0.11622121185064316,-2.1745975017547607,2.1745975017547607,872,88
1003,3165,base_enriched,active_fraction,-0.0012187514221295714,0.0005617507849819958,-2.1695590019226074,2.1695590019226074,130,88
1004,10720,base_enriched,max,-0.2290799915790558,0.10565827786922455,-2.168121576309204,2.168121576309204,700,88
1005,11388,base_enriched,max,-0.43416038155555725,0.20046071708202362,-2.1658127307891846,2.1658127307891846,677,88
1006,8369,base_enriched,max,-0.5272347331047058,0.24343734979629517,-2.165792226791382,2.165792226791382,391,88
1007,5308,base_enriched,max,-0.29785609245300293,0.13758113980293274,-2.1649484634399414,2.1649484634399414,664,88
1008,10223,base_enriched,mean,-0.011744977906346321,0.005430642515420914,-2.1627235412597656,2.1627235412597656,425,88
1009,6716,base_enriched,max,-0.8111918568611145,0.37583017349243164,-2.158400058746338,2.158400058746338,710,88
1010,7849,base_enriched,max,-0.8246207237243652,0.3822649419307709,-2.1571967601776123,2.1571967601776123,678,88
1011,4938,base_enriched,active_fraction,-0.002400296274572611,0.0011143601732328534,-2.153968095779419,2.153968095779419,729,88
1012,9308,base_enriched,max,-0.34559184312820435,0.16049888730049133,-2.1532351970672607,2.1532351970672607,559,88
1013,7944,base_enriched,max,-0.27270394563674927,0.12665927410125732,-2.1530516147613525,2.1530516147613525,471,88
1014,3652,base_enriched,max,-0.13827671110630035,0.06423414498567581,-2.152698040008545,2.152698040008545,159,88
1015,9030,base_enriched,max,-0.7508039474487305,0.3488008975982666,-2.152528762817383,2.152528762817383,851,88
1016,2036,base_enriched,active_fraction,-0.004209358710795641,0.0019568263087421656,-2.1511151790618896,2.1511151790618896,825,88
1017,2665,base_enriched,mean,-0.02427142858505249,0.01128362026065588,-2.151031970977783,2.151031970977783,368,88
1018,12798,base_enriched,active_fraction,-0.004518765956163406,0.0021029377821832895,-2.148787260055542,2.148787260055542,647,88
1019,10049,base_enriched,mean,-0.01496668066829443,0.006965984590351582,-2.1485376358032227,2.1485376358032227,592,88
1020,7254,base_enriched,max,-0.48239007592201233,0.22453951835632324,-2.14835262298584,2.14835262298584,871,88
1021,6946,base_enriched,max,-0.24621638655662537,0.114693783223629,-2.146728277206421,2.146728277206421,723,88
1022,11961,base_enriched,max,-0.37455031275749207,0.17474311590194702,-2.1434338092803955,2.1434338092803955,870,88
1023,1441,base_enriched,max,-0.2711391746997833,0.1265099048614502,-2.1432249546051025,2.1432249546051025,565,88
1024,3435,base_enriched,max,-0.1372547298669815,0.06407978385686874,-2.141934871673584,2.141934871673584,384,88
1025,1061,base_enriched,max,-0.3265579640865326,0.1526375263929367,-2.139434337615967,2.139434337615967,789,88
1026,9257,base_enriched,active_fraction,-0.0027481878641992807,0.0012854088563472033,-2.1379873752593994,2.1379873752593994,807,88
1027,8973,base_enriched,max,-0.25627270340919495,0.11986735463142395,-2.1379690170288086,2.1379690170288086,820,88
1028,14750,base_enriched,max,-0.2778729200363159,0.1301347315311432,-2.1352710723876953,2.1352710723876953,464,88
1029,4391,base_enriched,max,-0.33844703435897827,0.15886367857456207,-2.1304242610931396,2.1304242610931396,523,88
1030,12358,base_enriched,max,-0.47661474347114563,0.2237393856048584,-2.130222797393799,2.130222797393799,729,88
1031,7229,base_enriched,max,-0.6726130843162537,0.3158378303050995,-2.129615306854248,2.129615306854248,477,88
1032,2106,base_enriched,max,-0.2770712077617645,0.13014711439609528,-2.1289079189300537,2.1289079189300537,126,88
1033,3796,base_enriched,active_fraction,-0.002232210012152791,0.0010492102010175586,-2.127514600753784,2.127514600753784,287,88
1034,8885,base_enriched,max,-0.18339389562606812,0.08622929453849792,-2.126816511154175,2.126816511154175,196,88
1035,14464,base_enriched,max,-0.6830214262008667,0.32128071784973145,-2.1259334087371826,2.1259334087371826,847,88
1036,3396,base_enriched,max,-0.31156885623931885,0.14658598601818085,-2.125502347946167,2.125502347946167,869,88
1037,6950,base_enriched,max,-0.7470112442970276,0.35199102759361267,-2.1222450733184814,2.1222450733184814,181,88
1038,15982,base_enriched,max,-0.7546330094337463,0.35626110434532166,-2.118201971054077,2.118201971054077,828,88
1039,8519,base_enriched,mean,-0.013105949386954308,0.006193831097334623,-2.1159682273864746,2.1159682273864746,503,88
1040,10912,base_enriched,max,-0.31807321310043335,0.15035931766033173,-2.1154208183288574,2.1154208183288574,790,88
1041,3271,base_enriched,max,-0.8391101956367493,0.3970262408256531,-2.113487958908081,2.113487958908081,451,88
1042,7371,base_enriched,max,-0.23273642361164093,0.1103723868727684,-2.108647108078003,2.108647108078003,743,88
1043,925,base_enriched,max,-0.6377362012863159,0.30255013704299927,-2.1078693866729736,2.1078693866729736,800,88
1044,15468,base_enriched,max,-0.44499000906944275,0.21133796870708466,-2.1055848598480225,2.1055848598480225,870,88
1045,2405,base_enriched,active_fraction,-0.00404399586841464,0.0019207573495805264,-2.105417251586914,2.105417251586914,588,88
1046,11407,base_enriched,max,-1.0885242223739624,0.517179012298584,-2.104733943939209,2.104733943939209,816,88
1047,10688,base_enriched,max,-0.7630223631858826,0.36263442039489746,-2.104109048843384,2.104109048843384,676,88
1048,14092,base_enriched,max,-0.29633447527885437,0.14083974063396454,-2.1040544509887695,2.1040544509887695,846,88
1049,9518,base_enriched,active_fraction,-0.0018262375378981233,0.0008687481167726219,-2.1021485328674316,2.1021485328674316,166,88
1050,9492,base_enriched,max,-1.0993720293045044,0.5231797099113464,-2.101327657699585,2.101327657699585,837,88
1051,9331,base_enriched,max,-1.500622272491455,0.7143967747688293,-2.1005446910858154,2.1005446910858154,801,88
1052,12553,base_enriched,mean,-0.029460689052939415,0.014033949933946133,-2.0992443561553955,2.0992443561553955,695,88
1053,2191,base_enriched,max,-0.18645530939102173,0.0890829861164093,-2.0930519104003906,2.0930519104003906,341,88
1054,1028,base_enriched,max,-0.20491120219230652,0.09796052426099777,-2.091773271560669,2.091773271560669,723,88
1055,13265,base_enriched,max,-0.6381790637969971,0.30529335141181946,-2.0903797149658203,2.0903797149658203,726,88
1056,2514,base_enriched,max,-0.2879042625427246,0.13774123787879944,-2.090182065963745,2.090182065963745,504,88
1057,1232,base_enriched,mean,-0.020711464807391167,0.009921830147504807,-2.0874640941619873,2.0874640941619873,870,88
1058,5799,base_enriched,max,-0.9194381237030029,0.4406210780143738,-2.086686611175537,2.086686611175537,846,88
1059,2778,base_enriched,max,-0.4856695234775543,0.2327519953250885,-2.086639642715454,2.086639642715454,846,88
1060,9810,base_enriched,max,-1.459012746810913,0.6994250416755676,-2.086017370223999,2.086017370223999,790,88
1061,13580,base_enriched,max,-1.7437090873718262,0.8383304476737976,-2.0799782276153564,2.0799782276153564,705,88
1062,11792,base_enriched,max,-0.37632858753204346,0.18198783695697784,-2.067877769470215,2.067877769470215,632,88
1063,2854,base_enriched,max,-0.40034180879592896,0.1937313973903656,-2.066478729248047,2.066478729248047,568,88
1064,7530,base_enriched,max,-0.1996559351682663,0.09662237763404846,-2.0663528442382812,2.0663528442382812,398,88
1065,14850,base_enriched,max,-0.2695562243461609,0.1305120289325714,-2.0653746128082275,2.0653746128082275,631,88
1066,15877,base_enriched,max,-0.5891544818878174,0.28533488512039185,-2.0647826194763184,2.0647826194763184,732,88
1067,6,base_enriched,max,-0.7540379762649536,0.365664541721344,-2.062103033065796,2.062103033065796,803,88
1068,7837,base_enriched,max,-0.3767316937446594,0.18283937871456146,-2.0604515075683594,2.0604515075683594,754,88
1069,6936,base_enriched,max,-1.118370771408081,0.5427893996238708,-2.0604138374328613,2.0604138374328613,808,88
1070,30,base_enriched,max,-1.113830804824829,0.5408218502998352,-2.0595152378082275,2.0595152378082275,703,88
1071,8048,base_enriched,max,-0.8678097724914551,0.421381413936615,-2.0594401359558105,2.0594401359558105,757,88
1072,13688,base_enriched,active_fraction,-0.002559795044362545,0.001246940460987389,-2.052860736846924,2.052860736846924,664,88
1073,7468,base_enriched,max,-0.21606558561325073,0.105276919901371,-2.0523548126220703,2.0523548126220703,185,88
1074,8446,base_enriched,active_fraction,-0.004144757520407438,0.0020214268006384373,-2.0504119396209717,2.0504119396209717,700,88
1075,2582,base_enriched,max,-0.4806504249572754,0.23445244133472443,-2.050097703933716,2.050097703933716,871,88
1076,12142,base_enriched,max,-0.20824401080608368,0.10170548409223557,-2.0475199222564697,2.0475199222564697,831,88
1077,13144,base_enriched,max,-0.4076308012008667,0.1991158276796341,-2.0472044944763184,2.0472044944763184,417,88
1078,14848,base_enriched,max,-0.2746366262435913,0.13422541320323944,-2.0460851192474365,2.0460851192474365,459,88
1079,12313,base_enriched,max,-0.45868006348609924,0.22452518343925476,-2.04288911819458,2.04288911819458,502,88
1080,7921,base_enriched,active_fraction,-0.002299419604241848,0.0011270110262557864,-2.040281295776367,2.040281295776367,607,88
1081,15935,base_enriched,max,-0.5507994294166565,0.2702668309211731,-2.0379838943481445,2.0379838943481445,738,88
1082,9701,base_enriched,max,-0.25979286432266235,0.12754231691360474,-2.0369150638580322,2.0369150638580322,850,88
1083,11765,base_enriched,active_fraction,-0.004653300624340773,0.0022854830604046583,-2.036025047302246,2.036025047302246,785,88
1084,13876,base_enriched,max,-0.3238939940929413,0.15917104482650757,-2.0348801612854004,2.0348801612854004,614,88
1085,14588,base_enriched,max,-0.28100472688674927,0.13817335665225983,-2.0337114334106445,2.0337114334106445,502,88
1086,3404,base_enriched,mean,-0.022936444729566574,0.011282826773822308,-2.0328633785247803,2.0328633785247803,724,88
1087,13564,base_enriched,max,-0.3427155315876007,0.1690630316734314,-2.027146577835083,2.027146577835083,847,88
1088,6334,base_enriched,max,-0.38793832063674927,0.1914709061384201,-2.026095390319824,2.026095390319824,741,88
1089,16025,base_enriched,active_fraction,-0.004302419722080231,0.0021337969228625298,-2.0163211822509766,2.0163211822509766,630,88
1090,10727,base_enriched,max,-0.9302484393119812,0.46165528893470764,-2.015028238296509,2.015028238296509,471,88
1091,1966,base_enriched,max,-0.9569267630577087,0.47549986839294434,-2.012464761734009,2.012464761734009,773,88
1092,2074,base_enriched,max,-0.17782749235630035,0.08856265246868134,-2.0079286098480225,2.0079286098480225,367,88
1093,14207,base_enriched,max,-0.7586663961410522,0.378927081823349,-2.002143621444702,2.002143621444702,866,88
1094,185,base_enriched,max,-0.4658748209476471,0.2329345941543579,-2.0000240802764893,2.0000240802764893,725,88
1095,9737,base_enriched,max,-0.4801326394081116,0.24014520645141602,-1.9993430376052856,1.9993430376052856,703,88
1096,2730,base_enriched,max,-0.2896665930747986,0.1449609249830246,-1.9982391595840454,1.9982391595840454,767,88
1097,15059,base_enriched,active_fraction,-0.000970583176240325,0.00048587980563752353,-1.997578740119934,1.997578740119934,150,88
1098,12039,base_enriched,max,-0.31912246346473694,0.1598440706729889,-1.996461033821106,1.996461033821106,871,88
1099,5854,base_enriched,active_fraction,-0.007260868325829506,0.0036419464740902185,-1.9936779737472534,1.9936779737472534,839,88
1100,3528,base_enriched,max,-0.628715455532074,0.31584712862968445,-1.9905688762664795,1.9905688762664795,739,88
1101,11533,base_enriched,max,-0.29787880182266235,0.15013913810253143,-1.984018325805664,1.984018325805664,806,88
1102,3330,base_enriched,active_fraction,-0.005105661693960428,0.002576069440692663,-1.9819581508636475,1.9819581508636475,823,88
1103,15660,base_enriched,active_fraction,-0.0011837538331747055,0.0006014308892190456,-1.9682291746139526,1.9682291746139526,667,88
1104,11480,base_enriched,max,-1.1316258907318115,0.5751789212226868,-1.9674328565597534,1.9674328565597534,791,88
1105,2936,base_enriched,active_fraction,-0.002655836520716548,0.0013528314884752035,-1.963168740272522,1.963168740272522,695,88
1106,12759,base_enriched,max,-0.09850563108921051,0.05020079389214516,-1.9622325897216797,1.9622325897216797,160,88
1107,3190,base_enriched,max,-1.052416443824768,0.5370667576789856,-1.9595634937286377,1.9595634937286377,825,88
1108,12416,base_enriched,max,-0.7084029912948608,0.36197197437286377,-1.9570658206939697,1.9570658206939697,802,88
1109,16109,base_enriched,max,-0.47684410214424133,0.24388621747493744,-1.955190896987915,1.955190896987915,869,88
1110,5870,base_enriched,max,-0.6651685237884521,0.34036263823509216,-1.9542936086654663,1.9542936086654663,851,88
1111,5596,base_enriched,max,-0.41095566749572754,0.21029384434223175,-1.9541972875595093,1.9541972875595093,871,88
1112,12126,base_enriched,mean,-0.03347404673695564,0.017154933884739876,-1.9512780904769897,1.9512780904769897,829,88
1113,14590,base_enriched,max,-0.6482353806495667,0.3330756425857544,-1.9462107419967651,1.9462107419967651,730,88
1114,5159,base_enriched,max,-0.2745639681816101,0.14108659327030182,-1.946066975593567,1.946066975593567,798,88
1115,15710,base_enriched,max,-0.5736509561538696,0.29514315724372864,-1.9436362981796265,1.9436362981796265,694,88
1116,16028,base_enriched,max,-0.3984011709690094,0.20507603883743286,-1.9426997900009155,1.9426997900009155,407,88
1117,9993,base_enriched,max,-0.11826853454113007,0.0609019435942173,-1.9419500827789307,1.9419500827789307,378,88
1118,4102,base_enriched,max,-1.5846816301345825,0.8163769245147705,-1.941115140914917,1.941115140914917,725,88
1119,10319,base_enriched,max,-0.5460211038589478,0.2817783057689667,-1.9377684593200684,1.9377684593200684,689,88
1120,9997,base_enriched,max,-0.5237645506858826,0.27059364318847656,-1.9356129169464111,1.9356129169464111,702,88
1121,9451,base_enriched,mean,-0.009172909893095493,0.004743705503642559,-1.9337013959884644,1.9337013959884644,528,88
1122,14390,base_enriched,max,-0.1693314015865326,0.08759935945272446,-1.9330209493637085,1.9330209493637085,839,88
1123,8491,base_enriched,max,-0.10138081759214401,0.052448779344558716,-1.9329490661621094,1.9329490661621094,228,88
1124,11404,base_enriched,max,-0.1346338987350464,0.06970160454511642,-1.9315752983093262,1.9315752983093262,453,88
1125,8855,base_enriched,max,-0.8293877243995667,0.42965051531791687,-1.9303776025772095,1.9303776025772095,668,88
1126,6760,base_enriched,active_fraction,-0.0012208361877128482,0.0006324576097540557,-1.9303051233291626,1.9303051233291626,406,88
1127,9936,base_enriched,max,-0.6064316630363464,0.31469807028770447,-1.9270269870758057,1.9270269870758057,797,88
1128,10859,base_enriched,active_fraction,-0.001570333493873477,0.0008153125527314842,-1.9260509014129639,1.9260509014129639,546,88
1129,487,base_enriched,max,-0.274100661277771,0.14231790602207184,-1.9259744882583618,1.9259744882583618,689,88
1130,11096,base_enriched,mean,-0.04791274666786194,0.024885019287467003,-1.9253650903701782,1.9253650903701782,534,88
1131,5288,base_enriched,active_fraction,-0.0013840874889865518,0.0007195879006758332,-1.9234446287155151,1.9234446287155151,825,88
1132,13467,base_enriched,max,-0.6018077731132507,0.3130077123641968,-1.9226611852645874,1.9226611852645874,737,88
1133,4362,base_enriched,max,-0.7375840544700623,0.3840859830379486,-1.9203617572784424,1.9203617572784424,627,88
1134,12479,base_enriched,max,-0.4808139503002167,0.2507610619068146,-1.9174187183380127,1.9174187183380127,654,88
1135,9634,base_enriched,max,-1.329769253730774,0.6939857602119446,-1.9161332845687866,1.9161332845687866,606,88
1136,14185,base_enriched,max,-0.2799827456474304,0.14612509310245514,-1.9160484075546265,1.9160484075546265,846,88
1137,11405,base_enriched,max,-1.4158066511154175,0.7390505075454712,-1.9157103300094604,1.9157103300094604,695,88
1138,13582,base_enriched,max,-0.075581394135952,0.03946954384446144,-1.9149295091629028,1.9149295091629028,872,88
1139,9774,base_enriched,max,-0.7066610455513,0.369601845741272,-1.9119521379470825,1.9119521379470825,632,88
1140,14105,base_enriched,max,-0.16388081014156342,0.08582774549722672,-1.9094152450561523,1.9094152450561523,872,88
1141,893,base_enriched,max,-0.38232648372650146,0.20047712326049805,-1.9070827960968018,1.9070827960968018,802,88
1142,524,base_enriched,max,-0.15960891544818878,0.08374106138944626,-1.9059815406799316,1.9059815406799316,386,88
1143,6528,base_enriched,max,-0.6179369688034058,0.32441404461860657,-1.9047787189483643,1.9047787189483643,844,88
1144,9388,base_enriched,max,-0.5732365250587463,0.3009924590587616,-1.90448796749115,1.90448796749115,496,88
1145,2790,base_enriched,max,-0.2752339243888855,0.14472180604934692,-1.9018137454986572,1.9018137454986572,532,88
1146,3830,base_enriched,max,-0.11929506063461304,0.06274109333753586,-1.9013863801956177,1.9013863801956177,854,88
1147,16340,base_enriched,max,-0.27829307317733765,0.14644108712673187,-1.9003756046295166,1.9003756046295166,449,88
1148,12804,base_enriched,max,-0.4981240928173065,0.262300044298172,-1.899062156677246,1.899062156677246,818,88
1149,3011,base_enriched,max,-0.8150504231452942,0.43073856830596924,-1.8922160863876343,1.8922160863876343,859,88
1150,12602,base_enriched,mean,-0.011066303588449955,0.0058756014332175255,-1.8834333419799805,1.8834333419799805,670,88
1151,15512,base_enriched,max,-0.35147392749786377,0.18685078620910645,-1.8810406923294067,1.8810406923294067,832,88
1152,12676,base_enriched,max,-0.8016692399978638,0.4267484247684479,-1.8785523176193237,1.8785523176193237,612,88
1153,14375,base_enriched,max,-0.30618301033973694,0.16308696568012238,-1.8774217367172241,1.8774217367172241,735,88
1154,6407,base_enriched,mean,-0.017146708443760872,0.009136688895523548,-1.8766872882843018,1.8766872882843018,633,88
1155,10111,base_enriched,max,-0.2701830565929413,0.14416925609111786,-1.8740684986114502,1.8740684986114502,706,88
1156,13305,base_enriched,max,-0.9954397082328796,0.5315890312194824,-1.8725738525390625,1.8725738525390625,439,88
1157,8492,base_enriched,max,-0.1188272163271904,0.06349615007638931,-1.871408224105835,1.871408224105835,121,88
1158,9109,base_enriched,max,-0.13539017736911774,0.07235982269048691,-1.8710683584213257,1.8710683584213257,576,88
1159,4065,base_enriched,max,-1.5262264013290405,0.8162360787391663,-1.869834542274475,1.869834542274475,736,88
1160,11412,base_enriched,active_fraction,-0.0009006411419250071,0.00048200422315858305,-1.868533730506897,1.868533730506897,472,88
1161,227,base_enriched,active_fraction,-0.0015823186840862036,0.0008479062817059457,-1.8661481142044067,1.8661481142044067,411,88
1162,2939,base_enriched,max,-0.2223791778087616,0.11918707937002182,-1.8657994270324707,1.8657994270324707,787,88
1163,5074,base_enriched,max,-0.3037836253643036,0.1629183143377304,-1.8646376132965088,1.8646376132965088,520,88
1164,11454,base_enriched,max,-0.3671875,0.19695499539375305,-1.8643218278884888,1.8643218278884888,869,88
1165,8449,base_enriched,mean,-0.018647026270627975,0.010004253126680851,-1.8639098405838013,1.8639098405838013,670,88
1166,5568,base_enriched,mean,-0.014392843469977379,0.00772353308275342,-1.8635051250457764,1.8635051250457764,805,88
1167,4208,base_enriched,mean,-0.00957162119448185,0.005143852438777685,-1.8607884645462036,1.8607884645462036,450,88
1168,11880,base_enriched,max,-0.15984056890010834,0.08603589981794357,-1.8578357696533203,1.8578357696533203,491,88
1169,13549,base_enriched,max,-0.41167786717414856,0.22177807986736298,-1.8562604188919067,1.8562604188919067,93,88
1170,15944,base_enriched,max,-0.14961165189743042,0.08061186224222183,-1.8559508323669434,1.8559508323669434,536,88
1171,1038,base_enriched,max,-0.1669195145368576,0.09004601091146469,-1.8537136316299438,1.8537136316299438,520,88
1172,5371,base_enriched,max,-0.16396483778953552,0.08853789418935776,-1.851917028427124,1.851917028427124,381,88
1173,9559,base_enriched,max,-0.9404308199882507,0.5080782771110535,-1.8509565591812134,1.8509565591812134,793,88
1174,8078,base_enriched,max,-0.8346225619316101,0.45192039012908936,-1.8468353748321533,1.8468353748321533,688,88
1175,6222,base_enriched,max,-0.3632562756538391,0.19672222435474396,-1.8465441465377808,1.8465441465377808,791,88
1176,14791,base_enriched,active_fraction,-0.001051632221788168,0.000569647119846195,-1.84611177444458,1.84611177444458,337,88
1177,10297,base_enriched,max,-0.6445721387863159,0.3505910336971283,-1.8385300636291504,1.8385300636291504,385,88
1178,6006,base_enriched,mean,-0.028077365830540657,0.01529760379344225,-1.83540940284729,1.83540940284729,719,88
1179,14022,base_enriched,max,-1.1331509351730347,0.6174203753471375,-1.8352988958358765,1.8352988958358765,732,88
1180,14938,base_enriched,max,-0.30454668402671814,0.1660228818655014,-1.834365725517273,1.834365725517273,841,88
1181,1823,base_enriched,max,-0.8092432618141174,0.44178497791290283,-1.8317582607269287,1.8317582607269287,749,88
1182,5439,base_enriched,max,-1.3933411836624146,0.7609320282936096,-1.8310980796813965,1.8310980796813965,856,88
1183,768,base_enriched,max,-0.26028114557266235,0.14239613711833954,-1.8278666734695435,1.8278666734695435,665,88
1184,515,base_enriched,mean,-0.007527098525315523,0.004118143115192652,-1.8277894258499146,1.8277894258499146,193,88
1185,1089,base_enriched,max,-0.35914790630340576,0.1967533677816391,-1.8253710269927979,1.8253710269927979,858,88
1186,37,base_enriched,active_fraction,-0.0022297704126685858,0.0012224415550008416,-1.8240302801132202,1.8240302801132202,676,88
1187,283,base_enriched,max,-0.6185535788536072,0.33990272879600525,-1.819795846939087,1.819795846939087,670,88
1188,5665,base_enriched,active_fraction,-0.003309640334919095,0.001826753024943173,-1.8117612600326538,1.8117612600326538,743,88
1189,1872,base_enriched,mean,-0.025033414363861084,0.013844060711562634,-1.8082422018051147,1.8082422018051147,820,88
1190,15746,base_enriched,mean,-0.03918200731277466,0.021718621253967285,-1.8040742874145508,1.8040742874145508,787,88
1191,13317,base_enriched,max,-0.17242233455181122,0.09583140909671783,-1.7992256879806519,1.7992256879806519,471,88
1192,11247,base_enriched,max,-0.745466947555542,0.41474026441574097,-1.7974308729171753,1.7974308729171753,698,88
1193,4436,base_enriched,mean,-0.013799219392240047,0.0076782251708209515,-1.797188639640808,1.797188639640808,833,88
1194,5649,base_enriched,max,-0.7157203555107117,0.3991330564022064,-1.7931873798370361,1.7931873798370361,514,88
1195,8688,base_enriched,max,-1.0185058116912842,0.5680263638496399,-1.7930607795715332,1.7930607795715332,560,88
1196,9454,base_enriched,max,-0.41604286432266235,0.2320840209722519,-1.7926390171051025,1.7926390171051025,832,88
1197,1343,base_enriched,max,-0.5719976425170898,0.31922781467437744,-1.7918164730072021,1.7918164730072021,715,88
1198,12581,base_enriched,max,-0.6480786800384521,0.36175838112831116,-1.7914682626724243,1.7914682626724243,567,88
1199,9945,base_enriched,max,-0.37075990438461304,0.20741502940654755,-1.7875267267227173,1.7875267267227173,850,88
1200,7029,base_enriched,max,-0.5503815412521362,0.3080539405345917,-1.7866401672363281,1.7866401672363281,626,88
1201,14183,base_enriched,mean,-0.025080250576138496,0.014040330424904823,-1.786300539970398,1.786300539970398,872,88
1202,10184,base_enriched,max,-0.43763625621795654,0.2450709044933319,-1.785753607749939,1.785753607749939,420,88
1203,622,base_enriched,max,-0.18412290513515472,0.10320758819580078,-1.7840055227279663,1.7840055227279663,243,88
1204,5921,base_enriched,max,-1.1450172662734985,0.6419659852981567,-1.783610463142395,1.783610463142395,798,88
1205,5563,base_enriched,max,-0.33102062344551086,0.18562141060829163,-1.7833105325698853,1.7833105325698853,869,88
1206,12030,base_enriched,active_fraction,-0.0024080320727080107,0.0013507689582183957,-1.7827119827270508,1.7827119827270508,742,88
1207,4358,base_enriched,mean,-0.018742911517620087,0.010517462156713009,-1.7820755243301392,1.7820755243301392,723,88
1208,557,base_enriched,max,-0.20917968451976776,0.11746802181005478,-1.780737280845642,1.780737280845642,605,88
1209,10444,base_enriched,max,-0.8921511769294739,0.5012602806091309,-1.7798162698745728,1.7798162698745728,820,88
1210,13780,base_enriched,active_fraction,-0.0033930756617337465,0.0019073421135544777,-1.7789549827575684,1.7789549827575684,641,88
1211,860,base_enriched,max,-0.4339979887008667,0.2442784607410431,-1.7766526937484741,1.7766526937484741,748,88
1212,4994,base_enriched,max,-0.19903706014156342,0.11216966807842255,-1.7744284868240356,1.7744284868240356,872,88
1213,3366,base_enriched,max,-0.2888376712799072,0.16280663013458252,-1.774114966392517,1.774114966392517,665,88
1214,2977,base_enriched,max,-0.9975880980491638,0.5629432797431946,-1.772093415260315,1.772093415260315,767,88
1215,3922,base_enriched,max,-0.24932321906089783,0.1410333663225174,-1.7678314447402954,1.7678314447402954,866,88
1216,604,base_enriched,active_fraction,-0.004210582934319973,0.002382115228101611,-1.767581582069397,1.767581582069397,702,88
1217,4014,base_enriched,max,-0.1472747027873993,0.08335079997777939,-1.7669260501861572,1.7669260501861572,374,88
1218,899,base_enriched,mean,-0.013792037963867188,0.007810600101947784,-1.765810251235962,1.765810251235962,806,88
1219,14843,base_enriched,active_fraction,-0.005512938369065523,0.003122537164017558,-1.7655316591262817,1.7655316591262817,704,88
1220,1777,base_enriched,max,-0.4338458478450775,0.2457417994737625,-1.7654540538787842,1.7654540538787842,662,88
1221,10186,base_enriched,max,-0.4196379780769348,0.23790505528450012,-1.7638884782791138,1.7638884782791138,656,88
1222,13162,base_enriched,max,-0.40202808380126953,0.2279960662126541,-1.763311505317688,1.763311505317688,636,88
1223,10841,base_enriched,max,-0.3288381099700928,0.18649007380008698,-1.763300895690918,1.763300895690918,481,88
1224,16239,base_enriched,active_fraction,-0.0029812923166900873,0.0016935368767008185,-1.7603940963745117,1.7603940963745117,798,88
1225,16289,base_enriched,mean,-0.01977146975696087,0.011237130500376225,-1.7594767808914185,1.7594767808914185,566,88
1226,971,base_enriched,max,-0.6376555562019348,0.36245203018188477,-1.7592825889587402,1.7592825889587402,346,88
1227,11703,base_enriched,max,-0.9871411919593811,0.5620156526565552,-1.7564300298690796,1.7564300298690796,649,88
1228,2327,base_enriched,active_fraction,-0.002768237143754959,0.0015790254110470414,-1.7531301975250244,1.7531301975250244,797,88
1229,2257,base_enriched,mean,-0.0067259278148412704,0.0038376336451619864,-1.7526236772537231,1.7526236772537231,579,88
1230,10159,base_enriched,active_fraction,-0.005977692548185587,0.0034148111008107662,-1.7505192756652832,1.7505192756652832,673,88
1231,26,base_enriched,max,-0.6342478394508362,0.3623587191104889,-1.7503314018249512,1.7503314018249512,635,88
1232,1614,base_enriched,max,-0.7152116894721985,0.4086768329143524,-1.7500666379928589,1.7500666379928589,823,88
1233,15367,base_enriched,max,-0.1872047632932663,0.10714109987020493,-1.7472730875015259,1.7472730875015259,840,88
1234,8371,base_enriched,max,-0.6359443068504333,0.36432525515556335,-1.7455400228500366,1.7455400228500366,574,88
1235,6242,base_enriched,max,-0.2886173725128174,0.16566349565982819,-1.7421904802322388,1.7421904802322388,724,88
1236,1637,base_enriched,active_fraction,-0.0021521190647035837,0.0012353933416306973,-1.7420517206192017,1.7420517206192017,524,88
1237,13565,base_enriched,max,-0.36922693252563477,0.21219538152217865,-1.7400327920913696,1.7400327920913696,871,88
1238,2005,base_enriched,max,-0.8508425951004028,0.48903688788414,-1.739833116531372,1.739833116531372,849,88
1239,15006,base_enriched,mean,-0.03672698140144348,0.021127888932824135,-1.738317608833313,1.738317608833313,858,88
1240,15049,base_enriched,max,-0.5459074974060059,0.3154408633708954,-1.7306175231933594,1.7306175231933594,658,88
1241,4580,base_enriched,active_fraction,-0.0009294465417042375,0.0005371930310502648,-1.7301909923553467,1.7301909923553467,497,88
1242,14147,base_enriched,active_fraction,-0.00705745629966259,0.0040790908969938755,-1.7301541566848755,1.7301541566848755,686,88
1243,3239,base_enriched,max,-0.16942904889583588,0.09800704568624496,-1.728743553161621,1.728743553161621,492,88
1244,5671,base_enriched,max,-0.25019532442092896,0.14474736154079437,-1.7284966707229614,1.7284966707229614,365,88
1245,16095,base_enriched,max,-0.7217796444892883,0.41809579730033875,-1.726349949836731,1.726349949836731,810,88
1246,14228,base_enriched,max,-0.4629633128643036,0.2682933509349823,-1.725586175918579,1.725586175918579,854,88
1247,11528,base_enriched,max,-0.5859352350234985,0.3408185839653015,-1.719199776649475,1.719199776649475,851,88
1248,3183,base_enriched,max,-0.6397233605384827,0.37218916416168213,-1.7188124656677246,1.7188124656677246,622,88
1249,4468,base_enriched,max,-0.20760810375213623,0.12113982439041138,-1.7137889862060547,1.7137889862060547,415,88
1250,7318,base_enriched,max,-0.4724155068397522,0.2759542763233185,-1.711933970451355,1.711933970451355,676,88
1251,2092,base_enriched,max,-0.5639693737030029,0.3306272327899933,-1.7057559490203857,1.7057559490203857,475,88
1252,15278,base_enriched,max,-0.13666197657585144,0.0801621526479721,-1.7048192024230957,1.7048192024230957,305,88
1253,2588,base_enriched,max,-0.5801984667778015,0.3404256999492645,-1.7043321132659912,1.7043321132659912,613,88
1254,6155,base_enriched,max,-0.17865188419818878,0.10522409528493881,-1.69782292842865,1.69782292842865,532,88
1255,4995,base_enriched,max,-0.4107103943824768,0.24269765615463257,-1.6922718286514282,1.6922718286514282,867,88
1256,9806,base_enriched,max,-0.20960892736911774,0.12393435090780258,-1.691290020942688,1.691290020942688,559,88
1257,1502,base_enriched,max,-0.12788426876068115,0.07565642893314362,-1.6903291940689087,1.6903291940689087,159,88
1258,6655,base_enriched,max,-0.21950854361057281,0.1298946887254715,-1.6898962259292603,1.6898962259292603,465,88
1259,1653,base_enriched,max,-0.25909337401390076,0.15359066426753998,-1.6869083642959595,1.6869083642959595,872,88
1260,14570,base_enriched,max,-0.38063567876815796,0.2256486713886261,-1.686850905418396,1.686850905418396,645,88
1261,15137,base_enriched,max,-0.22336255013942719,0.13243162631988525,-1.6866254806518555,1.6866254806518555,687,88
1262,10235,base_enriched,max,-0.32903343439102173,0.19524548947811127,-1.6852294206619263,1.6852294206619263,646,88
1263,16108,base_enriched,max,-0.45985648036003113,0.2730032503604889,-1.6844359636306763,1.6844359636306763,807,88
1264,1537,base_enriched,max,-0.21223200857639313,0.12599997222423553,-1.684381365776062,1.684381365776062,781,88
1265,8783,base_enriched,max,-0.4082508087158203,0.24255450069904327,-1.6831302642822266,1.6831302642822266,791,88
1266,5378,base_enriched,max,-0.5593409538269043,0.33242693543434143,-1.6825981140136719,1.6825981140136719,847,88
1267,3560,base_enriched,max,-0.3894667625427246,0.23149795830249786,-1.6823766231536865,1.6823766231536865,526,88
1268,6676,base_enriched,max,-0.10226653516292572,0.06094973906874657,-1.6778830289840698,1.6778830289840698,97,88
1269,6200,base_enriched,max,-0.2405364215373993,0.14335936307907104,-1.6778563261032104,1.6778563261032104,578,88
1270,5239,base_enriched,max,-0.2553642690181732,0.15225598216056824,-1.6772035360336304,1.6772035360336304,676,88
1271,9297,base_enriched,max,-0.07648982852697372,0.0456128865480423,-1.6769345998764038,1.6769345998764038,169,88
1272,8351,base_enriched,active_fraction,-0.0040712845511734486,0.00242826109752059,-1.6766254901885986,1.6766254901885986,768,88
1273,14502,base_enriched,active_fraction,-0.007308241445571184,0.0043597095645964146,-1.676313877105713,1.676313877105713,799,88
1274,15806,base_enriched,max,-0.9233693480491638,0.5511881113052368,-1.6752345561981201,1.6752345561981201,676,88
1275,8266,base_enriched,max,-0.3328874409198761,0.1988110989332199,-1.6743906736373901,1.6743906736373901,865,88
1276,8361,base_enriched,max,-0.4281386137008667,0.2560543417930603,-1.672061562538147,1.672061562538147,744,88
1277,3203,base_enriched,active_fraction,-0.0027319618966430426,0.00163912249263376,-1.6667221784591675,1.6667221784591675,810,88
1278,14496,base_enriched,max,-0.41662880778312683,0.2503558099269867,-1.6641467809677124,1.6641467809677124,829,88
1279,11623,base_enriched,max,-0.15062227845191956,0.09060773998498917,-1.6623555421829224,1.6623555421829224,512,88
1280,11004,base_enriched,max,-0.16556595265865326,0.09966905415058136,-1.6611570119857788,1.6611570119857788,819,88
1281,4960,base_enriched,active_fraction,-0.0014137268299236894,0.0008515924564562738,-1.6600978374481201,1.6600978374481201,682,88
1282,7411,base_enriched,max,-0.8134697675704956,0.4904213547706604,-1.658716082572937,1.658716082572937,832,88
1283,12965,base_enriched,active_fraction,-0.002843457506969571,0.0017150344792753458,-1.6579593420028687,1.6579593420028687,663,88
1284,3550,base_enriched,mean,-0.012245479971170425,0.007386412471532822,-1.6578385829925537,1.6578385829925537,723,88
1285,9179,base_enriched,max,-0.4756994843482971,0.2878432273864746,-1.6526339054107666,1.6526339054107666,869,88
1286,12936,base_enriched,max,-0.2789607644081116,0.16903677582740784,-1.6502963304519653,1.6502963304519653,514,88
1287,4528,base_enriched,max,-1.129462718963623,0.684825599193573,-1.6492705345153809,1.6492705345153809,814,88
1288,5938,base_enriched,max,-0.43320539593696594,0.2627014219760895,-1.649040937423706,1.649040937423706,674,88
1289,11472,base_enriched,max,-0.399239182472229,0.2429358959197998,-1.6433931589126587,1.6433931589126587,617,88
1290,9744,base_enriched,max,-0.39037516713142395,0.23763057589530945,-1.6427817344665527,1.6427817344665527,553,88
1291,1686,base_enriched,max,-0.8564680218696594,0.5217058658599854,-1.6416683197021484,1.6416683197021484,823,88
1292,1661,base_enriched,max,-0.5876771211624146,0.35834890604019165,-1.6399579048156738,1.6399579048156738,865,88
1293,11813,base_enriched,max,-0.8922669887542725,0.5443264842033386,-1.6392128467559814,1.6392128467559814,478,88
1294,12423,base_enriched,active_fraction,-0.001022480777464807,0.0006245895638130605,-1.6370443105697632,1.6370443105697632,264,88
1295,8034,base_enriched,max,-0.6478084325790405,0.3966897130012512,-1.633035659790039,1.633035659790039,867,88
1296,5417,base_enriched,max,-0.5314646363258362,0.325497031211853,-1.6327787637710571,1.6327787637710571,601,88
1297,14402,base_enriched,max,-0.19582577049732208,0.1200171709060669,-1.6316479444503784,1.6316479444503784,356,88
1298,3152,base_enriched,max,-0.12895166873931885,0.07908852398395538,-1.6304725408554077,1.6304725408554077,405,88
1299,13198,base_enriched,max,-0.32657158374786377,0.20031480491161346,-1.6302918195724487,1.6302918195724487,588,88
1300,8917,base_enriched,max,-1.2707133293151855,0.7804419994354248,-1.6281969547271729,1.6281969547271729,605,88
1301,12220,base_enriched,max,-0.48469749093055725,0.2977841794490814,-1.6276804208755493,1.6276804208755493,382,88
1302,2763,base_enriched,mean,-0.009201972745358944,0.005659081041812897,-1.626054286956787,1.626054286956787,366,88
1303,2154,base_enriched,max,-0.5150344967842102,0.31693515181541443,-1.625046968460083,1.625046968460083,786,88
1304,2358,base_enriched,max,-0.3906465768814087,0.24051910638809204,-1.6241810321807861,1.6241810321807861,815,88
1305,12480,base_enriched,mean,-0.01673656702041626,0.01030994113534689,-1.6233426332473755,1.6233426332473755,507,88
1306,11942,base_enriched,max,-0.08815407007932663,0.054371919482946396,-1.6213160753250122,1.6213160753250122,103,88
1307,15373,base_enriched,max,-1.0792491436004639,0.6664294600486755,-1.6194499731063843,1.6194499731063843,858,88
1308,15567,base_enriched,active_fraction,-0.0020021572709083557,0.0012367828749120235,-1.6188429594039917,1.6188429594039917,710,88
1309,932,base_enriched,max,-0.31613826751708984,0.19554448127746582,-1.616707682609558,1.616707682609558,636,88
1310,7144,base_enriched,mean,-0.0809457078576088,0.05021961033344269,-1.6118346452713013,1.6118346452713013,558,88
1311,2090,base_enriched,max,-0.7143464088439941,0.4433484375476837,-1.611252784729004,1.611252784729004,810,88
1312,16198,base_enriched,active_fraction,-0.001368722296319902,0.000850399665068835,-1.6095046997070312,1.6095046997070312,339,88
1313,8247,base_enriched,active_fraction,-0.001900375704281032,0.0011812591692432761,-1.6087712049484253,1.6087712049484253,836,88
1314,8391,base_enriched,max,-0.5173192024230957,0.3221278190612793,-1.6059439182281494,1.6059439182281494,682,88
1315,6148,base_enriched,max,-0.2284134328365326,0.1423991471529007,-1.604036569595337,1.604036569595337,572,88
1316,7046,base_enriched,max,-0.13726834952831268,0.08558487892150879,-1.603885531425476,1.603885531425476,753,88
1317,10210,base_enriched,max,-0.5615688562393188,0.3501773178577423,-1.6036700010299683,1.6036700010299683,867,88
1318,14449,base_enriched,max,-1.0157147645950317,0.6336605548858643,-1.6029319763183594,1.6029319763183594,539,88
1319,895,base_enriched,active_fraction,-0.003274456365033984,0.00204460509121418,-1.6015104055404663,1.6015104055404663,562,88
1320,640,base_enriched,max,-0.5666288137435913,0.35436779260635376,-1.5989850759506226,1.5989850759506226,869,88
1321,9918,base_enriched,max,-0.11819131672382355,0.07392454147338867,-1.5988103151321411,1.5988103151321411,658,88
1322,4947,base_enriched,max,-0.7102016806602478,0.4447857141494751,-1.596727728843689,1.596727728843689,867,88
1323,6931,base_enriched,mean,-0.018224937841296196,0.011421293951570988,-1.5956981182098389,1.5956981182098389,593,88
1324,3879,base_enriched,max,-0.1563556045293808,0.09815987199544907,-1.5928667783737183,1.5928667783737183,351,88
1325,6153,base_enriched,max,-0.12289243936538696,0.07717399299144745,-1.592407464981079,1.592407464981079,446,88
1326,5042,base_enriched,mean,-0.033522892743349075,0.021084919571876526,-1.5898990631103516,1.5898990631103516,685,88
1327,12038,base_enriched,max,-0.1280795782804489,0.0807328000664711,-1.5864627361297607,1.5864627361297607,190,88
1328,10751,base_enriched,max,-0.18347565829753876,0.11566867679357529,-1.5862172842025757,1.5862172842025757,818,88
1329,4605,base_enriched,mean,-0.014737186953425407,0.009297042153775692,-1.5851478576660156,1.5851478576660156,858,88
1330,4590,base_enriched,max,-0.5339071750640869,0.33699217438697815,-1.5843310356140137,1.5843310356140137,715,88
1331,1522,base_enriched,max,-1.165043592453003,0.7357953190803528,-1.5833799839019775,1.5833799839019775,839,88
1332,16068,base_enriched,active_fraction,-0.0012019844725728035,0.0007592283072881401,-1.5831660032272339,1.5831660032272339,507,88
1333,3582,base_enriched,max,-0.26096588373184204,0.16507506370544434,-1.5808922052383423,1.5808922052383423,261,88
1334,12287,base_enriched,max,-0.2310228943824768,0.14635686576366425,-1.5784902572631836,1.5784902572631836,871,88
1335,2308,base_enriched,max,-0.2410837560892105,0.1528140902519226,-1.5776277780532837,1.5776277780532837,419,88
1336,3063,base_enriched,max,-0.24678869545459747,0.15686297416687012,-1.5732756853103638,1.5732756853103638,869,88
1337,13809,base_enriched,max,-0.20066088438034058,0.1276264488697052,-1.572251558303833,1.572251558303833,630,88
1338,10967,base_enriched,max,-0.18684138357639313,0.11891491711139679,-1.5712190866470337,1.5712190866470337,841,88
1339,448,base_enriched,max,-0.27199310064315796,0.17332957684993744,-1.5692249536514282,1.5692249536514282,642,88
1340,15597,base_enriched,max,-0.20922057330608368,0.13337692618370056,-1.5686414241790771,1.5686414241790771,555,88
1341,15585,base_enriched,max,-0.17991915345191956,0.11476301401853561,-1.5677450895309448,1.5677450895309448,389,88
1342,3359,base_enriched,max,-0.4138104021549225,0.2650183141231537,-1.5614408254623413,1.5614408254623413,870,88
1343,11489,base_enriched,mean,-0.019664684310555458,0.012596866115927696,-1.5610774755477905,1.5610774755477905,576,88
1344,830,base_enriched,max,-0.2611214518547058,0.1673450917005539,-1.5603771209716797,1.5603771209716797,498,88
1345,14522,base_enriched,active_fraction,-0.0008070568437688053,0.0005178368301130831,-1.5585156679153442,1.5585156679153442,575,88
1346,15250,base_enriched,max,-0.20342932641506195,0.1306697279214859,-1.5568206310272217,1.5568206310272217,662,88
1347,9468,base_enriched,max,-0.9765965938568115,0.6273320913314819,-1.5567457675933838,1.5567457675933838,858,88
1348,14599,base_enriched,max,-1.842850685119629,1.184010624885559,-1.5564477443695068,1.5564477443695068,695,88
1349,9494,base_enriched,max,-1.5295966863632202,0.9845327138900757,-1.5536271333694458,1.5536271333694458,849,88
1350,10767,base_enriched,mean,-0.016886139288544655,0.010873530060052872,-1.552958369255066,1.552958369255066,703,88
1351,112,base_enriched,mean,-0.011036322452127934,0.00711392005905509,-1.5513700246810913,1.5513700246810913,668,88
1352,1687,base_enriched,active_fraction,-0.0018763520056381822,0.0012096492573618889,-1.5511537790298462,1.5511537790298462,748,88
1353,12878,base_enriched,max,-0.5034997463226318,0.32537850737571716,-1.547427773475647,1.547427773475647,480,88
1354,10895,base_enriched,max,-0.20399709045886993,0.13186833262443542,-1.5469756126403809,1.5469756126403809,738,88
1355,16319,base_enriched,max,-0.632381021976471,0.41034889221191406,-1.5410813093185425,1.5410813093185425,843,88
1356,5554,base_enriched,max,-0.32207030057907104,0.20938080549240112,-1.5382035970687866,1.5382035970687866,685,88
1357,1680,base_enriched,max,-0.19778116047382355,0.12908165156841278,-1.5322175025939941,1.5322175025939941,798,88
1358,14659,base_enriched,max,-0.3480355143547058,0.22732236981391907,-1.5310218334197998,1.5310218334197998,622,88
1359,14777,base_enriched,max,-0.4536019265651703,0.2965778112411499,-1.5294533967971802,1.5294533967971802,584,88
1360,13182,base_enriched,active_fraction,-0.0019115980248898268,0.0012547095539048314,-1.5235382318496704,1.5235382318496704,792,88
1361,5826,base_enriched,max,-0.3692246675491333,0.2424086332321167,-1.523149847984314,1.523149847984314,861,88
1362,3664,base_enriched,max,-0.5768986344337463,0.3790110945701599,-1.5221154689788818,1.5221154689788818,860,88
1363,12601,base_enriched,max,-0.1661939024925232,0.1093728095293045,-1.5195175409317017,1.5195175409317017,742,88
1364,7260,base_enriched,max,-0.698087751865387,0.46085599064826965,-1.514763355255127,1.514763355255127,829,88
1365,16134,base_enriched,max,-0.5517714619636536,0.3658355474472046,-1.5082499980926514,1.5082499980926514,869,88
1366,6390,base_enriched,max,-0.4936818778514862,0.3289439380168915,-1.500808596611023,1.500808596611023,687,88
1367,8487,base_enriched,max,-0.1002361923456192,0.0669625848531723,-1.4968985319137573,1.4968985319137573,261,88
1368,10918,base_enriched,max,-0.9544013738632202,0.6389597654342651,-1.4936798810958862,1.4936798810958862,709,88
1369,11612,base_enriched,max,-0.3603265881538391,0.2420164942741394,-1.4888513088226318,1.4888513088226318,872,88
1370,9878,base_enriched,max,-0.8605173230171204,0.5780567526817322,-1.488638162612915,1.488638162612915,638,88
1371,12876,base_enriched,max,-0.7182912230491638,0.4825732707977295,-1.4884604215621948,1.4884604215621948,841,88
1372,4149,base_enriched,max,-1.2277207374572754,0.8274693489074707,-1.4837054014205933,1.4837054014205933,722,88
1373,13887,base_enriched,active_fraction,-0.001636407570913434,0.0011031064204871655,-1.4834539890289307,1.4834539890289307,798,88
1374,10039,base_enriched,max,-0.6481831669807434,0.43715283274650574,-1.4827381372451782,1.4827381372451782,851,88
1375,10963,base_enriched,max,-0.28435230255126953,0.19241172075271606,-1.477832555770874,1.477832555770874,870,88
1376,11366,base_enriched,max,-0.15834392607212067,0.10714783519506454,-1.4778079986572266,1.4778079986572266,421,88
1377,13563,base_enriched,active_fraction,-0.0028454535640776157,0.0019268810283392668,-1.4767147302627563,1.4767147302627563,690,88
1378,8988,base_enriched,max,-0.6358421444892883,0.4307776987552643,-1.476033091545105,1.476033091545105,582,88
1379,8905,base_enriched,max,-0.45523709058761597,0.3084285855293274,-1.4759886264801025,1.4759886264801025,799,88
1380,12976,base_enriched,max,-0.25462618470191956,0.17253808677196503,-1.475767970085144,1.475767970085144,451,88
1381,6192,base_enriched,max,-0.13960528373718262,0.09468239545822144,-1.4744586944580078,1.4744586944580078,836,88
1382,12021,base_enriched,max,-0.14950944483280182,0.10141880065202713,-1.4741787910461426,1.4741787910461426,453,88
1383,13449,base_enriched,active_fraction,-0.000981974066235125,0.0006675840122625232,-1.4709370136260986,1.4709370136260986,718,88
1384,9716,base_enriched,active_fraction,-0.003551766974851489,0.002417433774098754,-1.4692302942276,1.4692302942276,821,88
1385,11750,base_enriched,max,-0.8612009286880493,0.5866215825080872,-1.4680689573287964,1.4680689573287964,807,88
1386,9711,base_enriched,active_fraction,-0.003305319929495454,0.002257210435345769,-1.4643384218215942,1.4643384218215942,778,88
1387,6934,base_enriched,max,-0.2846793234348297,0.19452066719532013,-1.463491439819336,1.463491439819336,851,88
1388,8587,base_enriched,active_fraction,-0.0020954220090061426,0.0014342059148475528,-1.4610328674316406,1.4610328674316406,612,88
1389,4954,base_enriched,max,-0.2603197693824768,0.17835171520709991,-1.4595866203308105,1.4595866203308105,461,88
1390,13967,base_enriched,mean,-0.010599669069051743,0.007264346349984407,-1.4591360092163086,1.4591360092163086,775,88
1391,14626,base_enriched,mean,-0.009220407344400883,0.006331241223961115,-1.4563348293304443,1.4563348293304443,358,88
1392,3055,base_enriched,active_fraction,-0.00771180959418416,0.005311399232596159,-1.4519356489181519,1.4519356489181519,870,88
1393,12856,base_enriched,max,-0.0876317247748375,0.0607217475771904,-1.4431686401367188,1.4431686401367188,872,88
1394,5605,base_enriched,max,-0.15879133343696594,0.1102089062333107,-1.4408212900161743,1.4408212900161743,314,88
1395,2030,base_enriched,active_fraction,-0.0016945417737588286,0.0011805733665823936,-1.4353549480438232,1.4353549480438232,517,88
1396,6602,base_enriched,max,-0.2344476729631424,0.16349422931671143,-1.4339812994003296,1.4339812994003296,543,88
1397,7875,base_enriched,max,-0.5778570175170898,0.4031042456626892,-1.433517575263977,1.433517575263977,532,88
1398,7200,base_enriched,max,-0.3560001850128174,0.24877028167247772,-1.431039810180664,1.431039810180664,759,88
1399,14984,base_enriched,max,-0.09470612555742264,0.06635881215333939,-1.4271823167800903,1.4271823167800903,274,88
1400,4465,base_enriched,max,-0.5305562019348145,0.37221264839172363,-1.425411581993103,1.425411581993103,635,88
1401,15073,base_enriched,max,-0.3792821168899536,0.2661997079849243,-1.4248028993606567,1.4248028993606567,700,88
1402,2439,base_enriched,active_fraction,-0.003826984204351902,0.0026873613242059946,-1.4240676164627075,1.4240676164627075,835,88
1403,16370,base_enriched,max,-0.28137946128845215,0.19775786995887756,-1.4228483438491821,1.4228483438491821,723,88
1404,808,base_enriched,mean,-0.0043013328686356544,0.0030241969507187605,-1.4223058223724365,1.4223058223724365,599,88
1405,4537,base_enriched,mean,-0.007312322035431862,0.005147137679159641,-1.420657992362976,1.420657992362976,467,88
1406,4169,base_enriched,max,-0.1645326167345047,0.11600819230079651,-1.4182844161987305,1.4182844161987305,125,88
1407,4833,base_enriched,active_fraction,-0.002786379074677825,0.001965639879927039,-1.4175430536270142,1.4175430536270142,846,88
1408,6867,base_enriched,max,-0.12114598602056503,0.08564076572656631,-1.4145832061767578,1.4145832061767578,591,88
1409,14119,base_enriched,active_fraction,-0.003328962018713355,0.0023544663563370705,-1.413892388343811,1.413892388343811,553,88
1410,9397,base_enriched,max,-0.17422783374786377,0.1233740895986557,-1.412191390991211,1.412191390991211,505,88
1411,15702,base_enriched,max,-0.445058137178421,0.3156399130821228,-1.4100185632705688,1.4100185632705688,859,88
1412,11048,base_enriched,max,-0.16184593737125397,0.1149275153875351,-1.4082435369491577,1.4082435369491577,488,88
1413,9415,base_enriched,max,-0.4489961862564087,0.31895583868026733,-1.407706379890442,1.407706379890442,821,88
1414,9658,base_enriched,mean,-0.009211212396621704,0.006563449744135141,-1.4034101963043213,1.4034101963043213,563,88
1415,15093,base_enriched,mean,-0.019608093425631523,0.014006368815898895,-1.3999412059783936,1.3999412059783936,615,88
1416,15283,base_enriched,max,-0.10277070850133896,0.07354836165904999,-1.3973214626312256,1.3973214626312256,298,88
1417,7378,base_enriched,max,-0.36175736784935,0.2591475248336792,-1.395951509475708,1.395951509475708,859,88
1418,7389,base_enriched,max,-0.24714526534080505,0.17714709043502808,-1.3951416015625,1.3951416015625,742,88
1419,2630,base_enriched,max,-0.2658066749572754,0.19054090976715088,-1.395011067390442,1.395011067390442,871,88
1420,11672,base_enriched,max,-0.7858830094337463,0.5655218362808228,-1.3896598815917969,1.3896598815917969,787,88
1421,1393,base_enriched,mean,-0.005620202515274286,0.004044594243168831,-1.389559030532837,1.389559030532837,605,88
1422,15091,base_enriched,active_fraction,-0.0031619847286492586,0.0022770226933062077,-1.3886487483978271,1.3886487483978271,494,88
1423,3297,base_enriched,active_fraction,-0.0011299665784463286,0.0008148265187628567,-1.386757254600525,1.386757254600525,759,88
1424,3189,base_enriched,mean,-0.01331335585564375,0.009612489491701126,-1.385006070137024,1.385006070137024,692,88
1425,14382,base_enriched,max,-0.6649584174156189,0.4807903468608856,-1.3830527067184448,1.3830527067184448,661,88
1426,3555,base_enriched,mean,-0.01717781275510788,0.012430407106876373,-1.3819187879562378,1.3819187879562378,829,88
1427,2440,base_enriched,max,-0.4367051124572754,0.31662359833717346,-1.3792563676834106,1.3792563676834106,867,88
1428,4297,base_enriched,active_fraction,-0.003285022219642997,0.002388470573350787,-1.375366449356079,1.375366449356079,463,88
1429,1492,base_enriched,max,-0.6265147924423218,0.45567062497138977,-1.3749290704727173,1.3749290704727173,581,88
1430,1976,base_enriched,max,-0.2184729278087616,0.15920177102088928,-1.3723021745681763,1.3723021745681763,482,88
1431,11154,base_enriched,active_fraction,-0.002265841467306018,0.0016571363667026162,-1.3673235177993774,1.3673235177993774,817,88
1432,9645,base_enriched,active_fraction,-0.0011017643846571445,0.0008059768006205559,-1.366992712020874,1.366992712020874,758,88
1433,6480,base_enriched,max,-0.37845656275749207,0.27754876017570496,-1.36356782913208,1.36356782913208,861,88
1434,13261,base_enriched,max,-1.083048701286316,0.7948978543281555,-1.3625004291534424,1.3625004291534424,643,88
1435,9393,base_enriched,active_fraction,-0.0035635570529848337,0.002621077699586749,-1.3595770597457886,1.3595770597457886,770,88
1436,7242,base_enriched,max,-0.5942268967628479,0.4371320605278015,-1.3593761920928955,1.3593761920928955,861,88
1437,532,base_enriched,active_fraction,-0.007660355884581804,0.005635973531752825,-1.359189510345459,1.359189510345459,856,88
1438,9337,base_enriched,max,-0.45342931151390076,0.33386528491973877,-1.3581205606460571,1.3581205606460571,683,88
1439,15226,base_enriched,max,-0.413435697555542,0.30617615580558777,-1.350319743156433,1.350319743156433,830,88
1440,12369,base_enriched,max,-0.35284337401390076,0.261545330286026,-1.3490716218948364,1.3490716218948364,743,88
1441,959,base_enriched,mean,-0.011105116456747055,0.008237695321440697,-1.3480854034423828,1.3480854034423828,702,88
1442,13674,base_enriched,max,-0.07747547328472137,0.05751835182309151,-1.3469696044921875,1.3469696044921875,328,88
1443,12827,base_enriched,active_fraction,-0.0007522671949118376,0.0005585645558312535,-1.3467864990234375,1.3467864990234375,582,88
1444,13604,base_enriched,max,-0.25486692786216736,0.18971458077430725,-1.3434230089187622,1.3434230089187622,840,88
1445,15385,base_enriched,mean,-0.028242724016308784,0.021025434136390686,-1.3432646989822388,1.3432646989822388,800,88
1446,15356,base_enriched,max,-0.2897074818611145,0.21587342023849487,-1.342024803161621,1.342024803161621,864,88
1447,4768,base_enriched,active_fraction,-0.0008070479962043464,0.0006033956306055188,-1.3375104665756226,1.3375104665756226,511,88
1448,14820,base_enriched,mean,-0.012722956016659737,0.009526437148451805,-1.3355419635772705,1.3355419635772705,815,88
1449,4733,base_enriched,max,-0.272068053483963,0.20372897386550903,-1.3354411125183105,1.3354411125183105,807,88
1450,7789,base_enriched,max,-0.09917105734348297,0.0742756724357605,-1.3351755142211914,1.3351755142211914,464,88
1451,8139,base_enriched,max,-0.3070130944252014,0.22994965314865112,-1.3351317644119263,1.3351317644119263,706,88
1452,14939,base_enriched,max,-0.8158680200576782,0.6142373085021973,-1.3282618522644043,1.3282618522644043,864,88
1453,11593,base_enriched,max,-0.17564044892787933,0.1324182152748108,-1.3264069557189941,1.3264069557189941,695,88
1454,2896,base_enriched,mean,-0.010282649658620358,0.007778515573590994,-1.3219295740127563,1.3219295740127563,666,88
1455,13250,base_enriched,max,-0.4097111225128174,0.3101399838924408,-1.3210521936416626,1.3210521936416626,612,88
1456,3364,base_enriched,max,-0.1752861589193344,0.1327969878911972,-1.319955825805664,1.319955825805664,424,88
1457,13364,base_enriched,max,-0.2208268940448761,0.16735891997814178,-1.3194808959960938,1.3194808959960938,753,88
1458,896,base_enriched,max,-0.4665924906730652,0.3538208305835724,-1.318725347518921,1.318725347518921,631,88
1459,13685,base_enriched,max,-0.35271507501602173,0.26754534244537354,-1.3183375597000122,1.3183375597000122,685,88
1460,3116,base_enriched,mean,-0.01661713607609272,0.012615631334483624,-1.3171862363815308,1.3171862363815308,314,88
1461,13157,base_enriched,max,-0.5488463044166565,0.4176190197467804,-1.3142272233963013,1.3142272233963013,815,88
1462,1207,base_enriched,max,-0.156075119972229,0.118799589574337,-1.3137681484222412,1.3137681484222412,830,88
1463,14322,base_enriched,mean,-0.013285978697240353,0.01011622790247202,-1.31333327293396,1.31333327293396,706,88
1464,7647,base_enriched,active_fraction,-0.0035194840747863054,0.0026837545447051525,-1.3114031553268433,1.3114031553268433,729,88
1465,1045,base_enriched,active_fraction,-0.0016439659520983696,0.0012546381913125515,-1.3103108406066895,1.3103108406066895,731,88
1466,11177,base_enriched,active_fraction,-0.006897123530507088,0.005271796602755785,-1.308306097984314,1.308306097984314,758,88
1467,16331,base_enriched,max,-0.13013263046741486,0.09988801926374435,-1.3027851581573486,1.3027851581573486,462,88
1468,1351,base_enriched,active_fraction,-0.0020884580444544554,0.0016047874232754111,-1.3013923168182373,1.3013923168182373,866,88
1469,6356,base_enriched,max,-0.27656251192092896,0.21258662641048431,-1.3009402751922607,1.3009402751922607,871,88
1470,854,base_enriched,max,-0.2679460346698761,0.20623815059661865,-1.2992069721221924,1.2992069721221924,798,88
1471,13033,base_enriched,max,-0.440334290266037,0.33914515376091003,-1.2983652353286743,1.2983652353286743,623,88
1472,8991,base_enriched,max,-0.7499613761901855,0.5778074860572815,-1.297943353652954,1.297943353652954,850,88
1473,7066,base_enriched,mean,-0.0200369730591774,0.015444120392203331,-1.2973852157592773,1.2973852157592773,865,88
1474,10363,base_enriched,max,-0.11371729522943497,0.08773519843816757,-1.2961422204971313,1.2961422204971313,430,88
1475,6364,base_enriched,max,-0.18518351018428802,0.14292648434638977,-1.2956557273864746,1.2956557273864746,557,88
1476,173,base_enriched,max,-0.13265351951122284,0.10243372619152069,-1.295017957687378,1.295017957687378,624,88
1477,11471,base_enriched,max,-0.12352947890758514,0.09541086107492447,-1.2947108745574951,1.2947108745574951,741,88
1478,7786,base_enriched,max,-0.19929370284080505,0.15408039093017578,-1.2934397459030151,1.2934397459030151,656,88
1479,13314,base_enriched,active_fraction,-0.0006681220256723464,0.000517389620654285,-1.291332483291626,1.291332483291626,607,88
1480,6150,base_enriched,max,-0.7140148282051086,0.5532258152961731,-1.290639042854309,1.290639042854309,844,88
1481,10060,base_enriched,active_fraction,-0.0007365382043644786,0.000570804753806442,-1.2903505563735962,1.2903505563735962,657,88
1482,12743,base_enriched,max,-0.10710619390010834,0.08308064937591553,-1.2891833782196045,1.2891833782196045,610,88
1483,155,base_enriched,max,-0.04716569930315018,0.036610767245292664,-1.2883013486862183,1.2883013486862183,138,88
1484,3805,base_enriched,max,-0.537895143032074,0.41764581203460693,-1.2879217863082886,1.2879217863082886,482,88
1485,16165,base_enriched,max,-0.17672714591026306,0.13766245543956757,-1.2837715148925781,1.2837715148925781,668,88
1486,9719,base_enriched,max,-0.20152616500854492,0.15711918473243713,-1.2826324701309204,1.2826324701309204,366,88
1487,5283,base_enriched,max,-0.19806958734989166,0.1545458734035492,-1.2816232442855835,1.2816232442855835,867,88
1488,11186,base_enriched,max,-0.7526389956474304,0.5879342555999756,-1.2801414728164673,1.2801414728164673,730,88
1489,132,base_enriched,max,-0.4318041503429413,0.3374452590942383,-1.2796272039413452,1.2796272039413452,679,88
1490,12505,base_enriched,active_fraction,-0.0021189134567976,0.0016587203135713935,-1.2774386405944824,1.2774386405944824,725,88
1491,10796,base_enriched,max,-0.5068132281303406,0.39702996611595154,-1.276511311531067,1.276511311531067,808,88
1492,8014,base_enriched,max,-0.4768480956554413,0.3739944100379944,-1.2750139236450195,1.2750139236450195,870,88
1493,3495,base_enriched,max,-0.28081396222114563,0.22038614749908447,-1.2741906642913818,1.2741906642913818,603,88
1494,6022,base_enriched,active_fraction,-0.004594989120960236,0.003615786787122488,-1.2708131074905396,1.2708131074905396,475,88
1495,15001,base_enriched,max,-0.09435978531837463,0.07426376640796661,-1.2706032991409302,1.2706032991409302,625,88
1496,4492,base_enriched,max,-0.3840070962905884,0.30228644609451294,-1.2703417539596558,1.2703417539596558,855,88
1497,15957,base_enriched,max,-0.4977448284626007,0.391912043094635,-1.2700421810150146,1.2700421810150146,658,88
1498,13922,base_enriched,max,-0.12656250596046448,0.09965264797210693,-1.2700365781784058,1.2700365781784058,249,88
1499,2456,base_enriched,max,-0.5957167744636536,0.47087833285331726,-1.2651182413101196,1.2651182413101196,812,88
1500,11367,base_enriched,max,-0.5387036800384521,0.4263216555118561,-1.2636085748672485,1.2636085748672485,709,88
1501,9523,base_enriched,active_fraction,-0.0022801863960921764,0.0018058627611026168,-1.262657642364502,1.262657642364502,818,88
1502,11,base_enriched,max,-0.08422964811325073,0.06679773330688477,-1.2609657049179077,1.2609657049179077,396,88
1503,7458,base_enriched,max,-0.13321901857852936,0.10565980523824692,-1.2608296871185303,1.2608296871185303,852,88
1504,13738,base_enriched,mean,-0.013250288553535938,0.01051021832972765,-1.2607053518295288,1.2607053518295288,842,88
1505,643,base_enriched,active_fraction,-0.0006339317187666893,0.0005030162865296006,-1.260260820388794,1.260260820388794,332,88
1506,11284,base_enriched,mean,-0.012980678118765354,0.010308707132935524,-1.2591955661773682,1.2591955661773682,807,88
1507,15978,base_enriched,active_fraction,-0.00043355365050956607,0.0003445922047831118,-1.258164405822754,1.258164405822754,182,88
1508,9096,base_enriched,max,-0.4138740003108978,0.3291139304637909,-1.257540225982666,1.257540225982666,670,88
1509,11836,base_enriched,max,-0.23193585872650146,0.1845531016588211,-1.2567431926727295,1.2567431926727295,576,88
1510,5217,base_enriched,max,-0.19868959486484528,0.15914234519004822,-1.2485023736953735,1.2485023736953735,857,88
1511,257,base_enriched,max,-0.11374227702617645,0.09118659794330597,-1.2473573684692383,1.2473573684692383,324,88
1512,9765,base_enriched,max,-0.102152980864048,0.08196210861206055,-1.246343970298767,1.246343970298767,501,88
1513,9240,base_enriched,max,-0.29544875025749207,0.23711520433425903,-1.2460135221481323,1.2460135221481323,872,88
1514,2970,base_enriched,max,-0.37908339500427246,0.3048692047595978,-1.2434296607971191,1.2434296607971191,840,88
1515,11215,base_enriched,max,-0.09190134704113007,0.07431667298078537,-1.236618161201477,1.236618161201477,778,88
1516,8781,base_enriched,max,-0.1710846722126007,0.13860109448432922,-1.2343673706054688,1.2343673706054688,870,88
1517,5126,base_enriched,active_fraction,-0.0009251883020624518,0.0007501925574615598,-1.2332677841186523,1.2332677841186523,615,88
1518,7214,base_enriched,mean,-0.010777047835290432,0.008743836544454098,-1.2325308322906494,1.2325308322906494,854,88
1519,11962,base_enriched,max,-0.21415674686431885,0.17377889156341553,-1.2323518991470337,1.2323518991470337,687,88
1520,14137,base_enriched,max,-0.7173464894294739,0.5825476050376892,-1.2313954830169678,1.2313954830169678,837,88
1521,4403,base_enriched,mean,-0.024416714906692505,0.019869718700647354,-1.2288404703140259,1.2288404703140259,663,88
1522,4301,base_enriched,max,-0.5474802255630493,0.446088045835495,-1.2272918224334717,1.2272918224334717,693,88
1523,8826,base_enriched,max,-0.2586437165737152,0.21108277142047882,-1.2253189086914062,1.2253189086914062,299,88
1524,2723,base_enriched,max,-0.062204759567976,0.05086405947804451,-1.2229609489440918,1.2229609489440918,319,88
1525,2150,base_enriched,mean,-0.0027055474929511547,0.0022141030058264732,-1.2219610214233398,1.2219610214233398,198,88
1526,10357,base_enriched,max,-0.15329532325267792,0.12551836669445038,-1.2212979793548584,1.2212979793548584,725,88
1527,16097,base_enriched,max,-0.5079374313354492,0.41706541180610657,-1.2178843021392822,1.2178843021392822,694,88
1528,14428,base_enriched,max,-0.11389216780662537,0.09360931068658829,-1.2166756391525269,1.2166756391525269,384,88
1529,9102,base_enriched,max,-0.1025753989815712,0.08444274216890335,-1.2147331237792969,1.2147331237792969,675,88
1530,5943,base_enriched,active_fraction,-0.002259054919704795,0.0018604202196002007,-1.2142713069915771,1.2142713069915771,845,88
1531,10564,base_enriched,max,-0.6698741912841797,0.5519663691520691,-1.2136141061782837,1.2136141061782837,823,88
1532,1549,base_enriched,mean,-0.0058361319825053215,0.004811079706996679,-1.213060736656189,1.213060736656189,285,88
1533,5812,base_enriched,active_fraction,-0.0006529342499561608,0.0005383490934036672,-1.2128454446792603,1.2128454446792603,605,88
1534,14320,base_enriched,active_fraction,-0.0007998798973858356,0.0006598701584152877,-1.2121777534484863,1.2121777534484863,560,88
1535,11704,base_enriched,max,-0.26674124598503113,0.22085703909397125,-1.207755208015442,1.207755208015442,651,88
1536,10593,base_enriched,active_fraction,-0.0027728767599910498,0.0023001295048743486,-1.2055307626724243,1.2055307626724243,627,88
1537,3351,base_enriched,mean,-0.00897113885730505,0.0074643478728830814,-1.2018650770187378,1.2018650770187378,589,88
1538,10093,base_enriched,mean,-0.007957489229738712,0.0066321007907390594,-1.199844479560852,1.199844479560852,532,88
1539,499,base_enriched,max,-0.6188817024230957,0.5168828964233398,-1.1973344087600708,1.1973344087600708,752,88
1540,1434,base_enriched,max,-0.40384718775749207,0.3373487889766693,-1.1971206665039062,1.1971206665039062,868,88
1541,10676,base_enriched,max,-0.24181731045246124,0.2023610770702362,-1.1949793100357056,1.1949793100357056,394,88
1542,12599,base_enriched,active_fraction,-0.0016197825316339731,0.0013591012684628367,-1.1918041706085205,1.1918041706085205,632,88
1543,8981,base_enriched,max,-0.26677075028419495,0.22432498633861542,-1.1892155408859253,1.1892155408859253,862,88
1544,6154,base_enriched,max,-0.2604668140411377,0.21902717649936676,-1.189198613166809,1.189198613166809,747,88
1545,13226,base_enriched,max,-0.11194812506437302,0.09416083246469498,-1.1889033317565918,1.1889033317565918,383,88
1546,5027,base_enriched,mean,-0.005057428032159805,0.004254996310919523,-1.1885857582092285,1.1885857582092285,495,88
1547,7026,base_enriched,max,-0.21847179532051086,0.18448591232299805,-1.1842193603515625,1.1842193603515625,798,88
1548,7542,base_enriched,mean,-0.0181732177734375,0.015346700325608253,-1.1841775178909302,1.1841775178909302,820,88
1549,10860,base_enriched,max,-0.30917060375213623,0.26113447546958923,-1.183951735496521,1.183951735496521,780,88
1550,1852,base_enriched,max,-0.49837619066238403,0.4214172661304474,-1.182619333267212,1.182619333267212,725,88
1551,9155,base_enriched,active_fraction,-0.0017271707765758038,0.001462860032916069,-1.1806808710098267,1.1806808710098267,532,88
1552,10035,base_enriched,max,-0.6781590580940247,0.5749824643135071,-1.1794430017471313,1.1794430017471313,858,88
1553,12294,base_enriched,max,-0.6493368744850159,0.5509897470474243,-1.1784917116165161,1.1784917116165161,331,88
1554,9040,base_enriched,max,-0.46691611409187317,0.39679622650146484,-1.1767151355743408,1.1767151355743408,808,88
1555,8250,base_enriched,active_fraction,-0.0009264568798244,0.0007878689793869853,-1.175902247428894,1.175902247428894,490,88
1556,7153,base_enriched,max,-0.4136877655982971,0.3528999388217926,-1.1722522974014282,1.1722522974014282,783,88
1557,7269,base_enriched,max,-0.2150913029909134,0.18459875881671906,-1.1651828289031982,1.1651828289031982,645,88
1558,6498,base_enriched,max,-0.6065588593482971,0.5210832357406616,-1.1640344858169556,1.1640344858169556,836,88
1559,7590,base_enriched,active_fraction,-0.003000108525156975,0.0025779467541724443,-1.1637588739395142,1.1637588739395142,605,88
1560,7173,base_enriched,mean,-0.005782433319836855,0.004977429751306772,-1.1617307662963867,1.1617307662963867,839,88
1561,13355,base_enriched,max,-0.252207487821579,0.21720793843269348,-1.161133885383606,1.161133885383606,695,88
1562,11278,base_enriched,max,-0.14234420657157898,0.12298242747783661,-1.1574352979660034,1.1574352979660034,306,88
1563,9471,base_enriched,active_fraction,-0.000982736935839057,0.0008498815586790442,-1.1563222408294678,1.1563222408294678,187,88
1564,2119,base_enriched,active_fraction,-0.00025114015443250537,0.00021724187536165118,-1.1560393571853638,1.1560393571853638,158,88
1565,6269,base_enriched,max,-0.2915515899658203,0.2524282932281494,-1.1549878120422363,1.1549878120422363,793,88
1566,15263,base_enriched,active_fraction,-0.001159055856987834,0.0010036628227680922,-1.1548259258270264,1.1548259258270264,589,88
1567,9335,base_enriched,active_fraction,-0.0017297345912083983,0.0014979243278503418,-1.1547542810440063,1.1547542810440063,639,88
1568,2771,base_enriched,max,-0.131631538271904,0.11411139369010925,-1.1535354852676392,1.1535354852676392,676,88
1569,10527,base_enriched,max,-0.3248915672302246,0.2819221615791321,-1.1524158716201782,1.1524158716201782,820,88
1570,7589,base_enriched,max,-0.2852879762649536,0.24777908623218536,-1.1513804197311401,1.1513804197311401,439,88
1571,15269,base_enriched,max,-0.189628005027771,0.1651708483695984,-1.1480718851089478,1.1480718851089478,702,88
1572,10929,base_enriched,max,-0.3330487012863159,0.2913949489593506,-1.1429460048675537,1.1429460048675537,859,88
1573,3360,base_enriched,max,-0.1531931310892105,0.13409598171710968,-1.1424139738082886,1.1424139738082886,868,88
1574,749,base_enriched,max,-0.1608920842409134,0.14125490188598633,-1.13901948928833,1.13901948928833,632,88
1575,15557,base_enriched,max,-0.4738917052745819,0.416184663772583,-1.1386573314666748,1.1386573314666748,741,88
1576,2258,base_enriched,max,-0.11054687201976776,0.09724575281143188,-1.1367783546447754,1.1367783546447754,556,88
1577,525,base_enriched,max,-0.37817156314849854,0.33337318897247314,-1.1343790292739868,1.1343790292739868,755,88
1578,13905,base_enriched,active_fraction,-0.001434743171557784,0.001265139551833272,-1.134059190750122,1.134059190750122,575,88
1579,6884,base_enriched,max,-0.08505518734455109,0.075038380920887,-1.1334891319274902,1.1334891319274902,590,88
1580,12588,base_enriched,max,-0.6710665225982666,0.5928109288215637,-1.1320077180862427,1.1320077180862427,803,88
1581,2816,base_enriched,max,-0.2842410206794739,0.251316100358963,-1.1310099363327026,1.1310099363327026,756,88
1582,9750,base_enriched,max,-0.1343681812286377,0.11882267147302628,-1.1308294534683228,1.1308294534683228,493,88
1583,6987,base_enriched,max,-0.5427257418632507,0.48093417286872864,-1.1284823417663574,1.1284823417663574,840,88
1584,10408,base_enriched,max,-0.13125567138195038,0.11639928817749023,-1.127632975578308,1.127632975578308,419,88
1585,2336,base_enriched,max,-0.41347429156303406,0.36675962805747986,-1.1273713111877441,1.1273713111877441,522,88
1586,4158,base_enriched,active_fraction,-0.0009336161310784519,0.000828355026897043,-1.1270724534988403,1.1270724534988403,611,88
1587,3071,base_enriched,max,-0.5064816474914551,0.4499428868293762,-1.1256576776504517,1.1256576776504517,817,88
1588,3089,base_enriched,max,-0.33366188406944275,0.29683682322502136,-1.1240582466125488,1.1240582466125488,862,88
1589,1602,base_enriched,max,-0.6157112717628479,0.5485143661499023,-1.122507095336914,1.122507095336914,666,88
1590,8952,base_enriched,max,-1.0661746263504028,0.9503000974655151,-1.1219346523284912,1.1219346523284912,425,88
1591,10901,base_enriched,max,-0.12024664133787155,0.10733725130558014,-1.1202694177627563,1.1202694177627563,823,88
1592,11811,base_enriched,mean,-0.007780070416629314,0.006995028350502253,-1.1122286319732666,1.1122286319732666,660,88
1593,7719,base_enriched,max,-0.2113349437713623,0.1904890537261963,-1.1094335317611694,1.1094335317611694,829,88
1594,2877,base_enriched,max,-0.10757631063461304,0.09703034907579422,-1.1086872816085815,1.1086872816085815,300,88
1595,1668,base_enriched,mean,-0.007511591538786888,0.006785538978874683,-1.1069999933242798,1.1069999933242798,687,88
1596,14442,base_enriched,max,-0.2415061742067337,0.21825052797794342,-1.1065548658370972,1.1065548658370972,871,88
1597,15843,base_enriched,max,-0.27904704213142395,0.25247088074684143,-1.1052643060684204,1.1052643060684204,813,88
1598,9969,base_enriched,active_fraction,-0.001252303016372025,0.0011337421601638198,-1.1045747995376587,1.1045747995376587,428,88
1599,8998,base_enriched,max,-0.5021756887435913,0.4559684693813324,-1.1013386249542236,1.1013386249542236,833,88
1600,436,base_enriched,max,-0.5398414731025696,0.4903342127799988,-1.1009663343429565,1.1009663343429565,559,88
1601,15218,base_enriched,max,-0.7045421600341797,0.6430690884590149,-1.0955932140350342,1.0955932140350342,695,88
1602,461,base_enriched,max,-0.3863394856452942,0.35287973284721375,-1.094819188117981,1.094819188117981,735,88
1603,849,base_enriched,active_fraction,-0.002409478183835745,0.002202379982918501,-1.0940338373184204,1.0940338373184204,868,88
1604,1437,base_enriched,active_fraction,-0.002243547700345516,0.002052340190857649,-1.093165636062622,1.093165636062622,736,88
1605,10575,base_enriched,max,-0.44813773036003113,0.4100431501865387,-1.0929038524627686,1.0929038524627686,776,88
1606,7784,base_enriched,max,-0.11774618178606033,0.10818643867969513,-1.0883636474609375,1.0883636474609375,870,88
1607,5083,base_enriched,max,-0.07856559008359909,0.07219346612691879,-1.0882645845413208,1.0882645845413208,854,88
1608,6968,base_enriched,active_fraction,-0.0013781613670289516,0.001266716280952096,-1.0879795551300049,1.0879795551300049,623,88
1609,4226,base_enriched,mean,-0.0067400555126369,0.006225839722901583,-1.0825937986373901,1.0825937986373901,619,88
1610,6267,base_enriched,active_fraction,-0.00193889532238245,0.0017986514139920473,-1.0779716968536377,1.0779716968536377,735,88
1611,7265,base_enriched,max,-0.32437318563461304,0.3012388348579407,-1.076797366142273,1.076797366142273,619,88
1612,9310,base_enriched,max,-0.5811773538589478,0.5399042367935181,-1.07644522190094,1.07644522190094,511,88
1613,6477,base_enriched,active_fraction,-0.0007351897656917572,0.0006840323912911117,-1.074787974357605,1.074787974357605,681,88
1614,8600,base_enriched,max,-0.48015308380126953,0.44746389985084534,-1.073054313659668,1.073054313659668,578,88
1615,12071,base_enriched,max,-0.11121911555528641,0.10366333276033401,-1.072887659072876,1.072887659072876,498,88
1616,7538,base_enriched,max,-0.2611237168312073,0.24339641630649567,-1.0728330612182617,1.0728330612182617,798,88
1617,1058,base_enriched,max,-0.2530818581581116,0.23599068820476532,-1.0724231004714966,1.0724231004714966,577,88
1618,4182,base_enriched,active_fraction,-0.0019184822449460626,0.001790703390724957,-1.0713567733764648,1.0713567733764648,811,88
1619,5592,base_enriched,max,-0.12581531703472137,0.11766944080591202,-1.0692267417907715,1.0692267417907715,665,88
1620,12732,base_enriched,max,-0.10974064469337463,0.10420152544975281,-1.0531578063964844,1.0531578063964844,463,88
1621,13744,base_enriched,mean,-0.014845684170722961,0.014114518649876118,-1.051802396774292,1.051802396774292,771,88
1622,15498,base_enriched,active_fraction,-0.004920116625726223,0.004697464872151613,-1.047398328781128,1.047398328781128,845,88
1623,8152,base_enriched,max,-0.12545421719551086,0.12021169066429138,-1.0436108112335205,1.0436108112335205,869,88
1624,13107,base_enriched,active_fraction,-0.002470371313393116,0.0023758364841341972,-1.039790153503418,1.039790153503418,831,88
1625,14909,base_enriched,max,-0.312245637178421,0.30031225085258484,-1.0397366285324097,1.0397366285324097,534,88
1626,6852,base_enriched,active_fraction,-0.001436907798051834,0.001393777783960104,-1.0309447050094604,1.0309447050094604,852,88
1627,889,base_enriched,max,-0.4231286346912384,0.41097328066825867,-1.0295770168304443,1.0295770168304443,258,88
1628,2607,base_enriched,max,-0.2200581431388855,0.2144157737493515,-1.0263150930404663,1.0263150930404663,870,88
1629,11035,base_enriched,max,-0.358477920293808,0.349551796913147,-1.0255359411239624,1.0255359411239624,840,88
1630,15696,base_enriched,max,-0.5668990612030029,0.5529473423957825,-1.0252315998077393,1.0252315998077393,552,88
1631,1571,base_enriched,max,-0.15899573266506195,0.15549024939537048,-1.0225447416305542,1.0225447416305542,619,88
1632,12466,base_enriched,max,-0.08631790429353714,0.08494974672794342,-1.0161055326461792,1.0161055326461792,375,88
1633,2250,base_enriched,mean,-0.006339902523905039,0.006243050564080477,-1.01551353931427,1.01551353931427,605,88
1634,13965,base_enriched,mean,-0.008191556669771671,0.008067525923252106,-1.0153740644454956,1.0153740644454956,715,88
1635,9933,base_enriched,active_fraction,-0.0021134044509381056,0.0020817264448851347,-1.0152171850204468,1.0152171850204468,684,88
1636,4524,base_enriched,max,-0.22705304622650146,0.22379016876220703,-1.0145801305770874,1.0145801305770874,608,88
1637,7644,base_enriched,mean,-0.014140005223453045,0.013937167823314667,-1.0145536661148071,1.0145536661148071,585,88
1638,14883,base_enriched,max,-0.2923964262008667,0.2885688543319702,-1.0132639408111572,1.0132639408111572,865,88
1639,2576,base_enriched,max,-0.31036290526390076,0.3070641756057739,-1.0107427835464478,1.0107427835464478,822,88
1640,1897,base_enriched,mean,-0.012400675565004349,0.012291966006159782,-1.0088438987731934,1.0088438987731934,801,88
1641,7829,base_enriched,active_fraction,-0.0017951522022485733,0.0017834200989454985,-1.0065784454345703,1.0065784454345703,788,88
1642,9434,base_enriched,mean,-0.012417717836797237,0.0123423021286726,-1.0061103105545044,1.0061103105545044,539,88
1643,9486,base_enriched,max,-0.09545330703258514,0.09521284699440002,-1.0025254487991333,1.0025254487991333,594,88
1644,16089,base_enriched,max,-0.28588297963142395,0.2853088676929474,-1.0020122528076172,1.0020122528076172,829,88
1645,14283,base_enriched,max,-0.388104110956192,0.3885284662246704,-0.9989078044891357,0.9989078044891357,774,88
1646,2966,base_enriched,max,-0.47447991371154785,0.47598016262054443,-0.9968481063842773,0.9968481063842773,820,88
1647,6399,base_enriched,active_fraction,-0.002316568046808243,0.0023305013310164213,-0.9940213561058044,0.9940213561058044,795,88
1648,8382,base_enriched,max,-0.5834779143333435,0.5885907411575317,-0.9913134574890137,0.9913134574890137,637,88
1649,12748,base_enriched,mean,-0.01291228923946619,0.013074536807835102,-0.9875905513763428,0.9875905513763428,716,88
1650,11057,base_enriched,max,-0.0658634603023529,0.06702972948551178,-0.9826006889343262,0.9826006889343262,485,88
1651,2515,base_enriched,max,-0.4690123200416565,0.4781484305858612,-0.9808927178382874,0.9808927178382874,545,88
1652,851,base_enriched,active_fraction,-0.00157814915291965,0.0016240429831668735,-0.9717410206794739,0.9717410206794739,871,88
1653,9939,base_enriched,max,-0.09941179305315018,0.10244690626859665,-0.970373809337616,0.970373809337616,663,88
1654,14084,base_enriched,max,-0.13672783970832825,0.14101362228393555,-0.9696072936058044,0.9696072936058044,865,88
1655,13354,base_enriched,max,-0.5932889580726624,0.6146295070648193,-0.9652789831161499,0.9652789831161499,828,88
1656,15707,base_enriched,max,-0.18106603622436523,0.18791033327579498,-0.9635767936706543,0.9635767936706543,580,88
1657,6691,base_enriched,max,-0.5191247463226318,0.540199339389801,-0.960987389087677,0.960987389087677,493,88
1658,1299,base_enriched,max,-0.14542150497436523,0.15145117044448853,-0.9601873755455017,0.9601873755455017,555,88
1659,2406,base_enriched,active_fraction,-0.0026627827901393175,0.002776196226477623,-0.9591479301452637,0.9591479301452637,855,88
1660,12299,base_enriched,mean,-0.011945050209760666,0.012500746175646782,-0.9555469751358032,0.9555469751358032,728,88
1661,6603,base_enriched,max,-0.22651594877243042,0.23719891905784607,-0.9549619555473328,0.9549619555473328,577,88
1662,8158,base_enriched,max,-0.3901616930961609,0.409689337015152,-0.9523354768753052,0.9523354768753052,824,88
1663,7699,base_enriched,active_fraction,-0.0019426568178460002,0.0020413417369127274,-0.9516568183898926,0.9516568183898926,772,88
1664,5973,base_enriched,max,-0.4946516156196594,0.5199933052062988,-0.9512653350830078,0.9512653350830078,564,88
1665,2874,base_enriched,mean,-0.011652533896267414,0.012276789173483849,-0.9491515755653381,0.9491515755653381,603,88
1666,4812,base_enriched,mean,-0.019254054874181747,0.02028954029083252,-0.9489645957946777,0.9489645957946777,626,88
1667,1890,base_enriched,mean,-0.016850795596837997,0.01775955967605114,-0.9488295912742615,0.9488295912742615,691,88
1668,8195,base_enriched,mean,-0.025298230350017548,0.02669096365571022,-0.9478200674057007,0.9478200674057007,453,88
1669,8082,base_enriched,max,-0.4716933071613312,0.4987102746963501,-0.9458263516426086,0.9458263516426086,662,88
1670,2380,base_enriched,max,-0.21601733565330505,0.22859635949134827,-0.9449727535247803,0.9449727535247803,554,88
1671,4357,base_enriched,mean,-0.014370966702699661,0.015279119834303856,-0.9405624866485596,0.9405624866485596,751,88
1672,5163,base_enriched,max,-0.20018169283866882,0.21346759796142578,-0.9377614855766296,0.9377614855766296,869,88
1673,2549,base_enriched,max,-0.5872796773910522,0.6268061995506287,-0.9369397759437561,0.9369397759437561,538,88
1674,1586,base_enriched,active_fraction,-0.0040064612403512,0.0042817555367946625,-0.935705304145813,0.935705304145813,818,88
1675,1610,base_enriched,max,-0.4614984691143036,0.49425429105758667,-0.9337267875671387,0.9337267875671387,544,88
1676,1111,base_enriched,mean,-0.02285889908671379,0.024503033608198166,-0.9329007863998413,0.9329007863998413,145,88
1677,16188,base_enriched,max,-0.13872183859348297,0.1490454524755478,-0.9307351112365723,0.9307351112365723,526,88
1678,8146,base_enriched,max,-0.9282271862030029,0.9973317980766296,-0.93071049451828,0.93071049451828,530,88
1679,10622,base_enriched,active_fraction,-0.0007637201342731714,0.0008211798849515617,-0.9300278425216675,0.9300278425216675,634,88
1680,1224,base_enriched,mean,-0.004538318607956171,0.004883169196546078,-0.9293797612190247,0.9293797612190247,599,88
1681,9517,base_enriched,active_fraction,-0.0013637187657877803,0.0014815599424764514,-0.9204614162445068,0.9204614162445068,599,88
1682,16013,base_enriched,mean,-0.01132595632225275,0.012323916889727116,-0.9190224409103394,0.9190224409103394,764,88
1683,14408,base_enriched,mean,-0.016510453075170517,0.01797066628932953,-0.9187446236610413,0.9187446236610413,768,88
1684,7986,base_enriched,max,-0.0878179520368576,0.0956268310546875,-0.9183400869369507,0.9183400869369507,786,88
1685,14362,base_enriched,max,-0.16757813096046448,0.18252240121364594,-0.9181236624717712,0.9181236624717712,560,88
1686,7914,base_enriched,active_fraction,-0.001259134034626186,0.001388426753692329,-0.9068782329559326,0.9068782329559326,851,88
1687,4931,base_enriched,max,-0.14323559403419495,0.15847456455230713,-0.903839647769928,0.903839647769928,324,88
1688,1375,base_enriched,active_fraction,-0.0008718978497199714,0.0009671652223914862,-0.9014983177185059,0.9014983177185059,747,88
1689,9233,base_enriched,max,-0.15066656470298767,0.16781969368457794,-0.8977883458137512,0.8977883458137512,785,88
1690,5839,base_enriched,max,-0.2527116537094116,0.2819826602935791,-0.8961957097053528,0.8961957097053528,864,88
1691,13871,base_enriched,mean,-0.005376283545047045,0.006007642485201359,-0.8949073553085327,0.8949073553085327,853,88
1692,12355,base_enriched,max,-0.23662564158439636,0.2644587755203247,-0.8947543501853943,0.8947543501853943,655,88
1693,1958,base_enriched,max,-0.4117550849914551,0.461404412984848,-0.8923951983451843,0.8923951983451843,853,88
1694,153,base_enriched,active_fraction,-0.0021545677445828915,0.0024182689376175404,-0.8909545540809631,0.8909545540809631,766,88
1695,11076,base_enriched,mean,-0.010135739110410213,0.011450248770415783,-0.885198175907135,0.885198175907135,597,88
1696,2248,base_enriched,active_fraction,-0.0036209106910973787,0.004093295428901911,-0.884595513343811,0.884595513343811,872,88
1697,8684,base_enriched,max,-0.5081440806388855,0.5752852559089661,-0.8832906484603882,0.8832906484603882,521,88
1698,16288,base_enriched,mean,-0.017443740740418434,0.019768089056015015,-0.8824191689491272,0.8824191689491272,694,88
1699,2167,base_enriched,max,-0.13530443608760834,0.15397052466869354,-0.8787684440612793,0.8787684440612793,754,88
1700,16023,base_enriched,mean,-0.006425644736737013,0.007354172877967358,-0.8737413287162781,0.8737413287162781,679,88
1701,11596,base_enriched,mean,-0.011232571676373482,0.012882106006145477,-0.8719515204429626,0.8719515204429626,746,88
1702,4379,base_enriched,max,-0.20651116967201233,0.23767955601215363,-0.8688638210296631,0.8688638210296631,463,88
1703,1961,base_enriched,max,-0.29098382592201233,0.3388347923755646,-0.8587778806686401,0.8587778806686401,870,88
1704,4483,base_enriched,mean,-0.0030159882735460997,0.0035474952310323715,-0.8501740097999573,0.8501740097999573,302,88
1705,12913,base_enriched,max,-0.215506911277771,0.2548302412033081,-0.8456881046295166,0.8456881046295166,280,88
1706,4205,base_enriched,active_fraction,-0.004787391982972622,0.005714547820389271,-0.8377551436424255,0.8377551436424255,744,88
1707,13695,base_enriched,active_fraction,-0.0010567066492512822,0.0012615852756425738,-0.8376022577285767,0.8376022577285767,859,88
1708,14123,base_enriched,max,-0.11779160797595978,0.14064811170101166,-0.8374915719032288,0.8374915719032288,672,88
1709,1092,base_enriched,max,-0.15167605876922607,0.18130329251289368,-0.8365874290466309,0.8365874290466309,872,88
1710,6993,base_enriched,mean,-0.005856567062437534,0.007002857513725758,-0.8363110423088074,0.8363110423088074,777,88
1711,3024,base_enriched,max,-0.2749568521976471,0.331301748752594,-0.8299287557601929,0.8299287557601929,613,88
1712,11598,base_enriched,max,-0.2910042703151703,0.3509974181652069,-0.8290780782699585,0.8290780782699585,590,88
1713,9503,base_enriched,max,-0.07793082296848297,0.09408571571111679,-0.8282960057258606,0.8282960057258606,616,88
1714,2859,base_enriched,mean,-0.019866028800606728,0.024016862735152245,-0.8271700143814087,0.8271700143814087,777,88
1715,574,base_enriched,max,-0.782190203666687,0.9469188451766968,-0.8260372281074524,0.8260372281074524,724,88
1716,7478,base_enriched,max,-0.15244367718696594,0.18527373671531677,-0.8228024244308472,0.8228024244308472,508,88
1717,8497,base_enriched,max,-0.21609057486057281,0.26534298062324524,-0.8143820762634277,0.8143820762634277,718,88
1718,12542,base_enriched,active_fraction,-0.0015516591956838965,0.0019143546232953668,-0.8105390667915344,0.8105390667915344,742,88
1719,6497,base_enriched,active_fraction,-0.00409814715385437,0.005069116596132517,-0.8084539175033569,0.8084539175033569,758,88
1720,6043,base_enriched,max,-0.3788699209690094,0.470258891582489,-0.8056624531745911,0.8056624531745911,525,88
1721,7375,base_enriched,max,-0.2006767839193344,0.24926617741584778,-0.8050702214241028,0.8050702214241028,411,88
1722,15748,base_enriched,max,-0.43584439158439636,0.5425252914428711,-0.8033623695373535,0.8033623695373535,654,88
1723,7959,base_enriched,max,-0.47180232405662537,0.5938073992729187,-0.7945376038551331,0.7945376038551331,781,88
1724,7701,base_enriched,max,-0.2719249725341797,0.34331607818603516,-0.792054295539856,0.792054295539856,584,88
1725,616,base_enriched,max,-0.14797420799732208,0.18687810003757477,-0.791822075843811,0.791822075843811,660,88
1726,4399,base_enriched,max,-0.11303597688674927,0.14336812496185303,-0.788431704044342,0.788431704044342,674,88
1727,10827,base_enriched,max,-0.4002203047275543,0.5095194578170776,-0.7854858040809631,0.7854858040809631,787,88
1728,3763,base_enriched,max,-0.05800100043416023,0.07390742003917694,-0.7847791314125061,0.7847791314125061,410,88
1729,14050,base_enriched,max,-0.4272165596485138,0.5482245683670044,-0.7792729139328003,0.7792729139328003,519,88
1730,13085,base_enriched,mean,-0.005554696079343557,0.00716277863830328,-0.7754945755004883,0.7754945755004883,544,88
1731,11517,base_enriched,mean,-0.004490511026233435,0.005831939168274403,-0.7699859142303467,0.7699859142303467,816,88
1732,10401,base_enriched,max,-0.15928415954113007,0.20692235231399536,-0.7697774171829224,0.7697774171829224,673,88
1733,4861,base_enriched,mean,-0.020308269187808037,0.02640347182750702,-0.7691514492034912,0.7691514492034912,806,88
1734,6562,base_enriched,max,-0.17833393812179565,0.23295077681541443,-0.7655434608459473,0.7655434608459473,870,88
1735,6792,base_enriched,max,-0.5509833693504333,0.7229729890823364,-0.7621078491210938,0.7621078491210938,523,88
1736,3708,base_enriched,mean,-0.004314875230193138,0.005682557355612516,-0.7593192458152771,0.7593192458152771,692,88
1737,8865,base_enriched,mean,-0.004076030571013689,0.005390936508774757,-0.7560895085334778,0.7560895085334778,754,88
1738,10652,base_enriched,max,-0.12174327671527863,0.1613234579563141,-0.75465327501297,0.75465327501297,411,88
1739,7446,base_enriched,max,-0.2262059450149536,0.30113205313682556,-0.7511852383613586,0.7511852383613586,785,88
1740,3625,base_enriched,max,-0.3876408040523529,0.518813967704773,-0.7471672296524048,0.7471672296524048,774,88
1741,13963,base_enriched,max,-0.144326850771904,0.1938810795545578,-0.7444091439247131,0.7444091439247131,603,88
1742,3670,base_enriched,max,-0.3579533100128174,0.48172974586486816,-0.7430583238601685,0.7430583238601685,354,88
1743,5078,base_enriched,active_fraction,-0.0010738106211647391,0.0014462551334872842,-0.7424766421318054,0.7424766421318054,677,88
1744,8379,base_enriched,mean,-0.005249316338449717,0.007141784764826298,-0.7350146174430847,0.7350146174430847,597,88
1745,4598,base_enriched,max,-0.07750613242387772,0.10588546097278595,-0.7319808602333069,0.7319808602333069,501,88
1746,16310,base_enriched,max,-0.28854355216026306,0.39693865180015564,-0.7269222736358643,0.7269222736358643,602,88
1747,2722,base_enriched,mean,-0.014466875232756138,0.02003481425344944,-0.7220867872238159,0.7220867872238159,814,88
1748,3709,base_enriched,active_fraction,-0.0008552196668460965,0.0011895801872015,-0.7189255952835083,0.7189255952835083,771,88
1749,6568,base_enriched,active_fraction,-0.0019737244583666325,0.002761691575869918,-0.7146795392036438,0.7146795392036438,588,88
1750,9461,base_enriched,max,-0.11721475422382355,0.1655283421278,-0.7081249952316284,0.7081249952316284,866,88
1751,6922,base_enriched,max,-0.1930953562259674,0.27289286255836487,-0.7075867056846619,0.7075867056846619,274,88
1752,15089,base_enriched,active_fraction,-0.0012582024792209268,0.0017880985978990793,-0.703653872013092,0.703653872013092,690,88
1753,7111,base_enriched,active_fraction,-0.0011476029176265001,0.0016348721692338586,-0.7019526958465576,0.7019526958465576,804,88
1754,7497,base_enriched,max,-0.13162699341773987,0.18776991963386536,-0.7010014653205872,0.7010014653205872,872,88
1755,827,base_enriched,max,-0.1324809193611145,0.18937505781650543,-0.6995689868927002,0.6995689868927002,824,88
1756,8312,base_enriched,mean,-0.0023528786841779947,0.003379133762791753,-0.6962963938713074,0.6962963938713074,367,88
1757,15693,base_enriched,max,-0.08334960788488388,0.11973703652620316,-0.6961054801940918,0.6961054801940918,383,88
1758,8165,base_enriched,mean,-0.003359186928719282,0.004839142318814993,-0.6941698789596558,0.6941698789596558,373,88
1759,2377,base_enriched,max,-0.2768304944038391,0.40051281452178955,-0.6911901235580444,0.6911901235580444,580,88
1760,287,base_enriched,active_fraction,-0.0006918885046616197,0.001001751865260303,-0.6906785368919373,0.6906785368919373,824,88
1761,10908,base_enriched,max,-0.4435047209262848,0.6461400389671326,-0.6863909959793091,0.6863909959793091,855,88
1762,14895,base_enriched,active_fraction,-0.0005711577832698822,0.0008348984410986304,-0.6841045022010803,0.6841045022010803,582,88
1763,3002,base_enriched,max,-0.1328306645154953,0.1951664835214615,-0.6806018352508545,0.6806018352508545,405,88
1764,15203,base_enriched,max,-0.21066497266292572,0.310127317905426,-0.67928546667099,0.67928546667099,856,88
1765,4459,base_enriched,max,-0.2111487090587616,0.3137153089046478,-0.6730583310127258,0.6730583310127258,366,88
1766,11413,base_enriched,max,-0.26736804842948914,0.39754924178123474,-0.6725407242774963,0.6725407242774963,551,88
1767,2893,base_enriched,active_fraction,-0.0025629973970353603,0.003825234016403556,-0.6700236797332764,0.6700236797332764,768,88
1768,13381,base_enriched,active_fraction,-0.0011525264708325267,0.0017377561889588833,-0.6632267832756042,0.6632267832756042,459,88
1769,8345,base_enriched,max,-0.24033430218696594,0.3624584674835205,-0.6630671620368958,0.6630671620368958,862,88
1770,3720,base_enriched,active_fraction,-0.0010782907484099269,0.0016307566547766328,-0.6612211465835571,0.6612211465835571,813,88
1771,9499,base_enriched,active_fraction,-0.0022173149045556784,0.003383694216609001,-0.6552941203117371,0.6552941203117371,775,88
1772,13706,base_enriched,active_fraction,-0.00041553584742359817,0.0006372970528900623,-0.652028501033783,0.652028501033783,495,88
1773,4820,base_enriched,mean,-0.014541386626660824,0.022499503567814827,-0.6462981104850769,0.6462981104850769,841,88
1774,3174,base_enriched,max,-0.3962799906730652,0.6170481443405151,-0.6422188878059387,0.6422188878059387,866,88
1775,3363,base_enriched,active_fraction,-0.00099398591555655,0.0015510449884459376,-0.6408491730690002,0.6408491730690002,767,88
1776,11029,base_enriched,max,-0.2545648515224457,0.4015366733074188,-0.6339765787124634,0.6339765787124634,733,88
1777,11521,base_enriched,max,-0.25594112277030945,0.40685978531837463,-0.629064679145813,0.629064679145813,589,88
1778,9220,base_enriched,max,-0.20935682952404022,0.3349868357181549,-0.6249703168869019,0.6249703168869019,865,88
1779,13141,base_enriched,active_fraction,-0.002349560847505927,0.003783513093367219,-0.620999813079834,0.620999813079834,749,88
1780,14858,base_enriched,max,-0.3058616518974304,0.49256083369255066,-0.6209622025489807,0.6209622025489807,663,88
1781,93,base_enriched,active_fraction,-0.0006857672124169767,0.0011101921554654837,-0.6177013516426086,0.6177013516426086,341,88
1782,7560,base_enriched,max,-0.14198310673236847,0.2312285602092743,-0.6140379309654236,0.6140379309654236,785,88
1783,8894,base_enriched,active_fraction,-0.0022257694508880377,0.0036450603511184454,-0.610626220703125,0.610626220703125,816,88
1784,16257,base_enriched,mean,-0.004976165946573019,0.008216113783419132,-0.6056593060493469,0.6056593060493469,687,88
1785,4144,base_enriched,active_fraction,-0.0009656152105890214,0.0015945087652653456,-0.605587899684906,0.605587899684906,870,88
1786,9421,base_enriched,active_fraction,-0.0008556987158954144,0.001427471055649221,-0.5994508266448975,0.5994508266448975,776,88
1787,11303,base_enriched,mean,-0.0014408333227038383,0.0024364127311855555,-0.5913748741149902,0.5913748741149902,553,88
1788,11649,base_enriched,max,-0.1464911848306656,0.24798257648944855,-0.5907317399978638,0.5907317399978638,585,88
1789,13220,base_enriched,mean,-0.01108756847679615,0.019044311717152596,-0.582198441028595,0.582198441028595,867,88
1790,1047,base_enriched,max,-0.19861918687820435,0.34422826766967773,-0.5769984722137451,0.5769984722137451,451,88
1791,14029,base_enriched,max,-0.015375182032585144,0.027082355692982674,-0.5677195191383362,0.5677195191383362,156,88
1792,6714,base_enriched,max,-0.149100661277771,0.2671864330768585,-0.5580397844314575,0.5580397844314575,556,88
1793,12252,base_enriched,max,-0.14948447048664093,0.277677446603775,-0.5383385419845581,0.5383385419845581,627,88
1794,12667,base_enriched,mean,-0.0025001170579344034,0.004729532171040773,-0.5286182761192322,0.5286182761192322,131,88
1795,2143,base_enriched,active_fraction,-0.0013967381091788411,0.0026459682267159224,-0.5278741121292114,0.5278741121292114,664,88
1796,16076,base_enriched,active_fraction,-0.0021626760717481375,0.004149834159761667,-0.521147608757019,0.521147608757019,772,88
1797,13093,base_enriched,max,-0.13612373173236847,0.26203858852386475,-0.5194796919822693,0.5194796919822693,423,88
1798,10044,base_enriched,max,-0.06190497800707817,0.1210799515247345,-0.5112735629081726,0.5112735629081726,630,88
1799,433,base_enriched,mean,-0.011618060059845448,0.0227323230355978,-0.5110810995101929,0.5110810995101929,736,88
1800,4029,base_enriched,active_fraction,-0.00040507648373022676,0.0007996700005605817,-0.5065545439720154,0.5065545439720154,475,88
1801,1469,base_enriched,max,-0.13984829187393188,0.2796436548233032,-0.5000946521759033,0.5000946521759033,725,88
1802,11972,base_enriched,active_fraction,-0.0011181586887687445,0.0022596127819269896,-0.49484527111053467,0.49484527111053467,488,88
1803,5809,base_enriched,mean,-0.0033705246169120073,0.007091567851603031,-0.47528624534606934,0.47528624534606934,561,88
1804,16093,base_enriched,max,-0.05330214276909828,0.11408104747533798,-0.4672304689884186,0.4672304689884186,822,88
1805,14321,base_enriched,mean,-0.0033713807351887226,0.007255086675286293,-0.46469199657440186,0.46469199657440186,721,88
1806,16074,base_enriched,active_fraction,-0.0012238878989592195,0.0027426970191299915,-0.44623517990112305,0.44623517990112305,562,88
1807,11009,base_enriched,active_fraction,-0.00044093464384786785,0.0009943443583324552,-0.44344258308410645,0.44344258308410645,763,88
1808,6369,base_enriched,mean,-0.0056635658256709576,0.013258283957839012,-0.42717185616493225,0.42717185616493225,830,88
1809,9165,base_enriched,active_fraction,-0.001138057210482657,0.002726095961406827,-0.41746777296066284,0.41746777296066284,839,88
1810,886,base_enriched,mean,-0.0127542894333601,0.030900800600647926,-0.4127494692802429,0.4127494692802429,770,88
1811,6699,base_enriched,max,-0.03316224738955498,0.0835413709282875,-0.3969559967517853,0.3969559967517853,101,88
1812,11535,base_enriched,active_fraction,-0.0003473680990282446,0.0008755144663155079,-0.3967588245868683,0.3967588245868683,734,88
1813,14711,base_enriched,max,-0.07649891078472137,0.2021322101354599,-0.37845978140830994,0.37845978140830994,733,88
1814,13969,base_enriched,max,-0.03858557343482971,0.10993538796901703,-0.3509840965270996,0.3509840965270996,158,88
1815,12164,base_enriched,max,-0.15802143514156342,0.5318440794944763,-0.2971198558807373,0.2971198558807373,333,88
1816,16069,base_enriched,max,-0.030786700546741486,0.11345705389976501,-0.2713511288166046,0.2713511288166046,702,88
1817,8584,base_enriched,max,-0.1792650818824768,0.9363107681274414,-0.19145895540714264,0.19145895540714264,633,88
1818,9799,base_enriched,mean,-0.0005063877324573696,0.004394993185997009,-0.11521922796964645,0.11521922796964645,769,88
