rank,feature_id,orientation,summary,effect,null_sd,ev,abs_ev,support,minimum_support
1,11172,specialized_enriched,max,18.902860641479492,1.4434912204742432,13.095237731933594,13.095237731933594,835,88
2,1767,specialized_enriched,max,25.63069725036621,1.991228699684143,12.87179946899414,12.87179946899414,841,88
3,16044,specialized_enriched,max,9.925821304321289,0.7715018391609192,12.865583419799805,12.865583419799805,837,88
4,10532,specialized_enriched,max,39.53914260864258,3.1000351905822754,12.754417419433594,12.754417419433594,808,88
5,9632,specialized_enriched,mean,0.2492985874414444,0.019590798765420914,12.725289344787598,12.725289344787598,825,88
6,7027,specialized_enriched,max,11.726242065429688,0.933709442615509,12.558770179748535,12.558770179748535,837,88
7,1395,specialized_enriched,max,33.67466735839844,2.686330556869507,12.535563468933105,12.535563468933105,813,88
8,6565,specialized_enriched,max,17.919282913208008,1.4303944110870361,12.527511596679688,12.527511596679688,832,88
9,14818,specialized_enriched,max,12.484105110168457,0.9967669248580933,12.524598121643066,12.524598121643066,818,88
10,6911,specialized_enriched,max,11.784029960632324,0.9688377380371094,12.163058280944824,12.163058280944824,847,88
11,1672,specialized_enriched,active_fraction,0.03819634020328522,0.00314356223680079,12.150654792785645,12.150654792785645,861,88
12,6859,specialized_enriched,max,8.2278413772583,0.6813972592353821,12.074954986572266,12.074954986572266,862,88
13,5352,specialized_enriched,max,15.176194190979004,1.2636178731918335,12.010113716125488,12.010113716125488,822,88
14,11153,specialized_enriched,active_fraction,0.015326114371418953,0.001280491822399199,11.968928337097168,11.968928337097168,825,88
15,6895,specialized_enriched,active_fraction,0.03464549779891968,0.002905106171965599,11.925724983215332,11.925724983215332,840,88
16,5572,specialized_enriched,max,7.679612636566162,0.6486616730690002,11.839164733886719,11.839164733886719,842,88
17,12406,specialized_enriched,max,6.6151251792907715,0.5693210959434509,11.619321823120117,11.619321823120117,864,88
18,15015,specialized_enriched,max,7.268459320068359,0.6266612410545349,11.598705291748047,11.598705291748047,859,88
19,775,specialized_enriched,mean,0.3679672181606293,0.032084062695503235,11.468847274780273,11.468847274780273,870,88
20,16349,specialized_enriched,max,12.829569816589355,1.1249728202819824,11.404337882995605,11.404337882995605,826,88
21,16209,specialized_enriched,max,3.950061321258545,0.359325110912323,10.993000984191895,10.993000984191895,846,88
22,4116,specialized_enriched,max,6.241742134094238,0.5820183753967285,10.72430419921875,10.72430419921875,850,88
23,6839,specialized_enriched,mean,0.08858591318130493,0.00830415915697813,10.667655944824219,10.667655944824219,842,88
24,11565,specialized_enriched,max,9.799068450927734,0.9191789031028748,10.660676002502441,10.660676002502441,848,88
25,9188,specialized_enriched,active_fraction,0.06124398857355118,0.005751354154199362,10.64862060546875,10.64862060546875,867,88
26,9958,specialized_enriched,max,9.955668449401855,0.9380629658699036,10.613006591796875,10.613006591796875,854,88
27,1361,specialized_enriched,active_fraction,0.01326758787035942,0.0012585069052875042,10.54232406616211,10.54232406616211,863,88
28,5998,specialized_enriched,max,6.325224876403809,0.6009286046028137,10.525751113891602,10.525751113891602,869,88
29,176,specialized_enriched,mean,0.10069537162780762,0.00965559110045433,10.4287109375,10.4287109375,865,88
30,8763,specialized_enriched,active_fraction,0.02816479653120041,0.0027079894207417965,10.400629997253418,10.400629997253418,870,88
31,9600,specialized_enriched,active_fraction,0.0190570205450058,0.0018364014104008675,10.377371788024902,10.377371788024902,843,88
32,8182,specialized_enriched,max,2.906956195831299,0.2826448380947113,10.28483772277832,10.28483772277832,741,88
33,1932,specialized_enriched,max,4.829182147979736,0.46965155005455017,10.282479286193848,10.282479286193848,826,88
34,2503,specialized_enriched,max,7.171436786651611,0.7107389569282532,10.090113639831543,10.090113639831543,818,88
35,14190,specialized_enriched,max,5.791419982910156,0.5818302035331726,9.953797340393066,9.953797340393066,831,88
36,1985,specialized_enriched,max,5.457237720489502,0.5506575107574463,9.910402297973633,9.910402297973633,830,88
37,4220,specialized_enriched,max,5.529578685760498,0.5586868524551392,9.897456169128418,9.897456169128418,863,88
38,3035,specialized_enriched,max,5.488482475280762,0.5562397837638855,9.86711597442627,9.86711597442627,837,88
39,5267,specialized_enriched,max,6.481561183929443,0.658108651638031,9.848771095275879,9.848771095275879,857,88
40,12911,specialized_enriched,active_fraction,0.05615181103348732,0.005727135576307774,9.804519653320312,9.804519653320312,844,88
41,14688,specialized_enriched,max,6.114752769470215,0.648874819278717,9.423624992370605,9.423624992370605,824,88
42,6900,specialized_enriched,max,6.9536519050598145,0.7431650757789612,9.356806755065918,9.356806755065918,835,88
43,8956,specialized_enriched,max,5.241842269897461,0.5614567995071411,9.336145401000977,9.336145401000977,859,88
44,14171,specialized_enriched,max,13.756061553955078,1.495760440826416,9.196701049804688,9.196701049804688,804,88
45,2326,specialized_enriched,max,9.60811710357666,1.0463738441467285,9.18229866027832,9.18229866027832,809,88
46,8104,specialized_enriched,active_fraction,0.010805812664330006,0.0011893499176949263,9.085477828979492,9.085477828979492,866,88
47,9009,specialized_enriched,mean,0.14281268417835236,0.015897555276751518,8.98331069946289,8.98331069946289,872,88
48,12305,specialized_enriched,active_fraction,0.018837232142686844,0.002098209923133254,8.977763175964355,8.977763175964355,808,88
49,1189,specialized_enriched,mean,0.056157227605581284,0.006290067452937365,8.927921295166016,8.927921295166016,851,88
50,5383,specialized_enriched,active_fraction,0.025196492671966553,0.0028376395348459482,8.879384994506836,8.879384994506836,862,88
51,10047,specialized_enriched,mean,0.0744016170501709,0.008449612185359001,8.805329322814941,8.805329322814941,862,88
52,13659,specialized_enriched,mean,0.05356016010046005,0.00608688872307539,8.799266815185547,8.799266815185547,862,88
53,63,specialized_enriched,active_fraction,0.019222773611545563,0.002189287915825844,8.780377388000488,8.780377388000488,867,88
54,841,specialized_enriched,max,5.954798698425293,0.6845586895942688,8.69874095916748,8.69874095916748,860,88
55,2149,specialized_enriched,active_fraction,0.022379249334335327,0.002622088184580207,8.534895896911621,8.534895896911621,872,88
56,15642,specialized_enriched,active_fraction,0.02494334802031517,0.0029256953857839108,8.525613784790039,8.525613784790039,870,88
57,16343,specialized_enriched,max,8.340475082397461,0.9875953197479248,8.445235252380371,8.445235252380371,835,88
58,10121,specialized_enriched,active_fraction,0.013444102369248867,0.0015974374255165458,8.416043281555176,8.416043281555176,840,88
59,11495,specialized_enriched,mean,0.04766456410288811,0.005690491758286953,8.376176834106445,8.376176834106445,863,88
60,9971,specialized_enriched,max,3.5736327171325684,0.4283197522163391,8.343376159667969,8.343376159667969,853,88
61,2724,specialized_enriched,max,4.971484184265137,0.5961261987686157,8.33965015411377,8.33965015411377,861,88
62,1573,specialized_enriched,max,6.878602027893066,0.8250249624252319,8.337447166442871,8.337447166442871,816,88
63,12105,specialized_enriched,active_fraction,0.015472997911274433,0.001863268669694662,8.30422306060791,8.30422306060791,838,88
64,5231,specialized_enriched,active_fraction,0.012801866978406906,0.0015443357406184077,8.289562225341797,8.289562225341797,831,88
65,15204,specialized_enriched,active_fraction,0.023977279663085938,0.002908495254814625,8.243877410888672,8.243877410888672,834,88
66,15992,specialized_enriched,max,1.987967848777771,0.24179357290267944,8.221755981445312,8.221755981445312,872,88
67,9805,specialized_enriched,mean,0.06016082689166069,0.007380349561572075,8.151487350463867,8.151487350463867,861,88
68,10135,specialized_enriched,mean,1.093298316001892,0.13472656905651093,8.11494255065918,8.11494255065918,872,88
69,13047,specialized_enriched,active_fraction,0.0069328839890658855,0.000860061205457896,8.060919761657715,8.060919761657715,766,88
70,3010,specialized_enriched,max,10.460271835327148,1.2982854843139648,8.056988716125488,8.056988716125488,815,88
71,16373,specialized_enriched,active_fraction,0.007250559516251087,0.0009034790564328432,8.025155067443848,8.025155067443848,867,88
72,4283,specialized_enriched,max,6.521139144897461,0.8156070113182068,7.995442867279053,7.995442867279053,846,88
73,15733,specialized_enriched,mean,0.07318058609962463,0.009207414463162422,7.9480061531066895,7.9480061531066895,855,88
74,9514,specialized_enriched,max,2.6908340454101562,0.3395322859287262,7.925119876861572,7.925119876861572,825,88
75,7916,specialized_enriched,active_fraction,0.0061775385402143,0.0007819667225703597,7.9000020027160645,7.9000020027160645,838,88
76,3906,specialized_enriched,mean,0.07028045505285263,0.00898464024066925,7.82228946685791,7.82228946685791,867,88
77,2491,specialized_enriched,max,2.0859556198120117,0.2678145170211792,7.788806915283203,7.788806915283203,872,88
78,7112,specialized_enriched,max,3.6464004516601562,0.4709374010562897,7.742856025695801,7.742856025695801,838,88
79,16106,specialized_enriched,active_fraction,0.01784064806997776,0.0023139510303735733,7.7100372314453125,7.7100372314453125,867,88
80,2043,specialized_enriched,active_fraction,0.011886348016560078,0.001556370873004198,7.637220859527588,7.637220859527588,871,88
81,14458,specialized_enriched,active_fraction,0.014189396053552628,0.0018635323503986,7.6142473220825195,7.6142473220825195,872,88
82,7988,specialized_enriched,mean,0.11586049944162369,0.015240241773426533,7.602274417877197,7.602274417877197,869,88
83,12076,specialized_enriched,mean,0.05012132599949837,0.00666941748932004,7.5150980949401855,7.5150980949401855,872,88
84,9875,specialized_enriched,max,3.202291488647461,0.4272874891757965,7.4944658279418945,7.4944658279418945,865,88
85,8166,specialized_enriched,mean,0.07593441754579544,0.010209882631897926,7.437345027923584,7.437345027923584,747,88
86,4320,specialized_enriched,mean,0.044665828347206116,0.006025840528309345,7.412381649017334,7.412381649017334,764,88
87,1769,specialized_enriched,max,1.7659519910812378,0.24032695591449738,7.348122596740723,7.348122596740723,870,88
88,2447,specialized_enriched,mean,0.06514260917901993,0.008901151828467846,7.318447113037109,7.318447113037109,863,88
89,4124,specialized_enriched,mean,0.04747254028916359,0.006543039809912443,7.255425930023193,7.255425930023193,870,88
90,2220,specialized_enriched,mean,0.07043623924255371,0.009765814989805222,7.212530612945557,7.212530612945557,871,88
91,1853,specialized_enriched,max,2.7562930583953857,0.383339524269104,7.190213680267334,7.190213680267334,868,88
92,11814,specialized_enriched,active_fraction,0.006304461508989334,0.0008791116997599602,7.17140007019043,7.17140007019043,804,88
93,8238,specialized_enriched,max,3.840257167816162,0.5382223129272461,7.13507604598999,7.13507604598999,827,88
94,10068,specialized_enriched,max,5.283350944519043,0.7420358061790466,7.120075702667236,7.120075702667236,832,88
95,12211,specialized_enriched,mean,0.06876663118600845,0.009670768864452839,7.110771656036377,7.110771656036377,866,88
96,12956,specialized_enriched,active_fraction,0.015482578426599503,0.0022300982382148504,6.942554473876953,6.942554473876953,831,88
97,5303,specialized_enriched,active_fraction,0.01059078797698021,0.0015369899338111281,6.890603542327881,6.890603542327881,870,88
98,11644,specialized_enriched,mean,0.08243663609027863,0.011963787488639355,6.8905134201049805,6.8905134201049805,871,88
99,2117,specialized_enriched,max,2.723289966583252,0.3959277272224426,6.8782501220703125,6.8782501220703125,842,88
100,6772,specialized_enriched,max,3.956972122192383,0.575939953327179,6.87045955657959,6.87045955657959,840,88
101,6758,specialized_enriched,mean,0.08054617792367935,0.01177209336310625,6.842128753662109,6.842128753662109,871,88
102,10669,specialized_enriched,active_fraction,0.01097782887518406,0.0016078638145700097,6.8275861740112305,6.8275861740112305,847,88
103,1024,specialized_enriched,mean,0.07188479602336884,0.010571211576461792,6.800052642822266,6.800052642822266,871,88
104,15881,specialized_enriched,active_fraction,0.014730914495885372,0.0021756822243332863,6.770710468292236,6.770710468292236,870,88
105,12919,specialized_enriched,active_fraction,0.00908949226140976,0.0013508497504517436,6.728722095489502,6.728722095489502,858,88
106,620,specialized_enriched,mean,0.04353967681527138,0.006493876688182354,6.704728126525879,6.704728126525879,870,88
107,5832,specialized_enriched,max,4.5826873779296875,0.6846776008605957,6.693204879760742,6.693204879760742,846,88
108,10507,specialized_enriched,active_fraction,0.005997555796056986,0.0009044593316502869,6.631094932556152,6.631094932556152,862,88
109,6225,specialized_enriched,mean,0.09886877238750458,0.015011679381132126,6.586123466491699,6.586123466491699,830,88
110,15728,specialized_enriched,active_fraction,0.011816867627203465,0.0017968013416975737,6.576613426208496,6.576613426208496,872,88
111,4096,specialized_enriched,mean,0.06737445294857025,0.010262294672429562,6.565242290496826,6.565242290496826,867,88
112,4893,specialized_enriched,active_fraction,0.026770036667585373,0.004080591257661581,6.560332775115967,6.560332775115967,871,88
113,16156,specialized_enriched,active_fraction,0.00783167127519846,0.0011982854921370745,6.535730838775635,6.535730838775635,862,88
114,9826,specialized_enriched,mean,0.057972345501184464,0.008905565366148949,6.509675979614258,6.509675979614258,865,88
115,14353,specialized_enriched,mean,0.04624294862151146,0.00710455933585763,6.508911609649658,6.508911609649658,872,88
116,7360,specialized_enriched,max,2.7474541664123535,0.42451342940330505,6.472007751464844,6.472007751464844,862,88
117,8840,specialized_enriched,mean,0.07252823561429977,0.011214773170650005,6.467205047607422,6.467205047607422,871,88
118,4457,specialized_enriched,active_fraction,0.009359776973724365,0.0014494640054181218,6.4574055671691895,6.4574055671691895,871,88
119,11143,specialized_enriched,active_fraction,0.00901707448065281,0.0013970897998660803,6.454184055328369,6.454184055328369,870,88
120,902,specialized_enriched,mean,0.06120412051677704,0.009571267291903496,6.394567966461182,6.394567966461182,871,88
121,6929,specialized_enriched,active_fraction,0.006157773081213236,0.0009645952377468348,6.383789539337158,6.383789539337158,867,88
122,11334,specialized_enriched,mean,0.03924141824245453,0.006182058714330196,6.347629547119141,6.347629547119141,870,88
123,1974,specialized_enriched,mean,0.04180368781089783,0.006596510764211416,6.337242603302002,6.337242603302002,869,88
124,7445,specialized_enriched,max,2.871032476425171,0.45442456007003784,6.317951679229736,6.317951679229736,840,88
125,4751,specialized_enriched,active_fraction,0.013745524920523167,0.00220875209197402,6.223208427429199,6.223208427429199,870,88
126,1355,specialized_enriched,mean,0.052551962435245514,0.008461570367217064,6.210662841796875,6.210662841796875,860,88
127,13329,specialized_enriched,active_fraction,0.014405964873731136,0.0023260554298758507,6.193302631378174,6.193302631378174,872,88
128,13431,specialized_enriched,active_fraction,0.014435089193284512,0.0023308703675866127,6.1930036544799805,6.1930036544799805,870,88
129,10849,specialized_enriched,active_fraction,0.013882908038794994,0.002247392199933529,6.177340984344482,6.177340984344482,870,88
130,1123,specialized_enriched,mean,0.05066985264420509,0.008361699059605598,6.059755802154541,6.059755802154541,784,88
131,7584,specialized_enriched,active_fraction,0.030034184455871582,0.004969713743776083,6.04344367980957,6.04344367980957,842,88
132,4383,specialized_enriched,active_fraction,0.011113738641142845,0.0018425241578370333,6.031800746917725,6.031800746917725,870,88
133,6277,specialized_enriched,active_fraction,0.013977015390992165,0.00232178857550025,6.01993465423584,6.01993465423584,870,88
134,5493,specialized_enriched,max,2.6238598823547363,0.4380108416080475,5.990399360656738,5.990399360656738,867,88
135,4803,specialized_enriched,active_fraction,0.006536457221955061,0.0010936132166534662,5.9769368171691895,5.9769368171691895,826,88
136,1945,specialized_enriched,active_fraction,0.017507189884781837,0.0029342896305024624,5.966414928436279,5.966414928436279,870,88
137,6117,specialized_enriched,mean,0.10637295991182327,0.017863651737570763,5.954715251922607,5.954715251922607,870,88
138,3079,specialized_enriched,active_fraction,0.011807605624198914,0.001988191157579422,5.938868522644043,5.938868522644043,809,88
139,183,specialized_enriched,active_fraction,0.018990343436598778,0.0032041568774729967,5.926783084869385,5.926783084869385,839,88
140,12591,specialized_enriched,active_fraction,0.015252100303769112,0.0025738724507391453,5.925740718841553,5.925740718841553,870,88
141,8059,specialized_enriched,active_fraction,0.006952729541808367,0.0011739894980564713,5.922309875488281,5.922309875488281,855,88
142,2697,specialized_enriched,mean,0.04247179254889488,0.007176057435572147,5.918541431427002,5.918541431427002,865,88
143,6680,specialized_enriched,mean,0.06298232078552246,0.01075291633605957,5.857231616973877,5.857231616973877,867,88
144,13145,specialized_enriched,active_fraction,0.017640268430113792,0.0030145978089421988,5.851615905761719,5.851615905761719,796,88
145,753,specialized_enriched,active_fraction,0.012744584120810032,0.0021829043980687857,5.8383612632751465,5.8383612632751465,868,88
146,12386,specialized_enriched,active_fraction,0.008989192545413971,0.0015429474879056215,5.825987339019775,5.825987339019775,609,88
147,2123,specialized_enriched,active_fraction,0.012535938061773777,0.002194358967244625,5.712801933288574,5.712801933288574,791,88
148,15996,specialized_enriched,active_fraction,0.016396651044487953,0.002877580700442195,5.698068141937256,5.698068141937256,868,88
149,10247,specialized_enriched,max,2.0935592651367188,0.36973121762275696,5.662381649017334,5.662381649017334,863,88
150,209,specialized_enriched,mean,0.02879171073436737,0.005098448134958744,5.647151947021484,5.647151947021484,871,88
151,2,specialized_enriched,active_fraction,0.025127729400992393,0.004484094213694334,5.6037468910217285,5.6037468910217285,872,88
152,14081,specialized_enriched,mean,0.05262758210301399,0.009393018670380116,5.602839946746826,5.602839946746826,872,88
153,10018,specialized_enriched,mean,0.051777951419353485,0.009283605962991714,5.577353477478027,5.577353477478027,868,88
154,596,specialized_enriched,mean,0.04726617410778999,0.008500702679157257,5.560266494750977,5.560266494750977,870,88
155,2346,specialized_enriched,active_fraction,0.01944234035909176,0.0035136016085743904,5.533450603485107,5.533450603485107,871,88
156,12716,specialized_enriched,mean,0.0823582112789154,0.014884061180055141,5.533315658569336,5.533315658569336,871,88
157,9460,specialized_enriched,mean,0.029602548107504845,0.005352301523089409,5.5308074951171875,5.5308074951171875,869,88
158,15434,specialized_enriched,active_fraction,0.005036411806941032,0.0009109234088100493,5.5289082527160645,5.5289082527160645,833,88
159,6809,specialized_enriched,mean,0.044609781354665756,0.008092530071735382,5.5124640464782715,5.5124640464782715,810,88
160,16122,specialized_enriched,active_fraction,0.007949607446789742,0.001449319184757769,5.485063076019287,5.485063076019287,866,88
161,9982,specialized_enriched,mean,0.0761449784040451,0.013934534974396229,5.464479446411133,5.464479446411133,870,88
162,5742,specialized_enriched,max,2.3979809284210205,0.4445861577987671,5.393737316131592,5.393737316131592,841,88
163,1410,specialized_enriched,max,3.1918628215789795,0.5921099781990051,5.390658855438232,5.390658855438232,865,88
164,3554,specialized_enriched,active_fraction,0.017770519480109215,0.0033027869649231434,5.380461692810059,5.380461692810059,811,88
165,3990,specialized_enriched,active_fraction,0.00469070253893733,0.0008744279621168971,5.364309787750244,5.364309787750244,782,88
166,11265,specialized_enriched,mean,0.03643280640244484,0.006809419486671686,5.350354194641113,5.350354194641113,868,88
167,10619,specialized_enriched,active_fraction,0.013434920459985733,0.002516917185857892,5.337847709655762,5.337847709655762,870,88
168,8385,specialized_enriched,active_fraction,0.008419870398938656,0.0015781413530930877,5.335308074951172,5.335308074951172,872,88
169,15673,specialized_enriched,active_fraction,0.010544479824602604,0.0019889259710907936,5.3015947341918945,5.3015947341918945,867,88
170,14592,specialized_enriched,mean,0.047887686640024185,0.009039663709700108,5.2975077629089355,5.2975077629089355,871,88
171,5456,specialized_enriched,mean,0.05834253132343292,0.011046823114156723,5.28138542175293,5.28138542175293,868,88
172,16092,specialized_enriched,active_fraction,0.0030257911421358585,0.0005730211269110441,5.2804179191589355,5.2804179191589355,805,88
173,4896,specialized_enriched,max,2.5956156253814697,0.49217361211776733,5.273780345916748,5.273780345916748,864,88
174,4196,specialized_enriched,mean,0.04025774076581001,0.0076428791508078575,5.26735258102417,5.26735258102417,872,88
175,5268,specialized_enriched,mean,0.041406888514757156,0.00790389534085989,5.238795280456543,5.238795280456543,865,88
176,14316,specialized_enriched,active_fraction,0.005774999037384987,0.001103803631849587,5.231907844543457,5.231907844543457,868,88
177,2828,specialized_enriched,active_fraction,0.008721817284822464,0.0016686171293258667,5.226973533630371,5.226973533630371,872,88
178,13475,specialized_enriched,active_fraction,0.0035140723921358585,0.0006725952844135463,5.224646091461182,5.224646091461182,634,88
179,13356,specialized_enriched,mean,0.055463213473558426,0.010673870332539082,5.1961669921875,5.1961669921875,868,88
180,9741,specialized_enriched,active_fraction,0.021513614803552628,0.004153413698077202,5.179742813110352,5.179742813110352,870,88
181,797,specialized_enriched,mean,0.057771388441324234,0.011193879880011082,5.160979747772217,5.160979747772217,872,88
182,3065,specialized_enriched,max,4.82421875,0.939478874206543,5.1349945068359375,5.1349945068359375,842,88
183,15952,specialized_enriched,mean,0.07423233985900879,0.014466499909758568,5.131326675415039,5.131326675415039,867,88
184,16244,specialized_enriched,mean,0.05940736457705498,0.011597257107496262,5.122535705566406,5.122535705566406,846,88
185,14234,specialized_enriched,active_fraction,0.018730713054537773,0.0036695976741611958,5.1042962074279785,5.1042962074279785,871,88
186,5240,specialized_enriched,max,1.6681913137435913,0.3272375464439392,5.097799301147461,5.097799301147461,863,88
187,7727,specialized_enriched,max,3.4916605949401855,0.6874952912330627,5.0788140296936035,5.0788140296936035,841,88
188,11368,specialized_enriched,max,1.592814326286316,0.31495752930641174,5.057235240936279,5.057235240936279,798,88
189,9672,specialized_enriched,active_fraction,0.008099844679236412,0.0016017165035009384,5.05697774887085,5.05697774887085,868,88
190,615,specialized_enriched,active_fraction,0.011720932088792324,0.002324578119441867,5.042176246643066,5.042176246643066,870,88
191,5635,specialized_enriched,active_fraction,0.00626235781237483,0.0012426626635715365,5.0394673347473145,5.0394673347473145,833,88
192,10886,specialized_enriched,mean,0.08153583854436874,0.016229430213570595,5.02394962310791,5.02394962310791,869,88
193,3823,specialized_enriched,active_fraction,0.010934359394013882,0.0021805688738822937,5.0144524574279785,5.0144524574279785,870,88
194,5907,specialized_enriched,mean,0.04527534544467926,0.009036917239427567,5.010043144226074,5.010043144226074,869,88
195,5316,specialized_enriched,mean,0.056403085589408875,0.011280904524028301,4.99987268447876,4.99987268447876,870,88
196,7816,specialized_enriched,active_fraction,0.025517787784337997,0.005125841591507196,4.978262901306152,4.978262901306152,870,88
197,503,specialized_enriched,active_fraction,0.02860911190509796,0.0057777115143835545,4.951633930206299,4.951633930206299,723,88
198,15040,specialized_enriched,max,4.2292561531066895,0.8546726703643799,4.948392868041992,4.948392868041992,816,88
199,962,specialized_enriched,mean,0.06624303758144379,0.013408659026026726,4.940317630767822,4.940317630767822,826,88
200,7865,specialized_enriched,mean,0.04763934016227722,0.009646215476095676,4.938655853271484,4.938655853271484,870,88
201,1997,specialized_enriched,mean,0.020495649427175522,0.004155701491981745,4.931934833526611,4.931934833526611,847,88
202,10087,specialized_enriched,max,2.4828124046325684,0.5052945017814636,4.913594722747803,4.913594722747803,845,88
203,12031,specialized_enriched,max,4.231368064880371,0.8627256751060486,4.904650688171387,4.904650688171387,816,88
204,2263,specialized_enriched,mean,0.035135455429553986,0.007173708640038967,4.897809028625488,4.897809028625488,869,88
205,15039,specialized_enriched,mean,0.04560770466923714,0.009330461733043194,4.8880438804626465,4.8880438804626465,871,88
206,13453,specialized_enriched,active_fraction,0.004685406573116779,0.0009591616108082235,4.884897708892822,4.884897708892822,741,88
207,2930,specialized_enriched,mean,0.03472217172384262,0.007115235086530447,4.879975318908691,4.879975318908691,846,88
208,11251,specialized_enriched,max,2.1608262062072754,0.4429566264152527,4.8781890869140625,4.8781890869140625,869,88
209,11400,specialized_enriched,mean,0.04339571297168732,0.00889719370752573,4.877460956573486,4.877460956573486,863,88
210,4587,specialized_enriched,max,1.5046783685684204,0.3084999918937683,4.877401828765869,4.877401828765869,866,88
211,3277,specialized_enriched,mean,0.08171812444925308,0.016853703185915947,4.848674774169922,4.848674774169922,869,88
212,15071,specialized_enriched,active_fraction,0.02542639523744583,0.005248470697551966,4.844533920288086,4.844533920288086,791,88
213,11014,specialized_enriched,active_fraction,0.013618433848023415,0.0028123464435338974,4.842374324798584,4.842374324798584,849,88
214,11448,specialized_enriched,active_fraction,0.018395083025097847,0.003805934451520443,4.833263397216797,4.833263397216797,856,88
215,325,specialized_enriched,active_fraction,0.0037796020042151213,0.0007826843648217618,4.829024314880371,4.829024314880371,532,88
216,13542,specialized_enriched,active_fraction,0.002625452121719718,0.0005440665991045535,4.825607776641846,4.825607776641846,841,88
217,3104,specialized_enriched,active_fraction,0.015597915276885033,0.003232517745345831,4.825314521789551,4.825314521789551,869,88
218,7475,specialized_enriched,active_fraction,0.008192284032702446,0.0016990323783829808,4.82173490524292,4.82173490524292,870,88
219,9897,specialized_enriched,mean,0.03169822692871094,0.006614936515688896,4.791916847229004,4.791916847229004,830,88
220,4934,specialized_enriched,active_fraction,0.015532241202890873,0.0032466526608914137,4.784078598022461,4.784078598022461,501,88
221,13488,specialized_enriched,active_fraction,0.022745328024029732,0.0047653610818088055,4.773054599761963,4.773054599761963,710,88
222,7602,specialized_enriched,active_fraction,0.010661236010491848,0.0022360312286764383,4.767928123474121,4.767928123474121,827,88
223,4405,specialized_enriched,active_fraction,0.0060800244100391865,0.0012758556986227632,4.765448093414307,4.765448093414307,864,88
224,8959,specialized_enriched,active_fraction,0.005406996235251427,0.0011371888685971498,4.754703998565674,4.754703998565674,846,88
225,12481,specialized_enriched,mean,0.03987547382712364,0.008389497175812721,4.753023147583008,4.753023147583008,870,88
226,6184,specialized_enriched,active_fraction,0.011036433279514313,0.002336369128897786,4.723753929138184,4.723753929138184,871,88
227,13057,specialized_enriched,mean,0.05825042724609375,0.012332342565059662,4.723387241363525,4.723387241363525,872,88
228,7196,specialized_enriched,active_fraction,0.017647001892328262,0.0037383586168289185,4.720521450042725,4.720521450042725,557,88
229,8545,specialized_enriched,active_fraction,0.020009124651551247,0.004239264875650406,4.719951629638672,4.719951629638672,537,88
230,7086,specialized_enriched,mean,0.04181201756000519,0.008864966221153736,4.716545581817627,4.716545581817627,700,88
231,12781,specialized_enriched,mean,0.03679276257753372,0.007813844829797745,4.708662986755371,4.708662986755371,871,88
232,3484,specialized_enriched,mean,0.0759287104010582,0.016126802191138268,4.708230972290039,4.708230972290039,836,88
233,13579,specialized_enriched,active_fraction,0.008447620086371899,0.0017947895685210824,4.706746578216553,4.706746578216553,872,88
234,8175,specialized_enriched,active_fraction,0.004188484512269497,0.0008906115544959903,4.702930927276611,4.702930927276611,851,88
235,658,specialized_enriched,active_fraction,0.015045493841171265,0.00320810335688293,4.689840793609619,4.689840793609619,518,88
236,7188,specialized_enriched,active_fraction,0.019531382247805595,0.004201496485620737,4.648672580718994,4.648672580718994,839,88
237,15381,specialized_enriched,active_fraction,0.018022697418928146,0.0038841816131025553,4.640024185180664,4.640024185180664,861,88
238,10327,specialized_enriched,active_fraction,0.0069242967292666435,0.0014931750483810902,4.6372971534729,4.6372971534729,871,88
239,3987,specialized_enriched,max,3.822925329208374,0.8250301480293274,4.633679389953613,4.633679389953613,550,88
240,6083,specialized_enriched,mean,0.09539354592561722,0.020591391250491142,4.6326904296875,4.6326904296875,762,88
241,9653,specialized_enriched,active_fraction,0.012868535704910755,0.002781569492071867,4.6263580322265625,4.6263580322265625,727,88
242,13607,specialized_enriched,mean,0.055233173072338104,0.011957990936934948,4.618934154510498,4.618934154510498,871,88
243,201,specialized_enriched,mean,0.07166073471307755,0.015564785338938236,4.604029655456543,4.604029655456543,872,88
244,10255,specialized_enriched,active_fraction,0.01092764362692833,0.0023762488272041082,4.598694801330566,4.598694801330566,805,88
245,12793,specialized_enriched,active_fraction,0.00815452728420496,0.0017758941976353526,4.591786861419678,4.591786861419678,870,88
246,8164,specialized_enriched,mean,0.08935848623514175,0.019476601853966713,4.587991714477539,4.587991714477539,870,88
247,1774,specialized_enriched,active_fraction,0.02608354203402996,0.005694014020264149,4.580870628356934,4.580870628356934,686,88
248,941,specialized_enriched,active_fraction,0.008279223926365376,0.00181253079790622,4.567770004272461,4.567770004272461,868,88
249,15997,specialized_enriched,active_fraction,0.010849247686564922,0.002376869088038802,4.564512252807617,4.564512252807617,534,88
250,14928,specialized_enriched,mean,0.04173118248581886,0.009177683852612972,4.547027587890625,4.547027587890625,872,88
251,13370,specialized_enriched,active_fraction,0.01782654970884323,0.00392122520133853,4.546168327331543,4.546168327331543,721,88
252,10887,specialized_enriched,active_fraction,0.009247181005775928,0.00204044790007174,4.5319366455078125,4.5319366455078125,871,88
253,11418,specialized_enriched,active_fraction,0.022033460438251495,0.00486202584579587,4.531744956970215,4.531744956970215,552,88
254,1074,specialized_enriched,active_fraction,0.009466047398746014,0.002091471804305911,4.526021957397461,4.526021957397461,841,88
255,15014,specialized_enriched,mean,0.03185926750302315,0.007050738669931889,4.518571376800537,4.518571376800537,866,88
256,8185,specialized_enriched,max,1.6011083126068115,0.35535138845443726,4.505704402923584,4.505704402923584,864,88
257,14387,specialized_enriched,mean,0.08696813881397247,0.019351046532392502,4.494234561920166,4.494234561920166,869,88
258,4013,specialized_enriched,mean,0.1437949240207672,0.032014235854148865,4.491593360900879,4.491593360900879,868,88
259,1471,specialized_enriched,active_fraction,0.00840072613209486,0.0018708488205447793,4.490328788757324,4.490328788757324,858,88
260,13050,specialized_enriched,active_fraction,0.021826544776558876,0.004861023277044296,4.490113258361816,4.490113258361816,666,88
261,12857,specialized_enriched,active_fraction,0.01641859859228134,0.0036612404510378838,4.48443603515625,4.48443603515625,638,88
262,6893,specialized_enriched,active_fraction,0.02178291417658329,0.004861677996814251,4.480534076690674,4.480534076690674,694,88
263,4438,specialized_enriched,active_fraction,0.015388249419629574,0.0034351723734289408,4.479614734649658,4.479614734649658,598,88
264,8003,specialized_enriched,active_fraction,0.0026607601903378963,0.000594033976085484,4.479137897491455,4.479137897491455,851,88
265,7694,specialized_enriched,max,2.514375925064087,0.5623368620872498,4.4712982177734375,4.4712982177734375,864,88
266,1512,specialized_enriched,mean,0.03513314947485924,0.007861356250941753,4.469095230102539,4.469095230102539,868,88
267,16267,specialized_enriched,max,1.5895916223526,0.3559119701385498,4.466249465942383,4.466249465942383,789,88
268,13589,specialized_enriched,max,3.1608035564422607,0.7077317237854004,4.466104030609131,4.466104030609131,837,88
269,3997,specialized_enriched,active_fraction,0.007244695443660021,0.0016240716213360429,4.460822582244873,4.460822582244873,856,88
270,5070,specialized_enriched,mean,0.03592982143163681,0.008060220628976822,4.457672119140625,4.457672119140625,856,88
271,11203,specialized_enriched,active_fraction,0.009132438339293003,0.0020519113168120384,4.450698375701904,4.450698375701904,837,88
272,2200,specialized_enriched,mean,0.045163389295339584,0.01016662735491991,4.442317962646484,4.442317962646484,872,88
273,12791,specialized_enriched,mean,0.05584688484668732,0.012589278630912304,4.4360671043396,4.4360671043396,872,88
274,7273,specialized_enriched,active_fraction,0.003450278425589204,0.0007788529619574547,4.429948329925537,4.429948329925537,581,88
275,7537,specialized_enriched,active_fraction,0.01717309281229973,0.0038863341324031353,4.4188408851623535,4.4188408851623535,463,88
276,8237,specialized_enriched,active_fraction,0.00955810584127903,0.002166979480534792,4.410796642303467,4.410796642303467,553,88
277,900,specialized_enriched,mean,0.050111860036849976,0.011375140398740768,4.405384063720703,4.405384063720703,868,88
278,14523,specialized_enriched,mean,0.12668035924434662,0.028877824544906616,4.3867692947387695,4.3867692947387695,842,88
279,13308,specialized_enriched,mean,0.0443255752325058,0.010113202966749668,4.382941246032715,4.382941246032715,847,88
280,445,specialized_enriched,mean,0.0430314876139164,0.00983735267072916,4.374295711517334,4.374295711517334,871,88
281,14854,specialized_enriched,active_fraction,0.0091358358040452,0.0020890242885798216,4.373254776000977,4.373254776000977,814,88
282,859,specialized_enriched,max,2.3354969024658203,0.5345371961593628,4.369194507598877,4.369194507598877,865,88
283,873,specialized_enriched,mean,0.033374037593603134,0.007641825824975967,4.36728572845459,4.36728572845459,865,88
284,8205,specialized_enriched,mean,0.058601416647434235,0.013437159359455109,4.361146450042725,4.361146450042725,872,88
285,2850,specialized_enriched,active_fraction,0.01768459938466549,0.004055969882756472,4.360140800476074,4.360140800476074,603,88
286,3222,specialized_enriched,active_fraction,0.02952723018825054,0.006776224821805954,4.3574748039245605,4.3574748039245605,708,88
287,2842,specialized_enriched,active_fraction,0.0029122994747012854,0.0006704153493046761,4.344022750854492,4.344022750854492,833,88
288,7325,specialized_enriched,active_fraction,0.012343987822532654,0.002844176022335887,4.340092658996582,4.340092658996582,841,88
289,14809,specialized_enriched,active_fraction,0.01478550024330616,0.003410371718928218,4.335451126098633,4.335451126098633,615,88
290,915,specialized_enriched,active_fraction,0.010529948398470879,0.0024320490192621946,4.3296613693237305,4.3296613693237305,871,88
291,13552,specialized_enriched,active_fraction,0.006043580360710621,0.0014037095243111253,4.3054351806640625,4.3054351806640625,841,88
292,11805,specialized_enriched,active_fraction,0.01826019212603569,0.004242793656885624,4.303813457489014,4.303813457489014,870,88
293,10193,specialized_enriched,active_fraction,0.012471860274672508,0.0029015580657869577,4.298332214355469,4.298332214355469,872,88
294,14642,specialized_enriched,max,3.272867441177368,0.7620034217834473,4.2950825691223145,4.2950825691223145,503,88
295,14692,specialized_enriched,active_fraction,0.009203888475894928,0.002147131832316518,4.286596775054932,4.286596775054932,866,88
296,6695,specialized_enriched,mean,0.08597242087125778,0.02005745843052864,4.286306858062744,4.286306858062744,871,88
297,7906,specialized_enriched,mean,0.02798263169825077,0.006537359673529863,4.2804179191589355,4.2804179191589355,871,88
298,10050,specialized_enriched,mean,0.042183101177215576,0.00987173430621624,4.2731194496154785,4.2731194496154785,834,88
299,2363,specialized_enriched,mean,0.041682079434394836,0.009761737659573555,4.269944667816162,4.269944667816162,870,88
300,14758,specialized_enriched,active_fraction,0.0071090697310864925,0.0016681239940226078,4.261715412139893,4.261715412139893,871,88
301,14269,specialized_enriched,active_fraction,0.017591893672943115,0.004136331379413605,4.253018379211426,4.253018379211426,869,88
302,9359,specialized_enriched,active_fraction,0.016748784109950066,0.003955938387662172,4.233833312988281,4.233833312988281,692,88
303,741,specialized_enriched,active_fraction,0.005608492065221071,0.0013279920676723123,4.223287105560303,4.223287105560303,867,88
304,664,specialized_enriched,active_fraction,0.002881560241803527,0.0006837378023192286,4.214422702789307,4.214422702789307,759,88
305,12839,specialized_enriched,max,2.0627384185791016,0.4897414743900299,4.211892604827881,4.211892604827881,809,88
306,3283,specialized_enriched,mean,0.02735602855682373,0.00649619335308671,4.211085796356201,4.211085796356201,866,88
307,3624,specialized_enriched,mean,0.08957281708717346,0.02128814533352852,4.207638263702393,4.207638263702393,844,88
308,125,specialized_enriched,active_fraction,0.012684551067650318,0.0030220872722566128,4.197281360626221,4.197281360626221,860,88
309,13958,specialized_enriched,active_fraction,0.016629045829176903,0.003963927738368511,4.195093154907227,4.195093154907227,608,88
310,7440,specialized_enriched,mean,0.08348076045513153,0.019937608391046524,4.187099933624268,4.187099933624268,746,88
311,16052,specialized_enriched,max,0.8982671499252319,0.21484798192977905,4.180943012237549,4.180943012237549,870,88
312,5384,specialized_enriched,active_fraction,0.01210861187428236,0.002896381774917245,4.180599212646484,4.180599212646484,581,88
313,16042,specialized_enriched,active_fraction,0.0076212151907384396,0.001823690254241228,4.179007530212402,4.179007530212402,871,88
314,15070,specialized_enriched,active_fraction,0.008219785057008266,0.0019683472346514463,4.175983428955078,4.175983428955078,858,88
315,3457,specialized_enriched,mean,0.04599648341536522,0.01102693472057581,4.1712846755981445,4.1712846755981445,871,88
316,11525,specialized_enriched,active_fraction,0.0049253241159021854,0.0011809623101726174,4.170602321624756,4.170602321624756,872,88
317,9318,specialized_enriched,active_fraction,0.006934214849025011,0.0016638787928968668,4.167500019073486,4.167500019073486,750,88
318,8800,specialized_enriched,active_fraction,0.008234849199652672,0.001978381536900997,4.162416934967041,4.162416934967041,870,88
319,13080,specialized_enriched,active_fraction,0.014068372547626495,0.003387819044291973,4.152634143829346,4.152634143829346,868,88
320,14767,specialized_enriched,max,3.4262287616729736,0.8251972198486328,4.152011871337891,4.152011871337891,638,88
321,13616,specialized_enriched,active_fraction,0.004730916582047939,0.0011396881891414523,4.15106201171875,4.15106201171875,801,88
322,12549,specialized_enriched,mean,0.04284747689962387,0.010325077921152115,4.149845600128174,4.149845600128174,867,88
323,3827,specialized_enriched,mean,0.043316010385751724,0.010440852493047714,4.148704528808594,4.148704528808594,869,88
324,8563,specialized_enriched,max,1.4798487424850464,0.3572850227355957,4.141927719116211,4.141927719116211,869,88
325,5916,specialized_enriched,active_fraction,0.017798729240894318,0.004312831908464432,4.12692403793335,4.12692403793335,645,88
326,14515,specialized_enriched,max,2.850363254547119,0.6907836198806763,4.126275062561035,4.126275062561035,457,88
327,14175,specialized_enriched,mean,0.03978995233774185,0.00966363400220871,4.117493629455566,4.117493629455566,863,88
328,1311,specialized_enriched,active_fraction,0.014236042276024818,0.003460944164544344,4.113340854644775,4.113340854644775,567,88
329,1362,specialized_enriched,active_fraction,0.004393812734633684,0.0010704542510211468,4.104624271392822,4.104624271392822,862,88
330,2098,specialized_enriched,mean,0.023536743596196175,0.005741450469940901,4.099442005157471,4.099442005157471,864,88
331,3983,specialized_enriched,active_fraction,0.01229808758944273,0.0030082762241363525,4.088084697723389,4.088084697723389,869,88
332,10459,specialized_enriched,active_fraction,0.003509947331622243,0.0008608486969023943,4.077310562133789,4.077310562133789,863,88
333,7039,specialized_enriched,active_fraction,0.010003129951655865,0.00245487317442894,4.07480525970459,4.07480525970459,871,88
334,5623,specialized_enriched,active_fraction,0.0069734794087708,0.0017134904628619552,4.069750785827637,4.069750785827637,870,88
335,13576,specialized_enriched,active_fraction,0.0027317136991769075,0.0006719233933836222,4.065513610839844,4.065513610839844,849,88
336,8792,specialized_enriched,mean,0.044485464692115784,0.010949221439659595,4.0628886222839355,4.0628886222839355,865,88
337,5953,specialized_enriched,mean,0.06138532608747482,0.01511683315038681,4.060726642608643,4.060726642608643,870,88
338,3110,specialized_enriched,active_fraction,0.016979634761810303,0.004181563854217529,4.06059455871582,4.06059455871582,675,88
339,1644,specialized_enriched,max,1.320348858833313,0.325490802526474,4.056486129760742,4.056486129760742,868,88
340,2173,specialized_enriched,mean,0.03830530121922493,0.009468864649534225,4.045395374298096,4.045395374298096,870,88
341,5529,specialized_enriched,active_fraction,0.0077606732957065105,0.0019213247578591108,4.0392303466796875,4.0392303466796875,821,88
342,13342,specialized_enriched,mean,0.05253012105822563,0.013006606139242649,4.038726329803467,4.038726329803467,868,88
343,12394,specialized_enriched,active_fraction,0.014768236316740513,0.0036608611699193716,4.034088134765625,4.034088134765625,867,88
344,13631,specialized_enriched,active_fraction,0.010469161905348301,0.0025975152384489775,4.030452728271484,4.030452728271484,836,88
345,40,specialized_enriched,active_fraction,0.009815712459385395,0.002436310052871704,4.028925895690918,4.028925895690918,870,88
346,15408,specialized_enriched,active_fraction,0.004613051190972328,0.0011450061574578285,4.028843879699707,4.028843879699707,839,88
347,13345,specialized_enriched,active_fraction,0.01045482512563467,0.0025971957948058844,4.025428295135498,4.025428295135498,871,88
348,11692,specialized_enriched,max,2.83566951751709,0.707560122013092,4.0076727867126465,4.0076727867126465,848,88
349,15184,specialized_enriched,max,0.9650799632072449,0.241102397441864,4.002780437469482,4.002780437469482,867,88
350,13225,specialized_enriched,active_fraction,0.008961672894656658,0.0022441295441240072,3.993384838104248,3.993384838104248,781,88
351,15848,specialized_enriched,max,1.388989806175232,0.3488745391368866,3.981344699859619,3.981344699859619,863,88
352,9189,specialized_enriched,active_fraction,0.00464678043499589,0.0011687627993524075,3.97581148147583,3.97581148147583,869,88
353,10959,specialized_enriched,active_fraction,0.008187049999833107,0.002065502107143402,3.9637093544006348,3.9637093544006348,863,88
354,11201,specialized_enriched,mean,0.06139923632144928,0.015520093962550163,3.9561123847961426,3.9561123847961426,872,88
355,2422,specialized_enriched,mean,0.047702159732580185,0.012067644856870174,3.952897310256958,3.952897310256958,854,88
356,6111,specialized_enriched,active_fraction,0.014606422744691372,0.0037063194904476404,3.940950870513916,3.940950870513916,870,88
357,11663,specialized_enriched,mean,0.09249137341976166,0.02353104203939438,3.9306111335754395,3.9306111335754395,742,88
358,13865,specialized_enriched,mean,0.03551369532942772,0.009052312932908535,3.9231624603271484,3.9231624603271484,841,88
359,11647,specialized_enriched,active_fraction,0.0063434867188334465,0.0016228874446824193,3.9087655544281006,3.9087655544281006,689,88
360,11401,specialized_enriched,active_fraction,0.00478645134717226,0.0012289766455069184,3.8946642875671387,3.8946642875671387,868,88
361,6953,specialized_enriched,active_fraction,0.004806962329894304,0.0012352768098935485,3.891404867172241,3.891404867172241,818,88
362,8051,specialized_enriched,active_fraction,0.001734081539325416,0.00044715311378240585,3.8780486583709717,3.8780486583709717,788,88
363,1531,specialized_enriched,mean,0.033687006682157516,0.008701462298631668,3.8714189529418945,3.8714189529418945,869,88
364,15161,specialized_enriched,mean,0.06083223968744278,0.015728062018752098,3.8677518367767334,3.8677518367767334,822,88
365,16031,specialized_enriched,max,1.532922625541687,0.39669159054756165,3.8642680644989014,3.8642680644989014,855,88
366,9736,specialized_enriched,active_fraction,0.005895490292459726,0.0015291206073015928,3.8554775714874268,3.8554775714874268,864,88
367,16145,specialized_enriched,mean,0.06176544725894928,0.01603182964026928,3.8526761531829834,3.8526761531829834,872,88
368,363,specialized_enriched,active_fraction,0.01295112818479538,0.0033656705636531115,3.848008394241333,3.848008394241333,735,88
369,5055,specialized_enriched,active_fraction,0.005423408467322588,0.0014108256436884403,3.8441379070281982,3.8441379070281982,724,88
370,10383,specialized_enriched,active_fraction,0.006209289189428091,0.001616174355149269,3.8419673442840576,3.8419673442840576,846,88
371,9083,specialized_enriched,active_fraction,0.00961615052074194,0.0025033296551555395,3.841344118118286,3.841344118118286,862,88
372,6823,specialized_enriched,mean,0.03482988849282265,0.009071906097233295,3.839313268661499,3.839313268661499,870,88
373,15623,specialized_enriched,active_fraction,0.002994821174070239,0.0007801473839208484,3.8387889862060547,3.8387889862060547,716,88
374,11302,specialized_enriched,active_fraction,0.009747607633471489,0.002544178394600749,3.8313381671905518,3.8313381671905518,783,88
375,3724,specialized_enriched,max,0.5857331156730652,0.15306270122528076,3.8267526626586914,3.8267526626586914,848,88
376,1313,specialized_enriched,mean,0.038698941469192505,0.010122610256075859,3.8230199813842773,3.8230199813842773,626,88
377,12483,specialized_enriched,active_fraction,0.004421757534146309,0.0011601318838074803,3.8114266395568848,3.8114266395568848,788,88
378,4469,specialized_enriched,active_fraction,0.003738394472748041,0.0009822089923545718,3.8061089515686035,3.8061089515686035,575,88
379,309,specialized_enriched,mean,0.04636713117361069,0.012184716761112213,3.805351495742798,3.805351495742798,871,88
380,7772,specialized_enriched,mean,0.050167180597782135,0.013194416649639606,3.802152156829834,3.802152156829834,855,88
381,15285,specialized_enriched,max,1.776326298713684,0.4673018455505371,3.8012397289276123,3.8012397289276123,870,88
382,5624,specialized_enriched,active_fraction,0.006424535531550646,0.0016912899445742369,3.798600912094116,3.798600912094116,849,88
383,877,specialized_enriched,active_fraction,0.01909472420811653,0.0050287796184420586,3.797089099884033,3.797089099884033,872,88
384,9655,specialized_enriched,mean,0.22793160378932953,0.06006253883242607,3.7949044704437256,3.7949044704437256,871,88
385,9010,specialized_enriched,mean,0.024551603943109512,0.006470406427979469,3.794445514678955,3.794445514678955,870,88
386,1806,specialized_enriched,mean,0.054701391607522964,0.01441871002316475,3.793778419494629,3.793778419494629,860,88
387,15142,specialized_enriched,active_fraction,0.015689779072999954,0.004149260930716991,3.7813429832458496,3.7813429832458496,868,88
388,13188,specialized_enriched,active_fraction,0.007111048325896263,0.001881022471934557,3.780416488647461,3.780416488647461,803,88
389,12084,specialized_enriched,active_fraction,0.003636719426140189,0.0009651712025515735,3.7679526805877686,3.7679526805877686,624,88
390,6918,specialized_enriched,active_fraction,0.01305684819817543,0.0034675768110901117,3.7654099464416504,3.7654099464416504,866,88
391,12708,specialized_enriched,active_fraction,0.008009631186723709,0.0021277638152241707,3.7643423080444336,3.7643423080444336,848,88
392,276,specialized_enriched,active_fraction,0.008790979161858559,0.00233664782717824,3.7622182369232178,3.7622182369232178,851,88
393,2741,specialized_enriched,active_fraction,0.004866763949394226,0.0012936569983139634,3.7620203495025635,3.7620203495025635,592,88
394,10139,specialized_enriched,active_fraction,0.012763365171849728,0.003397007007151842,3.7572383880615234,3.7572383880615234,833,88
395,11700,specialized_enriched,active_fraction,0.007781592197716236,0.002071776194497943,3.756000280380249,3.756000280380249,871,88
396,11947,specialized_enriched,mean,0.026427725329995155,0.007039392367005348,3.7542622089385986,3.7542622089385986,871,88
397,7089,specialized_enriched,active_fraction,0.006375778466463089,0.0016986308619379997,3.753480911254883,3.753480911254883,556,88
398,10503,specialized_enriched,active_fraction,0.007558618672192097,0.002015494741499424,3.7502546310424805,3.7502546310424805,869,88
399,7064,specialized_enriched,active_fraction,0.006502293515950441,0.0017346630338579416,3.7484476566314697,3.7484476566314697,870,88
400,4243,specialized_enriched,active_fraction,0.005067301914095879,0.0013541708467528224,3.7419960498809814,3.7419960498809814,787,88
401,5549,specialized_enriched,active_fraction,0.005941302049905062,0.0015884863678365946,3.7402286529541016,3.7402286529541016,808,88
402,6902,specialized_enriched,mean,0.03564605861902237,0.009564075618982315,3.7270781993865967,3.7270781993865967,857,88
403,3732,specialized_enriched,active_fraction,0.01382734626531601,0.003714129328727722,3.7229037284851074,3.7229037284851074,584,88
404,1196,specialized_enriched,active_fraction,0.013135245069861412,0.0035289146471768618,3.722177028656006,3.722177028656006,787,88
405,3833,specialized_enriched,active_fraction,0.01273401826620102,0.00342656415887177,3.716264247894287,3.716264247894287,699,88
406,4841,specialized_enriched,mean,0.0660921260714531,0.017818067222833633,3.709275722503662,3.709275722503662,866,88
407,11790,specialized_enriched,active_fraction,0.013658762909471989,0.003686672542244196,3.7049026489257812,3.7049026489257812,770,88
408,15549,specialized_enriched,mean,0.042649947106838226,0.011516225524246693,3.703465700149536,3.703465700149536,862,88
409,15479,specialized_enriched,mean,0.04203012213110924,0.011366450227797031,3.697735071182251,3.697735071182251,791,88
410,9268,specialized_enriched,active_fraction,0.009773395955562592,0.0026438571512699127,3.6966428756713867,3.6966428756713867,871,88
411,12642,specialized_enriched,mean,0.026821376755833626,0.007282931823283434,3.682771921157837,3.682771921157837,814,88
412,593,specialized_enriched,active_fraction,0.011770913377404213,0.003197713987901807,3.681040048599243,3.681040048599243,821,88
413,3767,specialized_enriched,active_fraction,0.005483964458107948,0.0014909574529156089,3.678149461746216,3.678149461746216,851,88
414,12101,specialized_enriched,mean,0.0373941995203495,0.010176417417824268,3.674593687057495,3.674593687057495,713,88
415,6927,specialized_enriched,active_fraction,0.007541940547525883,0.002054235665127635,3.6714096069335938,3.6714096069335938,871,88
416,3672,specialized_enriched,mean,0.22673390805721283,0.06183965504169464,3.666480779647827,3.666480779647827,849,88
417,16135,specialized_enriched,max,1.0791946649551392,0.29612991213798523,3.6443283557891846,3.6443283557891846,870,88
418,11243,specialized_enriched,mean,0.04296591877937317,0.011795719154179096,3.64250111579895,3.64250111579895,866,88
419,8401,specialized_enriched,mean,0.02386515401303768,0.006555652245879173,3.6403934955596924,3.6403934955596924,863,88
420,14956,specialized_enriched,max,0.7356150150299072,0.20221690833568573,3.6377522945404053,3.6377522945404053,869,88
421,12991,specialized_enriched,mean,0.03236857429146767,0.008901712484657764,3.636218786239624,3.636218786239624,871,88
422,7457,specialized_enriched,active_fraction,0.00769467931240797,0.002116410294547677,3.6357219219207764,3.6357219219207764,868,88
423,6580,specialized_enriched,active_fraction,0.0043896520510315895,0.0012080741580575705,3.6335947513580322,3.6335947513580322,869,88
424,1543,specialized_enriched,max,1.1220976114273071,0.30883172154426575,3.6333625316619873,3.6333625316619873,868,88
425,4190,specialized_enriched,active_fraction,0.003853128058835864,0.0010609911987558007,3.6316306591033936,3.6316306591033936,641,88
426,5721,specialized_enriched,mean,0.06076398491859436,0.016753340139985085,3.6269774436950684,3.6269774436950684,716,88
427,2577,specialized_enriched,active_fraction,0.013765831477940083,0.0038063160609453917,3.6165759563446045,3.6165759563446045,715,88
428,11595,specialized_enriched,active_fraction,0.010822233743965626,0.0029986072331666946,3.609086751937866,3.609086751937866,723,88
429,7122,specialized_enriched,active_fraction,0.007259298115968704,0.0020123180001974106,3.607430934906006,3.607430934906006,759,88
430,804,specialized_enriched,mean,0.0307629257440567,0.008529936894774437,3.6064658164978027,3.6064658164978027,870,88
431,14929,specialized_enriched,active_fraction,0.0032188682816922665,0.0008929790928959846,3.604640245437622,3.604640245437622,833,88
432,14199,specialized_enriched,mean,0.08626174181699753,0.023965580388903618,3.5994012355804443,3.5994012355804443,528,88
433,1304,specialized_enriched,mean,0.07151370495557785,0.019876621663570404,3.5978803634643555,3.5978803634643555,701,88
434,5264,specialized_enriched,active_fraction,0.0054555670358240604,0.0015174123691394925,3.5953094959259033,3.5953094959259033,830,88
435,10805,specialized_enriched,mean,0.057979557663202286,0.016127269715070724,3.595125436782837,3.595125436782837,796,88
436,9141,specialized_enriched,mean,0.035747792571783066,0.009944877587258816,3.5945935249328613,3.5945935249328613,872,88
437,2202,specialized_enriched,active_fraction,0.015927452594041824,0.004435927607119083,3.590557336807251,3.590557336807251,761,88
438,5046,specialized_enriched,active_fraction,0.010255733504891396,0.0028617738280445337,3.583698034286499,3.583698034286499,728,88
439,12849,specialized_enriched,active_fraction,0.004913791548460722,0.001377894775941968,3.5661587715148926,3.5661587715148926,748,88
440,12609,specialized_enriched,mean,0.07125187665224075,0.01999516412615776,3.56345534324646,3.56345534324646,814,88
441,4696,specialized_enriched,mean,0.05313599109649658,0.014931801706552505,3.5585787296295166,3.5585787296295166,838,88
442,10438,specialized_enriched,mean,0.028824735432863235,0.00810148660093546,3.5579562187194824,3.5579562187194824,714,88
443,13645,specialized_enriched,active_fraction,0.005892092827707529,0.0016565794358029962,3.5567824840545654,3.5567824840545654,868,88
444,8305,specialized_enriched,active_fraction,0.012231019325554371,0.003440494416281581,3.5550179481506348,3.5550179481506348,872,88
445,7926,specialized_enriched,active_fraction,0.009745469316840172,0.0027429957408457994,3.552856206893921,3.552856206893921,824,88
446,13939,specialized_enriched,active_fraction,0.004439775366336107,0.0012509441003203392,3.5491397380828857,3.5491397380828857,848,88
447,4835,specialized_enriched,max,0.9940316081047058,0.2800845801830292,3.5490407943725586,3.5490407943725586,569,88
448,12248,specialized_enriched,active_fraction,0.008330943994224072,0.0023488348815590143,3.5468411445617676,3.5468411445617676,867,88
449,1449,specialized_enriched,active_fraction,0.00800977274775505,0.0022660375107079744,3.5347044467926025,3.5347044467926025,865,88
450,2605,specialized_enriched,active_fraction,0.01705859787762165,0.004839802626520395,3.5246474742889404,3.5246474742889404,836,88
451,15101,specialized_enriched,active_fraction,0.007270138710737228,0.0020630091894418,3.524045705795288,3.524045705795288,871,88
452,6606,specialized_enriched,mean,0.04204569011926651,0.011944872327148914,3.5199782848358154,3.5199782848358154,830,88
453,6029,specialized_enriched,mean,0.0377003513276577,0.010714995674788952,3.5184662342071533,3.5184662342071533,869,88
454,11849,specialized_enriched,active_fraction,0.0135061489418149,0.003840023186057806,3.517204999923706,3.517204999923706,574,88
455,7313,specialized_enriched,active_fraction,0.006931695155799389,0.001971879508346319,3.515273094177246,3.515273094177246,794,88
456,13402,specialized_enriched,mean,0.022275147959589958,0.006342723965644836,3.5119214057922363,3.5119214057922363,862,88
457,591,specialized_enriched,mean,0.06693120300769806,0.019060684368014336,3.511479616165161,3.511479616165161,703,88
458,9481,specialized_enriched,active_fraction,0.012550975196063519,0.0035985070280730724,3.487828493118286,3.487828493118286,847,88
459,8029,specialized_enriched,active_fraction,0.010309787467122078,0.002958400407806039,3.484919548034668,3.484919548034668,705,88
460,15151,specialized_enriched,active_fraction,0.009810496121644974,0.0028157057240605354,3.4842050075531006,3.4842050075531006,870,88
461,16200,specialized_enriched,active_fraction,0.005043695215135813,0.0014499913668259978,3.478431224822998,3.478431224822998,870,88
462,8686,specialized_enriched,mean,0.04549987241625786,0.013104143552482128,3.4721744060516357,3.4721744060516357,741,88
463,9477,specialized_enriched,active_fraction,0.007509772665798664,0.0021636520978063345,3.4708781242370605,3.4708781242370605,870,88
464,8127,specialized_enriched,max,0.4083961546421051,0.11805775761604309,3.4592912197113037,3.4592912197113037,871,88
465,11269,specialized_enriched,mean,0.02597768045961857,0.007524467539042234,3.452427625656128,3.452427625656128,853,88
466,11021,specialized_enriched,mean,0.02142641320824623,0.006230442319065332,3.4389874935150146,3.4389874935150146,748,88
467,11919,specialized_enriched,active_fraction,0.00397786870598793,0.001160284853540361,3.4283552169799805,3.4283552169799805,811,88
468,6236,specialized_enriched,active_fraction,0.016586801037192345,0.004849075339734554,3.4206111431121826,3.4206111431121826,872,88
469,10565,specialized_enriched,mean,0.02466021291911602,0.0072146570309996605,3.4180715084075928,3.4180715084075928,849,88
470,11641,specialized_enriched,active_fraction,0.0019384694751352072,0.0005675468710251153,3.415523052215576,3.415523052215576,439,88
471,10686,specialized_enriched,active_fraction,0.005443102680146694,0.0015947145875543356,3.4132144451141357,3.4132144451141357,670,88
472,1993,specialized_enriched,mean,0.04011335223913193,0.01175896916538477,3.4112982749938965,3.4112982749938965,846,88
473,10152,specialized_enriched,mean,0.05980962887406349,0.017534198239445686,3.411027193069458,3.411027193069458,870,88
474,12016,specialized_enriched,mean,0.12217973917722702,0.035890381783246994,3.404247522354126,3.404247522354126,830,88
475,10654,specialized_enriched,mean,0.05741848796606064,0.016884449869394302,3.400672674179077,3.400672674179077,780,88
476,15207,specialized_enriched,active_fraction,0.003526802873238921,0.001039488473907113,3.3928253650665283,3.3928253650665283,868,88
477,9214,specialized_enriched,mean,0.025774534791707993,0.007607323583215475,3.3881213665008545,3.3881213665008545,807,88
478,7007,specialized_enriched,active_fraction,0.014862566255033016,0.004389047622680664,3.3862850666046143,3.3862850666046143,829,88
479,9718,specialized_enriched,active_fraction,0.008930321782827377,0.002640020102262497,3.38267183303833,3.38267183303833,850,88
480,8691,specialized_enriched,mean,0.045304834842681885,0.013396167196333408,3.381925106048584,3.381925106048584,870,88
481,4571,specialized_enriched,active_fraction,0.0040774233639240265,0.0012069991789758205,3.3781492710113525,3.3781492710113525,859,88
482,14972,specialized_enriched,active_fraction,0.004350777715444565,0.0012885044561699033,3.376610517501831,3.376610517501831,825,88
483,2050,specialized_enriched,active_fraction,0.004897565580904484,0.0014508345630019903,3.3756885528564453,3.3756885528564453,732,88
484,6358,specialized_enriched,active_fraction,0.009116869419813156,0.002703566337004304,3.372164011001587,3.372164011001587,821,88
485,10021,specialized_enriched,mean,0.036014750599861145,0.010683595202863216,3.371032953262329,3.371032953262329,872,88
486,14146,specialized_enriched,active_fraction,0.00663070660084486,0.0019673386123031378,3.370394229888916,3.370394229888916,847,88
487,6281,specialized_enriched,active_fraction,0.0015242643421515822,0.00045379900257103145,3.3588974475860596,3.3588974475860596,477,88
488,5765,specialized_enriched,active_fraction,0.010686546564102173,0.0031898925080895424,3.3501274585723877,3.3501274585723877,856,88
489,6785,specialized_enriched,mean,0.05856415629386902,0.017483368515968323,3.3497066497802734,3.3497066497802734,776,88
490,8542,specialized_enriched,active_fraction,0.0026267028879374266,0.0007844800711609423,3.3483359813690186,3.3483359813690186,864,88
491,10399,specialized_enriched,max,1.8821698427200317,0.5637368559837341,3.338738203048706,3.338738203048706,668,88
492,14381,specialized_enriched,active_fraction,0.0020847853738814592,0.000624596606940031,3.33781099319458,3.33781099319458,842,88
493,6046,specialized_enriched,mean,0.03327855095267296,0.009981181472539902,3.3341293334960938,3.3341293334960938,771,88
494,5402,specialized_enriched,active_fraction,0.006320181768387556,0.0018956208368763328,3.3340959548950195,3.3340959548950195,807,88
495,13422,specialized_enriched,mean,0.03551734983921051,0.010679474100470543,3.325758218765259,3.325758218765259,861,88
496,5951,specialized_enriched,mean,0.02481640689074993,0.007463559973984957,3.325009346008301,3.325009346008301,715,88
497,13797,specialized_enriched,active_fraction,0.01887870579957962,0.005682576447725296,3.322208881378174,3.322208881378174,799,88
498,10746,specialized_enriched,mean,0.02779453992843628,0.008367732167243958,3.3216335773468018,3.3216335773468018,870,88
499,7531,specialized_enriched,active_fraction,0.002684313803911209,0.000809278164524585,3.3169236183166504,3.3169236183166504,669,88
500,10376,specialized_enriched,mean,0.03043568693101406,0.0091805225238204,3.3152456283569336,3.3152456283569336,787,88
501,1015,specialized_enriched,active_fraction,0.003836263669654727,0.0011573523515835404,3.3146893978118896,3.3146893978118896,768,88
502,7873,specialized_enriched,active_fraction,0.007416481152176857,0.00223837629891932,3.313330888748169,3.313330888748169,855,88
503,5034,specialized_enriched,mean,0.07278358191251755,0.02196715585887432,3.313291072845459,3.313291072845459,512,88
504,3406,specialized_enriched,mean,0.020586475729942322,0.006222277879714966,3.308511257171631,3.308511257171631,855,88
505,12418,specialized_enriched,mean,0.03020736388862133,0.009141085669398308,3.3045706748962402,3.3045706748962402,871,88
506,3356,specialized_enriched,active_fraction,0.004410020541399717,0.0013349525397643447,3.3035035133361816,3.3035035133361816,675,88
507,661,specialized_enriched,mean,0.03735554218292236,0.011317144148051739,3.3007922172546387,3.3007922172546387,784,88
508,3974,specialized_enriched,active_fraction,0.008956926874816418,0.0027226076927036047,3.2898337841033936,3.2898337841033936,854,88
509,16228,specialized_enriched,mean,0.03827572241425514,0.011639758013188839,3.288360595703125,3.288360595703125,686,88
510,12891,specialized_enriched,active_fraction,0.015372865833342075,0.004675323609262705,3.2880859375,3.2880859375,721,88
511,3130,specialized_enriched,max,0.9905443787574768,0.30229657888412476,3.2767302989959717,3.2767302989959717,774,88
512,12686,specialized_enriched,active_fraction,0.015527911484241486,0.004741164389997721,3.2751262187957764,3.2751262187957764,871,88
513,13294,specialized_enriched,active_fraction,0.01612931117415428,0.004926537163555622,3.2739651203155518,3.2739651203155518,627,88
514,9953,specialized_enriched,mean,0.03024972416460514,0.009241247549653053,3.2733376026153564,3.2733376026153564,746,88
515,4022,specialized_enriched,active_fraction,0.005039623007178307,0.0015404183650389314,3.2715938091278076,3.2715938091278076,770,88
516,13164,specialized_enriched,active_fraction,0.02302989549934864,0.007049597334116697,3.266838550567627,3.266838550567627,852,88
517,1345,specialized_enriched,active_fraction,0.009309635497629642,0.0028509346302598715,3.265467882156372,3.265467882156372,785,88
518,15473,specialized_enriched,mean,0.028406791388988495,0.008705398067831993,3.2631237506866455,3.2631237506866455,872,88
519,13825,specialized_enriched,active_fraction,0.007894037291407585,0.0024243625812232494,3.256129026412964,3.256129026412964,585,88
520,12725,specialized_enriched,active_fraction,0.016966745257377625,0.0052236332558095455,3.2480735778808594,3.2480735778808594,871,88
521,1564,specialized_enriched,active_fraction,0.01659705676138401,0.00511682964861393,3.2436211109161377,3.2436211109161377,872,88
522,7855,specialized_enriched,active_fraction,0.00598756643012166,0.0018507852219045162,3.2351491451263428,3.2351491451263428,680,88
523,392,specialized_enriched,active_fraction,0.010920245200395584,0.0033786569256335497,3.232125997543335,3.232125997543335,871,88
524,2397,specialized_enriched,active_fraction,0.008399857208132744,0.0026013010647147894,3.2290985584259033,3.2290985584259033,348,88
525,563,specialized_enriched,active_fraction,0.0052202800288796425,0.0016181131359189749,3.2261526584625244,3.2261526584625244,638,88
526,11539,specialized_enriched,active_fraction,0.050232645124197006,0.015571357682347298,3.225964307785034,3.225964307785034,872,88
527,3719,specialized_enriched,mean,0.027197981253266335,0.008447949774563313,3.2194771766662598,3.2194771766662598,740,88
528,6238,specialized_enriched,active_fraction,0.004308035131543875,0.0013394564157351851,3.2162563800811768,3.2162563800811768,862,88
529,3169,specialized_enriched,active_fraction,0.007150552235543728,0.0022238080855458975,3.215453863143921,3.215453863143921,714,88
530,6007,specialized_enriched,active_fraction,0.003940041176974773,0.0012267839629203081,3.2116830348968506,3.2116830348968506,860,88
531,2089,specialized_enriched,max,0.8452568650245667,0.2634473145008087,3.2084474563598633,3.2084474563598633,814,88
532,15411,specialized_enriched,active_fraction,0.004195874091237783,0.0013083299854770303,3.207045793533325,3.207045793533325,861,88
533,7406,specialized_enriched,active_fraction,0.001620110822841525,0.0005059927352704108,3.201846122741699,3.201846122741699,378,88
534,9740,specialized_enriched,active_fraction,0.0048622931353747845,0.0015202445210888982,3.1983625888824463,3.1983625888824463,815,88
535,9766,specialized_enriched,mean,0.015594087541103363,0.004877287428826094,3.197287082672119,3.197287082672119,854,88
536,3573,specialized_enriched,active_fraction,0.00857696495950222,0.002683738013729453,3.1959025859832764,3.1959025859832764,720,88
537,11622,specialized_enriched,mean,0.0079561872407794,0.002490176120772958,3.1950299739837646,3.1950299739837646,322,88
538,11115,specialized_enriched,active_fraction,0.003990918397903442,0.0012492005480453372,3.1947779655456543,3.1947779655456543,786,88
539,15475,specialized_enriched,mean,0.03925696015357971,0.012299872934818268,3.1916556358337402,3.1916556358337402,872,88
540,6253,specialized_enriched,active_fraction,0.006162812002003193,0.0019314989913254976,3.1906886100769043,3.1906886100769043,861,88
541,12927,specialized_enriched,active_fraction,0.005620965268462896,0.0017625968903303146,3.1890249252319336,3.1890249252319336,817,88
542,14241,specialized_enriched,mean,0.025665922090411186,0.008058581501245499,3.184918165206909,3.184918165206909,872,88
543,4254,specialized_enriched,mean,0.039293814450502396,0.012374906800687313,3.1752817630767822,3.1752817630767822,686,88
544,6861,specialized_enriched,mean,0.049059171229600906,0.015453527681529522,3.174626111984253,3.174626111984253,856,88
545,11354,specialized_enriched,active_fraction,0.004166722763329744,0.0013128145365044475,3.1738853454589844,3.1738853454589844,871,88
546,4519,specialized_enriched,active_fraction,0.0062790983356535435,0.0019789659418165684,3.1729187965393066,3.1729187965393066,869,88
547,5669,specialized_enriched,active_fraction,0.010043174959719181,0.003167815273627639,3.1703789234161377,3.1703789234161377,864,88
548,65,specialized_enriched,mean,0.03148970380425453,0.009932671673595905,3.1703155040740967,3.1703155040740967,868,88
549,14870,specialized_enriched,mean,0.03349123150110245,0.0105860261246562,3.1637208461761475,3.1637208461761475,868,88
550,10474,specialized_enriched,mean,0.02727270871400833,0.008623266592621803,3.162688732147217,3.162688732147217,871,88
551,403,specialized_enriched,active_fraction,0.0035929037258028984,0.0011363187804818153,3.1618800163269043,3.1618800163269043,723,88
552,12568,specialized_enriched,active_fraction,0.0045481836423277855,0.001438516890630126,3.161717176437378,3.161717176437378,871,88
553,12630,specialized_enriched,active_fraction,0.006075162440538406,0.0019299488049000502,3.1478359699249268,3.1478359699249268,866,88
554,5336,specialized_enriched,mean,0.06009174510836601,0.019104475155472755,3.145427703857422,3.145427703857422,771,88
555,8957,specialized_enriched,active_fraction,0.004141421522945166,0.0013226366136223078,3.1311862468719482,3.1311862468719482,853,88
556,5991,specialized_enriched,active_fraction,0.00164031982421875,0.0005240394966676831,3.130145311355591,3.130145311355591,731,88
557,21,specialized_enriched,active_fraction,0.007177609950304031,0.002293321769684553,3.1297874450683594,3.1297874450683594,818,88
558,8555,specialized_enriched,active_fraction,0.002675424562767148,0.0008556606480851769,3.1267354488372803,3.1267354488372803,765,88
559,1400,specialized_enriched,active_fraction,0.019455913454294205,0.006234734319150448,3.12056827545166,3.12056827545166,870,88
560,12610,specialized_enriched,mean,0.03777848929166794,0.012120514176785946,3.1169047355651855,3.1169047355651855,871,88
561,15617,specialized_enriched,active_fraction,0.007724087685346603,0.0024792279582470655,3.1155214309692383,3.1155214309692383,688,88
562,4714,specialized_enriched,mean,0.04934930428862572,0.015840068459510803,3.1154730319976807,3.1154730319976807,814,88
563,9185,specialized_enriched,active_fraction,0.016143593937158585,0.005193902179598808,3.108182191848755,3.108182191848755,768,88
564,6352,specialized_enriched,active_fraction,0.005427941679954529,0.0017464462434872985,3.10799241065979,3.10799241065979,841,88
565,8136,specialized_enriched,mean,0.05326056480407715,0.017138248309493065,3.1077017784118652,3.1077017784118652,697,88
566,5389,specialized_enriched,mean,0.04205351695418358,0.013536232523620129,3.1067371368408203,3.1067371368408203,503,88
567,11420,specialized_enriched,mean,0.02060476876795292,0.006642148829996586,3.102123975753784,3.102123975753784,761,88
568,8983,specialized_enriched,mean,0.02994152344763279,0.00965544767677784,3.1009979248046875,3.1009979248046875,684,88
569,3303,specialized_enriched,active_fraction,0.005720857065171003,0.0018453676020726562,3.1001179218292236,3.1001179218292236,686,88
570,7668,specialized_enriched,active_fraction,0.01054401881992817,0.003402554430067539,3.098853826522827,3.098853826522827,872,88
571,15947,specialized_enriched,mean,0.06683770567178726,0.021581800654530525,3.09694766998291,3.09694766998291,792,88
572,8318,specialized_enriched,mean,0.02310035191476345,0.00745956739410758,3.0967414379119873,3.0967414379119873,578,88
573,8558,specialized_enriched,mean,0.03145947307348251,0.010171308182179928,3.0929622650146484,3.0929622650146484,629,88
574,13585,specialized_enriched,active_fraction,0.005564338993281126,0.001799374120309949,3.092374801635742,3.092374801635742,721,88
575,14216,specialized_enriched,active_fraction,0.0033032617066055536,0.0010685698362067342,3.091292381286621,3.091292381286621,580,88
576,15368,specialized_enriched,mean,0.040216028690338135,0.013009529560804367,3.0912747383117676,3.0912747383117676,831,88
577,9435,specialized_enriched,active_fraction,0.005553099326789379,0.0017986359307542443,3.087394952774048,3.087394952774048,703,88
578,57,specialized_enriched,mean,0.043843336403369904,0.014234359376132488,3.080106019973755,3.080106019973755,794,88
579,7303,specialized_enriched,max,2.652130365371704,0.8618181943893433,3.077366352081299,3.077366352081299,567,88
580,4415,specialized_enriched,mean,0.022938217967748642,0.007455631624907255,3.076629638671875,3.076629638671875,855,88
581,11293,specialized_enriched,active_fraction,0.008200046606361866,0.0026731365360319614,3.067574977874756,3.067574977874756,787,88
582,15750,specialized_enriched,active_fraction,0.010018867440521717,0.0032684695906937122,3.0653083324432373,3.0653083324432373,871,88
583,7763,specialized_enriched,active_fraction,0.01127721183001995,0.0036868767347186804,3.058743953704834,3.058743953704834,726,88
584,2366,specialized_enriched,active_fraction,0.007195512764155865,0.00235507870092988,3.0553174018859863,3.0553174018859863,871,88
585,15350,specialized_enriched,active_fraction,0.005455939564853907,0.0017868047580122948,3.0534615516662598,3.0534615516662598,872,88
586,6593,specialized_enriched,active_fraction,0.011478406377136707,0.003760256804525852,3.0525591373443604,3.0525591373443604,872,88
587,8729,specialized_enriched,active_fraction,0.004444619175046682,0.0014561621937900782,3.0522830486297607,3.0522830486297607,613,88
588,11939,specialized_enriched,active_fraction,0.005161152221262455,0.0016925871605053544,3.0492682456970215,3.0492682456970215,871,88
589,810,specialized_enriched,mean,0.024055564776062965,0.007894493639469147,3.0471320152282715,3.0471320152282715,732,88
590,11832,specialized_enriched,mean,0.04453246667981148,0.014621537178754807,3.0456762313842773,3.0456762313842773,871,88
591,7071,specialized_enriched,active_fraction,0.005663671996444464,0.0018629335099831223,3.0401899814605713,3.0401899814605713,814,88
592,3702,specialized_enriched,mean,0.016416700556874275,0.005409267731010914,3.034921169281006,3.034921169281006,781,88
593,11896,specialized_enriched,active_fraction,0.0030542684253305197,0.001006515696644783,3.034496545791626,3.034496545791626,845,88
594,6217,specialized_enriched,mean,0.037345051765441895,0.012365585193037987,3.0200796127319336,3.0200796127319336,828,88
595,13091,specialized_enriched,active_fraction,0.010583070106804371,0.0035055691841989756,3.018930673599243,3.018930673599243,531,88
596,11353,specialized_enriched,active_fraction,0.010128411464393139,0.0033588542137295008,3.0154364109039307,3.0154364109039307,872,88
597,5047,specialized_enriched,active_fraction,0.009237706661224365,0.003067417535930872,3.0115582942962646,3.0115582942962646,872,88
598,9344,specialized_enriched,active_fraction,0.0107793677598238,0.003582456149160862,3.008932113647461,3.008932113647461,631,88
599,5632,specialized_enriched,max,2.4400346279144287,0.8120726943016052,3.00469970703125,3.00469970703125,608,88
600,9013,specialized_enriched,active_fraction,0.002796403830870986,0.0009307071450166404,3.004601240158081,3.004601240158081,577,88
601,10153,specialized_enriched,active_fraction,0.0027466972824186087,0.0009141658083535731,3.004594087600708,3.004594087600708,714,88
602,15805,specialized_enriched,active_fraction,0.005621346645057201,0.0018711384618654847,3.0042388439178467,3.0042388439178467,811,88
603,5110,specialized_enriched,mean,0.02195744216442108,0.007309194654226303,3.004085063934326,3.004085063934326,841,88
604,11918,specialized_enriched,active_fraction,0.0035397906322032213,0.0011789376148954034,3.002525806427002,3.002525806427002,638,88
605,3233,specialized_enriched,mean,0.037291646003723145,0.0124324019998312,2.9995527267456055,2.9995527267456055,870,88
606,7169,specialized_enriched,max,0.5981354713439941,0.19952210783958435,2.997840642929077,2.997840642929077,779,88
607,1025,specialized_enriched,active_fraction,0.004184607416391373,0.0013998758513480425,2.9892704486846924,2.9892704486846924,863,88
608,3196,specialized_enriched,active_fraction,0.010589164681732655,0.00354308495298028,2.988684892654419,2.988684892654419,770,88
609,2021,specialized_enriched,mean,0.026631342247128487,0.008912993595004082,2.9879233837127686,2.9879233837127686,872,88
610,13723,specialized_enriched,max,0.27411314845085144,0.0919341892004013,2.981623649597168,2.981623649597168,234,88
611,10496,specialized_enriched,mean,0.029734784737229347,0.009976329281926155,2.9805335998535156,2.9805335998535156,530,88
612,7128,specialized_enriched,mean,0.06469171494245529,0.021721728146076202,2.978203058242798,2.978203058242798,672,88
613,61,specialized_enriched,active_fraction,0.005867909174412489,0.0019721437711268663,2.975396156311035,2.975396156311035,790,88
614,11686,specialized_enriched,mean,0.02228805236518383,0.007498178631067276,2.9724621772766113,2.9724621772766113,703,88
615,2324,specialized_enriched,active_fraction,0.006601324770599604,0.00222403509542346,2.968174695968628,2.968174695968628,632,88
616,9002,specialized_enriched,active_fraction,0.0057352464646101,0.0019337533740326762,2.965862512588501,2.965862512588501,850,88
617,4909,specialized_enriched,mean,0.0359077975153923,0.012110873125493526,2.9649221897125244,2.9649221897125244,845,88
618,4343,specialized_enriched,max,1.9097020626068115,0.646609365940094,2.953409194946289,2.953409194946289,253,88
619,12285,specialized_enriched,active_fraction,0.0027011693455278873,0.0009150324040092528,2.951992988586426,2.951992988586426,575,88
620,15112,specialized_enriched,mean,0.024184009060263634,0.008214454166591167,2.944079875946045,2.944079875946045,856,88
621,8642,specialized_enriched,active_fraction,0.004934435244649649,0.0016765141626819968,2.9432709217071533,2.9432709217071533,755,88
622,7312,specialized_enriched,active_fraction,0.00789662729948759,0.002683283993974328,2.942896604537964,2.942896604537964,870,88
623,12711,specialized_enriched,active_fraction,0.005128904711455107,0.0017430736916139722,2.942448616027832,2.942448616027832,714,88
624,14765,specialized_enriched,mean,0.07606329023838043,0.025895720347762108,2.9372918605804443,2.9372918605804443,871,88
625,13271,specialized_enriched,mean,0.03172760829329491,0.010809306055307388,2.9352123737335205,2.9352123737335205,805,88
626,9968,specialized_enriched,mean,0.029229221865534782,0.009958582930266857,2.9350783824920654,2.9350783824920654,866,88
627,7698,specialized_enriched,active_fraction,0.0045266528613865376,0.0015427020844072104,2.934236526489258,2.934236526489258,843,88
628,10881,specialized_enriched,active_fraction,0.0037611229345202446,0.0012882871087640524,2.919475793838501,2.919475793838501,531,88
629,348,specialized_enriched,max,2.020386219024658,0.6922416687011719,2.918613910675049,2.918613910675049,693,88
630,8964,specialized_enriched,active_fraction,0.009404630400240421,0.003226091153919697,2.915178060531616,2.915178060531616,765,88
631,14893,specialized_enriched,mean,0.027316860854625702,0.009372281841933727,2.9146435260772705,2.9146435260772705,758,88
632,1099,specialized_enriched,max,1.6137025356292725,0.553759753704071,2.9140841960906982,2.9140841960906982,868,88
633,11736,specialized_enriched,mean,0.03464021906256676,0.011888920329511166,2.9136555194854736,2.9136555194854736,864,88
634,12809,specialized_enriched,active_fraction,0.004862931556999683,0.001669118762947619,2.9134724140167236,2.9134724140167236,732,88
635,10306,specialized_enriched,active_fraction,0.004105785395950079,0.0014107434544712305,2.910369873046875,2.910369873046875,760,88
636,15421,specialized_enriched,mean,0.026639077812433243,0.00915351789444685,2.9102556705474854,2.9102556705474854,872,88
637,3240,specialized_enriched,max,1.7125636339187622,0.5886268019676208,2.909421682357788,2.909421682357788,860,88
638,1095,specialized_enriched,active_fraction,0.013778172433376312,0.004736038856208324,2.9092185497283936,2.9092185497283936,870,88
639,7910,specialized_enriched,mean,0.020990727469325066,0.007223695050925016,2.905815839767456,2.905815839767456,700,88
640,3332,specialized_enriched,mean,0.01182722020894289,0.004076565615832806,2.901270627975464,2.901270627975464,827,88
641,11609,specialized_enriched,mean,0.036367230117321014,0.012535135261714458,2.901223659515381,2.901223659515381,872,88
642,8036,specialized_enriched,active_fraction,0.004911972675472498,0.0016957391053438187,2.896655797958374,2.896655797958374,792,88
643,7504,specialized_enriched,active_fraction,0.007120443042367697,0.0024588170927017927,2.8958816528320312,2.8958816528320312,869,88
644,7724,specialized_enriched,active_fraction,0.010666017420589924,0.0036859766114503145,2.893674850463867,2.893674850463867,866,88
645,1117,specialized_enriched,mean,0.03872141242027283,0.01338159665465355,2.89363169670105,2.89363169670105,841,88
646,2643,specialized_enriched,active_fraction,0.0074324761517345905,0.0025690291076898575,2.8931069374084473,2.8931069374084473,841,88
647,15075,specialized_enriched,active_fraction,0.002794478554278612,0.0009664999670349061,2.891338586807251,2.891338586807251,561,88
648,12326,specialized_enriched,mean,0.06847024708986282,0.023740267381072044,2.8841397762298584,2.8841397762298584,729,88
649,14667,specialized_enriched,active_fraction,0.003213536459952593,0.0011162555310875177,2.8788537979125977,2.8788537979125977,651,88
650,4681,specialized_enriched,active_fraction,0.002379040466621518,0.0008271235274150968,2.876281976699829,2.876281976699829,481,88
651,15650,specialized_enriched,mean,0.037314269691705704,0.012985417619347572,2.873551845550537,2.873551845550537,869,88
652,14412,specialized_enriched,active_fraction,0.003174866084009409,0.0011056491639465094,2.871495008468628,2.871495008468628,535,88
653,5614,specialized_enriched,active_fraction,0.013195428065955639,0.00459558330476284,2.871328115463257,2.871328115463257,785,88
654,6110,specialized_enriched,mean,0.025747546926140785,0.008970808237791061,2.870147943496704,2.870147943496704,783,88
655,3696,specialized_enriched,active_fraction,0.014637818560004234,0.005100838374346495,2.8696887493133545,2.8696887493133545,860,88
656,7805,specialized_enriched,active_fraction,0.005172427743673325,0.0018101895693689585,2.857395648956299,2.857395648956299,708,88
657,9377,specialized_enriched,mean,0.006330317351967096,0.0022170371375977993,2.8553049564361572,2.8553049564361572,840,88
658,10013,specialized_enriched,active_fraction,0.002901148283854127,0.0010177624644711614,2.8505160808563232,2.8505160808563232,719,88
659,14955,specialized_enriched,max,1.0561659336090088,0.37095460295677185,2.8471567630767822,2.8471567630767822,555,88
660,10677,specialized_enriched,active_fraction,0.009148504585027695,0.003213209565728903,2.8471546173095703,2.8471546173095703,482,88
661,2156,specialized_enriched,active_fraction,0.005821813363581896,0.0020479478407651186,2.842754602432251,2.842754602432251,843,88
662,12191,specialized_enriched,active_fraction,0.004704568535089493,0.0016572127351537347,2.838844060897827,2.838844060897827,872,88
663,13059,specialized_enriched,mean,0.03537672013044357,0.012463144026696682,2.8385069370269775,2.8385069370269775,871,88
664,1903,specialized_enriched,active_fraction,0.0105128800496459,0.00370569690130651,2.8369507789611816,2.8369507789611816,872,88
665,5485,specialized_enriched,max,2.295625925064087,0.809846818447113,2.834642171859741,2.834642171859741,792,88
666,3361,specialized_enriched,mean,0.030584193766117096,0.010803980752825737,2.8308262825012207,2.8308262825012207,501,88
667,2964,specialized_enriched,mean,0.03826266527175903,0.01352783665060997,2.828439235687256,2.828439235687256,731,88
668,1699,specialized_enriched,mean,0.03275423124432564,0.01158259715884924,2.827883243560791,2.827883243560791,782,88
669,15902,specialized_enriched,active_fraction,0.010760036297142506,0.0038083766121417284,2.8253602981567383,2.8253602981567383,872,88
670,5679,specialized_enriched,active_fraction,0.0030848036985844374,0.0010927534895017743,2.8229639530181885,2.8229639530181885,552,88
671,7408,specialized_enriched,mean,0.0232932697981596,0.008259003981947899,2.8203485012054443,2.8203485012054443,862,88
672,16286,specialized_enriched,active_fraction,0.0029142601415514946,0.0010333944810554385,2.820084810256958,2.820084810256958,622,88
673,8264,specialized_enriched,active_fraction,0.011012498289346695,0.0039058446418493986,2.8194921016693115,2.8194921016693115,871,88
674,1244,specialized_enriched,mean,0.05556737259030342,0.0197147224098444,2.818572521209717,2.818572521209717,868,88
675,8033,specialized_enriched,active_fraction,0.00694528641179204,0.002464251359924674,2.8184163570404053,2.8184163570404053,726,88
676,16041,specialized_enriched,active_fraction,0.004000739194452763,0.0014208551729097962,2.8157262802124023,2.8157262802124023,807,88
677,4463,specialized_enriched,active_fraction,0.004718514159321785,0.0016766366316005588,2.8142735958099365,2.8142735958099365,842,88
678,1258,specialized_enriched,mean,0.0213143453001976,0.007583245635032654,2.810715436935425,2.810715436935425,565,88
679,14653,specialized_enriched,active_fraction,0.004455513320863247,0.0015864354791119695,2.8085057735443115,2.8085057735443115,869,88
680,2013,specialized_enriched,active_fraction,0.0038653884548693895,0.0013766686897724867,2.807784080505371,2.807784080505371,771,88
681,13928,specialized_enriched,mean,0.014334052801132202,0.0051275514997541904,2.795496702194214,2.795496702194214,617,88
682,3228,specialized_enriched,active_fraction,0.005066033452749252,0.0018128333613276482,2.794538974761963,2.794538974761963,796,88
683,11185,specialized_enriched,active_fraction,0.0027302587404847145,0.0009773889323696494,2.7934210300445557,2.7934210300445557,482,88
684,8377,specialized_enriched,mean,0.02168288081884384,0.007764346897602081,2.792621374130249,2.792621374130249,868,88
685,996,specialized_enriched,active_fraction,0.0017566680908203125,0.0006298238295130432,2.789141893386841,2.789141893386841,752,88
686,5927,specialized_enriched,mean,0.0181493628770113,0.006512842141091824,2.7867038249969482,2.7867038249969482,835,88
687,4583,specialized_enriched,active_fraction,0.011416874825954437,0.004099758807569742,2.7847673892974854,2.7847673892974854,859,88
688,16179,specialized_enriched,active_fraction,0.010293827392160892,0.0036970507353544235,2.784334897994995,2.784334897994995,842,88
689,3968,specialized_enriched,active_fraction,0.007754268124699593,0.0027863190043717623,2.7829792499542236,2.7829792499542236,871,88
690,14225,specialized_enriched,active_fraction,0.0019483078503981233,0.0007015084265731275,2.7773120403289795,2.7773120403289795,765,88
691,11897,specialized_enriched,mean,0.018491895869374275,0.006659332197159529,2.7768394947052,2.7768394947052,646,88
692,13636,specialized_enriched,mean,0.015770694240927696,0.005683302879333496,2.7749171257019043,2.7749171257019043,678,88
693,4356,specialized_enriched,active_fraction,0.0050065419636666775,0.0018147795926779509,2.758760452270508,2.758760452270508,695,88
694,8484,specialized_enriched,active_fraction,0.006313661113381386,0.0022889827378094196,2.758282423019409,2.758282423019409,582,88
695,2846,specialized_enriched,active_fraction,0.002533908234909177,0.0009190996061079204,2.756946325302124,2.756946325302124,723,88
696,7853,specialized_enriched,active_fraction,0.005813368130475283,0.0021119732409715652,2.7525765895843506,2.7525765895843506,870,88
697,12422,specialized_enriched,active_fraction,0.0047235977835953236,0.0017174682579934597,2.750326156616211,2.750326156616211,825,88
698,5294,specialized_enriched,mean,0.04024052992463112,0.01463133841753006,2.7502973079681396,2.7502973079681396,805,88
699,14436,specialized_enriched,active_fraction,0.004055999219417572,0.0014750378904864192,2.7497594356536865,2.7497594356536865,656,88
700,14407,specialized_enriched,mean,0.025701195001602173,0.009352222084999084,2.7481377124786377,2.7481377124786377,872,88
701,12454,specialized_enriched,active_fraction,0.004031469579786062,0.0014673656551167369,2.747419834136963,2.747419834136963,818,88
702,2047,specialized_enriched,mean,0.007961761206388474,0.002901323838159442,2.7441821098327637,2.7441821098327637,348,88
703,15027,specialized_enriched,mean,0.023857302963733673,0.008695479482412338,2.7436442375183105,2.7436442375183105,770,88
704,10407,specialized_enriched,mean,0.01972641982138157,0.007195927668362856,2.741331100463867,2.741331100463867,796,88
705,8357,specialized_enriched,active_fraction,0.002669055014848709,0.0009752733167260885,2.736725091934204,2.736725091934204,671,88
706,4910,specialized_enriched,mean,0.019036510959267616,0.006956004071980715,2.7367022037506104,2.7367022037506104,872,88
707,1202,specialized_enriched,active_fraction,0.006045754067599773,0.0022093437146395445,2.736448049545288,2.736448049545288,592,88
708,4980,specialized_enriched,active_fraction,0.0023565071169286966,0.0008611649973317981,2.736417770385742,2.736417770385742,432,88
709,1778,specialized_enriched,mean,0.020157624036073685,0.007374302949756384,2.7334954738616943,2.7334954738616943,789,88
710,4418,specialized_enriched,active_fraction,0.006597013212740421,0.00241535110399127,2.731285333633423,2.731285333633423,826,88
711,14138,specialized_enriched,active_fraction,0.010369926691055298,0.003801788203418255,2.727644443511963,2.727644443511963,853,88
712,6134,specialized_enriched,active_fraction,0.004982934799045324,0.001827272237278521,2.726979970932007,2.726979970932007,868,88
713,2627,specialized_enriched,mean,0.02468814328312874,0.009056580252945423,2.725989580154419,2.725989580154419,826,88
714,6605,specialized_enriched,active_fraction,0.009178604930639267,0.003368555335327983,2.724789619445801,2.724789619445801,599,88
715,2747,specialized_enriched,mean,0.005618153139948845,0.002066799206659198,2.7182867527008057,2.7182867527008057,170,88
716,3419,specialized_enriched,mean,0.02485995553433895,0.009150142781436443,2.716892719268799,2.716892719268799,861,88
717,8896,specialized_enriched,active_fraction,0.002591075375676155,0.0009541410836391151,2.7156102657318115,2.7156102657318115,535,88
718,4121,specialized_enriched,active_fraction,0.010800801217556,0.003977866843342781,2.715224504470825,2.715224504470825,865,88
719,4636,specialized_enriched,active_fraction,0.005553897470235825,0.0020470069721341133,2.713179588317871,2.713179588317871,753,88
720,12820,specialized_enriched,active_fraction,0.0032192938961088657,0.0011874113697558641,2.711186647415161,2.711186647415161,654,88
721,14922,specialized_enriched,mean,0.0052632796578109264,0.0019415932474657893,2.7108044624328613,2.7108044624328613,770,88
722,5561,specialized_enriched,mean,0.02928234450519085,0.010804167948663235,2.710282325744629,2.710282325744629,834,88
723,12641,specialized_enriched,mean,0.025922482833266258,0.009568941779434681,2.7090229988098145,2.7090229988098145,789,88
724,10502,specialized_enriched,active_fraction,0.0062826466746628284,0.002321108477190137,2.7067441940307617,2.7067441940307617,835,88
725,7366,specialized_enriched,active_fraction,0.003667857963591814,0.001356776338070631,2.703362226486206,2.703362226486206,823,88
726,9256,specialized_enriched,active_fraction,0.0077002146281301975,0.0028495697770267725,2.702237606048584,2.702237606048584,847,88
727,7341,specialized_enriched,active_fraction,0.0057456172071397305,0.0021266534458845854,2.7017176151275635,2.7017176151275635,469,88
728,9442,specialized_enriched,mean,0.015444209799170494,0.005728544667363167,2.696009397506714,2.696009397506714,720,88
729,10398,specialized_enriched,mean,0.09801030158996582,0.036365292966365814,2.6951606273651123,2.6951606273651123,835,88
730,8496,specialized_enriched,active_fraction,0.007966578006744385,0.0029599040281027555,2.6914987564086914,2.6914987564086914,704,88
731,7594,specialized_enriched,active_fraction,0.0074778711423277855,0.0027791697066277266,2.690685272216797,2.690685272216797,720,88
732,13981,specialized_enriched,mean,0.025918126106262207,0.009637036360800266,2.6894290447235107,2.6894290447235107,856,88
733,5449,specialized_enriched,mean,0.022590605542063713,0.008400523103773594,2.68919038772583,2.68919038772583,741,88
734,11088,specialized_enriched,mean,0.036368612200021744,0.013524465262889862,2.6890978813171387,2.6890978813171387,871,88
735,5113,specialized_enriched,mean,0.02960856258869171,0.011016340926289558,2.687694787979126,2.687694787979126,868,88
736,14292,specialized_enriched,mean,0.009293299168348312,0.003467332338914275,2.6802446842193604,2.6802446842193604,705,88
737,1909,specialized_enriched,max,1.9104560613632202,0.7130504846572876,2.679271697998047,2.679271697998047,644,88
738,1325,specialized_enriched,active_fraction,0.0022049215622246265,0.0008242370095103979,2.6751062870025635,2.6751062870025635,555,88
739,14080,specialized_enriched,max,2.2862918376922607,0.8548579812049866,2.6744697093963623,2.6744697093963623,340,88
740,13686,specialized_enriched,active_fraction,0.0020725338254123926,0.0007778648869134486,2.6643879413604736,2.6643879413604736,710,88
741,12812,specialized_enriched,active_fraction,0.010804473422467709,0.004055318888276815,2.6642723083496094,2.6642723083496094,758,88
742,11842,specialized_enriched,mean,0.08360347151756287,0.031395744532346725,2.6628918647766113,2.6628918647766113,833,88
743,4983,specialized_enriched,active_fraction,0.0024605949874967337,0.000925877713598311,2.657580852508545,2.657580852508545,738,88
744,10707,specialized_enriched,mean,0.03662107512354851,0.013789301738142967,2.6557600498199463,2.6557600498199463,737,88
745,13277,specialized_enriched,active_fraction,0.006892527919262648,0.0025977210607379675,2.6532979011535645,2.6532979011535645,543,88
746,1593,specialized_enriched,mean,0.03768593445420265,0.014219195581972599,2.6503562927246094,2.6503562927246094,643,88
747,6065,specialized_enriched,active_fraction,0.003881419077515602,0.0014648640062659979,2.6496787071228027,2.6496787071228027,516,88
748,12880,specialized_enriched,mean,0.02598702162504196,0.009820390492677689,2.646230936050415,2.646230936050415,857,88
749,6265,specialized_enriched,active_fraction,0.009454656392335892,0.003574913367629051,2.6447231769561768,2.6447231769561768,799,88
750,5096,specialized_enriched,mean,0.010837175883352757,0.004097788594663143,2.6446399688720703,2.6446399688720703,782,88
751,764,specialized_enriched,mean,0.02466404065489769,0.009334075264632702,2.6423656940460205,2.6423656940460205,837,88
752,1276,specialized_enriched,active_fraction,0.00801036786288023,0.0030403502751141787,2.634685754776001,2.634685754776001,633,88
753,11756,specialized_enriched,active_fraction,0.010164119303226471,0.003860900178551674,2.632577657699585,2.632577657699585,851,88
754,1005,specialized_enriched,active_fraction,0.0042067416943609715,0.0015994528075680137,2.630113124847412,2.630113124847412,871,88
755,16143,specialized_enriched,mean,0.022840775549411774,0.008685337379574776,2.6298086643218994,2.6298086643218994,868,88
756,1445,specialized_enriched,mean,0.07817666977643967,0.029775872826576233,2.6255037784576416,2.6255037784576416,872,88
757,14997,specialized_enriched,active_fraction,0.003980086650699377,0.001516422489657998,2.6246554851531982,2.6246554851531982,847,88
758,12120,specialized_enriched,active_fraction,0.005057445727288723,0.001930653932504356,2.6195507049560547,2.6195507049560547,448,88
759,4843,specialized_enriched,mean,0.05594583600759506,0.02137591503560543,2.617237091064453,2.617237091064453,779,88
760,4278,specialized_enriched,mean,0.00949674192816019,0.003633568063378334,2.6136133670806885,2.6136133670806885,558,88
761,14001,specialized_enriched,mean,0.02631993778049946,0.010076601058244705,2.611985683441162,2.611985683441162,867,88
762,2983,specialized_enriched,mean,0.02300046943128109,0.008815962821245193,2.608957290649414,2.608957290649414,828,88
763,6388,specialized_enriched,active_fraction,0.0031904797069728374,0.0012231424916535616,2.608428478240967,2.608428478240967,800,88
764,13103,specialized_enriched,mean,0.03228233382105827,0.0123834740370512,2.6068882942199707,2.6068882942199707,820,88
765,735,specialized_enriched,active_fraction,0.006683748681098223,0.002565037691965699,2.6057116985321045,2.6057116985321045,848,88
766,468,specialized_enriched,mean,0.025997348129749298,0.009977799840271473,2.6055190563201904,2.6055190563201904,872,88
767,6323,specialized_enriched,active_fraction,0.002241196809336543,0.0008612410165369511,2.602287530899048,2.602287530899048,837,88
768,7611,specialized_enriched,mean,0.028617752715945244,0.011000468395650387,2.6015031337738037,2.6015031337738037,743,88
769,11381,specialized_enriched,mean,0.019093696027994156,0.0073496089316904545,2.5979199409484863,2.5979199409484863,629,88
770,11653,specialized_enriched,mean,0.010542829521000385,0.004066703375428915,2.592475652694702,2.592475652694702,832,88
771,14597,specialized_enriched,mean,0.008841102011501789,0.00341516500338912,2.5887773036956787,2.5887773036956787,679,88
772,7680,specialized_enriched,active_fraction,0.016869576647877693,0.006517793983221054,2.5882341861724854,2.5882341861724854,826,88
773,1916,specialized_enriched,mean,0.027389321476221085,0.010582578368484974,2.5881519317626953,2.5881519317626953,843,88
774,1349,specialized_enriched,mean,0.008330549113452435,0.0032199546694755554,2.5871634483337402,2.5871634483337402,786,88
775,13880,specialized_enriched,max,0.7342250943183899,0.2846938967704773,2.578998327255249,2.578998327255249,809,88
776,8925,specialized_enriched,mean,0.03259074315428734,0.012640915811061859,2.5781948566436768,2.5781948566436768,683,88
777,6720,specialized_enriched,active_fraction,0.009549224749207497,0.0037044454365968704,2.5777745246887207,2.5777745246887207,817,88
778,11519,specialized_enriched,mean,0.008590396493673325,0.0033331746235489845,2.5772416591644287,2.5772416591644287,822,88
779,12511,specialized_enriched,active_fraction,0.011650928296148777,0.004521369934082031,2.5768580436706543,2.5768580436706543,505,88
780,3100,specialized_enriched,max,0.8531727194786072,0.33111143112182617,2.576693534851074,2.576693534851074,870,88
781,16103,specialized_enriched,active_fraction,0.004146567080169916,0.0016110542928799987,2.573822021484375,2.573822021484375,835,88
782,2632,specialized_enriched,active_fraction,0.0014235740527510643,0.000553791003767401,2.5705981254577637,2.5705981254577637,835,88
783,9206,specialized_enriched,max,1.4789516925811768,0.5755897760391235,2.5694544315338135,2.5694544315338135,715,88
784,3410,specialized_enriched,active_fraction,0.0034224488772451878,0.0013324350584298372,2.5685670375823975,2.5685670375823975,818,88
785,7517,specialized_enriched,active_fraction,0.006735575385391712,0.0026268071960657835,2.5641682147979736,2.5641682147979736,824,88
786,6833,specialized_enriched,active_fraction,0.007917608134448528,0.003097670618444681,2.55598783493042,2.55598783493042,504,88
787,2317,specialized_enriched,active_fraction,0.007956527173519135,0.0031172556336969137,2.5524141788482666,2.5524141788482666,688,88
788,11975,specialized_enriched,active_fraction,0.003472696291282773,0.0013608814915642142,2.5517992973327637,2.5517992973327637,766,88
789,15546,specialized_enriched,active_fraction,0.001842170488089323,0.0007223350112326443,2.5502994060516357,2.5502994060516357,723,88
790,28,specialized_enriched,max,0.5865075588226318,0.23019292950630188,2.547895669937134,2.547895669937134,739,88
791,14,specialized_enriched,active_fraction,0.003156626597046852,0.0012398632243275642,2.545947551727295,2.545947551727295,849,88
792,5085,specialized_enriched,mean,0.01134792622178793,0.004459356423467398,2.5447452068328857,2.5447452068328857,820,88
793,6930,specialized_enriched,mean,0.027864549309015274,0.010984531603753567,2.536708116531372,2.536708116531372,603,88
794,8114,specialized_enriched,active_fraction,0.002689450280740857,0.0010604487033560872,2.5361437797546387,2.5361437797546387,845,88
795,8556,specialized_enriched,active_fraction,0.011239268817007542,0.004434277303516865,2.5346336364746094,2.5346336364746094,872,88
796,3244,specialized_enriched,max,0.889876663684845,0.3513997495174408,2.532377004623413,2.532377004623413,668,88
797,2926,specialized_enriched,mean,0.024319801479578018,0.00961518194526434,2.5293126106262207,2.5293126106262207,784,88
798,8338,specialized_enriched,active_fraction,0.0024320646189153194,0.0009618259500712156,2.5285911560058594,2.5285911560058594,751,88
799,788,specialized_enriched,active_fraction,0.008126316592097282,0.003214840777218342,2.5277509689331055,2.5277509689331055,871,88
800,15389,specialized_enriched,mean,0.024432256817817688,0.009668842889368534,2.5269060134887695,2.5269060134887695,810,88
801,10405,specialized_enriched,active_fraction,0.0017174920067191124,0.0006800128612667322,2.5256757736206055,2.5256757736206055,501,88
802,4834,specialized_enriched,active_fraction,0.005013106390833855,0.001985149225220084,2.5253045558929443,2.5253045558929443,745,88
803,2417,specialized_enriched,active_fraction,0.003016919828951359,0.00119523867033422,2.5241150856018066,2.5241150856018066,624,88
804,12393,specialized_enriched,active_fraction,0.010387429967522621,0.00411760900169611,2.5226848125457764,2.5226848125457764,842,88
805,3543,specialized_enriched,mean,0.02972147800028324,0.011785747483372688,2.521815299987793,2.521815299987793,845,88
806,432,specialized_enriched,active_fraction,0.001951004727743566,0.0007737653213553131,2.521442413330078,2.521442413330078,597,88
807,9972,specialized_enriched,max,1.683525562286377,0.6679929494857788,2.5202744007110596,2.5202744007110596,693,88
808,7823,specialized_enriched,max,2.15793514251709,0.8570343255996704,2.5179097652435303,2.5179097652435303,739,88
809,360,specialized_enriched,active_fraction,0.005558377597481012,0.002207996556535363,2.5173850059509277,2.5173850059509277,813,88
810,5818,specialized_enriched,mean,0.06306599825620651,0.025057965889573097,2.5168044567108154,2.5168044567108154,746,88
811,911,specialized_enriched,active_fraction,0.002229202538728714,0.0008865740965120494,2.5144007205963135,2.5144007205963135,350,88
812,13732,specialized_enriched,active_fraction,0.003036782843992114,0.00120919244363904,2.511414051055908,2.511414051055908,784,88
813,3315,specialized_enriched,active_fraction,0.0016909755067899823,0.0006743274279870093,2.5076475143432617,2.5076475143432617,525,88
814,4265,specialized_enriched,mean,0.012379313819110394,0.004938529338687658,2.5066802501678467,2.5066802501678467,855,88
815,13789,specialized_enriched,active_fraction,0.0026017387863248587,0.0010387856746092439,2.50459623336792,2.50459623336792,768,88
816,1453,specialized_enriched,mean,0.025056075304746628,0.010046882554888725,2.493915319442749,2.493915319442749,854,88
817,14810,specialized_enriched,mean,0.0907774567604065,0.036403656005859375,2.493635654449463,2.493635654449463,655,88
818,1939,specialized_enriched,max,0.649568498134613,0.2609477639198303,2.4892663955688477,2.4892663955688477,824,88
819,14680,specialized_enriched,active_fraction,0.0034118120092898607,0.0013712852960452437,2.488039493560791,2.488039493560791,793,88
820,11375,specialized_enriched,mean,0.020532315596938133,0.008253860287368298,2.4876015186309814,2.4876015186309814,840,88
821,10362,specialized_enriched,active_fraction,0.0017731511034071445,0.0007131129968911409,2.4864938259124756,2.4864938259124756,593,88
822,3961,specialized_enriched,active_fraction,0.001634429208934307,0.0006576470914296806,2.4852678775787354,2.4852678775787354,755,88
823,15715,specialized_enriched,active_fraction,0.006932014599442482,0.002792359795421362,2.4824934005737305,2.4824934005737305,664,88
824,1097,specialized_enriched,active_fraction,0.0055679320357739925,0.0022435144055634737,2.48179030418396,2.48179030418396,851,88
825,15859,specialized_enriched,active_fraction,0.00976569578051567,0.003957764245569706,2.467477798461914,2.467477798461914,592,88
826,9617,specialized_enriched,mean,0.030416887253522873,0.012329771183431149,2.466946601867676,2.466946601867676,869,88
827,3028,specialized_enriched,active_fraction,0.005146150942891836,0.0020862778183072805,2.4666662216186523,2.4666662216186523,861,88
828,8697,specialized_enriched,mean,0.04325966536998749,0.017553284764289856,2.4644768238067627,2.4644768238067627,841,88
829,2986,specialized_enriched,active_fraction,0.0027003088034689426,0.0010964485118165612,2.462777614593506,2.462777614593506,847,88
830,13337,specialized_enriched,max,1.9966274499893188,0.8108429908752441,2.462409496307373,2.462409496307373,675,88
831,14904,specialized_enriched,active_fraction,0.003811601083725691,0.0015486744232475758,2.461202383041382,2.461202383041382,638,88
832,792,specialized_enriched,mean,0.04273435100913048,0.017387954518198967,2.4576985836029053,2.4576985836029053,869,88
833,9076,specialized_enriched,mean,0.049325551837682724,0.020081162452697754,2.4563095569610596,2.4563095569610596,763,88
834,6623,specialized_enriched,mean,0.019031116738915443,0.007749486248940229,2.4557907581329346,2.4557907581329346,871,88
835,5638,specialized_enriched,active_fraction,0.00392404617741704,0.0016004724893718958,2.4518048763275146,2.4518048763275146,871,88
836,4305,specialized_enriched,active_fraction,0.0033107136841863394,0.0013514752499759197,2.4497034549713135,2.4497034549713135,791,88
837,15436,specialized_enriched,max,2.259761095046997,0.9237837791442871,2.4462013244628906,2.4462013244628906,419,88
838,14971,specialized_enriched,mean,0.007431074511259794,0.0030387563165277243,2.4454329013824463,2.4454329013824463,802,88
839,2870,specialized_enriched,active_fraction,0.004266384057700634,0.001744764856994152,2.44524884223938,2.44524884223938,542,88
840,12522,specialized_enriched,active_fraction,0.002886262023821473,0.0011824953835457563,2.4408230781555176,2.4408230781555176,177,88
841,8812,specialized_enriched,mean,0.0346996933221817,0.014240199699997902,2.436742067337036,2.436742067337036,846,88
842,11509,specialized_enriched,mean,0.012088864110410213,0.004961290862411261,2.4366369247436523,2.4366369247436523,812,88
843,11934,specialized_enriched,active_fraction,0.008034826256334782,0.003307479666545987,2.4292895793914795,2.4292895793914795,502,88
844,9753,specialized_enriched,active_fraction,0.0024232908617705107,0.000998143688775599,2.427797555923462,2.427797555923462,381,88
845,4351,specialized_enriched,active_fraction,0.003181794658303261,0.001310916617512703,2.427152633666992,2.427152633666992,870,88
846,4949,specialized_enriched,active_fraction,0.004314635414630175,0.001777788856998086,2.4269673824310303,2.4269673824310303,806,88
847,6240,specialized_enriched,mean,0.024000229313969612,0.009895747527480125,2.425307273864746,2.425307273864746,871,88
848,10741,specialized_enriched,active_fraction,0.003174156416207552,0.0013090576976537704,2.424764394760132,2.424764394760132,869,88
849,9449,specialized_enriched,mean,0.029622135683894157,0.012229093350470066,2.422267436981201,2.422267436981201,774,88
850,1246,specialized_enriched,mean,0.021477827802300453,0.008895193226635456,2.4145431518554688,2.4145431518554688,844,88
851,7489,specialized_enriched,active_fraction,0.005422796122729778,0.0022465393412858248,2.413844347000122,2.413844347000122,683,88
852,10665,specialized_enriched,mean,0.03172135353088379,0.01315299328416586,2.4117212295532227,2.4117212295532227,870,88
853,14759,specialized_enriched,mean,0.022539502009749413,0.009352914988994598,2.409890651702881,2.409890651702881,872,88
854,11503,specialized_enriched,active_fraction,0.003630172461271286,0.0015077991411089897,2.4075968265533447,2.4075968265533447,709,88
855,7953,specialized_enriched,active_fraction,0.00821247510612011,0.003411200363188982,2.4075028896331787,2.4075028896331787,742,88
856,13106,specialized_enriched,max,0.4381018280982971,0.1826477199792862,2.3986165523529053,2.3986165523529053,129,88
857,4451,specialized_enriched,mean,0.022209646180272102,0.009268920868635178,2.396141529083252,2.396141529083252,811,88
858,14009,specialized_enriched,active_fraction,0.0018013798398897052,0.000751790008507669,2.396121025085449,2.396121025085449,779,88
859,8005,specialized_enriched,active_fraction,0.0032061997335404158,0.0013381424359977245,2.396007776260376,2.396007776260376,558,88
860,197,specialized_enriched,active_fraction,0.007383284624665976,0.0030857103411108255,2.3927342891693115,2.3927342891693115,830,88
861,10631,specialized_enriched,active_fraction,0.006087556015700102,0.002544419141486287,2.3925130367279053,2.3925130367279053,869,88
862,5001,specialized_enriched,mean,0.01913001574575901,0.008001342415809631,2.390850782394409,2.390850782394409,773,88
863,7286,specialized_enriched,mean,0.020792929455637932,0.00870886817574501,2.3875582218170166,2.3875582218170166,870,88
864,7138,specialized_enriched,max,1.1080055236816406,0.4642353653907776,2.386732339859009,2.386732339859009,827,88
865,14498,specialized_enriched,active_fraction,0.0042843930423259735,0.0017974490765482187,2.383596420288086,2.383596420288086,753,88
866,2351,specialized_enriched,active_fraction,0.012698053382337093,0.005327905528247356,2.383310556411743,2.383310556411743,863,88
867,6025,specialized_enriched,mean,0.01753460243344307,0.007373086642473936,2.378190279006958,2.378190279006958,788,88
868,8640,specialized_enriched,max,1.3219635486602783,0.5564761161804199,2.3755979537963867,2.3755979537963867,657,88
869,9850,specialized_enriched,active_fraction,0.0030322051607072353,0.0012765341671183705,2.3753418922424316,2.3753418922424316,826,88
870,7352,specialized_enriched,active_fraction,0.004316986538469791,0.0018185520311817527,2.373859167098999,2.373859167098999,582,88
871,481,specialized_enriched,active_fraction,0.0061056893318891525,0.0025768354535102844,2.369452476501465,2.369452476501465,801,88
872,2449,specialized_enriched,mean,0.07082302868366241,0.02990632690489292,2.368162155151367,2.368162155151367,820,88
873,4837,specialized_enriched,active_fraction,0.002641030354425311,0.0011152816005051136,2.368039131164551,2.368039131164551,799,88
874,5086,specialized_enriched,active_fraction,0.002291834680363536,0.0009685770492069423,2.366187334060669,2.366187334060669,865,88
875,9502,specialized_enriched,mean,0.0459866002202034,0.01943848840892315,2.3657498359680176,2.3657498359680176,611,88
876,11851,specialized_enriched,mean,0.024854155257344246,0.010517681017518044,2.3630831241607666,2.3630831241607666,871,88
877,3799,specialized_enriched,mean,0.016582874581217766,0.007017767522484064,2.3629844188690186,2.3629844188690186,581,88
878,1760,specialized_enriched,mean,0.0370388999581337,0.015732664614915848,2.3542673587799072,2.3542673587799072,866,88
879,3753,specialized_enriched,mean,0.016006700694561005,0.006800559349358082,2.3537330627441406,2.3537330627441406,856,88
880,4993,specialized_enriched,mean,0.02321387082338333,0.009876567870378494,2.350398540496826,2.350398540496826,871,88
881,4364,specialized_enriched,active_fraction,0.008094893768429756,0.0034470397513359785,2.348361015319824,2.348361015319824,700,88
882,14985,specialized_enriched,mean,0.022555293515324593,0.009611350484192371,2.3467350006103516,2.3467350006103516,871,88
883,13040,specialized_enriched,mean,0.023102516308426857,0.009864975698292255,2.3418726921081543,2.3418726921081543,870,88
884,11894,specialized_enriched,active_fraction,0.008518618531525135,0.0036378877703100443,2.3416385650634766,2.3416385650634766,844,88
885,2901,specialized_enriched,active_fraction,0.003222070634365082,0.001376117579638958,2.341421127319336,2.341421127319336,870,88
886,10285,specialized_enriched,mean,0.01620323769748211,0.006925513036549091,2.339644432067871,2.339644432067871,870,88
887,8308,specialized_enriched,mean,0.00341796875,0.001462594955228269,2.336920976638794,2.336920976638794,421,88
888,13660,specialized_enriched,mean,0.020098602399230003,0.008610662072896957,2.334152936935425,2.334152936935425,734,88
889,1591,specialized_enriched,mean,0.02577354945242405,0.011068041436374187,2.328645944595337,2.328645944595337,870,88
890,13002,specialized_enriched,mean,0.015609989874064922,0.006731479428708553,2.3189537525177,2.3189537525177,682,88
891,5536,specialized_enriched,active_fraction,0.011918019503355026,0.005141932051628828,2.317809581756592,2.317809581756592,870,88
892,11082,specialized_enriched,mean,0.005281519144773483,0.0022797847632318735,2.3166744709014893,2.3166744709014893,466,88
893,11796,specialized_enriched,mean,0.031015733256936073,0.013397954404354095,2.314960241317749,2.314960241317749,845,88
894,8442,specialized_enriched,active_fraction,0.009506545029580593,0.004108335357159376,2.313965082168579,2.313965082168579,863,88
895,1206,specialized_enriched,max,0.31144168972969055,0.13465657830238342,2.312859058380127,2.312859058380127,798,88
896,14706,specialized_enriched,max,0.6714707612991333,0.2910212278366089,2.307291269302368,2.307291269302368,871,88
897,15698,specialized_enriched,active_fraction,0.004250796977430582,0.001845038146711886,2.3039073944091797,2.3039073944091797,742,88
898,5440,specialized_enriched,active_fraction,0.004767449107021093,0.0020713419653475285,2.3016233444213867,2.3016233444213867,871,88
899,408,specialized_enriched,active_fraction,0.0023724667262285948,0.0010318411514163017,2.299255847930908,2.299255847930908,541,88
900,11432,specialized_enriched,mean,0.015354524366557598,0.006693421863019466,2.2939722537994385,2.2939722537994385,698,88
901,2768,specialized_enriched,active_fraction,0.006549710873514414,0.0028555509634315968,2.2936768531799316,2.2936768531799316,647,88
902,10914,specialized_enriched,mean,0.014584075659513474,0.006359247025102377,2.293365240097046,2.293365240097046,430,88
903,8070,specialized_enriched,active_fraction,0.002556778723374009,0.0011177938431501389,2.287343740463257,2.287343740463257,847,88
904,7904,specialized_enriched,mean,0.01804186776280403,0.007888958789408207,2.2869770526885986,2.2869770526885986,718,88
905,9941,specialized_enriched,mean,0.020725632086396217,0.009074048139154911,2.284055709838867,2.284055709838867,733,88
906,3714,specialized_enriched,mean,0.022316627204418182,0.00978359766304493,2.281024694442749,2.281024694442749,715,88
907,8396,specialized_enriched,max,0.7387524843215942,0.32407039403915405,2.279604911804199,2.279604911804199,839,88
908,6114,specialized_enriched,active_fraction,0.010161696933209896,0.004464492667466402,2.2761147022247314,2.2761147022247314,619,88
909,14913,specialized_enriched,active_fraction,0.0036788408178836107,0.0016181241953745484,2.273521900177002,2.273521900177002,783,88
910,3711,specialized_enriched,mean,0.0285958219319582,0.01258611585944891,2.2720131874084473,2.2720131874084473,867,88
911,1164,specialized_enriched,mean,0.019345948472619057,0.008524268865585327,2.2695140838623047,2.2695140838623047,799,88
912,5061,specialized_enriched,max,0.9908316731452942,0.43667271733283997,2.2690486907958984,2.2690486907958984,760,88
913,2277,specialized_enriched,mean,0.02155907265841961,0.009503197856247425,2.2686123847961426,2.2686123847961426,863,88
914,10034,specialized_enriched,active_fraction,0.003239148063585162,0.00142918701749295,2.2664270401000977,2.2664270401000977,253,88
915,2412,specialized_enriched,active_fraction,0.0023033851757645607,0.0010179391829296947,2.2627925872802734,2.2627925872802734,739,88
916,16153,specialized_enriched,active_fraction,0.007082065101712942,0.003130414756014943,2.262340784072876,2.262340784072876,685,88
917,13988,specialized_enriched,mean,0.025447366759181023,0.011255519464612007,2.2608790397644043,2.2608790397644043,861,88
918,9991,specialized_enriched,active_fraction,0.004258470609784126,0.0018864180892705917,2.257437229156494,2.257437229156494,598,88
919,4832,specialized_enriched,active_fraction,0.002991379238665104,0.001325969467870891,2.2559940814971924,2.2559940814971924,810,88
920,9571,specialized_enriched,active_fraction,0.008756841532886028,0.0038830458652228117,2.255147695541382,2.255147695541382,865,88
921,12328,specialized_enriched,max,1.0166560411453247,0.4520222544670105,2.2491283416748047,2.2491283416748047,798,88
922,10617,specialized_enriched,active_fraction,0.002313134726136923,0.0010285030584782362,2.249030590057373,2.249030590057373,428,88
923,317,specialized_enriched,mean,0.00947427935898304,0.004214868415147066,2.2478232383728027,2.2478232383728027,594,88
924,12312,specialized_enriched,mean,0.017970116809010506,0.00799594260752201,2.2474043369293213,2.2474043369293213,710,88
925,987,specialized_enriched,active_fraction,0.003982632886618376,0.001774476608261466,2.244398593902588,2.244398593902588,867,88
926,217,specialized_enriched,mean,0.028579888865351677,0.012758424505591393,2.240079879760742,2.240079879760742,796,88
927,7491,specialized_enriched,mean,0.018551742658019066,0.008297041058540344,2.2359468936920166,2.2359468936920166,718,88
928,14751,specialized_enriched,mean,0.04370478168129921,0.01955444924533367,2.235029935836792,2.235029935836792,818,88
929,12103,specialized_enriched,max,0.6483920812606812,0.2901639938354492,2.2345712184906006,2.2345712184906006,857,88
930,15365,specialized_enriched,max,1.1368504762649536,0.5090229511260986,2.2333972454071045,2.2333972454071045,691,88
931,3853,specialized_enriched,active_fraction,0.0029517861548811197,0.0013229185715317726,2.2312681674957275,2.2312681674957275,726,88
932,6159,specialized_enriched,mean,0.02157416194677353,0.00967338401824236,2.230260133743286,2.230260133743286,788,88
933,14301,specialized_enriched,mean,0.0015771599719300866,0.0007073602173477411,2.229641914367676,2.229641914367676,281,88
934,13670,specialized_enriched,active_fraction,0.0045006065629422665,0.002018588362261653,2.229581117630005,2.229581117630005,839,88
935,9093,specialized_enriched,active_fraction,0.004671469330787659,0.0020985726732760668,2.226022243499756,2.226022243499756,710,88
936,9223,specialized_enriched,mean,0.07518665492534637,0.03384372591972351,2.221583366394043,2.221583366394043,872,88
937,517,specialized_enriched,active_fraction,0.0020236524287611246,0.0009121756884269416,2.218489646911621,2.218489646911621,509,88
938,4191,specialized_enriched,max,0.46853992342948914,0.21123294532299042,2.2181196212768555,2.2181196212768555,740,88
939,719,specialized_enriched,max,0.7027412056922913,0.31691044569015503,2.217475652694702,2.217475652694702,673,88
940,12254,specialized_enriched,active_fraction,0.009313246235251427,0.0042025926522910595,2.216071605682373,2.216071605682373,806,88
941,1860,specialized_enriched,active_fraction,0.007006481289863586,0.0031634073238819838,2.214852809906006,2.214852809906006,844,88
942,10582,specialized_enriched,mean,0.021625110879540443,0.00976688601076603,2.214125394821167,2.214125394821167,870,88
943,10664,specialized_enriched,active_fraction,0.00384064600802958,0.0017346320673823357,2.2140984535217285,2.2140984535217285,631,88
944,12683,specialized_enriched,mean,0.01403636485338211,0.00634016701951623,2.213879346847534,2.213879346847534,819,88
945,9723,specialized_enriched,mean,0.012925525195896626,0.005839909892529249,2.2133090496063232,2.2133090496063232,737,88
946,1484,specialized_enriched,mean,0.022056633606553078,0.009973790496587753,2.2114593982696533,2.2114593982696533,862,88
947,12438,specialized_enriched,max,1.0360465049743652,0.4697759747505188,2.2054054737091064,2.2054054737091064,487,88
948,12169,specialized_enriched,active_fraction,0.0069164009764790535,0.0031382630113512278,2.20389461517334,2.20389461517334,646,88
949,322,specialized_enriched,active_fraction,0.003937805537134409,0.0017868191935122013,2.2038075923919678,2.2038075923919678,627,88
950,15216,specialized_enriched,max,0.9207848906517029,0.42055609822273254,2.189445972442627,2.189445972442627,816,88
951,8209,specialized_enriched,max,0.5069994330406189,0.23172655701637268,2.1879210472106934,2.1879210472106934,704,88
952,8234,specialized_enriched,active_fraction,0.0018160088220611215,0.0008300759363919497,2.1877622604370117,2.1877622604370117,786,88
953,1759,specialized_enriched,mean,0.011960655450820923,0.005467698443681002,2.187511920928955,2.187511920928955,822,88
954,11688,specialized_enriched,active_fraction,0.00411630654707551,0.001883737393654883,2.1851806640625,2.1851806640625,870,88
955,15561,specialized_enriched,active_fraction,0.002315663266927004,0.0010600859532132745,2.184410810470581,2.184410810470581,722,88
956,6847,specialized_enriched,mean,0.03478770703077316,0.015927253291010857,2.1841623783111572,2.1841623783111572,868,88
957,16038,specialized_enriched,mean,0.012674336321651936,0.005806879606097937,2.1826415061950684,2.1826415061950684,863,88
958,3764,specialized_enriched,mean,0.025400232523679733,0.01165289431810379,2.1797358989715576,2.1797358989715576,482,88
959,2169,specialized_enriched,active_fraction,0.004845100454986095,0.00222705933265388,2.1755597591400146,2.1755597591400146,777,88
960,10710,specialized_enriched,mean,0.017230207100510597,0.007923307828605175,2.1746230125427246,2.1746230125427246,615,88
961,13938,specialized_enriched,mean,0.019751349464058876,0.009084575809538364,2.1741631031036377,2.1741631031036377,836,88
962,7390,specialized_enriched,mean,0.025517068803310394,0.011765147559344769,2.1688694953918457,2.1688694953918457,697,88
963,2712,specialized_enriched,mean,0.017677050083875656,0.008168159052729607,2.1641411781311035,2.1641411781311035,535,88
964,11055,specialized_enriched,active_fraction,0.002175370929762721,0.0010066453833132982,2.161010265350342,2.161010265350342,736,88
965,5173,specialized_enriched,active_fraction,0.0018720404477789998,0.0008665257482789457,2.160398006439209,2.160398006439209,578,88
966,10136,specialized_enriched,max,0.7520576119422913,0.348361998796463,2.158839464187622,2.158839464187622,860,88
967,10440,specialized_enriched,mean,0.022244688123464584,0.010306877084076405,2.1582374572753906,2.1582374572753906,866,88
968,11629,specialized_enriched,active_fraction,0.0032893423922359943,0.0015240900684148073,2.158233642578125,2.158233642578125,790,88
969,11498,specialized_enriched,active_fraction,0.0037297005765140057,0.001728755421936512,2.1574482917785645,2.1574482917785645,842,88
970,9661,specialized_enriched,mean,0.012559974566102028,0.005836619064211845,2.151926279067993,2.151926279067993,855,88
971,3408,specialized_enriched,mean,0.0037597566843032837,0.0017481095856055617,2.1507556438446045,2.1507556438446045,409,88
972,11457,specialized_enriched,mean,0.05069104582071304,0.023583300411701202,2.149446725845337,2.149446725845337,807,88
973,14257,specialized_enriched,mean,0.018018674105405807,0.008396017365157604,2.1460976600646973,2.1460976600646973,859,88
974,5219,specialized_enriched,active_fraction,0.005115970503538847,0.002385814441367984,2.1443288326263428,2.1443288326263428,473,88
975,10065,specialized_enriched,mean,0.01604699343442917,0.0074891336262226105,2.1427035331726074,2.1427035331726074,863,88
976,8521,specialized_enriched,active_fraction,0.0038326706271618605,0.001789037836715579,2.142308235168457,2.142308235168457,869,88
977,5969,specialized_enriched,mean,0.049616020172834396,0.02317868359386921,2.1405882835388184,2.1405882835388184,732,88
978,321,specialized_enriched,active_fraction,0.008201138116419315,0.0038334084674715996,2.139385461807251,2.139385461807251,871,88
979,5589,specialized_enriched,active_fraction,0.006921155843883753,0.003242315026000142,2.134634017944336,2.134634017944336,870,88
980,16364,specialized_enriched,active_fraction,0.0037685749121010303,0.0017659618752077222,2.134006977081299,2.134006977081299,701,88
981,9745,specialized_enriched,mean,0.034371938556432724,0.016115935519337654,2.1327919960021973,2.1327919960021973,676,88
982,10194,specialized_enriched,active_fraction,0.0038968995213508606,0.0018281389493495226,2.1316211223602295,2.1316211223602295,753,88
983,453,specialized_enriched,active_fraction,0.004094545263797045,0.0019231660990044475,2.1290647983551025,2.1290647983551025,870,88
984,179,specialized_enriched,active_fraction,0.009840517304837704,0.004627293907105923,2.126624584197998,2.126624584197998,870,88
985,14266,specialized_enriched,mean,0.01876220665872097,0.008837212808430195,2.123090982437134,2.123090982437134,871,88
986,9236,specialized_enriched,active_fraction,0.0017217237036675215,0.0008129044435918331,2.117990255355835,2.117990255355835,443,88
987,13776,specialized_enriched,mean,0.00903098564594984,0.00426609767600894,2.11691951751709,2.11691951751709,721,88
988,12524,specialized_enriched,active_fraction,0.0038760872557759285,0.0018328988226130605,2.1147305965423584,2.1147305965423584,825,88
989,7097,specialized_enriched,active_fraction,0.0018722977256402373,0.000886669906321913,2.1116063594818115,2.1116063594818115,770,88
990,12657,specialized_enriched,mean,0.010985130444169044,0.005203787703067064,2.110987424850464,2.110987424850464,523,88
991,6956,specialized_enriched,mean,0.01686163619160652,0.00801702681928873,2.1032280921936035,2.1032280921936035,708,88
992,235,specialized_enriched,mean,0.021756425499916077,0.01034590881317854,2.1029012203216553,2.1029012203216553,769,88
993,10381,specialized_enriched,mean,0.015889983624219894,0.007557454518973827,2.10255765914917,2.10255765914917,823,88
994,14135,specialized_enriched,max,1.2104923725128174,0.5757884979248047,2.102321147918701,2.102321147918701,795,88
995,7792,specialized_enriched,active_fraction,0.002351512433961034,0.0011192145757377148,2.1010379791259766,2.1010379791259766,763,88
996,15713,specialized_enriched,active_fraction,0.0021019158884882927,0.0010016723535954952,2.0984065532684326,2.0984065532684326,719,88
997,13782,specialized_enriched,mean,0.015188474208116531,0.007239306811243296,2.0980563163757324,2.0980563163757324,870,88
998,8387,specialized_enriched,active_fraction,0.00444017443805933,0.002116434508934617,2.0979502201080322,2.0979502201080322,609,88
999,2238,specialized_enriched,mean,0.0245625339448452,0.011714779771864414,2.0967133045196533,2.0967133045196533,871,88
1000,5221,specialized_enriched,active_fraction,0.007808898109942675,0.0037251401226967573,2.0962696075439453,2.0962696075439453,835,88
1001,10410,specialized_enriched,active_fraction,0.0012669318821281195,0.000605883018579334,2.091050386428833,2.091050386428833,489,88
1002,14427,specialized_enriched,mean,0.04348987340927124,0.02084220014512539,2.086625814437866,2.086625814437866,764,88
1003,12571,specialized_enriched,active_fraction,0.003380762180313468,0.0016204322455450892,2.0863335132598877,2.0863335132598877,872,88
1004,5994,specialized_enriched,mean,0.021887371316552162,0.01049456000328064,2.085592031478882,2.085592031478882,689,88
1005,3631,specialized_enriched,active_fraction,0.002478293376043439,0.0011914110509678721,2.0801329612731934,2.0801329612731934,625,88
1006,6910,specialized_enriched,mean,0.027636483311653137,0.013286986388266087,2.0799663066864014,2.0799663066864014,816,88
1007,10037,specialized_enriched,active_fraction,0.011823397129774094,0.0056879823096096516,2.078662872314453,2.078662872314453,870,88
1008,4877,specialized_enriched,active_fraction,0.01130085438489914,0.005437934771180153,2.0781519412994385,2.0781519412994385,870,88
1009,4390,specialized_enriched,active_fraction,0.002786041935905814,0.0013408840168267488,2.0777649879455566,2.0777649879455566,798,88
1010,12339,specialized_enriched,active_fraction,0.0016939208144322038,0.0008160550496540964,2.0757431983947754,2.0757431983947754,521,88
1011,7275,specialized_enriched,active_fraction,0.0015620653284713626,0.0007526575354859233,2.075399875640869,2.075399875640869,571,88
1012,11227,specialized_enriched,active_fraction,0.0025355848483741283,0.0012220899807289243,2.074793815612793,2.074793815612793,568,88
1013,4817,specialized_enriched,mean,0.03880615159869194,0.01870989054441452,2.0740983486175537,2.0740983486175537,740,88
1014,13908,specialized_enriched,mean,0.02567112073302269,0.012390919961035252,2.0717687606811523,2.0717687606811523,542,88
1015,13499,specialized_enriched,mean,0.016999337822198868,0.008207911625504494,2.071091651916504,2.071091651916504,862,88
1016,6819,specialized_enriched,max,0.6686841249465942,0.32292309403419495,2.0707225799560547,2.0707225799560547,663,88
1017,7422,specialized_enriched,active_fraction,0.0042068748734891415,0.0020319081377238035,2.070405960083008,2.070405960083008,376,88
1018,2338,specialized_enriched,mean,0.010712583549320698,0.005175710655748844,2.069780111312866,2.069780111312866,607,88
1019,13970,specialized_enriched,active_fraction,0.009343479759991169,0.004515348933637142,2.0692708492279053,2.0692708492279053,856,88
1020,12223,specialized_enriched,mean,0.010008741170167923,0.004838284105062485,2.068655014038086,2.068655014038086,848,88
1021,7807,specialized_enriched,active_fraction,0.0025504445657134056,0.0012332159094512463,2.068125009536743,2.068125009536743,787,88
1022,5657,specialized_enriched,active_fraction,0.0020305633079260588,0.0009824966546148062,2.0667381286621094,2.0667381286621094,598,88
1023,14606,specialized_enriched,active_fraction,0.0045043411664664745,0.002179583301767707,2.0666065216064453,2.0666065216064453,828,88
1024,3580,specialized_enriched,active_fraction,0.004083189647644758,0.0019770136568695307,2.0653319358825684,2.0653319358825684,690,88
1025,4866,specialized_enriched,mean,0.014599138870835304,0.007072770036756992,2.0641331672668457,2.0641331672668457,837,88
1026,14312,specialized_enriched,mean,0.00927045103162527,0.004496017005294561,2.061925172805786,2.061925172805786,761,88
1027,12224,specialized_enriched,active_fraction,0.004486988764256239,0.002179372124373913,2.058844804763794,2.058844804763794,864,88
1028,1480,specialized_enriched,active_fraction,0.0010595544008538127,0.000514836166985333,2.05804181098938,2.05804181098938,354,88
1029,4388,specialized_enriched,active_fraction,0.0038924727123230696,0.0018926648190245032,2.056609630584717,2.056609630584717,778,88
1030,5513,specialized_enriched,max,0.6931141018867493,0.3370584547519684,2.056361675262451,2.056361675262451,872,88
1031,1894,specialized_enriched,mean,0.044098611921072006,0.021453240886330605,2.0555686950683594,2.0555686950683594,721,88
1032,2198,specialized_enriched,active_fraction,0.0026791240088641644,0.0013057284522801638,2.051823377609253,2.051823377609253,851,88
1033,3349,specialized_enriched,mean,0.023998966440558434,0.01171165332198143,2.0491528511047363,2.0491528511047363,872,88
1034,10543,specialized_enriched,mean,0.009884927421808243,0.00482524186372757,2.048586845397949,2.048586845397949,694,88
1035,4906,specialized_enriched,max,1.0522892475128174,0.5140509009361267,2.0470526218414307,2.0470526218414307,499,88
1036,9959,specialized_enriched,mean,0.01979692094027996,0.0096813403069973,2.0448532104492188,2.0448532104492188,653,88
1037,4648,specialized_enriched,mean,0.011934067122638226,0.005839308258146048,2.0437467098236084,2.0437467098236084,762,88
1038,14280,specialized_enriched,mean,0.01829434745013714,0.008958361111581326,2.0421533584594727,2.0421533584594727,727,88
1039,1559,specialized_enriched,mean,0.01790083944797516,0.00876905769109726,2.0413641929626465,2.0413641929626465,545,88
1040,10972,specialized_enriched,active_fraction,0.0037065905053168535,0.001817353768274188,2.039553642272949,2.039553642272949,811,88
1041,15397,specialized_enriched,active_fraction,0.0035804747603833675,0.001759475446306169,2.0349671840667725,2.0349671840667725,664,88
1042,10846,specialized_enriched,mean,0.017620211467146873,0.00866053719073534,2.0345401763916016,2.0345401763916016,788,88
1043,5682,specialized_enriched,max,0.9368822574615479,0.4611124098300934,2.031787157058716,2.031787157058716,769,88
1044,13539,specialized_enriched,mean,0.042524274438619614,0.020972080528736115,2.0276613235473633,2.0276613235473633,828,88
1045,12460,specialized_enriched,active_fraction,0.00452195992693305,0.0022303382866084576,2.027477264404297,2.027477264404297,731,88
1046,14493,specialized_enriched,mean,0.018949463963508606,0.009374449029564857,2.021394968032837,2.021394968032837,865,88
1047,7423,specialized_enriched,active_fraction,0.005832761060446501,0.0028900227043777704,2.018240451812744,2.018240451812744,689,88
1048,14468,specialized_enriched,mean,0.02746177464723587,0.013612860813736916,2.0173404216766357,2.0173404216766357,872,88
1049,13977,specialized_enriched,mean,0.027192750945687294,0.013481132686138153,2.017096996307373,2.017096996307373,702,88
1050,505,specialized_enriched,active_fraction,0.001300057745538652,0.000644570856820792,2.016935348510742,2.016935348510742,650,88
1051,10844,specialized_enriched,active_fraction,0.0032207933254539967,0.0015969517407938838,2.016838312149048,2.016838312149048,758,88
1052,15632,specialized_enriched,active_fraction,0.006347860209643841,0.00315293506719172,2.013317823410034,2.013317823410034,611,88
1053,12561,specialized_enriched,mean,0.019899124279618263,0.009898128919303417,2.010392427444458,2.010392427444458,670,88
1054,13234,specialized_enriched,active_fraction,0.006043775472790003,0.0030071143992245197,2.0098257064819336,2.0098257064819336,734,88
1055,1616,specialized_enriched,mean,0.008389956317842007,0.004185282625257969,2.0046331882476807,2.0046331882476807,703,88
1056,11240,specialized_enriched,active_fraction,0.002291834680363536,0.0011436641216278076,2.0039403438568115,2.0039403438568115,861,88
1057,6825,specialized_enriched,max,0.7893327474594116,0.39396539330482483,2.00355863571167,2.00355863571167,560,88
1058,99,specialized_enriched,active_fraction,0.00341047253459692,0.0017023003892973065,2.0034492015838623,2.0034492015838623,758,88
1059,3761,specialized_enriched,mean,0.01864435151219368,0.009332193061709404,1.99785315990448,1.99785315990448,829,88
1060,6827,specialized_enriched,mean,0.016662472859025,0.008380046114325523,1.9883509874343872,1.9883509874343872,852,88
1061,4142,specialized_enriched,active_fraction,0.003842482343316078,0.0019328993512317538,1.987937092781067,1.987937092781067,746,88
1062,6353,specialized_enriched,mean,0.024262094870209694,0.012207962572574615,1.9873992204666138,1.9873992204666138,763,88
1063,8411,specialized_enriched,active_fraction,0.0016345002222806215,0.0008230223902501166,1.9859730005264282,1.9859730005264282,631,88
1064,2810,specialized_enriched,mean,0.012738076969981194,0.006425621919333935,1.9823881387710571,1.9823881387710571,610,88
1065,14343,specialized_enriched,mean,0.03510385379195213,0.017710497602820396,1.9820929765701294,1.9820929765701294,766,88
1066,11728,specialized_enriched,mean,0.021725766360759735,0.010968947783112526,1.9806609153747559,1.9806609153747559,871,88
1067,4903,specialized_enriched,active_fraction,0.0037273496855050325,0.0018835883820429444,1.9788557291030884,1.9788557291030884,759,88
1068,1303,specialized_enriched,active_fraction,0.0013091686414554715,0.0006618186598643661,1.9781379699707031,1.9781379699707031,851,88
1069,9037,specialized_enriched,active_fraction,0.005401913076639175,0.0027390371542423964,1.9721941947937012,1.9721941947937012,869,88
1070,5032,specialized_enriched,mean,0.02416241727769375,0.01226138323545456,1.9706110954284668,1.9706110954284668,746,88
1071,12635,specialized_enriched,active_fraction,0.0020219136495143175,0.0010290835052728653,1.9647712707519531,1.9647712707519531,430,88
1072,9440,specialized_enriched,mean,0.013704645447432995,0.006984533742070198,1.962141752243042,1.962141752243042,813,88
1073,12161,specialized_enriched,max,0.9865847826004028,0.5030387043952942,1.9612503051757812,1.9612503051757812,867,88
1074,14727,specialized_enriched,mean,0.027896082028746605,0.014245355501770973,1.958258032798767,1.958258032798767,783,88
1075,13830,specialized_enriched,active_fraction,0.0020824610255658627,0.0010650441981852055,1.955281376838684,1.955281376838684,515,88
1076,1647,specialized_enriched,active_fraction,0.0009633530280552804,0.0004931377479806542,1.9535170793533325,1.9535170793533325,637,88
1077,8637,specialized_enriched,mean,0.017085528001189232,0.008747808635234833,1.9531209468841553,1.9531209468841553,800,88
1078,12347,specialized_enriched,active_fraction,0.003084031865000725,0.0015802879352122545,1.9515632390975952,1.9515632390975952,694,88
1079,8853,specialized_enriched,active_fraction,0.0018672056030482054,0.0009571699774824083,1.950756549835205,1.950756549835205,693,88
1080,3843,specialized_enriched,mean,0.014193343929946423,0.0072797550819814205,1.9497007131576538,1.9497007131576538,529,88
1081,48,specialized_enriched,mean,0.020537832751870155,0.01053384318947792,1.949699878692627,1.949699878692627,869,88
1082,795,specialized_enriched,active_fraction,0.001328038051724434,0.0006815559463575482,1.9485385417938232,1.9485385417938232,341,88
1083,1353,specialized_enriched,max,0.5286984443664551,0.2719176411628723,1.9443329572677612,1.9443329572677612,862,88
1084,16270,specialized_enriched,active_fraction,0.0036267568357288837,0.001865582074970007,1.9440349340438843,1.9440349340438843,674,88
1085,2145,specialized_enriched,mean,0.014413212426006794,0.007422715425491333,1.9417707920074463,1.9417707920074463,390,88
1086,6105,specialized_enriched,mean,0.018192904070019722,0.009375359863042831,1.9405019283294678,1.9405019283294678,820,88
1087,14163,specialized_enriched,active_fraction,0.004391355440020561,0.0022654421627521515,1.9384099245071411,1.9384099245071411,748,88
1088,2581,specialized_enriched,max,1.5331531763076782,0.7912541031837463,1.9376243352890015,1.9376243352890015,677,88
1089,6440,specialized_enriched,active_fraction,0.004906232934445143,0.002533641876652837,1.9364351034164429,1.9364351034164429,869,88
1090,2087,specialized_enriched,mean,0.019479138776659966,0.010067163035273552,1.9349184036254883,1.9349184036254883,795,88
1091,10129,specialized_enriched,mean,0.03472007066011429,0.01795230805873871,1.9340170621871948,1.9340170621871948,728,88
1092,10657,specialized_enriched,active_fraction,0.004788527265191078,0.002476041903719306,1.9339443445205688,1.9339443445205688,761,88
1093,1615,specialized_enriched,mean,0.03057274967432022,0.015826698392629623,1.9317200183868408,1.9317200183868408,818,88
1094,4905,specialized_enriched,mean,0.022952979430556297,0.011894019320607185,1.9297916889190674,1.9297916889190674,765,88
1095,9501,specialized_enriched,mean,0.029294125735759735,0.015182883478701115,1.9294178485870361,1.9294178485870361,807,88
1096,1568,specialized_enriched,active_fraction,0.010115565732121468,0.005243225023150444,1.9292640686035156,1.9292640686035156,865,88
1097,4573,specialized_enriched,mean,0.009582368656992912,0.004970777314156294,1.927740454673767,1.927740454673767,838,88
1098,13318,specialized_enriched,max,1.1695221662521362,0.6069362759590149,1.9269274473190308,1.9269274473190308,430,88
1099,12918,specialized_enriched,mean,0.06723328679800034,0.03489174321293831,1.9269111156463623,1.9269111156463623,856,88
1100,4416,specialized_enriched,mean,0.011688534170389175,0.006082054227590561,1.9218069314956665,1.9218069314956665,686,88
1101,13252,specialized_enriched,active_fraction,0.0016729488270357251,0.0008715782896615565,1.9194475412368774,1.9194475412368774,831,88
1102,11532,specialized_enriched,mean,0.016828179359436035,0.008768982253968716,1.9190572500228882,1.9190572500228882,720,88
1103,10988,specialized_enriched,mean,0.033556561917066574,0.017496535554528236,1.9178974628448486,1.9178974628448486,871,88
1104,15107,specialized_enriched,mean,0.03140190616250038,0.016417838633060455,1.9126698970794678,1.9126698970794678,811,88
1105,10955,specialized_enriched,max,0.26666060090065,0.1395125687122345,1.911373257637024,1.911373257637024,488,88
1106,11246,specialized_enriched,active_fraction,0.007999047636985779,0.004185348283499479,1.9112024307250977,1.9112024307250977,870,88
1107,13017,specialized_enriched,active_fraction,0.004854308906942606,0.0025401718448847532,1.9110159873962402,1.9110159873962402,866,88
1108,6045,specialized_enriched,mean,0.01463800948113203,0.007666504476219416,1.9093459844589233,1.9093459844589233,867,88
1109,13458,specialized_enriched,mean,0.0030613832641392946,0.0016059568151831627,1.906267523765564,1.906267523765564,436,88
1110,12547,specialized_enriched,active_fraction,0.0008150588837452233,0.0004277966800145805,1.9052482843399048,1.9052482843399048,608,88
1111,5238,specialized_enriched,mean,0.04686446860432625,0.024608878418803215,1.9043723344802856,1.9043723344802856,807,88
1112,6906,specialized_enriched,mean,0.01645467057824135,0.008650630712509155,1.9021353721618652,1.9021353721618652,776,88
1113,4868,specialized_enriched,active_fraction,0.0021289116702973843,0.0011192560195922852,1.9020774364471436,1.9020774364471436,708,88
1114,7894,specialized_enriched,mean,0.02990603819489479,0.015752732753753662,1.89846670627594,1.89846670627594,696,88
1115,9568,specialized_enriched,mean,0.006761888042092323,0.003563353093340993,1.897619366645813,1.897619366645813,591,88
1116,12228,specialized_enriched,active_fraction,0.0029341764748096466,0.0015496419509872794,1.8934544324874878,1.8934544324874878,746,88
1117,14950,specialized_enriched,active_fraction,0.0029278334695845842,0.0015470904763787985,1.8924771547317505,1.8924771547317505,778,88
1118,11654,specialized_enriched,mean,0.03066209703683853,0.016265016049146652,1.885156273841858,1.885156273841858,850,88
1119,210,specialized_enriched,mean,0.027756700292229652,0.014739948324859142,1.8830934762954712,1.8830934762954712,802,88
1120,14833,specialized_enriched,active_fraction,0.003375723259523511,0.0017930199392139912,1.8827025890350342,1.8827025890350342,743,88
1121,5478,specialized_enriched,mean,0.04046398401260376,0.02150752954185009,1.8813868761062622,1.8813868761062622,774,88
1122,12056,specialized_enriched,mean,0.01889389380812645,0.010067175142467022,1.8767820596694946,1.8767820596694946,835,88
1123,9792,specialized_enriched,active_fraction,0.001618939801119268,0.0008636627462692559,1.874504566192627,1.874504566192627,689,88
1124,545,specialized_enriched,mean,0.02854686975479126,0.01523064635694027,1.8743045330047607,1.8743045330047607,655,88
1125,3291,specialized_enriched,active_fraction,0.005623289383947849,0.0030019257683306932,1.8732273578643799,1.8732273578643799,861,88
1126,11714,specialized_enriched,active_fraction,0.002851849887520075,0.0015239805215969682,1.8713165521621704,1.8713165521621704,774,88
1127,6250,specialized_enriched,mean,0.02842404507100582,0.015193293802440166,1.87082839012146,1.87082839012146,870,88
1128,13492,specialized_enriched,max,0.43479740619659424,0.23246608674526215,1.8703691959381104,1.8703691959381104,572,88
1129,8462,specialized_enriched,active_fraction,0.0015637862961739302,0.0008363632368855178,1.8697453737258911,1.8697453737258911,746,88
1130,2297,specialized_enriched,active_fraction,0.002737959148362279,0.0014647799544036388,1.8691948652267456,1.8691948652267456,756,88
1131,27,specialized_enriched,active_fraction,0.009209255687892437,0.004926938097923994,1.8691641092300415,1.8691641092300415,822,88
1132,2903,specialized_enriched,active_fraction,0.0009899759897962213,0.000529857468791306,1.8683817386627197,1.8683817386627197,814,88
1133,10356,specialized_enriched,active_fraction,0.006753602065145969,0.003617234993726015,1.867061972618103,1.867061972618103,832,88
1134,8907,specialized_enriched,active_fraction,0.005285875406116247,0.002832777099683881,1.8659694194793701,1.8659694194793701,836,88
1135,12967,specialized_enriched,max,0.7082281112670898,0.3795545995235443,1.8659452199935913,1.8659452199935913,682,88
1136,5586,specialized_enriched,mean,0.013220268301665783,0.007090216036885977,1.8645790815353394,1.8645790815353394,577,88
1137,8970,specialized_enriched,active_fraction,0.0041513931937515736,0.0022272930946201086,1.8638737201690674,1.8638737201690674,619,88
1138,7488,specialized_enriched,active_fraction,0.002065720735117793,0.0011083814315497875,1.863727331161499,1.863727331161499,730,88
1139,15976,specialized_enriched,mean,0.016540048643946648,0.008893469348549843,1.8597971200942993,1.8597971200942993,862,88
1140,11032,specialized_enriched,active_fraction,0.004123758524656296,0.0022182443644851446,1.8590190410614014,1.8590190410614014,867,88
1141,4624,specialized_enriched,mean,0.014472518116235733,0.007790311239659786,1.857758641242981,1.857758641242981,868,88
1142,6301,specialized_enriched,mean,0.011582068167626858,0.006254934705793858,1.8516689538955688,1.8516689538955688,584,88
1143,4178,specialized_enriched,active_fraction,0.0024512445088475943,0.001324413693509996,1.8508148193359375,1.8508148193359375,693,88
1144,776,specialized_enriched,active_fraction,0.0026762320194393396,0.0014463135739788413,1.85038161277771,1.85038161277771,601,88
1145,8294,specialized_enriched,active_fraction,0.0016296919202432036,0.0008818496135063469,1.8480383157730103,1.8480383157730103,535,88
1146,1642,specialized_enriched,active_fraction,0.002106928266584873,0.0011405135737732053,1.8473504781723022,1.8473504781723022,522,88
1147,6879,specialized_enriched,active_fraction,0.004601048305630684,0.002497046487405896,1.842596173286438,1.842596173286438,616,88
1148,15593,specialized_enriched,mean,0.011624358594417572,0.0063126045279204845,1.8414520025253296,1.8414520025253296,871,88
1149,2210,specialized_enriched,active_fraction,0.004512697923928499,0.0024512414820492268,1.8409847021102905,1.8409847021102905,828,88
1150,1046,specialized_enriched,active_fraction,0.0058210063725709915,0.003165115136653185,1.8391135931015015,1.8391135931015015,849,88
1151,13811,specialized_enriched,mean,0.012088833376765251,0.006574837025254965,1.838651418685913,1.838651418685913,781,88
1152,8771,specialized_enriched,mean,0.015025151893496513,0.00817194301635027,1.8386266231536865,1.8386266231536865,871,88
1153,12433,specialized_enriched,mean,0.029888907447457314,0.016268642619252205,1.837209701538086,1.837209701538086,822,88
1154,158,specialized_enriched,mean,0.013548544608056545,0.0073829516768455505,1.83511221408844,1.83511221408844,868,88
1155,15172,specialized_enriched,active_fraction,0.006955887656658888,0.003800059901550412,1.830467939376831,1.830467939376831,704,88
1156,12357,specialized_enriched,mean,0.01890128292143345,0.01033178810030222,1.8294299840927124,1.8294299840927124,778,88
1157,5321,specialized_enriched,mean,0.01885073445737362,0.010333776473999023,1.8241864442825317,1.8241864442825317,584,88
1158,16205,specialized_enriched,mean,0.018840327858924866,0.01034534815698862,1.8211400508880615,1.8211400508880615,835,88
1159,13615,specialized_enriched,max,0.548884928226471,0.3022005259990692,1.816293716430664,1.816293716430664,840,88
1160,5410,specialized_enriched,mean,0.012202426791191101,0.006720399018377066,1.8157294988632202,1.8157294988632202,525,88
1161,4464,specialized_enriched,active_fraction,0.0032236319966614246,0.0017782017821446061,1.8128606081008911,1.8128606081008911,637,88
1162,4658,specialized_enriched,active_fraction,0.0032348986715078354,0.0017844552639871836,1.812821388244629,1.812821388244629,869,88
1163,13690,specialized_enriched,active_fraction,0.0018759705126285553,0.0010358837898820639,1.8109854459762573,1.8109854459762573,720,88
1164,9140,specialized_enriched,active_fraction,0.001874338136985898,0.0010357241844758391,1.8096884489059448,1.8096884489059448,598,88
1165,3073,specialized_enriched,mean,0.02082088403403759,0.011509310454130173,1.809046983718872,1.809046983718872,842,88
1166,8316,specialized_enriched,active_fraction,0.005087200552225113,0.0028123350348323584,1.808888554573059,1.808888554573059,837,88
1167,2884,specialized_enriched,mean,0.015968726947903633,0.008836326189339161,1.8071681261062622,1.8071681261062622,870,88
1168,4052,specialized_enriched,mean,0.024435242637991905,0.013547368347644806,1.8036892414093018,1.8036892414093018,771,88
1169,1112,specialized_enriched,mean,0.012102987617254257,0.00671092513948679,1.803475260734558,1.803475260734558,692,88
1170,14391,specialized_enriched,active_fraction,0.005275522358715534,0.002925844630226493,1.8030767440795898,1.8030767440795898,823,88
1171,1079,specialized_enriched,active_fraction,0.0017966160085052252,0.00099749315995723,1.8011311292648315,1.8011311292648315,687,88
1172,7057,specialized_enriched,active_fraction,0.003105305600911379,0.0017281868495047092,1.7968575954437256,1.7968575954437256,867,88
1173,15175,specialized_enriched,mean,0.02372162416577339,0.013204892165958881,1.7964268922805786,1.7964268922805786,757,88
1174,15716,specialized_enriched,mean,0.011553866788744926,0.00643962575122714,1.7941830158233643,1.7941830158233643,327,88
1175,15246,specialized_enriched,mean,0.012873840518295765,0.00717683881521225,1.7938038110733032,1.7938038110733032,578,88
1176,2111,specialized_enriched,mean,0.034985970705747604,0.019508425146341324,1.7933775186538696,1.7933775186538696,780,88
1177,4224,specialized_enriched,max,1.7888444662094116,0.9982050657272339,1.7920610904693604,1.7920610904693604,841,88
1178,11852,specialized_enriched,active_fraction,0.004306260962039232,0.0024040592834353447,1.791245698928833,1.791245698928833,844,88
1179,4446,specialized_enriched,active_fraction,0.006636774633079767,0.0037052039988338947,1.7912036180496216,1.7912036180496216,865,88
1180,16299,specialized_enriched,active_fraction,0.004914465826004744,0.0027442392893135548,1.7908298969268799,1.7908298969268799,855,88
1181,10463,specialized_enriched,mean,0.017460353672504425,0.009770768694579601,1.786998987197876,1.786998987197876,675,88
1182,2783,specialized_enriched,active_fraction,0.0029931534081697464,0.0016765942564234138,1.7852580547332764,1.7852580547332764,687,88
1183,4060,specialized_enriched,mean,0.022227970883250237,0.012453324161469936,1.784902572631836,1.784902572631836,605,88
1184,7797,specialized_enriched,max,0.5724337100982666,0.3209586441516876,1.7835123538970947,1.7835123538970947,795,88
1185,5836,specialized_enriched,mean,0.0031882307957857847,0.0017929031746461987,1.7782504558563232,1.7782504558563232,425,88
1186,13278,specialized_enriched,max,0.21337890625,0.12029056251049042,1.773862361907959,1.773862361907959,374,88
1187,11458,specialized_enriched,mean,0.010395769029855728,0.005875301547348499,1.7694017887115479,1.7694017887115479,620,88
1188,8912,specialized_enriched,mean,0.01607445999979973,0.009087652899324894,1.7688241004943848,1.7688241004943848,643,88
1189,6243,specialized_enriched,active_fraction,0.0021563242189586163,0.001220883335918188,1.766200065612793,1.766200065612793,830,88
1190,1274,specialized_enriched,max,0.5648119449615479,0.3199911117553711,1.7650864124298096,1.7650864124298096,656,88
1191,2093,specialized_enriched,mean,0.025008507072925568,0.014173426665365696,1.7644643783569336,1.7644643783569336,809,88
1192,7279,specialized_enriched,active_fraction,0.0026231100782752037,0.001487259054556489,1.763720989227295,1.763720989227295,865,88
1193,14075,specialized_enriched,active_fraction,0.0008131515351124108,0.0004632484633475542,1.7553248405456543,1.7553248405456543,496,88
1194,10427,specialized_enriched,active_fraction,0.0025956265162676573,0.0014825125690549612,1.7508293390274048,1.7508293390274048,806,88
1195,13307,specialized_enriched,max,0.9145575761795044,0.5236340761184692,1.7465585470199585,1.7465585470199585,773,88
1196,15646,specialized_enriched,max,0.5735510587692261,0.32875245809555054,1.74462890625,1.74462890625,696,88
1197,14598,specialized_enriched,active_fraction,0.0013457364402711391,0.0007714713574387133,1.7443764209747314,1.7443764209747314,589,88
1198,11424,specialized_enriched,active_fraction,0.0027411705814301968,0.0015753057086840272,1.7400879859924316,1.7400879859924316,636,88
1199,1988,specialized_enriched,active_fraction,0.00585264153778553,0.003364511299878359,1.7395219802856445,1.7395219802856445,222,88
1200,13240,specialized_enriched,max,0.29910972714424133,0.17244049906730652,1.7345677614212036,1.7345677614212036,749,88
1201,8054,specialized_enriched,mean,0.006476548500359058,0.0037400703877210617,1.7316648960113525,1.7316648960113525,533,88
1202,989,specialized_enriched,active_fraction,0.0012822883436456323,0.0007405141950584948,1.731618881225586,1.731618881225586,608,88
1203,14737,specialized_enriched,mean,0.02165798842906952,0.012508959509432316,1.731398105621338,1.731398105621338,635,88
1204,6335,specialized_enriched,mean,0.01830323599278927,0.01057623140513897,1.7306009531021118,1.7306009531021118,451,88
1205,6304,specialized_enriched,mean,0.04298531264066696,0.02485865354537964,1.7291890382766724,1.7291890382766724,787,88
1206,11739,specialized_enriched,mean,0.021495340391993523,0.012437147088348866,1.7283176183700562,1.7283176183700562,809,88
1207,13186,specialized_enriched,active_fraction,0.003464028937742114,0.002004461595788598,1.7281593084335327,1.7281593084335327,613,88
1208,9759,specialized_enriched,active_fraction,0.002485727658495307,0.0014399460051208735,1.726264476776123,1.726264476776123,452,88
1209,9720,specialized_enriched,active_fraction,0.0046792407520115376,0.002713278168812394,1.7245709896087646,1.7245709896087646,725,88
1210,3668,specialized_enriched,mean,0.006713018752634525,0.0039045156445354223,1.7192962169647217,1.7192962169647217,605,88
1211,3492,specialized_enriched,mean,0.01129279937595129,0.006587204523384571,1.7143537998199463,1.7143537998199463,862,88
1212,2291,specialized_enriched,active_fraction,0.004346315283328295,0.002539296168833971,1.7116219997406006,1.7116219997406006,793,88
1213,7834,specialized_enriched,max,0.6663858294487,0.38954076170921326,1.7106959819793701,1.7106959819793701,823,88
1214,9609,specialized_enriched,mean,0.012854048050940037,0.007515378296375275,1.710366129875183,1.710366129875183,830,88
1215,2423,specialized_enriched,active_fraction,0.0007981145172379911,0.00046746115549467504,1.7073386907577515,1.7073386907577515,804,88
1216,10182,specialized_enriched,mean,0.01807771809399128,0.010600080713629723,1.7054321765899658,1.7054321765899658,818,88
1217,11224,specialized_enriched,active_fraction,0.004284676630049944,0.0025138971395790577,1.70439612865448,1.70439612865448,617,88
1218,9940,specialized_enriched,mean,0.024587862193584442,0.014427515678107738,1.704234004020691,1.704234004020691,847,88
1219,6491,specialized_enriched,active_fraction,0.005987327080219984,0.0035153664648532867,1.7031872272491455,1.7031872272491455,740,88
1220,5407,specialized_enriched,active_fraction,0.002839314751327038,0.0016712166834622622,1.6989506483078003,1.6989506483078003,864,88
1221,151,specialized_enriched,active_fraction,0.005642922129482031,0.003329650266095996,1.6947492361068726,1.6947492361068726,845,88
1222,11531,specialized_enriched,mean,0.021318603307008743,0.01259250845760107,1.692959189414978,1.692959189414978,812,88
1223,2818,specialized_enriched,active_fraction,0.0032304541673511267,0.0019092671573162079,1.6919864416122437,1.6919864416122437,866,88
1224,454,specialized_enriched,mean,0.00635702908039093,0.0037575752940028906,1.691790223121643,1.691790223121643,470,88
1225,9484,specialized_enriched,mean,0.016646699979901314,0.009873301722109318,1.686031699180603,1.686031699180603,854,88
1226,3534,specialized_enriched,mean,0.03160389885306358,0.018765700981020927,1.6841310262680054,1.6841310262680054,871,88
1227,6171,specialized_enriched,max,1.6930278539657593,1.007453203201294,1.6805027723312378,1.6805027723312378,789,88
1228,4303,specialized_enriched,mean,0.01446314062923193,0.008616002276539803,1.6786370277404785,1.6786370277404785,789,88
1229,2203,specialized_enriched,active_fraction,0.0017715010326355696,0.0010576605563983321,1.6749240159988403,1.6749240159988403,795,88
1230,10552,specialized_enriched,mean,0.002337611047551036,0.0013979349751025438,1.672188639640808,1.672188639640808,184,88
1231,12684,specialized_enriched,max,0.09369095414876938,0.05617951601743698,1.6677067279815674,1.6677067279815674,354,88
1232,942,specialized_enriched,mean,0.011517777107656002,0.006913522724062204,1.6659780740737915,1.6659780740737915,362,88
1233,5003,specialized_enriched,active_fraction,0.001325917779468,0.0007965778931975365,1.6645174026489258,1.6645174026489258,421,88
1234,15753,specialized_enriched,active_fraction,0.002846145536750555,0.0017118901014328003,1.6625748872756958,1.6625748872756958,635,88
1235,541,specialized_enriched,mean,0.03462984040379524,0.02083168737590313,1.6623636484146118,1.6623636484146118,869,88
1236,8293,specialized_enriched,active_fraction,0.0027687340043485165,0.0016672494821250439,1.660659670829773,1.660659670829773,810,88
1237,14217,specialized_enriched,active_fraction,0.0064086648635566235,0.003861603094264865,1.6595866680145264,1.6595866680145264,565,88
1238,14655,specialized_enriched,mean,0.016304507851600647,0.009837177582085133,1.6574375629425049,1.6574375629425049,715,88
1239,11675,specialized_enriched,active_fraction,0.0024954595137387514,0.0015061834128573537,1.6568098068237305,1.6568098068237305,802,88
1240,5963,specialized_enriched,mean,0.01923036389052868,0.011608760803937912,1.6565388441085815,1.6565388441085815,708,88
1241,10810,specialized_enriched,active_fraction,0.0025525116361677647,0.0015409126644954085,1.6564934253692627,1.6564934253692627,722,88
1242,11785,specialized_enriched,active_fraction,0.0034412206150591373,0.0020779587794095278,1.6560581922531128,1.6560581922531128,659,88
1243,5778,specialized_enriched,active_fraction,0.001974265556782484,0.001195398042909801,1.6515549421310425,1.6515549421310425,871,88
1244,11191,specialized_enriched,mean,0.01732867956161499,0.010501193813979626,1.6501628160476685,1.6501628160476685,578,88
1245,6249,specialized_enriched,active_fraction,0.005510995630174875,0.0033414645586162806,1.649275541305542,1.649275541305542,773,88
1246,15447,specialized_enriched,active_fraction,0.001845940831117332,0.0011201252928003669,1.6479771137237549,1.6479771137237549,494,88
1247,4322,specialized_enriched,mean,0.020506633445620537,0.012451110407710075,1.6469722986221313,1.6469722986221313,809,88
1248,4787,specialized_enriched,active_fraction,0.0036212478298693895,0.0022018502932041883,1.6446385383605957,1.6446385383605957,756,88
1249,8163,specialized_enriched,mean,0.026966724544763565,0.016414044424891472,1.642905592918396,1.642905592918396,603,88
1250,6340,specialized_enriched,mean,0.019119445234537125,0.011677049100399017,1.637352466583252,1.637352466583252,567,88
1251,10845,specialized_enriched,mean,0.025910833850502968,0.015836244449019432,1.636172890663147,1.636172890663147,838,88
1252,10574,specialized_enriched,max,0.2550871968269348,0.15629898011684418,1.6320464611053467,1.6320464611053467,827,88
1253,4825,specialized_enriched,active_fraction,0.003795996308326721,0.002331675263121724,1.6280124187469482,1.6280124187469482,799,88
1254,3565,specialized_enriched,max,0.5858103036880493,0.3600020408630371,1.627241611480713,1.627241611480713,697,88
1255,12404,specialized_enriched,active_fraction,0.001338204718194902,0.0008227248326875269,1.6265519857406616,1.6265519857406616,386,88
1256,5406,specialized_enriched,mean,0.039709899574518204,0.024428091943264008,1.6255834102630615,1.6255834102630615,842,88
1257,6550,specialized_enriched,mean,0.016758311539888382,0.010322798043489456,1.6234272718429565,1.6234272718429565,686,88
1258,7883,specialized_enriched,max,0.6358125805854797,0.3918206989765167,1.6227130889892578,1.6227130889892578,742,88
1259,15489,specialized_enriched,active_fraction,0.0029993546195328236,0.0018574018031358719,1.614811897277832,1.614811897277832,643,88
1260,13016,specialized_enriched,active_fraction,0.0052606891840696335,0.0032599354162812233,1.61374032497406,1.61374032497406,810,88
1261,9666,specialized_enriched,mean,0.0074285175651311874,0.004605612251907587,1.6129273176193237,1.6129273176193237,863,88
1262,15552,specialized_enriched,active_fraction,0.0011865039123222232,0.0007367173675447702,1.6105279922485352,1.6105279922485352,497,88
1263,11481,specialized_enriched,active_fraction,0.003536934033036232,0.0021986307110637426,1.6086986064910889,1.6086986064910889,702,88
1264,2650,specialized_enriched,mean,0.015954341739416122,0.009943360462784767,1.6045221090316772,1.6045221090316772,645,88
1265,1065,specialized_enriched,mean,0.010341502726078033,0.006453878711909056,1.6023701429367065,1.6023701429367065,565,88
1266,3150,specialized_enriched,max,0.5090411305427551,0.31801196932792664,1.6006979942321777,1.6006979942321777,856,88
1267,16311,specialized_enriched,mean,0.01147411484271288,0.007170367520302534,1.6002129316329956,1.6002129316329956,583,88
1268,1639,specialized_enriched,mean,0.031495027244091034,0.01968403533101082,1.6000289916992188,1.6000289916992188,872,88
1269,2520,specialized_enriched,active_fraction,0.0024117669090628624,0.0015074082184582949,1.5999428033828735,1.5999428033828735,645,88
1270,3135,specialized_enriched,active_fraction,0.0019724734593182802,0.00123490858823061,1.5972627401351929,1.5972627401351929,734,88
1271,3970,specialized_enriched,max,0.6387354731559753,0.400827020406723,1.5935440063476562,1.5935440063476562,865,88
1272,11715,specialized_enriched,max,0.4707689881324768,0.2954472005367279,1.5934115648269653,1.5934115648269653,700,88
1273,4781,specialized_enriched,mean,0.015223409980535507,0.00955840852111578,1.5926719903945923,1.5926719903945923,744,88
1274,7795,specialized_enriched,max,0.21900436282157898,0.1376897394657135,1.5905641317367554,1.5905641317367554,689,88
1275,2672,specialized_enriched,active_fraction,0.0011060936376452446,0.0006954886484891176,1.5903834104537964,1.5903834104537964,600,88
1276,4227,specialized_enriched,max,0.21527184545993805,0.13539712131023407,1.589929223060608,1.589929223060608,841,88
1277,4720,specialized_enriched,mean,0.026673316955566406,0.01677781715989113,1.5897966623306274,1.5897966623306274,585,88
1278,2502,specialized_enriched,mean,0.01642654836177826,0.010343041270971298,1.5881738662719727,1.5881738662719727,863,88
1279,1895,specialized_enriched,max,0.24535338580608368,0.15457867085933685,1.5872396230697632,1.5872396230697632,123,88
1280,7864,specialized_enriched,max,0.23746366798877716,0.14982004463672638,1.5849926471710205,1.5849926471710205,831,88
1281,2379,specialized_enriched,active_fraction,0.0015366398729383945,0.0009712480823509395,1.5821291208267212,1.5821291208267212,713,88
1282,12854,specialized_enriched,max,0.1937091201543808,0.12263768166303635,1.5795236825942993,1.5795236825942993,868,88
1283,3262,specialized_enriched,active_fraction,0.005828626919537783,0.0036902681458741426,1.5794589519500732,1.5794589519500732,870,88
1284,8427,specialized_enriched,max,0.4763444662094116,0.30164089798927307,1.5791773796081543,1.5791773796081543,629,88
1285,10171,specialized_enriched,mean,0.011553316377103329,0.007343783043324947,1.5732104778289795,1.5732104778289795,868,88
1286,5056,specialized_enriched,max,0.5417355298995972,0.34581002593040466,1.5665698051452637,1.5665698051452637,869,88
1287,13238,specialized_enriched,mean,0.010796143673360348,0.006901364773511887,1.5643490552902222,1.5643490552902222,869,88
1288,13487,specialized_enriched,mean,0.015691423788666725,0.010037572123110294,1.5632688999176025,1.5632688999176025,793,88
1289,840,specialized_enriched,active_fraction,0.008045471273362637,0.005148283205926418,1.5627484321594238,1.5627484321594238,846,88
1290,7380,specialized_enriched,mean,0.006792272441089153,0.004351060371845961,1.5610613822937012,1.5610613822937012,412,88
1291,6342,specialized_enriched,active_fraction,0.001364339841529727,0.0008756205788813531,1.5581403970718384,1.5581403970718384,656,88
1292,11289,specialized_enriched,active_fraction,0.005367695819586515,0.0034532323479652405,1.5543975830078125,1.5543975830078125,862,88
1293,13525,specialized_enriched,mean,0.009531366638839245,0.006134726107120514,1.553674340248108,1.553674340248108,561,88
1294,9582,specialized_enriched,active_fraction,0.0009968425147235394,0.0006432218942791224,1.549764633178711,1.549764633178711,528,88
1295,10711,specialized_enriched,active_fraction,0.001310703344643116,0.000847193761728704,1.5471116304397583,1.5471116304397583,559,88
1296,2023,specialized_enriched,mean,0.012144612148404121,0.007869658060371876,1.543219804763794,1.543219804763794,869,88
1297,2795,specialized_enriched,mean,0.03165566921234131,0.020536012947559357,1.541471004486084,1.541471004486084,850,88
1298,11965,specialized_enriched,active_fraction,0.002936518518254161,0.0019062707433477044,1.540452003479004,1.540452003479004,868,88
1299,2679,specialized_enriched,mean,0.01108133140951395,0.00719592347741127,1.5399457216262817,1.5399457216262817,698,88
1300,13835,specialized_enriched,max,0.5525549650192261,0.35937947034835815,1.5375251770019531,1.5375251770019531,561,88
1301,12014,specialized_enriched,max,0.9032760262489319,0.5888699889183044,1.5339142084121704,1.5339142084121704,842,88
1302,14364,specialized_enriched,active_fraction,0.0014624129980802536,0.0009534602868370712,1.5337953567504883,1.5337953567504883,813,88
1303,3522,specialized_enriched,active_fraction,0.0009401986608281732,0.0006134483846835792,1.5326451063156128,1.5326451063156128,572,88
1304,3446,specialized_enriched,max,0.2906874418258667,0.18977046012878418,1.5317844152450562,1.5317844152450562,645,88
1305,16166,specialized_enriched,active_fraction,0.002156004775315523,0.0014087026938796043,1.5304895639419556,1.5304895639419556,865,88
1306,6015,specialized_enriched,active_fraction,0.0033907778561115265,0.002223402028903365,1.5250403881072998,1.5250403881072998,651,88
1307,3638,specialized_enriched,mean,0.006869240663945675,0.004517341498285532,1.5206378698349,1.5206378698349,795,88
1308,13717,specialized_enriched,mean,0.01691521890461445,0.011148923076689243,1.5172065496444702,1.5172065496444702,730,88
1309,15460,specialized_enriched,max,0.7054641842842102,0.4653635323047638,1.515942096710205,1.515942096710205,822,88
1310,11508,specialized_enriched,mean,0.017766721546649933,0.011725506745278835,1.5152199268341064,1.5152199268341064,807,88
1311,13190,specialized_enriched,active_fraction,0.004147188272327185,0.002743583172559738,1.511595606803894,1.511595606803894,578,88
1312,9340,specialized_enriched,active_fraction,0.008239506743848324,0.005453227553516626,1.5109412670135498,1.5109412670135498,766,88
1313,2652,specialized_enriched,mean,0.006668729707598686,0.0044179148972034454,1.509474515914917,1.509474515914917,696,88
1314,3285,specialized_enriched,active_fraction,0.0008029937744140625,0.0005324850790202618,1.508011817932129,1.508011817932129,508,88
1315,8580,specialized_enriched,mean,0.005399597343057394,0.0035969805903732777,1.5011471509933472,1.5011471509933472,652,88
1316,4610,specialized_enriched,mean,0.013716506771743298,0.009140745736658573,1.5005894899368286,1.5005894899368286,750,88
1317,2808,specialized_enriched,active_fraction,0.0025790990330278873,0.001719751046039164,1.4996932744979858,1.4996932744979858,579,88
1318,2932,specialized_enriched,mean,0.021080167964100838,0.014071010984480381,1.4981274604797363,1.4981274604797363,593,88
1319,5841,specialized_enriched,max,0.28198128938674927,0.18847587704658508,1.4961134195327759,1.4961134195327759,871,88
1320,11773,specialized_enriched,active_fraction,0.0014666446950286627,0.0009811172494664788,1.494871973991394,1.494871973991394,735,88
1321,16348,specialized_enriched,mean,0.012637617066502571,0.008457008749246597,1.494336485862732,1.494336485862732,548,88
1322,9597,specialized_enriched,mean,0.010937721468508244,0.0073402998968958855,1.4900919198989868,1.4900919198989868,785,88
1323,1918,specialized_enriched,mean,0.009056818671524525,0.006094766780734062,1.4859992265701294,1.4859992265701294,693,88
1324,16342,specialized_enriched,mean,0.024118343368172646,0.016244925558567047,1.4846693277359009,1.4846693277359009,783,88
1325,15124,specialized_enriched,active_fraction,0.0030682142823934555,0.002066804328933358,1.4845209121704102,1.4845209121704102,816,88
1326,1195,specialized_enriched,active_fraction,0.0012958880979567766,0.0008744786609895527,1.4818979501724243,1.4818979501724243,696,88
1327,1498,specialized_enriched,mean,0.023543698713183403,0.015891002491116524,1.4815741777420044,1.4815741777420044,798,88
1328,9229,specialized_enriched,mean,0.01023171003907919,0.006918094586580992,1.4789780378341675,1.4789780378341675,822,88
1329,6002,specialized_enriched,max,0.3678075075149536,0.24903663992881775,1.4769212007522583,1.4769212007522583,872,88
1330,4863,specialized_enriched,mean,0.015904996544122696,0.010775022208690643,1.4760987758636475,1.4760987758636475,664,88
1331,14095,specialized_enriched,max,0.5008879899978638,0.3395930230617523,1.4749654531478882,1.4749654531478882,647,88
1332,7783,specialized_enriched,active_fraction,0.012213117443025112,0.00830063596367836,1.4713472127914429,1.4713472127914429,872,88
1333,6816,specialized_enriched,mean,0.019255641847848892,0.013099943287670612,1.4699026346206665,1.4699026346206665,794,88
1334,15178,specialized_enriched,active_fraction,0.001905228360556066,0.0012964914785698056,1.4695262908935547,1.4695262908935547,777,88
1335,6168,specialized_enriched,active_fraction,0.0029797132592648268,0.0020328969694674015,1.465747356414795,1.465747356414795,697,88
1336,8715,specialized_enriched,mean,0.006668020039796829,0.004566176328808069,1.4603071212768555,1.4603071212768555,416,88
1337,8743,specialized_enriched,active_fraction,0.005082099232822657,0.0034863618202507496,1.457708477973938,1.457708477973938,782,88
1338,1910,specialized_enriched,mean,0.013996629975736141,0.009604082442820072,1.4573625326156616,1.4573625326156616,759,88
1339,14403,specialized_enriched,mean,0.01949368789792061,0.013380615971982479,1.4568603038787842,1.4568603038787842,872,88
1340,13664,specialized_enriched,mean,0.011542422696948051,0.007941381074488163,1.4534528255462646,1.4534528255462646,847,88
1341,10600,specialized_enriched,active_fraction,0.001194142154417932,0.000823411566670984,1.4502372741699219,1.4502372741699219,616,88
1342,11128,specialized_enriched,active_fraction,0.001231206813827157,0.0008505931473337114,1.4474685192108154,1.4474685192108154,691,88
1343,6404,specialized_enriched,active_fraction,0.001600575982593,0.0011058992240577936,1.4473072290420532,1.4473072290420532,593,88
1344,16177,specialized_enriched,mean,0.00817754864692688,0.005665260832756758,1.4434549808502197,1.4434549808502197,762,88
1345,3597,specialized_enriched,mean,0.031751036643981934,0.022003574296832085,1.442994475364685,1.442994475364685,710,88
1346,6729,specialized_enriched,active_fraction,0.0006263289251364768,0.00043507921509444714,1.4395744800567627,1.4395744800567627,339,88
1347,13932,specialized_enriched,active_fraction,0.002740824595093727,0.0019054892472922802,1.43838369846344,1.43838369846344,709,88
1348,2492,specialized_enriched,mean,0.00877069029957056,0.006109248846769333,1.4356414079666138,1.4356414079666138,866,88
1349,10467,specialized_enriched,mean,0.007850549183785915,0.005474642384797335,1.4339839220046997,1.4339839220046997,572,88
1350,4585,specialized_enriched,mean,0.008929088711738586,0.006228243932127953,1.4336446523666382,1.4336446523666382,692,88
1351,2215,specialized_enriched,mean,0.011907932348549366,0.008329048752784729,1.4296869039535522,1.4296869039535522,846,88
1352,15186,specialized_enriched,active_fraction,0.0010326829506084323,0.0007249260088428855,1.4245356321334839,1.4245356321334839,522,88
1353,15655,specialized_enriched,active_fraction,0.002429953310638666,0.001710996264591813,1.4201979637145996,1.4201979637145996,765,88
1354,8066,specialized_enriched,active_fraction,0.0006354753277264535,0.00044825789518654346,1.41765558719635,1.41765558719635,808,88
1355,10212,specialized_enriched,mean,0.009998179972171783,0.00707348994910717,1.413472056388855,1.413472056388855,592,88
1356,3375,specialized_enriched,active_fraction,0.005850494839251041,0.004141210578382015,1.4127498865127563,1.4127498865127563,751,88
1357,2833,specialized_enriched,mean,0.007062353193759918,0.005009673070162535,1.409743309020996,1.409743309020996,415,88
1358,3778,specialized_enriched,active_fraction,0.002292402321472764,0.001627350808121264,1.408671259880066,1.408671259880066,477,88
1359,12081,specialized_enriched,active_fraction,0.003218389116227627,0.0022871920373290777,1.4071354866027832,1.4071354866027832,549,88
1360,2798,specialized_enriched,max,1.2194972038269043,0.8671557903289795,1.4063184261322021,1.4063184261322021,778,88
1361,2736,specialized_enriched,active_fraction,0.0008636119891889393,0.0006149006658233702,1.4044740200042725,1.4044740200042725,669,88
1362,2484,specialized_enriched,active_fraction,0.0006476823473349214,0.00046128511894494295,1.4040824174880981,1.4040824174880981,186,88
1363,10265,specialized_enriched,mean,0.007676270790398121,0.0054913293570280075,1.3978893756866455,1.3978893756866455,555,88
1364,280,specialized_enriched,active_fraction,0.0014148534974083304,0.001018897513858974,1.388612151145935,1.388612151145935,435,88
1365,7473,specialized_enriched,mean,0.008047866635024548,0.005796121433377266,1.3884917497634888,1.3884917497634888,538,88
1366,7252,specialized_enriched,active_fraction,0.0006956676952540874,0.0005011516041122377,1.3881381750106812,1.3881381750106812,631,88
1367,4617,specialized_enriched,mean,0.0050896224565804005,0.0036767057608813047,1.3842887878417969,1.3842887878417969,813,88
1368,12255,specialized_enriched,max,0.4145439565181732,0.3002665340900421,1.3805866241455078,1.3805866241455078,870,88
1369,7157,specialized_enriched,mean,0.028088431805372238,0.020404504612088203,1.376579999923706,1.376579999923706,649,88
1370,3786,specialized_enriched,mean,0.080841064453125,0.05876310169696808,1.3757113218307495,1.3757113218307495,872,88
1371,10023,specialized_enriched,mean,0.018397726118564606,0.013376731425523758,1.3753528594970703,1.3753528594970703,850,88
1372,2085,specialized_enriched,active_fraction,0.002264617243781686,0.0016476947348564863,1.3744155168533325,1.3744155168533325,854,88
1373,12274,specialized_enriched,active_fraction,0.001408856362104416,0.0010261106071993709,1.3730063438415527,1.3730063438415527,671,88
1374,143,specialized_enriched,active_fraction,0.0022198788356035948,0.0016182777471840382,1.3717539310455322,1.3717539310455322,487,88
1375,6089,specialized_enriched,mean,0.0203176811337471,0.014857863076031208,1.3674699068069458,1.3674699068069458,744,88
1376,8891,specialized_enriched,mean,0.0265919491648674,0.019472934305667877,1.3655850887298584,1.3655850887298584,258,88
1377,3785,specialized_enriched,active_fraction,0.0026647434569895267,0.0019513961160555482,1.3655574321746826,1.3655574321746826,802,88
1378,8363,specialized_enriched,mean,0.01318684034049511,0.009664672426879406,1.3644373416900635,1.3644373416900635,750,88
1379,14587,specialized_enriched,active_fraction,0.0010883864015340805,0.000805311428848654,1.351509928703308,1.351509928703308,661,88
1380,9560,specialized_enriched,active_fraction,0.003259818535298109,0.0024134523700922728,1.3506869077682495,1.3506869077682495,670,88
1381,13684,specialized_enriched,active_fraction,0.0034580142237246037,0.0025618779473006725,1.3497966527938843,1.3497966527938843,839,88
1382,11171,specialized_enriched,active_fraction,0.0014835180481895804,0.0011042876867577434,1.3434162139892578,1.3434162139892578,837,88
1383,12170,specialized_enriched,mean,0.01513781026005745,0.011269557289779186,1.3432480096817017,1.3432480096817017,576,88
1384,821,specialized_enriched,mean,0.007786407135426998,0.005816266406327486,1.3387295007705688,1.3387295007705688,590,88
1385,4174,specialized_enriched,active_fraction,0.002931754570454359,0.0021927591878920794,1.337016224861145,1.337016224861145,832,88
1386,9775,specialized_enriched,max,0.26920875906944275,0.20152686536312103,1.3358454704284668,1.3358454704284668,761,88
1387,14260,specialized_enriched,max,0.12897437810897827,0.09660978615283966,1.3350032567977905,1.3350032567977905,160,88
1388,14454,specialized_enriched,active_fraction,0.0024649864062666893,0.0018499421421438456,1.332466721534729,1.332466721534729,768,88
1389,8543,specialized_enriched,mean,0.020792735740542412,0.01560971513390541,1.332038164138794,1.332038164138794,795,88
1390,16079,specialized_enriched,mean,0.015249541029334068,0.01148227509111166,1.3280940055847168,1.3280940055847168,674,88
1391,1376,specialized_enriched,mean,0.01190000120550394,0.008978555910289288,1.3253803253173828,1.3253803253173828,541,88
1392,7291,specialized_enriched,max,0.1932094842195511,0.1459381878376007,1.3239130973815918,1.3239130973815918,818,88
1393,3476,specialized_enriched,active_fraction,0.003074175911024213,0.002324607688933611,1.3224493265151978,1.3224493265151978,861,88
1394,13042,specialized_enriched,active_fraction,0.004085611552000046,0.0030932966619729996,1.3207952976226807,1.3207952976226807,868,88
1395,11237,specialized_enriched,max,0.47305595874786377,0.35824212431907654,1.3204922676086426,1.3204922676086426,811,88
1396,12424,specialized_enriched,active_fraction,0.0012252985034137964,0.0009287878638133407,1.3192447423934937,1.3192447423934937,373,88
1397,5477,specialized_enriched,mean,0.012617403641343117,0.00959336943924427,1.3152213096618652,1.3152213096618652,862,88
1398,8257,specialized_enriched,mean,0.006691103335469961,0.005087573081254959,1.3151856660842896,1.3151856660842896,834,88
1399,11345,specialized_enriched,mean,0.00858608540147543,0.006535590626299381,1.3137428760528564,1.3137428760528564,700,88
1400,8006,specialized_enriched,mean,0.009518059901893139,0.0072672548703849316,1.3097187280654907,1.3097187280654907,704,88
1401,13658,specialized_enriched,mean,0.014124244451522827,0.010833486914634705,1.303757905960083,1.303757905960083,839,88
1402,15428,specialized_enriched,active_fraction,0.003311529755592346,0.0025404072366654873,1.3035428524017334,1.3035428524017334,575,88
1403,12258,specialized_enriched,active_fraction,0.0025704316794872284,0.001972747268155217,1.3029706478118896,1.3029706478118896,850,88
1404,16353,specialized_enriched,active_fraction,0.0005731715937145054,0.00044047858682461083,1.3012473583221436,1.3012473583221436,699,88
1405,8990,specialized_enriched,active_fraction,0.0011957123642787337,0.0009197330800816417,1.3000645637512207,1.3000645637512207,709,88
1406,13821,specialized_enriched,max,0.3486873209476471,0.2688041627407074,1.2971798181533813,1.2971798181533813,872,88
1407,6874,specialized_enriched,active_fraction,0.002758159302175045,0.00212834682315588,1.2959163188934326,1.2959163188934326,763,88
1408,10081,specialized_enriched,active_fraction,0.003942463081330061,0.003048262558877468,1.2933475971221924,1.2933475971221924,784,88
1409,1226,specialized_enriched,mean,0.014015650376677513,0.01091682631522417,1.2838575839996338,1.2838575839996338,639,88
1410,286,specialized_enriched,active_fraction,0.004630181938409805,0.003626871621236205,1.2766324281692505,1.2766324281692505,872,88
1411,12235,specialized_enriched,mean,0.010084906592965126,0.007901651784777641,1.2763036489486694,1.2763036489486694,782,88
1412,4829,specialized_enriched,active_fraction,0.003357873996719718,0.0026334996800869703,1.2750614881515503,1.2750614881515503,859,88
1413,2537,specialized_enriched,max,0.4441179037094116,0.3485894799232483,1.2740427255630493,1.2740427255630493,818,88
1414,14476,specialized_enriched,max,0.7212572693824768,0.5662769079208374,1.273682951927185,1.273682951927185,768,88
1415,3019,specialized_enriched,active_fraction,0.004481524229049683,0.003519164165481925,1.2734626531600952,1.2734626531600952,855,88
1416,8410,specialized_enriched,active_fraction,0.0009035598486661911,0.0007125305710360408,1.2680997848510742,1.2680997848510742,619,88
1417,13918,specialized_enriched,mean,0.008622954599559307,0.006807580124586821,1.2666696310043335,1.2666696310043335,746,88
1418,15029,specialized_enriched,mean,0.0077838897705078125,0.006146416999399662,1.2664109468460083,1.2664109468460083,556,88
1419,14940,specialized_enriched,mean,0.014657503925263882,0.011605514213442802,1.2629776000976562,1.2629776000976562,772,88
1420,1695,specialized_enriched,mean,0.011622237972915173,0.009212793782353401,1.2615324258804321,1.2615324258804321,683,88
1421,1789,specialized_enriched,active_fraction,0.002182201948016882,0.0017312385607510805,1.2604860067367554,1.2604860067367554,596,88
1422,39,specialized_enriched,max,0.3475245237350464,0.2757892608642578,1.2601089477539062,1.2601089477539062,699,88
1423,842,specialized_enriched,active_fraction,0.0031536368187516928,0.0025065396912395954,1.258163571357727,1.258163571357727,738,88
1424,307,specialized_enriched,mean,0.020690741017460823,0.01646939292550087,1.256314754486084,1.256314754486084,871,88
1425,4604,specialized_enriched,max,0.25999727845191956,0.20708239078521729,1.255525827407837,1.255525827407837,840,88
1426,12499,specialized_enriched,active_fraction,0.0022395732812583447,0.0017871145391836762,1.253178358078003,1.253178358078003,868,88
1427,5957,specialized_enriched,mean,0.02048400230705738,0.01638173684477806,1.2504169940948486,1.2504169940948486,762,88
1428,11108,specialized_enriched,active_fraction,0.0023454001639038324,0.0018837607931345701,1.2450625896453857,1.2450625896453857,865,88
1429,2431,specialized_enriched,active_fraction,0.0048834956251084805,0.003930058795958757,1.2426011562347412,1.2426011562347412,812,88
1430,7226,specialized_enriched,active_fraction,0.005800300277769566,0.004692578222602606,1.2360583543777466,1.2360583543777466,853,88
1431,11150,specialized_enriched,mean,0.00583331985399127,0.004736002534627914,1.2316969633102417,1.2316969633102417,715,88
1432,10337,specialized_enriched,active_fraction,0.002810074482113123,0.0022845095954835415,1.2300559282302856,1.2300559282302856,829,88
1433,15272,specialized_enriched,active_fraction,0.004038824234157801,0.0032925826963037252,1.2266432046890259,1.2266432046890259,747,88
1434,15320,specialized_enriched,mean,0.01784137822687626,0.014545234851539135,1.2266132831573486,1.2266132831573486,871,88
1435,3118,specialized_enriched,max,0.5235663652420044,0.42723754048347473,1.2254689931869507,1.2254689931869507,785,88
1436,6549,specialized_enriched,mean,0.019672846421599388,0.01607464626431465,1.2238432168960571,1.2238432168960571,791,88
1437,16086,specialized_enriched,active_fraction,0.006937035825103521,0.005671618971973658,1.2231138944625854,1.2231138944625854,858,88
1438,746,specialized_enriched,max,0.42376452684402466,0.3468039631843567,1.2219136953353882,1.2219136953353882,612,88
1439,13284,specialized_enriched,mean,0.0013505092356353998,0.0011060553370043635,1.221014142036438,1.221014142036438,148,88
1440,6357,specialized_enriched,active_fraction,0.0074621690437197685,0.006121971178799868,1.2189160585403442,1.2189160585403442,854,88
1441,14418,specialized_enriched,active_fraction,0.002079755300655961,0.0017147618345916271,1.2128537893295288,1.2128537893295288,800,88
1442,12859,specialized_enriched,mean,0.008095978759229183,0.006676023360341787,1.212694764137268,1.212694764137268,767,88
1443,16118,specialized_enriched,mean,0.053738415241241455,0.044375497847795486,1.2109929323196411,1.2109929323196411,622,88
1444,12168,specialized_enriched,active_fraction,0.0032521092798560858,0.0026982284616678953,1.2052757740020752,1.2052757740020752,840,88
1445,7546,specialized_enriched,mean,0.02315489389002323,0.019224077463150024,1.204473614692688,1.204473614692688,872,88
1446,14574,specialized_enriched,active_fraction,0.003739450126886368,0.0031048425007611513,1.204392910003662,1.204392910003662,869,88
1447,10396,specialized_enriched,mean,0.016562150791287422,0.013763866387307644,1.2033065557479858,1.2033065557479858,736,88
1448,13052,specialized_enriched,mean,0.013339579105377197,0.01109734270721674,1.2020516395568848,1.2020516395568848,838,88
1449,7588,specialized_enriched,active_fraction,0.0005920144030824304,0.0004934744210913777,1.199686050415039,1.199686050415039,187,88
1450,6437,specialized_enriched,max,0.3855196237564087,0.3229908347129822,1.1935930252075195,1.1935930252075195,544,88
1451,9346,specialized_enriched,mean,0.004163812845945358,0.0035132996272295713,1.185157299041748,1.185157299041748,858,88
1452,1075,specialized_enriched,mean,0.011867532506585121,0.010014370083808899,1.185050368309021,1.185050368309021,831,88
1453,11771,specialized_enriched,mean,0.016487237066030502,0.013925107195973396,1.1839935779571533,1.1839935779571533,858,88
1454,13992,specialized_enriched,mean,0.012188117019832134,0.010305334813892841,1.1826997995376587,1.1826997995376587,405,88
1455,8788,specialized_enriched,mean,0.021640334278345108,0.01829773187637329,1.182678461074829,1.182678461074829,710,88
1456,8578,specialized_enriched,active_fraction,0.0007064641686156392,0.0005976005340926349,1.182167887687683,1.182167887687683,755,88
1457,8886,specialized_enriched,active_fraction,0.000895983655937016,0.0007585322018712759,1.1812071800231934,1.1812071800231934,720,88
1458,7444,specialized_enriched,active_fraction,0.0025574618484824896,0.002170177409425378,1.178457498550415,1.178457498550415,396,88
1459,9354,specialized_enriched,active_fraction,0.0015304565895348787,0.0013010408729314804,1.1763324737548828,1.1763324737548828,692,88
1460,4709,specialized_enriched,active_fraction,0.0049973600544035435,0.004248333163559437,1.1763107776641846,1.1763107776641846,648,88
1461,15339,specialized_enriched,mean,0.005820445250719786,0.004964728374034166,1.1723592281341553,1.1723592281341553,534,88
1462,7665,specialized_enriched,mean,0.008376073092222214,0.0071487328968942165,1.1716864109039307,1.1716864109039307,785,88
1463,8509,specialized_enriched,mean,0.03308476135134697,0.02824879065155983,1.1711921691894531,1.1711921691894531,850,88
1464,10192,specialized_enriched,mean,0.010096252895891666,0.00862546544522047,1.170516848564148,1.170516848564148,647,88
1465,627,specialized_enriched,max,0.2262854278087616,0.19355140626430511,1.1691231727600098,1.1691231727600098,867,88
1466,8969,specialized_enriched,active_fraction,0.001073624356649816,0.0009195891325362027,1.1675044298171997,1.1675044298171997,736,88
1467,4747,specialized_enriched,active_fraction,0.0007501114159822464,0.0006425356841646135,1.1674237251281738,1.1674237251281738,426,88
1468,4730,specialized_enriched,mean,0.03433670103549957,0.029427753761410713,1.1668134927749634,1.1668134927749634,678,88
1469,12322,specialized_enriched,mean,0.010787054896354675,0.009257814846932888,1.165183663368225,1.165183663368225,662,88
1470,3292,specialized_enriched,active_fraction,0.0035988385789096355,0.0030898768454790115,1.1647191047668457,1.1647191047668457,864,88
1471,7721,specialized_enriched,max,0.19832053780555725,0.1704811453819275,1.1632989645004272,1.1632989645004272,840,88
1472,970,specialized_enriched,active_fraction,0.0012583000352606177,0.001091551617719233,1.152762770652771,1.152762770652771,665,88
1473,7323,specialized_enriched,mean,0.011101337149739265,0.00963579397648573,1.1520936489105225,1.1520936489105225,465,88
1474,2856,specialized_enriched,active_fraction,0.0025961233768612146,0.0022564944811165333,1.1505117416381836,1.1505117416381836,869,88
1475,12670,specialized_enriched,mean,0.010499891825020313,0.009136260487139225,1.1492549180984497,1.1492549180984497,855,88
1476,12494,specialized_enriched,mean,0.004292882978916168,0.003773685544729233,1.137583613395691,1.137583613395691,567,88
1477,10109,specialized_enriched,mean,0.007564890664070845,0.006654297932982445,1.1368428468704224,1.1368428468704224,839,88
1478,15318,specialized_enriched,active_fraction,0.0022044868674129248,0.0019408049993216991,1.135862112045288,1.135862112045288,845,88
1479,7635,specialized_enriched,active_fraction,0.0005237490404397249,0.0004633691278286278,1.1303062438964844,1.1303062438964844,235,88
1480,12154,specialized_enriched,active_fraction,0.0028442826587706804,0.0025257233064621687,1.1261259317398071,1.1261259317398071,869,88
1481,3844,specialized_enriched,active_fraction,0.002482427516952157,0.002213354455307126,1.121567964553833,1.121567964553833,606,88
1482,5828,specialized_enriched,mean,0.005936103872954845,0.005301916506141424,1.1196147203445435,1.1196147203445435,492,88
1483,10256,specialized_enriched,active_fraction,0.0012332650367170572,0.0011029146844521165,1.1181871891021729,1.1181871891021729,799,88
1484,16308,specialized_enriched,max,0.3269485831260681,0.29292088747024536,1.1161668300628662,1.1161668300628662,835,88
1485,10550,specialized_enriched,mean,0.012259337119758129,0.01099108811467886,1.1153888702392578,1.1153888702392578,872,88
1486,6354,specialized_enriched,mean,0.0211198590695858,0.018988726660609245,1.1122314929962158,1.1122314929962158,213,88
1487,5838,specialized_enriched,active_fraction,0.002018773229792714,0.001830408931709826,1.1029083728790283,1.1029083728790283,788,88
1488,12090,specialized_enriched,mean,0.005777501035481691,0.0052483282051980495,1.1008269786834717,1.1008269786834717,510,88
1489,9763,specialized_enriched,mean,0.00801093503832817,0.007313665468245745,1.0953378677368164,1.0953378677368164,699,88
1490,12789,specialized_enriched,active_fraction,0.0017931206384673715,0.0016420627944171429,1.091992735862732,1.091992735862732,856,88
1491,1236,specialized_enriched,max,0.4335199296474457,0.3975415825843811,1.090502142906189,1.090502142906189,838,88
1492,15647,specialized_enriched,max,0.12057594209909439,0.1111796572804451,1.0845143795013428,1.0845143795013428,870,88
1493,9418,specialized_enriched,mean,0.00930052436888218,0.008618900552392006,1.0790847539901733,1.0790847539901733,714,88
1494,7001,specialized_enriched,mean,0.004158964846283197,0.003860977478325367,1.0771793127059937,1.0771793127059937,691,88
1495,6999,specialized_enriched,active_fraction,0.0030184811912477016,0.0028027603402733803,1.0769672393798828,1.0769672393798828,757,88
1496,12467,specialized_enriched,active_fraction,0.002777853747829795,0.0025879095774143934,1.0733968019485474,1.0733968019485474,835,88
1497,3461,specialized_enriched,active_fraction,0.0006876745610497892,0.0006413502851501107,1.072229266166687,1.072229266166687,667,88
1498,12932,specialized_enriched,mean,0.0005516052478924394,0.0005158602143637836,1.0692920684814453,1.0692920684814453,134,88
1499,11976,specialized_enriched,active_fraction,0.0031183110550045967,0.0029164652805775404,1.069209098815918,1.069209098815918,872,88
1500,14100,specialized_enriched,mean,0.011150120757520199,0.010429566726088524,1.0690876245498657,1.0690876245498657,853,88
1501,3620,specialized_enriched,mean,0.001491435687057674,0.0014005665434524417,1.0648802518844604,1.0648802518844604,326,88
1502,5104,specialized_enriched,active_fraction,0.0015441185096278787,0.0014526925515383482,1.062935471534729,1.062935471534729,850,88
1503,601,specialized_enriched,active_fraction,0.006293328013271093,0.0059866514056921005,1.0512267351150513,1.0512267351150513,872,88
1504,11419,specialized_enriched,active_fraction,0.0005795411998406053,0.0005515477969311178,1.0507543087005615,1.0507543087005615,540,88
1505,12212,specialized_enriched,active_fraction,0.0014139662962406874,0.00134579639416188,1.0506539344787598,1.0506539344787598,794,88
1506,10430,specialized_enriched,max,0.401775985956192,0.3832780718803406,1.048262357711792,1.048262357711792,640,88
1507,9224,specialized_enriched,active_fraction,0.0017651048256084323,0.0016887254314497113,1.0452290773391724,1.0452290773391724,800,88
1508,15876,specialized_enriched,active_fraction,0.0008570205536670983,0.0008270185790024698,1.0362772941589355,1.0362772941589355,701,88
1509,9167,specialized_enriched,active_fraction,0.004088273271918297,0.003945167176425457,1.036273717880249,1.036273717880249,798,88
1510,7509,specialized_enriched,mean,0.011661600321531296,0.011325374245643616,1.0296878814697266,1.0296878814697266,871,88
1511,575,specialized_enriched,active_fraction,0.0015448459889739752,0.001504880958236754,1.0265569686889648,1.0265569686889648,806,88
1512,6430,specialized_enriched,mean,0.022945404052734375,0.022499192506074905,1.0198323726654053,1.0198323726654053,830,88
1513,1398,specialized_enriched,mean,0.026767242699861526,0.026351680979132652,1.0157698392868042,1.0157698392868042,639,88
1514,15605,specialized_enriched,mean,0.01284982543438673,0.012691790238022804,1.0124517679214478,1.0124517679214478,805,88
1515,14354,specialized_enriched,mean,0.005633775610476732,0.005571603309363127,1.01115882396698,1.01115882396698,698,88
1516,531,specialized_enriched,mean,0.014252861961722374,0.014111689291894436,1.010003924369812,1.010003924369812,599,88
1517,6578,specialized_enriched,mean,0.019105343148112297,0.018941843882203102,1.0086315870285034,1.0086315870285034,704,88
1518,3772,specialized_enriched,mean,0.013246394693851471,0.013135813176631927,1.008418321609497,1.008418321609497,643,88
1519,3752,specialized_enriched,mean,0.007454965263605118,0.007425048388540745,1.0040291547775269,1.0040291547775269,700,88
1520,7677,specialized_enriched,max,0.2612849771976471,0.2608437240123749,1.0016915798187256,1.0016915798187256,634,88
1521,268,specialized_enriched,active_fraction,0.0006020035943947732,0.0006047987844794989,0.995378315448761,0.995378315448761,605,88
1522,5693,specialized_enriched,active_fraction,0.0002893847122322768,0.000290874857455492,0.9948770403862,0.9948770403862,139,88
1523,13336,specialized_enriched,active_fraction,0.0007343824254348874,0.0007405762444250286,0.9916365146636963,0.9916365146636963,623,88
1524,10803,specialized_enriched,mean,0.002967018401250243,0.0029962919652462006,0.9902300834655762,0.9902300834655762,608,88
1525,4915,specialized_enriched,mean,0.006644741166383028,0.006722354330122471,0.9884544610977173,0.9884544610977173,807,88
1526,1238,specialized_enriched,mean,0.007285690400749445,0.007459438405930996,0.9767076373100281,0.9767076373100281,661,88
1527,2625,specialized_enriched,mean,0.010667956434190273,0.010981583967804909,0.9714406132698059,0.9714406132698059,835,88
1528,4135,specialized_enriched,mean,0.02169177122414112,0.02238404005765915,0.9690731167793274,0.9690731167793274,868,88
1529,10970,specialized_enriched,active_fraction,0.0030199538450688124,0.003117138985544443,0.9688223004341125,0.9688223004341125,836,88
1530,13982,specialized_enriched,max,0.1118345782160759,0.11590542644262314,0.9648778438568115,0.9648778438568115,860,88
1531,4313,specialized_enriched,max,0.36121684312820435,0.3745751976966858,0.9643373489379883,0.9643373489379883,851,88
1532,10274,specialized_enriched,active_fraction,0.0030519175343215466,0.0031709459144622087,0.962462842464447,0.962462842464447,684,88
1533,3537,specialized_enriched,mean,0.027520712465047836,0.02873903140425682,0.9576075077056885,0.9576075077056885,832,88
1534,8702,specialized_enriched,mean,0.01637180894613266,0.01714620180428028,0.9548358917236328,0.9548358917236328,816,88
1535,4682,specialized_enriched,active_fraction,0.0024201327469199896,0.0025404642801731825,0.9526340365409851,0.9526340365409851,515,88
1536,7843,specialized_enriched,active_fraction,0.0008535695378668606,0.000896456534974277,0.9521594047546387,0.9521594047546387,545,88
1537,7695,specialized_enriched,active_fraction,0.0026751672849059105,0.002825289499014616,0.9468648433685303,0.9468648433685303,827,88
1538,44,specialized_enriched,mean,0.008915160782635212,0.009440728463232517,0.9443297386169434,0.9443297386169434,755,88
1539,685,specialized_enriched,active_fraction,0.0026259489823132753,0.0027840493712574244,0.94321209192276,0.94321209192276,850,88
1540,4664,specialized_enriched,active_fraction,0.0019716129172593355,0.0020927111618220806,0.9421333074569702,0.9421333074569702,679,88
1541,3204,specialized_enriched,active_fraction,0.000590949843171984,0.0006281934911385179,0.940713107585907,0.940713107585907,521,88
1542,8262,specialized_enriched,active_fraction,0.0024062045849859715,0.0025777604896575212,0.9334477186203003,0.9334477186203003,858,88
1543,5530,specialized_enriched,active_fraction,0.00046849806676618755,0.000505025265738368,0.9276725053787231,0.9276725053787231,416,88
1544,11794,specialized_enriched,active_fraction,0.0007535801269114017,0.0008126927423290908,0.9272632598876953,0.9272632598876953,711,88
1545,5556,specialized_enriched,active_fraction,0.000588501337915659,0.0006351894699037075,0.9264973402023315,0.9264973402023315,657,88
1546,10178,specialized_enriched,active_fraction,0.002739183371886611,0.0029642863664776087,0.92406165599823,0.92406165599823,858,88
1547,2060,specialized_enriched,active_fraction,0.0015382278943434358,0.0016650768229737878,0.9238179922103882,0.9238179922103882,844,88
1548,11626,specialized_enriched,mean,0.011307383887469769,0.012251283042132854,0.9229550957679749,0.9229550957679749,844,88
1549,10798,specialized_enriched,mean,0.004452417138963938,0.0048394291661679745,0.9200294017791748,0.9200294017791748,431,88
1550,10931,specialized_enriched,active_fraction,0.0010322039015591145,0.0011237534927204251,0.9185323119163513,0.9185323119163513,803,88
1551,14931,specialized_enriched,max,0.37160247564315796,0.40953731536865234,0.907371461391449,0.907371461391449,787,88
1552,14755,specialized_enriched,active_fraction,0.001181899686343968,0.0013049455592408776,0.9057080149650574,0.9057080149650574,817,88
1553,2330,specialized_enriched,mean,0.010300809517502785,0.011399701237678528,0.9036034345626831,0.9036034345626831,849,88
1554,12292,specialized_enriched,active_fraction,0.001848052255809307,0.002051543677225709,0.9008105993270874,0.9008105993270874,737,88
1555,4984,specialized_enriched,active_fraction,0.0020669272635132074,0.0022957816254347563,0.9003152847290039,0.9003152847290039,625,88
1556,3849,specialized_enriched,mean,0.006920428480952978,0.007722115144133568,0.8961830139160156,0.8961830139160156,863,88
1557,1267,specialized_enriched,mean,0.0011456777574494481,0.0012828030157834291,0.8931049704551697,0.8931049704551697,279,88
1558,15208,specialized_enriched,active_fraction,0.0003544563369359821,0.00039719342021271586,0.8924023509025574,0.8924023509025574,570,88
1559,14344,specialized_enriched,mean,0.005246167071163654,0.005884307902306318,0.8915520906448364,0.8915520906448364,319,88
1560,13593,specialized_enriched,active_fraction,0.004310412798076868,0.0048809112049639225,0.8831164240837097,0.8831164240837097,838,88
1561,9688,specialized_enriched,mean,0.002742767333984375,0.0031380895525217056,0.8740245699882507,0.8740245699882507,811,88
1562,9984,specialized_enriched,mean,0.012960185296833515,0.014838393777608871,0.873422384262085,0.873422384262085,456,88
1563,12061,specialized_enriched,active_fraction,0.00122400326654315,0.0014052772894501686,0.8710048198699951,0.8710048198699951,558,88
1564,11484,specialized_enriched,active_fraction,0.0038090639282017946,0.004377518780529499,0.8701422214508057,0.8701422214508057,841,88
1565,2059,specialized_enriched,mean,0.010782729834318161,0.012451228685677052,0.8659972548484802,0.8659972548484802,774,88
1566,2322,specialized_enriched,max,0.7761082649230957,0.9002578258514404,0.8620955348014832,0.8620955348014832,709,88
1567,2126,specialized_enriched,max,0.22103925049304962,0.2576361298561096,0.857951283454895,0.857951283454895,796,88
1568,13118,specialized_enriched,mean,0.01427708100527525,0.016641197726130486,0.857935905456543,0.857935905456543,868,88
1569,6631,specialized_enriched,active_fraction,0.001575886970385909,0.0018437070539221168,0.8547382950782776,0.8547382950782776,512,88
1570,15376,specialized_enriched,mean,0.008203400298953056,0.009653613902628422,0.8497750759124756,0.8497750759124756,306,88
1571,4162,specialized_enriched,active_fraction,0.0009653579327277839,0.0011402833042666316,0.8465948104858398,0.8465948104858398,597,88
1572,7187,specialized_enriched,max,0.15367232263088226,0.18187692761421204,0.8449247479438782,0.8449247479438782,802,88
1573,11497,specialized_enriched,mean,0.013507372699677944,0.016333719715476036,0.826962411403656,0.826962411403656,303,88
1574,90,specialized_enriched,mean,0.008176715113222599,0.00994152296334505,0.8224811553955078,0.8224811553955078,869,88
1575,5088,specialized_enriched,mean,0.007710620760917664,0.009404681622982025,0.8198704719543457,0.8198704719543457,631,88
1576,6302,specialized_enriched,active_fraction,0.0012964648194611073,0.0015863326843827963,0.8172717094421387,0.8172717094421387,696,88
1577,10934,specialized_enriched,active_fraction,0.003672896884381771,0.004497780930250883,0.8166019916534424,0.8166019916534424,852,88
1578,6181,specialized_enriched,max,0.42020121216773987,0.5157631039619446,0.8147174715995789,0.8147174715995789,771,88
1579,9193,specialized_enriched,mean,0.005516276229172945,0.00689610606059432,0.7999117374420166,0.7999117374420166,652,88
1580,7120,specialized_enriched,active_fraction,0.002255657222121954,0.0028611274901777506,0.7883805632591248,0.7883805632591248,804,88
1581,6974,specialized_enriched,max,0.2405296117067337,0.3065972924232483,0.7845131754875183,0.7845131754875183,458,88
1582,9162,specialized_enriched,mean,0.001191879971884191,0.0015591067494824529,0.7644633650779724,0.7644633650779724,228,88
1583,7992,specialized_enriched,active_fraction,0.0016648847376927733,0.0021973643451929092,0.7576735019683838,0.7576735019683838,825,88
1584,10851,specialized_enriched,active_fraction,0.0014381231740117073,0.0019018095917999744,0.7561867237091064,0.7561867237091064,685,88
1585,8900,specialized_enriched,mean,0.009054813534021378,0.01204853504896164,0.7515281438827515,0.7515281438827515,839,88
1586,8486,specialized_enriched,active_fraction,0.000313772150548175,0.0004191765037830919,0.7485442161560059,0.7485442161560059,583,88
1587,13891,specialized_enriched,active_fraction,0.0012826608726754785,0.0017394477035850286,0.7373954653739929,0.7373954653739929,865,88
1588,6711,specialized_enriched,active_fraction,0.000756064138840884,0.0010279507841914892,0.7355061769485474,0.7355061769485474,851,88
1589,2819,specialized_enriched,mean,0.025617307052016258,0.035142481327056885,0.7289555668830872,0.7289555668830872,773,88
1590,15672,specialized_enriched,active_fraction,0.0010183999547734857,0.0013976573245599866,0.7286478281021118,0.7286478281021118,840,88
1591,16036,specialized_enriched,mean,0.009789644740521908,0.013451297767460346,0.7277843952178955,0.7277843952178955,644,88
1592,9448,specialized_enriched,active_fraction,0.0021482601296156645,0.0029700372833758593,0.7233108282089233,0.7233108282089233,522,88
1593,2922,specialized_enriched,active_fraction,0.0010355483973398805,0.0014460459351539612,0.7161241173744202,0.7161241173744202,844,88
1594,5661,specialized_enriched,mean,0.0034899157471954823,0.004904025699943304,0.7116430401802063,0.7116430401802063,522,88
1595,7004,specialized_enriched,mean,0.0052752117626369,0.007534501608461142,0.7001407742500305,0.7001407742500305,871,88
1596,15095,specialized_enriched,mean,0.004104070831090212,0.006005031056702137,0.6834387183189392,0.6834387183189392,568,88
1597,11980,specialized_enriched,active_fraction,0.0005544085870496929,0.0008244693162851036,0.6724429726600647,0.6724429726600647,502,88
1598,3378,specialized_enriched,mean,0.010037790052592754,0.014999104663729668,0.6692259311676025,0.6692259311676025,602,88
1599,10684,specialized_enriched,max,0.5486146211624146,0.8233758211135864,0.6662991642951965,0.6662991642951965,716,88
1600,2051,specialized_enriched,max,0.3677007555961609,0.553428590297699,0.6644050478935242,0.6644050478935242,788,88
1601,4039,specialized_enriched,active_fraction,0.0007168969605118036,0.0010791021632030606,0.6643458008766174,0.6643458008766174,591,88
1602,7536,specialized_enriched,max,0.11479378491640091,0.17506113648414612,0.6557353734970093,0.6557353734970093,766,88
1603,2262,specialized_enriched,active_fraction,0.000601072097197175,0.0009174439474008977,0.6551594734191895,0.6551594734191895,756,88
1604,7338,specialized_enriched,active_fraction,0.0012587258825078607,0.0019245354924350977,0.6540414094924927,0.6540414094924927,821,88
1605,1900,specialized_enriched,mean,0.0161698367446661,0.024805264547467232,0.6518711447715759,0.6518711447715759,541,88
1606,12994,specialized_enriched,active_fraction,0.00044393318239599466,0.0006890207878313959,0.6442957520484924,0.6442957520484924,722,88
1607,2904,specialized_enriched,active_fraction,0.0016095804749056697,0.002516351640224457,0.6396484971046448,0.6396484971046448,822,88
1608,7769,specialized_enriched,mean,0.0022891198750585318,0.0036462389398366213,0.6278030276298523,0.6278030276298523,565,88
1609,12826,specialized_enriched,active_fraction,0.0009383002179674804,0.0014965476002544165,0.6269765496253967,0.6269765496253967,669,88
1610,8335,specialized_enriched,max,0.057309456169605255,0.09143561124801636,0.6267738938331604,0.6267738938331604,665,88
1611,12436,specialized_enriched,max,0.2758607268333435,0.4434787631034851,0.6220381855964661,0.6220381855964661,772,88
1612,13957,specialized_enriched,max,0.07542923092842102,0.1216687336564064,0.6199557781219482,0.6199557781219482,625,88
1613,13764,specialized_enriched,active_fraction,0.00037997931940481067,0.0006247097044251859,0.6082494258880615,0.6082494258880615,680,88
1614,4712,specialized_enriched,mean,0.013264598324894905,0.021846188232302666,0.6071813702583313,0.6071813702583313,693,88
1615,13751,specialized_enriched,active_fraction,0.0009247713023796678,0.0015407362952828407,0.600213885307312,0.600213885307312,736,88
1616,12595,specialized_enriched,max,0.18944403529167175,0.317315936088562,0.5970202088356018,0.5970202088356018,589,88
1617,7633,specialized_enriched,active_fraction,0.0020294811110943556,0.0034043793566524982,0.5961383581161499,0.5961383581161499,820,88
1618,7399,specialized_enriched,max,0.05854378640651703,0.09878136217594147,0.5926602482795715,0.5926602482795715,746,88
1619,1380,specialized_enriched,mean,0.0190903153270483,0.03222860023379326,0.5923408269882202,0.5923408269882202,522,88
1620,15515,specialized_enriched,active_fraction,0.0007808774244040251,0.0013199804816395044,0.5915825366973877,0.5915825366973877,453,88
1621,778,specialized_enriched,max,0.21514807641506195,0.36489802598953247,0.5896115303039551,0.5896115303039551,787,88
1622,790,specialized_enriched,active_fraction,0.000728465209249407,0.0012394749792292714,0.5877208113670349,0.5877208113670349,662,88
1623,1649,specialized_enriched,mean,0.009857865050435066,0.017052114009857178,0.5781022310256958,0.5781022310256958,849,88
1624,4723,specialized_enriched,active_fraction,0.001905272714793682,0.0033085111062973738,0.575870156288147,0.575870156288147,859,88
1625,5354,specialized_enriched,max,0.1622956097126007,0.28278082609176636,0.5739272236824036,0.5739272236824036,701,88
1626,5681,specialized_enriched,mean,0.0057404981926083565,0.010098337195813656,0.5684597492218018,0.5684597492218018,745,88
1627,4075,specialized_enriched,mean,0.0031679640524089336,0.005605265032500029,0.5651764869689941,0.5651764869689941,693,88
1628,16082,specialized_enriched,mean,0.0021963207982480526,0.003894105786457658,0.5640115737915039,0.5640115737915039,638,88
1629,9962,specialized_enriched,max,0.2051507979631424,0.3684333264827728,0.5568193197250366,0.5568193197250366,827,88
1630,1139,specialized_enriched,mean,0.007792477495968342,0.014021898619830608,0.555736243724823,0.555736243724823,790,88
1631,7966,specialized_enriched,max,0.10430141538381577,0.18939243257045746,0.5507158637046814,0.5507158637046814,710,88
1632,29,specialized_enriched,active_fraction,0.0011461834656074643,0.002083567902445793,0.5501061081886292,0.5501061081886292,866,88
1633,14717,specialized_enriched,mean,0.002008553361520171,0.003666446777060628,0.5478201508522034,0.5478201508522034,413,88
1634,6102,specialized_enriched,active_fraction,0.0007395101129077375,0.0013537203194573522,0.5462798476219177,0.5462798476219177,712,88
1635,15611,specialized_enriched,mean,0.002842135727405548,0.005207929294556379,0.5457323789596558,0.5457323789596558,614,88
1636,9082,specialized_enriched,active_fraction,0.0009439068962819874,0.0017452280735597014,0.5408501625061035,0.5408501625061035,800,88
1637,8102,specialized_enriched,active_fraction,0.001858174568042159,0.0034439482260495424,0.5395477414131165,0.5395477414131165,804,88
1638,7224,specialized_enriched,max,0.14766192436218262,0.27997562289237976,0.5274099111557007,0.5274099111557007,256,88
1639,6855,specialized_enriched,active_fraction,0.0003700167580973357,0.0007160064997151494,0.5167784690856934,0.5167784690856934,709,88
1640,1684,specialized_enriched,mean,0.0075749596580863,0.014865603297948837,0.5095629096031189,0.5095629096031189,661,88
1641,12945,specialized_enriched,active_fraction,0.0012057371204718947,0.0023685151245445013,0.5090687870979309,0.5090687870979309,619,88
1642,2077,specialized_enriched,mean,0.002858042251318693,0.005623647943139076,0.5082185864448547,0.5082185864448547,670,88
1643,11681,specialized_enriched,active_fraction,0.0007262385333888233,0.0015508356736972928,0.46828851103782654,0.46828851103782654,758,88
1644,6400,specialized_enriched,mean,0.0028587430715560913,0.006110564339905977,0.4678361713886261,0.4678361713886261,422,88
1645,5441,specialized_enriched,max,0.1749500334262848,0.3950013816356659,0.44290992617607117,0.44290992617607117,531,88
1646,2905,specialized_enriched,mean,0.005488036200404167,0.01292392797768116,0.424641489982605,0.424641489982605,480,88
1647,5247,specialized_enriched,mean,0.0037962181959301233,0.009181728586554527,0.4134535491466522,0.4134535491466522,766,88
1648,6130,specialized_enriched,mean,0.0029579163528978825,0.0074745784513652325,0.395730197429657,0.395730197429657,832,88
1649,10648,specialized_enriched,active_fraction,0.0005625170306302607,0.0014630353543907404,0.38448628783226013,0.38448628783226013,726,88
1650,7705,specialized_enriched,active_fraction,0.001135129714384675,0.0029690968804061413,0.3823148012161255,0.3823148012161255,872,88
1651,6448,specialized_enriched,mean,0.005403163842856884,0.014261972159147263,0.3788510859012604,0.3788510859012604,854,88
1652,9475,specialized_enriched,mean,0.0023536060471087694,0.006371448282152414,0.36939892172813416,0.36939892172813416,504,88
1653,9396,specialized_enriched,max,0.19992505013942719,0.541678786277771,0.3690841495990753,0.3690841495990753,576,88
1654,6056,specialized_enriched,active_fraction,0.001652517938055098,0.00457816431298852,0.36095646023750305,0.36095646023750305,858,88
1655,4488,specialized_enriched,mean,0.0077478098683059216,0.021677430719137192,0.357413649559021,0.357413649559021,869,88
1656,16238,specialized_enriched,active_fraction,0.00031625613337382674,0.0008889824384823442,0.35575070977211,0.35575070977211,608,88
1657,5271,specialized_enriched,active_fraction,0.0008586617186665535,0.0024714749306440353,0.3474288582801819,0.3474288582801819,857,88
1658,10893,specialized_enriched,mean,0.004019227344542742,0.011661602184176445,0.3446548283100128,0.3446548283100128,829,88
1659,8488,specialized_enriched,active_fraction,0.00047878886107355356,0.0013917642645537853,0.34401577711105347,0.34401577711105347,710,88
1660,8246,specialized_enriched,mean,0.005747631192207336,0.01681012474000454,0.3419148325920105,0.3419148325920105,721,88
1661,2590,specialized_enriched,max,0.08079124242067337,0.23631510138511658,0.34187930822372437,0.34187930822372437,495,88
1662,9067,specialized_enriched,max,0.07837595045566559,0.22960396111011505,0.34135279059410095,0.34135279059410095,557,88
1663,16263,specialized_enriched,active_fraction,0.0003559112665243447,0.001137063605710864,0.313009113073349,0.313009113073349,552,88
1664,1006,specialized_enriched,mean,0.00360107421875,0.011651217937469482,0.3090727627277374,0.3090727627277374,872,88
1665,100,specialized_enriched,mean,0.003487147856503725,0.01137812715023756,0.30647820234298706,0.30647820234298706,860,88
1666,1550,specialized_enriched,active_fraction,0.0013163278345018625,0.0048398650251328945,0.27197614312171936,0.27197614312171936,824,88
1667,13104,specialized_enriched,active_fraction,0.00029995053773745894,0.0012509218649938703,0.23978358507156372,0.23978358507156372,688,88
1668,6332,specialized_enriched,mean,0.002295267768204212,0.010437550954520702,0.219904825091362,0.219904825091362,787,88
1669,16176,specialized_enriched,mean,0.002320702187716961,0.011556351557374,0.20081616938114166,0.20081616938114166,838,88
1670,12117,specialized_enriched,max,0.0043877181597054005,0.057793889194726944,0.07592010498046875,0.07592010498046875,109,88
