rank,feature_id,orientation,summary,effect,null_sd,ev,abs_ev,support,minimum_support
1,900,specialized_enriched,active_fraction,0.021705972030758858,0.00429728114977479,5.051094055175781,5.051094055175781,204,22
2,12591,specialized_enriched,mean,0.23572298884391785,0.05034138262271881,4.682489395141602,4.682489395141602,193,22
3,3786,specialized_enriched,mean,0.4966660737991333,0.11099052429199219,4.474851131439209,4.474851131439209,214,22
4,9037,specialized_enriched,active_fraction,0.023882955312728882,0.005375568754971027,4.442870616912842,4.442870616912842,208,22
5,1760,specialized_enriched,active_fraction,0.03628126159310341,0.008408650755882263,4.314754486083984,4.314754486083984,184,22
6,5669,specialized_enriched,mean,0.1345893293619156,0.031251877546310425,4.3065996170043945,4.3065996170043945,186,22
7,8792,specialized_enriched,active_fraction,0.020680934190750122,0.005006934050470591,4.130458831787109,4.130458831787109,195,22
8,7783,specialized_enriched,active_fraction,0.05497996509075165,0.013857832178473473,3.9674289226531982,3.9674289226531982,213,22
9,15402,specialized_enriched,mean,0.08873388171195984,0.022402215749025345,3.960942268371582,3.960942268371582,214,22
10,10135,specialized_enriched,active_fraction,0.054105546325445175,0.013750029727816582,3.9349403381347656,3.9349403381347656,215,22
11,5456,specialized_enriched,mean,0.11635977029800415,0.029848255217075348,3.8983776569366455,3.8983776569366455,190,22
12,3997,specialized_enriched,mean,0.08419760316610336,0.02189086750149727,3.846243381500244,3.846243381500244,163,22
13,7039,specialized_enriched,mean,0.09091028571128845,0.02399582788348198,3.7885870933532715,3.7885870933532715,214,22
14,10247,specialized_enriched,mean,0.08182328194379807,0.02163691818714142,3.781651496887207,3.781651496887207,104,22
15,13033,specialized_enriched,active_fraction,0.006787145975977182,0.0017999176634475589,3.7708091735839844,3.7708091735839844,48,22
16,10849,specialized_enriched,mean,0.07845842838287354,0.020932508632540703,3.748161792755127,3.748161792755127,201,22
17,6605,specialized_enriched,active_fraction,0.014892538078129292,0.004032774828374386,3.692876100540161,3.692876100540161,76,22
18,15623,specialized_enriched,active_fraction,0.010792689397931099,0.0029287105426192284,3.685133457183838,3.685133457183838,97,22
19,6117,specialized_enriched,active_fraction,0.01490070577710867,0.004074234515428543,3.657301902770996,3.657301902770996,205,22
20,6364,specialized_enriched,active_fraction,0.007190463598817587,0.0019761493895202875,3.6386234760284424,3.6386234760284424,48,22
21,1117,specialized_enriched,mean,0.11040989309549332,0.030949534848332405,3.5674169063568115,3.5674169063568115,134,22
22,12406,specialized_enriched,active_fraction,0.01025101076811552,0.002879602136090398,3.559870481491089,3.559870481491089,146,22
23,9982,specialized_enriched,mean,0.13103580474853516,0.03696955740451813,3.544424533843994,3.544424533843994,190,22
24,1568,specialized_enriched,mean,0.12072882801294327,0.03424597531557083,3.525343656539917,3.525343656539917,192,22
25,9468,specialized_enriched,mean,0.13788896799087524,0.039275407791137695,3.510822057723999,3.510822057723999,188,22
26,15805,specialized_enriched,active_fraction,0.013243421912193298,0.0037933809217065573,3.491192102432251,3.491192102432251,126,22
27,7546,specialized_enriched,mean,0.20568886399269104,0.0593591146171093,3.465160608291626,3.465160608291626,209,22
28,1639,specialized_enriched,mean,0.15128955245018005,0.04390297830104828,3.445997476577759,3.445997476577759,214,22
29,7589,specialized_enriched,active_fraction,0.009556767530739307,0.0028198054060339928,3.3891584873199463,3.3891584873199463,68,22
30,309,specialized_enriched,active_fraction,0.012836800888180733,0.003795803990215063,3.3818397521972656,3.3818397521972656,191,22
31,6498,specialized_enriched,active_fraction,0.019193748012185097,0.0056892987340688705,3.3736579418182373,3.3736579418182373,180,22
32,9953,specialized_enriched,mean,0.14231891930103302,0.04224175214767456,3.369152784347534,3.369152784347534,80,22
33,12161,specialized_enriched,active_fraction,0.018576644361019135,0.005515357945114374,3.36816668510437,3.36816668510437,173,22
34,601,specialized_enriched,active_fraction,0.031736187636852264,0.009476203471422195,3.3490402698516846,3.3490402698516846,208,22
35,1686,specialized_enriched,active_fraction,0.011343193240463734,0.003390625352039933,3.3454575538635254,3.3454575538635254,172,22
36,321,specialized_enriched,active_fraction,0.024021118879318237,0.007187266834080219,3.342177152633667,3.342177152633667,211,22
37,12460,specialized_enriched,mean,0.03329848870635033,0.010135396383702755,3.2853662967681885,3.2853662967681885,67,22
38,3104,specialized_enriched,active_fraction,0.025020085275173187,0.007699422538280487,3.249605417251587,3.249605417251587,205,22
39,16179,specialized_enriched,active_fraction,0.03180474042892456,0.009835822507739067,3.2335617542266846,3.2335617542266846,182,22
40,3011,specialized_enriched,mean,0.10234490782022476,0.03187716379761696,3.2106027603149414,3.2106027603149414,193,22
41,6528,specialized_enriched,active_fraction,0.016342760995030403,0.005121294874697924,3.191138505935669,3.191138505935669,179,22
42,4983,specialized_enriched,active_fraction,0.011996948160231113,0.0037599499337375164,3.1907200813293457,3.1907200813293457,91,22
43,841,specialized_enriched,mean,0.053131937980651855,0.016685303300619125,3.1843554973602295,3.1843554973602295,43,22
44,8729,specialized_enriched,active_fraction,0.01427108608186245,0.004497543442994356,3.1730847358703613,3.1730847358703613,80,22
45,7440,specialized_enriched,mean,0.14711490273475647,0.0469285324215889,3.134871244430542,3.134871244430542,84,22
46,5120,specialized_enriched,active_fraction,0.008524053730070591,0.0027638475876301527,3.0841257572174072,3.0841257572174072,214,22
47,15549,specialized_enriched,active_fraction,0.013518081977963448,0.004386475309729576,3.081763982772827,3.081763982772827,154,22
48,1806,specialized_enriched,mean,0.0895008072257042,0.029090970754623413,3.0765836238861084,3.0765836238861084,185,22
49,8812,specialized_enriched,mean,0.03524397313594818,0.011533260345458984,3.0558552742004395,3.0558552742004395,100,22
50,9951,specialized_enriched,active_fraction,0.013583502732217312,0.0044763642363250256,3.034494400024414,3.034494400024414,184,22
51,12809,specialized_enriched,active_fraction,0.010446310043334961,0.0034730639308691025,3.007808208465576,3.007808208465576,91,22
52,7772,specialized_enriched,mean,0.01083394791930914,0.0036360425874590874,2.9795987606048584,2.9795987606048584,55,22
53,6680,specialized_enriched,mean,0.058235615491867065,0.019553979858756065,2.9781975746154785,2.9781975746154785,179,22
54,10362,specialized_enriched,active_fraction,0.008259485475718975,0.0027778921648859978,2.973292350769043,2.973292350769043,80,22
55,5586,specialized_enriched,mean,0.040113966912031174,0.013554460369050503,2.9594662189483643,2.9594662189483643,53,22
56,9009,specialized_enriched,active_fraction,0.018091581761837006,0.006140107288956642,2.946460247039795,2.946460247039795,207,22
57,15178,specialized_enriched,mean,0.10351915657520294,0.035664867609739304,2.902552604675293,2.902552604675293,170,22
58,1699,specialized_enriched,active_fraction,0.012846044264733791,0.004434516653418541,2.8968307971954346,2.8968307971954346,94,22
59,6404,specialized_enriched,mean,0.01862064190208912,0.006443454418331385,2.8898539543151855,2.8898539543151855,30,22
60,11965,specialized_enriched,active_fraction,0.011578336358070374,0.004021409433335066,2.879173755645752,2.879173755645752,199,22
61,6927,specialized_enriched,active_fraction,0.016935329884290695,0.00590583635494113,2.867558240890503,2.867558240890503,194,22
62,10496,specialized_enriched,active_fraction,0.012780779041349888,0.004525880794972181,2.823931932449341,2.823931932449341,85,22
63,13364,specialized_enriched,active_fraction,0.012581978924572468,0.004475337453186512,2.811403512954712,2.811403512954712,85,22
64,15944,specialized_enriched,active_fraction,0.01151416078209877,0.004116619937121868,2.7969939708709717,2.7969939708709717,54,22
65,13664,specialized_enriched,active_fraction,0.009345028549432755,0.0033417849335819483,2.7964181900024414,2.7964181900024414,130,22
66,12746,specialized_enriched,mean,0.07178641855716705,0.02569379098713398,2.7939207553863525,2.7939207553863525,148,22
67,1112,specialized_enriched,active_fraction,0.005856823176145554,0.002096717245876789,2.793329954147339,2.793329954147339,67,22
68,4712,specialized_enriched,mean,0.08805248141288757,0.031670376658439636,2.7802789211273193,2.7802789211273193,66,22
69,5352,specialized_enriched,active_fraction,0.0031090648844838142,0.0011185179464519024,2.7796289920806885,2.7796289920806885,29,22
70,15617,specialized_enriched,active_fraction,0.017853038385510445,0.006437425035983324,2.773319721221924,2.773319721221924,107,22
71,10664,specialized_enriched,active_fraction,0.009728319942951202,0.0035853912122547626,2.7133216857910156,2.7133216857910156,50,22
72,8371,specialized_enriched,active_fraction,0.006420282181352377,0.002369711408391595,2.7093098163604736,2.7093098163604736,29,22
73,1559,specialized_enriched,active_fraction,0.007085617631673813,0.002618053462356329,2.7064449787139893,2.7064449787139893,53,22
74,4833,specialized_enriched,mean,0.10950132459402084,0.04046262055635452,2.7062342166900635,2.7062342166900635,151,22
75,10356,specialized_enriched,mean,0.11306026577949524,0.04183349758386612,2.702625274658203,2.702625274658203,161,22
76,3100,specialized_enriched,active_fraction,0.013147842139005661,0.0048675257712602615,2.70113468170166,2.70113468170166,171,22
77,3830,specialized_enriched,active_fraction,0.018886180594563484,0.006997894030064344,2.6988377571105957,2.6988377571105957,194,22
78,8816,specialized_enriched,active_fraction,0.013660671189427376,0.0050685894675552845,2.695162296295166,2.695162296295166,123,22
79,13616,specialized_enriched,active_fraction,0.00808706320822239,0.003003905527293682,2.692183017730713,2.692183017730713,108,22
80,4984,specialized_enriched,active_fraction,0.009882627986371517,0.0036727567203342915,2.690793037414551,2.690793037414551,39,22
81,7805,specialized_enriched,mean,0.06258277595043182,0.02330305427312851,2.6856040954589844,2.6856040954589844,67,22
82,7360,specialized_enriched,mean,0.30689021944999695,0.11445885896682739,2.681227207183838,2.681227207183838,187,22
83,3974,specialized_enriched,active_fraction,0.015249432064592838,0.0057073128409683704,2.6719110012054443,2.6719110012054443,151,22
84,2449,specialized_enriched,mean,0.00887290108948946,0.003324113553389907,2.669253349304199,2.669253349304199,45,22
85,10619,specialized_enriched,mean,0.07812082767486572,0.029273826628923416,2.668623685836792,2.668623685836792,192,22
86,9918,specialized_enriched,mean,0.033156294375658035,0.012467778287827969,2.6593587398529053,2.6593587398529053,84,22
87,14523,specialized_enriched,mean,0.07029669731855392,0.026462819427251816,2.656432628631592,2.656432628631592,82,22
88,11728,specialized_enriched,active_fraction,0.014572329819202423,0.005493770819157362,2.6525187492370605,2.6525187492370605,191,22
89,9220,specialized_enriched,active_fraction,0.017854386940598488,0.006760162301361561,2.641118049621582,2.641118049621582,146,22
90,11565,specialized_enriched,active_fraction,0.008605833165347576,0.0032870033755898476,2.6181395053863525,2.6181395053863525,69,22
91,10337,specialized_enriched,active_fraction,0.015298753045499325,0.005845342297106981,2.617255210876465,2.617255210876465,162,22
92,6910,specialized_enriched,active_fraction,0.009461183100938797,0.0036294974852353334,2.6067473888397217,2.6067473888397217,146,22
93,6860,specialized_enriched,active_fraction,0.02118721976876259,0.008146915584802628,2.6006431579589844,2.6006431579589844,203,22
94,7188,specialized_enriched,active_fraction,0.01673971489071846,0.0064565218053758144,2.5926830768585205,2.5926830768585205,169,22
95,10639,specialized_enriched,active_fraction,0.01104139443486929,0.004260832443833351,2.5913703441619873,2.5913703441619873,167,22
96,1945,specialized_enriched,active_fraction,0.0164041668176651,0.006330660078674555,2.5912253856658936,2.5912253856658936,208,22
97,1492,specialized_enriched,mean,0.04897385463118553,0.018936553969979286,2.586207389831543,2.586207389831543,34,22
98,9810,specialized_enriched,mean,0.1185329332947731,0.045908667147159576,2.5819292068481445,2.5819292068481445,176,22
99,9083,specialized_enriched,mean,0.09858997166156769,0.03837917372584343,2.568840503692627,2.568840503692627,192,22
100,10440,specialized_enriched,active_fraction,0.009267369285225868,0.003613419830799103,2.564708709716797,2.564708709716797,172,22
101,3174,specialized_enriched,mean,0.24573318660259247,0.09640432149171829,2.548985242843628,2.548985242843628,184,22
102,9182,specialized_enriched,mean,0.07202362269163132,0.028261084109544754,2.548508882522583,2.548508882522583,180,22
103,3664,specialized_enriched,active_fraction,0.01478193886578083,0.005815091077238321,2.5419960021972656,2.5419960021972656,174,22
104,9655,specialized_enriched,active_fraction,0.021804671734571457,0.008584363386034966,2.5400452613830566,2.5400452613830566,149,22
105,6918,specialized_enriched,active_fraction,0.019751297309994698,0.007777002640068531,2.539705514907837,2.539705514907837,187,22
106,3291,specialized_enriched,active_fraction,0.017748907208442688,0.007002824917435646,2.5345354080200195,2.5345354080200195,190,22
107,13492,specialized_enriched,max,0.4389592111110687,0.17401094734668732,2.5225954055786133,2.5225954055786133,52,22
108,11201,specialized_enriched,active_fraction,0.01330767571926117,0.00528466934338212,2.5181663036346436,2.5181663036346436,200,22
109,7371,specialized_enriched,active_fraction,0.007928628474473953,0.0031501930207014084,2.5168707370758057,2.5168707370758057,100,22
110,8396,specialized_enriched,active_fraction,0.006519790273159742,0.002604665234684944,2.503120183944702,2.503120183944702,50,22
111,15902,specialized_enriched,active_fraction,0.02140270359814167,0.008584617637097836,2.493145704269409,2.493145704269409,205,22
112,10844,specialized_enriched,active_fraction,0.0063546039164066315,0.002560649299994111,2.481637716293335,2.481637716293335,138,22
113,13107,specialized_enriched,active_fraction,0.014680149964988232,0.005917436443269253,2.4808292388916016,2.4808292388916016,138,22
114,11756,specialized_enriched,mean,0.03136855736374855,0.012692139483988285,2.4714949131011963,2.4714949131011963,57,22
115,10013,specialized_enriched,active_fraction,0.008604609407484531,0.00348300370387733,2.470456600189209,2.470456600189209,78,22
116,4896,specialized_enriched,mean,0.06430869549512863,0.02605970948934555,2.4677441120147705,2.4677441120147705,176,22
117,2818,specialized_enriched,active_fraction,0.01268257386982441,0.005141543690115213,2.4666860103607178,2.4666860103607178,197,22
118,13582,specialized_enriched,mean,0.09187327325344086,0.037288736552000046,2.463834524154663,2.463834524154663,205,22
119,941,specialized_enriched,active_fraction,0.012235389091074467,0.004969569854438305,2.462061882019043,2.462061882019043,179,22
120,9030,specialized_enriched,active_fraction,0.017528630793094635,0.0071249851025640965,2.4601638317108154,2.4601638317108154,192,22
121,12224,specialized_enriched,active_fraction,0.008128340356051922,0.0033051050268113613,2.4593288898468018,2.4593288898468018,166,22
122,661,specialized_enriched,mean,0.12806697189807892,0.05216267704963684,2.4551455974578857,2.4551455974578857,90,22
123,6610,specialized_enriched,active_fraction,0.009070081636309624,0.0036950537469238043,2.4546549320220947,2.4546549320220947,125,22
124,11617,specialized_enriched,active_fraction,0.016628021374344826,0.0067957923747599125,2.4468111991882324,2.4468111991882324,161,22
125,10178,specialized_enriched,active_fraction,0.017759209498763084,0.007324445527046919,2.4246490001678467,2.4246490001678467,194,22
126,8907,specialized_enriched,mean,0.11002790927886963,0.04544985666871071,2.420863628387451,2.420863628387451,188,22
127,11528,specialized_enriched,active_fraction,0.020297328010201454,0.008386485278606415,2.4202425479888916,2.4202425479888916,173,22
128,4226,specialized_enriched,mean,0.055697277188301086,0.02302616462111473,2.4188690185546875,2.4188690185546875,67,22
129,1573,specialized_enriched,active_fraction,0.003861816832795739,0.0016067192191258073,2.4035418033599854,2.4035418033599854,56,22
130,6302,specialized_enriched,active_fraction,0.003859348827973008,0.0016067558899521828,2.4019508361816406,2.4019508361816406,47,22
131,2117,specialized_enriched,active_fraction,0.009853949770331383,0.004111764021217823,2.3965260982513428,2.3965260982513428,52,22
132,5549,specialized_enriched,active_fraction,0.007453904487192631,0.003120127599686384,2.388974189758301,2.388974189758301,119,22
133,12754,specialized_enriched,active_fraction,0.0076932115480303764,0.003220334416255355,2.3889479637145996,2.3889479637145996,178,22
134,3670,specialized_enriched,active_fraction,0.004361234605312347,0.0018270622240379453,2.3870203495025635,2.3870203495025635,33,22
135,10564,specialized_enriched,active_fraction,0.009883379563689232,0.004140886012464762,2.3867788314819336,2.3867788314819336,144,22
136,14574,specialized_enriched,active_fraction,0.017170414328575134,0.007221584673970938,2.3776519298553467,2.3776519298553467,171,22
137,6150,specialized_enriched,mean,0.09874443709850311,0.04173000529408455,2.36626935005188,2.36626935005188,180,22
138,10193,specialized_enriched,active_fraction,0.010240649804472923,0.004328006878495216,2.366135358810425,2.366135358810425,168,22
139,1276,specialized_enriched,mean,0.062423232942819595,0.026428548619151115,2.36196231842041,2.36196231842041,78,22
140,14809,specialized_enriched,active_fraction,0.003551766974851489,0.00151046400424093,2.351440906524658,2.351440906524658,34,22
141,10886,specialized_enriched,mean,0.091611348092556,0.038963232189416885,2.3512256145477295,2.3512256145477295,193,22
142,5221,specialized_enriched,mean,0.12293984740972519,0.05230242386460304,2.350557327270508,2.350557327270508,188,22
143,9653,specialized_enriched,active_fraction,0.013361440040171146,0.0056863343343138695,2.349745750427246,2.349745750427246,95,22
144,15101,specialized_enriched,mean,0.07043983042240143,0.030019184574484825,2.346493721008301,2.346493721008301,202,22
145,1244,specialized_enriched,mean,0.03969114273786545,0.017001956701278687,2.3345043659210205,2.3345043659210205,135,22
146,698,specialized_enriched,mean,0.041486237198114395,0.017832379788160324,2.3264553546905518,2.3264553546905518,202,22
147,7411,specialized_enriched,mean,0.06277774274349213,0.026994721964001656,2.3255562782287598,2.3255562782287598,172,22
148,3079,specialized_enriched,mean,0.041426438838243484,0.01786573976278305,2.3187642097473145,2.3187642097473145,49,22
149,5316,specialized_enriched,mean,0.0664830207824707,0.02867576666176319,2.318439245223999,2.318439245223999,205,22
150,9000,specialized_enriched,mean,0.14923095703125,0.06465370953083038,2.3081576824188232,2.3081576824188232,103,22
151,10033,specialized_enriched,mean,0.05243774875998497,0.022761711850762367,2.303770065307617,2.303770065307617,134,22
152,1025,specialized_enriched,mean,0.05665893107652664,0.024616999551653862,2.3016180992126465,2.3016180992126465,179,22
153,13717,specialized_enriched,mean,0.02142469584941864,0.009324982762336731,2.2975587844848633,2.2975587844848633,50,22
154,13052,specialized_enriched,active_fraction,0.013395668007433414,0.005836758762598038,2.2950525283813477,2.2950525283813477,133,22
155,2169,specialized_enriched,active_fraction,0.008270853199064732,0.0036112256348133087,2.2903175354003906,2.2903175354003906,77,22
156,11128,specialized_enriched,mean,0.04795268550515175,0.02099381946027279,2.2841334342956543,2.2841334342956543,73,22
157,12911,specialized_enriched,mean,0.04550127312541008,0.0199416670948267,2.2817187309265137,2.2817187309265137,61,22
158,12839,specialized_enriched,active_fraction,0.006990157533437014,0.0030648652464151382,2.2807388305664062,2.2807388305664062,30,22
159,6936,specialized_enriched,active_fraction,0.016092590987682343,0.007058774586766958,2.279799461364746,2.279799461364746,157,22
160,1224,specialized_enriched,max,0.6619415879249573,0.29041898250579834,2.279264211654663,2.279264211654663,47,22
161,10357,specialized_enriched,active_fraction,0.009877881966531277,0.00433436268940568,2.2789697647094727,2.2789697647094727,70,22
162,14692,specialized_enriched,mean,0.04678453505039215,0.020587345585227013,2.2724900245666504,2.2724900245666504,184,22
163,25,specialized_enriched,mean,0.03426199033856392,0.015132244676351547,2.2641711235046387,2.2641711235046387,46,22
164,12168,specialized_enriched,active_fraction,0.014373975805938244,0.0063576302491128445,2.26090145111084,2.26090145111084,162,22
165,11739,specialized_enriched,active_fraction,0.009893602691590786,0.004380912519991398,2.258342981338501,2.258342981338501,147,22
166,13938,specialized_enriched,active_fraction,0.014939077198505402,0.0066285752691328526,2.2537388801574707,2.2537388801574707,161,22
167,4052,specialized_enriched,mean,0.09814120084047318,0.04376203566789627,2.242610454559326,2.242610454559326,105,22
168,4383,specialized_enriched,mean,0.05563971400260925,0.02481653541326523,2.242042064666748,2.242042064666748,201,22
169,13695,specialized_enriched,mean,0.01946135051548481,0.008718352764844894,2.2322280406951904,2.2322280406951904,132,22
170,5085,specialized_enriched,active_fraction,0.00724484957754612,0.0032473434694111347,2.2310080528259277,2.2310080528259277,96,22
171,15313,specialized_enriched,active_fraction,0.009426279924809933,0.0042271860875189304,2.2299184799194336,2.2299184799194336,108,22
172,12326,specialized_enriched,mean,0.024289149791002274,0.010917994193732738,2.2246897220611572,2.2246897220611572,50,22
173,16153,specialized_enriched,active_fraction,0.008177336305379868,0.0036795686464756727,2.222362756729126,2.222362756729126,91,22
174,12609,specialized_enriched,active_fraction,0.007105591706931591,0.0032125019934028387,2.211855888366699,2.211855888366699,143,22
175,9875,specialized_enriched,mean,0.03208799287676811,0.014527327381074429,2.2088022232055664,2.2088022232055664,113,22
176,13261,specialized_enriched,active_fraction,0.003923268523067236,0.0017762776697054505,2.208702325820923,2.208702325820923,49,22
177,10438,specialized_enriched,active_fraction,0.004277236294001341,0.001940566929988563,2.2041168212890625,2.2041168212890625,64,22
178,7445,specialized_enriched,mean,0.02271133102476597,0.010319335386157036,2.200852155685425,2.200852155685425,63,22
179,16349,specialized_enriched,mean,0.030928652733564377,0.014065648429095745,2.198878526687622,2.198878526687622,42,22
180,7153,specialized_enriched,mean,0.07810775190591812,0.03553382679820061,2.1981239318847656,2.1981239318847656,159,22
181,1164,specialized_enriched,active_fraction,0.010757509618997574,0.0049007125198841095,2.1950910091400146,2.1950910091400146,134,22
182,8686,specialized_enriched,active_fraction,0.008616557344794273,0.003930715844035149,2.1921088695526123,2.1921088695526123,102,22
183,7444,specialized_enriched,max,0.21887773275375366,0.10005511343479156,2.1875717639923096,2.1875717639923096,25,22
184,14590,specialized_enriched,active_fraction,0.006311443168669939,0.0028870427049696445,2.1861274242401123,2.1861274242401123,89,22
185,2015,specialized_enriched,mean,0.04133756086230278,0.01895947754383087,2.1803112030029297,2.1803112030029297,185,22
186,4915,specialized_enriched,active_fraction,0.004774593282490969,0.002194824628531933,2.175387144088745,2.175387144088745,152,22
187,2005,specialized_enriched,active_fraction,0.020627357065677643,0.009494545869529247,2.1725480556488037,2.1725480556488037,187,22
188,5921,specialized_enriched,active_fraction,0.013637482188642025,0.006348250899463892,2.148226737976074,2.148226737976074,154,22
189,12602,specialized_enriched,mean,0.007304430939257145,0.00340436864644289,2.1456050872802734,2.1456050872802734,27,22
190,4714,specialized_enriched,mean,0.06805455684661865,0.031728215515613556,2.1449222564697266,2.1449222564697266,109,22
191,2013,specialized_enriched,active_fraction,0.005080762319266796,0.00238036853261292,2.134443521499634,2.134443521499634,90,22
192,5957,specialized_enriched,mean,0.07405844330787659,0.03477058187127113,2.1299166679382324,2.1299166679382324,111,22
193,2607,specialized_enriched,active_fraction,0.013520226813852787,0.006363924592733383,2.1245107650756836,2.1245107650756836,190,22
194,7677,specialized_enriched,active_fraction,0.004272730089724064,0.0020122448913753033,2.1233649253845215,2.1233649253845215,87,22
195,201,specialized_enriched,mean,0.055825479328632355,0.026329390704631805,2.120272397994995,2.120272397994995,192,22
196,1962,specialized_enriched,mean,0.024883989244699478,0.011763782240450382,2.115305185317993,2.115305185317993,75,22
197,7904,specialized_enriched,mean,0.061135340481996536,0.02890550158917904,2.115007162094116,2.115007162094116,91,22
198,14662,specialized_enriched,mean,0.023865148425102234,0.01130455918610096,2.1111083030700684,2.1111083030700684,65,22
199,13188,specialized_enriched,mean,0.07386662065982819,0.03513707220554352,2.1022417545318604,2.1022417545318604,107,22
200,9188,specialized_enriched,mean,0.03329746425151825,0.015839308500289917,2.1022043228149414,2.1022043228149414,96,22
201,10957,specialized_enriched,mean,0.01964026317000389,0.009390998631715775,2.0913925170898438,2.0913925170898438,52,22
202,2297,specialized_enriched,active_fraction,0.007233778014779091,0.0034613271709531546,2.089885711669922,2.089885711669922,124,22
203,14163,specialized_enriched,active_fraction,0.007120209280401468,0.0034162283409386873,2.08423113822937,2.08423113822937,89,22
204,12467,specialized_enriched,active_fraction,0.016095584258437157,0.007725210394710302,2.0835139751434326,2.0835139751434326,172,22
205,15203,specialized_enriched,mean,0.10487202554941177,0.0504407063126564,2.0791149139404297,2.0791149139404297,189,22
206,9645,specialized_enriched,active_fraction,0.005090058781206608,0.002450153697282076,2.0774447917938232,2.0774447917938232,79,22
207,2036,specialized_enriched,mean,0.014816569164395332,0.007133000064641237,2.077186107635498,2.077186107635498,68,22
208,14257,specialized_enriched,mean,0.04719902575016022,0.022731320932507515,2.0763871669769287,2.0763871669769287,154,22
209,11596,specialized_enriched,mean,0.02348889224231243,0.011316257528960705,2.075676679611206,2.075676679611206,50,22
210,15758,specialized_enriched,mean,0.06570129096508026,0.03168942779302597,2.0732874870300293,2.0732874870300293,137,22
211,7834,specialized_enriched,mean,0.032734766602516174,0.01584015227854252,2.0665688514709473,2.0665688514709473,50,22
212,14001,specialized_enriched,mean,0.056647252291440964,0.027493616566061974,2.060378313064575,2.060378313064575,171,22
213,5336,specialized_enriched,mean,0.027020854875445366,0.01312198769301176,2.059204339981079,2.059204339981079,36,22
214,12856,specialized_enriched,mean,0.07431402057409286,0.036095935851335526,2.0587918758392334,2.0587918758392334,209,22
215,9469,specialized_enriched,active_fraction,0.0069665005430579185,0.0033970980439335108,2.0507211685180664,2.0507211685180664,181,22
216,12424,specialized_enriched,active_fraction,0.004147881176322699,0.002024482237175107,2.0488603115081787,2.0488603115081787,39,22
217,4237,specialized_enriched,mean,0.08203335851430893,0.04022612050175667,2.0393056869506836,2.0393056869506836,144,22
218,6833,specialized_enriched,mean,0.1157270222902298,0.05677952617406845,2.038182258605957,2.038182258605957,47,22
219,8335,specialized_enriched,mean,0.07587189972400665,0.037304919213056564,2.0338308811187744,2.0338308811187744,75,22
220,6298,specialized_enriched,active_fraction,0.015234347432851791,0.007522976957261562,2.0250425338745117,2.0250425338745117,177,22
221,16118,specialized_enriched,mean,0.10198816657066345,0.050376046448946,2.0245368480682373,2.0245368480682373,69,22
222,12439,specialized_enriched,active_fraction,0.01090179942548275,0.0053915963508188725,2.021998405456543,2.021998405456543,96,22
223,179,specialized_enriched,active_fraction,0.01674865558743477,0.008316409774124622,2.0139286518096924,2.0139286518096924,189,22
224,11771,specialized_enriched,mean,0.06729000806808472,0.03341412916779518,2.0138189792633057,2.0138189792633057,182,22
225,12995,specialized_enriched,mean,0.048530351370573044,0.02414487674832344,2.00996470451355,2.00996470451355,154,22
226,1434,specialized_enriched,active_fraction,0.025794465094804764,0.012846099212765694,2.007960796356201,2.007960796356201,198,22
227,15707,specialized_enriched,mean,0.06807978451251984,0.0339520201086998,2.005176305770874,2.005176305770874,70,22
228,5561,specialized_enriched,mean,0.02463489957153797,0.012286808341741562,2.0049877166748047,2.0049877166748047,110,22
229,10784,specialized_enriched,active_fraction,0.006041123066097498,0.003013776382431388,2.004502773284912,2.004502773284912,143,22
230,6974,specialized_enriched,active_fraction,0.0028778654523193836,0.0014370456337928772,2.002626419067383,2.002626419067383,24,22
231,3528,specialized_enriched,mean,0.054320164024829865,0.027154631912708282,2.000401496887207,2.000401496887207,85,22
232,9514,specialized_enriched,active_fraction,0.007101120427250862,0.003553071292117238,1.9985865354537964,1.9985865354537964,59,22
233,2494,specialized_enriched,active_fraction,0.01167287491261959,0.005855974741280079,1.9933273792266846,1.9933273792266846,76,22
234,13354,specialized_enriched,active_fraction,0.011285444721579552,0.005668808706104755,1.9907965660095215,1.9907965660095215,162,22
235,3310,specialized_enriched,active_fraction,0.007145515643060207,0.0035932580940425396,1.9885896444320679,1.9885896444320679,123,22
236,3663,specialized_enriched,mean,0.03639620915055275,0.018308095633983612,1.9879844188690186,1.9879844188690186,208,22
237,10720,specialized_enriched,active_fraction,0.012333693914115429,0.006209818180650473,1.9861602783203125,1.9861602783203125,93,22
238,14442,specialized_enriched,active_fraction,0.010617079213261604,0.005362747237086296,1.9797836542129517,1.9797836542129517,186,22
239,6497,specialized_enriched,mean,0.04328443482518196,0.02191423811018467,1.975174069404602,1.975174069404602,36,22
240,15124,specialized_enriched,mean,0.08858838677406311,0.04488033056259155,1.9738800525665283,1.9738800525665283,177,22
241,1274,specialized_enriched,active_fraction,0.002708468120545149,0.0013771118829026818,1.9667742252349854,1.9667742252349854,59,22
242,6240,specialized_enriched,mean,0.025994600728154182,0.013217839412391186,1.9666301012039185,1.9666301012039185,191,22
243,14364,specialized_enriched,active_fraction,0.004325968213379383,0.0022008821833878756,1.965561032295227,1.965561032295227,91,22
244,10153,specialized_enriched,active_fraction,0.004078943282365799,0.002077715704217553,1.9631863832473755,1.9631863832473755,65,22
245,1897,specialized_enriched,mean,0.03513161838054657,0.017959969118237495,1.9561067819595337,1.9561067819595337,108,22
246,16248,specialized_enriched,active_fraction,0.00739401625469327,0.0037910796236246824,1.9503722190856934,1.9503722190856934,121,22
247,4200,specialized_enriched,active_fraction,0.014096460305154324,0.007228270638734102,1.9501843452453613,1.9501843452453613,88,22
248,3827,specialized_enriched,active_fraction,0.006571399047970772,0.0033760168589651585,1.946494698524475,1.946494698524475,196,22
249,9740,specialized_enriched,active_fraction,0.00580342672765255,0.002981663215905428,1.9463722705841064,1.9463722705841064,140,22
250,14606,specialized_enriched,active_fraction,0.009959233924746513,0.005117911845445633,1.9459564685821533,1.9459564685821533,178,22
251,8246,specialized_enriched,active_fraction,0.014357362873852253,0.007385709322988987,1.9439382553100586,1.9439382553100586,94,22
252,9340,specialized_enriched,mean,0.03610128164291382,0.0186222642660141,1.9386086463928223,1.9386086463928223,36,22
253,5529,specialized_enriched,active_fraction,0.006992669776082039,0.0036082768347114325,1.9379526376724243,1.9379526376724243,175,22
254,8851,specialized_enriched,active_fraction,0.017536934465169907,0.009050729684531689,1.937626600265503,1.937626600265503,184,22
255,12595,specialized_enriched,mean,0.04805276542901993,0.024883611127734184,1.9311009645462036,1.9311009645462036,43,22
256,15350,specialized_enriched,active_fraction,0.004986639134585857,0.0025939184706658125,1.9224348068237305,1.9224348068237305,173,22
257,9559,specialized_enriched,mean,0.1188567504286766,0.061898745596408844,1.920180320739746,1.920180320739746,161,22
258,8345,specialized_enriched,active_fraction,0.010626643896102905,0.005540280602872372,1.91806960105896,1.91806960105896,195,22
259,2145,specialized_enriched,active_fraction,0.007619218435138464,0.003976395353674889,1.916111946105957,1.916111946105957,26,22
260,13336,specialized_enriched,active_fraction,0.0027160446625202894,0.0014198747230693698,1.9128762483596802,1.9128762483596802,45,22
261,3413,specialized_enriched,active_fraction,0.010828103870153427,0.00567405391484499,1.9083540439605713,1.9083540439605713,137,22
262,4190,specialized_enriched,active_fraction,0.004464106634259224,0.002349499147385359,1.9000247716903687,1.9000247716903687,68,22
263,2715,specialized_enriched,active_fraction,0.004491575062274933,0.0023681947495788336,1.896623969078064,1.896623969078064,158,22
264,12657,specialized_enriched,mean,0.048775844275951385,0.025755180045962334,1.8938266038894653,1.8938266038894653,55,22
265,14100,specialized_enriched,mean,0.041046470403671265,0.021675311028957367,1.893696904182434,1.893696904182434,143,22
266,15693,specialized_enriched,mean,0.024975357577204704,0.013226235285401344,1.888319492340088,1.888319492340088,34,22
267,5240,specialized_enriched,mean,0.01973906345665455,0.010489020496606827,1.8818786144256592,1.8818786144256592,81,22
268,12016,specialized_enriched,active_fraction,0.006491157691925764,0.0034631709568202496,1.8743393421173096,1.8743393421173096,52,22
269,14344,specialized_enriched,active_fraction,0.0035428451374173164,0.001895277644507587,1.869301438331604,1.869301438331604,23,22
270,9331,specialized_enriched,active_fraction,0.008558094501495361,0.0046006073243916035,1.8602097034454346,1.8602097034454346,181,22
271,2846,specialized_enriched,active_fraction,0.004958124831318855,0.002667960710823536,1.858394980430603,1.858394980430603,87,22
272,14940,specialized_enriched,max,0.7312673926353455,0.3936016857624054,1.857886791229248,1.857886791229248,49,22
273,4116,specialized_enriched,active_fraction,0.004644257947802544,0.0025011543184518814,1.8568458557128906,1.8568458557128906,44,22
274,7894,specialized_enriched,active_fraction,0.00702534057199955,0.003786100773140788,1.8555608987808228,1.8555608987808228,88,22
275,5389,specialized_enriched,active_fraction,0.00659673847258091,0.0035566287115216255,1.854772925376892,1.854772925376892,60,22
276,9971,specialized_enriched,active_fraction,0.004180365242063999,0.0022539510391652584,1.85468327999115,1.85468327999115,87,22
277,13356,specialized_enriched,active_fraction,0.006544539704918861,0.003537568962201476,1.8500105142593384,1.8500105142593384,199,22
278,7558,specialized_enriched,active_fraction,0.015210532583296299,0.008229958824813366,1.8481905460357666,1.8481905460357666,96,22
279,3364,specialized_enriched,mean,0.04789914935827255,0.025925463065505028,1.847571611404419,1.847571611404419,47,22
280,4418,specialized_enriched,mean,0.04187832400202751,0.022670241072773933,1.847281813621521,1.847281813621521,105,22
281,15285,specialized_enriched,active_fraction,0.0049979472532868385,0.002707058796659112,1.8462647199630737,1.8462647199630737,139,22
282,1375,specialized_enriched,mean,0.05288209766149521,0.028646264225244522,1.8460382223129272,1.8460382223129272,87,22
283,9214,specialized_enriched,mean,0.023976434022188187,0.013024927116930485,1.8408113718032837,1.8408113718032837,96,22
284,3626,specialized_enriched,active_fraction,0.0034988881088793278,0.0019028516253456473,1.8387603759765625,1.8387603759765625,64,22
285,1932,specialized_enriched,mean,0.04882996529340744,0.026699408888816833,1.8288781642913818,1.8288781642913818,46,22
286,6083,specialized_enriched,mean,0.03700748085975647,0.020264355465769768,1.826235294342041,1.826235294342041,33,22
287,4573,specialized_enriched,mean,0.031654343008995056,0.01734585128724575,1.8248941898345947,1.8248941898345947,143,22
288,8900,specialized_enriched,active_fraction,0.012414731085300446,0.0068124630488455296,1.8223557472229004,1.8223557472229004,183,22
289,719,specialized_enriched,active_fraction,0.0030264933593571186,0.001660906826145947,1.8221933841705322,1.8221933841705322,57,22
290,3696,specialized_enriched,mean,0.08921576291322708,0.048979368060827255,1.821496844291687,1.821496844291687,188,22
291,3065,specialized_enriched,mean,0.0795423835515976,0.043833617120981216,1.814643383026123,1.814643383026123,100,22
292,14751,specialized_enriched,mean,0.08380427956581116,0.04621708020567894,1.8132750988006592,1.8132750988006592,131,22
293,13321,specialized_enriched,active_fraction,0.009118659421801567,0.005038693081587553,1.8097270727157593,1.8097270727157593,99,22
294,593,specialized_enriched,active_fraction,0.006269340869039297,0.003468806389719248,1.8073481321334839,1.8073481321334839,129,22
295,1038,specialized_enriched,max,0.15510381758213043,0.08582060784101486,1.807302713394165,1.807302713394165,43,22
296,12081,specialized_enriched,active_fraction,0.012106748297810555,0.006705875508487225,1.805394172668457,1.805394172668457,67,22
297,14476,specialized_enriched,mean,0.052444927394390106,0.02906372770667076,1.8044804334640503,1.8044804334640503,40,22
298,10444,specialized_enriched,active_fraction,0.011014585383236408,0.006132971961051226,1.7959620952606201,1.7959620952606201,174,22
299,7823,specialized_enriched,mean,0.03874822333455086,0.02158511057496071,1.7951366901397705,1.7951366901397705,74,22
300,11503,specialized_enriched,active_fraction,0.004823596216738224,0.00269056367687881,1.7927827835083008,1.7927827835083008,81,22
301,11692,specialized_enriched,mean,0.02949558012187481,0.016493745148181915,1.7882888317108154,1.7882888317108154,101,22
302,2240,specialized_enriched,active_fraction,0.0061821602284908295,0.003458606544882059,1.7874714136123657,1.7874714136123657,172,22
303,6491,specialized_enriched,active_fraction,0.013497710227966309,0.007594679482281208,1.7772587537765503,1.7772587537765503,112,22
304,5083,specialized_enriched,active_fraction,0.0145304249599576,0.008187646977603436,1.7746765613555908,1.7746765613555908,172,22
305,15753,specialized_enriched,active_fraction,0.007112596649676561,0.004010400734841824,1.7735376358032227,1.7735376358032227,69,22
306,13992,specialized_enriched,mean,0.07637970894575119,0.04306717962026596,1.7735015153884888,1.7735015153884888,36,22
307,9418,specialized_enriched,mean,0.06526495516300201,0.03682094067335129,1.7724956274032593,1.7724956274032593,87,22
308,5832,specialized_enriched,active_fraction,0.00362703506834805,0.002049730159342289,1.7695183753967285,1.7695183753967285,55,22
309,8642,specialized_enriched,max,0.7480303049087524,0.4228443205356598,1.769044280052185,1.769044280052185,104,22
310,9775,specialized_enriched,mean,0.017020333558321,0.009626110084354877,1.7681424617767334,1.7681424617767334,63,22
311,15161,specialized_enriched,active_fraction,0.006779764778912067,0.0038390823174268007,1.7659857273101807,1.7659857273101807,175,22
312,3990,specialized_enriched,mean,0.016805822029709816,0.009521529078483582,1.7650339603424072,1.7650339603424072,61,22
313,7481,specialized_enriched,active_fraction,0.01914685219526291,0.010877358727157116,1.7602483034133911,1.7602483034133911,207,22
314,749,specialized_enriched,mean,0.055644214153289795,0.03165662661194801,1.757743000984192,1.757743000984192,62,22
315,8361,specialized_enriched,active_fraction,0.0072786640375852585,0.0041430192068219185,1.7568501234054565,1.7568501234054565,79,22
316,14598,specialized_enriched,mean,0.04257524013519287,0.02429879829287529,1.7521541118621826,1.7521541118621826,64,22
317,5341,specialized_enriched,mean,0.010804844088852406,0.006166757084429264,1.7521111965179443,1.7521111965179443,65,22
318,16036,specialized_enriched,mean,0.08831031620502472,0.05041201785206795,1.751771092414856,1.751771092414856,73,22
319,2795,specialized_enriched,mean,0.02007218822836876,0.01146198995411396,1.7511957883834839,1.7511957883834839,77,22
320,3672,specialized_enriched,active_fraction,0.008444729261100292,0.0048240902833640575,1.7505329847335815,1.7505329847335815,66,22
321,9582,specialized_enriched,active_fraction,0.003415261395275593,0.0019517714390531182,1.7498265504837036,1.7498265504837036,39,22
322,13552,specialized_enriched,mean,0.052333202213048935,0.02999131567776203,1.7449451684951782,1.7449451684951782,128,22
323,2642,specialized_enriched,active_fraction,0.005173837766051292,0.0029659694992005825,1.744400143623352,1.744400143623352,127,22
324,2051,specialized_enriched,mean,0.02740396559238434,0.015771621838212013,1.7375489473342896,1.7375489473342896,46,22
325,9339,specialized_enriched,active_fraction,0.003915450535714626,0.0022579145152121782,1.7341004610061646,1.7341004610061646,70,22
326,12328,specialized_enriched,mean,0.03826330974698067,0.02208472229540348,1.7325692176818848,1.7325692176818848,62,22
327,7169,specialized_enriched,active_fraction,0.005509222857654095,0.003187742782756686,1.7282520532608032,1.7282520532608032,65,22
328,12420,specialized_enriched,mean,0.05658372864127159,0.03288203850388527,1.7208095788955688,1.7208095788955688,161,22
329,9475,specialized_enriched,active_fraction,0.002702542580664158,0.0015736345667392015,1.7173888683319092,1.7173888683319092,37,22
330,5219,specialized_enriched,mean,0.04432749003171921,0.025959981605410576,1.7075316905975342,1.7075316905975342,22,22
331,5721,specialized_enriched,mean,0.0584900788962841,0.03429410234093666,1.7055433988571167,1.7055433988571167,105,22
332,877,specialized_enriched,active_fraction,0.012489749118685722,0.007324909325689077,1.705106258392334,1.705106258392334,208,22
333,3357,specialized_enriched,mean,0.05774696543812752,0.033926237374544144,1.7021329402923584,1.7021329402923584,198,22
334,6154,specialized_enriched,active_fraction,0.006334447301924229,0.0037221123930066824,1.7018420696258545,1.7018420696258545,86,22
335,15567,specialized_enriched,mean,0.050371598452329636,0.029707543551921844,1.6955827474594116,1.6955827474594116,82,22
336,9991,specialized_enriched,active_fraction,0.0059300754219293594,0.003499064827337861,1.6947600841522217,1.6947600841522217,59,22
337,9517,specialized_enriched,active_fraction,0.009470900520682335,0.005637423135340214,1.6800053119659424,1.6800053119659424,73,22
338,4528,specialized_enriched,active_fraction,0.007127281278371811,0.004246887750923634,1.6782363653182983,1.6782363653182983,135,22
339,5799,specialized_enriched,active_fraction,0.01172466017305851,0.006986923981457949,1.6780861616134644,1.6780861616134644,183,22
340,5870,specialized_enriched,mean,0.04556947946548462,0.02720969170331955,1.6747517585754395,1.6747517585754395,173,22
341,4730,specialized_enriched,mean,0.045387957245111465,0.02710520289838314,1.6745108366012573,1.6745108366012573,30,22
342,6200,specialized_enriched,active_fraction,0.0037628449499607086,0.0022563175298273563,1.667693018913269,1.667693018913269,47,22
343,7602,specialized_enriched,active_fraction,0.004783070180565119,0.0028729073237627745,1.6648883819580078,1.6648883819580078,79,22
344,2977,specialized_enriched,mean,0.03082607313990593,0.01863817870616913,1.6539208889007568,1.6539208889007568,96,22
345,14562,specialized_enriched,active_fraction,0.009757130406796932,0.005922791548073292,1.647387146949768,1.647387146949768,122,22
346,3588,specialized_enriched,mean,0.0597568154335022,0.036342255771160126,1.6442792415618896,1.6442792415618896,105,22
347,8580,specialized_enriched,active_fraction,0.0038925656117498875,0.0023684422485530376,1.6435129642486572,1.6435129642486572,48,22
348,16249,specialized_enriched,active_fraction,0.00845665019005537,0.00514603266492486,1.643333911895752,1.643333911895752,151,22
349,4781,specialized_enriched,active_fraction,0.004153221845626831,0.002538050292059779,1.636382818222046,1.636382818222046,98,22
350,8377,specialized_enriched,mean,0.026474591344594955,0.01618911884725094,1.635332465171814,1.635332465171814,194,22
351,4627,specialized_enriched,max,0.9216492176055908,0.5653129816055298,1.6303343772888184,1.6303343772888184,66,22
352,970,specialized_enriched,active_fraction,0.006430943496525288,0.0039496589452028275,1.6282275915145874,1.6282275915145874,84,22
353,15557,specialized_enriched,mean,0.04786811023950577,0.029403185471892357,1.6279906034469604,1.6279906034469604,108,22
354,11171,specialized_enriched,mean,0.02674541249871254,0.016453543677926064,1.625510811805725,1.625510811805725,113,22
355,11353,specialized_enriched,active_fraction,0.00849706307053566,0.0052480753511190414,1.619081735610962,1.619081735610962,166,22
356,5635,specialized_enriched,mean,0.027125854045152664,0.016781749203801155,1.6163901090621948,1.6163901090621948,138,22
357,14185,specialized_enriched,active_fraction,0.012489235028624535,0.0077428994700312614,1.6129920482635498,1.6129920482635498,155,22
358,12305,specialized_enriched,mean,0.010796846821904182,0.006699491757899523,1.6115919351577759,1.6115919351577759,22,22
359,10008,specialized_enriched,active_fraction,0.007824658416211605,0.0048567005433142185,1.6111057996749878,1.6111057996749878,105,22
360,3767,specialized_enriched,active_fraction,0.005495878402143717,0.0034136215690523386,1.6099846363067627,1.6099846363067627,147,22
361,2627,specialized_enriched,mean,0.03739200532436371,0.023237677291035652,1.6091111898422241,1.6091111898422241,175,22
362,3240,specialized_enriched,mean,0.04135807976126671,0.025782397016882896,1.6041208505630493,1.6041208505630493,99,22
363,4829,specialized_enriched,active_fraction,0.008714527823030949,0.0054326606914401054,1.6040993928909302,1.6040993928909302,189,22
364,13939,specialized_enriched,mean,0.04639323800802231,0.028961943462491035,1.601868987083435,1.601868987083435,176,22
365,4182,specialized_enriched,mean,0.038276467472314835,0.02389584481716156,1.6018043756484985,1.6018043756484985,162,22
366,9193,specialized_enriched,mean,0.04165937006473541,0.026038093492388725,1.5999393463134766,1.5999393463134766,74,22
367,15389,specialized_enriched,mean,0.048450667411088943,0.03032526932656765,1.597699522972107,1.597699522972107,164,22
368,15947,specialized_enriched,active_fraction,0.007574782706797123,0.00474519794806838,1.5963048934936523,1.5963048934936523,95,22
369,9492,specialized_enriched,active_fraction,0.011499539948999882,0.0072194477543234825,1.5928559303283691,1.5928559303283691,175,22
370,15673,specialized_enriched,active_fraction,0.007417626678943634,0.004658077377825975,1.592422366142273,1.592422366142273,164,22
371,12235,specialized_enriched,active_fraction,0.006938203703612089,0.004378273151814938,1.5846894979476929,1.5846894979476929,90,22
372,9308,specialized_enriched,max,0.16175292432308197,0.10228898376226425,1.581332802772522,1.581332802772522,40,22
373,9082,specialized_enriched,mean,0.04613224416971207,0.029186563566327095,1.5805987119674683,1.5805987119674683,105,22
374,4224,specialized_enriched,mean,0.012839892879128456,0.008167633786797523,1.5720455646514893,1.5720455646514893,40,22
375,4102,specialized_enriched,active_fraction,0.003950354643166065,0.002516282256692648,1.56991708278656,1.56991708278656,85,22
376,8385,specialized_enriched,active_fraction,0.0047384100034832954,0.0030255694873631,1.5661216974258423,1.5661216974258423,170,22
377,12339,specialized_enriched,max,0.33494290709495544,0.2144232988357544,1.5620639324188232,1.5620639324188232,42,22
378,13751,specialized_enriched,active_fraction,0.004244978539645672,0.002720812102779746,1.5601880550384521,1.5601880550384521,69,22
379,4632,specialized_enriched,mean,0.08274632692337036,0.05308814346790314,1.558659315109253,1.558659315109253,39,22
380,13370,specialized_enriched,mean,0.010515706613659859,0.006751862820237875,1.55745267868042,1.55745267868042,45,22
381,8818,specialized_enriched,mean,0.14173394441604614,0.09114792197942734,1.5549882650375366,1.5549882650375366,203,22
382,746,specialized_enriched,mean,0.01222744956612587,0.007869472727179527,1.55378258228302,1.55378258228302,36,22
383,15216,specialized_enriched,mean,0.016004575416445732,0.01034501101821661,1.547081470489502,1.547081470489502,48,22
384,8257,specialized_enriched,active_fraction,0.004827321972697973,0.0031202801037579775,1.5470796823501587,1.5470796823501587,152,22
385,3190,specialized_enriched,active_fraction,0.010168267413973808,0.006583930924534798,1.544406771659851,1.544406771659851,139,22
386,7934,specialized_enriched,mean,0.056167587637901306,0.03641197830438614,1.542557954788208,1.542557954788208,164,22
387,9481,specialized_enriched,active_fraction,0.011563447304069996,0.007501501124352217,1.5414844751358032,1.5414844751358032,174,22
388,6902,specialized_enriched,mean,0.02530634216964245,0.016454659402370453,1.5379438400268555,1.5379438400268555,185,22
389,15339,specialized_enriched,mean,0.018822094425559044,0.01225382462143898,1.536017894744873,1.536017894744873,34,22
390,12918,specialized_enriched,mean,0.10787920653820038,0.0702458918094635,1.5357369184494019,1.5357369184494019,159,22
391,3024,specialized_enriched,mean,0.01585608720779419,0.010364576242864132,1.5298346281051636,1.5298346281051636,41,22
392,7875,specialized_enriched,mean,0.03365105763077736,0.02201538346707821,1.5285247564315796,1.5285247564315796,43,22
393,9499,specialized_enriched,mean,0.038863588124513626,0.025503376498818398,1.5238604545593262,1.5238604545593262,34,22
394,3297,specialized_enriched,active_fraction,0.0045300740748643875,0.0029738731682300568,1.523290991783142,1.523290991783142,100,22
395,6369,specialized_enriched,mean,0.0316215418279171,0.020782470703125,1.5215487480163574,1.5215487480163574,95,22
396,2724,specialized_enriched,active_fraction,0.004789052531123161,0.003149807220324874,1.5204272270202637,1.5204272270202637,107,22
397,153,specialized_enriched,active_fraction,0.0019290079362690449,0.0012712364550679922,1.5174264907836914,1.5174264907836914,28,22
398,9741,specialized_enriched,active_fraction,0.011332443915307522,0.007470816373825073,1.5168949365615845,1.5168949365615845,207,22
399,1270,specialized_enriched,mean,0.023169251158833504,0.015365523286163807,1.5078725814819336,1.5078725814819336,91,22
400,8005,specialized_enriched,mean,0.06529636681079865,0.043586477637290955,1.498087763786316,1.498087763786316,75,22
401,432,specialized_enriched,mean,0.037419289350509644,0.024981040507555008,1.4979075193405151,1.4979075193405151,69,22
402,9958,specialized_enriched,mean,0.008381875231862068,0.005610426422208548,1.4939818382263184,1.4939818382263184,45,22
403,185,specialized_enriched,mean,0.0407867506146431,0.027333201840519905,1.4922053813934326,1.4922053813934326,105,22
404,10513,specialized_enriched,mean,0.05751589685678482,0.03861551731824875,1.4894503355026245,1.4894503355026245,99,22
405,6304,specialized_enriched,active_fraction,0.0039648497477173805,0.002663507591933012,1.4885821342468262,1.4885821342468262,40,22
406,2308,specialized_enriched,active_fraction,0.0020712362602353096,0.0013923348160460591,1.48759925365448,1.48759925365448,28,22
407,280,specialized_enriched,active_fraction,0.0034799801651388407,0.0023398122284561396,1.487290382385254,1.487290382385254,25,22
408,10068,specialized_enriched,mean,0.009970422834157944,0.00670648692175746,1.4866833686828613,1.4866833686828613,22,22
409,16031,specialized_enriched,mean,0.018008429557085037,0.012119803577661514,1.4858680963516235,1.4858680963516235,110,22
410,2768,specialized_enriched,mean,0.05237901955842972,0.035365160554647446,1.4810909032821655,1.4810909032821655,93,22
411,347,specialized_enriched,mean,0.06309524178504944,0.0426509790122509,1.4793386459350586,1.4793386459350586,167,22
412,7366,specialized_enriched,active_fraction,0.0036704670637845993,0.0024814109783619642,1.4791854619979858,1.4791854619979858,103,22
413,8640,specialized_enriched,mean,0.018135447055101395,0.01226277370005846,1.4789025783538818,1.4789025783538818,43,22
414,2173,specialized_enriched,mean,0.03890276327729225,0.026307744905352592,1.4787570238113403,1.4787570238113403,202,22
415,3719,specialized_enriched,active_fraction,0.005425394047051668,0.0036811777390539646,1.4738202095031738,1.4738202095031738,91,22
416,770,specialized_enriched,mean,0.043138712644577026,0.029290666803717613,1.4727801084518433,1.4727801084518433,96,22
417,5055,specialized_enriched,active_fraction,0.003984456416219473,0.0027073496021330357,1.471718430519104,1.471718430519104,92,22
418,14022,specialized_enriched,active_fraction,0.014230567030608654,0.009678920730948448,1.4702638387680054,1.4702638387680054,113,22
419,11750,specialized_enriched,mean,0.049121078103780746,0.03343876823782921,1.468985915184021,1.468985915184021,167,22
420,5661,specialized_enriched,active_fraction,0.00411143247038126,0.0027993132825940847,1.4687288999557495,1.4687288999557495,50,22
421,16188,specialized_enriched,active_fraction,0.0033727972768247128,0.002297381404787302,1.4681050777435303,1.4681050777435303,50,22
422,5572,specialized_enriched,mean,0.013229301199316978,0.009030461311340332,1.4649640321731567,1.4649640321731567,34,22
423,13154,specialized_enriched,mean,0.05181996524333954,0.03540736064314842,1.4635365009307861,1.4635365009307861,122,22
424,1099,specialized_enriched,mean,0.018788950517773628,0.012845730409026146,1.4626611471176147,1.4626611471176147,102,22
425,11243,specialized_enriched,active_fraction,0.0050878338515758514,0.0034803294111043215,1.4618828296661377,1.4618828296661377,181,22
426,15408,specialized_enriched,mean,0.02452515810728073,0.016797896474599838,1.4600136280059814,1.4600136280059814,127,22
427,14481,specialized_enriched,mean,0.03931586444377899,0.026965171098709106,1.4580239057540894,1.4580239057540894,97,22
428,16257,specialized_enriched,max,1.2984120845794678,0.8913519382476807,1.4566771984100342,1.4566771984100342,65,22
429,13144,specialized_enriched,active_fraction,0.0013307419139891863,0.0009155331645160913,1.4535157680511475,1.4535157680511475,22,22
430,9737,specialized_enriched,active_fraction,0.005161118693649769,0.0035548165906220675,1.4518663883209229,1.4518663883209229,81,22
431,40,specialized_enriched,mean,0.030854277312755585,0.0212786253541708,1.4500126838684082,1.4500126838684082,184,22
432,1453,specialized_enriched,mean,0.030690819025039673,0.021187901496887207,1.4485068321228027,1.4485068321228027,149,22
433,4278,specialized_enriched,active_fraction,0.00291575794108212,0.00201429333537817,1.4475339651107788,1.4475339651107788,50,22
434,5836,specialized_enriched,active_fraction,0.003862115554511547,0.0026683981996029615,1.447353482246399,1.447353482246399,29,22
435,9396,specialized_enriched,mean,0.012835883535444736,0.008879994973540306,1.4454832077026367,1.4454832077026367,33,22
436,5003,specialized_enriched,active_fraction,0.0036712808068841696,0.002540923422202468,1.444860816001892,1.444860816001892,32,22
437,5268,specialized_enriched,mean,0.009465379640460014,0.006552975159138441,1.4444400072097778,1.4444400072097778,96,22
438,2537,specialized_enriched,active_fraction,0.0028669447638094425,0.0019848481751978397,1.4444150924682617,1.4444150924682617,43,22
439,14252,specialized_enriched,mean,0.01565280184149742,0.010843507945537567,1.4435182809829712,1.4435182809829712,27,22
440,5916,specialized_enriched,max,0.1273227334022522,0.08824815601110458,1.442780613899231,1.442780613899231,57,22
441,10622,specialized_enriched,mean,0.012576095759868622,0.008724343962967396,1.4414947032928467,1.4414947032928467,41,22
442,3035,specialized_enriched,active_fraction,0.003003160934895277,0.002085553715005517,1.439982533454895,1.439982533454895,30,22
443,12291,specialized_enriched,active_fraction,0.002221871167421341,0.0015440890565514565,1.4389526844024658,1.4389526844024658,68,22
444,5554,specialized_enriched,mean,0.06183112412691116,0.04299487546086311,1.438104510307312,1.438104510307312,76,22
445,1708,specialized_enriched,mean,0.026658810675144196,0.01858917623758316,1.4341039657592773,1.4341039657592773,29,22
446,5441,specialized_enriched,active_fraction,0.0020184696186333895,0.0014075227081775665,1.4340583086013794,1.4340583086013794,29,22
447,10405,specialized_enriched,active_fraction,0.0018087566131725907,0.0012700115330517292,1.4242048263549805,1.4242048263549805,44,22
448,6606,specialized_enriched,mean,0.04492466151714325,0.03158891573548317,1.4221653938293457,1.4221653938293457,136,22
449,7128,specialized_enriched,active_fraction,0.0020297281444072723,0.0014274142449721694,1.4219615459442139,1.4219615459442139,39,22
450,3764,specialized_enriched,mean,0.06052348017692566,0.042570777237415314,1.421714186668396,1.421714186668396,25,22
451,6550,specialized_enriched,max,0.4120028018951416,0.2901509702205658,1.4199601411819458,1.4199601411819458,35,22
452,8363,specialized_enriched,mean,0.02120235376060009,0.014963610097765923,1.416927695274353,1.416927695274353,30,22
453,2783,specialized_enriched,active_fraction,0.005489390343427658,0.003881571814417839,1.4142184257507324,1.4142184257507324,66,22
454,11919,specialized_enriched,mean,0.01937330886721611,0.013705534860491753,1.4135390520095825,1.4135390520095825,97,22
455,7475,specialized_enriched,active_fraction,0.0036797455977648497,0.0026101251132786274,1.4097965955734253,1.4097965955734253,122,22
456,7232,specialized_enriched,mean,0.04867888242006302,0.034537117928266525,1.4094656705856323,1.4094656705856323,196,22
457,5288,specialized_enriched,mean,0.03228028863668442,0.02290855161845684,1.4090933799743652,1.4090933799743652,140,22
458,12278,specialized_enriched,mean,0.058251768350601196,0.041405368596315384,1.406865119934082,1.406865119934082,181,22
459,14146,specialized_enriched,mean,0.037634655833244324,0.02676064893603325,1.4063432216644287,1.4063432216644287,145,22
460,16228,specialized_enriched,active_fraction,0.005378837697207928,0.003827878041192889,1.405174732208252,1.405174732208252,81,22
461,11880,specialized_enriched,active_fraction,0.0047656819224357605,0.003394144820049405,1.404089093208313,1.404089093208313,42,22
462,11154,specialized_enriched,mean,0.04323820397257805,0.030833028256893158,1.4023339748382568,1.4023339748382568,141,22
463,7217,specialized_enriched,active_fraction,0.007664610631763935,0.005482981447130442,1.3978910446166992,1.3978910446166992,153,22
464,7517,specialized_enriched,mean,0.05747126042842865,0.041173454374074936,1.395832896232605,1.395832896232605,131,22
465,4938,specialized_enriched,active_fraction,0.00646103173494339,0.004633139818906784,1.3945255279541016,1.3945255279541016,83,22
466,13337,specialized_enriched,mean,0.0317765474319458,0.02278904616832733,1.3943780660629272,1.3943780660629272,31,22
467,14312,specialized_enriched,active_fraction,0.004359706304967403,0.0031269039027392864,1.394256591796875,1.394256591796875,128,22
468,7275,specialized_enriched,active_fraction,0.0029067154973745346,0.002085023792460561,1.3940922021865845,1.3940922021865845,66,22
469,8054,specialized_enriched,mean,0.015826961025595665,0.01135414931923151,1.393936276435852,1.393936276435852,23,22
470,5994,specialized_enriched,mean,0.04640866443514824,0.033364955335855484,1.3909404277801514,1.3909404277801514,70,22
471,10893,specialized_enriched,mean,0.01806928962469101,0.012991387397050858,1.390866756439209,1.390866756439209,87,22
472,11055,specialized_enriched,active_fraction,0.0035946685820817947,0.0025867505464702845,1.3896464109420776,1.3896464109420776,87,22
473,11232,specialized_enriched,mean,0.02257498726248741,0.016247836872935295,1.38941490650177,1.38941490650177,147,22
474,2672,specialized_enriched,mean,0.025882713496685028,0.018632963299751282,1.3890819549560547,1.3890819549560547,73,22
475,14767,specialized_enriched,active_fraction,0.001194387674331665,0.0008605609182268381,1.3879176378250122,1.3879176378250122,45,22
476,12254,specialized_enriched,mean,0.05832318961620331,0.04218311980366707,1.3826191425323486,1.3826191425323486,126,22
477,8956,specialized_enriched,mean,0.01158061996102333,0.008386860601603985,1.3808051347732544,1.3808051347732544,85,22
478,16205,specialized_enriched,mean,0.02388530969619751,0.017327139154076576,1.3784912824630737,1.3784912824630737,139,22
479,13690,specialized_enriched,active_fraction,0.0030930591747164726,0.002244233153760433,1.3782254457473755,1.3782254457473755,51,22
480,2090,specialized_enriched,mean,0.01634962111711502,0.011865289881825447,1.3779369592666626,1.3779369592666626,76,22
481,15307,specialized_enriched,active_fraction,0.0038854049053043127,0.002821593079715967,1.3770252466201782,1.3770252466201782,128,22
482,11533,specialized_enriched,active_fraction,0.006407712586224079,0.0046628424897789955,1.3742073774337769,1.3742073774337769,107,22
483,210,specialized_enriched,active_fraction,0.014617668464779854,0.010643383488059044,1.3734042644500732,1.3734042644500732,124,22
484,3631,specialized_enriched,mean,0.023876339197158813,0.017413897439837456,1.3711082935333252,1.3711082935333252,64,22
485,14820,specialized_enriched,mean,0.03163283318281174,0.023136988282203674,1.3671975135803223,1.3671975135803223,167,22
486,5042,specialized_enriched,mean,0.02935761772096157,0.021475743502378464,1.367012858390808,1.367012858390808,52,22
487,8861,specialized_enriched,mean,0.038386210799217224,0.028147222474217415,1.3637654781341553,1.3637654781341553,197,22
488,15515,specialized_enriched,mean,0.07774335145950317,0.057079680263996124,1.3620145320892334,1.3620145320892334,54,22
489,9540,specialized_enriched,active_fraction,0.01392857450991869,0.010229811072349548,1.3615671396255493,1.3615671396255493,154,22
490,1993,specialized_enriched,mean,0.031158851459622383,0.022891459986567497,1.3611561059951782,1.3611561059951782,107,22
491,6008,specialized_enriched,active_fraction,0.006013790145516396,0.004446250386536121,1.3525532484054565,1.3525532484054565,90,22
492,12642,specialized_enriched,mean,0.01754230447113514,0.012977290898561478,1.3517693281173706,1.3517693281173706,141,22
493,4127,specialized_enriched,active_fraction,0.007889327593147755,0.005841408856213093,1.3505864143371582,1.3505864143371582,120,22
494,15368,specialized_enriched,active_fraction,0.005665854085236788,0.004200605675578117,1.3488184213638306,1.3488184213638306,97,22
495,14470,specialized_enriched,mean,0.049753062427043915,0.03693804889917374,1.3469326496124268,1.3469326496124268,200,22
496,4149,specialized_enriched,active_fraction,0.0026474674232304096,0.001970080193132162,1.3438373804092407,1.3438373804092407,89,22
497,13186,specialized_enriched,active_fraction,0.005169116426259279,0.0038480416405946016,1.3433109521865845,1.3433109521865845,69,22
498,11013,specialized_enriched,active_fraction,0.003059640061110258,0.0022808678913861513,1.341436743736267,1.341436743736267,42,22
499,524,specialized_enriched,active_fraction,0.0023474316112697124,0.0017502788687124848,1.3411757946014404,1.3411757946014404,23,22
500,5110,specialized_enriched,mean,0.0271260067820549,0.020278939977288246,1.3376442193984985,1.3376442193984985,103,22
501,14935,specialized_enriched,active_fraction,0.005036710295826197,0.003772357013076544,1.33516263961792,1.33516263961792,122,22
502,4220,specialized_enriched,mean,0.03705741837620735,0.027792345732450485,1.3333678245544434,1.3333678245544434,174,22
503,1918,specialized_enriched,mean,0.030842751264572144,0.02319081500172615,1.3299554586410522,1.3299554586410522,84,22
504,8697,specialized_enriched,mean,0.075861357152462,0.05716315656900406,1.3271023035049438,1.3271023035049438,171,22
505,5807,specialized_enriched,active_fraction,0.00852160807698965,0.0064336699433624744,1.3245329856872559,1.3245329856872559,163,22
506,6269,specialized_enriched,mean,0.03181535750627518,0.02407982014119625,1.3212456703186035,1.3212456703186035,107,22
507,2808,specialized_enriched,active_fraction,0.003357756184414029,0.002543647540733218,1.320055603981018,1.320055603981018,41,22
508,7446,specialized_enriched,active_fraction,0.006949962116777897,0.005270118825137615,1.3187487125396729,1.3187487125396729,107,22
509,5088,specialized_enriched,mean,0.015308912843465805,0.01164014171808958,1.3151826858520508,1.3151826858520508,39,22
510,1961,specialized_enriched,active_fraction,0.007379982620477676,0.005620353389531374,1.3130816221237183,1.3130816221237183,140,22
511,3356,specialized_enriched,mean,0.024939915165305138,0.019019009545445442,1.3113151788711548,1.3113151788711548,76,22
512,6105,specialized_enriched,mean,0.030836453661322594,0.023516681045293808,1.3112587928771973,1.3112587928771973,120,22
513,1015,specialized_enriched,mean,0.024520523846149445,0.01872161775827408,1.309743881225586,1.309743881225586,92,22
514,6716,specialized_enriched,active_fraction,0.005060688126832247,0.003864389844238758,1.3095697164535522,1.3095697164535522,85,22
515,16076,specialized_enriched,mean,0.014032271690666676,0.010786358267068863,1.3009276390075684,1.3009276390075684,35,22
516,4022,specialized_enriched,active_fraction,0.006591817829757929,0.005072313826531172,1.2995681762695312,1.2995681762695312,89,22
517,9224,specialized_enriched,mean,0.003937912173569202,0.0030318975914269686,1.2988275289535522,1.2988275289535522,24,22
518,14412,specialized_enriched,mean,0.015420385636389256,0.011914607137441635,1.294242024421692,1.294242024421692,61,22
519,7837,specialized_enriched,active_fraction,0.004468388855457306,0.0034575581084936857,1.2923539876937866,1.2923539876937866,78,22
520,10972,specialized_enriched,mean,0.024407271295785904,0.01889447495341301,1.2917675971984863,1.2917675971984863,127,22
521,2044,specialized_enriched,mean,0.05050915852189064,0.0391104482114315,1.2914491891860962,1.2914491891860962,142,22
522,9961,specialized_enriched,max,0.21526798605918884,0.1669849306344986,1.2891461849212646,1.2891461849212646,47,22
523,6265,specialized_enriched,mean,0.06979303061962128,0.05417844280600548,1.288206696510315,1.288206696510315,131,22
524,12355,specialized_enriched,active_fraction,0.0019052730640396476,0.0014807373518124223,1.2867056131362915,1.2867056131362915,45,22
525,598,specialized_enriched,mean,0.08235563337802887,0.06404120475053787,1.2859787940979004,1.2859787940979004,91,22
526,48,specialized_enriched,active_fraction,0.004890602082014084,0.003812021343037486,1.2829419374465942,1.2829419374465942,208,22
527,7390,specialized_enriched,mean,0.0877227857708931,0.0683886781334877,1.2827092409133911,1.2827092409133911,90,22
528,15430,specialized_enriched,max,0.09268434345722198,0.0725395679473877,1.2777074575424194,1.2777074575424194,33,22
529,1122,specialized_enriched,mean,0.012131430208683014,0.00950187910348177,1.2767400741577148,1.2767400741577148,38,22
530,12588,specialized_enriched,mean,0.03999374061822891,0.03170822933316231,1.2613047361373901,1.2613047361373901,151,22
531,12258,specialized_enriched,mean,0.027348743751645088,0.021729085594415665,1.258623719215393,1.258623719215393,109,22
532,16306,specialized_enriched,active_fraction,0.0013280941639095545,0.0010558667127043009,1.2578237056732178,1.2578237056732178,54,22
533,12454,specialized_enriched,active_fraction,0.0036650090478360653,0.002920242492109537,1.2550358772277832,1.2550358772277832,119,22
534,3239,specialized_enriched,mean,0.034812022000551224,0.02782846987247467,1.2509498596191406,1.2509498596191406,33,22
535,10970,specialized_enriched,active_fraction,0.007258118130266666,0.00582355260848999,1.2463386058807373,1.2463386058807373,176,22
536,9335,specialized_enriched,active_fraction,0.004983910825103521,0.00400970783084631,1.242961049079895,1.242961049079895,43,22
537,6238,specialized_enriched,mean,0.043534111231565475,0.03503228351473808,1.2426855564117432,1.2426855564117432,179,22
538,6892,specialized_enriched,active_fraction,0.002542040077969432,0.002046132693067193,1.2423632144927979,1.2423632144927979,50,22
539,4980,specialized_enriched,active_fraction,0.0038174553774297237,0.0030747130513191223,1.2415647506713867,1.2415647506713867,44,22
540,5410,specialized_enriched,mean,0.015984654426574707,0.012875416316092014,1.2414864301681519,1.2414864301681519,40,22
541,2374,specialized_enriched,active_fraction,0.0032614595256745815,0.0026272062677890062,1.241417407989502,1.241417407989502,151,22
542,268,specialized_enriched,mean,0.007082521449774504,0.005716994404792786,1.2388540506362915,1.2388540506362915,54,22
543,15672,specialized_enriched,mean,0.028485890477895737,0.023001527413725853,1.2384347915649414,1.2384347915649414,133,22
544,13732,specialized_enriched,mean,0.01867630146443844,0.015168711543083191,1.2312384843826294,1.2312384843826294,108,22
545,13475,specialized_enriched,max,0.393568217754364,0.319711297750473,1.2310112714767456,1.2310112714767456,49,22
546,7259,specialized_enriched,active_fraction,0.0018967515788972378,0.001542894751764834,1.2293460369110107,1.2293460369110107,27,22
547,4358,specialized_enriched,active_fraction,0.0020040699746459723,0.0016394613776355982,1.2223953008651733,1.2223953008651733,45,22
548,12697,specialized_enriched,max,0.504287600517273,0.4129912257194519,1.2210613489151,1.2210613489151,163,22
549,3073,specialized_enriched,mean,0.055276114493608475,0.04527571052312851,1.2208778858184814,1.2208778858184814,147,22
550,2358,specialized_enriched,mean,0.015013597905635834,0.01232483983039856,1.2181576490402222,1.2181576490402222,78,22
551,13807,specialized_enriched,active_fraction,0.007491833530366421,0.006160769611597061,1.2160547971725464,1.2160547971725464,81,22
552,1642,specialized_enriched,active_fraction,0.004530397243797779,0.003727102419361472,1.2155280113220215,1.2155280113220215,48,22
553,6816,specialized_enriched,active_fraction,0.004167179577052593,0.0034300137776881456,1.2149162292480469,1.2149162292480469,123,22
554,4390,specialized_enriched,mean,0.027698781341314316,0.022817404940724373,1.2139321565628052,1.2139321565628052,114,22
555,11498,specialized_enriched,mean,0.03304271027445793,0.027255890890955925,1.212314486503601,1.212314486503601,164,22
556,11172,specialized_enriched,max,0.29593563079833984,0.2442384511232376,1.2116668224334717,1.2116668224334717,26,22
557,30,specialized_enriched,active_fraction,0.005252307280898094,0.0043390062637627125,1.2104861736297607,1.2104861736297607,90,22
558,5681,specialized_enriched,mean,0.04233917221426964,0.03503687307238579,1.208417534828186,1.208417534828186,103,22
559,8870,specialized_enriched,active_fraction,0.013927699998021126,0.011527704074978828,1.2081937789916992,1.2081937789916992,164,22
560,8991,specialized_enriched,active_fraction,0.011296340264379978,0.009363153949379921,1.2064673900604248,1.2064673900604248,187,22
561,5632,specialized_enriched,mean,0.024186475202441216,0.020060691982507706,1.2056649923324585,1.2056649923324585,37,22
562,3711,specialized_enriched,active_fraction,0.006422741338610649,0.005330781918019056,1.2048404216766357,1.2048404216766357,195,22
563,13308,specialized_enriched,mean,0.034134361892938614,0.028381476178765297,1.2026985883712769,1.2026985883712769,162,22
564,8988,specialized_enriched,max,0.26608163118362427,0.22179736196994781,1.1996608972549438,1.1996608972549438,55,22
565,2983,specialized_enriched,mean,0.020942308008670807,0.01745922863483429,1.199497938156128,1.199497938156128,100,22
566,7033,specialized_enriched,mean,0.02109907753765583,0.017599251121282578,1.1988621950149536,1.1988621950149536,118,22
567,12273,specialized_enriched,active_fraction,0.0035578825045377016,0.0029739332385361195,1.1963558197021484,1.1963558197021484,60,22
568,5006,specialized_enriched,active_fraction,0.0039382511749863625,0.0032977410592138767,1.1942269802093506,1.1942269802093506,69,22
569,14382,specialized_enriched,active_fraction,0.00548949372023344,0.004609275609254837,1.1909667253494263,1.1909667253494263,81,22
570,15397,specialized_enriched,active_fraction,0.0030986019410192966,0.0026080349925905466,1.1880983114242554,1.1880983114242554,63,22
571,7594,specialized_enriched,active_fraction,0.006665166467428207,0.00561178382486105,1.187709093093872,1.187709093093872,108,22
572,16093,specialized_enriched,mean,0.037309158593416214,0.03166193142533302,1.178360104560852,1.178360104560852,122,22
573,4191,specialized_enriched,mean,0.010461081750690937,0.008906781673431396,1.17450749874115,1.17450749874115,40,22
574,1484,specialized_enriched,mean,0.017000598832964897,0.014506378211081028,1.1719396114349365,1.1719396114349365,134,22
575,9972,specialized_enriched,mean,0.02351556345820427,0.020081285387277603,1.1710188388824463,1.1710188388824463,48,22
576,6900,specialized_enriched,max,0.3345218300819397,0.2863851487636566,1.168083667755127,1.168083667755127,52,22
577,6065,specialized_enriched,active_fraction,0.004660950042307377,0.00399608863517642,1.1663780212402344,1.1663780212402344,53,22
578,6440,specialized_enriched,active_fraction,0.009188185445964336,0.007896624505519867,1.1635586023330688,1.1635586023330688,161,22
579,16319,specialized_enriched,active_fraction,0.007609166204929352,0.006546378135681152,1.162347435951233,1.162347435951233,186,22
580,15029,specialized_enriched,max,0.2716587781906128,0.2339686006307602,1.1610907316207886,1.1610907316207886,48,22
581,8878,specialized_enriched,mean,0.017120644450187683,0.014752304181456566,1.1605403423309326,1.1605403423309326,75,22
582,13789,specialized_enriched,active_fraction,0.002767675556242466,0.002386001870036125,1.1599637269973755,1.1599637269973755,87,22
583,5247,specialized_enriched,active_fraction,0.002257497515529394,0.0019465395016595721,1.159749150276184,1.159749150276184,56,22
584,7341,specialized_enriched,active_fraction,0.001591189531609416,0.0013746239710599184,1.1575453281402588,1.1575453281402588,29,22
585,10401,specialized_enriched,mean,0.021294986829161644,0.018406419083476067,1.1569325923919678,1.1569325923919678,54,22
586,2167,specialized_enriched,mean,0.059470441192388535,0.051426392048597336,1.1564186811447144,1.1564186811447144,83,22
587,5304,specialized_enriched,mean,0.031532127410173416,0.027288226410746574,1.155521273612976,1.155521273612976,52,22
588,5809,specialized_enriched,active_fraction,0.0023209776263684034,0.0020100069232285023,1.1547112464904785,1.1547112464904785,54,22
589,6335,specialized_enriched,active_fraction,0.002382430015131831,0.002067013643682003,1.1525951623916626,1.1525951623916626,32,22
590,6987,specialized_enriched,active_fraction,0.007508998736739159,0.006516110617667437,1.1523743867874146,1.1523743867874146,174,22
591,2077,specialized_enriched,mean,0.018245700746774673,0.015873992815613747,1.1494084596633911,1.1494084596633911,59,22
592,895,specialized_enriched,active_fraction,0.004649638198316097,0.004045916721224785,1.1492174863815308,1.1492174863815308,59,22
593,1047,specialized_enriched,active_fraction,0.0024092586245387793,0.002104132203385234,1.1450129747390747,1.1450129747390747,30,22
594,404,specialized_enriched,active_fraction,0.002449129708111286,0.0021454477682709694,1.1415470838546753,1.1415470838546753,42,22
595,10034,specialized_enriched,active_fraction,0.0019205998396500945,0.0016828776570037007,1.1412593126296997,1.1412593126296997,24,22
596,15070,specialized_enriched,active_fraction,0.005217893980443478,0.004598342813551426,1.1347335577011108,1.1347335577011108,156,22
597,15778,specialized_enriched,active_fraction,0.00481465645134449,0.0042478605173528194,1.1334309577941895,1.1334309577941895,164,22
598,8315,specialized_enriched,mean,0.04289185255765915,0.037850335240364075,1.1331961154937744,1.1331961154937744,89,22
599,10688,specialized_enriched,active_fraction,0.0017937636002898216,0.0015863287262618542,1.130764126777649,1.130764126777649,59,22
600,3624,specialized_enriched,mean,0.01962367445230484,0.0173785462975502,1.1291896104812622,1.1291896104812622,75,22
601,13982,specialized_enriched,active_fraction,0.0036652807611972094,0.0032472359016537666,1.1287386417388916,1.1287386417388916,167,22
602,11703,specialized_enriched,mean,0.019873805344104767,0.017615271732211113,1.1282144784927368,1.1282144784927368,67,22
603,5875,specialized_enriched,active_fraction,0.005878462456166744,0.005212290212512016,1.1278079748153687,1.1278079748153687,118,22
604,2970,specialized_enriched,active_fraction,0.006092926487326622,0.005406581796705723,1.1269460916519165,1.1269460916519165,137,22
605,6603,specialized_enriched,active_fraction,0.003696490777656436,0.0032863386441022158,1.124805212020874,1.124805212020874,63,22
606,2154,specialized_enriched,mean,0.027352679520845413,0.024323830381035805,1.1245218515396118,1.1245218515396118,124,22
607,13453,specialized_enriched,mean,0.01545514352619648,0.013759571127593517,1.1232285499572754,1.1232285499572754,44,22
608,753,specialized_enriched,mean,0.023885583505034447,0.021283026784658432,1.1222832202911377,1.1222832202911377,174,22
609,6353,specialized_enriched,mean,0.049379073083400726,0.04404659569263458,1.1210644245147705,1.1210644245147705,130,22
610,5665,specialized_enriched,mean,0.03955575451254845,0.03540770709514618,1.1171510219573975,1.1171510219573975,97,22
611,685,specialized_enriched,mean,0.033345550298690796,0.02987075224518776,1.1163277626037598,1.1163277626037598,188,22
612,8033,specialized_enriched,active_fraction,0.0033396752551198006,0.003008917672559619,1.1099257469177246,1.1099257469177246,71,22
613,12474,specialized_enriched,active_fraction,0.003458738327026367,0.003118222113698721,1.1092020273208618,1.1092020273208618,38,22
614,8722,specialized_enriched,active_fraction,0.00802437961101532,0.007240184582769871,1.108311414718628,1.108311414718628,184,22
615,5303,specialized_enriched,mean,0.011934665963053703,0.010787148028612137,1.106378197669983,1.106378197669983,117,22
616,14307,specialized_enriched,active_fraction,0.0017879351507872343,0.0016201483085751534,1.103562593460083,1.103562593460083,45,22
617,4832,specialized_enriched,mean,0.029831010848283768,0.02706316113471985,1.10227370262146,1.10227370262146,110,22
618,11836,specialized_enriched,active_fraction,0.0047291056253015995,0.004309496842324734,1.0973683595657349,1.0973683595657349,56,22
619,9434,specialized_enriched,active_fraction,0.002163330325856805,0.0019722480792552233,1.0968855619430542,1.0968855619430542,41,22
620,12369,specialized_enriched,mean,0.013080809265375137,0.011933601461350918,1.096132516860962,1.096132516860962,60,22
621,217,specialized_enriched,mean,0.036494698375463486,0.03329753875732422,1.096017837524414,1.096017837524414,112,22
622,1058,specialized_enriched,mean,0.04113007336854935,0.03755197301506996,1.0952839851379395,1.0952839851379395,51,22
623,12967,specialized_enriched,mean,0.03326667845249176,0.03044082038104534,1.0928312540054321,1.0928312540054321,49,22
624,11595,specialized_enriched,active_fraction,0.0014841232914477587,0.0013662518467754126,1.0862735509872437,1.0862735509872437,33,22
625,10955,specialized_enriched,mean,0.015988079831004143,0.014750565402209759,1.0838960409164429,1.0838960409164429,31,22
626,12285,specialized_enriched,mean,0.011685766279697418,0.010807754471898079,1.081239104270935,1.081239104270935,52,22
627,1393,specialized_enriched,mean,0.0061425333842635155,0.005687949247658253,1.0799205303192139,1.0799205303192139,31,22
628,8294,specialized_enriched,active_fraction,0.0019624473061412573,0.0018193968571722507,1.078625202178955,1.078625202178955,50,22
629,9736,specialized_enriched,active_fraction,0.003938447684049606,0.00365318707190454,1.0780854225158691,1.0780854225158691,154,22
630,9494,specialized_enriched,active_fraction,0.0016965273534879088,0.0015746579738333821,1.0773942470550537,1.0773942470550537,58,22
631,8289,specialized_enriched,mean,0.04014616459608078,0.03744387999176979,1.0721689462661743,1.0721689462661743,141,22
632,12820,specialized_enriched,mean,0.04776652529835701,0.04458027705550194,1.07147216796875,1.07147216796875,79,22
633,13604,specialized_enriched,mean,0.022010721266269684,0.020566483959555626,1.0702228546142578,1.0702228546142578,130,22
634,3714,specialized_enriched,mean,0.03351384401321411,0.0313563346862793,1.0688061714172363,1.0688061714172363,72,22
635,1558,specialized_enriched,active_fraction,0.011549915187060833,0.010825016535818577,1.066965103149414,1.066965103149414,105,22
636,14009,specialized_enriched,mean,0.0202323067933321,0.018970107659697533,1.0665361881256104,1.0665361881256104,76,22
637,11076,specialized_enriched,active_fraction,0.003557833144441247,0.003340725786983967,1.064988136291504,1.064988136291504,69,22
638,5835,specialized_enriched,mean,0.03598981350660324,0.03383684903383255,1.06362783908844,1.06362783908844,102,22
639,6400,specialized_enriched,active_fraction,0.0021607251837849617,0.0020408781711012125,1.0587232112884521,1.0587232112884521,45,22
640,13981,specialized_enriched,mean,0.017552034929394722,0.016579190269112587,1.0586786270141602,1.0586786270141602,170,22
641,13042,specialized_enriched,mean,0.010087459348142147,0.009556598961353302,1.055549144744873,1.055549144744873,115,22
642,8894,specialized_enriched,mean,0.0156695656478405,0.014873476698994637,1.0535240173339844,1.0535240173339844,63,22
643,8427,specialized_enriched,max,0.1687382012605667,0.16042333841323853,1.051830768585205,1.051830768585205,42,22
644,8318,specialized_enriched,active_fraction,0.0020238980650901794,0.0019268359756097198,1.0503737926483154,1.0503737926483154,61,22
645,12732,specialized_enriched,active_fraction,0.001897003734484315,0.0018084454350173473,1.0489692687988281,1.0489692687988281,25,22
646,15218,specialized_enriched,mean,0.05305757746100426,0.05059504881501198,1.0486713647842407,1.0486713647842407,88,22
647,10714,specialized_enriched,active_fraction,0.0041681150905787945,0.00397534528747201,1.048491358757019,1.048491358757019,113,22
648,12077,specialized_enriched,max,0.1301363706588745,0.12435483187437057,1.0464922189712524,1.0464922189712524,65,22
649,6906,specialized_enriched,mean,0.01912543922662735,0.018317634239792824,1.0440998077392578,1.0440998077392578,106,22
650,14804,specialized_enriched,mean,0.02317211590707302,0.022227060049772263,1.0425182580947876,1.0425182580947876,80,22
651,15498,specialized_enriched,mean,0.013405969366431236,0.012943255715072155,1.0357494354248047,1.0357494354248047,71,22
652,9609,specialized_enriched,mean,0.025952838361263275,0.02509457990527153,1.03420090675354,1.03420090675354,128,22
653,12050,specialized_enriched,active_fraction,0.0041806441731750965,0.0040452927350997925,1.033458948135376,1.033458948135376,72,22
654,13688,specialized_enriched,active_fraction,0.0017694106791168451,0.001712837372906506,1.0330289602279663,1.0330289602279663,34,22
655,6708,specialized_enriched,max,0.7252262830734253,0.7023654580116272,1.0325483083724976,1.0325483083724976,46,22
656,1939,specialized_enriched,mean,0.006790539249777794,0.006587697193026543,1.0307910442352295,1.0307910442352295,85,22
657,4385,specialized_enriched,mean,0.012574567459523678,0.012209458276629448,1.029903769493103,1.029903769493103,51,22
658,11681,specialized_enriched,active_fraction,0.0030095037072896957,0.002922684419900179,1.029705286026001,1.029705286026001,51,22
659,12170,specialized_enriched,active_fraction,0.0036864220164716244,0.0035877758637070656,1.02749502658844,1.02749502658844,70,22
660,10931,specialized_enriched,active_fraction,0.005017326679080725,0.004883084446191788,1.0274913311004639,1.0274913311004639,131,22
661,7134,specialized_enriched,mean,0.01065272931009531,0.01038546022027731,1.0257349014282227,1.0257349014282227,32,22
662,1591,specialized_enriched,active_fraction,0.004107379354536533,0.004012808203697205,1.0235673189163208,1.0235673189163208,151,22
663,10959,specialized_enriched,mean,0.025041896849870682,0.024474339559674263,1.023189902305603,1.023189902305603,170,22
664,9257,specialized_enriched,mean,0.011360511183738708,0.011141607537865639,1.0196473598480225,1.0196473598480225,89,22
665,6419,specialized_enriched,mean,0.013724273070693016,0.0134612200781703,1.0195415019989014,1.0195415019989014,143,22
666,14659,specialized_enriched,active_fraction,0.0019161857198923826,0.001880225376226008,1.0191255807876587,1.0191255807876587,33,22
667,8467,specialized_enriched,active_fraction,0.002678319113329053,0.002634854754433036,1.016495943069458,1.016495943069458,66,22
668,11508,specialized_enriched,mean,0.039147019386291504,0.03864414989948273,1.0130127668380737,1.0130127668380737,94,22
669,1299,specialized_enriched,active_fraction,0.002254682593047619,0.0022348803468048573,1.0088605880737305,1.0088605880737305,39,22
670,16274,specialized_enriched,mean,0.013568506576120853,0.01345285214483738,1.0085970163345337,1.0085970163345337,84,22
671,5090,specialized_enriched,active_fraction,0.00569956237450242,0.005656674038618803,1.0075819492340088,1.0075819492340088,90,22
672,10663,specialized_enriched,max,0.48813390731811523,0.4858425259590149,1.0047162771224976,1.0047162771224976,155,22
673,8600,specialized_enriched,active_fraction,0.005254831165075302,0.0052486807107925415,1.0011718273162842,1.0011718273162842,51,22
674,9346,specialized_enriched,mean,0.010416507720947266,0.010416475124657154,1.0000030994415283,1.0000030994415283,120,22
675,15137,specialized_enriched,active_fraction,0.004682545550167561,0.004696602001786232,0.9970071315765381,0.9970071315765381,99,22
676,1428,specialized_enriched,mean,0.02901490032672882,0.02910948172211647,0.9967508316040039,0.9967508316040039,88,22
677,8379,specialized_enriched,max,0.5073130130767822,0.5107882618904114,0.9931963086128235,0.9931963086128235,45,22
678,12126,specialized_enriched,mean,0.045068640261888504,0.045385830104351044,0.9930112361907959,0.9930112361907959,123,22
679,2798,specialized_enriched,mean,0.013528268784284592,0.013625060208141804,0.9928960800170898,0.9928960800170898,45,22
680,16383,specialized_enriched,mean,0.037667419761419296,0.03793938085436821,0.9928317070007324,0.9928317070007324,100,22
681,6089,specialized_enriched,mean,0.03438318520784378,0.0346776619553566,0.9915081858634949,0.9915081858634949,61,22
682,5880,specialized_enriched,active_fraction,0.002139679156243801,0.0021620856132358313,0.9896366596221924,0.9896366596221924,59,22
683,3352,specialized_enriched,mean,0.02189909666776657,0.022132083773612976,0.9894728660583496,0.9894728660583496,29,22
684,5126,specialized_enriched,mean,0.011757971718907356,0.011889145709574223,0.9889668822288513,0.9889668822288513,39,22
685,2736,specialized_enriched,active_fraction,0.0017346504610031843,0.0017556995153427124,0.9880110025405884,0.9880110025405884,49,22
686,2085,specialized_enriched,active_fraction,0.0040222154930233955,0.004071663599461317,0.9878555536270142,0.9878555536270142,124,22
687,11918,specialized_enriched,active_fraction,0.002360038459300995,0.002394351176917553,0.9856693148612976,0.9856693148612976,69,22
688,11419,specialized_enriched,active_fraction,0.0016177643556147814,0.0016509502893313766,0.9798988699913025,0.9798988699913025,45,22
689,5963,specialized_enriched,mean,0.013258292339742184,0.013530653901398182,0.9798707962036133,0.9798707962036133,68,22
690,16340,specialized_enriched,max,0.21634963154792786,0.22102102637290955,0.9788644909858704,0.9788644909858704,29,22
691,8998,specialized_enriched,active_fraction,0.006233178544789553,0.006384371314197779,0.9763182997703552,0.9763182997703552,180,22
692,3720,specialized_enriched,mean,0.019847115501761436,0.020363593474030495,0.9746372103691101,0.9746372103691101,73,22
693,9012,specialized_enriched,active_fraction,0.001658606342971325,0.0017017844365909696,0.9746277332305908,0.9746277332305908,46,22
694,2877,specialized_enriched,active_fraction,0.0020342685747891665,0.0020877302158623934,0.9743924736976624,0.9743924736976624,22,22
695,9233,specialized_enriched,mean,0.024373682215809822,0.02505556493997574,0.9727851748466492,0.9727851748466492,102,22
696,11866,specialized_enriched,max,0.16835486888885498,0.17433659732341766,0.9656886458396912,0.9656886458396912,40,22
697,2220,specialized_enriched,mean,0.011197206564247608,0.011609088629484177,0.9645207524299622,0.9645207524299622,149,22
698,3537,specialized_enriched,mean,0.05312424153089523,0.0552130825817585,0.9621676206588745,0.9621676206588745,141,22
699,6785,specialized_enriched,active_fraction,0.004014299251139164,0.004210790619254112,0.953336238861084,0.953336238861084,98,22
700,7408,specialized_enriched,mean,0.007477134931832552,0.007851973176002502,0.9522619247436523,0.9522619247436523,121,22
701,6334,specialized_enriched,mean,0.02021591179072857,0.021280936896800995,0.9499540328979492,0.9499540328979492,73,22
702,6281,specialized_enriched,max,0.23017571866512299,0.24235926568508148,0.9497293829917908,0.9497293829917908,26,22
703,7001,specialized_enriched,active_fraction,0.0017498137895017862,0.0018425917951390147,0.9496480822563171,0.9496480822563171,49,22
704,433,specialized_enriched,mean,0.04926171898841858,0.05188298225402832,0.9494773745536804,0.9494773745536804,108,22
705,6602,specialized_enriched,mean,0.0063840970396995544,0.006727345287799835,0.9489771723747253,0.9489771723747253,55,22
706,4438,specialized_enriched,mean,0.011683952063322067,0.012332475744187832,0.9474133253097534,0.9474133253097534,68,22
707,11108,specialized_enriched,mean,0.0168741624802351,0.017829710617661476,0.9464069604873657,0.9464069604873657,158,22
708,1195,specialized_enriched,active_fraction,0.0018554350826889277,0.001961591886356473,0.9458823204040527,0.9458823204040527,82,22
709,14080,specialized_enriched,active_fraction,0.0006687096902169287,0.0007073309388943017,0.9453986287117004,0.9453986287117004,26,22
710,8312,specialized_enriched,active_fraction,0.0018783139530569315,0.002004961483180523,0.9368329644203186,0.9368329644203186,23,22
711,8237,specialized_enriched,active_fraction,0.0011290599359199405,0.001206045038998127,0.936167299747467,0.936167299747467,28,22
712,13780,specialized_enriched,active_fraction,0.004233437590301037,0.004531427752226591,0.9342392086982727,0.9342392086982727,75,22
713,5096,specialized_enriched,active_fraction,0.0022793167736381292,0.002446067053824663,0.9318292140960693,0.9318292140960693,89,22
714,12965,specialized_enriched,active_fraction,0.0010835160501301289,0.0011639309814199805,0.9309108853340149,0.9309108853340149,31,22
715,7853,specialized_enriched,mean,0.012797597795724869,0.013834037818014622,0.925080418586731,0.925080418586731,173,22
716,3410,specialized_enriched,mean,0.016799556091427803,0.018168630078434944,0.924646258354187,0.924646258354187,111,22
717,3961,specialized_enriched,mean,0.025596121326088905,0.027729704976081848,0.9230578541755676,0.9230578541755676,106,22
718,13660,specialized_enriched,mean,0.018464844673871994,0.02006138674914837,0.9204171895980835,0.9204171895980835,98,22
719,12524,specialized_enriched,active_fraction,0.003614520188421011,0.003928737714886665,0.9200207591056824,0.9200207591056824,155,22
720,9354,specialized_enriched,max,0.7703660130500793,0.8377118110656738,0.9196074604988098,0.9196074604988098,85,22
721,1616,specialized_enriched,active_fraction,0.0020350597333163023,0.002217622706666589,0.9176762700080872,0.9176762700080872,55,22
722,842,specialized_enriched,active_fraction,0.00396543275564909,0.0043343142606318,0.9148927927017212,0.9148927927017212,95,22
723,525,specialized_enriched,mean,0.025123193860054016,0.027506552636623383,0.9133530259132385,0.9133530259132385,92,22
724,11010,specialized_enriched,active_fraction,0.0036760102957487106,0.004026621580123901,0.9129266738891602,0.9129266738891602,88,22
725,5818,specialized_enriched,active_fraction,0.0014709238894283772,0.0016125916736200452,0.9121490120887756,0.9121490120887756,30,22
726,8853,specialized_enriched,active_fraction,0.00352812884375453,0.0038851257413625717,0.9081118702888489,0.9081118702888489,88,22
727,2861,specialized_enriched,mean,0.0293146762996912,0.03233819827437401,0.9065030813217163,0.9065030813217163,120,22
728,11035,specialized_enriched,mean,0.024922773241996765,0.02753005549311638,0.9052932262420654,0.9052932262420654,93,22
729,14095,specialized_enriched,mean,0.020514968782663345,0.022689834237098694,0.9041480422019958,0.9041480422019958,32,22
730,1017,specialized_enriched,max,0.27610543370246887,0.3054921329021454,0.9038053750991821,0.9038053750991821,64,22
731,2901,specialized_enriched,active_fraction,0.003072901628911495,0.003407346550375223,0.9018459320068359,0.9018459320068359,200,22
732,6130,specialized_enriched,active_fraction,0.0037230616435408592,0.004128619097173214,0.90176922082901,0.90176922082901,159,22
733,4351,specialized_enriched,active_fraction,0.0024940497241914272,0.0027705568354576826,0.9001979827880859,0.9001979827880859,177,22
734,1853,specialized_enriched,mean,0.01588902436196804,0.01769701950252056,0.8978362083435059,0.8978362083435059,188,22
735,9206,specialized_enriched,mean,0.016265038400888443,0.018145909532904625,0.8963474035263062,0.8963474035263062,76,22
736,7644,specialized_enriched,active_fraction,0.0029207488987594843,0.003263056045398116,0.8950961232185364,0.8950961232185364,39,22
737,886,specialized_enriched,mean,0.019158149138092995,0.02143949456512928,0.8935914635658264,0.8935914635658264,51,22
738,3384,specialized_enriched,active_fraction,0.001203192863613367,0.0013513249577954412,0.8903800845146179,0.8903800845146179,23,22
739,1586,specialized_enriched,mean,0.01893286034464836,0.02131246216595173,0.8883469104766846,0.8883469104766846,59,22
740,14225,specialized_enriched,mean,0.004651015158742666,0.005255501717329025,0.8849802613258362,0.8849802613258362,27,22
741,7027,specialized_enriched,mean,0.0065597910434007645,0.007441495545208454,0.8815151453018188,0.8815151453018188,25,22
742,7415,specialized_enriched,mean,0.016410956159234047,0.01875913515686989,0.8748247623443604,0.8748247623443604,91,22
743,16263,specialized_enriched,mean,0.013402430340647697,0.015380577184259892,0.871386706829071,0.871386706829071,45,22
744,12891,specialized_enriched,mean,0.007026937790215015,0.008075271733105183,0.8701797127723694,0.8701797127723694,76,22
745,7635,specialized_enriched,mean,0.003531308379024267,0.004062220919877291,0.8693048357963562,0.8693048357963562,27,22
746,6691,specialized_enriched,mean,0.028875652700662613,0.033455416560173035,0.8631084561347961,0.8631084561347961,61,22
747,1189,specialized_enriched,mean,0.00770934484899044,0.008982003666460514,0.8583101630210876,0.8583101630210876,66,22
748,7795,specialized_enriched,active_fraction,0.0026705616619437933,0.0031189804431051016,0.8562290668487549,0.8562290668487549,44,22
749,10306,specialized_enriched,max,0.42125940322875977,0.492763876914978,0.8548910021781921,0.8548910021781921,92,22
750,3778,specialized_enriched,active_fraction,0.0030245326925069094,0.0035454840399324894,0.8530662059783936,0.8530662059783936,48,22
751,1872,specialized_enriched,mean,0.008594512939453125,0.010092133656144142,0.8516051173210144,0.8516051173210144,48,22
752,3646,specialized_enriched,active_fraction,0.0068020569160580635,0.008014271967113018,0.8487429618835449,0.8487429618835449,98,22
753,11897,specialized_enriched,mean,0.020021427422761917,0.023629656061530113,0.8473008275032043,0.8473008275032043,67,22
754,591,specialized_enriched,mean,0.015017787925899029,0.01775324158370495,0.8459180593490601,0.8459180593490601,25,22
755,3222,specialized_enriched,max,0.06307351589202881,0.07458294183015823,0.8456828594207764,0.8456828594207764,37,22
756,5882,specialized_enriched,active_fraction,0.0035427927505224943,0.004200203809887171,0.8434811234474182,0.8434811234474182,57,22
757,10684,specialized_enriched,mean,0.0052450867369771,0.00622214563190937,0.8429707288742065,0.8429707288742065,35,22
758,7914,specialized_enriched,active_fraction,0.004087784327566624,0.004852799698710442,0.8423558473587036,0.8423558473587036,171,22
759,15093,specialized_enriched,active_fraction,0.0017278895247727633,0.0020662974566221237,0.8362249732017517,0.8362249732017517,22,22
760,8584,specialized_enriched,active_fraction,0.0010430566035211086,0.0012477069394662976,0.8359788656234741,0.8359788656234741,30,22
761,5763,specialized_enriched,mean,0.017347166314721107,0.02075166441500187,0.835940957069397,0.835940957069397,34,22
762,7786,specialized_enriched,active_fraction,0.0016932651633396745,0.002026323927566409,0.8356339931488037,0.8356339931488037,47,22
763,14750,specialized_enriched,active_fraction,0.0019059594487771392,0.002281655091792345,0.8353407382965088,0.8353407382965088,38,22
764,4934,specialized_enriched,mean,0.0035953568294644356,0.004317799117416143,0.832682728767395,0.832682728767395,26,22
765,15107,specialized_enriched,mean,0.02854662761092186,0.034285277128219604,0.8326205611228943,0.8326205611228943,147,22
766,8855,specialized_enriched,active_fraction,0.0021022481378167868,0.0025266774464398623,0.8320207595825195,0.8320207595825195,75,22
767,13743,specialized_enriched,active_fraction,0.001147919218055904,0.0013860122999176383,0.8282172083854675,0.8282172083854675,32,22
768,11270,specialized_enriched,mean,0.01014239527285099,0.012258321046829224,0.8273886442184448,0.8273886442184448,74,22
769,6711,specialized_enriched,mean,0.01369464211165905,0.016584765166044235,0.8257362842559814,0.8257362842559814,143,22
770,11481,specialized_enriched,max,0.36005765199661255,0.4360986053943634,0.8256335854530334,0.8256335854530334,92,22
771,2964,specialized_enriched,active_fraction,0.002737815957516432,0.0033249936532229185,0.823404848575592,0.823404848575592,40,22
772,10212,specialized_enriched,mean,0.03198462724685669,0.03897504881024361,0.8206436634063721,0.8206436634063721,73,22
773,6225,specialized_enriched,mean,0.004874635487794876,0.005960707552731037,0.8177947998046875,0.8177947998046875,24,22
774,6827,specialized_enriched,mean,0.01814230903983116,0.02222958393394947,0.8161335587501526,0.8161335587501526,123,22
775,10297,specialized_enriched,active_fraction,0.001038718270137906,0.0012739620869979262,0.8153447508811951,0.8153447508811951,24,22
776,3446,specialized_enriched,mean,0.013715488836169243,0.016895776614546776,0.8117702603340149,0.8117702603340149,60,22
777,287,specialized_enriched,active_fraction,0.0037129796110093594,0.004590993281453848,0.8087530136108398,0.8087530136108398,142,22
778,7883,specialized_enriched,mean,0.012188935652375221,0.015108906663954258,0.8067384362220764,0.8067384362220764,28,22
779,8139,specialized_enriched,active_fraction,0.0028859025333076715,0.0035813082940876484,0.805823564529419,0.805823564529419,87,22
780,15175,specialized_enriched,mean,0.01718563586473465,0.021339531987905502,0.8053426742553711,0.8053426742553711,62,22
781,5682,specialized_enriched,mean,0.011283740401268005,0.014077932573854923,0.8015196919441223,0.8015196919441223,92,22
782,10376,specialized_enriched,mean,0.016736283898353577,0.020895887166261673,0.800936758518219,0.800936758518219,70,22
783,14688,specialized_enriched,active_fraction,0.0008586898911744356,0.0010730124777182937,0.8002608418464661,0.8002608418464661,25,22
784,6168,specialized_enriched,mean,0.01702165976166725,0.02127746306359768,0.799985408782959,0.799985408782959,71,22
785,10065,specialized_enriched,mean,0.01606159284710884,0.02019113302230835,0.795477569103241,0.795477569103241,163,22
786,491,specialized_enriched,mean,0.01431221142411232,0.018012050539255142,0.7945908904075623,0.7945908904075623,94,22
787,16074,specialized_enriched,max,0.2506934702396393,0.31559187173843384,0.7943597435951233,0.7943597435951233,58,22
788,363,specialized_enriched,mean,0.00499705271795392,0.0062914383597671986,0.7942623496055603,0.7942623496055603,45,22
789,15015,specialized_enriched,mean,0.006014198064804077,0.007595882285386324,0.7917708158493042,0.7917708158493042,56,22
790,6867,specialized_enriched,active_fraction,0.002049908973276615,0.0025899282190948725,0.7914925813674927,0.7914925813674927,47,22
791,15166,specialized_enriched,mean,0.023318348452448845,0.0296013243496418,0.787746787071228,0.787746787071228,103,22
792,325,specialized_enriched,max,0.07286819070577621,0.09278497099876404,0.7853447794914246,0.7853447794914246,28,22
793,1311,specialized_enriched,active_fraction,0.000992624438367784,0.0012648398987948895,0.7847826480865479,0.7847826480865479,32,22
794,2331,specialized_enriched,active_fraction,0.0017891564639285207,0.002280491404235363,0.7845486402511597,0.7845486402511597,43,22
795,9745,specialized_enriched,active_fraction,0.0026294896379113197,0.003351982217282057,0.7844581007957458,0.7844581007957458,64,22
796,14904,specialized_enriched,active_fraction,0.0027393484488129616,0.0034987330436706543,0.7829543948173523,0.7829543948173523,85,22
797,15877,specialized_enriched,active_fraction,0.0034053679555654526,0.004371461924165487,0.7789998054504395,0.7789998054504395,111,22
798,6015,specialized_enriched,mean,0.019207928329706192,0.024735962972044945,0.7765183448791504,0.7765183448791504,76,22
799,15049,specialized_enriched,active_fraction,0.0021602001506835222,0.002784931333735585,0.7756744623184204,0.7756744623184204,63,22
800,1441,specialized_enriched,mean,0.010302089154720306,0.013316112570464611,0.773655891418457,0.773655891418457,59,22
801,3071,specialized_enriched,mean,0.02174968644976616,0.02817525528371334,0.7719428539276123,0.7719428539276123,154,22
802,505,specialized_enriched,active_fraction,0.001896804547868669,0.002465525409206748,0.7693307399749756,0.7693307399749756,87,22
803,5152,specialized_enriched,active_fraction,0.004276781342923641,0.005573288071900606,0.7673712968826294,0.7673712968826294,114,22
804,12994,specialized_enriched,mean,0.01811426319181919,0.02368069998919964,0.7649378180503845,0.7649378180503845,111,22
805,14128,specialized_enriched,mean,0.01952434331178665,0.025791820138692856,0.7569975256919861,0.7569975256919861,33,22
806,14812,specialized_enriched,mean,0.015659984201192856,0.02069539576768875,0.7566893100738525,0.7566893100738525,69,22
807,7855,specialized_enriched,active_fraction,0.0027864789590239525,0.003699548775330186,0.753194272518158,0.753194272518158,56,22
808,39,specialized_enriched,mean,0.009769347496330738,0.013007616624236107,0.75104820728302,0.75104820728302,77,22
809,14350,specialized_enriched,mean,0.011027533560991287,0.014754732139408588,0.7473896145820618,0.7473896145820618,47,22
810,11765,specialized_enriched,mean,0.011674086563289165,0.01562630385160446,0.7470791935920715,0.7470791935920715,84,22
811,15434,specialized_enriched,mean,0.017026260495185852,0.022822581231594086,0.7460269331932068,0.7460269331932068,102,22
812,9940,specialized_enriched,active_fraction,0.003821279387921095,0.0051267691887915134,0.7453581690788269,0.7453581690788269,175,22
813,11312,specialized_enriched,mean,0.009606672450900078,0.012930503115057945,0.7429465055465698,0.7429465055465698,136,22
814,2176,specialized_enriched,max,0.05985620617866516,0.08072666823863983,0.7414675951004028,0.7414675951004028,29,22
815,15089,specialized_enriched,mean,0.0042796325869858265,0.005773636512458324,0.7412369251251221,0.7412369251251221,30,22
816,3234,specialized_enriched,mean,0.005231029819697142,0.007069699466228485,0.7399225234985352,0.7399225234985352,35,22
817,9984,specialized_enriched,mean,0.015392056666314602,0.02084420807659626,0.7384332418441772,0.7384332418441772,29,22
818,12541,specialized_enriched,active_fraction,0.0025841249153017998,0.003505568951368332,0.7371485233306885,0.7371485233306885,57,22
819,7338,specialized_enriched,active_fraction,0.003277456620708108,0.004454418085515499,0.7357766032218933,0.7357766032218933,120,22
820,10399,specialized_enriched,mean,0.011784723028540611,0.016038261353969574,0.7347880601882935,0.7347880601882935,50,22
821,2111,specialized_enriched,mean,0.008095644414424896,0.011131894774734974,0.7272476553916931,0.7272476553916931,74,22
822,5500,specialized_enriched,max,0.565768837928772,0.7788021564483643,0.7264602780342102,0.7264602780342102,76,22
823,11432,specialized_enriched,max,0.2730928659439087,0.37598177790641785,0.7263460159301758,0.7263460159301758,70,22
824,8415,specialized_enriched,mean,0.005135439336299896,0.007113967090845108,0.7218812108039856,0.7218812108039856,86,22
825,13225,specialized_enriched,mean,0.004951373673975468,0.0068824198096990585,0.7194233536720276,0.7194233536720276,41,22
826,4843,specialized_enriched,mean,0.012272251769900322,0.01710302196443081,0.7175487279891968,0.7175487279891968,55,22
827,15845,specialized_enriched,mean,0.019461531192064285,0.027275793254375458,0.7135092616081238,0.7135092616081238,101,22
828,15696,specialized_enriched,mean,0.010040681809186935,0.014080937951803207,0.7130690813064575,0.7130690813064575,46,22
829,9750,specialized_enriched,active_fraction,0.001345836091786623,0.0018928787903860211,0.710999608039856,0.710999608039856,33,22
830,7590,specialized_enriched,active_fraction,0.0018097891006618738,0.0025710551999509335,0.7039090991020203,0.7039090991020203,47,22
831,9040,specialized_enriched,max,0.09969183057546616,0.14237862825393677,0.700188159942627,0.700188159942627,75,22
832,13487,specialized_enriched,mean,0.02219799906015396,0.03188242390751839,0.6962456703186035,0.6962456703186035,100,22
833,14221,specialized_enriched,active_fraction,0.0019017005106434226,0.002737934235483408,0.6945749521255493,0.6945749521255493,55,22
834,5560,specialized_enriched,active_fraction,0.0030283667147159576,0.004379060585051775,0.6915562748908997,0.6915562748908997,97,22
835,13887,specialized_enriched,active_fraction,0.0018396140076220036,0.002660735510289669,0.6913930177688599,0.6913930177688599,111,22
836,13754,specialized_enriched,mean,0.012298938818275928,0.01780584268271923,0.6907249093055725,0.6907249093055725,60,22
837,3418,specialized_enriched,mean,0.018518568947911263,0.026860389858484268,0.6894378066062927,0.6894378066062927,74,22
838,8497,specialized_enriched,mean,0.00357973319478333,0.005193057470023632,0.6893305778503418,0.6893305778503418,47,22
839,4014,specialized_enriched,mean,0.002016916871070862,0.002939306665211916,0.6861879825592041,0.6861879825592041,23,22
840,10710,specialized_enriched,active_fraction,0.001211950439028442,0.0017704581841826439,0.6845405697822571,0.6845405697822571,52,22
841,7916,specialized_enriched,mean,0.006266704294830561,0.00925586000084877,0.6770526170730591,0.6770526170730591,54,22
842,14253,specialized_enriched,active_fraction,0.0024854103103280067,0.0036771022714674473,0.6759154796600342,0.6759154796600342,37,22
843,7829,specialized_enriched,active_fraction,0.0042601460590958595,0.0063109807670116425,0.6750370860099792,0.6750370860099792,113,22
844,612,specialized_enriched,mean,0.018685121089220047,0.02775599993765354,0.6731921434402466,0.6731921434402466,66,22
845,499,specialized_enriched,active_fraction,0.0010912364814430475,0.0016272272914648056,0.6706109642982483,0.6706109642982483,97,22
846,13250,specialized_enriched,mean,0.010621593333780766,0.01592409983277321,0.6670137643814087,0.6670137643814087,36,22
847,8587,specialized_enriched,max,0.1942235827445984,0.2929302453994751,0.6630369424819946,0.6630369424819946,31,22
848,6770,specialized_enriched,mean,0.010270180180668831,0.015503648668527603,0.662436306476593,0.662436306476593,41,22
849,2893,specialized_enriched,mean,0.014452113769948483,0.02185206674039364,0.6613613963127136,0.6613613963127136,48,22
850,11895,specialized_enriched,mean,0.029270699247717857,0.04447779059410095,0.658096969127655,0.658096969127655,35,22
851,6884,specialized_enriched,active_fraction,0.0022868672385811806,0.0034921627957373857,0.6548569798469543,0.6548569798469543,64,22
852,7071,specialized_enriched,mean,0.011833975091576576,0.018083153292536736,0.6544198989868164,0.6544198989868164,112,22
853,7754,specialized_enriched,active_fraction,0.0010437432210892439,0.0015968927182257175,0.6536088585853577,0.6536088585853577,44,22
854,13965,specialized_enriched,max,0.30657926201820374,0.47120723128318787,0.6506251096725464,0.6506251096725464,85,22
855,6999,specialized_enriched,active_fraction,0.004571609664708376,0.007030074018985033,0.650293231010437,0.650293231010437,111,22
856,4666,specialized_enriched,mean,0.015268970280885696,0.023542093113064766,0.6485816836357117,0.6485816836357117,187,22
857,11446,specialized_enriched,mean,0.010624800808727741,0.016405628994107246,0.6476314067840576,0.6476314067840576,76,22
858,3244,specialized_enriched,max,0.06246332824230194,0.09649031609296799,0.6473533511161804,0.6473533511161804,29,22
859,10049,specialized_enriched,active_fraction,0.0011846856214106083,0.001834350056014955,0.6458339691162109,0.6458339691162109,40,22
860,15250,specialized_enriched,mean,0.014267297461628914,0.022101648151874542,0.6455309391021729,0.6455309391021729,74,22
861,5614,specialized_enriched,active_fraction,0.0019688112661242485,0.0030735626351088285,0.6405632495880127,0.6405632495880127,22,22
862,10192,specialized_enriched,mean,0.030671507120132446,0.048181869089603424,0.6365777850151062,0.6365777850151062,56,22
863,16079,specialized_enriched,active_fraction,0.002555300947278738,0.004023379180580378,0.6351131200790405,0.6351131200790405,76,22
864,3752,specialized_enriched,active_fraction,0.0019643211271613836,0.0030951695516705513,0.6346408724784851,0.6346408724784851,40,22
865,15546,specialized_enriched,active_fraction,0.0011116635287180543,0.0017527074087411165,0.634255051612854,0.634255051612854,53,22
866,13658,specialized_enriched,mean,0.01076527964323759,0.017010191455483437,0.6328723430633545,0.6328723430633545,165,22
867,7959,specialized_enriched,active_fraction,0.004121311940252781,0.006579914130270481,0.6263473629951477,0.6263473629951477,139,22
868,4680,specialized_enriched,mean,0.01825684867799282,0.029243461787700653,0.6243053078651428,0.6243053078651428,84,22
869,14280,specialized_enriched,active_fraction,0.0016443128697574139,0.002641865285113454,0.622406005859375,0.622406005859375,93,22
870,12827,specialized_enriched,mean,0.0030059865675866604,0.004852527752518654,0.6194682121276855,0.6194682121276855,22,22
871,15971,specialized_enriched,active_fraction,0.0015616205055266619,0.0025292232166975737,0.6174308657646179,0.6174308657646179,145,22
872,13449,specialized_enriched,mean,0.014956306666135788,0.024255068972706795,0.6166260242462158,0.6166260242462158,62,22
873,9442,specialized_enriched,max,0.20138074457645416,0.3279309868812561,0.6140949130058289,0.6140949130058289,81,22
874,11598,specialized_enriched,active_fraction,0.003606158774346113,0.0059057981707155704,0.6106132864952087,0.6106132864952087,69,22
875,8702,specialized_enriched,active_fraction,0.0027443058788776398,0.004496403969824314,0.6103335022926331,0.6103335022926331,117,22
876,3853,specialized_enriched,mean,0.010316180065274239,0.01692288927733898,0.609599232673645,0.609599232673645,84,22
877,4403,specialized_enriched,active_fraction,0.0012250968720763922,0.0020197099074721336,0.6065707206726074,0.6065707206726074,22,22
878,5206,specialized_enriched,mean,0.012592642568051815,0.020775683224201202,0.6061241030693054,0.6061241030693054,32,22
879,4931,specialized_enriched,mean,0.01352869812399149,0.022342883050441742,0.6055036783218384,0.6055036783218384,36,22
880,665,specialized_enriched,max,0.5704436302185059,0.9428814649581909,0.605000376701355,0.605000376701355,126,22
881,7473,specialized_enriched,active_fraction,0.0013218368403613567,0.0022090815473347902,0.5983648896217346,0.5983648896217346,46,22
882,14464,specialized_enriched,mean,0.013230916112661362,0.022311842069029808,0.5929996967315674,0.5929996967315674,149,22
883,2200,specialized_enriched,mean,0.013224150985479355,0.022387709468603134,0.5906879901885986,0.5906879901885986,189,22
884,2926,specialized_enriched,active_fraction,0.0025699399411678314,0.004377956036478281,0.5870181918144226,0.5870181918144226,87,22
885,6509,specialized_enriched,mean,0.009967016987502575,0.017221713438630104,0.5787470936775208,0.5787470936775208,32,22
886,2338,specialized_enriched,mean,0.005382806062698364,0.009300949051976204,0.5787373185157776,0.5787373185157776,48,22
887,1316,specialized_enriched,mean,0.003315174952149391,0.005742780864238739,0.5772769451141357,0.5772769451141357,23,22
888,1614,specialized_enriched,active_fraction,0.002064771018922329,0.003601862583309412,0.5732508897781372,0.5732508897781372,103,22
889,6859,specialized_enriched,mean,0.0068911295384168625,0.012184062972664833,0.5655854940414429,0.5655854940414429,71,22
890,6683,specialized_enriched,mean,0.007664609234780073,0.013737376779317856,0.5579383373260498,0.5579383373260498,57,22
891,5045,specialized_enriched,mean,0.010393711738288403,0.018700934946537018,0.5557856559753418,0.5557856559753418,82,22
892,10235,specialized_enriched,mean,0.02113703079521656,0.038642581552267075,0.5469880700111389,0.5469880700111389,70,22
893,5827,specialized_enriched,active_fraction,0.001222069375216961,0.0022380307782441378,0.5460467338562012,0.5460467338562012,56,22
894,14680,specialized_enriched,mean,0.015967175364494324,0.029261887073516846,0.5456646084785461,0.5456646084785461,101,22
895,4357,specialized_enriched,mean,0.012525130063295364,0.023061605170369148,0.5431161522865295,0.5431161522865295,59,22
896,12071,specialized_enriched,mean,0.008698120713233948,0.01635327748954296,0.5318885445594788,0.5318885445594788,53,22
897,8410,specialized_enriched,mean,0.021372834220528603,0.040543150156736374,0.5271626710891724,0.5271626710891724,46,22
898,6267,specialized_enriched,active_fraction,0.0037789028137922287,0.007285709958523512,0.5186732411384583,0.5186732411384583,100,22
899,6631,specialized_enriched,active_fraction,0.0023604785092175007,0.004559756256639957,0.5176764726638794,0.5176764726638794,52,22
900,2839,specialized_enriched,active_fraction,0.0011247219517827034,0.0022090815473347902,0.5091355443000793,0.5091355443000793,89,22
901,11821,specialized_enriched,active_fraction,0.0016521454090252519,0.003254785668104887,0.5076049566268921,0.5076049566268921,58,22
902,11589,specialized_enriched,active_fraction,0.002739032730460167,0.005410493351519108,0.5062445402145386,0.5062445402145386,67,22
903,13137,specialized_enriched,mean,0.004859253764152527,0.009693538770079613,0.5012878775596619,0.5012878775596619,39,22
904,5520,specialized_enriched,active_fraction,0.0038146814331412315,0.007696326356381178,0.49564963579177856,0.49564963579177856,171,22
905,7921,specialized_enriched,active_fraction,0.0005156433908268809,0.0010503660887479782,0.49091777205467224,0.49091777205467224,22,22
906,1126,specialized_enriched,mean,0.017460979521274567,0.03586464375257492,0.48685774207115173,0.48685774207115173,145,22
907,2936,specialized_enriched,max,0.04480521380901337,0.09427401423454285,0.4752658009529114,0.4752658009529114,41,22
908,13928,specialized_enriched,mean,0.007744139060378075,0.0163701381534338,0.47306498885154724,0.47306498885154724,73,22
909,9634,specialized_enriched,mean,0.021785549819469452,0.04622147977352142,0.47132956981658936,0.47132956981658936,54,22
910,12212,specialized_enriched,active_fraction,0.002333542797714472,0.004971795249730349,0.4693561792373657,0.4693561792373657,124,22
911,12728,specialized_enriched,max,0.08199196308851242,0.1748829185962677,0.468839168548584,0.468839168548584,96,22
912,5640,specialized_enriched,active_fraction,0.00048355484614148736,0.0010334940161556005,0.46788355708122253,0.46788355708122253,41,22
913,12929,specialized_enriched,mean,0.0006815135711804032,0.0014604043681174517,0.46666085720062256,0.46666085720062256,35,22
914,6874,specialized_enriched,max,0.09372391551733017,0.20258623361587524,0.46263712644577026,0.46263712644577026,93,22
915,658,specialized_enriched,max,0.038273416459560394,0.08342691510915756,0.45876580476760864,0.45876580476760864,22,22
916,1345,specialized_enriched,mean,0.014833183959126472,0.03250551596283913,0.45632821321487427,0.45632821321487427,126,22
917,12581,specialized_enriched,mean,0.005379947833716869,0.012152174487709999,0.4427148401737213,0.4427148401737213,42,22
918,1647,specialized_enriched,mean,0.010089902207255363,0.02297746203839779,0.43912169337272644,0.43912169337272644,57,22
919,6714,specialized_enriched,active_fraction,0.0007720717694610357,0.001758225029334426,0.43911999464035034,0.43911999464035034,34,22
920,3378,specialized_enriched,mean,0.011392341926693916,0.02612346224486828,0.4360961616039276,0.4360961616039276,67,22
921,10398,specialized_enriched,active_fraction,0.0008684408967383206,0.0020074909552931786,0.43260014057159424,0.43260014057159424,49,22
922,7380,specialized_enriched,active_fraction,0.0010697098914533854,0.0024829476606100798,0.43082258105278015,0.43082258105278015,25,22
923,4060,specialized_enriched,mean,0.008382484316825867,0.01960890367627144,0.42748358845710754,0.42748358845710754,67,22
924,2741,specialized_enriched,mean,0.006064169108867645,0.014249665662646294,0.4255657196044922,0.4255657196044922,56,22
925,7804,specialized_enriched,mean,0.003611250314861536,0.008561375550925732,0.42180725932121277,0.42180725932121277,23,22
926,3218,specialized_enriched,mean,0.009509149938821793,0.022582508623600006,0.42108476161956787,0.42108476161956787,26,22
927,3285,specialized_enriched,mean,0.004664220381528139,0.011577134020626545,0.4028821289539337,0.4028821289539337,36,22
928,5838,specialized_enriched,mean,0.003146370407193899,0.007861360907554626,0.4002322852611542,0.4002322852611542,86,22
929,15748,specialized_enriched,mean,0.004559988155961037,0.011531324125826359,0.3954435884952545,0.3954435884952545,34,22
930,16238,specialized_enriched,mean,0.01409111637622118,0.035874925553798676,0.3927845358848572,0.3927845358848572,67,22
931,15240,specialized_enriched,mean,0.0036554373800754547,0.009322447702288628,0.39211133122444153,0.39211133122444153,54,22
932,7112,specialized_enriched,mean,0.0016790215158835053,0.004323079250752926,0.3883855640888214,0.3883855640888214,38,22
933,7536,specialized_enriched,mean,0.001974107464775443,0.00513160414993763,0.38469597697257996,0.38469597697257996,37,22
934,3536,specialized_enriched,max,0.07036316394805908,0.18430882692337036,0.38176774978637695,0.38176774978637695,102,22
935,11271,specialized_enriched,mean,0.0038406485691666603,0.010300502181053162,0.372860312461853,0.372860312461853,25,22
936,4416,specialized_enriched,mean,0.0033107155468314886,0.008910123258829117,0.37156787514686584,0.37156787514686584,33,22
937,10527,specialized_enriched,active_fraction,0.0013089018175378442,0.0035271018277853727,0.3710983991622925,0.3710983991622925,113,22
938,10039,specialized_enriched,mean,0.00965803861618042,0.02682221122086048,0.3600761592388153,0.3600761592388153,82,22
939,15806,specialized_enriched,mean,0.006274394690990448,0.01750514842569828,0.3584313988685608,0.3584313988685608,80,22
940,3983,specialized_enriched,active_fraction,0.001822708873078227,0.005256516393274069,0.34675225615501404,0.34675225615501404,147,22
941,14144,specialized_enriched,active_fraction,0.0006381041021086276,0.0018458347767591476,0.3456994593143463,0.3456994593143463,30,22
942,6153,specialized_enriched,mean,0.01301218569278717,0.03766825795173645,0.34544166922569275,0.34544166922569275,33,22
943,821,specialized_enriched,active_fraction,0.0013315698597580194,0.0038950799498707056,0.3418594300746918,0.3418594300746918,56,22
944,11457,specialized_enriched,max,0.030417073518037796,0.09042739123106003,0.3363701403141022,0.3363701403141022,36,22
945,28,specialized_enriched,mean,0.012205570936203003,0.03640546277165413,0.335267573595047,0.335267573595047,96,22
946,3189,specialized_enriched,active_fraction,0.0005727539537474513,0.001726553775370121,0.33173248171806335,0.33173248171806335,52,22
947,5938,specialized_enriched,mean,0.0034486488439142704,0.010554341599345207,0.3267516791820526,0.3267516791820526,53,22
948,11671,specialized_enriched,mean,0.004008438903838396,0.0126512311398983,0.31684181094169617,0.31684181094169617,23,22
949,11715,specialized_enriched,mean,0.0055139390751719475,0.017478132620453835,0.3154764473438263,0.3154764473438263,73,22
950,15613,specialized_enriched,mean,0.015123214572668076,0.04982601851224899,0.30352044105529785,0.30352044105529785,88,22
951,13685,specialized_enriched,mean,0.01148851215839386,0.0385572724044323,0.29795965552330017,0.29795965552330017,52,22
952,1751,specialized_enriched,mean,0.0023668119683861732,0.008091160096228123,0.2925182580947876,0.2925182580947876,44,22
953,10711,specialized_enriched,mean,0.008900970220565796,0.03409874066710472,0.26103517413139343,0.26103517413139343,39,22
954,13809,specialized_enriched,max,0.040479302406311035,0.1576399803161621,0.25678321719169617,0.25678321719169617,86,22
955,9806,specialized_enriched,max,0.033234789967536926,0.1325681060552597,0.2506997287273407,0.2506997287273407,35,22
956,15272,specialized_enriched,mean,0.0027598354499787092,0.012521668337285519,0.22040477395057678,0.22040477395057678,66,22
957,3702,specialized_enriched,mean,0.0018004633020609617,0.008705518208444118,0.206818625330925,0.206818625330925,82,22
958,12494,specialized_enriched,active_fraction,0.0005998604465276003,0.0030369136948138475,0.19752304255962372,0.19752304255962372,57,22
959,7319,specialized_enriched,active_fraction,0.0005063021089881659,0.0033580122981220484,0.15077434480190277,0.15077434480190277,74,22
960,5943,specialized_enriched,max,0.03648984059691429,0.2519078552722931,0.14485391974449158,0.14485391974449158,125,22
961,12133,specialized_enriched,active_fraction,0.0004932493902742863,0.0036137804854661226,0.13649123907089233,0.13649123907089233,108,22
962,4301,specialized_enriched,max,0.012825936079025269,0.26715123653411865,0.04801001772284508,0.04801001772284508,80,22
