rank,feature_id,orientation,summary,effect,null_sd,ev,abs_ev,support,minimum_support
1,11172,specialized_enriched,max,18.902860641479492,1.4434912204742432,13.095237731933594,13.095237731933594,835,88
2,1767,specialized_enriched,max,25.63069725036621,1.991228699684143,12.87179946899414,12.87179946899414,841,88
3,16044,specialized_enriched,max,9.925821304321289,0.7715018391609192,12.865583419799805,12.865583419799805,837,88
4,10532,specialized_enriched,max,39.53914260864258,3.1000351905822754,12.754417419433594,12.754417419433594,808,88
5,9632,specialized_enriched,mean,0.2492985874414444,0.019590798765420914,12.725289344787598,12.725289344787598,825,88
6,7027,specialized_enriched,max,11.726242065429688,0.933709442615509,12.558770179748535,12.558770179748535,837,88
7,1395,specialized_enriched,max,33.67466735839844,2.686330556869507,12.535563468933105,12.535563468933105,813,88
8,6565,specialized_enriched,max,17.919282913208008,1.4303944110870361,12.527511596679688,12.527511596679688,832,88
9,14818,specialized_enriched,max,12.484105110168457,0.9967669248580933,12.524598121643066,12.524598121643066,818,88
10,6911,specialized_enriched,max,11.784029960632324,0.9688377380371094,12.163058280944824,12.163058280944824,847,88
11,1672,specialized_enriched,active_fraction,0.03819634020328522,0.00314356223680079,12.150654792785645,12.150654792785645,861,88
12,6859,specialized_enriched,max,8.2278413772583,0.6813972592353821,12.074954986572266,12.074954986572266,862,88
13,5352,specialized_enriched,max,15.176194190979004,1.2636178731918335,12.010113716125488,12.010113716125488,822,88
14,11153,specialized_enriched,active_fraction,0.015326114371418953,0.001280491822399199,11.968928337097168,11.968928337097168,825,88
15,6895,specialized_enriched,active_fraction,0.03464549779891968,0.002905106171965599,11.925724983215332,11.925724983215332,840,88
16,5572,specialized_enriched,max,7.679612636566162,0.6486616730690002,11.839164733886719,11.839164733886719,842,88
17,12406,specialized_enriched,max,6.6151251792907715,0.5693210959434509,11.619321823120117,11.619321823120117,864,88
18,15015,specialized_enriched,max,7.268459320068359,0.6266612410545349,11.598705291748047,11.598705291748047,859,88
19,775,specialized_enriched,mean,0.3679672181606293,0.032084062695503235,11.468847274780273,11.468847274780273,870,88
20,16349,specialized_enriched,max,12.829569816589355,1.1249728202819824,11.404337882995605,11.404337882995605,826,88
21,16037,base_enriched,max,-20.297061920166016,1.8377792835235596,-11.044341087341309,11.044341087341309,564,88
22,13191,base_enriched,max,-25.162708282470703,2.2817351818084717,-11.02788257598877,11.02788257598877,492,88
23,8589,base_enriched,max,-19.993139266967773,1.8161431550979614,-11.008569717407227,11.008569717407227,589,88
24,16209,specialized_enriched,max,3.950061321258545,0.359325110912323,10.993000984191895,10.993000984191895,846,88
25,3826,base_enriched,max,-27.070262908935547,2.476029872894287,-10.932930946350098,10.932930946350098,560,88
26,1862,base_enriched,max,-16.19910430908203,1.4876248836517334,-10.889240264892578,10.889240264892578,651,88
27,2649,base_enriched,max,-16.397724151611328,1.5107669830322266,-10.853906631469727,10.853906631469727,530,88
28,1650,base_enriched,max,-13.957335472106934,1.295863151550293,-10.770686149597168,10.770686149597168,650,88
29,7593,base_enriched,max,-10.918915748596191,1.0151232481002808,-10.756246566772461,10.756246566772461,657,88
30,13801,base_enriched,max,-12.890167236328125,1.201378583908081,-10.729479789733887,10.729479789733887,727,88
31,4116,specialized_enriched,max,6.241742134094238,0.5820183753967285,10.72430419921875,10.72430419921875,850,88
32,219,base_enriched,mean,-0.2055436223745346,0.019214777275919914,-10.697163581848145,10.697163581848145,698,88
33,6839,specialized_enriched,mean,0.08858591318130493,0.00830415915697813,10.667655944824219,10.667655944824219,842,88
34,11565,specialized_enriched,max,9.799068450927734,0.9191789031028748,10.660676002502441,10.660676002502441,848,88
35,5018,base_enriched,max,-26.0158748626709,2.441223621368408,-10.656899452209473,10.656899452209473,725,88
36,6330,base_enriched,max,-12.631465911865234,1.185338020324707,-10.656425476074219,10.656425476074219,733,88
37,12308,base_enriched,max,-14.754746437072754,1.3848135471343994,-10.654681205749512,10.654681205749512,531,88
38,9696,base_enriched,max,-17.90548324584961,1.6814446449279785,-10.648868560791016,10.648868560791016,562,88
39,9188,specialized_enriched,active_fraction,0.06124398857355118,0.005751354154199362,10.64862060546875,10.64862060546875,867,88
40,617,base_enriched,max,-10.531641960144043,0.9916085600852966,-10.620765686035156,10.620765686035156,670,88
41,16264,base_enriched,max,-13.755280494689941,1.295939326286316,-10.614139556884766,10.614139556884766,574,88
42,9958,specialized_enriched,max,9.955668449401855,0.9380629658699036,10.613006591796875,10.613006591796875,854,88
43,1159,base_enriched,max,-22.556442260742188,2.1258018016815186,-10.610793113708496,10.610793113708496,424,88
44,5889,base_enriched,max,-17.072586059570312,1.6120426654815674,-10.590654373168945,10.590654373168945,710,88
45,15150,base_enriched,max,-11.36449146270752,1.0732437372207642,-10.588919639587402,10.588919639587402,753,88
46,15961,base_enriched,max,-20.354312896728516,1.9224170446395874,-10.587875366210938,10.587875366210938,542,88
47,402,base_enriched,mean,-0.21464978158473969,0.020289409905672073,-10.579400062561035,10.579400062561035,643,88
48,14908,base_enriched,max,-17.63433837890625,1.6704974174499512,-10.556340217590332,10.556340217590332,788,88
49,1361,specialized_enriched,active_fraction,0.01326758787035942,0.0012585069052875042,10.54232406616211,10.54232406616211,863,88
50,5837,base_enriched,max,-12.547515869140625,1.1906965970993042,-10.537961959838867,10.537961959838867,635,88
51,5998,specialized_enriched,max,6.325224876403809,0.6009286046028137,10.525751113891602,10.525751113891602,869,88
52,4810,base_enriched,max,-11.673185348510742,1.1103839874267578,-10.512746810913086,10.512746810913086,704,88
53,1688,base_enriched,mean,-0.2716165781021118,0.025850459933280945,-10.507224082946777,10.507224082946777,841,88
54,2168,base_enriched,max,-14.868463516235352,1.4151864051818848,-10.506363868713379,10.506363868713379,754,88
55,14497,base_enriched,max,-24.878515243530273,2.369051218032837,-10.50146770477295,10.50146770477295,553,88
56,12694,base_enriched,max,-9.299652099609375,0.8883042335510254,-10.468994140625,10.468994140625,563,88
57,6877,base_enriched,max,-20.207122802734375,1.9322803020477295,-10.457655906677246,10.457655906677246,491,88
58,13721,base_enriched,mean,-0.11059218645095825,0.010584430769085884,-10.448572158813477,10.448572158813477,827,88
59,11913,base_enriched,max,-7.236409664154053,0.6929100155830383,-10.44350528717041,10.44350528717041,726,88
60,176,specialized_enriched,mean,0.10069537162780762,0.00965559110045433,10.4287109375,10.4287109375,865,88
61,14327,base_enriched,mean,-0.21138790249824524,0.020275814458727837,-10.425618171691895,10.425618171691895,757,88
62,1696,base_enriched,mean,-0.34506189823150635,0.03310608118772507,-10.4229154586792,10.4229154586792,701,88
63,2957,base_enriched,mean,-0.2977274954319,0.02857152931392193,-10.420425415039062,10.420425415039062,773,88
64,10168,base_enriched,max,-21.10910987854004,2.0273361206054688,-10.412240028381348,10.412240028381348,564,88
65,8763,specialized_enriched,active_fraction,0.02816479653120041,0.0027079894207417965,10.400629997253418,10.400629997253418,870,88
66,1584,base_enriched,max,-3.3598177433013916,0.3230484426021576,-10.400352478027344,10.400352478027344,630,88
67,9600,specialized_enriched,active_fraction,0.0190570205450058,0.0018364014104008675,10.377371788024902,10.377371788024902,843,88
68,9985,base_enriched,max,-8.390684127807617,0.8087051510810852,-10.375454902648926,10.375454902648926,670,88
69,20,base_enriched,max,-10.99055004119873,1.059708595275879,-10.371294975280762,10.371294975280762,772,88
70,15821,base_enriched,max,-27.531702041625977,2.6584436893463135,-10.3563232421875,10.3563232421875,628,88
71,6802,base_enriched,max,-11.626131057739258,1.1244981288909912,-10.338951110839844,10.338951110839844,726,88
72,10329,base_enriched,max,-14.820283889770508,1.4339247941970825,-10.335468292236328,10.335468292236328,739,88
73,12229,base_enriched,max,-8.311968803405762,0.80768883228302,-10.29105281829834,10.29105281829834,607,88
74,8182,specialized_enriched,max,2.906956195831299,0.2826448380947113,10.28483772277832,10.28483772277832,741,88
75,1932,specialized_enriched,max,4.829182147979736,0.46965155005455017,10.282479286193848,10.282479286193848,826,88
76,11361,base_enriched,active_fraction,-0.013439293950796127,0.0013088181149214506,-10.268266677856445,10.268266677856445,420,88
77,2621,base_enriched,active_fraction,-0.06344055384397507,0.006204015575349331,-10.225724220275879,10.225724220275879,669,88
78,5039,base_enriched,max,-23.61417579650879,2.314026117324829,-10.204800605773926,10.204800605773926,469,88
79,10539,base_enriched,mean,-0.2737257480621338,0.026856612414121628,-10.192117691040039,10.192117691040039,819,88
80,6305,base_enriched,active_fraction,-0.032332416623830795,0.003178707789629698,-10.171560287475586,10.171560287475586,781,88
81,4366,base_enriched,active_fraction,-0.04875436797738075,0.0047944993712008,-10.16881275177002,10.16881275177002,786,88
82,5959,base_enriched,max,-15.394762992858887,1.5149840116500854,-10.161666870117188,10.161666870117188,626,88
83,9446,base_enriched,max,-20.8571720123291,2.0527868270874023,-10.160417556762695,10.160417556762695,418,88
84,824,base_enriched,mean,-0.16073410212993622,0.01583036035299301,-10.153533935546875,10.153533935546875,559,88
85,2913,base_enriched,active_fraction,-0.0333334282040596,0.0032911389134824276,-10.12823486328125,10.12823486328125,613,88
86,7828,base_enriched,max,-19.788063049316406,1.9539108276367188,-10.127413749694824,10.127413749694824,631,88
87,9580,base_enriched,max,-14.05766487121582,1.3889062404632568,-10.121392250061035,10.121392250061035,749,88
88,2503,specialized_enriched,max,7.171436786651611,0.7107389569282532,10.090113639831543,10.090113639831543,818,88
89,14006,base_enriched,max,-18.720996856689453,1.856906533241272,-10.081819534301758,10.081819534301758,740,88
90,10736,base_enriched,max,-10.742517471313477,1.0659239292144775,-10.07812786102295,10.07812786102295,759,88
91,5422,base_enriched,max,-22.755714416503906,2.25848126411438,-10.075671195983887,10.075671195983887,436,88
92,15669,base_enriched,max,-19.72903823852539,1.9609336853027344,-10.061042785644531,10.061042785644531,429,88
93,3602,base_enriched,max,-11.211450576782227,1.1156954765319824,-10.048844337463379,10.048844337463379,736,88
94,13646,base_enriched,max,-15.670104026794434,1.5618319511413574,-10.033156394958496,10.033156394958496,599,88
95,12655,base_enriched,active_fraction,-0.022527720779180527,0.0022493223659694195,-10.015336990356445,10.015336990356445,447,88
96,1982,base_enriched,mean,-0.26144981384277344,0.02611173689365387,-10.012731552124023,10.012731552124023,810,88
97,3048,base_enriched,active_fraction,-0.034405436366796494,0.0034517741296440363,-9.967464447021484,9.967464447021484,712,88
98,409,base_enriched,max,-7.938022136688232,0.7964557409286499,-9.966683387756348,9.966683387756348,708,88
99,11770,base_enriched,max,-9.195935249328613,0.922677218914032,-9.966578483581543,9.966578483581543,696,88
100,4901,base_enriched,max,-15.762046813964844,1.5819090604782104,-9.963939666748047,9.963939666748047,582,88
101,11030,base_enriched,max,-20.78912353515625,2.088536500930786,-9.953919410705566,9.953919410705566,606,88
102,14190,specialized_enriched,max,5.791419982910156,0.5818302035331726,9.953797340393066,9.953797340393066,831,88
103,2468,base_enriched,active_fraction,-0.09677088260650635,0.009737013839185238,-9.938455581665039,9.938455581665039,739,88
104,1193,base_enriched,max,-24.505897521972656,2.4665069580078125,-9.935466766357422,9.935466766357422,473,88
105,10303,base_enriched,max,-11.044867515563965,1.1123905181884766,-9.928947448730469,9.928947448730469,772,88
106,1985,specialized_enriched,max,5.457237720489502,0.5506575107574463,9.910402297973633,9.910402297973633,830,88
107,4220,specialized_enriched,max,5.529578685760498,0.5586868524551392,9.897456169128418,9.897456169128418,863,88
108,7736,base_enriched,max,-15.840481758117676,1.6031091213226318,-9.881099700927734,9.881099700927734,501,88
109,3035,specialized_enriched,max,5.488482475280762,0.5562397837638855,9.86711597442627,9.86711597442627,837,88
110,13590,base_enriched,max,-9.498666763305664,0.9643758535385132,-9.84954833984375,9.84954833984375,713,88
111,5267,specialized_enriched,max,6.481561183929443,0.658108651638031,9.848771095275879,9.848771095275879,857,88
112,8535,base_enriched,mean,-0.13589949905872345,0.013814804144203663,-9.837236404418945,9.837236404418945,723,88
113,91,base_enriched,active_fraction,-0.09995749592781067,0.01016619149595499,-9.832344055175781,9.832344055175781,648,88
114,9700,base_enriched,active_fraction,-0.1455436646938324,0.014821267686784267,-9.819920539855957,9.819920539855957,790,88
115,4775,base_enriched,active_fraction,-0.03415149450302124,0.003482238855212927,-9.80733871459961,9.80733871459961,688,88
116,12911,specialized_enriched,active_fraction,0.05615181103348732,0.005727135576307774,9.804519653320312,9.804519653320312,844,88
117,1572,base_enriched,active_fraction,-0.04665583372116089,0.00476490892469883,-9.791547775268555,9.791547775268555,667,88
118,13810,base_enriched,max,-8.21246337890625,0.8469293117523193,-9.696751594543457,9.696751594543457,553,88
119,9537,base_enriched,active_fraction,-0.06758678704500198,0.0069870599545538425,-9.673136711120605,9.673136711120605,580,88
120,221,base_enriched,active_fraction,-0.0392928384244442,0.004070034250617027,-9.654178619384766,9.654178619384766,661,88
121,7920,base_enriched,active_fraction,-0.01560052391141653,0.0016182600520551205,-9.640307426452637,9.640307426452637,540,88
122,7930,base_enriched,max,-7.878366947174072,0.8181613683700562,-9.629355430603027,9.629355430603027,786,88
123,7585,base_enriched,max,-15.49062728881836,1.6098753213882446,-9.622252464294434,9.622252464294434,620,88
124,3305,base_enriched,active_fraction,-0.0336434468626976,0.0034976359456777573,-9.618910789489746,9.618910789489746,606,88
125,4017,base_enriched,active_fraction,-0.015603087842464447,0.0016235191142186522,-9.610658645629883,9.610658645629883,546,88
126,460,base_enriched,max,-26.701507568359375,2.785670042037964,-9.585309028625488,9.585309028625488,365,88
127,1989,base_enriched,active_fraction,-0.025720907375216484,0.002684683073312044,-9.580612182617188,9.580612182617188,773,88
128,11502,base_enriched,max,-21.128925323486328,2.2063345909118652,-9.576482772827148,9.576482772827148,481,88
129,4086,base_enriched,max,-8.046768188476562,0.8425941467285156,-9.549992561340332,9.549992561340332,643,88
130,10692,base_enriched,active_fraction,-0.005145361181348562,0.0005389303551055491,-9.547358512878418,9.547358512878418,286,88
131,15280,base_enriched,max,-8.029656410217285,0.842437207698822,-9.53145980834961,9.53145980834961,581,88
132,5819,base_enriched,max,-4.306535243988037,0.45280346274375916,-9.51082706451416,9.51082706451416,722,88
133,7498,base_enriched,max,-18.50002098083496,1.9464212656021118,-9.504633903503418,9.504633903503418,650,88
134,4565,base_enriched,max,-10.332560539245605,1.0875929594039917,-9.50039291381836,9.50039291381836,490,88
135,708,base_enriched,max,-24.642578125,2.5952510833740234,-9.495257377624512,9.495257377624512,340,88
136,8661,base_enriched,max,-5.005500316619873,0.5272353887557983,-9.49386215209961,9.49386215209961,790,88
137,654,base_enriched,max,-9.369022369384766,0.9882906079292297,-9.48002815246582,9.48002815246582,853,88
138,4693,base_enriched,max,-17.065166473388672,1.8004331588745117,-9.47836685180664,9.47836685180664,420,88
139,11922,base_enriched,max,-22.54105567932129,2.390052080154419,-9.431198120117188,9.431198120117188,343,88
140,11996,base_enriched,active_fraction,-0.06140121817588806,0.00651084678247571,-9.430603981018066,9.430603981018066,650,88
141,14688,specialized_enriched,max,6.114752769470215,0.648874819278717,9.423624992370605,9.423624992370605,824,88
142,7124,base_enriched,max,-9.388025283813477,0.9963717460632324,-9.422211647033691,9.422211647033691,635,88
143,6254,base_enriched,max,-8.889485359191895,0.9442437291145325,-9.414397239685059,9.414397239685059,690,88
144,11417,base_enriched,max,-24.12857437133789,2.5644006729125977,-9.409049987792969,9.409049987792969,405,88
145,12772,base_enriched,active_fraction,-0.0769491121172905,0.008185142651200294,-9.401071548461914,9.401071548461914,630,88
146,7551,base_enriched,max,-17.89873695373535,1.9093961715698242,-9.374030113220215,9.374030113220215,398,88
147,11858,base_enriched,active_fraction,-0.008737236261367798,0.0009332079789601266,-9.362582206726074,9.362582206726074,651,88
148,6900,specialized_enriched,max,6.9536519050598145,0.7431650757789612,9.356806755065918,9.356806755065918,835,88
149,8956,specialized_enriched,max,5.241842269897461,0.5614567995071411,9.336145401000977,9.336145401000977,859,88
150,1622,base_enriched,max,-20.259702682495117,2.172574758529663,-9.325203895568848,9.325203895568848,458,88
151,11538,base_enriched,max,-24.4807186126709,2.6277034282684326,-9.31639289855957,9.31639289855957,518,88
152,14674,base_enriched,max,-5.921266555786133,0.6364632844924927,-9.303390502929688,9.303390502929688,620,88
153,13518,base_enriched,active_fraction,-0.009374530054628849,0.001011687912978232,-9.266226768493652,9.266226768493652,687,88
154,4059,base_enriched,max,-12.155521392822266,1.3122307062149048,-9.263250350952148,9.263250350952148,669,88
155,16120,base_enriched,mean,-0.18299904465675354,0.019818207249045372,-9.233884811401367,9.233884811401367,808,88
156,7728,base_enriched,max,-15.393049240112305,1.6680465936660767,-9.228189468383789,9.228189468383789,693,88
157,14171,specialized_enriched,max,13.756061553955078,1.495760440826416,9.196701049804688,9.196701049804688,804,88
158,2326,specialized_enriched,max,9.60811710357666,1.0463738441467285,9.18229866027832,9.18229866027832,809,88
159,11282,base_enriched,mean,-0.20105378329753876,0.021937187761068344,-9.1649751663208,9.1649751663208,871,88
160,10318,base_enriched,active_fraction,-0.008431492373347282,0.0009200454805977643,-9.164212226867676,9.164212226867676,676,88
161,8667,base_enriched,max,-11.304304122924805,1.2343698740005493,-9.157955169677734,9.157955169677734,689,88
162,14169,base_enriched,max,-4.39119291305542,0.48030930757522583,-9.142427444458008,9.142427444458008,869,88
163,2559,base_enriched,active_fraction,-0.019279994070529938,0.0021145243663340807,-9.117886543273926,9.117886543273926,815,88
164,1678,base_enriched,active_fraction,-0.027954252436757088,0.0030706434044986963,-9.10371208190918,9.10371208190918,531,88
165,8104,specialized_enriched,active_fraction,0.010805812664330006,0.0011893499176949263,9.085477828979492,9.085477828979492,866,88
166,2757,base_enriched,max,-6.4617085456848145,0.713580310344696,-9.05533504486084,9.05533504486084,739,88
167,5958,base_enriched,active_fraction,-0.06413093209266663,0.0070826164446771145,-9.054695129394531,9.054695129394531,639,88
168,11547,base_enriched,active_fraction,-0.03981393203139305,0.004413921851664782,-9.02008056640625,9.02008056640625,782,88
169,1056,base_enriched,max,-2.1911065578460693,0.2433595359325409,-9.003578186035156,9.003578186035156,476,88
170,9009,specialized_enriched,mean,0.14281268417835236,0.015897555276751518,8.98331069946289,8.98331069946289,872,88
171,12305,specialized_enriched,active_fraction,0.018837232142686844,0.002098209923133254,8.977763175964355,8.977763175964355,808,88
172,16291,base_enriched,max,-4.854101657867432,0.5432142615318298,-8.935887336730957,8.935887336730957,635,88
173,7895,base_enriched,max,-5.005672931671143,0.5602108240127563,-8.935338020324707,8.935338020324707,746,88
174,13428,base_enriched,max,-14.4470796585083,1.6174077987670898,-8.932243347167969,8.932243347167969,755,88
175,1189,specialized_enriched,mean,0.056157227605581284,0.006290067452937365,8.927921295166016,8.927921295166016,851,88
176,4908,base_enriched,active_fraction,-0.04447378218173981,0.004984122235327959,-8.923091888427734,8.923091888427734,609,88
177,1904,base_enriched,max,-13.337620735168457,1.5007871389389038,-8.887084007263184,8.887084007263184,584,88
178,5383,specialized_enriched,active_fraction,0.025196492671966553,0.0028376395348459482,8.879384994506836,8.879384994506836,862,88
179,10778,base_enriched,mean,-0.22654424607753754,0.025579020380973816,-8.856642723083496,8.856642723083496,828,88
180,5685,base_enriched,active_fraction,-0.033710312098264694,0.003809963120147586,-8.847936630249023,8.847936630249023,725,88
181,15987,base_enriched,max,-13.014239311218262,1.4712284803390503,-8.845831871032715,8.845831871032715,504,88
182,8200,base_enriched,max,-9.670367240905762,1.093432903289795,-8.844042778015137,8.844042778015137,553,88
183,12593,base_enriched,max,-11.93606948852539,1.3508309125900269,-8.836094856262207,8.836094856262207,730,88
184,14763,base_enriched,active_fraction,-0.08179168403148651,0.00927440170198679,-8.819079399108887,8.819079399108887,787,88
185,10047,specialized_enriched,mean,0.0744016170501709,0.008449612185359001,8.805329322814941,8.805329322814941,862,88
186,13659,specialized_enriched,mean,0.05356016010046005,0.00608688872307539,8.799266815185547,8.799266815185547,862,88
187,63,specialized_enriched,active_fraction,0.019222773611545563,0.002189287915825844,8.780377388000488,8.780377388000488,867,88
188,841,specialized_enriched,max,5.954798698425293,0.6845586895942688,8.69874095916748,8.69874095916748,860,88
189,15916,base_enriched,max,-21.56070327758789,2.481149911880493,-8.689803123474121,8.689803123474121,513,88
190,9383,base_enriched,active_fraction,-0.05142743140459061,0.005922876298427582,-8.682847023010254,8.682847023010254,726,88
191,1162,base_enriched,max,-7.855623245239258,0.9094374775886536,-8.637892723083496,8.637892723083496,855,88
192,14256,base_enriched,active_fraction,-0.06943768262863159,0.008112302049994469,-8.559553146362305,8.559553146362305,774,88
193,2675,base_enriched,max,-15.404919624328613,1.8000439405441284,-8.558079719543457,8.558079719543457,640,88
194,7947,base_enriched,max,-6.183071613311768,0.724157452583313,-8.538297653198242,8.538297653198242,732,88
195,2149,specialized_enriched,active_fraction,0.022379249334335327,0.002622088184580207,8.534895896911621,8.534895896911621,872,88
196,15642,specialized_enriched,active_fraction,0.02494334802031517,0.0029256953857839108,8.525613784790039,8.525613784790039,870,88
197,14295,base_enriched,active_fraction,-0.06525830924510956,0.00765443267300725,-8.525557518005371,8.525557518005371,768,88
198,6661,base_enriched,mean,-0.1283310502767563,0.01506512425839901,-8.51841926574707,8.51841926574707,815,88
199,4314,base_enriched,max,-8.110892295837402,0.9555785059928894,-8.48793888092041,8.48793888092041,630,88
200,913,base_enriched,active_fraction,-0.034244947135448456,0.004035575315356255,-8.48576545715332,8.48576545715332,837,88
201,2550,base_enriched,active_fraction,-0.007755483500659466,0.0009146715747192502,-8.478981971740723,8.478981971740723,446,88
202,7974,base_enriched,active_fraction,-0.07177548855543137,0.008485784754157066,-8.458320617675781,8.458320617675781,710,88
203,16343,specialized_enriched,max,8.340475082397461,0.9875953197479248,8.445235252380371,8.445235252380371,835,88
204,10121,specialized_enriched,active_fraction,0.013444102369248867,0.0015974374255165458,8.416043281555176,8.416043281555176,840,88
205,11495,specialized_enriched,mean,0.04766456410288811,0.005690491758286953,8.376176834106445,8.376176834106445,863,88
206,4080,base_enriched,max,-6.416278839111328,0.7669388651847839,-8.3660888671875,8.3660888671875,571,88
207,15193,base_enriched,active_fraction,-0.04579893499612808,0.005479772109538317,-8.357817649841309,8.357817649841309,809,88
208,9971,specialized_enriched,max,3.5736327171325684,0.4283197522163391,8.343376159667969,8.343376159667969,853,88
209,1505,base_enriched,max,-6.3126702308654785,0.7568756937980652,-8.340432167053223,8.340432167053223,599,88
210,2724,specialized_enriched,max,4.971484184265137,0.5961261987686157,8.33965015411377,8.33965015411377,861,88
211,1573,specialized_enriched,max,6.878602027893066,0.8250249624252319,8.337447166442871,8.337447166442871,816,88
212,12105,specialized_enriched,active_fraction,0.015472997911274433,0.001863268669694662,8.30422306060791,8.30422306060791,838,88
213,5231,specialized_enriched,active_fraction,0.012801866978406906,0.0015443357406184077,8.289562225341797,8.289562225341797,831,88
214,1588,base_enriched,active_fraction,-0.01774951070547104,0.0021434419322758913,-8.280844688415527,8.280844688415527,673,88
215,6970,base_enriched,active_fraction,-0.08378224819898605,0.010117875412106514,-8.280616760253906,8.280616760253906,792,88
216,15204,specialized_enriched,active_fraction,0.023977279663085938,0.002908495254814625,8.243877410888672,8.243877410888672,834,88
217,13397,base_enriched,active_fraction,-0.012871888466179371,0.001565424958243966,-8.222616195678711,8.222616195678711,839,88
218,15992,specialized_enriched,max,1.987967848777771,0.24179357290267944,8.221755981445312,8.221755981445312,872,88
219,2174,base_enriched,active_fraction,-0.015978001058101654,0.0019435723079368472,-8.220945358276367,8.220945358276367,673,88
220,5640,base_enriched,active_fraction,-0.035931024700403214,0.004371336195617914,-8.21968936920166,8.21968936920166,737,88
221,745,base_enriched,active_fraction,-0.017175957560539246,0.0020913106855005026,-8.213010787963867,8.213010787963867,820,88
222,812,base_enriched,active_fraction,-0.003253803588449955,0.00039791446761228144,-8.177143096923828,8.177143096923828,455,88
223,16053,base_enriched,active_fraction,-0.013818386010825634,0.0016937199980020523,-8.158600807189941,8.158600807189941,820,88
224,9805,specialized_enriched,mean,0.06016082689166069,0.007380349561572075,8.151487350463867,8.151487350463867,861,88
225,11340,base_enriched,active_fraction,-0.02914910390973091,0.0035798612516373396,-8.142523765563965,8.142523765563965,805,88
226,15668,base_enriched,max,-7.326705455780029,0.9005387425422668,-8.135913848876953,8.135913848876953,765,88
227,5230,base_enriched,mean,-0.13357044756412506,0.01644027978181839,-8.124585151672363,8.124585151672363,826,88
228,10135,specialized_enriched,mean,1.093298316001892,0.13472656905651093,8.11494255065918,8.11494255065918,872,88
229,13047,specialized_enriched,active_fraction,0.0069328839890658855,0.000860061205457896,8.060919761657715,8.060919761657715,766,88
230,3010,specialized_enriched,max,10.460271835327148,1.2982854843139648,8.056988716125488,8.056988716125488,815,88
231,10346,base_enriched,max,-3.495983600616455,0.4355623126029968,-8.026368141174316,8.026368141174316,798,88
232,16373,specialized_enriched,active_fraction,0.007250559516251087,0.0009034790564328432,8.025155067443848,8.025155067443848,867,88
233,7404,base_enriched,active_fraction,-0.009991242550313473,0.0012459104182198644,-8.019229888916016,8.019229888916016,732,88
234,16065,base_enriched,max,-6.869065761566162,0.8577235341072083,-8.008484840393066,8.008484840393066,674,88
235,4283,specialized_enriched,max,6.521139144897461,0.8156070113182068,7.995442867279053,7.995442867279053,846,88
236,15733,specialized_enriched,mean,0.07318058609962463,0.009207414463162422,7.9480061531066895,7.9480061531066895,855,88
237,13879,base_enriched,active_fraction,-0.01739799976348877,0.002192252315580845,-7.936130046844482,7.936130046844482,659,88
238,9514,specialized_enriched,max,2.6908340454101562,0.3395322859287262,7.925119876861572,7.925119876861572,825,88
239,11414,base_enriched,max,-3.8501317501068115,0.48642316460609436,-7.915189743041992,7.915189743041992,636,88
240,7916,specialized_enriched,active_fraction,0.0061775385402143,0.0007819667225703597,7.9000020027160645,7.9000020027160645,838,88
241,10080,base_enriched,max,-7.766233444213867,0.9856458306312561,-7.879334926605225,7.879334926605225,865,88
242,5534,base_enriched,mean,-0.0791088342666626,0.01005028747022152,-7.87130069732666,7.87130069732666,803,88
243,3906,specialized_enriched,mean,0.07028045505285263,0.00898464024066925,7.82228946685791,7.82228946685791,867,88
244,6530,base_enriched,active_fraction,-0.014756446704268456,0.0018923961324617267,-7.797757625579834,7.797757625579834,650,88
245,2491,specialized_enriched,max,2.0859556198120117,0.2678145170211792,7.788806915283203,7.788806915283203,872,88
246,1316,base_enriched,max,-5.404324054718018,0.6938815116882324,-7.788540363311768,7.788540363311768,646,88
247,14252,base_enriched,max,-8.364359855651855,1.0797964334487915,-7.746237754821777,7.746237754821777,609,88
248,7112,specialized_enriched,max,3.6464004516601562,0.4709374010562897,7.742856025695801,7.742856025695801,838,88
249,389,base_enriched,max,-6.3447265625,0.8203185200691223,-7.734467029571533,7.734467029571533,726,88
250,191,base_enriched,max,-4.2627997398376465,0.5523704886436462,-7.717283725738525,7.717283725738525,692,88
251,16106,specialized_enriched,active_fraction,0.01784064806997776,0.0023139510303735733,7.7100372314453125,7.7100372314453125,867,88
252,7646,base_enriched,max,-9.794384002685547,1.2715697288513184,-7.702592849731445,7.702592849731445,507,88
253,7893,base_enriched,max,-4.629042625427246,0.6037629246711731,-7.666987419128418,7.666987419128418,675,88
254,9642,base_enriched,max,-4.745639324188232,0.6203725934028625,-7.649659633636475,7.649659633636475,754,88
255,8516,base_enriched,mean,-0.12884248793125153,0.01685239002108574,-7.6453537940979,7.6453537940979,871,88
256,2043,specialized_enriched,active_fraction,0.011886348016560078,0.001556370873004198,7.637220859527588,7.637220859527588,871,88
257,14458,specialized_enriched,active_fraction,0.014189396053552628,0.0018635323503986,7.6142473220825195,7.6142473220825195,872,88
258,7988,specialized_enriched,mean,0.11586049944162369,0.015240241773426533,7.602274417877197,7.602274417877197,869,88
259,5859,base_enriched,max,-3.501112937927246,0.461579293012619,-7.585073471069336,7.585073471069336,870,88
260,15219,base_enriched,max,-5.5026936531066895,0.7278333306312561,-7.560376167297363,7.560376167297363,824,88
261,6892,base_enriched,max,-3.590406894683838,0.47634223103523254,-7.537452220916748,7.537452220916748,642,88
262,12076,specialized_enriched,mean,0.05012132599949837,0.00666941748932004,7.5150980949401855,7.5150980949401855,872,88
263,9875,specialized_enriched,max,3.202291488647461,0.4272874891757965,7.4944658279418945,7.4944658279418945,865,88
264,2094,base_enriched,max,-3.299168825149536,0.4418673813343048,-7.466423034667969,7.466423034667969,815,88
265,8166,specialized_enriched,mean,0.07593441754579544,0.010209882631897926,7.437345027923584,7.437345027923584,747,88
266,4320,specialized_enriched,mean,0.044665828347206116,0.006025840528309345,7.412381649017334,7.412381649017334,764,88
267,1769,specialized_enriched,max,1.7659519910812378,0.24032695591449738,7.348122596740723,7.348122596740723,870,88
268,269,base_enriched,max,-3.269379138946533,0.4449979364871979,-7.346953392028809,7.346953392028809,741,88
269,2447,specialized_enriched,mean,0.06514260917901993,0.008901151828467846,7.318447113037109,7.318447113037109,863,88
270,7686,base_enriched,max,-2.61844801902771,0.35928207635879517,-7.288000583648682,7.288000583648682,610,88
271,4124,specialized_enriched,mean,0.04747254028916359,0.006543039809912443,7.255425930023193,7.255425930023193,870,88
272,8878,base_enriched,active_fraction,-0.04206543788313866,0.005818602163344622,-7.229475021362305,7.229475021362305,717,88
273,2220,specialized_enriched,mean,0.07043623924255371,0.009765814989805222,7.212530612945557,7.212530612945557,871,88
274,1853,specialized_enriched,max,2.7562930583953857,0.383339524269104,7.190213680267334,7.190213680267334,868,88
275,11814,specialized_enriched,active_fraction,0.006304461508989334,0.0008791116997599602,7.17140007019043,7.17140007019043,804,88
276,16367,base_enriched,max,-2.2374954223632812,0.3126746118068695,-7.155986785888672,7.155986785888672,806,88
277,9794,base_enriched,max,-4.560837745666504,0.6385553479194641,-7.142431259155273,7.142431259155273,768,88
278,8238,specialized_enriched,max,3.840257167816162,0.5382223129272461,7.13507604598999,7.13507604598999,827,88
279,9296,base_enriched,max,-3.459738254547119,0.4854657053947449,-7.126637935638428,7.126637935638428,746,88
280,10068,specialized_enriched,max,5.283350944519043,0.7420358061790466,7.120075702667236,7.120075702667236,832,88
281,12211,specialized_enriched,mean,0.06876663118600845,0.009670768864452839,7.110771656036377,7.110771656036377,866,88
282,13230,base_enriched,max,-6.532974720001221,0.9190788269042969,-7.1081767082214355,7.1081767082214355,732,88
283,7583,base_enriched,max,-4.821034908294678,0.6791419982910156,-7.098714351654053,7.098714351654053,872,88
284,13114,base_enriched,max,-7.0975165367126465,1.0054895877838135,-7.058766841888428,7.058766841888428,748,88
285,12956,specialized_enriched,active_fraction,0.015482578426599503,0.0022300982382148504,6.942554473876953,6.942554473876953,831,88
286,13459,base_enriched,max,-3.009366989135742,0.4337071478366852,-6.93870735168457,6.93870735168457,837,88
287,1078,base_enriched,active_fraction,-0.012771951965987682,0.0018418044783174992,-6.934477806091309,6.934477806091309,804,88
288,5303,specialized_enriched,active_fraction,0.01059078797698021,0.0015369899338111281,6.890603542327881,6.890603542327881,870,88
289,11644,specialized_enriched,mean,0.08243663609027863,0.011963787488639355,6.8905134201049805,6.8905134201049805,871,88
290,2117,specialized_enriched,max,2.723289966583252,0.3959277272224426,6.8782501220703125,6.8782501220703125,842,88
291,6772,specialized_enriched,max,3.956972122192383,0.575939953327179,6.87045955657959,6.87045955657959,840,88
292,1705,base_enriched,active_fraction,-0.013067547231912613,0.0019051211420446634,-6.859168529510498,6.859168529510498,667,88
293,6758,specialized_enriched,mean,0.08054617792367935,0.01177209336310625,6.842128753662109,6.842128753662109,871,88
294,5337,base_enriched,max,-3.513460636138916,0.5144212245941162,-6.829929351806641,6.829929351806641,870,88
295,10669,specialized_enriched,active_fraction,0.01097782887518406,0.0016078638145700097,6.8275861740112305,6.8275861740112305,847,88
296,3352,base_enriched,max,-3.909102439880371,0.5726155638694763,-6.826748371124268,6.826748371124268,560,88
297,3605,base_enriched,active_fraction,-0.0077105057425796986,0.0011325213126838207,-6.808265686035156,6.808265686035156,624,88
298,1024,specialized_enriched,mean,0.07188479602336884,0.010571211576461792,6.800052642822266,6.800052642822266,871,88
299,15881,specialized_enriched,active_fraction,0.014730914495885372,0.0021756822243332863,6.770710468292236,6.770710468292236,870,88
300,14285,base_enriched,max,-9.115156173706055,1.3475582599639893,-6.764202117919922,6.764202117919922,532,88
301,5763,base_enriched,active_fraction,-0.008234529756009579,0.0012200975324958563,-6.749074935913086,6.749074935913086,573,88
302,7690,base_enriched,active_fraction,-0.009649924002587795,0.0014320049667730927,-6.738750457763672,6.738750457763672,859,88
303,12919,specialized_enriched,active_fraction,0.00908949226140976,0.0013508497504517436,6.728722095489502,6.728722095489502,858,88
304,2942,base_enriched,max,-4.603738307952881,0.6859704852104187,-6.711277484893799,6.711277484893799,787,88
305,620,specialized_enriched,mean,0.04353967681527138,0.006493876688182354,6.704728126525879,6.704728126525879,870,88
306,9944,base_enriched,mean,-0.31226110458374023,0.046643588691949844,-6.694620132446289,6.694620132446289,866,88
307,8415,base_enriched,active_fraction,-0.01141283754259348,0.001704994821920991,-6.6937665939331055,6.6937665939331055,847,88
308,5832,specialized_enriched,max,4.5826873779296875,0.6846776008605957,6.693204879760742,6.693204879760742,846,88
309,49,base_enriched,mean,-0.03420710191130638,0.005116499029099941,-6.685646057128906,6.685646057128906,858,88
310,6915,base_enriched,active_fraction,-0.04816741123795509,0.007211071439087391,-6.679646968841553,6.679646968841553,817,88
311,10177,base_enriched,max,-9.077920913696289,1.3593145608901978,-6.67830753326416,6.67830753326416,749,88
312,5499,base_enriched,max,-0.8220260143280029,0.12348885089159012,-6.656682014465332,6.656682014465332,494,88
313,10507,specialized_enriched,active_fraction,0.005997555796056986,0.0009044593316502869,6.631094932556152,6.631094932556152,862,88
314,6225,specialized_enriched,mean,0.09886877238750458,0.015011679381132126,6.586123466491699,6.586123466491699,830,88
315,15728,specialized_enriched,active_fraction,0.011816867627203465,0.0017968013416975737,6.576613426208496,6.576613426208496,872,88
316,4096,specialized_enriched,mean,0.06737445294857025,0.010262294672429562,6.565242290496826,6.565242290496826,867,88
317,4893,specialized_enriched,active_fraction,0.026770036667585373,0.004080591257661581,6.560332775115967,6.560332775115967,871,88
318,10033,base_enriched,active_fraction,-0.008857877925038338,0.001351858489215374,-6.552370548248291,6.552370548248291,833,88
319,4504,base_enriched,max,-4.122800350189209,0.629787027835846,-6.546340465545654,6.546340465545654,777,88
320,16156,specialized_enriched,active_fraction,0.00783167127519846,0.0011982854921370745,6.535730838775635,6.535730838775635,862,88
321,4452,base_enriched,active_fraction,-0.007715269457548857,0.001181118655949831,-6.532171249389648,6.532171249389648,835,88
322,9826,specialized_enriched,mean,0.057972345501184464,0.008905565366148949,6.509675979614258,6.509675979614258,865,88
323,14353,specialized_enriched,mean,0.04624294862151146,0.00710455933585763,6.508911609649658,6.508911609649658,872,88
324,16140,base_enriched,active_fraction,-0.024198727682232857,0.003734668716788292,-6.479484558105469,6.479484558105469,621,88
325,7360,specialized_enriched,max,2.7474541664123535,0.42451342940330505,6.472007751464844,6.472007751464844,862,88
326,8840,specialized_enriched,mean,0.07252823561429977,0.011214773170650005,6.467205047607422,6.467205047607422,871,88
327,4457,specialized_enriched,active_fraction,0.009359776973724365,0.0014494640054181218,6.4574055671691895,6.4574055671691895,871,88
328,11143,specialized_enriched,active_fraction,0.00901707448065281,0.0013970897998660803,6.454184055328369,6.454184055328369,870,88
329,8958,base_enriched,active_fraction,-0.01887856423854828,0.0029320605099201202,-6.438668251037598,6.438668251037598,784,88
330,175,base_enriched,active_fraction,-0.016878632828593254,0.002624824410304427,-6.430385589599609,6.430385589599609,870,88
331,902,specialized_enriched,mean,0.06120412051677704,0.009571267291903496,6.394567966461182,6.394567966461182,871,88
332,15249,base_enriched,active_fraction,-0.01566380262374878,0.0024519760627299547,-6.3882365226745605,6.3882365226745605,572,88
333,6929,specialized_enriched,active_fraction,0.006157773081213236,0.0009645952377468348,6.383789539337158,6.383789539337158,867,88
334,12850,base_enriched,max,-4.412443161010742,0.6914780139923096,-6.381176471710205,6.381176471710205,700,88
335,8985,base_enriched,max,-5.2602949142456055,0.824899435043335,-6.376892566680908,6.376892566680908,759,88
336,11334,specialized_enriched,mean,0.03924141824245453,0.006182058714330196,6.347629547119141,6.347629547119141,870,88
337,1621,base_enriched,active_fraction,-0.021955206990242004,0.0034643104299902916,-6.337540149688721,6.337540149688721,857,88
338,1974,specialized_enriched,mean,0.04180368781089783,0.006596510764211416,6.337242603302002,6.337242603302002,869,88
339,8098,base_enriched,max,-2.4271597862243652,0.38355934619903564,-6.3279900550842285,6.3279900550842285,761,88
340,11241,base_enriched,max,-3.9934887886047363,0.6314659118652344,-6.324155807495117,6.324155807495117,647,88
341,7445,specialized_enriched,max,2.871032476425171,0.45442456007003784,6.317951679229736,6.317951679229736,840,88
342,4201,base_enriched,max,-0.5229480862617493,0.08286218345165253,-6.311058521270752,6.311058521270752,510,88
343,11901,base_enriched,max,-2.979146957397461,0.4721858501434326,-6.309267520904541,6.309267520904541,866,88
344,6311,base_enriched,mean,-0.043311771005392075,0.0068811033852398396,-6.29430627822876,6.29430627822876,848,88
345,10366,base_enriched,active_fraction,-0.0108027970418334,0.0017180090071633458,-6.287974834442139,6.287974834442139,868,88
346,10072,base_enriched,max,-4.818338871002197,0.7673884630203247,-6.278878211975098,6.278878211975098,791,88
347,12728,base_enriched,active_fraction,-0.016595885157585144,0.002645702101290226,-6.272771835327148,6.272771835327148,845,88
348,6517,base_enriched,max,-1.3235783576965332,0.2119613140821457,-6.244433403015137,6.244433403015137,625,88
349,4751,specialized_enriched,active_fraction,0.013745524920523167,0.00220875209197402,6.223208427429199,6.223208427429199,870,88
350,3084,base_enriched,max,-3.247058868408203,0.5221203565597534,-6.218985557556152,6.218985557556152,540,88
351,1355,specialized_enriched,mean,0.052551962435245514,0.008461570367217064,6.210662841796875,6.210662841796875,860,88
352,7519,base_enriched,mean,-0.11396122723817825,0.01837955415248871,-6.200434684753418,6.200434684753418,872,88
353,13329,specialized_enriched,active_fraction,0.014405964873731136,0.0023260554298758507,6.193302631378174,6.193302631378174,872,88
354,13431,specialized_enriched,active_fraction,0.014435089193284512,0.0023308703675866127,6.1930036544799805,6.1930036544799805,870,88
355,10849,specialized_enriched,active_fraction,0.013882908038794994,0.002247392199933529,6.177340984344482,6.177340984344482,870,88
356,11070,base_enriched,active_fraction,-0.024318641051650047,0.003937455825507641,-6.176231861114502,6.176231861114502,852,88
357,11863,base_enriched,mean,-0.08139753341674805,0.013330329209566116,-6.1061906814575195,6.1061906814575195,856,88
358,14797,base_enriched,max,-3.4878225326538086,0.5716294050216675,-6.1015448570251465,6.1015448570251465,829,88
359,12216,base_enriched,max,-2.9681005477905273,0.48707911372184753,-6.093672275543213,6.093672275543213,694,88
360,6746,base_enriched,active_fraction,-0.010642960667610168,0.0017482012044638395,-6.087949275970459,6.087949275970459,858,88
361,3444,base_enriched,max,-2.601912260055542,0.4288036525249481,-6.067840576171875,6.067840576171875,867,88
362,12113,base_enriched,max,-2.577718496322632,0.42495834827423096,-6.06581449508667,6.06581449508667,828,88
363,10518,base_enriched,active_fraction,-0.01120048388838768,0.0018477676203474402,-6.0616302490234375,6.0616302490234375,820,88
364,1123,specialized_enriched,mean,0.05066985264420509,0.008361699059605598,6.059755802154541,6.059755802154541,784,88
365,7584,specialized_enriched,active_fraction,0.030034184455871582,0.004969713743776083,6.04344367980957,6.04344367980957,842,88
366,2595,base_enriched,active_fraction,-0.010881592519581318,0.0018006290774792433,-6.043217182159424,6.043217182159424,835,88
367,11232,base_enriched,max,-2.294281482696533,0.3799445629119873,-6.038463592529297,6.038463592529297,865,88
368,4383,specialized_enriched,active_fraction,0.011113738641142845,0.0018425241578370333,6.031800746917725,6.031800746917725,870,88
369,6277,specialized_enriched,active_fraction,0.013977015390992165,0.00232178857550025,6.01993465423584,6.01993465423584,870,88
370,3838,base_enriched,active_fraction,-0.012316965498030186,0.0020518703386187553,-6.002799034118652,6.002799034118652,670,88
371,3626,base_enriched,max,-4.354569435119629,0.7262839078903198,-5.99568510055542,5.99568510055542,728,88
372,5493,specialized_enriched,max,2.6238598823547363,0.4380108416080475,5.990399360656738,5.990399360656738,867,88
373,8520,base_enriched,active_fraction,-0.014583650045096874,0.0024346390273422003,-5.9900665283203125,5.9900665283203125,698,88
374,4803,specialized_enriched,active_fraction,0.006536457221955061,0.0010936132166534662,5.9769368171691895,5.9769368171691895,826,88
375,50,base_enriched,active_fraction,-0.00913656409829855,0.0015300946542993188,-5.971240997314453,5.971240997314453,739,88
376,1945,specialized_enriched,active_fraction,0.017507189884781837,0.0029342896305024624,5.966414928436279,5.966414928436279,870,88
377,6117,specialized_enriched,mean,0.10637295991182327,0.017863651737570763,5.954715251922607,5.954715251922607,870,88
378,3079,specialized_enriched,active_fraction,0.011807605624198914,0.001988191157579422,5.938868522644043,5.938868522644043,809,88
379,3663,base_enriched,max,-1.6662745475769043,0.28069496154785156,-5.936246871948242,5.936246871948242,872,88
380,14567,base_enriched,active_fraction,-0.011906557716429234,0.0020063130650669336,-5.93454647064209,5.93454647064209,870,88
381,183,specialized_enriched,active_fraction,0.018990343436598778,0.0032041568774729967,5.926783084869385,5.926783084869385,839,88
382,12591,specialized_enriched,active_fraction,0.015252100303769112,0.0025738724507391453,5.925740718841553,5.925740718841553,870,88
383,8059,specialized_enriched,active_fraction,0.006952729541808367,0.0011739894980564713,5.922309875488281,5.922309875488281,855,88
384,2039,base_enriched,mean,-0.05496978759765625,0.009281965903937817,-5.922214031219482,5.922214031219482,871,88
385,2697,specialized_enriched,mean,0.04247179254889488,0.007176057435572147,5.918541431427002,5.918541431427002,865,88
386,13540,base_enriched,active_fraction,-0.02631557360291481,0.004455059766769409,-5.906895637512207,5.906895637512207,868,88
387,2068,base_enriched,max,-4.97713041305542,0.8432533144950867,-5.9022955894470215,5.9022955894470215,589,88
388,1677,base_enriched,max,-3.213170051574707,0.5457723140716553,-5.8873820304870605,5.8873820304870605,828,88
389,14435,base_enriched,mean,-0.09068560600280762,0.015410050749778748,-5.8848347663879395,5.8848347663879395,872,88
390,3224,base_enriched,active_fraction,-0.004428979009389877,0.0007535340264439583,-5.877609729766846,5.877609729766846,544,88
391,12237,base_enriched,active_fraction,-0.011375658214092255,0.0019403373589739203,-5.862721920013428,5.862721920013428,871,88
392,6680,specialized_enriched,mean,0.06298232078552246,0.01075291633605957,5.857231616973877,5.857231616973877,867,88
393,13145,specialized_enriched,active_fraction,0.017640268430113792,0.0030145978089421988,5.851615905761719,5.851615905761719,796,88
394,4899,base_enriched,active_fraction,-0.02713036723434925,0.004642227198928595,-5.84425687789917,5.84425687789917,732,88
395,753,specialized_enriched,active_fraction,0.012744584120810032,0.0021829043980687857,5.8383612632751465,5.8383612632751465,868,88
396,12386,specialized_enriched,active_fraction,0.008989192545413971,0.0015429474879056215,5.825987339019775,5.825987339019775,609,88
397,16274,base_enriched,active_fraction,-0.009419206529855728,0.00163190346211195,-5.771914005279541,5.771914005279541,835,88
398,9563,base_enriched,active_fraction,-0.00800714734941721,0.001389215118251741,-5.763792037963867,5.763792037963867,705,88
399,2123,specialized_enriched,active_fraction,0.012535938061773777,0.002194358967244625,5.712801933288574,5.712801933288574,791,88
400,15996,specialized_enriched,active_fraction,0.016396651044487953,0.002877580700442195,5.698068141937256,5.698068141937256,868,88
401,4758,base_enriched,active_fraction,-0.0105442488566041,0.0018539362354204059,-5.687492847442627,5.687492847442627,815,88
402,6790,base_enriched,active_fraction,-0.0029221202712506056,0.0005145977484062314,-5.678455352783203,5.678455352783203,559,88
403,4892,base_enriched,active_fraction,-0.016241908073425293,0.0028679678216576576,-5.663211345672607,5.663211345672607,822,88
404,10247,specialized_enriched,max,2.0935592651367188,0.36973121762275696,5.662381649017334,5.662381649017334,863,88
405,5103,base_enriched,max,-4.63782262802124,0.8197557330131531,-5.657566547393799,5.657566547393799,554,88
406,12263,base_enriched,max,-1.6779705286026,0.296959787607193,-5.6504974365234375,5.6504974365234375,864,88
407,6683,base_enriched,max,-5.432456016540527,0.9619772434234619,-5.647177219390869,5.647177219390869,643,88
408,209,specialized_enriched,mean,0.02879171073436737,0.005098448134958744,5.647151947021484,5.647151947021484,871,88
409,15299,base_enriched,max,-2.07499098777771,0.3675423860549927,-5.645582675933838,5.645582675933838,866,88
410,4237,base_enriched,active_fraction,-0.0063612558878958225,0.0011332944268360734,-5.613065719604492,5.613065719604492,863,88
411,2,specialized_enriched,active_fraction,0.025127729400992393,0.004484094213694334,5.6037468910217285,5.6037468910217285,872,88
412,14081,specialized_enriched,mean,0.05262758210301399,0.009393018670380116,5.602839946746826,5.602839946746826,872,88
413,926,base_enriched,active_fraction,-0.013836963102221489,0.00247971061617136,-5.580071926116943,5.580071926116943,793,88
414,10018,specialized_enriched,mean,0.051777951419353485,0.009283605962991714,5.577353477478027,5.577353477478027,868,88
415,14627,base_enriched,max,-0.6803392767906189,0.12235542386770248,-5.560352325439453,5.560352325439453,548,88
416,596,specialized_enriched,mean,0.04726617410778999,0.008500702679157257,5.560266494750977,5.560266494750977,870,88
417,2312,base_enriched,active_fraction,-0.013819707557559013,0.002496422501280904,-5.535804748535156,5.535804748535156,864,88
418,2346,specialized_enriched,active_fraction,0.01944234035909176,0.0035136016085743904,5.533450603485107,5.533450603485107,871,88
419,12716,specialized_enriched,mean,0.0823582112789154,0.014884061180055141,5.533315658569336,5.533315658569336,871,88
420,9460,specialized_enriched,mean,0.029602548107504845,0.005352301523089409,5.5308074951171875,5.5308074951171875,869,88
421,15434,specialized_enriched,active_fraction,0.005036411806941032,0.0009109234088100493,5.5289082527160645,5.5289082527160645,833,88
422,11312,base_enriched,active_fraction,-0.007430152036249638,0.0013444554060697556,-5.526514530181885,5.526514530181885,862,88
423,7815,base_enriched,max,-4.000411033630371,0.7247567772865295,-5.519659996032715,5.519659996032715,794,88
424,15296,base_enriched,max,-2.3629541397094727,0.42817944288253784,-5.518607139587402,5.518607139587402,856,88
425,6809,specialized_enriched,mean,0.044609781354665756,0.008092530071735382,5.5124640464782715,5.5124640464782715,810,88
426,15443,base_enriched,mean,-0.0553600937128067,0.010045398958027363,-5.510990142822266,5.510990142822266,872,88
427,10961,base_enriched,max,-3.1328601837158203,0.5697030425071716,-5.499110698699951,5.499110698699951,752,88
428,16122,specialized_enriched,active_fraction,0.007949607446789742,0.001449319184757769,5.485063076019287,5.485063076019287,866,88
429,15418,base_enriched,max,-1.440425157546997,0.2627117931842804,-5.48291015625,5.48291015625,870,88
430,8025,base_enriched,max,-2.9222543239593506,0.5338613390922546,-5.4738078117370605,5.4738078117370605,846,88
431,9982,specialized_enriched,mean,0.0761449784040451,0.013934534974396229,5.464479446411133,5.464479446411133,870,88
432,9782,base_enriched,active_fraction,-0.02381581999361515,0.00436527281999588,-5.455746173858643,5.455746173858643,860,88
433,5742,specialized_enriched,max,2.3979809284210205,0.4445861577987671,5.393737316131592,5.393737316131592,841,88
434,1410,specialized_enriched,max,3.1918628215789795,0.5921099781990051,5.390658855438232,5.390658855438232,865,88
435,12533,base_enriched,active_fraction,-0.008407114073634148,0.0015602514613419771,-5.388307094573975,5.388307094573975,871,88
436,3554,specialized_enriched,active_fraction,0.017770519480109215,0.0033027869649231434,5.380461692810059,5.380461692810059,811,88
437,13276,base_enriched,max,-2.507449150085449,0.46626123785972595,-5.377777576446533,5.377777576446533,850,88
438,3990,specialized_enriched,active_fraction,0.00469070253893733,0.0008744279621168971,5.364309787750244,5.364309787750244,782,88
439,11265,specialized_enriched,mean,0.03643280640244484,0.006809419486671686,5.350354194641113,5.350354194641113,868,88
440,10705,base_enriched,max,-1.7754995822906494,0.3318805694580078,-5.3498148918151855,5.3498148918151855,496,88
441,1126,base_enriched,max,-3.0663881301879883,0.5738370418548584,-5.343656539916992,5.343656539916992,814,88
442,10619,specialized_enriched,active_fraction,0.013434920459985733,0.002516917185857892,5.337847709655762,5.337847709655762,870,88
443,8385,specialized_enriched,active_fraction,0.008419870398938656,0.0015781413530930877,5.335308074951172,5.335308074951172,872,88
444,15673,specialized_enriched,active_fraction,0.010544479824602604,0.0019889259710907936,5.3015947341918945,5.3015947341918945,867,88
445,14592,specialized_enriched,mean,0.047887686640024185,0.009039663709700108,5.2975077629089355,5.2975077629089355,871,88
446,10036,base_enriched,mean,-0.056185025721788406,0.010606857016682625,-5.2970476150512695,5.2970476150512695,872,88
447,13746,base_enriched,max,-1.0635969638824463,0.20084473490715027,-5.295618057250977,5.295618057250977,809,88
448,5456,specialized_enriched,mean,0.05834253132343292,0.011046823114156723,5.28138542175293,5.28138542175293,868,88
449,16092,specialized_enriched,active_fraction,0.0030257911421358585,0.0005730211269110441,5.2804179191589355,5.2804179191589355,805,88
450,4896,specialized_enriched,max,2.5956156253814697,0.49217361211776733,5.273780345916748,5.273780345916748,864,88
451,4196,specialized_enriched,mean,0.04025774076581001,0.0076428791508078575,5.26735258102417,5.26735258102417,872,88
452,14089,base_enriched,active_fraction,-0.005024586338549852,0.0009562791674397886,-5.254309177398682,5.254309177398682,687,88
453,5268,specialized_enriched,mean,0.041406888514757156,0.00790389534085989,5.238795280456543,5.238795280456543,865,88
454,14316,specialized_enriched,active_fraction,0.005774999037384987,0.001103803631849587,5.231907844543457,5.231907844543457,868,88
455,2828,specialized_enriched,active_fraction,0.008721817284822464,0.0016686171293258667,5.226973533630371,5.226973533630371,872,88
456,13475,specialized_enriched,active_fraction,0.0035140723921358585,0.0006725952844135463,5.224646091461182,5.224646091461182,634,88
457,14822,base_enriched,max,-5.747043132781982,1.1010003089904785,-5.219837665557861,5.219837665557861,598,88
458,4245,base_enriched,active_fraction,-0.020398782566189766,0.003909634426236153,-5.2175679206848145,5.2175679206848145,821,88
459,13356,specialized_enriched,mean,0.055463213473558426,0.010673870332539082,5.1961669921875,5.1961669921875,868,88
460,9741,specialized_enriched,active_fraction,0.021513614803552628,0.004153413698077202,5.179742813110352,5.179742813110352,870,88
461,8778,base_enriched,max,-5.214537143707275,1.008263349533081,-5.17180061340332,5.17180061340332,811,88
462,1657,base_enriched,mean,-0.04876233637332916,0.009438721463084221,-5.166201591491699,5.166201591491699,872,88
463,15571,base_enriched,max,-4.266238212585449,0.8265555500984192,-5.161465644836426,5.161465644836426,686,88
464,797,specialized_enriched,mean,0.057771388441324234,0.011193879880011082,5.160979747772217,5.160979747772217,872,88
465,11608,base_enriched,max,-0.9938681125640869,0.19281691312789917,-5.154465198516846,5.154465198516846,862,88
466,5967,base_enriched,max,-1.120185375213623,0.21742159128189087,-5.152134895324707,5.152134895324707,871,88
467,15784,base_enriched,max,-1.9036688804626465,0.36976030468940735,-5.148386478424072,5.148386478424072,867,88
468,3065,specialized_enriched,max,4.82421875,0.939478874206543,5.1349945068359375,5.1349945068359375,842,88
469,15952,specialized_enriched,mean,0.07423233985900879,0.014466499909758568,5.131326675415039,5.131326675415039,867,88
470,16244,specialized_enriched,mean,0.05940736457705498,0.011597257107496262,5.122535705566406,5.122535705566406,846,88
471,4680,base_enriched,max,-5.151571750640869,1.0070140361785889,-5.115690231323242,5.115690231323242,728,88
472,5152,base_enriched,max,-1.2032203674316406,0.23553939163684845,-5.108361721038818,5.108361721038818,824,88
473,14234,specialized_enriched,active_fraction,0.018730713054537773,0.0036695976741611958,5.1042962074279785,5.1042962074279785,871,88
474,8096,base_enriched,mean,-0.03717371076345444,0.007289985194802284,-5.099284648895264,5.099284648895264,869,88
475,5240,specialized_enriched,max,1.6681913137435913,0.3272375464439392,5.097799301147461,5.097799301147461,863,88
476,10825,base_enriched,max,-5.377175807952881,1.0560861825942993,-5.091607093811035,5.091607093811035,665,88
477,15872,base_enriched,active_fraction,-0.01139844860881567,0.0022414352279156446,-5.085334777832031,5.085334777832031,864,88
478,4726,base_enriched,active_fraction,-0.0067781670950353146,0.00133334391284734,-5.083584785461426,5.083584785461426,838,88
479,7727,specialized_enriched,max,3.4916605949401855,0.6874952912330627,5.0788140296936035,5.0788140296936035,841,88
480,7678,base_enriched,max,-2.0621819496154785,0.4061298072338104,-5.077642440795898,5.077642440795898,839,88
481,1673,base_enriched,max,-3.8061773777008057,0.7505394816398621,-5.071255207061768,5.071255207061768,731,88
482,15016,base_enriched,max,-2.9701080322265625,0.5864860415458679,-5.064243316650391,5.064243316650391,818,88
483,11368,specialized_enriched,max,1.592814326286316,0.31495752930641174,5.057235240936279,5.057235240936279,798,88
484,9672,specialized_enriched,active_fraction,0.008099844679236412,0.0016017165035009384,5.05697774887085,5.05697774887085,868,88
485,615,specialized_enriched,active_fraction,0.011720932088792324,0.002324578119441867,5.042176246643066,5.042176246643066,870,88
486,9879,base_enriched,max,-1.903397560119629,0.37752261757850647,-5.041810512542725,5.041810512542725,854,88
487,5635,specialized_enriched,active_fraction,0.00626235781237483,0.0012426626635715365,5.0394673347473145,5.0394673347473145,833,88
488,4138,base_enriched,active_fraction,-0.008386523462831974,0.0016662324778735638,-5.0332255363464355,5.0332255363464355,866,88
489,10886,specialized_enriched,mean,0.08153583854436874,0.016229430213570595,5.02394962310791,5.02394962310791,869,88
490,12360,base_enriched,max,-0.9581906199455261,0.19084015488624573,-5.020906925201416,5.020906925201416,799,88
491,3823,specialized_enriched,active_fraction,0.010934359394013882,0.0021805688738822937,5.0144524574279785,5.0144524574279785,870,88
492,5907,specialized_enriched,mean,0.04527534544467926,0.009036917239427567,5.010043144226074,5.010043144226074,869,88
493,5316,specialized_enriched,mean,0.056403085589408875,0.011280904524028301,4.99987268447876,4.99987268447876,870,88
494,1874,base_enriched,max,-1.5781794786453247,0.3161934018135071,-4.991184234619141,4.991184234619141,871,88
495,7816,specialized_enriched,active_fraction,0.025517787784337997,0.005125841591507196,4.978262901306152,4.978262901306152,870,88
496,8291,base_enriched,max,-1.1654001474380493,0.2344696968793869,-4.970365524291992,4.970365524291992,757,88
497,503,specialized_enriched,active_fraction,0.02860911190509796,0.0057777115143835545,4.951633930206299,4.951633930206299,723,88
498,15040,specialized_enriched,max,4.2292561531066895,0.8546726703643799,4.948392868041992,4.948392868041992,816,88
499,13503,base_enriched,max,-1.4019008874893188,0.28376418352127075,-4.940372943878174,4.940372943878174,812,88
500,962,specialized_enriched,mean,0.06624303758144379,0.013408659026026726,4.940317630767822,4.940317630767822,826,88
501,7865,specialized_enriched,mean,0.04763934016227722,0.009646215476095676,4.938655853271484,4.938655853271484,870,88
502,1997,specialized_enriched,mean,0.020495649427175522,0.004155701491981745,4.931934833526611,4.931934833526611,847,88
503,10087,specialized_enriched,max,2.4828124046325684,0.5052945017814636,4.913594722747803,4.913594722747803,845,88
504,10824,base_enriched,active_fraction,-0.006559310015290976,0.0013349484652280807,-4.913530349731445,4.913530349731445,543,88
505,12031,specialized_enriched,max,4.231368064880371,0.8627256751060486,4.904650688171387,4.904650688171387,816,88
506,3094,base_enriched,max,-3.735222101211548,0.7620183825492859,-4.901748180389404,4.901748180389404,652,88
507,1428,base_enriched,max,-1.9202784299850464,0.39200082421302795,-4.8986592292785645,4.8986592292785645,753,88
508,2263,specialized_enriched,mean,0.035135455429553986,0.007173708640038967,4.897809028625488,4.897809028625488,869,88
509,15039,specialized_enriched,mean,0.04560770466923714,0.009330461733043194,4.8880438804626465,4.8880438804626465,871,88
510,3633,base_enriched,max,-0.8881427049636841,0.18179088830947876,-4.8855180740356445,4.8855180740356445,694,88
511,13453,specialized_enriched,active_fraction,0.004685406573116779,0.0009591616108082235,4.884897708892822,4.884897708892822,741,88
512,2728,base_enriched,max,-0.6144803762435913,0.12585216760635376,-4.882556915283203,4.882556915283203,204,88
513,2930,specialized_enriched,mean,0.03472217172384262,0.007115235086530447,4.879975318908691,4.879975318908691,846,88
514,11251,specialized_enriched,max,2.1608262062072754,0.4429566264152527,4.8781890869140625,4.8781890869140625,869,88
515,11400,specialized_enriched,mean,0.04339571297168732,0.00889719370752573,4.877460956573486,4.877460956573486,863,88
516,4587,specialized_enriched,max,1.5046783685684204,0.3084999918937683,4.877401828765869,4.877401828765869,866,88
517,3277,specialized_enriched,mean,0.08171812444925308,0.016853703185915947,4.848674774169922,4.848674774169922,869,88
518,14882,base_enriched,max,-0.7510992288589478,0.1550140082836151,-4.845363616943359,4.845363616943359,212,88
519,15071,specialized_enriched,active_fraction,0.02542639523744583,0.005248470697551966,4.844533920288086,4.844533920288086,791,88
520,11014,specialized_enriched,active_fraction,0.013618433848023415,0.0028123464435338974,4.842374324798584,4.842374324798584,849,88
521,5835,base_enriched,max,-3.1015465259552,0.6411005854606628,-4.837846755981445,4.837846755981445,735,88
522,11448,specialized_enriched,active_fraction,0.018395083025097847,0.003805934451520443,4.833263397216797,4.833263397216797,856,88
523,2920,base_enriched,max,-0.5234636068344116,0.108389712870121,-4.829458236694336,4.829458236694336,687,88
524,325,specialized_enriched,active_fraction,0.0037796020042151213,0.0007826843648217618,4.829024314880371,4.829024314880371,532,88
525,13542,specialized_enriched,active_fraction,0.002625452121719718,0.0005440665991045535,4.825607776641846,4.825607776641846,841,88
526,3104,specialized_enriched,active_fraction,0.015597915276885033,0.003232517745345831,4.825314521789551,4.825314521789551,869,88
527,7475,specialized_enriched,active_fraction,0.008192284032702446,0.0016990323783829808,4.82173490524292,4.82173490524292,870,88
528,6320,base_enriched,max,-2.408007860183716,0.49949920177459717,-4.8208441734313965,4.8208441734313965,430,88
529,12962,base_enriched,max,-4.8267645835876465,1.0040873289108276,-4.807116508483887,4.807116508483887,590,88
530,9897,specialized_enriched,mean,0.03169822692871094,0.006614936515688896,4.791916847229004,4.791916847229004,830,88
531,7033,base_enriched,max,-1.3784111738204956,0.2880077660083771,-4.786020755767822,4.786020755767822,846,88
532,4934,specialized_enriched,active_fraction,0.015532241202890873,0.0032466526608914137,4.784078598022461,4.784078598022461,501,88
533,6315,base_enriched,max,-3.987243413925171,0.8348822593688965,-4.775815010070801,4.775815010070801,853,88
534,13488,specialized_enriched,active_fraction,0.022745328024029732,0.0047653610818088055,4.773054599761963,4.773054599761963,710,88
535,7602,specialized_enriched,active_fraction,0.010661236010491848,0.0022360312286764383,4.767928123474121,4.767928123474121,827,88
536,4405,specialized_enriched,active_fraction,0.0060800244100391865,0.0012758556986227632,4.765448093414307,4.765448093414307,864,88
537,8959,specialized_enriched,active_fraction,0.005406996235251427,0.0011371888685971498,4.754703998565674,4.754703998565674,846,88
538,12481,specialized_enriched,mean,0.03987547382712364,0.008389497175812721,4.753023147583008,4.753023147583008,870,88
539,4530,base_enriched,active_fraction,-0.004903438501060009,0.0010319616412743926,-4.751570701599121,4.751570701599121,802,88
540,7232,base_enriched,max,-0.9321107268333435,0.1964990198612213,-4.743589878082275,4.743589878082275,870,88
541,1402,base_enriched,max,-2.813194990158081,0.5947237014770508,-4.730255603790283,4.730255603790283,232,88
542,6184,specialized_enriched,active_fraction,0.011036433279514313,0.002336369128897786,4.723753929138184,4.723753929138184,871,88
543,13057,specialized_enriched,mean,0.05825042724609375,0.012332342565059662,4.723387241363525,4.723387241363525,872,88
544,7196,specialized_enriched,active_fraction,0.017647001892328262,0.0037383586168289185,4.720521450042725,4.720521450042725,557,88
545,8545,specialized_enriched,active_fraction,0.020009124651551247,0.004239264875650406,4.719951629638672,4.719951629638672,537,88
546,11162,base_enriched,max,-1.4437568187713623,0.30591022968292236,-4.719543933868408,4.719543933868408,502,88
547,3536,base_enriched,max,-2.2204647064208984,0.4706781804561615,-4.717586040496826,4.717586040496826,863,88
548,7086,specialized_enriched,mean,0.04181201756000519,0.008864966221153736,4.716545581817627,4.716545581817627,700,88
549,13709,base_enriched,active_fraction,-0.012164359912276268,0.0025802701711654663,-4.714374542236328,4.714374542236328,567,88
550,12781,specialized_enriched,mean,0.03679276257753372,0.007813844829797745,4.708662986755371,4.708662986755371,871,88
551,4767,base_enriched,active_fraction,-0.022200757637619972,0.004714887123554945,-4.708651065826416,4.708651065826416,872,88
552,3484,specialized_enriched,mean,0.0759287104010582,0.016126802191138268,4.708230972290039,4.708230972290039,836,88
553,13579,specialized_enriched,active_fraction,0.008447620086371899,0.0017947895685210824,4.706746578216553,4.706746578216553,872,88
554,8175,specialized_enriched,active_fraction,0.004188484512269497,0.0008906115544959903,4.702930927276611,4.702930927276611,851,88
555,14713,base_enriched,active_fraction,-0.003703503170982003,0.0007888010004535317,-4.695104598999023,4.695104598999023,773,88
556,15199,base_enriched,max,-1.4968841075897217,0.3190217614173889,-4.6921067237854,4.6921067237854,861,88
557,658,specialized_enriched,active_fraction,0.015045493841171265,0.00320810335688293,4.689840793609619,4.689840793609619,518,88
558,10843,base_enriched,mean,-0.08968296647071838,0.019242573529481888,-4.660653591156006,4.660653591156006,871,88
559,2857,base_enriched,max,-1.9779977798461914,0.4250471293926239,-4.6535964012146,4.6535964012146,627,88
560,7319,base_enriched,active_fraction,-0.005399579647928476,0.0011608765926212072,-4.651295185089111,4.651295185089111,688,88
561,7188,specialized_enriched,active_fraction,0.019531382247805595,0.004201496485620737,4.648672580718994,4.648672580718994,839,88
562,15381,specialized_enriched,active_fraction,0.018022697418928146,0.0038841816131025553,4.640024185180664,4.640024185180664,861,88
563,10327,specialized_enriched,active_fraction,0.0069242967292666435,0.0014931750483810902,4.6372971534729,4.6372971534729,871,88
564,3987,specialized_enriched,max,3.822925329208374,0.8250301480293274,4.633679389953613,4.633679389953613,550,88
565,7934,base_enriched,active_fraction,-0.017216384410858154,0.0037159454077482224,-4.633110046386719,4.633110046386719,865,88
566,6083,specialized_enriched,mean,0.09539354592561722,0.020591391250491142,4.6326904296875,4.6326904296875,762,88
567,9653,specialized_enriched,active_fraction,0.012868535704910755,0.002781569492071867,4.6263580322265625,4.6263580322265625,727,88
568,13607,specialized_enriched,mean,0.055233173072338104,0.011957990936934948,4.618934154510498,4.618934154510498,871,88
569,13671,base_enriched,max,-1.787808895111084,0.38713666796684265,-4.618030548095703,4.618030548095703,859,88
570,6417,base_enriched,max,-1.2853652238845825,0.2786606550216675,-4.612654209136963,4.612654209136963,872,88
571,5558,base_enriched,mean,-0.033372409641742706,0.0072380369529128075,-4.61069917678833,4.61069917678833,807,88
572,201,specialized_enriched,mean,0.07166073471307755,0.015564785338938236,4.604029655456543,4.604029655456543,872,88
573,11301,base_enriched,max,-1.4007658958435059,0.304425984621048,-4.601335048675537,4.601335048675537,764,88
574,10255,specialized_enriched,active_fraction,0.01092764362692833,0.0023762488272041082,4.598694801330566,4.598694801330566,805,88
575,12793,specialized_enriched,active_fraction,0.00815452728420496,0.0017758941976353526,4.591786861419678,4.591786861419678,870,88
576,8164,specialized_enriched,mean,0.08935848623514175,0.019476601853966713,4.587991714477539,4.587991714477539,870,88
577,1317,base_enriched,max,-0.3481195569038391,0.07589911669492722,-4.58660888671875,4.58660888671875,392,88
578,1774,specialized_enriched,active_fraction,0.02608354203402996,0.005694014020264149,4.580870628356934,4.580870628356934,686,88
579,1755,base_enriched,max,-1.1987826824188232,0.2617641091346741,-4.579629898071289,4.579629898071289,859,88
580,941,specialized_enriched,active_fraction,0.008279223926365376,0.00181253079790622,4.567770004272461,4.567770004272461,868,88
581,12439,base_enriched,max,-0.6629996299743652,0.1452099084854126,-4.565801620483398,4.565801620483398,725,88
582,15997,specialized_enriched,active_fraction,0.010849247686564922,0.002376869088038802,4.564512252807617,4.564512252807617,534,88
583,14470,base_enriched,max,-2.3135719299316406,0.5068889260292053,-4.564258098602295,4.564258098602295,871,88
584,14928,specialized_enriched,mean,0.04173118248581886,0.009177683852612972,4.547027587890625,4.547027587890625,872,88
585,13370,specialized_enriched,active_fraction,0.01782654970884323,0.00392122520133853,4.546168327331543,4.546168327331543,721,88
586,5341,base_enriched,max,-3.1535451412200928,0.6943322420120239,-4.541838645935059,4.541838645935059,828,88
587,10887,specialized_enriched,active_fraction,0.009247181005775928,0.00204044790007174,4.5319366455078125,4.5319366455078125,871,88
588,11418,specialized_enriched,active_fraction,0.022033460438251495,0.00486202584579587,4.531744956970215,4.531744956970215,552,88
589,1074,specialized_enriched,active_fraction,0.009466047398746014,0.002091471804305911,4.526021957397461,4.526021957397461,841,88
590,10553,base_enriched,active_fraction,-0.01601485349237919,0.0035422146320343018,-4.521141529083252,4.521141529083252,750,88
591,10321,base_enriched,max,-2.415189027786255,0.5344717502593994,-4.518833637237549,4.518833637237549,787,88
592,15014,specialized_enriched,mean,0.03185926750302315,0.007050738669931889,4.518571376800537,4.518571376800537,866,88
593,1558,base_enriched,max,-0.8897075057029724,0.1972796618938446,-4.5098795890808105,4.5098795890808105,738,88
594,8185,specialized_enriched,max,1.6011083126068115,0.35535138845443726,4.505704402923584,4.505704402923584,864,88
595,2459,base_enriched,max,-2.935819387435913,0.6520898342132568,-4.502170085906982,4.502170085906982,781,88
596,13148,base_enriched,active_fraction,-0.008953697979450226,0.0019898104947060347,-4.49977445602417,4.49977445602417,869,88
597,14387,specialized_enriched,mean,0.08696813881397247,0.019351046532392502,4.494234561920166,4.494234561920166,869,88
598,10282,base_enriched,active_fraction,-0.012495705857872963,0.0027812751941382885,-4.492797374725342,4.492797374725342,870,88
599,1666,base_enriched,max,-0.5992982387542725,0.13342471420764923,-4.4916582107543945,4.4916582107543945,781,88
600,4013,specialized_enriched,mean,0.1437949240207672,0.032014235854148865,4.491593360900879,4.491593360900879,868,88
601,1471,specialized_enriched,active_fraction,0.00840072613209486,0.0018708488205447793,4.490328788757324,4.490328788757324,858,88
602,13050,specialized_enriched,active_fraction,0.021826544776558876,0.004861023277044296,4.490113258361816,4.490113258361816,666,88
603,14221,base_enriched,max,-2.7246878147125244,0.6070347428321838,-4.48852014541626,4.48852014541626,635,88
604,12857,specialized_enriched,active_fraction,0.01641859859228134,0.0036612404510378838,4.48443603515625,4.48443603515625,638,88
605,6893,specialized_enriched,active_fraction,0.02178291417658329,0.004861677996814251,4.480534076690674,4.480534076690674,694,88
606,4438,specialized_enriched,active_fraction,0.015388249419629574,0.0034351723734289408,4.479614734649658,4.479614734649658,598,88
607,8003,specialized_enriched,active_fraction,0.0026607601903378963,0.000594033976085484,4.479137897491455,4.479137897491455,851,88
608,7694,specialized_enriched,max,2.514375925064087,0.5623368620872498,4.4712982177734375,4.4712982177734375,864,88
609,11020,base_enriched,active_fraction,-0.001393686281517148,0.0003117587766610086,-4.470399379730225,4.470399379730225,559,88
610,1512,specialized_enriched,mean,0.03513314947485924,0.007861356250941753,4.469095230102539,4.469095230102539,868,88
611,16267,specialized_enriched,max,1.5895916223526,0.3559119701385498,4.466249465942383,4.466249465942383,789,88
612,13589,specialized_enriched,max,3.1608035564422607,0.7077317237854004,4.466104030609131,4.466104030609131,837,88
613,3997,specialized_enriched,active_fraction,0.007244695443660021,0.0016240716213360429,4.460822582244873,4.460822582244873,856,88
614,5070,specialized_enriched,mean,0.03592982143163681,0.008060220628976822,4.457672119140625,4.457672119140625,856,88
615,707,base_enriched,active_fraction,-0.007259102538228035,0.001630907878279686,-4.450958251953125,4.450958251953125,830,88
616,11203,specialized_enriched,active_fraction,0.009132438339293003,0.0020519113168120384,4.450698375701904,4.450698375701904,837,88
617,7844,base_enriched,max,-0.34573492407798767,0.0778053030371666,-4.4435906410217285,4.4435906410217285,204,88
618,2200,specialized_enriched,mean,0.045163389295339584,0.01016662735491991,4.442317962646484,4.442317962646484,872,88
619,12791,specialized_enriched,mean,0.05584688484668732,0.012589278630912304,4.4360671043396,4.4360671043396,872,88
620,7273,specialized_enriched,active_fraction,0.003450278425589204,0.0007788529619574547,4.429948329925537,4.429948329925537,581,88
621,15643,base_enriched,max,-2.349268674850464,0.5309129953384399,-4.424959659576416,4.424959659576416,732,88
622,7537,specialized_enriched,active_fraction,0.01717309281229973,0.0038863341324031353,4.4188408851623535,4.4188408851623535,463,88
623,1551,base_enriched,max,-1.971431016921997,0.4464941918849945,-4.415356636047363,4.415356636047363,561,88
624,8237,specialized_enriched,active_fraction,0.00955810584127903,0.002166979480534792,4.410796642303467,4.410796642303467,553,88
625,900,specialized_enriched,mean,0.050111860036849976,0.011375140398740768,4.405384063720703,4.405384063720703,868,88
626,598,base_enriched,active_fraction,-0.011879916302859783,0.00270252488553524,-4.395858287811279,4.395858287811279,734,88
627,2279,base_enriched,active_fraction,-0.00986792054027319,0.0022462671622633934,-4.393030643463135,4.393030643463135,808,88
628,14523,specialized_enriched,mean,0.12668035924434662,0.028877824544906616,4.3867692947387695,4.3867692947387695,842,88
629,13308,specialized_enriched,mean,0.0443255752325058,0.010113202966749668,4.382941246032715,4.382941246032715,847,88
630,7014,base_enriched,max,-1.2121593952178955,0.276593953371048,-4.382450580596924,4.382450580596924,869,88
631,445,specialized_enriched,mean,0.0430314876139164,0.00983735267072916,4.374295711517334,4.374295711517334,871,88
632,14854,specialized_enriched,active_fraction,0.0091358358040452,0.0020890242885798216,4.373254776000977,4.373254776000977,814,88
633,859,specialized_enriched,max,2.3354969024658203,0.5345371961593628,4.369194507598877,4.369194507598877,865,88
634,873,specialized_enriched,mean,0.033374037593603134,0.007641825824975967,4.36728572845459,4.36728572845459,865,88
635,8205,specialized_enriched,mean,0.058601416647434235,0.013437159359455109,4.361146450042725,4.361146450042725,872,88
636,2850,specialized_enriched,active_fraction,0.01768459938466549,0.004055969882756472,4.360140800476074,4.360140800476074,603,88
637,11010,base_enriched,max,-2.1987667083740234,0.5043541193008423,-4.359569072723389,4.359569072723389,840,88
638,3222,specialized_enriched,active_fraction,0.02952723018825054,0.006776224821805954,4.3574748039245605,4.3574748039245605,708,88
639,544,base_enriched,max,-1.184529423713684,0.2725377380847931,-4.34629487991333,4.34629487991333,780,88
640,2842,specialized_enriched,active_fraction,0.0029122994747012854,0.0006704153493046761,4.344022750854492,4.344022750854492,833,88
641,12989,base_enriched,max,-1.1410497426986694,0.26286712288856506,-4.340785503387451,4.340785503387451,714,88
642,2631,base_enriched,max,-0.8141487836837769,0.18758568167686462,-4.34014368057251,4.34014368057251,869,88
643,7325,specialized_enriched,active_fraction,0.012343987822532654,0.002844176022335887,4.340092658996582,4.340092658996582,841,88
644,14809,specialized_enriched,active_fraction,0.01478550024330616,0.003410371718928218,4.335451126098633,4.335451126098633,615,88
645,915,specialized_enriched,active_fraction,0.010529948398470879,0.0024320490192621946,4.3296613693237305,4.3296613693237305,871,88
646,15884,base_enriched,max,-0.5642669200897217,0.13041545450687408,-4.326687335968018,4.326687335968018,569,88
647,14195,base_enriched,max,-1.131240963935852,0.26163098216056824,-4.323803424835205,4.323803424835205,719,88
648,8851,base_enriched,active_fraction,-0.0198753010481596,0.0046038939617574215,-4.317063331604004,4.317063331604004,868,88
649,13552,specialized_enriched,active_fraction,0.006043580360710621,0.0014037095243111253,4.3054351806640625,4.3054351806640625,841,88
650,11805,specialized_enriched,active_fraction,0.01826019212603569,0.004242793656885624,4.303813457489014,4.303813457489014,870,88
651,7240,base_enriched,max,-1.7504996061325073,0.4068051278591156,-4.303041934967041,4.303041934967041,862,88
652,10193,specialized_enriched,active_fraction,0.012471860274672508,0.0029015580657869577,4.298332214355469,4.298332214355469,872,88
653,14642,specialized_enriched,max,3.272867441177368,0.7620034217834473,4.2950825691223145,4.2950825691223145,503,88
654,16150,base_enriched,active_fraction,-0.011668608523905277,0.0027192384004592896,-4.291131019592285,4.291131019592285,826,88
655,14692,specialized_enriched,active_fraction,0.009203888475894928,0.002147131832316518,4.286596775054932,4.286596775054932,866,88
656,6695,specialized_enriched,mean,0.08597242087125778,0.02005745843052864,4.286306858062744,4.286306858062744,871,88
657,7906,specialized_enriched,mean,0.02798263169825077,0.006537359673529863,4.2804179191589355,4.2804179191589355,871,88
658,11211,base_enriched,max,-1.7943222522735596,0.41943901777267456,-4.277909755706787,4.277909755706787,870,88
659,10050,specialized_enriched,mean,0.042183101177215576,0.00987173430621624,4.2731194496154785,4.2731194496154785,834,88
660,11589,base_enriched,active_fraction,-0.013368704356253147,0.003129097167402506,-4.272383689880371,4.272383689880371,739,88
661,15990,base_enriched,max,-1.4248648881912231,0.3335396647453308,-4.2719502449035645,4.2719502449035645,816,88
662,2363,specialized_enriched,mean,0.041682079434394836,0.009761737659573555,4.269944667816162,4.269944667816162,870,88
663,2136,base_enriched,max,-3.2245821952819824,0.7555644512176514,-4.267779350280762,4.267779350280762,776,88
664,12697,base_enriched,max,-1.8392850160598755,0.43125516176223755,-4.264957904815674,4.264957904815674,803,88
665,2721,base_enriched,mean,-0.5028161406517029,0.1179124265909195,-4.264318466186523,4.264318466186523,872,88
666,14758,specialized_enriched,active_fraction,0.0071090697310864925,0.0016681239940226078,4.261715412139893,4.261715412139893,871,88
667,11977,base_enriched,max,-1.0576921701431274,0.24831251800060272,-4.259520053863525,4.259520053863525,743,88
668,14269,specialized_enriched,active_fraction,0.017591893672943115,0.004136331379413605,4.253018379211426,4.253018379211426,869,88
669,6587,base_enriched,mean,-0.019134685397148132,0.004511347971856594,-4.241456508636475,4.241456508636475,843,88
670,9359,specialized_enriched,active_fraction,0.016748784109950066,0.003955938387662172,4.233833312988281,4.233833312988281,692,88
671,14608,base_enriched,max,-3.0087244510650635,0.7108362317085266,-4.232655048370361,4.232655048370361,624,88
672,741,specialized_enriched,active_fraction,0.005608492065221071,0.0013279920676723123,4.223287105560303,4.223287105560303,867,88
673,5326,base_enriched,max,-0.7770053744316101,0.18404515087604523,-4.2218194007873535,4.2218194007873535,748,88
674,12474,base_enriched,max,-1.2525254487991333,0.29696452617645264,-4.217761039733887,4.217761039733887,510,88
675,2809,base_enriched,max,-1.4823945760726929,0.3516174554824829,-4.215929985046387,4.215929985046387,249,88
676,664,specialized_enriched,active_fraction,0.002881560241803527,0.0006837378023192286,4.214422702789307,4.214422702789307,759,88
677,12839,specialized_enriched,max,2.0627384185791016,0.4897414743900299,4.211892604827881,4.211892604827881,809,88
678,3283,specialized_enriched,mean,0.02735602855682373,0.00649619335308671,4.211085796356201,4.211085796356201,866,88
679,3624,specialized_enriched,mean,0.08957281708717346,0.02128814533352852,4.207638263702393,4.207638263702393,844,88
680,260,base_enriched,max,-1.4758380651474,0.351082444190979,-4.20367956161499,4.20367956161499,784,88
681,125,specialized_enriched,active_fraction,0.012684551067650318,0.0030220872722566128,4.197281360626221,4.197281360626221,860,88
682,11202,base_enriched,max,-0.29448240995407104,0.07016416639089584,-4.197048664093018,4.197048664093018,206,88
683,13958,specialized_enriched,active_fraction,0.016629045829176903,0.003963927738368511,4.195093154907227,4.195093154907227,608,88
684,7440,specialized_enriched,mean,0.08348076045513153,0.019937608391046524,4.187099933624268,4.187099933624268,746,88
685,13457,base_enriched,active_fraction,-0.00655592093244195,0.0015665998216718435,-4.184808731079102,4.184808731079102,871,88
686,16052,specialized_enriched,max,0.8982671499252319,0.21484798192977905,4.180943012237549,4.180943012237549,870,88
687,5384,specialized_enriched,active_fraction,0.01210861187428236,0.002896381774917245,4.180599212646484,4.180599212646484,581,88
688,16042,specialized_enriched,active_fraction,0.0076212151907384396,0.001823690254241228,4.179007530212402,4.179007530212402,871,88
689,15070,specialized_enriched,active_fraction,0.008219785057008266,0.0019683472346514463,4.175983428955078,4.175983428955078,858,88
690,3457,specialized_enriched,mean,0.04599648341536522,0.01102693472057581,4.1712846755981445,4.1712846755981445,871,88
691,11525,specialized_enriched,active_fraction,0.0049253241159021854,0.0011809623101726174,4.170602321624756,4.170602321624756,872,88
692,2981,base_enriched,max,-1.247383713722229,0.2992914617061615,-4.167788982391357,4.167788982391357,872,88
693,9318,specialized_enriched,active_fraction,0.006934214849025011,0.0016638787928968668,4.167500019073486,4.167500019073486,750,88
694,491,base_enriched,active_fraction,-0.010004984214901924,0.002402404323220253,-4.164571285247803,4.164571285247803,773,88
695,8800,specialized_enriched,active_fraction,0.008234849199652672,0.001978381536900997,4.162416934967041,4.162416934967041,870,88
696,4445,base_enriched,max,-1.6632176637649536,0.3998684287071228,-4.159412384033203,4.159412384033203,298,88
697,14941,base_enriched,max,-1.0372614860534668,0.24945637583732605,-4.158087730407715,4.158087730407715,534,88
698,13080,specialized_enriched,active_fraction,0.014068372547626495,0.003387819044291973,4.152634143829346,4.152634143829346,868,88
699,14767,specialized_enriched,max,3.4262287616729736,0.8251972198486328,4.152011871337891,4.152011871337891,638,88
700,13616,specialized_enriched,active_fraction,0.004730916582047939,0.0011396881891414523,4.15106201171875,4.15106201171875,801,88
701,12549,specialized_enriched,mean,0.04284747689962387,0.010325077921152115,4.149845600128174,4.149845600128174,867,88
702,3827,specialized_enriched,mean,0.043316010385751724,0.010440852493047714,4.148704528808594,4.148704528808594,869,88
703,4397,base_enriched,max,-0.6545716524124146,0.15798653662204742,-4.143211841583252,4.143211841583252,792,88
704,8563,specialized_enriched,max,1.4798487424850464,0.3572850227355957,4.141927719116211,4.141927719116211,869,88
705,16306,base_enriched,active_fraction,-0.0022117525804787874,0.0005353500018827617,-4.13141393661499,4.13141393661499,711,88
706,4794,base_enriched,max,-0.6690452694892883,0.1620800644159317,-4.127869129180908,4.127869129180908,313,88
707,1728,base_enriched,max,-3.892575740814209,0.9430665969848633,-4.127572536468506,4.127572536468506,775,88
708,5916,specialized_enriched,active_fraction,0.017798729240894318,0.004312831908464432,4.12692403793335,4.12692403793335,645,88
709,14515,specialized_enriched,max,2.850363254547119,0.6907836198806763,4.126275062561035,4.126275062561035,457,88
710,11013,base_enriched,max,-1.3891465663909912,0.3370838165283203,-4.121071815490723,4.121071815490723,767,88
711,7177,base_enriched,max,-1.3318064212799072,0.3231835663318634,-4.1208977699279785,4.1208977699279785,823,88
712,1962,base_enriched,active_fraction,-0.006319631356745958,0.0015336747746914625,-4.120581150054932,4.120581150054932,777,88
713,14175,specialized_enriched,mean,0.03978995233774185,0.00966363400220871,4.117493629455566,4.117493629455566,863,88
714,1311,specialized_enriched,active_fraction,0.014236042276024818,0.003460944164544344,4.113340854644775,4.113340854644775,567,88
715,1362,specialized_enriched,active_fraction,0.004393812734633684,0.0010704542510211468,4.104624271392822,4.104624271392822,862,88
716,2098,specialized_enriched,mean,0.023536743596196175,0.005741450469940901,4.099442005157471,4.099442005157471,864,88
717,5879,base_enriched,max,-1.1379224061965942,0.2776835262775421,-4.0979108810424805,4.0979108810424805,868,88
718,410,base_enriched,active_fraction,-0.01279861107468605,0.003125642891973257,-4.09471321105957,4.09471321105957,869,88
719,3983,specialized_enriched,active_fraction,0.01229808758944273,0.0030082762241363525,4.088084697723389,4.088084697723389,869,88
720,3384,base_enriched,max,-1.1857330799102783,0.2907424867153168,-4.078293323516846,4.078293323516846,708,88
721,10459,specialized_enriched,active_fraction,0.003509947331622243,0.0008608486969023943,4.077310562133789,4.077310562133789,863,88
722,7039,specialized_enriched,active_fraction,0.010003129951655865,0.00245487317442894,4.07480525970459,4.07480525970459,871,88
723,7870,base_enriched,max,-3.780132532119751,0.9279555082321167,-4.073614120483398,4.073614120483398,494,88
724,5623,specialized_enriched,active_fraction,0.0069734794087708,0.0017134904628619552,4.069750785827637,4.069750785827637,870,88
725,13576,specialized_enriched,active_fraction,0.0027317136991769075,0.0006719233933836222,4.065513610839844,4.065513610839844,849,88
726,128,base_enriched,max,-1.2413835525512695,0.3054838180541992,-4.063663959503174,4.063663959503174,673,88
727,8792,specialized_enriched,mean,0.044485464692115784,0.010949221439659595,4.0628886222839355,4.0628886222839355,865,88
728,5953,specialized_enriched,mean,0.06138532608747482,0.01511683315038681,4.060726642608643,4.060726642608643,870,88
729,3110,specialized_enriched,active_fraction,0.016979634761810303,0.004181563854217529,4.06059455871582,4.06059455871582,675,88
730,569,base_enriched,max,-1.0624001026153564,0.2616683542728424,-4.060101509094238,4.060101509094238,869,88
731,1644,specialized_enriched,max,1.320348858833313,0.325490802526474,4.056486129760742,4.056486129760742,868,88
732,7788,base_enriched,max,-0.8300054669380188,0.20499993860721588,-4.048808574676514,4.048808574676514,834,88
733,15565,base_enriched,max,-0.5186637043952942,0.12813140451908112,-4.0479044914245605,4.0479044914245605,577,88
734,2173,specialized_enriched,mean,0.03830530121922493,0.009468864649534225,4.045395374298096,4.045395374298096,870,88
735,5529,specialized_enriched,active_fraction,0.0077606732957065105,0.0019213247578591108,4.0392303466796875,4.0392303466796875,821,88
736,13342,specialized_enriched,mean,0.05253012105822563,0.013006606139242649,4.038726329803467,4.038726329803467,868,88
737,12394,specialized_enriched,active_fraction,0.014768236316740513,0.0036608611699193716,4.034088134765625,4.034088134765625,867,88
738,13631,specialized_enriched,active_fraction,0.010469161905348301,0.0025975152384489775,4.030452728271484,4.030452728271484,836,88
739,40,specialized_enriched,active_fraction,0.009815712459385395,0.002436310052871704,4.028925895690918,4.028925895690918,870,88
740,15408,specialized_enriched,active_fraction,0.004613051190972328,0.0011450061574578285,4.028843879699707,4.028843879699707,839,88
741,13345,specialized_enriched,active_fraction,0.01045482512563467,0.0025971957948058844,4.025428295135498,4.025428295135498,871,88
742,4200,base_enriched,max,-0.5554369688034058,0.13800238072872162,-4.02483606338501,4.02483606338501,715,88
743,15312,base_enriched,max,-1.2428960800170898,0.30890560150146484,-4.0235466957092285,4.0235466957092285,239,88
744,15971,base_enriched,max,-1.9066451787948608,0.47421619296073914,-4.020624160766602,4.020624160766602,815,88
745,11692,specialized_enriched,max,2.83566951751709,0.707560122013092,4.0076727867126465,4.0076727867126465,848,88
746,3646,base_enriched,max,-0.6700308918952942,0.16726788878440857,-4.005735397338867,4.005735397338867,747,88
747,5613,base_enriched,max,-1.0581032037734985,0.26420560479164124,-4.004847526550293,4.004847526550293,860,88
748,15184,specialized_enriched,max,0.9650799632072449,0.241102397441864,4.002780437469482,4.002780437469482,867,88
749,1113,base_enriched,mean,-0.01977516897022724,0.004943253472447395,-4.000435829162598,4.000435829162598,504,88
750,15235,base_enriched,mean,-0.023155150935053825,0.0057914466597139835,-3.9981634616851807,3.9981634616851807,697,88
751,5438,base_enriched,max,-0.6145621538162231,0.1538715809583664,-3.9939939975738525,3.9939939975738525,829,88
752,13225,specialized_enriched,active_fraction,0.008961672894656658,0.0022441295441240072,3.993384838104248,3.993384838104248,781,88
753,15848,specialized_enriched,max,1.388989806175232,0.3488745391368866,3.981344699859619,3.981344699859619,863,88
754,9189,specialized_enriched,active_fraction,0.00464678043499589,0.0011687627993524075,3.97581148147583,3.97581148147583,869,88
755,6298,base_enriched,max,-0.4007812440395355,0.101105697453022,-3.9639828205108643,3.9639828205108643,868,88
756,10959,specialized_enriched,active_fraction,0.008187049999833107,0.002065502107143402,3.9637093544006348,3.9637093544006348,863,88
757,8464,base_enriched,active_fraction,-0.004882573150098324,0.0012330133467912674,-3.9598705768585205,3.9598705768585205,854,88
758,11201,specialized_enriched,mean,0.06139923632144928,0.015520093962550163,3.9561123847961426,3.9561123847961426,872,88
759,2422,specialized_enriched,mean,0.047702159732580185,0.012067644856870174,3.952897310256958,3.952897310256958,854,88
760,14749,base_enriched,max,-0.4761400818824768,0.1204977035522461,-3.9514453411102295,3.9514453411102295,129,88
761,3558,base_enriched,max,-1.7157294750213623,0.4351573586463928,-3.942779302597046,3.942779302597046,768,88
762,2374,base_enriched,active_fraction,-0.006110222544521093,0.0015499892178922892,-3.9421064853668213,3.9421064853668213,820,88
763,6111,specialized_enriched,active_fraction,0.014606422744691372,0.0037063194904476404,3.940950870513916,3.940950870513916,870,88
764,2176,base_enriched,active_fraction,-0.007555362768471241,0.0019174980698153377,-3.9402191638946533,3.9402191638946533,737,88
765,11663,specialized_enriched,mean,0.09249137341976166,0.02353104203939438,3.9306111335754395,3.9306111335754395,742,88
766,13865,specialized_enriched,mean,0.03551369532942772,0.009052312932908535,3.9231624603271484,3.9231624603271484,841,88
767,11647,specialized_enriched,active_fraction,0.0063434867188334465,0.0016228874446824193,3.9087655544281006,3.9087655544281006,689,88
768,14253,base_enriched,max,-0.5639376044273376,0.14435340464115143,-3.9066457748413086,3.9066457748413086,547,88
769,11401,specialized_enriched,active_fraction,0.00478645134717226,0.0012289766455069184,3.8946642875671387,3.8946642875671387,868,88
770,6953,specialized_enriched,active_fraction,0.004806962329894304,0.0012352768098935485,3.891404867172241,3.891404867172241,818,88
771,25,base_enriched,max,-0.6392237544059753,0.16449302434921265,-3.88602352142334,3.88602352142334,626,88
772,5304,base_enriched,max,-0.3906545341014862,0.10057760775089264,-3.884110450744629,3.884110450744629,557,88
773,3927,base_enriched,max,-0.30022484064102173,0.07731115072965622,-3.883331775665283,3.883331775665283,339,88
774,1423,base_enriched,active_fraction,-0.002691960893571377,0.000693762325681746,-3.880234956741333,3.880234956741333,759,88
775,8051,specialized_enriched,active_fraction,0.001734081539325416,0.00044715311378240585,3.8780486583709717,3.8780486583709717,788,88
776,1531,specialized_enriched,mean,0.033687006682157516,0.008701462298631668,3.8714189529418945,3.8714189529418945,869,88
777,15161,specialized_enriched,mean,0.06083223968744278,0.015728062018752098,3.8677518367767334,3.8677518367767334,822,88
778,16031,specialized_enriched,max,1.532922625541687,0.39669159054756165,3.8642680644989014,3.8642680644989014,855,88
779,4330,base_enriched,max,-0.6669058799743652,0.17259961366653442,-3.863889694213867,3.863889694213867,318,88
780,12883,base_enriched,active_fraction,-0.015976378694176674,0.004136689007282257,-3.8621175289154053,3.8621175289154053,865,88
781,5006,base_enriched,max,-3.630509614944458,0.9412940144538879,-3.8569347858428955,3.8569347858428955,639,88
782,9736,specialized_enriched,active_fraction,0.005895490292459726,0.0015291206073015928,3.8554775714874268,3.8554775714874268,864,88
783,16145,specialized_enriched,mean,0.06176544725894928,0.01603182964026928,3.8526761531829834,3.8526761531829834,872,88
784,7818,base_enriched,active_fraction,-0.018294401466846466,0.004749549552798271,-3.851818323135376,3.851818323135376,872,88
785,363,specialized_enriched,active_fraction,0.01295112818479538,0.0033656705636531115,3.848008394241333,3.848008394241333,735,88
786,5055,specialized_enriched,active_fraction,0.005423408467322588,0.0014108256436884403,3.8441379070281982,3.8441379070281982,724,88
787,2331,base_enriched,max,-0.9047874212265015,0.23540110886096954,-3.8435988426208496,3.8435988426208496,591,88
788,11290,base_enriched,max,-0.7240279912948608,0.18844884634017944,-3.8420398235321045,3.8420398235321045,847,88
789,10383,specialized_enriched,active_fraction,0.006209289189428091,0.001616174355149269,3.8419673442840576,3.8419673442840576,846,88
790,9083,specialized_enriched,active_fraction,0.00961615052074194,0.0025033296551555395,3.841344118118286,3.841344118118286,862,88
791,6823,specialized_enriched,mean,0.03482988849282265,0.009071906097233295,3.839313268661499,3.839313268661499,870,88
792,15623,specialized_enriched,active_fraction,0.002994821174070239,0.0007801473839208484,3.8387889862060547,3.8387889862060547,716,88
793,6830,base_enriched,active_fraction,-0.011071688495576382,0.0028886774089187384,-3.8327882289886475,3.8327882289886475,864,88
794,11302,specialized_enriched,active_fraction,0.009747607633471489,0.002544178394600749,3.8313381671905518,3.8313381671905518,783,88
795,11895,base_enriched,max,-0.9670194387435913,0.2526784837245941,-3.8270747661590576,3.8270747661590576,457,88
796,3724,specialized_enriched,max,0.5857331156730652,0.15306270122528076,3.8267526626586914,3.8267526626586914,848,88
797,5175,base_enriched,max,-3.046815872192383,0.7962357997894287,-3.826524496078491,3.826524496078491,709,88
798,12929,base_enriched,max,-0.3088821768760681,0.08078038692474365,-3.8237273693084717,3.8237273693084717,611,88
799,1313,specialized_enriched,mean,0.038698941469192505,0.010122610256075859,3.8230199813842773,3.8230199813842773,626,88
800,8978,base_enriched,active_fraction,-0.009623629972338676,0.002518451539799571,-3.821248769760132,3.821248769760132,865,88
801,12483,specialized_enriched,active_fraction,0.004421757534146309,0.0011601318838074803,3.8114266395568848,3.8114266395568848,788,88
802,13869,base_enriched,active_fraction,-0.024726619943976402,0.006488420534878969,-3.8108842372894287,3.8108842372894287,872,88
803,4469,specialized_enriched,active_fraction,0.003738394472748041,0.0009822089923545718,3.8061089515686035,3.8061089515686035,575,88
804,309,specialized_enriched,mean,0.04636713117361069,0.012184716761112213,3.805351495742798,3.805351495742798,871,88
805,16225,base_enriched,max,-1.2572391033172607,0.33050736784935,-3.803966999053955,3.803966999053955,760,88
806,9000,base_enriched,active_fraction,-0.012679175473749638,0.003334508277475834,-3.802412271499634,3.802412271499634,755,88
807,7772,specialized_enriched,mean,0.050167180597782135,0.013194416649639606,3.802152156829834,3.802152156829834,855,88
808,15285,specialized_enriched,max,1.776326298713684,0.4673018455505371,3.8012397289276123,3.8012397289276123,870,88
809,5624,specialized_enriched,active_fraction,0.006424535531550646,0.0016912899445742369,3.798600912094116,3.798600912094116,849,88
810,877,specialized_enriched,active_fraction,0.01909472420811653,0.0050287796184420586,3.797089099884033,3.797089099884033,872,88
811,9655,specialized_enriched,mean,0.22793160378932953,0.06006253883242607,3.7949044704437256,3.7949044704437256,871,88
812,9010,specialized_enriched,mean,0.024551603943109512,0.006470406427979469,3.794445514678955,3.794445514678955,870,88
813,1806,specialized_enriched,mean,0.054701391607522964,0.01441871002316475,3.793778419494629,3.793778419494629,860,88
814,5065,base_enriched,active_fraction,-0.005993430502712727,0.001580720068886876,-3.7915825843811035,3.7915825843811035,871,88
815,15845,base_enriched,max,-1.3122546672821045,0.3466933071613312,-3.7850592136383057,3.7850592136383057,711,88
816,15142,specialized_enriched,active_fraction,0.015689779072999954,0.004149260930716991,3.7813429832458496,3.7813429832458496,868,88
817,13990,base_enriched,max,-1.4549190998077393,0.384784072637558,-3.7811312675476074,3.7811312675476074,704,88
818,13188,specialized_enriched,active_fraction,0.007111048325896263,0.001881022471934557,3.780416488647461,3.780416488647461,803,88
819,386,base_enriched,max,-2.8702704906463623,0.7613397836685181,-3.7700257301330566,3.7700257301330566,825,88
820,12084,specialized_enriched,active_fraction,0.003636719426140189,0.0009651712025515735,3.7679526805877686,3.7679526805877686,624,88
821,770,base_enriched,max,-0.656388521194458,0.17426665127277374,-3.766575574874878,3.766575574874878,769,88
822,6918,specialized_enriched,active_fraction,0.01305684819817543,0.0034675768110901117,3.7654099464416504,3.7654099464416504,866,88
823,12708,specialized_enriched,active_fraction,0.008009631186723709,0.0021277638152241707,3.7643423080444336,3.7643423080444336,848,88
824,276,specialized_enriched,active_fraction,0.008790979161858559,0.00233664782717824,3.7622182369232178,3.7622182369232178,851,88
825,2741,specialized_enriched,active_fraction,0.004866763949394226,0.0012936569983139634,3.7620203495025635,3.7620203495025635,592,88
826,612,base_enriched,active_fraction,-0.002492975676432252,0.000662675709463656,-3.761984348297119,3.761984348297119,649,88
827,10139,specialized_enriched,active_fraction,0.012763365171849728,0.003397007007151842,3.7572383880615234,3.7572383880615234,833,88
828,11700,specialized_enriched,active_fraction,0.007781592197716236,0.002071776194497943,3.756000280380249,3.756000280380249,871,88
829,9368,base_enriched,max,-0.2866983115673065,0.07633838802576065,-3.755624294281006,3.755624294281006,294,88
830,11947,specialized_enriched,mean,0.026427725329995155,0.007039392367005348,3.7542622089385986,3.7542622089385986,871,88
831,7089,specialized_enriched,active_fraction,0.006375778466463089,0.0016986308619379997,3.753480911254883,3.753480911254883,556,88
832,15739,base_enriched,max,-0.5962300300598145,0.15887723863124847,-3.7527718544006348,3.7527718544006348,333,88
833,10503,specialized_enriched,active_fraction,0.007558618672192097,0.002015494741499424,3.7502546310424805,3.7502546310424805,869,88
834,7064,specialized_enriched,active_fraction,0.006502293515950441,0.0017346630338579416,3.7484476566314697,3.7484476566314697,870,88
835,4243,specialized_enriched,active_fraction,0.005067301914095879,0.0013541708467528224,3.7419960498809814,3.7419960498809814,787,88
836,8787,base_enriched,max,-1.0128928422927856,0.2706908881664276,-3.741880178451538,3.741880178451538,822,88
837,5549,specialized_enriched,active_fraction,0.005941302049905062,0.0015884863678365946,3.7402286529541016,3.7402286529541016,808,88
838,94,base_enriched,max,-0.9035383462905884,0.24178603291511536,-3.736933469772339,3.736933469772339,870,88
839,4632,base_enriched,max,-0.2912200093269348,0.07800811529159546,-3.733201503753662,3.733201503753662,422,88
840,5930,base_enriched,max,-0.6179983019828796,0.16560955345630646,-3.731658458709717,3.731658458709717,736,88
841,13427,base_enriched,mean,-0.06681085377931595,0.01792319491505623,-3.7276196479797363,3.7276196479797363,847,88
842,6902,specialized_enriched,mean,0.03564605861902237,0.009564075618982315,3.7270781993865967,3.7270781993865967,857,88
843,15370,base_enriched,max,-0.3975949287414551,0.10673468559980392,-3.7250771522521973,3.7250771522521973,597,88
844,3732,specialized_enriched,active_fraction,0.01382734626531601,0.003714129328727722,3.7229037284851074,3.7229037284851074,584,88
845,1196,specialized_enriched,active_fraction,0.013135245069861412,0.0035289146471768618,3.722177028656006,3.722177028656006,787,88
846,13454,base_enriched,max,-0.7442768812179565,0.20010963082313538,-3.7193455696105957,3.7193455696105957,268,88
847,14239,base_enriched,max,-1.3552234172821045,0.36451905965805054,-3.7178397178649902,3.7178397178649902,663,88
848,3833,specialized_enriched,active_fraction,0.01273401826620102,0.00342656415887177,3.716264247894287,3.716264247894287,699,88
849,4841,specialized_enriched,mean,0.0660921260714531,0.017818067222833633,3.709275722503662,3.709275722503662,866,88
850,11790,specialized_enriched,active_fraction,0.013658762909471989,0.003686672542244196,3.7049026489257812,3.7049026489257812,770,88
851,11719,base_enriched,max,-0.8885923624038696,0.23990371823310852,-3.7039542198181152,3.7039542198181152,869,88
852,15549,specialized_enriched,mean,0.042649947106838226,0.011516225524246693,3.703465700149536,3.703465700149536,862,88
853,15479,specialized_enriched,mean,0.04203012213110924,0.011366450227797031,3.697735071182251,3.697735071182251,791,88
854,9268,specialized_enriched,active_fraction,0.009773395955562592,0.0026438571512699127,3.6966428756713867,3.6966428756713867,871,88
855,14935,base_enriched,max,-1.5799872875213623,0.42883047461509705,-3.6844100952148438,3.6844100952148438,839,88
856,12642,specialized_enriched,mean,0.026821376755833626,0.007282931823283434,3.682771921157837,3.682771921157837,814,88
857,593,specialized_enriched,active_fraction,0.011770913377404213,0.003197713987901807,3.681040048599243,3.681040048599243,821,88
858,3767,specialized_enriched,active_fraction,0.005483964458107948,0.0014909574529156089,3.678149461746216,3.678149461746216,851,88
859,10008,base_enriched,max,-1.2441474199295044,0.33851903676986694,-3.6752657890319824,3.6752657890319824,739,88
860,12101,specialized_enriched,mean,0.0373941995203495,0.010176417417824268,3.674593687057495,3.674593687057495,713,88
861,6927,specialized_enriched,active_fraction,0.007541940547525883,0.002054235665127635,3.6714096069335938,3.6714096069335938,871,88
862,3672,specialized_enriched,mean,0.22673390805721283,0.06183965504169464,3.666480779647827,3.666480779647827,849,88
863,12236,base_enriched,max,-1.5682049989700317,0.42982128262519836,-3.6485047340393066,3.6485047340393066,332,88
864,12995,base_enriched,max,-2.1912450790405273,0.600973904132843,-3.6461567878723145,3.6461567878723145,802,88
865,16135,specialized_enriched,max,1.0791946649551392,0.29612991213798523,3.6443283557891846,3.6443283557891846,870,88
866,11243,specialized_enriched,mean,0.04296591877937317,0.011795719154179096,3.64250111579895,3.64250111579895,866,88
867,15778,base_enriched,max,-2.445488452911377,0.6717501878738403,-3.6404731273651123,3.6404731273651123,816,88
868,8401,specialized_enriched,mean,0.02386515401303768,0.006555652245879173,3.6403934955596924,3.6403934955596924,863,88
869,14956,specialized_enriched,max,0.7356150150299072,0.20221690833568573,3.6377522945404053,3.6377522945404053,869,88
870,12991,specialized_enriched,mean,0.03236857429146767,0.008901712484657764,3.636218786239624,3.636218786239624,871,88
871,7457,specialized_enriched,active_fraction,0.00769467931240797,0.002116410294547677,3.6357219219207764,3.6357219219207764,868,88
872,2555,base_enriched,max,-1.9971702098846436,0.5495057702064514,-3.6344845294952393,3.6344845294952393,692,88
873,2157,base_enriched,max,-1.1611328125,0.319477915763855,-3.634469747543335,3.634469747543335,809,88
874,6580,specialized_enriched,active_fraction,0.0043896520510315895,0.0012080741580575705,3.6335947513580322,3.6335947513580322,869,88
875,1543,specialized_enriched,max,1.1220976114273071,0.30883172154426575,3.6333625316619873,3.6333625316619873,868,88
876,4190,specialized_enriched,active_fraction,0.003853128058835864,0.0010609911987558007,3.6316306591033936,3.6316306591033936,641,88
877,5494,base_enriched,max,-0.41165289282798767,0.11335302144289017,-3.6316006183624268,3.6316006183624268,830,88
878,12746,base_enriched,active_fraction,-0.0041358680464327335,0.0011397211346775293,-3.6288421154022217,3.6288421154022217,856,88
879,5721,specialized_enriched,mean,0.06076398491859436,0.016753340139985085,3.6269774436950684,3.6269774436950684,716,88
880,13210,base_enriched,max,-0.6615779399871826,0.1824759542942047,-3.6255621910095215,3.6255621910095215,442,88
881,5610,base_enriched,max,-0.24982059001922607,0.06900397688150406,-3.620379686355591,3.620379686355591,288,88
882,2577,specialized_enriched,active_fraction,0.013765831477940083,0.0038063160609453917,3.6165759563446045,3.6165759563446045,715,88
883,10957,base_enriched,max,-0.5089911818504333,0.14076818525791168,-3.6158111095428467,3.6158111095428467,611,88
884,5569,base_enriched,max,-0.2825581431388855,0.07821600139141083,-3.6125361919403076,3.6125361919403076,393,88
885,11595,specialized_enriched,active_fraction,0.010822233743965626,0.0029986072331666946,3.609086751937866,3.609086751937866,723,88
886,7122,specialized_enriched,active_fraction,0.007259298115968704,0.0020123180001974106,3.607430934906006,3.607430934906006,759,88
887,804,specialized_enriched,mean,0.0307629257440567,0.008529936894774437,3.6064658164978027,3.6064658164978027,870,88
888,14929,specialized_enriched,active_fraction,0.0032188682816922665,0.0008929790928959846,3.604640245437622,3.604640245437622,833,88
889,14199,specialized_enriched,mean,0.08626174181699753,0.023965580388903618,3.5994012355804443,3.5994012355804443,528,88
890,1304,specialized_enriched,mean,0.07151370495557785,0.019876621663570404,3.5978803634643555,3.5978803634643555,701,88
891,4088,base_enriched,max,-1.605371117591858,0.44629886746406555,-3.597076416015625,3.597076416015625,493,88
892,5264,specialized_enriched,active_fraction,0.0054555670358240604,0.0015174123691394925,3.5953094959259033,3.5953094959259033,830,88
893,10805,specialized_enriched,mean,0.057979557663202286,0.016127269715070724,3.595125436782837,3.595125436782837,796,88
894,9141,specialized_enriched,mean,0.035747792571783066,0.009944877587258816,3.5945935249328613,3.5945935249328613,872,88
895,12765,base_enriched,max,-0.5959892868995667,0.16598288714885712,-3.5906670093536377,3.5906670093536377,503,88
896,2202,specialized_enriched,active_fraction,0.015927452594041824,0.004435927607119083,3.590557336807251,3.590557336807251,761,88
897,9781,base_enriched,max,-0.650740385055542,0.1813095062971115,-3.589113473892212,3.589113473892212,341,88
898,15402,base_enriched,max,-0.3488008677959442,0.09722133725881577,-3.5876986980438232,3.5876986980438232,871,88
899,12774,base_enriched,max,-0.5733512043952942,0.15983229875564575,-3.587204933166504,3.587204933166504,323,88
900,12428,base_enriched,max,-0.49029341340065,0.1367446333169937,-3.5854673385620117,3.5854673385620117,644,88
901,5046,specialized_enriched,active_fraction,0.010255733504891396,0.0028617738280445337,3.583698034286499,3.583698034286499,728,88
902,538,base_enriched,max,-0.9178506731987,0.25667673349380493,-3.5759012699127197,3.5759012699127197,637,88
903,13343,base_enriched,mean,-0.02304532751441002,0.006454284302890301,-3.570547342300415,3.570547342300415,721,88
904,12849,specialized_enriched,active_fraction,0.004913791548460722,0.001377894775941968,3.5661587715148926,3.5661587715148926,748,88
905,12609,specialized_enriched,mean,0.07125187665224075,0.01999516412615776,3.56345534324646,3.56345534324646,814,88
906,3310,base_enriched,max,-1.4687249660491943,0.4122954308986664,-3.562312126159668,3.562312126159668,841,88
907,15787,base_enriched,mean,-0.02113776095211506,0.005938548129051924,-3.559415578842163,3.559415578842163,594,88
908,4696,specialized_enriched,mean,0.05313599109649658,0.014931801706552505,3.5585787296295166,3.5585787296295166,838,88
909,10438,specialized_enriched,mean,0.028824735432863235,0.00810148660093546,3.5579562187194824,3.5579562187194824,714,88
910,13645,specialized_enriched,active_fraction,0.005892092827707529,0.0016565794358029962,3.5567824840545654,3.5567824840545654,868,88
911,9722,base_enriched,max,-0.862967848777771,0.24270077049732208,-3.5556864738464355,3.5556864738464355,849,88
912,8861,base_enriched,active_fraction,-0.005065669771283865,0.0014248909428715706,-3.5551280975341797,3.5551280975341797,870,88
913,8305,specialized_enriched,active_fraction,0.012231019325554371,0.003440494416281581,3.5550179481506348,3.5550179481506348,872,88
914,7926,specialized_enriched,active_fraction,0.009745469316840172,0.0027429957408457994,3.552856206893921,3.552856206893921,824,88
915,13939,specialized_enriched,active_fraction,0.004439775366336107,0.0012509441003203392,3.5491397380828857,3.5491397380828857,848,88
916,4835,specialized_enriched,max,0.9940316081047058,0.2800845801830292,3.5490407943725586,3.5490407943725586,569,88
917,14401,base_enriched,max,-0.6551655530929565,0.18461398780345917,-3.548840284347534,3.548840284347534,534,88
918,12248,specialized_enriched,active_fraction,0.008330943994224072,0.0023488348815590143,3.5468411445617676,3.5468411445617676,867,88
919,13013,base_enriched,max,-1.2961074113845825,0.3654879033565521,-3.546238899230957,3.546238899230957,516,88
920,1635,base_enriched,max,-0.9265431761741638,0.2613446116447449,-3.545292854309082,3.545292854309082,780,88
921,16279,base_enriched,active_fraction,-0.004695173818618059,0.0013245349982753396,-3.544771432876587,3.544771432876587,774,88
922,10244,base_enriched,max,-0.4153116047382355,0.11719881743192673,-3.5436501502990723,3.5436501502990723,149,88
923,15657,base_enriched,active_fraction,-0.02456674724817276,0.0069396463222801685,-3.540057420730591,3.540057420730591,853,88
924,5050,base_enriched,max,-0.5357149243354797,0.15135706961154938,-3.5394113063812256,3.5394113063812256,794,88
925,1449,specialized_enriched,active_fraction,0.00800977274775505,0.0022660375107079744,3.5347044467926025,3.5347044467926025,865,88
926,7608,base_enriched,max,-0.9205839037895203,0.26115331053733826,-3.5250706672668457,3.5250706672668457,769,88
927,10501,base_enriched,active_fraction,-0.003284791484475136,0.0009318935917690396,-3.5248568058013916,3.5248568058013916,758,88
928,2605,specialized_enriched,active_fraction,0.01705859787762165,0.004839802626520395,3.5246474742889404,3.5246474742889404,836,88
929,15101,specialized_enriched,active_fraction,0.007270138710737228,0.0020630091894418,3.524045705795288,3.524045705795288,871,88
930,7929,base_enriched,max,-0.37983739376068115,0.10780152678489685,-3.5234880447387695,3.5234880447387695,248,88
931,5716,base_enriched,max,-0.4388444721698761,0.12458289414644241,-3.522509813308716,3.522509813308716,314,88
932,6606,specialized_enriched,mean,0.04204569011926651,0.011944872327148914,3.5199782848358154,3.5199782848358154,830,88
933,6029,specialized_enriched,mean,0.0377003513276577,0.010714995674788952,3.5184662342071533,3.5184662342071533,869,88
934,14804,base_enriched,max,-1.2987418174743652,0.36920613050460815,-3.51766037940979,3.51766037940979,790,88
935,11849,specialized_enriched,active_fraction,0.0135061489418149,0.003840023186057806,3.517204999923706,3.517204999923706,574,88
936,12914,base_enriched,max,-1.8873728513717651,0.5368104577064514,-3.515901803970337,3.515901803970337,856,88
937,7313,specialized_enriched,active_fraction,0.006931695155799389,0.001971879508346319,3.515273094177246,3.515273094177246,794,88
938,13402,specialized_enriched,mean,0.022275147959589958,0.006342723965644836,3.5119214057922363,3.5119214057922363,862,88
939,7259,base_enriched,max,-0.23212209343910217,0.06609921157360077,-3.5117225646972656,3.5117225646972656,354,88
940,591,specialized_enriched,mean,0.06693120300769806,0.019060684368014336,3.511479616165161,3.511479616165161,703,88
941,14104,base_enriched,active_fraction,-0.0037086575757712126,0.0010561912786215544,-3.511350393295288,3.511350393295288,793,88
942,12036,base_enriched,max,-1.2754292488098145,0.3633187711238861,-3.5104963779449463,3.5104963779449463,858,88
943,1723,base_enriched,max,-1.328056812286377,0.3783564865589142,-3.5100674629211426,3.5100674629211426,691,88
944,6142,base_enriched,active_fraction,-0.002935161115601659,0.0008368944399990141,-3.5072059631347656,3.5072059631347656,649,88
945,8791,base_enriched,max,-1.3216660022735596,0.3771428167819977,-3.504417896270752,3.504417896270752,553,88
946,9455,base_enriched,max,-0.21300871670246124,0.0608210414648056,-3.502220869064331,3.502220869064331,103,88
947,4753,base_enriched,max,-1.2491960525512695,0.35784634947776794,-3.490872621536255,3.490872621536255,597,88
948,6708,base_enriched,max,-3.309220552444458,0.9481549263000488,-3.490168571472168,3.490168571472168,567,88
949,9481,specialized_enriched,active_fraction,0.012550975196063519,0.0035985070280730724,3.487828493118286,3.487828493118286,847,88
950,7134,base_enriched,max,-0.9539085030555725,0.2735481262207031,-3.487168788909912,3.487168788909912,586,88
951,1708,base_enriched,max,-0.3184070587158203,0.0913415402173996,-3.4858953952789307,3.4858953952789307,473,88
952,3125,base_enriched,max,-0.5709892511367798,0.16383805871009827,-3.4850831031799316,3.4850831031799316,219,88
953,8029,specialized_enriched,active_fraction,0.010309787467122078,0.002958400407806039,3.484919548034668,3.484919548034668,705,88
954,15151,specialized_enriched,active_fraction,0.009810496121644974,0.0028157057240605354,3.4842050075531006,3.4842050075531006,870,88
955,16200,specialized_enriched,active_fraction,0.005043695215135813,0.0014499913668259978,3.478431224822998,3.478431224822998,870,88
956,12741,base_enriched,max,-0.34169241786003113,0.09827309101819992,-3.476968288421631,3.476968288421631,460,88
957,8686,specialized_enriched,mean,0.04549987241625786,0.013104143552482128,3.4721744060516357,3.4721744060516357,741,88
958,182,base_enriched,max,-0.4484091103076935,0.12915265560150146,-3.471930980682373,3.471930980682373,659,88
959,9477,specialized_enriched,active_fraction,0.007509772665798664,0.0021636520978063345,3.4708781242370605,3.4708781242370605,870,88
960,7227,base_enriched,max,-0.9053552150726318,0.26133087277412415,-3.464401960372925,3.464401960372925,729,88
961,1555,base_enriched,mean,-0.06417497992515564,0.018526935949921608,-3.463874340057373,3.463874340057373,844,88
962,13000,base_enriched,max,-1.4086573123931885,0.4068668484687805,-3.462207078933716,3.462207078933716,689,88
963,14894,base_enriched,max,-1.1418354511260986,0.3299124836921692,-3.4610252380371094,3.4610252380371094,852,88
964,8606,base_enriched,max,-0.7444404363632202,0.2151852697134018,-3.4595324993133545,3.4595324993133545,834,88
965,8127,specialized_enriched,max,0.4083961546421051,0.11805775761604309,3.4592912197113037,3.4592912197113037,871,88
966,12273,base_enriched,max,-0.32542240619659424,0.09412392973899841,-3.4573822021484375,3.4573822021484375,640,88
967,10639,base_enriched,max,-1.3479470014572144,0.39008134603500366,-3.4555535316467285,3.4555535316467285,849,88
968,13720,base_enriched,active_fraction,-0.006847754120826721,0.001981682376936078,-3.4555256366729736,3.4555256366729736,872,88
969,11269,specialized_enriched,mean,0.02597768045961857,0.007524467539042234,3.452427625656128,3.452427625656128,853,88
970,14581,base_enriched,active_fraction,-0.003220314159989357,0.0009338872041553259,-3.4482903480529785,3.4482903480529785,783,88
971,3218,base_enriched,max,-0.5073174238204956,0.14712882041931152,-3.448117256164551,3.448117256164551,399,88
972,4094,base_enriched,max,-1.3691225051879883,0.3971150517463684,-3.447672128677368,3.447672128677368,530,88
973,7441,base_enriched,max,-2.244976282119751,0.651939868927002,-3.443532705307007,3.443532705307007,729,88
974,11021,specialized_enriched,mean,0.02142641320824623,0.006230442319065332,3.4389874935150146,3.4389874935150146,748,88
975,16144,base_enriched,active_fraction,-0.00877977441996336,0.0025543624069541693,-3.437168598175049,3.437168598175049,595,88
976,11919,specialized_enriched,active_fraction,0.00397786870598793,0.001160284853540361,3.4283552169799805,3.4283552169799805,811,88
977,11319,base_enriched,max,-1.0288903713226318,0.3004128932952881,-3.4249207973480225,3.4249207973480225,808,88
978,11784,base_enriched,max,-1.8521621227264404,0.5410884618759155,-3.423030138015747,3.423030138015747,689,88
979,6236,specialized_enriched,active_fraction,0.016586801037192345,0.004849075339734554,3.4206111431121826,3.4206111431121826,872,88
980,10565,specialized_enriched,mean,0.02466021291911602,0.0072146570309996605,3.4180715084075928,3.4180715084075928,849,88
981,11641,specialized_enriched,active_fraction,0.0019384694751352072,0.0005675468710251153,3.415523052215576,3.415523052215576,439,88
982,10686,specialized_enriched,active_fraction,0.005443102680146694,0.0015947145875543356,3.4132144451141357,3.4132144451141357,670,88
983,1993,specialized_enriched,mean,0.04011335223913193,0.01175896916538477,3.4112982749938965,3.4112982749938965,846,88
984,10152,specialized_enriched,mean,0.05980962887406349,0.017534198239445686,3.411027193069458,3.411027193069458,870,88
985,4082,base_enriched,max,-0.3402252793312073,0.09981610625982285,-3.4085209369659424,3.4085209369659424,415,88
986,8207,base_enriched,active_fraction,-0.003622214775532484,0.0010636249789968133,-3.4055376052856445,3.4055376052856445,691,88
987,12016,specialized_enriched,mean,0.12217973917722702,0.035890381783246994,3.404247522354126,3.404247522354126,830,88
988,8598,base_enriched,max,-0.9251748919487,0.2719500958919525,-3.4020023345947266,3.4020023345947266,359,88
989,14307,base_enriched,max,-1.1856650114059448,0.3485877513885498,-3.401338815689087,3.401338815689087,461,88
990,10654,specialized_enriched,mean,0.05741848796606064,0.016884449869394302,3.400672674179077,3.400672674179077,780,88
991,791,base_enriched,active_fraction,-0.006785689853131771,0.001997391227632761,-3.3972764015197754,3.3972764015197754,867,88
992,8229,base_enriched,max,-0.36953580379486084,0.10888689011335373,-3.393758535385132,3.393758535385132,507,88
993,15207,specialized_enriched,active_fraction,0.003526802873238921,0.001039488473907113,3.3928253650665283,3.3928253650665283,868,88
994,168,base_enriched,max,-0.49101904034614563,0.14476284384727478,-3.391885757446289,3.391885757446289,728,88
995,9214,specialized_enriched,mean,0.025774534791707993,0.007607323583215475,3.3881213665008545,3.3881213665008545,807,88
996,7007,specialized_enriched,active_fraction,0.014862566255033016,0.004389047622680664,3.3862850666046143,3.3862850666046143,829,88
997,7400,base_enriched,max,-1.551335334777832,0.45812398195266724,-3.3862783908843994,3.3862783908843994,847,88
998,9718,specialized_enriched,active_fraction,0.008930321782827377,0.002640020102262497,3.38267183303833,3.38267183303833,850,88
999,8691,specialized_enriched,mean,0.045304834842681885,0.013396167196333408,3.381925106048584,3.381925106048584,870,88
1000,11063,base_enriched,max,-0.2886037528514862,0.08535103499889374,-3.381373882293701,3.381373882293701,196,88
1001,4571,specialized_enriched,active_fraction,0.0040774233639240265,0.0012069991789758205,3.3781492710113525,3.3781492710113525,859,88
1002,11271,base_enriched,active_fraction,-0.004329725634306669,0.0012819162802770734,-3.3775415420532227,3.3775415420532227,588,88
1003,14972,specialized_enriched,active_fraction,0.004350777715444565,0.0012885044561699033,3.376610517501831,3.376610517501831,825,88
1004,2050,specialized_enriched,active_fraction,0.004897565580904484,0.0014508345630019903,3.3756885528564453,3.3756885528564453,732,88
1005,16099,base_enriched,max,-0.487166166305542,0.14442548155784607,-3.37313175201416,3.37313175201416,728,88
1006,6358,specialized_enriched,active_fraction,0.009116869419813156,0.002703566337004304,3.372164011001587,3.372164011001587,821,88
1007,10926,base_enriched,max,-0.5886105298995972,0.174565389752388,-3.3718626499176025,3.3718626499176025,402,88
1008,10021,specialized_enriched,mean,0.036014750599861145,0.010683595202863216,3.371032953262329,3.371032953262329,872,88
1009,14146,specialized_enriched,active_fraction,0.00663070660084486,0.0019673386123031378,3.370394229888916,3.370394229888916,847,88
1010,5272,base_enriched,max,-0.8007221817970276,0.23775412142276764,-3.3678581714630127,3.3678581714630127,826,88
1011,14291,base_enriched,max,-1.026435375213623,0.30488282442092896,-3.3666553497314453,3.3666553497314453,872,88
1012,5518,base_enriched,max,-0.46411359310150146,0.13787084817886353,-3.3662924766540527,3.3662924766540527,585,88
1013,7481,base_enriched,max,-0.3957076668739319,0.11774635314941406,-3.3606786727905273,3.3606786727905273,872,88
1014,6281,specialized_enriched,active_fraction,0.0015242643421515822,0.00045379900257103145,3.3588974475860596,3.3588974475860596,477,88
1015,8570,base_enriched,max,-0.3972996771335602,0.11836566030979156,-3.3565452098846436,3.3565452098846436,543,88
1016,12950,base_enriched,max,-0.8359397649765015,0.2493569254875183,-3.3523824214935303,3.3523824214935303,321,88
1017,5765,specialized_enriched,active_fraction,0.010686546564102173,0.0031898925080895424,3.3501274585723877,3.3501274585723877,856,88
1018,6785,specialized_enriched,mean,0.05856415629386902,0.017483368515968323,3.3497066497802734,3.3497066497802734,776,88
1019,8190,base_enriched,max,-1.915661334991455,0.5719941854476929,-3.3490922451019287,3.3490922451019287,720,88
1020,8542,specialized_enriched,active_fraction,0.0026267028879374266,0.0007844800711609423,3.3483359813690186,3.3483359813690186,864,88
1021,2418,base_enriched,max,-0.8704351186752319,0.26041561365127563,-3.342484474182129,3.342484474182129,564,88
1022,10399,specialized_enriched,max,1.8821698427200317,0.5637368559837341,3.338738203048706,3.338738203048706,668,88
1023,14381,specialized_enriched,active_fraction,0.0020847853738814592,0.000624596606940031,3.33781099319458,3.33781099319458,842,88
1024,11614,base_enriched,max,-0.47564610838890076,0.14258114993572235,-3.335967779159546,3.335967779159546,756,88
1025,6046,specialized_enriched,mean,0.03327855095267296,0.009981181472539902,3.3341293334960938,3.3341293334960938,771,88
1026,5402,specialized_enriched,active_fraction,0.006320181768387556,0.0018956208368763328,3.3340959548950195,3.3340959548950195,807,88
1027,14429,base_enriched,max,-0.629117488861084,0.18876276910305023,-3.3328473567962646,3.3328473567962646,747,88
1028,4975,base_enriched,max,-1.3808525800704956,0.41495391726493835,-3.3277251720428467,3.3277251720428467,777,88
1029,8750,base_enriched,max,-0.88427734375,0.26576146483421326,-3.3273346424102783,3.3273346424102783,749,88
1030,13422,specialized_enriched,mean,0.03551734983921051,0.010679474100470543,3.325758218765259,3.325758218765259,861,88
1031,5951,specialized_enriched,mean,0.02481640689074993,0.007463559973984957,3.325009346008301,3.325009346008301,715,88
1032,10032,base_enriched,max,-2.8674509525299072,0.8627502918243408,-3.3236162662506104,3.3236162662506104,632,88
1033,12537,base_enriched,active_fraction,-0.0069930232129991055,0.0021046558395028114,-3.3226444721221924,3.3226444721221924,864,88
1034,13797,specialized_enriched,active_fraction,0.01887870579957962,0.005682576447725296,3.322208881378174,3.322208881378174,799,88
1035,10746,specialized_enriched,mean,0.02779453992843628,0.008367732167243958,3.3216335773468018,3.3216335773468018,870,88
1036,3567,base_enriched,max,-2.002074718475342,0.6029515862464905,-3.3204567432403564,3.3204567432403564,628,88
1037,7531,specialized_enriched,active_fraction,0.002684313803911209,0.000809278164524585,3.3169236183166504,3.3169236183166504,669,88
1038,10376,specialized_enriched,mean,0.03043568693101406,0.0091805225238204,3.3152456283569336,3.3152456283569336,787,88
1039,1015,specialized_enriched,active_fraction,0.003836263669654727,0.0011573523515835404,3.3146893978118896,3.3146893978118896,768,88
1040,7873,specialized_enriched,active_fraction,0.007416481152176857,0.00223837629891932,3.313330888748169,3.313330888748169,855,88
1041,5034,specialized_enriched,mean,0.07278358191251755,0.02196715585887432,3.313291072845459,3.313291072845459,512,88
1042,13529,base_enriched,max,-0.8835301399230957,0.2666745185852051,-3.313140392303467,3.313140392303467,580,88
1043,14838,base_enriched,max,-0.6298373937606812,0.1902545541524887,-3.3104984760284424,3.3104984760284424,745,88
1044,6923,base_enriched,max,-0.738317608833313,0.22306454181671143,-3.3098833560943604,3.3098833560943604,872,88
1045,14481,base_enriched,max,-1.039484977722168,0.3141477406024933,-3.3089048862457275,3.3089048862457275,828,88
1046,3406,specialized_enriched,mean,0.020586475729942322,0.006222277879714966,3.308511257171631,3.308511257171631,855,88
1047,16102,base_enriched,max,-0.8254224061965942,0.24957603216171265,-3.307298421859741,3.307298421859741,554,88
1048,13984,base_enriched,max,-1.104841947555542,0.33413147926330566,-3.3066084384918213,3.3066084384918213,781,88
1049,7754,base_enriched,active_fraction,-0.001963735092431307,0.0005942033603787422,-3.3048198223114014,3.3048198223114014,648,88
1050,12418,specialized_enriched,mean,0.03020736388862133,0.009141085669398308,3.3045706748962402,3.3045706748962402,871,88
1051,3356,specialized_enriched,active_fraction,0.004410020541399717,0.0013349525397643447,3.3035035133361816,3.3035035133361816,675,88
1052,661,specialized_enriched,mean,0.03735554218292236,0.011317144148051739,3.3007922172546387,3.3007922172546387,784,88
1053,1717,base_enriched,max,-0.4142078459262848,0.12557201087474823,-3.2985682487487793,3.2985682487487793,611,88
1054,11866,base_enriched,active_fraction,-0.006925378926098347,0.002099629258736968,-3.298381805419922,3.298381805419922,624,88
1055,2204,base_enriched,max,-1.1754246950149536,0.3568270206451416,-3.294102191925049,3.294102191925049,825,88
1056,10007,base_enriched,max,-1.5216933488845825,0.4620746672153473,-3.2931764125823975,3.2931764125823975,825,88
1057,11656,base_enriched,max,-1.758125901222229,0.5338773727416992,-3.2931268215179443,3.2931268215179443,781,88
1058,3974,specialized_enriched,active_fraction,0.008956926874816418,0.0027226076927036047,3.2898337841033936,3.2898337841033936,854,88
1059,16228,specialized_enriched,mean,0.03827572241425514,0.011639758013188839,3.288360595703125,3.288360595703125,686,88
1060,12891,specialized_enriched,active_fraction,0.015372865833342075,0.004675323609262705,3.2880859375,3.2880859375,721,88
1061,16248,base_enriched,max,-1.668806791305542,0.507770836353302,-3.2865352630615234,3.2865352630615234,776,88
1062,11803,base_enriched,max,-0.34659793972969055,0.10555943101644516,-3.2834389209747314,3.2834389209747314,443,88
1063,12541,base_enriched,max,-2.054313898086548,0.6266769766807556,-3.278106451034546,3.278106451034546,611,88
1064,3130,specialized_enriched,max,0.9905443787574768,0.30229657888412476,3.2767302989959717,3.2767302989959717,774,88
1065,12686,specialized_enriched,active_fraction,0.015527911484241486,0.004741164389997721,3.2751262187957764,3.2751262187957764,871,88
1066,13294,specialized_enriched,active_fraction,0.01612931117415428,0.004926537163555622,3.2739651203155518,3.2739651203155518,627,88
1067,2861,base_enriched,max,-0.6573832631111145,0.20081476867198944,-3.273580312728882,3.273580312728882,812,88
1068,9953,specialized_enriched,mean,0.03024972416460514,0.009241247549653053,3.2733376026153564,3.2733376026153564,746,88
1069,4022,specialized_enriched,active_fraction,0.005039623007178307,0.0015404183650389314,3.2715938091278076,3.2715938091278076,770,88
1070,13154,base_enriched,max,-0.3960142731666565,0.12119054794311523,-3.2676992416381836,3.2676992416381836,829,88
1071,13164,specialized_enriched,active_fraction,0.02302989549934864,0.007049597334116697,3.266838550567627,3.266838550567627,852,88
1072,1345,specialized_enriched,active_fraction,0.009309635497629642,0.0028509346302598715,3.265467882156372,3.265467882156372,785,88
1073,7415,base_enriched,max,-1.1097065210342407,0.33996397256851196,-3.264188528060913,3.264188528060913,741,88
1074,9054,base_enriched,max,-0.8584302067756653,0.2630665898323059,-3.263166904449463,3.263166904449463,869,88
1075,15473,specialized_enriched,mean,0.028406791388988495,0.008705398067831993,3.2631237506866455,3.2631237506866455,872,88
1076,14214,base_enriched,max,-0.7476289868354797,0.22912773489952087,-3.2629354000091553,3.2629354000091553,816,88
1077,11821,base_enriched,max,-0.7241505980491638,0.22198861837387085,-3.2621068954467773,3.2621068954467773,780,88
1078,8384,base_enriched,max,-0.3392055630683899,0.1040368527173996,-3.260436534881592,3.260436534881592,440,88
1079,3306,base_enriched,active_fraction,-0.007257115561515093,0.0022265310399234295,-3.2593822479248047,3.2593822479248047,724,88
1080,2785,base_enriched,max,-1.1002544164657593,0.33761316537857056,-3.258920431137085,3.258920431137085,747,88
1081,12800,base_enriched,active_fraction,-0.0047794608399271965,0.0014670876553282142,-3.2577881813049316,3.2577881813049316,867,88
1082,13825,specialized_enriched,active_fraction,0.007894037291407585,0.0024243625812232494,3.256129026412964,3.256129026412964,585,88
1083,16357,base_enriched,max,-1.8053574562072754,0.5550633668899536,-3.2525248527526855,3.2525248527526855,591,88
1084,9840,base_enriched,max,-0.27777978777885437,0.08541721105575562,-3.25203537940979,3.25203537940979,685,88
1085,4694,base_enriched,max,-0.8514398336410522,0.2618461847305298,-3.2516794204711914,3.2516794204711914,826,88
1086,8289,base_enriched,active_fraction,-0.004918830469250679,0.0015139993047341704,-3.24889874458313,3.24889874458313,838,88
1087,12725,specialized_enriched,active_fraction,0.016966745257377625,0.0052236332558095455,3.2480735778808594,3.2480735778808594,871,88
1088,13916,base_enriched,max,-0.8353356719017029,0.2571801245212555,-3.2480568885803223,3.2480568885803223,872,88
1089,10226,base_enriched,max,-0.18707303702831268,0.05765261873602867,-3.2448315620422363,3.2448315620422363,90,88
1090,1564,specialized_enriched,active_fraction,0.01659705676138401,0.00511682964861393,3.2436211109161377,3.2436211109161377,872,88
1091,6419,base_enriched,max,-1.4110487699508667,0.4353611469268799,-3.2410993576049805,3.2410993576049805,829,88
1092,5560,base_enriched,max,-1.5134265422821045,0.4676415026187897,-3.2362964153289795,3.2362964153289795,718,88
1093,7856,base_enriched,active_fraction,-0.0022815794218331575,0.0007050353451631963,-3.2361207008361816,3.2361207008361816,676,88
1094,6239,base_enriched,active_fraction,-0.006611402612179518,0.0020431815646588802,-3.235836982727051,3.235836982727051,569,88
1095,7855,specialized_enriched,active_fraction,0.00598756643012166,0.0018507852219045162,3.2351491451263428,3.2351491451263428,680,88
1096,556,base_enriched,max,-0.39857375621795654,0.12330443412065506,-3.232436418533325,3.232436418533325,138,88
1097,392,specialized_enriched,active_fraction,0.010920245200395584,0.0033786569256335497,3.232125997543335,3.232125997543335,871,88
1098,14983,base_enriched,active_fraction,-0.0018605520017445087,0.0005761583452112973,-3.2292373180389404,3.2292373180389404,535,88
1099,2397,specialized_enriched,active_fraction,0.008399857208132744,0.0026013010647147894,3.2290985584259033,3.2290985584259033,348,88
1100,563,specialized_enriched,active_fraction,0.0052202800288796425,0.0016181131359189749,3.2261526584625244,3.2261526584625244,638,88
1101,11539,specialized_enriched,active_fraction,0.050232645124197006,0.015571357682347298,3.225964307785034,3.225964307785034,872,88
1102,8315,base_enriched,max,-0.3707371950149536,0.114973284304142,-3.224550724029541,3.224550724029541,788,88
1103,2445,base_enriched,max,-0.9965934157371521,0.3092557191848755,-3.2225544452667236,3.2225544452667236,867,88
1104,3719,specialized_enriched,mean,0.027197981253266335,0.008447949774563313,3.2194771766662598,3.2194771766662598,740,88
1105,815,base_enriched,max,-1.9878429174423218,0.6177361607551575,-3.2179481983184814,3.2179481983184814,740,88
1106,6238,specialized_enriched,active_fraction,0.004308035131543875,0.0013394564157351851,3.2162563800811768,3.2162563800811768,862,88
1107,3169,specialized_enriched,active_fraction,0.007150552235543728,0.0022238080855458975,3.215453863143921,3.215453863143921,714,88
1108,15288,base_enriched,max,-0.9460824131965637,0.2942357063293457,-3.2153894901275635,3.2153894901275635,764,88
1109,1690,base_enriched,active_fraction,-0.006296938750892878,0.001959245651960373,-3.213960886001587,3.213960886001587,641,88
1110,6007,specialized_enriched,active_fraction,0.003940041176974773,0.0012267839629203081,3.2116830348968506,3.2116830348968506,860,88
1111,1838,base_enriched,max,-0.7767623662948608,0.2419975996017456,-3.2097935676574707,3.2097935676574707,565,88
1112,9469,base_enriched,active_fraction,-0.005019396543502808,0.0015638769837096334,-3.209585189819336,3.209585189819336,846,88
1113,2089,specialized_enriched,max,0.8452568650245667,0.2634473145008087,3.2084474563598633,3.2084474563598633,814,88
1114,15411,specialized_enriched,active_fraction,0.004195874091237783,0.0013083299854770303,3.207045793533325,3.207045793533325,861,88
1115,5827,base_enriched,mean,-0.06708255410194397,0.020934157073497772,-3.2044544219970703,3.2044544219970703,855,88
1116,14314,base_enriched,max,-0.8630405068397522,0.2693311870098114,-3.2043838500976562,3.2043838500976562,871,88
1117,4534,base_enriched,mean,-0.030970117077231407,0.009666189551353455,-3.203963279724121,3.203963279724121,627,88
1118,7406,specialized_enriched,active_fraction,0.001620110822841525,0.0005059927352704108,3.201846122741699,3.201846122741699,378,88
1119,9740,specialized_enriched,active_fraction,0.0048622931353747845,0.0015202445210888982,3.1983625888824463,3.1983625888824463,815,88
1120,7317,base_enriched,max,-0.3699207305908203,0.11569727957248688,-3.1973156929016113,3.1973156929016113,664,88
1121,9766,specialized_enriched,mean,0.015594087541103363,0.004877287428826094,3.197287082672119,3.197287082672119,854,88
1122,9369,base_enriched,max,-0.41460075974464417,0.12971602380275726,-3.196218490600586,3.196218490600586,783,88
1123,3573,specialized_enriched,active_fraction,0.00857696495950222,0.002683738013729453,3.1959025859832764,3.1959025859832764,720,88
1124,11622,specialized_enriched,mean,0.0079561872407794,0.002490176120772958,3.1950299739837646,3.1950299739837646,322,88
1125,11115,specialized_enriched,active_fraction,0.003990918397903442,0.0012492005480453372,3.1947779655456543,3.1947779655456543,786,88
1126,15475,specialized_enriched,mean,0.03925696015357971,0.012299872934818268,3.1916556358337402,3.1916556358337402,872,88
1127,6253,specialized_enriched,active_fraction,0.006162812002003193,0.0019314989913254976,3.1906886100769043,3.1906886100769043,861,88
1128,12927,specialized_enriched,active_fraction,0.005620965268462896,0.0017625968903303146,3.1890249252319336,3.1890249252319336,817,88
1129,4743,base_enriched,max,-0.5098286271095276,0.16005581617355347,-3.1853177547454834,3.1853177547454834,691,88
1130,14241,specialized_enriched,mean,0.025665922090411186,0.008058581501245499,3.184918165206909,3.184918165206909,872,88
1131,11270,base_enriched,max,-1.5667060613632202,0.4921339452266693,-3.183495283126831,3.183495283126831,764,88
1132,9531,base_enriched,max,-0.2249540090560913,0.0706779733300209,-3.182802200317383,3.182802200317383,537,88
1133,4254,specialized_enriched,mean,0.039293814450502396,0.012374906800687313,3.1752817630767822,3.1752817630767822,686,88
1134,6861,specialized_enriched,mean,0.049059171229600906,0.015453527681529522,3.174626111984253,3.174626111984253,856,88
1135,11354,specialized_enriched,active_fraction,0.004166722763329744,0.0013128145365044475,3.1738853454589844,3.1738853454589844,871,88
1136,4519,specialized_enriched,active_fraction,0.0062790983356535435,0.0019789659418165684,3.1729187965393066,3.1729187965393066,869,88
1137,12754,base_enriched,max,-1.0469136238098145,0.3300015330314636,-3.1724507808685303,3.1724507808685303,867,88
1138,11336,base_enriched,max,-1.1225836277008057,0.3540003001689911,-3.171137571334839,3.171137571334839,475,88
1139,1233,base_enriched,max,-1.161693811416626,0.36638548970222473,-3.170687198638916,3.170687198638916,833,88
1140,5669,specialized_enriched,active_fraction,0.010043174959719181,0.003167815273627639,3.1703789234161377,3.1703789234161377,864,88
1141,65,specialized_enriched,mean,0.03148970380425453,0.009932671673595905,3.1703155040740967,3.1703155040740967,868,88
1142,4553,base_enriched,active_fraction,-0.0027218309696763754,0.0008587401825934649,-3.169562816619873,3.169562816619873,534,88
1143,12278,base_enriched,max,-2.875985622406006,0.9075169563293457,-3.1690709590911865,3.1690709590911865,863,88
1144,14870,specialized_enriched,mean,0.03349123150110245,0.0105860261246562,3.1637208461761475,3.1637208461761475,868,88
1145,10474,specialized_enriched,mean,0.02727270871400833,0.008623266592621803,3.162688732147217,3.162688732147217,871,88
1146,403,specialized_enriched,active_fraction,0.0035929037258028984,0.0011363187804818153,3.1618800163269043,3.1618800163269043,723,88
1147,12568,specialized_enriched,active_fraction,0.0045481836423277855,0.001438516890630126,3.161717176437378,3.161717176437378,871,88
1148,15048,base_enriched,max,-1.8112373352050781,0.5729063153266907,-3.161489486694336,3.161489486694336,869,88
1149,11466,base_enriched,active_fraction,-0.005353226792067289,0.0016938630724325776,-3.1603658199310303,3.1603658199310303,846,88
1150,6467,base_enriched,max,-1.3749455213546753,0.43519511818885803,-3.159377098083496,3.159377098083496,841,88
1151,2408,base_enriched,max,-0.4861123859882355,0.15412217378616333,-3.154071807861328,3.154071807861328,813,88
1152,4315,base_enriched,max,-0.7517350912094116,0.23839189112186432,-3.1533584594726562,3.1533584594726562,723,88
1153,12630,specialized_enriched,active_fraction,0.006075162440538406,0.0019299488049000502,3.1478359699249268,3.1478359699249268,866,88
1154,7804,base_enriched,active_fraction,-0.005776551552116871,0.0018363393610343337,-3.145688533782959,3.145688533782959,766,88
1155,5336,specialized_enriched,mean,0.06009174510836601,0.019104475155472755,3.145427703857422,3.145427703857422,771,88
1156,12909,base_enriched,max,-0.8193631768226624,0.2605142593383789,-3.1451759338378906,3.1451759338378906,677,88
1157,8859,base_enriched,max,-0.5529705882072449,0.17615963518619537,-3.139031171798706,3.139031171798706,848,88
1158,11552,base_enriched,mean,-0.035691943019628525,0.011373468674719334,-3.1381757259368896,3.1381757259368896,771,88
1159,8770,base_enriched,max,-0.6427393555641174,0.2049809843301773,-3.1356048583984375,3.1356048583984375,660,88
1160,8957,specialized_enriched,active_fraction,0.004141421522945166,0.0013226366136223078,3.1311862468719482,3.1311862468719482,853,88
1161,5991,specialized_enriched,active_fraction,0.00164031982421875,0.0005240394966676831,3.130145311355591,3.130145311355591,731,88
1162,21,specialized_enriched,active_fraction,0.007177609950304031,0.002293321769684553,3.1297874450683594,3.1297874450683594,818,88
1163,4627,base_enriched,max,-2.5539538860321045,0.8162711262702942,-3.1288058757781982,3.1288058757781982,654,88
1164,4700,base_enriched,max,-0.7000386118888855,0.22386877238750458,-3.127004384994507,3.127004384994507,620,88
1165,2015,base_enriched,max,-0.14739961922168732,0.047138918191194534,-3.126919746398926,3.126919746398926,838,88
1166,8555,specialized_enriched,active_fraction,0.002675424562767148,0.0008556606480851769,3.1267354488372803,3.1267354488372803,765,88
1167,9714,base_enriched,active_fraction,-0.008508221246302128,0.0027233760338276625,-3.1241447925567627,3.1241447925567627,468,88
1168,4551,base_enriched,max,-0.8674373030662537,0.27766531705856323,-3.1240391731262207,3.1240391731262207,771,88
1169,1122,base_enriched,max,-0.8732330799102783,0.2795369327068329,-3.1238558292388916,3.1238558292388916,402,88
1170,14948,base_enriched,max,-0.4066769480705261,0.13018663227558136,-3.1237995624542236,3.1237995624542236,853,88
1171,1400,specialized_enriched,active_fraction,0.019455913454294205,0.006234734319150448,3.12056827545166,3.12056827545166,870,88
1172,14662,base_enriched,mean,-0.07751148194074631,0.024855468422174454,-3.118488073348999,3.118488073348999,588,88
1173,12610,specialized_enriched,mean,0.03777848929166794,0.012120514176785946,3.1169047355651855,3.1169047355651855,871,88
1174,15617,specialized_enriched,active_fraction,0.007724087685346603,0.0024792279582470655,3.1155214309692383,3.1155214309692383,688,88
1175,4714,specialized_enriched,mean,0.04934930428862572,0.015840068459510803,3.1154730319976807,3.1154730319976807,814,88
1176,14007,base_enriched,active_fraction,-0.004071124829351902,0.0013083048397675157,-3.111755609512329,3.111755609512329,417,88
1177,10663,base_enriched,max,-1.6567109823226929,0.5326147675514221,-3.1105239391326904,3.1105239391326904,812,88
1178,8457,base_enriched,max,-0.5780386924743652,0.18585693836212158,-3.1101269721984863,3.1101269721984863,872,88
1179,5442,base_enriched,max,-0.38301917910575867,0.12321437895298004,-3.1085591316223145,3.1085591316223145,754,88
1180,9185,specialized_enriched,active_fraction,0.016143593937158585,0.005193902179598808,3.108182191848755,3.108182191848755,768,88
1181,6352,specialized_enriched,active_fraction,0.005427941679954529,0.0017464462434872985,3.10799241065979,3.10799241065979,841,88
1182,8136,specialized_enriched,mean,0.05326056480407715,0.017138248309493065,3.1077017784118652,3.1077017784118652,697,88
1183,8939,base_enriched,max,-1.3059979677200317,0.42030689120292664,-3.107248544692993,3.107248544692993,639,88
1184,5389,specialized_enriched,mean,0.04205351695418358,0.013536232523620129,3.1067371368408203,3.1067371368408203,503,88
1185,2779,base_enriched,max,-0.9977834224700928,0.32151541113853455,-3.103376626968384,3.103376626968384,820,88
1186,11420,specialized_enriched,mean,0.02060476876795292,0.006642148829996586,3.102123975753784,3.102123975753784,761,88
1187,8983,specialized_enriched,mean,0.02994152344763279,0.00965544767677784,3.1009979248046875,3.1009979248046875,684,88
1188,3303,specialized_enriched,active_fraction,0.005720857065171003,0.0018453676020726562,3.1001179218292236,3.1001179218292236,686,88
1189,11584,base_enriched,max,-0.2521893084049225,0.08136983215808868,-3.099297285079956,3.099297285079956,374,88
1190,7668,specialized_enriched,active_fraction,0.01054401881992817,0.003402554430067539,3.098853826522827,3.098853826522827,872,88
1191,4156,base_enriched,max,-0.6514262557029724,0.21033848822116852,-3.0970377922058105,3.0970377922058105,832,88
1192,15947,specialized_enriched,mean,0.06683770567178726,0.021581800654530525,3.09694766998291,3.09694766998291,792,88
1193,8318,specialized_enriched,mean,0.02310035191476345,0.00745956739410758,3.0967414379119873,3.0967414379119873,578,88
1194,8558,specialized_enriched,mean,0.03145947307348251,0.010171308182179928,3.0929622650146484,3.0929622650146484,629,88
1195,13585,specialized_enriched,active_fraction,0.005564338993281126,0.001799374120309949,3.092374801635742,3.092374801635742,721,88
1196,14216,specialized_enriched,active_fraction,0.0033032617066055536,0.0010685698362067342,3.091292381286621,3.091292381286621,580,88
1197,15368,specialized_enriched,mean,0.040216028690338135,0.013009529560804367,3.0912747383117676,3.0912747383117676,831,88
1198,9435,specialized_enriched,active_fraction,0.005553099326789379,0.0017986359307542443,3.087394952774048,3.087394952774048,703,88
1199,8766,base_enriched,max,-0.3710625171661377,0.12018877267837524,-3.0873310565948486,3.0873310565948486,215,88
1200,3219,base_enriched,max,-0.7267895936965942,0.23575645685195923,-3.0827982425689697,3.0827982425689697,866,88
1201,57,specialized_enriched,mean,0.043843336403369904,0.014234359376132488,3.080106019973755,3.080106019973755,794,88
1202,15503,base_enriched,max,-1.4868913888931274,0.48300549387931824,-3.0784151554107666,3.0784151554107666,776,88
1203,7303,specialized_enriched,max,2.652130365371704,0.8618181943893433,3.077366352081299,3.077366352081299,567,88
1204,4415,specialized_enriched,mean,0.022938217967748642,0.007455631624907255,3.076629638671875,3.076629638671875,855,88
1205,16216,base_enriched,active_fraction,-0.0033337881322950125,0.0010847883531823754,-3.0732152462005615,3.0732152462005615,818,88
1206,8202,base_enriched,active_fraction,-0.004508315585553646,0.0014675627462565899,-3.071974754333496,3.071974754333496,871,88
1207,15630,base_enriched,max,-0.9301326274871826,0.3030189275741577,-3.0695528984069824,3.0695528984069824,867,88
1208,11293,specialized_enriched,active_fraction,0.008200046606361866,0.0026731365360319614,3.067574977874756,3.067574977874756,787,88
1209,7638,base_enriched,max,-0.2558559775352478,0.08343140035867691,-3.0666627883911133,3.0666627883911133,417,88
1210,15750,specialized_enriched,active_fraction,0.010018867440521717,0.0032684695906937122,3.0653083324432373,3.0653083324432373,871,88
1211,14140,base_enriched,active_fraction,-0.009731008671224117,0.0031750970520079136,-3.064790964126587,3.064790964126587,871,88
1212,6706,base_enriched,mean,-0.015711961314082146,0.005130893085151911,-3.062227487564087,3.062227487564087,565,88
1213,8327,base_enriched,active_fraction,-0.003706466406583786,0.0012108926894143224,-3.0609371662139893,3.0609371662139893,852,88
1214,404,base_enriched,max,-0.3757608234882355,0.12280026078224182,-3.0599350929260254,3.0599350929260254,545,88
1215,11911,base_enriched,max,-1.0636775493621826,0.34766241908073425,-3.0595126152038574,3.0595126152038574,767,88
1216,7763,specialized_enriched,active_fraction,0.01127721183001995,0.0036868767347186804,3.058743953704834,3.058743953704834,726,88
1217,7065,base_enriched,max,-1.0674123764038086,0.3491508364677429,-3.057166814804077,3.057166814804077,791,88
1218,9585,base_enriched,max,-1.0155251026153564,0.33220040798187256,-3.0569653511047363,3.0569653511047363,756,88
1219,2366,specialized_enriched,active_fraction,0.007195512764155865,0.00235507870092988,3.0553174018859863,3.0553174018859863,871,88
1220,15350,specialized_enriched,active_fraction,0.005455939564853907,0.0017868047580122948,3.0534615516662598,3.0534615516662598,872,88
1221,6593,specialized_enriched,active_fraction,0.011478406377136707,0.003760256804525852,3.0525591373443604,3.0525591373443604,872,88
1222,8729,specialized_enriched,active_fraction,0.004444619175046682,0.0014561621937900782,3.0522830486297607,3.0522830486297607,613,88
1223,8870,base_enriched,active_fraction,-0.009608077816665173,0.0031490428373217583,-3.0511105060577393,3.0511105060577393,821,88
1224,11939,specialized_enriched,active_fraction,0.005161152221262455,0.0016925871605053544,3.0492682456970215,3.0492682456970215,871,88
1225,5176,base_enriched,max,-0.7920444011688232,0.2597563862800598,-3.0491816997528076,3.0491816997528076,710,88
1226,12592,base_enriched,mean,-0.0126626743003726,0.004154236987233162,-3.0481348037719727,3.0481348037719727,862,88
1227,810,specialized_enriched,mean,0.024055564776062965,0.007894493639469147,3.0471320152282715,3.0471320152282715,732,88
1228,11832,specialized_enriched,mean,0.04453246667981148,0.014621537178754807,3.0456762313842773,3.0456762313842773,871,88
1229,9132,base_enriched,active_fraction,-0.008007696829736233,0.002630101516842842,-3.0446341037750244,3.0446341037750244,758,88
1230,14219,base_enriched,active_fraction,-0.01405938621610403,0.004619166254997253,-3.0437064170837402,3.0437064170837402,730,88
1231,2031,base_enriched,mean,-0.029701268300414085,0.009769084863364697,-3.040332794189453,3.040332794189453,872,88
1232,7071,specialized_enriched,active_fraction,0.005663671996444464,0.0018629335099831223,3.0401899814605713,3.0401899814605713,814,88
1233,16368,base_enriched,max,-0.6450660824775696,0.2122884839773178,-3.0386297702789307,3.0386297702789307,769,88
1234,3702,specialized_enriched,mean,0.016416700556874275,0.005409267731010914,3.034921169281006,3.034921169281006,781,88
1235,11896,specialized_enriched,active_fraction,0.0030542684253305197,0.001006515696644783,3.034496545791626,3.034496545791626,845,88
1236,9539,base_enriched,max,-1.016670823097229,0.3352254033088684,-3.0327975749969482,3.0327975749969482,778,88
1237,7165,base_enriched,max,-0.7743039131164551,0.25532978773117065,-3.0325639247894287,3.0325639247894287,799,88
1238,7558,base_enriched,active_fraction,-0.006920747924596071,0.0022832269314676523,-3.031125783920288,3.031125783920288,746,88
1239,15514,base_enriched,max,-0.6485010981559753,0.2144017368555069,-3.024700880050659,3.024700880050659,872,88
1240,952,base_enriched,max,-0.5272256731987,0.17434494197368622,-3.0240375995635986,3.0240375995635986,857,88
1241,6217,specialized_enriched,mean,0.037345051765441895,0.012365585193037987,3.0200796127319336,3.0200796127319336,828,88
1242,13091,specialized_enriched,active_fraction,0.010583070106804371,0.0035055691841989756,3.018930673599243,3.018930673599243,531,88
1243,2300,base_enriched,max,-0.9353424906730652,0.3099149465560913,-3.018061876296997,3.018061876296997,854,88
1244,6133,base_enriched,max,-1.7961006164550781,0.595119833946228,-3.0180487632751465,3.0180487632751465,847,88
1245,12788,base_enriched,max,-0.1857694387435913,0.061578504741191864,-3.0167903900146484,3.0167903900146484,190,88
1246,11353,specialized_enriched,active_fraction,0.010128411464393139,0.0033588542137295008,3.0154364109039307,3.0154364109039307,872,88
1247,7540,base_enriched,max,-0.6160837411880493,0.20434688031673431,-3.0148918628692627,3.0148918628692627,871,88
1248,1648,base_enriched,active_fraction,-0.005137545522302389,0.0017052647890523076,-3.0127553939819336,3.0127553939819336,869,88
1249,3198,base_enriched,mean,-0.008983478881418705,0.0029825158417224884,-3.012047290802002,3.012047290802002,454,88
1250,2494,base_enriched,max,-0.39880314469337463,0.13242411613464355,-3.0115597248077393,3.0115597248077393,703,88
1251,5047,specialized_enriched,active_fraction,0.009237706661224365,0.003067417535930872,3.0115582942962646,3.0115582942962646,872,88
1252,4744,base_enriched,max,-0.16523891687393188,0.05488456040620804,-3.0106630325317383,3.0106630325317383,288,88
1253,2715,base_enriched,max,-1.990893006324768,0.6615867018699646,-3.009269952774048,3.009269952774048,834,88
1254,9344,specialized_enriched,active_fraction,0.0107793677598238,0.003582456149160862,3.008932113647461,3.008932113647461,631,88
1255,5520,base_enriched,max,-0.5332871675491333,0.1773388832807541,-3.007164239883423,3.007164239883423,866,88
1256,5632,specialized_enriched,max,2.4400346279144287,0.8120726943016052,3.00469970703125,3.00469970703125,608,88
1257,9013,specialized_enriched,active_fraction,0.002796403830870986,0.0009307071450166404,3.004601240158081,3.004601240158081,577,88
1258,10153,specialized_enriched,active_fraction,0.0027466972824186087,0.0009141658083535731,3.004594087600708,3.004594087600708,714,88
1259,15805,specialized_enriched,active_fraction,0.005621346645057201,0.0018711384618654847,3.0042388439178467,3.0042388439178467,811,88
1260,5110,specialized_enriched,mean,0.02195744216442108,0.007309194654226303,3.004085063934326,3.004085063934326,841,88
1261,13321,base_enriched,max,-0.2942337393760681,0.09797471761703491,-3.003159761428833,3.003159761428833,735,88
1262,11918,specialized_enriched,active_fraction,0.0035397906322032213,0.0011789376148954034,3.002525806427002,3.002525806427002,638,88
1263,7613,base_enriched,max,-0.22615370154380798,0.07533301413059235,-3.0020530223846436,3.0020530223846436,252,88
1264,9275,base_enriched,max,-0.24476517736911774,0.08156788349151611,-3.0007543563842773,3.0007543563842773,304,88
1265,3233,specialized_enriched,mean,0.037291646003723145,0.0124324019998312,2.9995527267456055,2.9995527267456055,870,88
1266,7374,base_enriched,mean,-0.024628713726997375,0.008210920728743076,-2.999506950378418,2.999506950378418,869,88
1267,11948,base_enriched,max,-1.3375385999679565,0.44601187109947205,-2.9988856315612793,2.9988856315612793,759,88
1268,6840,base_enriched,max,-0.22121185064315796,0.07377663254737854,-2.9983999729156494,2.9983999729156494,246,88
1269,7169,specialized_enriched,max,0.5981354713439941,0.19952210783958435,2.997840642929077,2.997840642929077,779,88
1270,4603,base_enriched,max,-0.2578772306442261,0.08607485145330429,-2.995964765548706,2.995964765548706,519,88
1271,6055,base_enriched,max,-0.8602380156517029,0.28764355182647705,-2.9906389713287354,2.9906389713287354,858,88
1272,1025,specialized_enriched,active_fraction,0.004184607416391373,0.0013998758513480425,2.9892704486846924,2.9892704486846924,863,88
1273,3196,specialized_enriched,active_fraction,0.010589164681732655,0.00354308495298028,2.988684892654419,2.988684892654419,770,88
1274,2021,specialized_enriched,mean,0.026631342247128487,0.008912993595004082,2.9879233837127686,2.9879233837127686,872,88
1275,144,base_enriched,max,-0.3100699484348297,0.10394319891929626,-2.9830710887908936,2.9830710887908936,137,88
1276,13723,specialized_enriched,max,0.27411314845085144,0.0919341892004013,2.981623649597168,2.981623649597168,234,88
1277,10496,specialized_enriched,mean,0.029734784737229347,0.009976329281926155,2.9805335998535156,2.9805335998535156,530,88
1278,7128,specialized_enriched,mean,0.06469171494245529,0.021721728146076202,2.978203058242798,2.978203058242798,672,88
1279,61,specialized_enriched,active_fraction,0.005867909174412489,0.0019721437711268663,2.975396156311035,2.975396156311035,790,88
1280,3234,base_enriched,active_fraction,-0.004437912255525589,0.0014917284715920687,-2.975013494491577,2.975013494491577,785,88
1281,12147,base_enriched,max,-0.493886262178421,0.16611658036708832,-2.973130464553833,2.973130464553833,854,88
1282,11686,specialized_enriched,mean,0.02228805236518383,0.007498178631067276,2.9724621772766113,2.9724621772766113,703,88
1283,2324,specialized_enriched,active_fraction,0.006601324770599604,0.00222403509542346,2.968174695968628,2.968174695968628,632,88
1284,3357,base_enriched,active_fraction,-0.00561172142624855,0.0018908892525359988,-2.967768430709839,2.967768430709839,871,88
1285,9002,specialized_enriched,active_fraction,0.0057352464646101,0.0019337533740326762,2.965862512588501,2.965862512588501,850,88
1286,4909,specialized_enriched,mean,0.0359077975153923,0.012110873125493526,2.9649221897125244,2.9649221897125244,845,88
1287,2211,base_enriched,max,-1.5992823839187622,0.5412395596504211,-2.9548511505126953,2.9548511505126953,700,88
1288,4343,specialized_enriched,max,1.9097020626068115,0.646609365940094,2.953409194946289,2.953409194946289,253,88
1289,12285,specialized_enriched,active_fraction,0.0027011693455278873,0.0009150324040092528,2.951992988586426,2.951992988586426,575,88
1290,15166,base_enriched,active_fraction,-0.00422330480068922,0.0014317060122266412,-2.949840784072876,2.949840784072876,775,88
1291,16217,base_enriched,mean,-0.01751028560101986,0.005937732290476561,-2.9489853382110596,2.9489853382110596,749,88
1292,12712,base_enriched,max,-0.8089815378189087,0.27444761991500854,-2.947671890258789,2.947671890258789,543,88
1293,1613,base_enriched,max,-2.714984655380249,0.9211939573287964,-2.9472453594207764,2.9472453594207764,715,88
1294,15112,specialized_enriched,mean,0.024184009060263634,0.008214454166591167,2.944079875946045,2.944079875946045,856,88
1295,8642,specialized_enriched,active_fraction,0.004934435244649649,0.0016765141626819968,2.9432709217071533,2.9432709217071533,755,88
1296,7312,specialized_enriched,active_fraction,0.00789662729948759,0.002683283993974328,2.942896604537964,2.942896604537964,870,88
1297,12711,specialized_enriched,active_fraction,0.005128904711455107,0.0017430736916139722,2.942448616027832,2.942448616027832,714,88
1298,14765,specialized_enriched,mean,0.07606329023838043,0.025895720347762108,2.9372918605804443,2.9372918605804443,871,88
1299,13271,specialized_enriched,mean,0.03172760829329491,0.010809306055307388,2.9352123737335205,2.9352123737335205,805,88
1300,9968,specialized_enriched,mean,0.029229221865534782,0.009958582930266857,2.9350783824920654,2.9350783824920654,866,88
1301,7698,specialized_enriched,active_fraction,0.0045266528613865376,0.0015427020844072104,2.934236526489258,2.934236526489258,843,88
1302,12087,base_enriched,max,-0.8656885623931885,0.2951405644416809,-2.9331398010253906,2.9331398010253906,453,88
1303,5090,base_enriched,max,-1.290413737297058,0.440403014421463,-2.930074691772461,2.930074691772461,662,88
1304,10603,base_enriched,active_fraction,-0.002284285146743059,0.0007801406900398433,-2.9280426502227783,2.9280426502227783,616,88
1305,10580,base_enriched,max,-0.2564305365085602,0.08772441744804382,-2.9231374263763428,2.9231374263763428,455,88
1306,10881,specialized_enriched,active_fraction,0.0037611229345202446,0.0012882871087640524,2.919475793838501,2.919475793838501,531,88
1307,348,specialized_enriched,max,2.020386219024658,0.6922416687011719,2.918613910675049,2.918613910675049,693,88
1308,14661,base_enriched,max,-0.2610737681388855,0.08951874077320099,-2.916414737701416,2.916414737701416,361,88
1309,8964,specialized_enriched,active_fraction,0.009404630400240421,0.003226091153919697,2.915178060531616,2.915178060531616,765,88
1310,14893,specialized_enriched,mean,0.027316860854625702,0.009372281841933727,2.9146435260772705,2.9146435260772705,758,88
1311,1099,specialized_enriched,max,1.6137025356292725,0.553759753704071,2.9140841960906982,2.9140841960906982,868,88
1312,11736,specialized_enriched,mean,0.03464021906256676,0.011888920329511166,2.9136555194854736,2.9136555194854736,864,88
1313,12809,specialized_enriched,active_fraction,0.004862931556999683,0.001669118762947619,2.9134724140167236,2.9134724140167236,732,88
1314,15231,base_enriched,max,-0.3375590443611145,0.11589120328426361,-2.9127235412597656,2.9127235412597656,302,88
1315,5915,base_enriched,max,-0.8471747636795044,0.2908792793750763,-2.912461757659912,2.912461757659912,855,88
1316,4639,base_enriched,max,-1.5411837100982666,0.5292806625366211,-2.9118459224700928,2.9118459224700928,797,88
1317,7697,base_enriched,active_fraction,-0.0027886677999049425,0.0009579324978403747,-2.9111318588256836,2.9111318588256836,473,88
1318,4112,base_enriched,active_fraction,-0.002798479748889804,0.000961410696618259,-2.9108057022094727,2.9108057022094727,540,88
1319,10306,specialized_enriched,active_fraction,0.004105785395950079,0.0014107434544712305,2.910369873046875,2.910369873046875,760,88
1320,15421,specialized_enriched,mean,0.026639077812433243,0.00915351789444685,2.9102556705474854,2.9102556705474854,872,88
1321,3240,specialized_enriched,max,1.7125636339187622,0.5886268019676208,2.909421682357788,2.909421682357788,860,88
1322,1095,specialized_enriched,active_fraction,0.013778172433376312,0.004736038856208324,2.9092185497283936,2.9092185497283936,870,88
1323,10858,base_enriched,max,-0.4347338378429413,0.14949439465999603,-2.9080276489257812,2.9080276489257812,870,88
1324,7910,specialized_enriched,mean,0.020990727469325066,0.007223695050925016,2.905815839767456,2.905815839767456,700,88
1325,3332,specialized_enriched,mean,0.01182722020894289,0.004076565615832806,2.901270627975464,2.901270627975464,827,88
1326,11609,specialized_enriched,mean,0.036367230117321014,0.012535135261714458,2.901223659515381,2.901223659515381,872,88
1327,8036,specialized_enriched,active_fraction,0.004911972675472498,0.0016957391053438187,2.896655797958374,2.896655797958374,792,88
1328,7504,specialized_enriched,active_fraction,0.007120443042367697,0.0024588170927017927,2.8958816528320312,2.8958816528320312,869,88
1329,14560,base_enriched,max,-0.8639489412307739,0.29855212569236755,-2.893795967102051,2.893795967102051,541,88
1330,7724,specialized_enriched,active_fraction,0.010666017420589924,0.0036859766114503145,2.893674850463867,2.893674850463867,866,88
1331,1117,specialized_enriched,mean,0.03872141242027283,0.01338159665465355,2.89363169670105,2.89363169670105,841,88
1332,2643,specialized_enriched,active_fraction,0.0074324761517345905,0.0025690291076898575,2.8931069374084473,2.8931069374084473,841,88
1333,15075,specialized_enriched,active_fraction,0.002794478554278612,0.0009664999670349061,2.891338586807251,2.891338586807251,561,88
1334,5206,base_enriched,active_fraction,-0.0029999399557709694,0.001038009999319911,-2.890087604522705,2.890087604522705,556,88
1335,9540,base_enriched,max,-1.0972793102264404,0.37987402081489563,-2.8885347843170166,2.8885347843170166,788,88
1336,1486,base_enriched,max,-1.2320425510406494,0.42667195200920105,-2.887563943862915,2.887563943862915,858,88
1337,9392,base_enriched,max,-0.31221839785575867,0.10816115140914917,-2.886603832244873,2.886603832244873,692,88
1338,14348,base_enriched,max,-0.4446709156036377,0.15415462851524353,-2.8845770359039307,2.8845770359039307,789,88
1339,5388,base_enriched,max,-1.096920371055603,0.38028496503829956,-2.884469509124756,2.884469509124756,719,88
1340,12326,specialized_enriched,mean,0.06847024708986282,0.023740267381072044,2.8841397762298584,2.8841397762298584,729,88
1341,14667,specialized_enriched,active_fraction,0.003213536459952593,0.0011162555310875177,2.8788537979125977,2.8788537979125977,651,88
1342,1357,base_enriched,active_fraction,-0.005813359282910824,0.0020204081665724516,-2.8773193359375,2.8773193359375,635,88
1343,4681,specialized_enriched,active_fraction,0.002379040466621518,0.0008271235274150968,2.876281976699829,2.876281976699829,481,88
1344,15650,specialized_enriched,mean,0.037314269691705704,0.012985417619347572,2.873551845550537,2.873551845550537,869,88
1345,14412,specialized_enriched,active_fraction,0.003174866084009409,0.0011056491639465094,2.871495008468628,2.871495008468628,535,88
1346,5614,specialized_enriched,active_fraction,0.013195428065955639,0.00459558330476284,2.871328115463257,2.871328115463257,785,88
1347,6110,specialized_enriched,mean,0.025747546926140785,0.008970808237791061,2.870147943496704,2.870147943496704,783,88
1348,3696,specialized_enriched,active_fraction,0.014637818560004234,0.005100838374346495,2.8696887493133545,2.8696887493133545,860,88
1349,10295,base_enriched,max,-0.8133266568183899,0.2839726209640503,-2.864102363586426,2.864102363586426,869,88
1350,12745,base_enriched,max,-1.3172465562820435,0.46011418104171753,-2.8628687858581543,2.8628687858581543,656,88
1351,15430,base_enriched,active_fraction,-0.0048820762895047665,0.0017059016972780228,-2.8618743419647217,2.8618743419647217,587,88
1352,16341,base_enriched,max,-0.2161518931388855,0.07555565983057022,-2.8608298301696777,2.8608298301696777,132,88
1353,665,base_enriched,max,-3.15791916847229,1.1039295196533203,-2.860616683959961,2.860616683959961,761,88
1354,10334,base_enriched,max,-0.7714980244636536,0.2698631286621094,-2.858849287033081,2.858849287033081,862,88
1355,7805,specialized_enriched,active_fraction,0.005172427743673325,0.0018101895693689585,2.857395648956299,2.857395648956299,708,88
1356,9377,specialized_enriched,mean,0.006330317351967096,0.0022170371375977993,2.8553049564361572,2.8553049564361572,840,88
1357,347,base_enriched,max,-2.285248279571533,0.8013247847557068,-2.8518378734588623,2.8518378734588623,810,88
1358,10013,specialized_enriched,active_fraction,0.002901148283854127,0.0010177624644711614,2.8505160808563232,2.8505160808563232,719,88
1359,8378,base_enriched,mean,-0.03060052916407585,0.010742348618805408,-2.848588466644287,2.848588466644287,762,88
1360,14955,specialized_enriched,max,1.0561659336090088,0.37095460295677185,2.8471567630767822,2.8471567630767822,555,88
1361,10677,specialized_enriched,active_fraction,0.009148504585027695,0.003213209565728903,2.8471546173095703,2.8471546173095703,482,88
1362,8079,base_enriched,active_fraction,-0.004981923848390579,0.0017505126306787133,-2.845979928970337,2.845979928970337,708,88
1363,2156,specialized_enriched,active_fraction,0.005821813363581896,0.0020479478407651186,2.842754602432251,2.842754602432251,843,88
1364,15300,base_enriched,active_fraction,-0.0016961386427283287,0.000596702448092401,-2.842519998550415,2.842519998550415,413,88
1365,15313,base_enriched,max,-0.2565656900405884,0.09029066562652588,-2.841552734375,2.841552734375,782,88
1366,13743,base_enriched,max,-0.48042333126068115,0.169101744890213,-2.841031074523926,2.841031074523926,560,88
1367,12191,specialized_enriched,active_fraction,0.004704568535089493,0.0016572127351537347,2.838844060897827,2.838844060897827,872,88
1368,13059,specialized_enriched,mean,0.03537672013044357,0.012463144026696682,2.8385069370269775,2.8385069370269775,871,88
1369,1903,specialized_enriched,active_fraction,0.0105128800496459,0.00370569690130651,2.8369507789611816,2.8369507789611816,872,88
1370,516,base_enriched,max,-0.4122592806816101,0.1453762948513031,-2.835808038711548,2.835808038711548,724,88
1371,5485,specialized_enriched,max,2.295625925064087,0.809846818447113,2.834642171859741,2.834642171859741,792,88
1372,3361,specialized_enriched,mean,0.030584193766117096,0.010803980752825737,2.8308262825012207,2.8308262825012207,501,88
1373,2964,specialized_enriched,mean,0.03826266527175903,0.01352783665060997,2.828439235687256,2.828439235687256,731,88
1374,1699,specialized_enriched,mean,0.03275423124432564,0.01158259715884924,2.827883243560791,2.827883243560791,782,88
1375,15900,base_enriched,mean,-0.01394717674702406,0.004936102777719498,-2.8255441188812256,2.8255441188812256,701,88
1376,15902,specialized_enriched,active_fraction,0.010760036297142506,0.0038083766121417284,2.8253602981567383,2.8253602981567383,872,88
1377,6684,base_enriched,max,-1.0101789236068726,0.3578166663646698,-2.8231747150421143,2.8231747150421143,872,88
1378,5679,specialized_enriched,active_fraction,0.0030848036985844374,0.0010927534895017743,2.8229639530181885,2.8229639530181885,552,88
1379,7408,specialized_enriched,mean,0.0232932697981596,0.008259003981947899,2.8203485012054443,2.8203485012054443,862,88
1380,16286,specialized_enriched,active_fraction,0.0029142601415514946,0.0010333944810554385,2.820084810256958,2.820084810256958,622,88
1381,8264,specialized_enriched,active_fraction,0.011012498289346695,0.0039058446418493986,2.8194921016693115,2.8194921016693115,871,88
1382,3453,base_enriched,max,-0.255859375,0.09075663238763809,-2.819180965423584,2.819180965423584,610,88
1383,1127,base_enriched,active_fraction,-0.0038016741164028645,0.0013487893156707287,-2.818582534790039,2.818582534790039,829,88
1384,1244,specialized_enriched,mean,0.05556737259030342,0.0197147224098444,2.818572521209717,2.818572521209717,868,88
1385,8033,specialized_enriched,active_fraction,0.00694528641179204,0.002464251359924674,2.8184163570404053,2.8184163570404053,726,88
1386,5331,base_enriched,max,-0.8573514819145203,0.3042876124382019,-2.8175694942474365,2.8175694942474365,642,88
1387,16041,specialized_enriched,active_fraction,0.004000739194452763,0.0014208551729097962,2.8157262802124023,2.8157262802124023,807,88
1388,4463,specialized_enriched,active_fraction,0.004718514159321785,0.0016766366316005588,2.8142735958099365,2.8142735958099365,842,88
1389,11872,base_enriched,max,-1.3989689350128174,0.49719420075416565,-2.813727378845215,2.813727378845215,721,88
1390,5270,base_enriched,max,-0.4686228334903717,0.16670767962932587,-2.8110451698303223,2.8110451698303223,291,88
1391,11865,base_enriched,active_fraction,-0.004449259024113417,0.0015828809700906277,-2.810861349105835,2.810861349105835,590,88
1392,1258,specialized_enriched,mean,0.0213143453001976,0.007583245635032654,2.810715436935425,2.810715436935425,565,88
1393,14653,specialized_enriched,active_fraction,0.004455513320863247,0.0015864354791119695,2.8085057735443115,2.8085057735443115,869,88
1394,2013,specialized_enriched,active_fraction,0.0038653884548693895,0.0013766686897724867,2.807784080505371,2.807784080505371,771,88
1395,15241,base_enriched,max,-0.3372501730918884,0.12016415596008301,-2.8065788745880127,2.8065788745880127,706,88
1396,4755,base_enriched,mean,-0.0013004880165681243,0.00046352462959475815,-2.805650234222412,2.805650234222412,151,88
1397,6891,base_enriched,max,-0.5307208299636841,0.18929606676101685,-2.803654909133911,2.803654909133911,809,88
1398,6652,base_enriched,mean,-0.04173090681433678,0.014907286502420902,-2.799363136291504,2.799363136291504,871,88
1399,12509,base_enriched,max,-0.1674623042345047,0.05988587066531181,-2.7963573932647705,2.7963573932647705,234,88
1400,4612,base_enriched,active_fraction,-0.005456534214317799,0.0019515277817845345,-2.796031951904297,2.796031951904297,594,88
1401,13928,specialized_enriched,mean,0.014334052801132202,0.0051275514997541904,2.795496702194214,2.795496702194214,617,88
1402,10348,base_enriched,active_fraction,-0.0018722800305113196,0.0006699334480799735,-2.7947254180908203,2.7947254180908203,654,88
1403,3228,specialized_enriched,active_fraction,0.005066033452749252,0.0018128333613276482,2.794538974761963,2.794538974761963,796,88
1404,11185,specialized_enriched,active_fraction,0.0027302587404847145,0.0009773889323696494,2.7934210300445557,2.7934210300445557,482,88
1405,8377,specialized_enriched,mean,0.02168288081884384,0.007764346897602081,2.792621374130249,2.792621374130249,868,88
1406,14772,base_enriched,max,-0.4712050259113312,0.16875576972961426,-2.7922306060791016,2.7922306060791016,513,88
1407,4936,base_enriched,max,-0.9315282106399536,0.3336544930934906,-2.7918946743011475,2.7918946743011475,780,88
1408,5516,base_enriched,active_fraction,-0.00884124357253313,0.003169330535456538,-2.7896249294281006,2.7896249294281006,866,88
1409,996,specialized_enriched,active_fraction,0.0017566680908203125,0.0006298238295130432,2.789141893386841,2.789141893386841,752,88
1410,13807,base_enriched,max,-0.6797090768814087,0.24374088644981384,-2.788654327392578,2.788654327392578,657,88
1411,5927,specialized_enriched,mean,0.0181493628770113,0.006512842141091824,2.7867038249969482,2.7867038249969482,835,88
1412,4583,specialized_enriched,active_fraction,0.011416874825954437,0.004099758807569742,2.7847673892974854,2.7847673892974854,859,88
1413,16179,specialized_enriched,active_fraction,0.010293827392160892,0.0036970507353544235,2.784334897994995,2.784334897994995,842,88
1414,8936,base_enriched,active_fraction,-0.0022902023047208786,0.000822558649815619,-2.7842419147491455,2.7842419147491455,714,88
1415,1889,base_enriched,active_fraction,-0.004533430561423302,0.0016289566410705447,-2.783027172088623,2.783027172088623,437,88
1416,3968,specialized_enriched,active_fraction,0.007754268124699593,0.0027863190043717623,2.7829792499542236,2.7829792499542236,871,88
1417,9504,base_enriched,max,-0.792537271976471,0.2850648760795593,-2.7801997661590576,2.7801997661590576,817,88
1418,4334,base_enriched,max,-0.40092432498931885,0.14425189793109894,-2.779334783554077,2.779334783554077,127,88
1419,5952,base_enriched,active_fraction,-0.015873780474066734,0.005712815560400486,-2.7786264419555664,2.7786264419555664,821,88
1420,14225,specialized_enriched,active_fraction,0.0019483078503981233,0.0007015084265731275,2.7773120403289795,2.7773120403289795,765,88
1421,11897,specialized_enriched,mean,0.018491895869374275,0.006659332197159529,2.7768394947052,2.7768394947052,646,88
1422,13185,base_enriched,max,-0.7394190430641174,0.2663337290287018,-2.77628755569458,2.77628755569458,871,88
1423,13874,base_enriched,max,-0.7466796636581421,0.2690810561180115,-2.7749247550964355,2.7749247550964355,821,88
1424,13636,specialized_enriched,mean,0.015770694240927696,0.005683302879333496,2.7749171257019043,2.7749171257019043,678,88
1425,14419,base_enriched,max,-0.3209574818611145,0.1157497838139534,-2.7728559970855713,2.7728559970855713,340,88
1426,7414,base_enriched,max,-0.4321896433830261,0.15588904917240143,-2.772418260574341,2.772418260574341,731,88
1427,8300,base_enriched,max,-0.9727016687393188,0.35099339485168457,-2.7712819576263428,2.7712819576263428,516,88
1428,9097,base_enriched,max,-0.4578647315502167,0.16533419489860535,-2.7693285942077637,2.7693285942077637,572,88
1429,12149,base_enriched,max,-1.3365552425384521,0.48366233706474304,-2.7634055614471436,2.7634055614471436,844,88
1430,15741,base_enriched,max,-0.17877906560897827,0.06473474949598312,-2.7617170810699463,2.7617170810699463,148,88
1431,4356,specialized_enriched,active_fraction,0.0050065419636666775,0.0018147795926779509,2.758760452270508,2.758760452270508,695,88
1432,8484,specialized_enriched,active_fraction,0.006313661113381386,0.0022889827378094196,2.758282423019409,2.758282423019409,582,88
1433,2846,specialized_enriched,active_fraction,0.002533908234909177,0.0009190996061079204,2.756946325302124,2.756946325302124,723,88
1434,2381,base_enriched,max,-0.4634265899658203,0.16809886693954468,-2.756869316101074,2.756869316101074,866,88
1435,10784,base_enriched,max,-1.5783566236495972,0.5725357532501221,-2.7567825317382812,2.7567825317382812,811,88
1436,7853,specialized_enriched,active_fraction,0.005813368130475283,0.0021119732409715652,2.7525765895843506,2.7525765895843506,870,88
1437,9339,base_enriched,max,-0.9222747087478638,0.33510205149650574,-2.752220392227173,2.752220392227173,708,88
1438,12422,specialized_enriched,active_fraction,0.0047235977835953236,0.0017174682579934597,2.750326156616211,2.750326156616211,825,88
1439,5294,specialized_enriched,mean,0.04024052992463112,0.01463133841753006,2.7502973079681396,2.7502973079681396,805,88
1440,14436,specialized_enriched,active_fraction,0.004055999219417572,0.0014750378904864192,2.7497594356536865,2.7497594356536865,656,88
1441,14407,specialized_enriched,mean,0.025701195001602173,0.009352222084999084,2.7481377124786377,2.7481377124786377,872,88
1442,12454,specialized_enriched,active_fraction,0.004031469579786062,0.0014673656551167369,2.747419834136963,2.747419834136963,818,88
1443,11914,base_enriched,max,-0.4302700161933899,0.15678250789642334,-2.744375228881836,2.744375228881836,849,88
1444,2047,specialized_enriched,mean,0.007961761206388474,0.002901323838159442,2.7441821098327637,2.7441821098327637,348,88
1445,15027,specialized_enriched,mean,0.023857302963733673,0.008695479482412338,2.7436442375183105,2.7436442375183105,770,88
1446,14535,base_enriched,max,-0.7387195825576782,0.26927217841148376,-2.743393659591675,2.743393659591675,554,88
1447,10407,specialized_enriched,mean,0.01972641982138157,0.007195927668362856,2.741331100463867,2.741331100463867,796,88
1448,14367,base_enriched,max,-2.3536927700042725,0.8587377667427063,-2.740874767303467,2.740874767303467,618,88
1449,10513,base_enriched,active_fraction,-0.0064532700926065445,0.002355879405513406,-2.7392191886901855,2.7392191886901855,804,88
1450,4067,base_enriched,max,-0.26459619402885437,0.09659738838672638,-2.7391650676727295,2.7391650676727295,766,88
1451,8357,specialized_enriched,active_fraction,0.002669055014848709,0.0009752733167260885,2.736725091934204,2.736725091934204,671,88
1452,4910,specialized_enriched,mean,0.019036510959267616,0.006956004071980715,2.7367022037506104,2.7367022037506104,872,88
1453,1202,specialized_enriched,active_fraction,0.006045754067599773,0.0022093437146395445,2.736448049545288,2.736448049545288,592,88
1454,4980,specialized_enriched,active_fraction,0.0023565071169286966,0.0008611649973317981,2.736417770385742,2.736417770385742,432,88
1455,12350,base_enriched,max,-0.43608513474464417,0.15939949452877045,-2.73580002784729,2.73580002784729,851,88
1456,1927,base_enriched,max,-0.47453102469444275,0.17348910868167877,-2.7352209091186523,2.7352209091186523,831,88
1457,1778,specialized_enriched,mean,0.020157624036073685,0.007374302949756384,2.7334954738616943,2.7334954738616943,789,88
1458,4418,specialized_enriched,active_fraction,0.006597013212740421,0.00241535110399127,2.731285333633423,2.731285333633423,826,88
1459,659,base_enriched,max,-0.917513370513916,0.3362102210521698,-2.728987216949463,2.728987216949463,749,88
1460,14138,specialized_enriched,active_fraction,0.010369926691055298,0.003801788203418255,2.727644443511963,2.727644443511963,853,88
1461,6134,specialized_enriched,active_fraction,0.004982934799045324,0.001827272237278521,2.726979970932007,2.726979970932007,868,88
1462,10101,base_enriched,max,-1.089489459991455,0.3995504677295685,-2.72678804397583,2.72678804397583,656,88
1463,2627,specialized_enriched,mean,0.02468814328312874,0.009056580252945423,2.725989580154419,2.725989580154419,826,88
1464,6605,specialized_enriched,active_fraction,0.009178604930639267,0.003368555335327983,2.724789619445801,2.724789619445801,599,88
1465,5545,base_enriched,max,-0.9336982369422913,0.3428024351596832,-2.7237210273742676,2.7237210273742676,823,88
1466,2747,specialized_enriched,mean,0.005618153139948845,0.002066799206659198,2.7182867527008057,2.7182867527008057,170,88
1467,6479,base_enriched,max,-0.566210925579071,0.20839419960975647,-2.7170186042785645,2.7170186042785645,767,88
1468,3419,specialized_enriched,mean,0.02485995553433895,0.009150142781436443,2.716892719268799,2.716892719268799,861,88
1469,8896,specialized_enriched,active_fraction,0.002591075375676155,0.0009541410836391151,2.7156102657318115,2.7156102657318115,535,88
1470,4121,specialized_enriched,active_fraction,0.010800801217556,0.003977866843342781,2.715224504470825,2.715224504470825,865,88
1471,4636,specialized_enriched,active_fraction,0.005553897470235825,0.0020470069721341133,2.713179588317871,2.713179588317871,753,88
1472,10384,base_enriched,max,-0.39657747745513916,0.14616936445236206,-2.713136672973633,2.713136672973633,817,88
1473,13440,base_enriched,max,-0.23762717843055725,0.08759453892707825,-2.712808132171631,2.712808132171631,727,88
1474,12820,specialized_enriched,active_fraction,0.0032192938961088657,0.0011874113697558641,2.711186647415161,2.711186647415161,654,88
1475,14922,specialized_enriched,mean,0.0052632796578109264,0.0019415932474657893,2.7108044624328613,2.7108044624328613,770,88
1476,5561,specialized_enriched,mean,0.02928234450519085,0.010804167948663235,2.710282325744629,2.710282325744629,834,88
1477,12641,specialized_enriched,mean,0.025922482833266258,0.009568941779434681,2.7090229988098145,2.7090229988098145,789,88
1478,7327,base_enriched,max,-0.1827954649925232,0.06749376654624939,-2.7083311080932617,2.7083311080932617,248,88
1479,10502,specialized_enriched,active_fraction,0.0062826466746628284,0.002321108477190137,2.7067441940307617,2.7067441940307617,835,88
1480,7366,specialized_enriched,active_fraction,0.003667857963591814,0.001356776338070631,2.703362226486206,2.703362226486206,823,88
1481,9256,specialized_enriched,active_fraction,0.0077002146281301975,0.0028495697770267725,2.702237606048584,2.702237606048584,847,88
1482,7341,specialized_enriched,active_fraction,0.0057456172071397305,0.0021266534458845854,2.7017176151275635,2.7017176151275635,469,88
1483,11995,base_enriched,max,-1.2583484649658203,0.46632230281829834,-2.6984522342681885,2.6984522342681885,653,88
1484,9442,specialized_enriched,mean,0.015444209799170494,0.005728544667363167,2.696009397506714,2.696009397506714,720,88
1485,10398,specialized_enriched,mean,0.09801030158996582,0.036365292966365814,2.6951606273651123,2.6951606273651123,835,88
1486,13559,base_enriched,max,-1.1773130893707275,0.43698567152023315,-2.6941685676574707,2.6941685676574707,719,88
1487,984,base_enriched,max,-1.2422919273376465,0.4615558683872223,-2.69153094291687,2.69153094291687,767,88
1488,8496,specialized_enriched,active_fraction,0.007966578006744385,0.0029599040281027555,2.6914987564086914,2.6914987564086914,704,88
1489,8296,base_enriched,max,-0.869921863079071,0.3232983648777008,-2.6907711029052734,2.6907711029052734,868,88
1490,7594,specialized_enriched,active_fraction,0.0074778711423277855,0.0027791697066277266,2.690685272216797,2.690685272216797,720,88
1491,13981,specialized_enriched,mean,0.025918126106262207,0.009637036360800266,2.6894290447235107,2.6894290447235107,856,88
1492,5449,specialized_enriched,mean,0.022590605542063713,0.008400523103773594,2.68919038772583,2.68919038772583,741,88
1493,11088,specialized_enriched,mean,0.036368612200021744,0.013524465262889862,2.6890978813171387,2.6890978813171387,871,88
1494,5113,specialized_enriched,mean,0.02960856258869171,0.011016340926289558,2.687694787979126,2.687694787979126,868,88
1495,7239,base_enriched,max,-0.5958757400512695,0.2217499166727066,-2.687152147293091,2.687152147293091,871,88
1496,14292,specialized_enriched,mean,0.009293299168348312,0.003467332338914275,2.6802446842193604,2.6802446842193604,705,88
1497,8026,base_enriched,max,-0.4890897572040558,0.1825157254934311,-2.679713010787964,2.679713010787964,844,88
1498,1909,specialized_enriched,max,1.9104560613632202,0.7130504846572876,2.679271697998047,2.679271697998047,644,88
1499,1325,specialized_enriched,active_fraction,0.0022049215622246265,0.0008242370095103979,2.6751062870025635,2.6751062870025635,555,88
1500,14080,specialized_enriched,max,2.2862918376922607,0.8548579812049866,2.6744697093963623,2.6744697093963623,340,88
1501,15764,base_enriched,max,-0.31987646222114563,0.11962569504976273,-2.673977851867676,2.673977851867676,181,88
1502,6520,base_enriched,max,-0.6695812344551086,0.2506923973560333,-2.6709275245666504,2.6709275245666504,868,88
1503,12384,base_enriched,max,-0.6705441474914551,0.25114649534225464,-2.6699323654174805,2.6699323654174805,842,88
1504,2072,base_enriched,max,-0.5356559157371521,0.2007221281528473,-2.6686439514160156,2.6686439514160156,288,88
1505,13056,base_enriched,max,-0.6324718594551086,0.23714885115623474,-2.666982650756836,2.666982650756836,533,88
1506,13686,specialized_enriched,active_fraction,0.0020725338254123926,0.0007778648869134486,2.6643879413604736,2.6643879413604736,710,88
1507,8126,base_enriched,max,-0.5958393812179565,0.22363632917404175,-2.664322853088379,2.664322853088379,573,88
1508,12812,specialized_enriched,active_fraction,0.010804473422467709,0.004055318888276815,2.6642723083496094,2.6642723083496094,758,88
1509,12780,base_enriched,max,-1.1831804513931274,0.4441538155078888,-2.66389799118042,2.66389799118042,791,88
1510,11842,specialized_enriched,mean,0.08360347151756287,0.031395744532346725,2.6628918647766113,2.6628918647766113,833,88
1511,1529,base_enriched,max,-0.18158839643001556,0.068204864859581,-2.6623964309692383,2.6623964309692383,225,88
1512,888,base_enriched,max,-0.689193069934845,0.2589109241962433,-2.6618926525115967,2.6618926525115967,724,88
1513,4983,specialized_enriched,active_fraction,0.0024605949874967337,0.000925877713598311,2.657580852508545,2.657580852508545,738,88
1514,11446,base_enriched,max,-0.5899709463119507,0.22208550572395325,-2.656503677368164,2.656503677368164,753,88
1515,10707,specialized_enriched,mean,0.03662107512354851,0.013789301738142967,2.6557600498199463,2.6557600498199463,737,88
1516,14562,base_enriched,max,-0.5216127038002014,0.1964724361896515,-2.6548900604248047,2.6548900604248047,768,88
1517,2642,base_enriched,max,-0.6291878819465637,0.23705026507377625,-2.654238224029541,2.654238224029541,848,88
1518,8934,base_enriched,max,-0.29383403062820435,0.11072774231433868,-2.6536622047424316,2.6536622047424316,443,88
1519,13277,specialized_enriched,active_fraction,0.006892527919262648,0.0025977210607379675,2.6532979011535645,2.6532979011535645,543,88
1520,2572,base_enriched,mean,-0.033177416771650314,0.0125059699639678,-2.652926206588745,2.652926206588745,661,88
1521,1593,specialized_enriched,mean,0.03768593445420265,0.014219195581972599,2.6503562927246094,2.6503562927246094,643,88
1522,9482,base_enriched,active_fraction,-0.0020630769431591034,0.000778479385189712,-2.650136947631836,2.650136947631836,579,88
1523,13297,base_enriched,max,-0.3426666855812073,0.12931528687477112,-2.6498544216156006,2.6498544216156006,870,88
1524,6065,specialized_enriched,active_fraction,0.003881419077515602,0.0014648640062659979,2.6496787071228027,2.6496787071228027,516,88
1525,2564,base_enriched,max,-1.3050190210342407,0.4925421178340912,-2.6495583057403564,2.6495583057403564,664,88
1526,5875,base_enriched,max,-0.43819382786750793,0.16540206968784332,-2.6492645740509033,2.6492645740509033,822,88
1527,6383,base_enriched,max,-0.6180141568183899,0.23338329792022705,-2.6480650901794434,2.6480650901794434,870,88
1528,12880,specialized_enriched,mean,0.02598702162504196,0.009820390492677689,2.646230936050415,2.646230936050415,857,88
1529,5807,base_enriched,max,-0.8449832201004028,0.3194495737552643,-2.6451222896575928,2.6451222896575928,848,88
1530,3416,base_enriched,max,-0.1678779125213623,0.0634760782122612,-2.644742965698242,2.644742965698242,238,88
1531,6265,specialized_enriched,active_fraction,0.009454656392335892,0.003574913367629051,2.6447231769561768,2.6447231769561768,799,88
1532,5096,specialized_enriched,mean,0.010837175883352757,0.004097788594663143,2.6446399688720703,2.6446399688720703,782,88
1533,764,specialized_enriched,mean,0.02466404065489769,0.009334075264632702,2.6423656940460205,2.6423656940460205,837,88
1534,418,base_enriched,max,-0.8040493130683899,0.30434998869895935,-2.641857624053955,2.641857624053955,856,88
1535,3298,base_enriched,mean,-0.04028622806072235,0.015253397636115551,-2.6411314010620117,2.6411314010620117,776,88
1536,14166,base_enriched,active_fraction,-0.008877829648554325,0.0033648626413196325,-2.638392925262451,2.638392925262451,728,88
1537,1276,specialized_enriched,active_fraction,0.00801036786288023,0.0030403502751141787,2.634685754776001,2.634685754776001,633,88
1538,11756,specialized_enriched,active_fraction,0.010164119303226471,0.003860900178551674,2.632577657699585,2.632577657699585,851,88
1539,7624,base_enriched,max,-0.2705078125,0.10276150703430176,-2.6323845386505127,2.6323845386505127,631,88
1540,1005,specialized_enriched,active_fraction,0.0042067416943609715,0.0015994528075680137,2.630113124847412,2.630113124847412,871,88
1541,16143,specialized_enriched,mean,0.022840775549411774,0.008685337379574776,2.6298086643218994,2.6298086643218994,868,88
1542,13203,base_enriched,active_fraction,-0.005515342578291893,0.002098084893077612,-2.628750801086426,2.628750801086426,872,88
1543,2002,base_enriched,active_fraction,-0.0031061305198818445,0.0011817561462521553,-2.6284022331237793,2.6284022331237793,447,88
1544,7982,base_enriched,max,-1.0467796325683594,0.39869582653045654,-2.625509262084961,2.625509262084961,741,88
1545,1445,specialized_enriched,mean,0.07817666977643967,0.029775872826576233,2.6255037784576416,2.6255037784576416,872,88
1546,14997,specialized_enriched,active_fraction,0.003980086650699377,0.001516422489657998,2.6246554851531982,2.6246554851531982,847,88
1547,1722,base_enriched,mean,-0.026568301022052765,0.010123390704393387,-2.6244468688964844,2.6244468688964844,683,88
1548,3723,base_enriched,mean,-0.030543314293026924,0.011644355021417141,-2.6230146884918213,2.6230146884918213,534,88
1549,16329,base_enriched,max,-0.2387036681175232,0.09101757407188416,-2.6226108074188232,2.6226108074188232,329,88
1550,5500,base_enriched,max,-2.828901767730713,1.079003930091858,-2.6217715740203857,2.6217715740203857,687,88
1551,12120,specialized_enriched,active_fraction,0.005057445727288723,0.001930653932504356,2.6195507049560547,2.6195507049560547,448,88
1552,13445,base_enriched,max,-0.32549622654914856,0.1242712140083313,-2.6192407608032227,2.6192407608032227,516,88
1553,10388,base_enriched,max,-1.293811321258545,0.4942851662635803,-2.6175403594970703,2.6175403594970703,865,88
1554,4843,specialized_enriched,mean,0.05594583600759506,0.02137591503560543,2.617237091064453,2.617237091064453,779,88
1555,558,base_enriched,max,-1.1698219776153564,0.4475717544555664,-2.613708257675171,2.613708257675171,604,88
1556,4278,specialized_enriched,mean,0.00949674192816019,0.003633568063378334,2.6136133670806885,2.6136133670806885,558,88
1557,14001,specialized_enriched,mean,0.02631993778049946,0.010076601058244705,2.611985683441162,2.611985683441162,867,88
1558,9951,base_enriched,max,-0.7437034249305725,0.2848002314567566,-2.611315965652466,2.611315965652466,854,88
1559,2983,specialized_enriched,mean,0.02300046943128109,0.008815962821245193,2.608957290649414,2.608957290649414,828,88
1560,6388,specialized_enriched,active_fraction,0.0031904797069728374,0.0012231424916535616,2.608428478240967,2.608428478240967,800,88
1561,13103,specialized_enriched,mean,0.03228233382105827,0.0123834740370512,2.6068882942199707,2.6068882942199707,820,88
1562,5120,base_enriched,active_fraction,-0.00392502173781395,0.001506169093772769,-2.6059634685516357,2.6059634685516357,871,88
1563,735,specialized_enriched,active_fraction,0.006683748681098223,0.002565037691965699,2.6057116985321045,2.6057116985321045,848,88
1564,468,specialized_enriched,mean,0.025997348129749298,0.009977799840271473,2.6055190563201904,2.6055190563201904,872,88
1565,14286,base_enriched,max,-0.32639896869659424,0.12529076635837555,-2.6051318645477295,2.6051318645477295,815,88
1566,6323,specialized_enriched,active_fraction,0.002241196809336543,0.0008612410165369511,2.602287530899048,2.602287530899048,837,88
1567,7611,specialized_enriched,mean,0.028617752715945244,0.011000468395650387,2.6015031337738037,2.6015031337738037,743,88
1568,11381,specialized_enriched,mean,0.019093696027994156,0.0073496089316904545,2.5979199409484863,2.5979199409484863,629,88
1569,2240,base_enriched,max,-1.3145166635513306,0.5060405731201172,-2.5976507663726807,2.5976507663726807,832,88
1570,11653,specialized_enriched,mean,0.010542829521000385,0.004066703375428915,2.592475652694702,2.592475652694702,832,88
1571,15709,base_enriched,max,-0.6453579068183899,0.24908649921417236,-2.5908987522125244,2.5908987522125244,871,88
1572,3161,base_enriched,max,-0.19119958579540253,0.07384969294071198,-2.5890369415283203,2.5890369415283203,109,88
1573,14597,specialized_enriched,mean,0.008841102011501789,0.00341516500338912,2.5887773036956787,2.5887773036956787,679,88
1574,4666,base_enriched,max,-0.6442814469337463,0.248910591006279,-2.588405132293701,2.588405132293701,871,88
1575,7680,specialized_enriched,active_fraction,0.016869576647877693,0.006517793983221054,2.5882341861724854,2.5882341861724854,826,88
1576,1916,specialized_enriched,mean,0.027389321476221085,0.010582578368484974,2.5881519317626953,2.5881519317626953,843,88
1577,5137,base_enriched,max,-0.5534611344337463,0.2138584405183792,-2.5879788398742676,2.5879788398742676,828,88
1578,1349,specialized_enriched,mean,0.008330549113452435,0.0032199546694755554,2.5871634483337402,2.5871634483337402,786,88
1579,6072,base_enriched,max,-0.7154296636581421,0.2768124043941498,-2.584528923034668,2.584528923034668,643,88
1580,12050,base_enriched,active_fraction,-0.004521374590694904,0.0017496803775429726,-2.5841145515441895,2.5841145515441895,638,88
1581,8586,base_enriched,max,-0.4624750316143036,0.1789826899766922,-2.583909273147583,2.583909273147583,805,88
1582,3097,base_enriched,active_fraction,-0.016128327697515488,0.006248692516237497,-2.5810723304748535,2.5810723304748535,872,88
1583,1751,base_enriched,active_fraction,-0.0022213603369891644,0.0008606812334619462,-2.5809326171875,2.5809326171875,663,88
1584,13880,specialized_enriched,max,0.7342250943183899,0.2846938967704773,2.578998327255249,2.578998327255249,809,88
1585,8925,specialized_enriched,mean,0.03259074315428734,0.012640915811061859,2.5781948566436768,2.5781948566436768,683,88
1586,6720,specialized_enriched,active_fraction,0.009549224749207497,0.0037044454365968704,2.5777745246887207,2.5777745246887207,817,88
1587,11519,specialized_enriched,mean,0.008590396493673325,0.0033331746235489845,2.5772416591644287,2.5772416591644287,822,88
1588,12511,specialized_enriched,active_fraction,0.011650928296148777,0.004521369934082031,2.5768580436706543,2.5768580436706543,505,88
1589,3100,specialized_enriched,max,0.8531727194786072,0.33111143112182617,2.576693534851074,2.576693534851074,870,88
1590,16103,specialized_enriched,active_fraction,0.004146567080169916,0.0016110542928799987,2.573822021484375,2.573822021484375,835,88
1591,1413,base_enriched,max,-1.1555187702178955,0.44937315583229065,-2.571401357650757,2.571401357650757,872,88
1592,2632,specialized_enriched,active_fraction,0.0014235740527510643,0.000553791003767401,2.5705981254577637,2.5705981254577637,835,88
1593,6770,base_enriched,max,-0.4869867265224457,0.18952909111976624,-2.5694563388824463,2.5694563388824463,591,88
1594,9206,specialized_enriched,max,1.4789516925811768,0.5755897760391235,2.5694544315338135,2.5694544315338135,715,88
1595,3410,specialized_enriched,active_fraction,0.0034224488772451878,0.0013324350584298372,2.5685670375823975,2.5685670375823975,818,88
1596,3660,base_enriched,max,-0.2837527394294739,0.1104823499917984,-2.5683083534240723,2.5683083534240723,447,88
1597,7850,base_enriched,max,-0.8422510623931885,0.32824739813804626,-2.5659031867980957,2.5659031867980957,788,88
1598,11617,base_enriched,max,-0.682340145111084,0.2659655511379242,-2.565520763397217,2.565520763397217,801,88
1599,13332,base_enriched,active_fraction,-0.004954413510859013,0.0019314331002533436,-2.5651488304138184,2.5651488304138184,698,88
1600,3021,base_enriched,mean,-0.014865963719785213,0.005797368939965963,-2.564260482788086,2.564260482788086,645,88
1601,6345,base_enriched,active_fraction,-0.0025179486256092787,0.0009819453116506338,-2.5642452239990234,2.5642452239990234,750,88
1602,7517,specialized_enriched,active_fraction,0.006735575385391712,0.0026268071960657835,2.5641682147979736,2.5641682147979736,824,88
1603,1270,base_enriched,active_fraction,-0.002789377700537443,0.0010887865209951997,-2.5619142055511475,2.5619142055511475,844,88
1604,15209,base_enriched,max,-0.7695607542991638,0.30058929324150085,-2.560173511505127,2.560173511505127,846,88
1605,6833,specialized_enriched,active_fraction,0.007917608134448528,0.003097670618444681,2.55598783493042,2.55598783493042,504,88
1606,2317,specialized_enriched,active_fraction,0.007956527173519135,0.0031172556336969137,2.5524141788482666,2.5524141788482666,688,88
1607,11975,specialized_enriched,active_fraction,0.003472696291282773,0.0013608814915642142,2.5517992973327637,2.5517992973327637,766,88
1608,9961,base_enriched,max,-0.5979037880897522,0.2343684285879135,-2.5511276721954346,2.5511276721954346,519,88
1609,15546,specialized_enriched,active_fraction,0.001842170488089323,0.0007223350112326443,2.5502994060516357,2.5502994060516357,723,88
1610,28,specialized_enriched,max,0.5865075588226318,0.23019292950630188,2.547895669937134,2.547895669937134,739,88
1611,3557,base_enriched,max,-0.4409588575363159,0.1731366068124771,-2.546884059906006,2.546884059906006,719,88
1612,11563,base_enriched,mean,-0.026632176712155342,0.010459309443831444,-2.5462653636932373,2.5462653636932373,738,88
1613,14,specialized_enriched,active_fraction,0.003156626597046852,0.0012398632243275642,2.545947551727295,2.545947551727295,849,88
1614,5085,specialized_enriched,mean,0.01134792622178793,0.004459356423467398,2.5447452068328857,2.5447452068328857,820,88
1615,1125,base_enriched,max,-0.4919990003108978,0.19349555671215057,-2.5426888465881348,2.5426888465881348,751,88
1616,883,base_enriched,max,-2.8576762676239014,1.1242873668670654,-2.541766881942749,2.541766881942749,699,88
1617,8434,base_enriched,max,-0.49567359685897827,0.1950734704732895,-2.5409584045410156,2.5409584045410156,825,88
1618,5882,base_enriched,max,-0.8926417231559753,0.35132381319999695,-2.540794849395752,2.540794849395752,859,88
1619,5880,base_enriched,max,-0.5172465443611145,0.20372366905212402,-2.538961410522461,2.538961410522461,661,88
1620,10397,base_enriched,max,-0.3902434706687927,0.15375061333179474,-2.538158893585205,2.538158893585205,90,88
1621,5356,base_enriched,max,-0.3270825743675232,0.12887077033519745,-2.5380663871765137,2.5380663871765137,846,88
1622,7582,base_enriched,active_fraction,-0.0009926818311214447,0.00039124596514739096,-2.5372321605682373,2.5372321605682373,269,88
1623,6930,specialized_enriched,mean,0.027864549309015274,0.010984531603753567,2.536708116531372,2.536708116531372,603,88
1624,8114,specialized_enriched,active_fraction,0.002689450280740857,0.0010604487033560872,2.5361437797546387,2.5361437797546387,845,88
1625,8556,specialized_enriched,active_fraction,0.011239268817007542,0.004434277303516865,2.5346336364746094,2.5346336364746094,872,88
1626,5606,base_enriched,active_fraction,-0.0026883413083851337,0.0010613271733745933,-2.5329995155334473,2.5329995155334473,837,88
1627,3244,specialized_enriched,max,0.889876663684845,0.3513997495174408,2.532377004623413,2.532377004623413,668,88
1628,2926,specialized_enriched,mean,0.024319801479578018,0.00961518194526434,2.5293126106262207,2.5293126106262207,784,88
1629,8338,specialized_enriched,active_fraction,0.0024320646189153194,0.0009618259500712156,2.5285911560058594,2.5285911560058594,751,88
1630,788,specialized_enriched,active_fraction,0.008126316592097282,0.003214840777218342,2.5277509689331055,2.5277509689331055,871,88
1631,15389,specialized_enriched,mean,0.024432256817817688,0.009668842889368534,2.5269060134887695,2.5269060134887695,810,88
1632,12380,base_enriched,max,-0.755566418170929,0.29911425709724426,-2.526012659072876,2.526012659072876,706,88
1633,10405,specialized_enriched,active_fraction,0.0017174920067191124,0.0006800128612667322,2.5256757736206055,2.5256757736206055,501,88
1634,4834,specialized_enriched,active_fraction,0.005013106390833855,0.001985149225220084,2.5253045558929443,2.5253045558929443,745,88
1635,2417,specialized_enriched,active_fraction,0.003016919828951359,0.00119523867033422,2.5241150856018066,2.5241150856018066,624,88
1636,12393,specialized_enriched,active_fraction,0.010387429967522621,0.00411760900169611,2.5226848125457764,2.5226848125457764,842,88
1637,9012,base_enriched,max,-0.579085648059845,0.22956328094005585,-2.5225534439086914,2.5225534439086914,678,88
1638,10189,base_enriched,active_fraction,-0.0025440393947064877,0.001008759019896388,-2.521949529647827,2.521949529647827,807,88
1639,3543,specialized_enriched,mean,0.02972147800028324,0.011785747483372688,2.521815299987793,2.521815299987793,845,88
1640,432,specialized_enriched,active_fraction,0.001951004727743566,0.0007737653213553131,2.521442413330078,2.521442413330078,597,88
1641,3494,base_enriched,max,-0.3626215159893036,0.14387205243110657,-2.520444393157959,2.520444393157959,282,88
1642,9972,specialized_enriched,max,1.683525562286377,0.6679929494857788,2.5202744007110596,2.5202744007110596,693,88
1643,7823,specialized_enriched,max,2.15793514251709,0.8570343255996704,2.5179097652435303,2.5179097652435303,739,88
1644,360,specialized_enriched,active_fraction,0.005558377597481012,0.002207996556535363,2.5173850059509277,2.5173850059509277,813,88
1645,5818,specialized_enriched,mean,0.06306599825620651,0.025057965889573097,2.5168044567108154,2.5168044567108154,746,88
1646,911,specialized_enriched,active_fraction,0.002229202538728714,0.0008865740965120494,2.5144007205963135,2.5144007205963135,350,88
1647,14406,base_enriched,max,-0.5173532962799072,0.20583593845367432,-2.513425588607788,2.513425588607788,629,88
1648,10763,base_enriched,max,-0.20835982263088226,0.08291786909103394,-2.512845754623413,2.512845754623413,743,88
1649,13732,specialized_enriched,active_fraction,0.003036782843992114,0.00120919244363904,2.511414051055908,2.511414051055908,784,88
1650,938,base_enriched,active_fraction,-0.0009094327106140554,0.0003623739758040756,-2.5096523761749268,2.5096523761749268,387,88
1651,3315,specialized_enriched,active_fraction,0.0016909755067899823,0.0006743274279870093,2.5076475143432617,2.5076475143432617,525,88
1652,4265,specialized_enriched,mean,0.012379313819110394,0.004938529338687658,2.5066802501678467,2.5066802501678467,855,88
1653,12420,base_enriched,max,-0.49614599347114563,0.1980724036693573,-2.5048718452453613,2.5048718452453613,863,88
1654,13789,specialized_enriched,active_fraction,0.0026017387863248587,0.0010387856746092439,2.50459623336792,2.50459623336792,768,88
1655,9432,base_enriched,max,-1.324914813041687,0.5294123291969299,-2.5026142597198486,2.5026142597198486,665,88
1656,16249,base_enriched,max,-0.8951523900032043,0.3584662973880768,-2.4971730709075928,2.4971730709075928,859,88
1657,7683,base_enriched,max,-0.2519349455833435,0.10089588910341263,-2.496979236602783,2.496979236602783,543,88
1658,13137,base_enriched,active_fraction,-0.005020868964493275,0.0020112108904868364,-2.496440887451172,2.496440887451172,743,88
1659,1144,base_enriched,max,-0.3356308937072754,0.1344723254442215,-2.49591064453125,2.49591064453125,472,88
1660,5045,base_enriched,max,-1.093965768814087,0.43860965967178345,-2.4941670894622803,2.4941670894622803,725,88
1661,1453,specialized_enriched,mean,0.025056075304746628,0.010046882554888725,2.493915319442749,2.493915319442749,854,88
1662,14267,base_enriched,max,-1.2216047048568726,0.4898889660835266,-2.493635892868042,2.493635892868042,519,88
1663,14810,specialized_enriched,mean,0.0907774567604065,0.036403656005859375,2.493635654449463,2.493635654449463,655,88
1664,8818,base_enriched,max,-0.9943041205406189,0.39874267578125,-2.493598461151123,2.493598461151123,868,88
1665,3996,base_enriched,max,-0.15583667159080505,0.062499213963747025,-2.4934182167053223,2.4934182167053223,122,88
1666,1939,specialized_enriched,max,0.649568498134613,0.2609477639198303,2.4892663955688477,2.4892663955688477,824,88
1667,14680,specialized_enriched,active_fraction,0.0034118120092898607,0.0013712852960452437,2.488039493560791,2.488039493560791,793,88
1668,11375,specialized_enriched,mean,0.020532315596938133,0.008253860287368298,2.4876015186309814,2.4876015186309814,840,88
1669,14070,base_enriched,mean,-0.001674838364124298,0.0006733626942150295,-2.4872753620147705,2.4872753620147705,128,88
1670,10362,specialized_enriched,active_fraction,0.0017731511034071445,0.0007131129968911409,2.4864938259124756,2.4864938259124756,593,88
1671,3961,specialized_enriched,active_fraction,0.001634429208934307,0.0006576470914296806,2.4852678775787354,2.4852678775787354,755,88
1672,2067,base_enriched,max,-1.4756132364273071,0.5939241051673889,-2.4845147132873535,2.4845147132873535,821,88
1673,15715,specialized_enriched,active_fraction,0.006932014599442482,0.002792359795421362,2.4824934005737305,2.4824934005737305,664,88
1674,13847,base_enriched,max,-0.11760083585977554,0.04738132655620575,-2.4820079803466797,2.4820079803466797,162,88
1675,1097,specialized_enriched,active_fraction,0.0055679320357739925,0.0022435144055634737,2.48179030418396,2.48179030418396,851,88
1676,10422,base_enriched,max,-0.2517169415950775,0.10153047740459442,-2.4792253971099854,2.4792253971099854,393,88
1677,4867,base_enriched,active_fraction,-0.011711298488080502,0.004725710488855839,-2.4782090187072754,2.4782090187072754,781,88
1678,5462,base_enriched,mean,-0.028699548915028572,0.011586138978600502,-2.4770588874816895,2.4770588874816895,635,88
1679,4127,base_enriched,max,-0.4273482859134674,0.1725674271583557,-2.4764134883880615,2.4764134883880615,781,88
1680,13828,base_enriched,max,-0.41099199652671814,0.1660206913948059,-2.4755468368530273,2.4755468368530273,859,88
1681,9372,base_enriched,max,-0.6816156506538391,0.2758214473724365,-2.4712207317352295,2.4712207317352295,761,88
1682,6044,base_enriched,mean,-0.018380576744675636,0.007440837565809488,-2.4702296257019043,2.4702296257019043,862,88
1683,14740,base_enriched,max,-0.4932730793952942,0.199863463640213,-2.468050241470337,2.468050241470337,515,88
1684,15859,specialized_enriched,active_fraction,0.00976569578051567,0.003957764245569706,2.467477798461914,2.467477798461914,592,88
1685,9617,specialized_enriched,mean,0.030416887253522873,0.012329771183431149,2.466946601867676,2.466946601867676,869,88
1686,3028,specialized_enriched,active_fraction,0.005146150942891836,0.0020862778183072805,2.4666662216186523,2.4666662216186523,861,88
1687,14787,base_enriched,max,-0.4742732644081116,0.19229437410831451,-2.4663918018341064,2.4663918018341064,869,88
1688,8697,specialized_enriched,mean,0.04325966536998749,0.017553284764289856,2.4644768238067627,2.4644768238067627,841,88
1689,2986,specialized_enriched,active_fraction,0.0027003088034689426,0.0010964485118165612,2.462777614593506,2.462777614593506,847,88
1690,12970,base_enriched,max,-0.8472610712051392,0.3440423011779785,-2.462665319442749,2.462665319442749,526,88
1691,13337,specialized_enriched,max,1.9966274499893188,0.8108429908752441,2.462409496307373,2.462409496307373,675,88
1692,14904,specialized_enriched,active_fraction,0.003811601083725691,0.0015486744232475758,2.461202383041382,2.461202383041382,638,88
1693,14383,base_enriched,mean,-0.04406699165701866,0.017913686111569405,-2.4599623680114746,2.4599623680114746,871,88
1694,6376,base_enriched,max,-0.1282680779695511,0.05218175798654556,-2.458101987838745,2.458101987838745,307,88
1695,792,specialized_enriched,mean,0.04273435100913048,0.017387954518198967,2.4576985836029053,2.4576985836029053,869,88
1696,9350,base_enriched,max,-0.49632084369659424,0.2019701600074768,-2.457396984100342,2.457396984100342,685,88
1697,9076,specialized_enriched,mean,0.049325551837682724,0.020081162452697754,2.4563095569610596,2.4563095569610596,763,88
1698,6623,specialized_enriched,mean,0.019031116738915443,0.007749486248940229,2.4557907581329346,2.4557907581329346,871,88
1699,9293,base_enriched,max,-0.8202716112136841,0.33411705493927,-2.455042600631714,2.455042600631714,866,88
1700,4791,base_enriched,max,-1.6452784538269043,0.6702030897140503,-2.454895257949829,2.454895257949829,594,88
1701,14206,base_enriched,max,-1.2479878664016724,0.5088422298431396,-2.4526028633117676,2.4526028633117676,760,88
1702,5638,specialized_enriched,active_fraction,0.00392404617741704,0.0016004724893718958,2.4518048763275146,2.4518048763275146,871,88
1703,4385,base_enriched,max,-0.4591819643974304,0.1872858852148056,-2.451770305633545,2.451770305633545,605,88
1704,6904,base_enriched,active_fraction,-0.005587440449744463,0.0022799307480454445,-2.4507062435150146,2.4507062435150146,584,88
1705,4305,specialized_enriched,active_fraction,0.0033107136841863394,0.0013514752499759197,2.4497034549713135,2.4497034549713135,791,88
1706,6416,base_enriched,max,-0.524573028087616,0.21438315510749817,-2.446894884109497,2.446894884109497,843,88
1707,15436,specialized_enriched,max,2.259761095046997,0.9237837791442871,2.4462013244628906,2.4462013244628906,419,88
1708,11047,base_enriched,max,-0.6335142850875854,0.25900715589523315,-2.4459335803985596,2.4459335803985596,867,88
1709,14971,specialized_enriched,mean,0.007431074511259794,0.0030387563165277243,2.4454329013824463,2.4454329013824463,802,88
1710,2870,specialized_enriched,active_fraction,0.004266384057700634,0.001744764856994152,2.44524884223938,2.44524884223938,542,88
1711,13754,base_enriched,max,-1.1777423620224,0.48182621598243713,-2.4443302154541016,2.4443302154541016,696,88
1712,8404,base_enriched,max,-0.24301190674304962,0.09942212700843811,-2.4442436695098877,2.4442436695098877,853,88
1713,10718,base_enriched,max,-0.29052507877349854,0.11886631697416306,-2.4441328048706055,2.4441328048706055,615,88
1714,12522,specialized_enriched,active_fraction,0.002886262023821473,0.0011824953835457563,2.4408230781555176,2.4408230781555176,177,88
1715,13231,base_enriched,max,-0.27441632747650146,0.11243652552366257,-2.4406332969665527,2.4406332969665527,562,88
1716,8816,base_enriched,max,-0.2422090768814087,0.09926127642393112,-2.4401164054870605,2.4401164054870605,740,88
1717,6422,base_enriched,mean,-0.03487749025225639,0.014303173869848251,-2.438444137573242,2.438444137573242,639,88
1718,5149,base_enriched,max,-0.716251790523529,0.2937425971031189,-2.4383654594421387,2.4383654594421387,560,88
1719,8812,specialized_enriched,mean,0.0346996933221817,0.014240199699997902,2.436742067337036,2.436742067337036,846,88
1720,11509,specialized_enriched,mean,0.012088864110410213,0.004961290862411261,2.4366369247436523,2.4366369247436523,812,88
1721,11062,base_enriched,max,-0.6273914575576782,0.25752636790275574,-2.4362223148345947,2.4362223148345947,865,88
1722,914,base_enriched,active_fraction,-0.004969698842614889,0.0020411182194948196,-2.4347922801971436,2.4347922801971436,749,88
1723,8722,base_enriched,max,-1.0705486536026,0.43970805406570435,-2.434680461883545,2.434680461883545,839,88
1724,11934,specialized_enriched,active_fraction,0.008034826256334782,0.003307479666545987,2.4292895793914795,2.4292895793914795,502,88
1725,2135,base_enriched,max,-1.212756633758545,0.499440997838974,-2.4282281398773193,2.4282281398773193,705,88
1726,9753,specialized_enriched,active_fraction,0.0024232908617705107,0.000998143688775599,2.427797555923462,2.427797555923462,381,88
1727,4351,specialized_enriched,active_fraction,0.003181794658303261,0.001310916617512703,2.427152633666992,2.427152633666992,870,88
1728,4949,specialized_enriched,active_fraction,0.004314635414630175,0.001777788856998086,2.4269673824310303,2.4269673824310303,806,88
1729,2924,base_enriched,max,-0.4050077199935913,0.1669045090675354,-2.4265835285186768,2.4265835285186768,664,88
1730,6240,specialized_enriched,mean,0.024000229313969612,0.009895747527480125,2.425307273864746,2.425307273864746,871,88
1731,10741,specialized_enriched,active_fraction,0.003174156416207552,0.0013090576976537704,2.424764394760132,2.424764394760132,869,88
1732,14000,base_enriched,max,-0.35867437720298767,0.14804105460643768,-2.4228034019470215,2.4228034019470215,520,88
1733,9449,specialized_enriched,mean,0.029622135683894157,0.012229093350470066,2.422267436981201,2.422267436981201,774,88
1734,8467,base_enriched,max,-0.40215298533439636,0.16612271964550018,-2.42081880569458,2.42081880569458,600,88
1735,14128,base_enriched,max,-0.37239280343055725,0.1541455239057541,-2.4158523082733154,2.4158523082733154,596,88
1736,1246,specialized_enriched,mean,0.021477827802300453,0.008895193226635456,2.4145431518554688,2.4145431518554688,844,88
1737,10123,base_enriched,max,-0.31652888655662537,0.13110172748565674,-2.4143762588500977,2.4143762588500977,865,88
1738,7489,specialized_enriched,active_fraction,0.005422796122729778,0.0022465393412858248,2.413844347000122,2.413844347000122,683,88
1739,10714,base_enriched,max,-0.8676326274871826,0.35949650406837463,-2.413466215133667,2.413466215133667,731,88
1740,10665,specialized_enriched,mean,0.03172135353088379,0.01315299328416586,2.4117212295532227,2.4117212295532227,870,88
1741,14759,specialized_enriched,mean,0.022539502009749413,0.009352914988994598,2.409890651702881,2.409890651702881,872,88
1742,2968,base_enriched,max,-0.9529365301132202,0.3955840468406677,-2.408935785293579,2.408935785293579,805,88
1743,11503,specialized_enriched,active_fraction,0.003630172461271286,0.0015077991411089897,2.4075968265533447,2.4075968265533447,709,88
1744,7953,specialized_enriched,active_fraction,0.00821247510612011,0.003411200363188982,2.4075028896331787,2.4075028896331787,742,88
1745,1658,base_enriched,max,-0.2816406190395355,0.11707701534032822,-2.4056012630462646,2.4056012630462646,864,88
1746,6008,base_enriched,max,-0.21584302186965942,0.08981424570083618,-2.4032158851623535,2.4032158851623535,682,88
1747,2784,base_enriched,mean,-0.029454415664076805,0.012267435900866985,-2.401024580001831,2.401024580001831,711,88
1748,8110,base_enriched,max,-0.4175281524658203,0.17400380969047546,-2.3995344638824463,2.3995344638824463,735,88
1749,9309,base_enriched,max,-2.520217180252075,1.0505141019821167,-2.3990321159362793,2.3990321159362793,700,88
1750,13106,specialized_enriched,max,0.4381018280982971,0.1826477199792862,2.3986165523529053,2.3986165523529053,129,88
1751,4670,base_enriched,active_fraction,-0.002821527421474457,0.0011766527313739061,-2.3979270458221436,2.3979270458221436,702,88
1752,7217,base_enriched,mean,-0.03165494278073311,0.01320998091250658,-2.396289825439453,2.396289825439453,863,88
1753,4451,specialized_enriched,mean,0.022209646180272102,0.009268920868635178,2.396141529083252,2.396141529083252,811,88
1754,14009,specialized_enriched,active_fraction,0.0018013798398897052,0.000751790008507669,2.396121025085449,2.396121025085449,779,88
1755,8005,specialized_enriched,active_fraction,0.0032061997335404158,0.0013381424359977245,2.396007776260376,2.396007776260376,558,88
1756,9312,base_enriched,active_fraction,-0.011262725107371807,0.004705724772065878,-2.393409252166748,2.393409252166748,756,88
1757,197,specialized_enriched,active_fraction,0.007383284624665976,0.0030857103411108255,2.3927342891693115,2.3927342891693115,830,88
1758,10631,specialized_enriched,active_fraction,0.006087556015700102,0.002544419141486287,2.3925130367279053,2.3925130367279053,869,88
1759,5001,specialized_enriched,mean,0.01913001574575901,0.008001342415809631,2.390850782394409,2.390850782394409,773,88
1760,12133,base_enriched,max,-0.5499750375747681,0.2301928550004959,-2.389192581176758,2.389192581176758,829,88
1761,8228,base_enriched,max,-0.3739689290523529,0.15657486021518707,-2.3884353637695312,2.3884353637695312,764,88
1762,7286,specialized_enriched,mean,0.020792929455637932,0.00870886817574501,2.3875582218170166,2.3875582218170166,870,88
1763,4506,base_enriched,max,-0.15611940622329712,0.06539445370435715,-2.3873493671417236,2.3873493671417236,115,88
1764,7138,specialized_enriched,max,1.1080055236816406,0.4642353653907776,2.386732339859009,2.386732339859009,827,88
1765,15256,base_enriched,active_fraction,-0.0010961310472339392,0.0004592896730173379,-2.3865787982940674,2.3865787982940674,384,88
1766,14498,specialized_enriched,active_fraction,0.0042843930423259735,0.0017974490765482187,2.383596420288086,2.383596420288086,753,88
1767,3320,base_enriched,max,-0.24271097779273987,0.10183694958686829,-2.383329153060913,2.383329153060913,519,88
1768,2351,specialized_enriched,active_fraction,0.012698053382337093,0.005327905528247356,2.383310556411743,2.383310556411743,863,88
1769,1969,base_enriched,mean,-0.02110377512872219,0.008858727291226387,-2.382258176803589,2.382258176803589,635,88
1770,10257,base_enriched,max,-0.4620775878429413,0.1941460222005844,-2.380051851272583,2.380051851272583,791,88
1771,8659,base_enriched,mean,-0.08082609623670578,0.03397483378648758,-2.3789989948272705,2.3789989948272705,695,88
1772,6025,specialized_enriched,mean,0.01753460243344307,0.007373086642473936,2.378190279006958,2.378190279006958,788,88
1773,8640,specialized_enriched,max,1.3219635486602783,0.5564761161804199,2.3755979537963867,2.3755979537963867,657,88
1774,9850,specialized_enriched,active_fraction,0.0030322051607072353,0.0012765341671183705,2.3753418922424316,2.3753418922424316,826,88
1775,7352,specialized_enriched,active_fraction,0.004316986538469791,0.0018185520311817527,2.373859167098999,2.373859167098999,582,88
1776,6610,base_enriched,max,-0.35677462816238403,0.15053685009479523,-2.3700151443481445,2.3700151443481445,844,88
1777,481,specialized_enriched,active_fraction,0.0061056893318891525,0.0025768354535102844,2.369452476501465,2.369452476501465,801,88
1778,7946,base_enriched,active_fraction,-0.013388860039412975,0.005651822779327631,-2.368945598602295,2.368945598602295,818,88
1779,13510,base_enriched,active_fraction,-0.005752155557274818,0.0024283321108669043,-2.3687679767608643,2.3687679767608643,783,88
1780,2449,specialized_enriched,mean,0.07082302868366241,0.02990632690489292,2.368162155151367,2.368162155151367,820,88
1781,4837,specialized_enriched,active_fraction,0.002641030354425311,0.0011152816005051136,2.368039131164551,2.368039131164551,799,88
1782,5086,specialized_enriched,active_fraction,0.002291834680363536,0.0009685770492069423,2.366187334060669,2.366187334060669,865,88
1783,9502,specialized_enriched,mean,0.0459866002202034,0.01943848840892315,2.3657498359680176,2.3657498359680176,611,88
1784,11851,specialized_enriched,mean,0.024854155257344246,0.010517681017518044,2.3630831241607666,2.3630831241607666,871,88
1785,3799,specialized_enriched,mean,0.016582874581217766,0.007017767522484064,2.3629844188690186,2.3629844188690186,581,88
1786,2578,base_enriched,max,-0.5735238194465637,0.24290090799331665,-2.361143112182617,2.361143112182617,772,88
1787,1760,specialized_enriched,mean,0.0370388999581337,0.015732664614915848,2.3542673587799072,2.3542673587799072,866,88
1788,3753,specialized_enriched,mean,0.016006700694561005,0.006800559349358082,2.3537330627441406,2.3537330627441406,856,88
1789,4852,base_enriched,mean,-0.02521500736474991,0.010727841407060623,-2.3504269123077393,2.3504269123077393,584,88
1790,4993,specialized_enriched,mean,0.02321387082338333,0.009876567870378494,2.350398540496826,2.350398540496826,871,88
1791,4364,specialized_enriched,active_fraction,0.008094893768429756,0.0034470397513359785,2.348361015319824,2.348361015319824,700,88
1792,14985,specialized_enriched,mean,0.022555293515324593,0.009611350484192371,2.3467350006103516,2.3467350006103516,871,88
1793,16242,base_enriched,max,-0.21396711468696594,0.0912725180387497,-2.344266653060913,2.344266653060913,478,88
1794,15307,base_enriched,max,-2.2531840801239014,0.9620638489723206,-2.342031717300415,2.342031717300415,777,88
1795,13040,specialized_enriched,mean,0.023102516308426857,0.009864975698292255,2.3418726921081543,2.3418726921081543,870,88
1796,11894,specialized_enriched,active_fraction,0.008518618531525135,0.0036378877703100443,2.3416385650634766,2.3416385650634766,844,88
1797,2901,specialized_enriched,active_fraction,0.003222070634365082,0.001376117579638958,2.341421127319336,2.341421127319336,870,88
1798,10285,specialized_enriched,mean,0.01620323769748211,0.006925513036549091,2.339644432067871,2.339644432067871,870,88
1799,14980,base_enriched,max,-0.6350336074829102,0.2714901566505432,-2.339066743850708,2.339066743850708,456,88
1800,8712,base_enriched,max,-0.28758060932159424,0.12295147031545639,-2.3389766216278076,2.3389766216278076,657,88
1801,7129,base_enriched,max,-0.2811000943183899,0.12018144875764847,-2.3389639854431152,2.3389639854431152,714,88
1802,1495,base_enriched,active_fraction,-0.0014482542173936963,0.0006195927271619439,-2.3374292850494385,2.3374292850494385,678,88
1803,8308,specialized_enriched,mean,0.00341796875,0.001462594955228269,2.336920976638794,2.336920976638794,421,88
1804,1017,base_enriched,active_fraction,-0.001696511171758175,0.0007266238681040704,-2.3347859382629395,2.3347859382629395,520,88
1805,13660,specialized_enriched,mean,0.020098602399230003,0.008610662072896957,2.334152936935425,2.334152936935425,734,88
1806,7607,base_enriched,max,-2.787459135055542,1.1955102682113647,-2.331606149673462,2.331606149673462,784,88
1807,1591,specialized_enriched,mean,0.02577354945242405,0.011068041436374187,2.328645944595337,2.328645944595337,870,88
1808,12451,base_enriched,max,-0.2873501181602478,0.12355323135852814,-2.325719118118286,2.325719118118286,862,88
1809,9182,base_enriched,max,-0.8444631099700928,0.3633948266506195,-2.323817014694214,2.323817014694214,864,88
1810,3739,base_enriched,active_fraction,-0.0025860632304102182,0.0011130294296890497,-2.3234455585479736,2.3234455585479736,548,88
1811,10941,base_enriched,max,-0.34837162494659424,0.14995023608207703,-2.3232481479644775,2.3232481479644775,770,88
1812,1526,base_enriched,max,-1.0592069625854492,0.4562523663043976,-2.321537494659424,2.321537494659424,824,88
1813,14144,base_enriched,max,-0.2874999940395355,0.12384903430938721,-2.3213744163513184,2.3213744163513184,539,88
1814,1758,base_enriched,max,-0.5347747206687927,0.23060446977615356,-2.3190128803253174,2.3190128803253174,536,88
1815,13002,specialized_enriched,mean,0.015609989874064922,0.006731479428708553,2.3189537525177,2.3189537525177,682,88
1816,5536,specialized_enriched,active_fraction,0.011918019503355026,0.005141932051628828,2.317809581756592,2.317809581756592,870,88
1817,9272,base_enriched,max,-0.21800509095191956,0.09407232701778412,-2.31742000579834,2.31742000579834,421,88
1818,11082,specialized_enriched,mean,0.005281519144773483,0.0022797847632318735,2.3166744709014893,2.3166744709014893,466,88
1819,11796,specialized_enriched,mean,0.031015733256936073,0.013397954404354095,2.314960241317749,2.314960241317749,845,88
1820,8442,specialized_enriched,active_fraction,0.009506545029580593,0.004108335357159376,2.313965082168579,2.313965082168579,863,88
1821,1206,specialized_enriched,max,0.31144168972969055,0.13465657830238342,2.312859058380127,2.312859058380127,798,88
1822,1209,base_enriched,max,-0.5652298331260681,0.24443715810775757,-2.3123726844787598,2.3123726844787598,417,88
1823,14706,specialized_enriched,max,0.6714707612991333,0.2910212278366089,2.307291269302368,2.307291269302368,871,88
1824,13341,base_enriched,max,-0.9018032550811768,0.3911590874195099,-2.305464267730713,2.305464267730713,564,88
1825,15698,specialized_enriched,active_fraction,0.004250796977430582,0.001845038146711886,2.3039073944091797,2.3039073944091797,742,88
1826,5440,specialized_enriched,active_fraction,0.004767449107021093,0.0020713419653475285,2.3016233444213867,2.3016233444213867,871,88
1827,408,specialized_enriched,active_fraction,0.0023724667262285948,0.0010318411514163017,2.299255847930908,2.299255847930908,541,88
1828,2839,base_enriched,max,-1.4677506685256958,0.6390992999076843,-2.2965924739837646,2.2965924739837646,760,88
1829,11432,specialized_enriched,mean,0.015354524366557598,0.006693421863019466,2.2939722537994385,2.2939722537994385,698,88
1830,2768,specialized_enriched,active_fraction,0.006549710873514414,0.0028555509634315968,2.2936768531799316,2.2936768531799316,647,88
1831,10914,specialized_enriched,mean,0.014584075659513474,0.006359247025102377,2.293365240097046,2.293365240097046,430,88
1832,1681,base_enriched,max,-0.6084710955619812,0.2653684616088867,-2.292929172515869,2.292929172515869,471,88
1833,11522,base_enriched,max,-0.2820585072040558,0.12311258167028427,-2.2910616397857666,2.2910616397857666,770,88
1834,4933,base_enriched,max,-0.3243800103664398,0.1416812688112259,-2.2895052433013916,2.2895052433013916,739,88
1835,15758,base_enriched,max,-0.28028592467308044,0.12247447669506073,-2.288525104522705,2.288525104522705,842,88
1836,8070,specialized_enriched,active_fraction,0.002556778723374009,0.0011177938431501389,2.287343740463257,2.287343740463257,847,88
1837,7904,specialized_enriched,mean,0.01804186776280403,0.007888958789408207,2.2869770526885986,2.2869770526885986,718,88
1838,3731,base_enriched,max,-0.44379088282585144,0.19416451454162598,-2.2856435775756836,2.2856435775756836,646,88
1839,9941,specialized_enriched,mean,0.020725632086396217,0.009074048139154911,2.284055709838867,2.284055709838867,733,88
1840,3413,base_enriched,max,-0.24179233610630035,0.10592382401227951,-2.282700300216675,2.282700300216675,812,88
1841,3714,specialized_enriched,mean,0.022316627204418182,0.00978359766304493,2.281024694442749,2.281024694442749,715,88
1842,8396,specialized_enriched,max,0.7387524843215942,0.32407039403915405,2.279604911804199,2.279604911804199,839,88
1843,14456,base_enriched,max,-0.30995866656303406,0.13607469201087952,-2.2778568267822266,2.2778568267822266,327,88
1844,15281,base_enriched,max,-0.597204327583313,0.26221027970314026,-2.2775778770446777,2.2775778770446777,720,88
1845,6114,specialized_enriched,active_fraction,0.010161696933209896,0.004464492667466402,2.2761147022247314,2.2761147022247314,619,88
1846,14913,specialized_enriched,active_fraction,0.0036788408178836107,0.0016181241953745484,2.273521900177002,2.273521900177002,783,88
1847,10715,base_enriched,max,-0.7082258462905884,0.3116258680820465,-2.2726798057556152,2.2726798057556152,864,88
1848,15240,base_enriched,mean,-0.027148818597197533,0.01194688118994236,-2.272460699081421,2.272460699081421,756,88
1849,3711,specialized_enriched,mean,0.0285958219319582,0.01258611585944891,2.2720131874084473,2.2720131874084473,867,88
1850,1164,specialized_enriched,mean,0.019345948472619057,0.008524268865585327,2.2695140838623047,2.2695140838623047,799,88
1851,5061,specialized_enriched,max,0.9908316731452942,0.43667271733283997,2.2690486907958984,2.2690486907958984,760,88
1852,2277,specialized_enriched,mean,0.02155907265841961,0.009503197856247425,2.2686123847961426,2.2686123847961426,863,88
1853,4766,base_enriched,max,-0.3059229552745819,0.13490213453769684,-2.26774001121521,2.26774001121521,842,88
1854,16383,base_enriched,max,-0.4333280324935913,0.19112907350063324,-2.2672009468078613,2.2672009468078613,716,88
1855,10034,specialized_enriched,active_fraction,0.003239148063585162,0.00142918701749295,2.2664270401000977,2.2664270401000977,253,88
1856,1109,base_enriched,max,-0.6815088987350464,0.3008267879486084,-2.2654528617858887,2.2654528617858887,605,88
1857,7251,base_enriched,max,-0.3443404734134674,0.15204913914203644,-2.2646656036376953,2.2646656036376953,857,88
1858,2412,specialized_enriched,active_fraction,0.0023033851757645607,0.0010179391829296947,2.2627925872802734,2.2627925872802734,739,88
1859,16153,specialized_enriched,active_fraction,0.007082065101712942,0.003130414756014943,2.262340784072876,2.262340784072876,685,88
1860,6278,base_enriched,max,-0.2076035588979721,0.09176670014858246,-2.2622973918914795,2.2622973918914795,606,88
1861,14350,base_enriched,max,-0.5425326824188232,0.23993530869483948,-2.261162281036377,2.261162281036377,557,88
1862,13988,specialized_enriched,mean,0.025447366759181023,0.011255519464612007,2.2608790397644043,2.2608790397644043,861,88
1863,8071,base_enriched,max,-0.45447856187820435,0.20107275247573853,-2.2602691650390625,2.2602691650390625,824,88
1864,14745,base_enriched,max,-0.5005541443824768,0.22159722447395325,-2.2588465213775635,2.2588465213775635,807,88
1865,11494,base_enriched,max,-0.3509674668312073,0.15541933476924896,-2.2581968307495117,2.2581968307495117,634,88
1866,9991,specialized_enriched,active_fraction,0.004258470609784126,0.0018864180892705917,2.257437229156494,2.257437229156494,598,88
1867,4252,base_enriched,max,-0.8908657431602478,0.39480772614479065,-2.2564547061920166,2.2564547061920166,651,88
1868,4832,specialized_enriched,active_fraction,0.002991379238665104,0.001325969467870891,2.2559940814971924,2.2559940814971924,810,88
1869,12615,base_enriched,max,-0.5697038769721985,0.25259894132614136,-2.255369186401367,2.255369186401367,870,88
1870,9571,specialized_enriched,active_fraction,0.008756841532886028,0.0038830458652228117,2.255147695541382,2.255147695541382,865,88
1871,710,base_enriched,active_fraction,-0.007397239096462727,0.0032802841160446405,-2.2550604343414307,2.2550604343414307,595,88
1872,11411,base_enriched,max,-0.3839752972126007,0.17040033638477325,-2.2533717155456543,2.2533717155456543,723,88
1873,14811,base_enriched,max,-0.552189290523529,0.24508284032344818,-2.2530720233917236,2.2530720233917236,830,88
1874,9520,base_enriched,mean,-0.011676912195980549,0.005183318629860878,-2.252786874771118,2.252786874771118,455,88
1875,2365,base_enriched,active_fraction,-0.0015788411255925894,0.0007010619738139212,-2.252070665359497,2.252070665359497,529,88
1876,9376,base_enriched,max,-0.17677143216133118,0.07856470346450806,-2.2500107288360596,2.2500107288360596,601,88
1877,12328,specialized_enriched,max,1.0166560411453247,0.4520222544670105,2.2491283416748047,2.2491283416748047,798,88
1878,10617,specialized_enriched,active_fraction,0.002313134726136923,0.0010285030584782362,2.249030590057373,2.249030590057373,428,88
1879,12690,base_enriched,max,-0.2649993300437927,0.11787281185388565,-2.248180389404297,2.248180389404297,141,88
1880,317,specialized_enriched,mean,0.00947427935898304,0.004214868415147066,2.2478232383728027,2.2478232383728027,594,88
1881,12312,specialized_enriched,mean,0.017970116809010506,0.00799594260752201,2.2474043369293213,2.2474043369293213,710,88
1882,3418,base_enriched,active_fraction,-0.003263207385316491,0.0014529975596815348,-2.245845079421997,2.245845079421997,650,88
1883,987,specialized_enriched,active_fraction,0.003982632886618376,0.001774476608261466,2.244398593902588,2.244398593902588,867,88
1884,4001,base_enriched,max,-0.3180505037307739,0.14180031418800354,-2.2429463863372803,2.2429463863372803,865,88
1885,13142,base_enriched,max,-0.4390806555747986,0.19585111737251282,-2.241910457611084,2.241910457611084,507,88
1886,148,base_enriched,mean,-0.007294681388884783,0.0032549570314586163,-2.2410991191864014,2.2410991191864014,831,88
1887,217,specialized_enriched,mean,0.028579888865351677,0.012758424505591393,2.240079879760742,2.240079879760742,796,88
1888,4619,base_enriched,max,-0.8596475124359131,0.3838438391685486,-2.2395761013031006,2.2395761013031006,704,88
1889,15613,base_enriched,max,-1.8241369724273682,0.8146682977676392,-2.2391161918640137,2.2391161918640137,666,88
1890,7980,base_enriched,max,-0.6671148538589478,0.29796403646469116,-2.238910675048828,2.238910675048828,578,88
1891,4582,base_enriched,active_fraction,-0.004398407880216837,0.0019648834131658077,-2.2385082244873047,2.2385082244873047,354,88
1892,3054,base_enriched,active_fraction,-0.0006100765313021839,0.0002725985541474074,-2.2380034923553467,2.2380034923553467,432,88
1893,7020,base_enriched,max,-0.2819540202617645,0.12600283324718475,-2.237679958343506,2.237679958343506,462,88
1894,7491,specialized_enriched,mean,0.018551742658019066,0.008297041058540344,2.2359468936920166,2.2359468936920166,718,88
1895,14751,specialized_enriched,mean,0.04370478168129921,0.01955444924533367,2.235029935836792,2.235029935836792,818,88
1896,12103,specialized_enriched,max,0.6483920812606812,0.2901639938354492,2.2345712184906006,2.2345712184906006,857,88
1897,7093,base_enriched,max,-0.27105513215065,0.12132163345813751,-2.2341864109039307,2.2341864109039307,831,88
1898,15365,specialized_enriched,max,1.1368504762649536,0.5090229511260986,2.2333972454071045,2.2333972454071045,691,88
1899,1599,base_enriched,max,-0.2373376190662384,0.10629047453403473,-2.232915163040161,2.232915163040161,774,88
1900,3853,specialized_enriched,active_fraction,0.0029517861548811197,0.0013229185715317726,2.2312681674957275,2.2312681674957275,726,88
1901,6159,specialized_enriched,mean,0.02157416194677353,0.00967338401824236,2.230260133743286,2.230260133743286,788,88
1902,10584,base_enriched,mean,-0.008135613985359669,0.003648411249741912,-2.229905843734741,2.229905843734741,489,88
1903,14301,specialized_enriched,mean,0.0015771599719300866,0.0007073602173477411,2.229641914367676,2.229641914367676,281,88
1904,13670,specialized_enriched,active_fraction,0.0045006065629422665,0.002018588362261653,2.229581117630005,2.229581117630005,839,88
1905,4770,base_enriched,max,-0.6203215718269348,0.27827176451683044,-2.2291934490203857,2.2291934490203857,705,88
1906,9093,specialized_enriched,active_fraction,0.004671469330787659,0.0020985726732760668,2.226022243499756,2.226022243499756,710,88
1907,12136,base_enriched,active_fraction,-0.0010259229457005858,0.00046161768841557205,-2.2224514484405518,2.2224514484405518,379,88
1908,1285,base_enriched,active_fraction,-0.00945046916604042,0.00425390200689435,-2.22160005569458,2.22160005569458,745,88
1909,9223,specialized_enriched,mean,0.07518665492534637,0.03384372591972351,2.221583366394043,2.221583366394043,872,88
1910,3948,base_enriched,max,-0.3751794099807739,0.16888611018657684,-2.2214934825897217,2.2214934825897217,434,88
1911,10027,base_enriched,max,-0.295304536819458,0.13293081521987915,-2.2214903831481934,2.2214903831481934,761,88
1912,5420,base_enriched,max,-0.40314769744873047,0.18162360787391663,-2.2196877002716064,2.2196877002716064,825,88
1913,517,specialized_enriched,active_fraction,0.0020236524287611246,0.0009121756884269416,2.218489646911621,2.218489646911621,509,88
1914,14973,base_enriched,mean,-0.01336059533059597,0.006023379974067211,-2.218122720718384,2.218122720718384,465,88
1915,4191,specialized_enriched,max,0.46853992342948914,0.21123294532299042,2.2181196212768555,2.2181196212768555,740,88
1916,3468,base_enriched,max,-1.1066769361495972,0.49901577830314636,-2.217719316482544,2.217719316482544,685,88
1917,719,specialized_enriched,max,0.7027412056922913,0.31691044569015503,2.217475652694702,2.217475652694702,673,88
1918,12254,specialized_enriched,active_fraction,0.009313246235251427,0.0042025926522910595,2.216071605682373,2.216071605682373,806,88
1919,1860,specialized_enriched,active_fraction,0.007006481289863586,0.0031634073238819838,2.214852809906006,2.214852809906006,844,88
1920,7206,base_enriched,max,-0.2215956598520279,0.10006337612867355,-2.214553117752075,2.214553117752075,774,88
1921,10582,specialized_enriched,mean,0.021625110879540443,0.00976688601076603,2.214125394821167,2.214125394821167,870,88
1922,10664,specialized_enriched,active_fraction,0.00384064600802958,0.0017346320673823357,2.2140984535217285,2.2140984535217285,631,88
1923,12683,specialized_enriched,mean,0.01403636485338211,0.00634016701951623,2.213879346847534,2.213879346847534,819,88
1924,9723,specialized_enriched,mean,0.012925525195896626,0.005839909892529249,2.2133090496063232,2.2133090496063232,737,88
1925,11671,base_enriched,max,-0.9390170574188232,0.4244242012500763,-2.212449312210083,2.212449312210083,588,88
1926,1484,specialized_enriched,mean,0.022056633606553078,0.009973790496587753,2.2114593982696533,2.2114593982696533,862,88
1927,6994,base_enriched,max,-0.08699581772089005,0.039386384189128876,-2.2087790966033936,2.2087790966033936,196,88
1928,3588,base_enriched,active_fraction,-0.003164504189044237,0.0014330825069919229,-2.2081799507141113,2.2081799507141113,764,88
1929,6757,base_enriched,max,-1.7643169164657593,0.7991347312927246,-2.2077839374542236,2.2077839374542236,447,88
1930,16326,base_enriched,max,-0.6886605024337769,0.31221452355384827,-2.205728530883789,2.205728530883789,726,88
1931,12438,specialized_enriched,max,1.0360465049743652,0.4697759747505188,2.2054054737091064,2.2054054737091064,487,88
1932,2044,base_enriched,max,-1.109097957611084,0.5030772686004639,-2.204627513885498,2.204627513885498,829,88
1933,14812,base_enriched,max,-0.18432730436325073,0.08363590389490128,-2.203925609588623,2.203925609588623,679,88
1934,12169,specialized_enriched,active_fraction,0.0069164009764790535,0.0031382630113512278,2.20389461517334,2.20389461517334,646,88
1935,322,specialized_enriched,active_fraction,0.003937805537134409,0.0017868191935122013,2.2038075923919678,2.2038075923919678,627,88
1936,6509,base_enriched,max,-0.20473746955394745,0.09290838241577148,-2.2036490440368652,2.2036490440368652,442,88
1937,11089,base_enriched,active_fraction,-0.0020148432813584805,0.0009151085396297276,-2.2017533779144287,2.2017533779144287,182,88
1938,12291,base_enriched,active_fraction,-0.004393998999148607,0.0019977339543402195,-2.199491500854492,2.199491500854492,808,88
1939,13295,base_enriched,max,-0.18524935841560364,0.08432827144861221,-2.1967644691467285,2.1967644691467285,370,88
1940,11631,base_enriched,max,-0.7771348357200623,0.3538214862346649,-2.196403741836548,2.196403741836548,706,88
1941,13219,base_enriched,max,-0.3528774380683899,0.16085132956504822,-2.1938111782073975,2.1938111782073975,674,88
1942,2838,base_enriched,max,-0.1877225637435913,0.0855707898736,-2.1937692165374756,2.1937692165374756,551,88
1943,4324,base_enriched,active_fraction,-0.002240584697574377,0.0010213651694357395,-2.1937155723571777,2.1937155723571777,362,88
1944,12112,base_enriched,max,-0.3424850106239319,0.15625526010990143,-2.1918303966522217,2.1918303966522217,667,88
1945,11139,base_enriched,max,-0.6504020094871521,0.2969125807285309,-2.1905505657196045,2.1905505657196045,799,88
1946,15216,specialized_enriched,max,0.9207848906517029,0.42055609822273254,2.189445972442627,2.189445972442627,816,88
1947,8209,specialized_enriched,max,0.5069994330406189,0.23172655701637268,2.1879210472106934,2.1879210472106934,704,88
1948,8234,specialized_enriched,active_fraction,0.0018160088220611215,0.0008300759363919497,2.1877622604370117,2.1877622604370117,786,88
1949,1759,specialized_enriched,mean,0.011960655450820923,0.005467698443681002,2.187511920928955,2.187511920928955,822,88
1950,698,base_enriched,max,-0.16261355578899384,0.0743485763669014,-2.187177896499634,2.187177896499634,860,88
1951,5982,base_enriched,max,-2.014802932739258,0.9215652346611023,-2.186283588409424,2.186283588409424,505,88
1952,11688,specialized_enriched,active_fraction,0.00411630654707551,0.001883737393654883,2.1851806640625,2.1851806640625,870,88
1953,12077,base_enriched,active_fraction,-0.00475744204595685,0.0021777471993118525,-2.1845703125,2.1845703125,694,88
1954,2016,base_enriched,max,-0.804878294467926,0.36844149231910706,-2.1845483779907227,2.1845483779907227,839,88
1955,15561,specialized_enriched,active_fraction,0.002315663266927004,0.0010600859532132745,2.184410810470581,2.184410810470581,722,88
1956,6847,specialized_enriched,mean,0.03478770703077316,0.015927253291010857,2.1841623783111572,2.1841623783111572,868,88
1957,16038,specialized_enriched,mean,0.012674336321651936,0.005806879606097937,2.1826415061950684,2.1826415061950684,863,88
1958,5068,base_enriched,max,-0.38629859685897827,0.17708449065685272,-2.181436538696289,2.181436538696289,751,88
1959,3764,specialized_enriched,mean,0.025400232523679733,0.01165289431810379,2.1797358989715576,2.1797358989715576,482,88
1960,2169,specialized_enriched,active_fraction,0.004845100454986095,0.00222705933265388,2.1755597591400146,2.1755597591400146,777,88
1961,10710,specialized_enriched,mean,0.017230207100510597,0.007923307828605175,2.1746230125427246,2.1746230125427246,615,88
1962,6860,base_enriched,max,-0.25273436307907104,0.11622121185064316,-2.1745975017547607,2.1745975017547607,872,88
1963,13938,specialized_enriched,mean,0.019751349464058876,0.009084575809538364,2.1741631031036377,2.1741631031036377,836,88
1964,3165,base_enriched,active_fraction,-0.0012187514221295714,0.0005617507849819958,-2.1695590019226074,2.1695590019226074,130,88
1965,7390,specialized_enriched,mean,0.025517068803310394,0.011765147559344769,2.1688694953918457,2.1688694953918457,697,88
1966,10720,base_enriched,max,-0.2290799915790558,0.10565827786922455,-2.168121576309204,2.168121576309204,700,88
1967,11388,base_enriched,max,-0.43416038155555725,0.20046071708202362,-2.1658127307891846,2.1658127307891846,677,88
1968,8369,base_enriched,max,-0.5272347331047058,0.24343734979629517,-2.165792226791382,2.165792226791382,391,88
1969,5308,base_enriched,max,-0.29785609245300293,0.13758113980293274,-2.1649484634399414,2.1649484634399414,664,88
1970,2712,specialized_enriched,mean,0.017677050083875656,0.008168159052729607,2.1641411781311035,2.1641411781311035,535,88
1971,10223,base_enriched,mean,-0.011744977906346321,0.005430642515420914,-2.1627235412597656,2.1627235412597656,425,88
1972,11055,specialized_enriched,active_fraction,0.002175370929762721,0.0010066453833132982,2.161010265350342,2.161010265350342,736,88
1973,5173,specialized_enriched,active_fraction,0.0018720404477789998,0.0008665257482789457,2.160398006439209,2.160398006439209,578,88
1974,10136,specialized_enriched,max,0.7520576119422913,0.348361998796463,2.158839464187622,2.158839464187622,860,88
1975,6716,base_enriched,max,-0.8111918568611145,0.37583017349243164,-2.158400058746338,2.158400058746338,710,88
1976,10440,specialized_enriched,mean,0.022244688123464584,0.010306877084076405,2.1582374572753906,2.1582374572753906,866,88
1977,11629,specialized_enriched,active_fraction,0.0032893423922359943,0.0015240900684148073,2.158233642578125,2.158233642578125,790,88
1978,11498,specialized_enriched,active_fraction,0.0037297005765140057,0.001728755421936512,2.1574482917785645,2.1574482917785645,842,88
1979,7849,base_enriched,max,-0.8246207237243652,0.3822649419307709,-2.1571967601776123,2.1571967601776123,678,88
1980,4938,base_enriched,active_fraction,-0.002400296274572611,0.0011143601732328534,-2.153968095779419,2.153968095779419,729,88
1981,9308,base_enriched,max,-0.34559184312820435,0.16049888730049133,-2.1532351970672607,2.1532351970672607,559,88
1982,7944,base_enriched,max,-0.27270394563674927,0.12665927410125732,-2.1530516147613525,2.1530516147613525,471,88
1983,3652,base_enriched,max,-0.13827671110630035,0.06423414498567581,-2.152698040008545,2.152698040008545,159,88
1984,9030,base_enriched,max,-0.7508039474487305,0.3488008975982666,-2.152528762817383,2.152528762817383,851,88
1985,9661,specialized_enriched,mean,0.012559974566102028,0.005836619064211845,2.151926279067993,2.151926279067993,855,88
1986,2036,base_enriched,active_fraction,-0.004209358710795641,0.0019568263087421656,-2.1511151790618896,2.1511151790618896,825,88
1987,2665,base_enriched,mean,-0.02427142858505249,0.01128362026065588,-2.151031970977783,2.151031970977783,368,88
1988,3408,specialized_enriched,mean,0.0037597566843032837,0.0017481095856055617,2.1507556438446045,2.1507556438446045,409,88
1989,11457,specialized_enriched,mean,0.05069104582071304,0.023583300411701202,2.149446725845337,2.149446725845337,807,88
1990,12798,base_enriched,active_fraction,-0.004518765956163406,0.0021029377821832895,-2.148787260055542,2.148787260055542,647,88
1991,10049,base_enriched,mean,-0.01496668066829443,0.006965984590351582,-2.1485376358032227,2.1485376358032227,592,88
1992,7254,base_enriched,max,-0.48239007592201233,0.22453951835632324,-2.14835262298584,2.14835262298584,871,88
1993,6946,base_enriched,max,-0.24621638655662537,0.114693783223629,-2.146728277206421,2.146728277206421,723,88
1994,14257,specialized_enriched,mean,0.018018674105405807,0.008396017365157604,2.1460976600646973,2.1460976600646973,859,88
1995,5219,specialized_enriched,active_fraction,0.005115970503538847,0.002385814441367984,2.1443288326263428,2.1443288326263428,473,88
1996,11961,base_enriched,max,-0.37455031275749207,0.17474311590194702,-2.1434338092803955,2.1434338092803955,870,88
1997,1441,base_enriched,max,-0.2711391746997833,0.1265099048614502,-2.1432249546051025,2.1432249546051025,565,88
1998,10065,specialized_enriched,mean,0.01604699343442917,0.0074891336262226105,2.1427035331726074,2.1427035331726074,863,88
1999,8521,specialized_enriched,active_fraction,0.0038326706271618605,0.001789037836715579,2.142308235168457,2.142308235168457,869,88
2000,3435,base_enriched,max,-0.1372547298669815,0.06407978385686874,-2.141934871673584,2.141934871673584,384,88
2001,5969,specialized_enriched,mean,0.049616020172834396,0.02317868359386921,2.1405882835388184,2.1405882835388184,732,88
2002,1061,base_enriched,max,-0.3265579640865326,0.1526375263929367,-2.139434337615967,2.139434337615967,789,88
2003,321,specialized_enriched,active_fraction,0.008201138116419315,0.0038334084674715996,2.139385461807251,2.139385461807251,871,88
2004,9257,base_enriched,active_fraction,-0.0027481878641992807,0.0012854088563472033,-2.1379873752593994,2.1379873752593994,807,88
2005,8973,base_enriched,max,-0.25627270340919495,0.11986735463142395,-2.1379690170288086,2.1379690170288086,820,88
2006,14750,base_enriched,max,-0.2778729200363159,0.1301347315311432,-2.1352710723876953,2.1352710723876953,464,88
2007,5589,specialized_enriched,active_fraction,0.006921155843883753,0.003242315026000142,2.134634017944336,2.134634017944336,870,88
2008,16364,specialized_enriched,active_fraction,0.0037685749121010303,0.0017659618752077222,2.134006977081299,2.134006977081299,701,88
2009,9745,specialized_enriched,mean,0.034371938556432724,0.016115935519337654,2.1327919960021973,2.1327919960021973,676,88
2010,10194,specialized_enriched,active_fraction,0.0038968995213508606,0.0018281389493495226,2.1316211223602295,2.1316211223602295,753,88
2011,4391,base_enriched,max,-0.33844703435897827,0.15886367857456207,-2.1304242610931396,2.1304242610931396,523,88
2012,12358,base_enriched,max,-0.47661474347114563,0.2237393856048584,-2.130222797393799,2.130222797393799,729,88
2013,7229,base_enriched,max,-0.6726130843162537,0.3158378303050995,-2.129615306854248,2.129615306854248,477,88
2014,453,specialized_enriched,active_fraction,0.004094545263797045,0.0019231660990044475,2.1290647983551025,2.1290647983551025,870,88
2015,2106,base_enriched,max,-0.2770712077617645,0.13014711439609528,-2.1289079189300537,2.1289079189300537,126,88
2016,3796,base_enriched,active_fraction,-0.002232210012152791,0.0010492102010175586,-2.127514600753784,2.127514600753784,287,88
2017,8885,base_enriched,max,-0.18339389562606812,0.08622929453849792,-2.126816511154175,2.126816511154175,196,88
2018,179,specialized_enriched,active_fraction,0.009840517304837704,0.004627293907105923,2.126624584197998,2.126624584197998,870,88
2019,14464,base_enriched,max,-0.6830214262008667,0.32128071784973145,-2.1259334087371826,2.1259334087371826,847,88
2020,3396,base_enriched,max,-0.31156885623931885,0.14658598601818085,-2.125502347946167,2.125502347946167,869,88
2021,14266,specialized_enriched,mean,0.01876220665872097,0.008837212808430195,2.123090982437134,2.123090982437134,871,88
2022,6950,base_enriched,max,-0.7470112442970276,0.35199102759361267,-2.1222450733184814,2.1222450733184814,181,88
2023,15982,base_enriched,max,-0.7546330094337463,0.35626110434532166,-2.118201971054077,2.118201971054077,828,88
2024,9236,specialized_enriched,active_fraction,0.0017217237036675215,0.0008129044435918331,2.117990255355835,2.117990255355835,443,88
2025,13776,specialized_enriched,mean,0.00903098564594984,0.00426609767600894,2.11691951751709,2.11691951751709,721,88
2026,8519,base_enriched,mean,-0.013105949386954308,0.006193831097334623,-2.1159682273864746,2.1159682273864746,503,88
2027,10912,base_enriched,max,-0.31807321310043335,0.15035931766033173,-2.1154208183288574,2.1154208183288574,790,88
2028,12524,specialized_enriched,active_fraction,0.0038760872557759285,0.0018328988226130605,2.1147305965423584,2.1147305965423584,825,88
2029,3271,base_enriched,max,-0.8391101956367493,0.3970262408256531,-2.113487958908081,2.113487958908081,451,88
2030,7097,specialized_enriched,active_fraction,0.0018722977256402373,0.000886669906321913,2.1116063594818115,2.1116063594818115,770,88
2031,12657,specialized_enriched,mean,0.010985130444169044,0.005203787703067064,2.110987424850464,2.110987424850464,523,88
2032,7371,base_enriched,max,-0.23273642361164093,0.1103723868727684,-2.108647108078003,2.108647108078003,743,88
2033,925,base_enriched,max,-0.6377362012863159,0.30255013704299927,-2.1078693866729736,2.1078693866729736,800,88
2034,15468,base_enriched,max,-0.44499000906944275,0.21133796870708466,-2.1055848598480225,2.1055848598480225,870,88
2035,2405,base_enriched,active_fraction,-0.00404399586841464,0.0019207573495805264,-2.105417251586914,2.105417251586914,588,88
2036,11407,base_enriched,max,-1.0885242223739624,0.517179012298584,-2.104733943939209,2.104733943939209,816,88
2037,10688,base_enriched,max,-0.7630223631858826,0.36263442039489746,-2.104109048843384,2.104109048843384,676,88
2038,14092,base_enriched,max,-0.29633447527885437,0.14083974063396454,-2.1040544509887695,2.1040544509887695,846,88
2039,6956,specialized_enriched,mean,0.01686163619160652,0.00801702681928873,2.1032280921936035,2.1032280921936035,708,88
2040,235,specialized_enriched,mean,0.021756425499916077,0.01034590881317854,2.1029012203216553,2.1029012203216553,769,88
2041,10381,specialized_enriched,mean,0.015889983624219894,0.007557454518973827,2.10255765914917,2.10255765914917,823,88
2042,14135,specialized_enriched,max,1.2104923725128174,0.5757884979248047,2.102321147918701,2.102321147918701,795,88
2043,9518,base_enriched,active_fraction,-0.0018262375378981233,0.0008687481167726219,-2.1021485328674316,2.1021485328674316,166,88
2044,9492,base_enriched,max,-1.0993720293045044,0.5231797099113464,-2.101327657699585,2.101327657699585,837,88
2045,7792,specialized_enriched,active_fraction,0.002351512433961034,0.0011192145757377148,2.1010379791259766,2.1010379791259766,763,88
2046,9331,base_enriched,max,-1.500622272491455,0.7143967747688293,-2.1005446910858154,2.1005446910858154,801,88
2047,12553,base_enriched,mean,-0.029460689052939415,0.014033949933946133,-2.0992443561553955,2.0992443561553955,695,88
2048,15713,specialized_enriched,active_fraction,0.0021019158884882927,0.0010016723535954952,2.0984065532684326,2.0984065532684326,719,88
2049,13782,specialized_enriched,mean,0.015188474208116531,0.007239306811243296,2.0980563163757324,2.0980563163757324,870,88
2050,8387,specialized_enriched,active_fraction,0.00444017443805933,0.002116434508934617,2.0979502201080322,2.0979502201080322,609,88
2051,2238,specialized_enriched,mean,0.0245625339448452,0.011714779771864414,2.0967133045196533,2.0967133045196533,871,88
2052,5221,specialized_enriched,active_fraction,0.007808898109942675,0.0037251401226967573,2.0962696075439453,2.0962696075439453,835,88
2053,2191,base_enriched,max,-0.18645530939102173,0.0890829861164093,-2.0930519104003906,2.0930519104003906,341,88
2054,1028,base_enriched,max,-0.20491120219230652,0.09796052426099777,-2.091773271560669,2.091773271560669,723,88
2055,10410,specialized_enriched,active_fraction,0.0012669318821281195,0.000605883018579334,2.091050386428833,2.091050386428833,489,88
2056,13265,base_enriched,max,-0.6381790637969971,0.30529335141181946,-2.0903797149658203,2.0903797149658203,726,88
2057,2514,base_enriched,max,-0.2879042625427246,0.13774123787879944,-2.090182065963745,2.090182065963745,504,88
2058,1232,base_enriched,mean,-0.020711464807391167,0.009921830147504807,-2.0874640941619873,2.0874640941619873,870,88
2059,5799,base_enriched,max,-0.9194381237030029,0.4406210780143738,-2.086686611175537,2.086686611175537,846,88
2060,2778,base_enriched,max,-0.4856695234775543,0.2327519953250885,-2.086639642715454,2.086639642715454,846,88
2061,14427,specialized_enriched,mean,0.04348987340927124,0.02084220014512539,2.086625814437866,2.086625814437866,764,88
2062,12571,specialized_enriched,active_fraction,0.003380762180313468,0.0016204322455450892,2.0863335132598877,2.0863335132598877,872,88
2063,9810,base_enriched,max,-1.459012746810913,0.6994250416755676,-2.086017370223999,2.086017370223999,790,88
2064,5994,specialized_enriched,mean,0.021887371316552162,0.01049456000328064,2.085592031478882,2.085592031478882,689,88
2065,3631,specialized_enriched,active_fraction,0.002478293376043439,0.0011914110509678721,2.0801329612731934,2.0801329612731934,625,88
2066,13580,base_enriched,max,-1.7437090873718262,0.8383304476737976,-2.0799782276153564,2.0799782276153564,705,88
2067,6910,specialized_enriched,mean,0.027636483311653137,0.013286986388266087,2.0799663066864014,2.0799663066864014,816,88
2068,10037,specialized_enriched,active_fraction,0.011823397129774094,0.0056879823096096516,2.078662872314453,2.078662872314453,870,88
2069,4877,specialized_enriched,active_fraction,0.01130085438489914,0.005437934771180153,2.0781519412994385,2.0781519412994385,870,88
2070,4390,specialized_enriched,active_fraction,0.002786041935905814,0.0013408840168267488,2.0777649879455566,2.0777649879455566,798,88
2071,12339,specialized_enriched,active_fraction,0.0016939208144322038,0.0008160550496540964,2.0757431983947754,2.0757431983947754,521,88
2072,7275,specialized_enriched,active_fraction,0.0015620653284713626,0.0007526575354859233,2.075399875640869,2.075399875640869,571,88
2073,11227,specialized_enriched,active_fraction,0.0025355848483741283,0.0012220899807289243,2.074793815612793,2.074793815612793,568,88
2074,4817,specialized_enriched,mean,0.03880615159869194,0.01870989054441452,2.0740983486175537,2.0740983486175537,740,88
2075,13908,specialized_enriched,mean,0.02567112073302269,0.012390919961035252,2.0717687606811523,2.0717687606811523,542,88
2076,13499,specialized_enriched,mean,0.016999337822198868,0.008207911625504494,2.071091651916504,2.071091651916504,862,88
2077,6819,specialized_enriched,max,0.6686841249465942,0.32292309403419495,2.0707225799560547,2.0707225799560547,663,88
2078,7422,specialized_enriched,active_fraction,0.0042068748734891415,0.0020319081377238035,2.070405960083008,2.070405960083008,376,88
2079,2338,specialized_enriched,mean,0.010712583549320698,0.005175710655748844,2.069780111312866,2.069780111312866,607,88
2080,13970,specialized_enriched,active_fraction,0.009343479759991169,0.004515348933637142,2.0692708492279053,2.0692708492279053,856,88
2081,12223,specialized_enriched,mean,0.010008741170167923,0.004838284105062485,2.068655014038086,2.068655014038086,848,88
2082,7807,specialized_enriched,active_fraction,0.0025504445657134056,0.0012332159094512463,2.068125009536743,2.068125009536743,787,88
2083,11792,base_enriched,max,-0.37632858753204346,0.18198783695697784,-2.067877769470215,2.067877769470215,632,88
2084,5657,specialized_enriched,active_fraction,0.0020305633079260588,0.0009824966546148062,2.0667381286621094,2.0667381286621094,598,88
2085,14606,specialized_enriched,active_fraction,0.0045043411664664745,0.002179583301767707,2.0666065216064453,2.0666065216064453,828,88
2086,2854,base_enriched,max,-0.40034180879592896,0.1937313973903656,-2.066478729248047,2.066478729248047,568,88
2087,7530,base_enriched,max,-0.1996559351682663,0.09662237763404846,-2.0663528442382812,2.0663528442382812,398,88
2088,14850,base_enriched,max,-0.2695562243461609,0.1305120289325714,-2.0653746128082275,2.0653746128082275,631,88
2089,3580,specialized_enriched,active_fraction,0.004083189647644758,0.0019770136568695307,2.0653319358825684,2.0653319358825684,690,88
2090,15877,base_enriched,max,-0.5891544818878174,0.28533488512039185,-2.0647826194763184,2.0647826194763184,732,88
2091,4866,specialized_enriched,mean,0.014599138870835304,0.007072770036756992,2.0641331672668457,2.0641331672668457,837,88
2092,6,base_enriched,max,-0.7540379762649536,0.365664541721344,-2.062103033065796,2.062103033065796,803,88
2093,14312,specialized_enriched,mean,0.00927045103162527,0.004496017005294561,2.061925172805786,2.061925172805786,761,88
2094,7837,base_enriched,max,-0.3767316937446594,0.18283937871456146,-2.0604515075683594,2.0604515075683594,754,88
2095,6936,base_enriched,max,-1.118370771408081,0.5427893996238708,-2.0604138374328613,2.0604138374328613,808,88
2096,30,base_enriched,max,-1.113830804824829,0.5408218502998352,-2.0595152378082275,2.0595152378082275,703,88
2097,8048,base_enriched,max,-0.8678097724914551,0.421381413936615,-2.0594401359558105,2.0594401359558105,757,88
2098,12224,specialized_enriched,active_fraction,0.004486988764256239,0.002179372124373913,2.058844804763794,2.058844804763794,864,88
2099,1480,specialized_enriched,active_fraction,0.0010595544008538127,0.000514836166985333,2.05804181098938,2.05804181098938,354,88
2100,4388,specialized_enriched,active_fraction,0.0038924727123230696,0.0018926648190245032,2.056609630584717,2.056609630584717,778,88
2101,5513,specialized_enriched,max,0.6931141018867493,0.3370584547519684,2.056361675262451,2.056361675262451,872,88
2102,1894,specialized_enriched,mean,0.044098611921072006,0.021453240886330605,2.0555686950683594,2.0555686950683594,721,88
2103,13688,base_enriched,active_fraction,-0.002559795044362545,0.001246940460987389,-2.052860736846924,2.052860736846924,664,88
2104,7468,base_enriched,max,-0.21606558561325073,0.105276919901371,-2.0523548126220703,2.0523548126220703,185,88
2105,2198,specialized_enriched,active_fraction,0.0026791240088641644,0.0013057284522801638,2.051823377609253,2.051823377609253,851,88
2106,8446,base_enriched,active_fraction,-0.004144757520407438,0.0020214268006384373,-2.0504119396209717,2.0504119396209717,700,88
2107,2582,base_enriched,max,-0.4806504249572754,0.23445244133472443,-2.050097703933716,2.050097703933716,871,88
2108,3349,specialized_enriched,mean,0.023998966440558434,0.01171165332198143,2.0491528511047363,2.0491528511047363,872,88
2109,10543,specialized_enriched,mean,0.009884927421808243,0.00482524186372757,2.048586845397949,2.048586845397949,694,88
2110,12142,base_enriched,max,-0.20824401080608368,0.10170548409223557,-2.0475199222564697,2.0475199222564697,831,88
2111,13144,base_enriched,max,-0.4076308012008667,0.1991158276796341,-2.0472044944763184,2.0472044944763184,417,88
2112,4906,specialized_enriched,max,1.0522892475128174,0.5140509009361267,2.0470526218414307,2.0470526218414307,499,88
2113,14848,base_enriched,max,-0.2746366262435913,0.13422541320323944,-2.0460851192474365,2.0460851192474365,459,88
2114,9959,specialized_enriched,mean,0.01979692094027996,0.0096813403069973,2.0448532104492188,2.0448532104492188,653,88
2115,4648,specialized_enriched,mean,0.011934067122638226,0.005839308258146048,2.0437467098236084,2.0437467098236084,762,88
2116,12313,base_enriched,max,-0.45868006348609924,0.22452518343925476,-2.04288911819458,2.04288911819458,502,88
2117,14280,specialized_enriched,mean,0.01829434745013714,0.008958361111581326,2.0421533584594727,2.0421533584594727,727,88
2118,1559,specialized_enriched,mean,0.01790083944797516,0.00876905769109726,2.0413641929626465,2.0413641929626465,545,88
2119,7921,base_enriched,active_fraction,-0.002299419604241848,0.0011270110262557864,-2.040281295776367,2.040281295776367,607,88
2120,10972,specialized_enriched,active_fraction,0.0037065905053168535,0.001817353768274188,2.039553642272949,2.039553642272949,811,88
2121,15935,base_enriched,max,-0.5507994294166565,0.2702668309211731,-2.0379838943481445,2.0379838943481445,738,88
2122,9701,base_enriched,max,-0.25979286432266235,0.12754231691360474,-2.0369150638580322,2.0369150638580322,850,88
2123,11765,base_enriched,active_fraction,-0.004653300624340773,0.0022854830604046583,-2.036025047302246,2.036025047302246,785,88
2124,15397,specialized_enriched,active_fraction,0.0035804747603833675,0.001759475446306169,2.0349671840667725,2.0349671840667725,664,88
2125,13876,base_enriched,max,-0.3238939940929413,0.15917104482650757,-2.0348801612854004,2.0348801612854004,614,88
2126,10846,specialized_enriched,mean,0.017620211467146873,0.00866053719073534,2.0345401763916016,2.0345401763916016,788,88
2127,14588,base_enriched,max,-0.28100472688674927,0.13817335665225983,-2.0337114334106445,2.0337114334106445,502,88
2128,3404,base_enriched,mean,-0.022936444729566574,0.011282826773822308,-2.0328633785247803,2.0328633785247803,724,88
2129,5682,specialized_enriched,max,0.9368822574615479,0.4611124098300934,2.031787157058716,2.031787157058716,769,88
2130,13539,specialized_enriched,mean,0.042524274438619614,0.020972080528736115,2.0276613235473633,2.0276613235473633,828,88
2131,12460,specialized_enriched,active_fraction,0.00452195992693305,0.0022303382866084576,2.027477264404297,2.027477264404297,731,88
2132,13564,base_enriched,max,-0.3427155315876007,0.1690630316734314,-2.027146577835083,2.027146577835083,847,88
2133,6334,base_enriched,max,-0.38793832063674927,0.1914709061384201,-2.026095390319824,2.026095390319824,741,88
2134,14493,specialized_enriched,mean,0.018949463963508606,0.009374449029564857,2.021394968032837,2.021394968032837,865,88
2135,7423,specialized_enriched,active_fraction,0.005832761060446501,0.0028900227043777704,2.018240451812744,2.018240451812744,689,88
2136,14468,specialized_enriched,mean,0.02746177464723587,0.013612860813736916,2.0173404216766357,2.0173404216766357,872,88
2137,13977,specialized_enriched,mean,0.027192750945687294,0.013481132686138153,2.017096996307373,2.017096996307373,702,88
2138,505,specialized_enriched,active_fraction,0.001300057745538652,0.000644570856820792,2.016935348510742,2.016935348510742,650,88
2139,10844,specialized_enriched,active_fraction,0.0032207933254539967,0.0015969517407938838,2.016838312149048,2.016838312149048,758,88
2140,16025,base_enriched,active_fraction,-0.004302419722080231,0.0021337969228625298,-2.0163211822509766,2.0163211822509766,630,88
2141,10727,base_enriched,max,-0.9302484393119812,0.46165528893470764,-2.015028238296509,2.015028238296509,471,88
2142,15632,specialized_enriched,active_fraction,0.006347860209643841,0.00315293506719172,2.013317823410034,2.013317823410034,611,88
2143,1966,base_enriched,max,-0.9569267630577087,0.47549986839294434,-2.012464761734009,2.012464761734009,773,88
2144,12561,specialized_enriched,mean,0.019899124279618263,0.009898128919303417,2.010392427444458,2.010392427444458,670,88
2145,13234,specialized_enriched,active_fraction,0.006043775472790003,0.0030071143992245197,2.0098257064819336,2.0098257064819336,734,88
2146,2074,base_enriched,max,-0.17782749235630035,0.08856265246868134,-2.0079286098480225,2.0079286098480225,367,88
2147,1616,specialized_enriched,mean,0.008389956317842007,0.004185282625257969,2.0046331882476807,2.0046331882476807,703,88
2148,11240,specialized_enriched,active_fraction,0.002291834680363536,0.0011436641216278076,2.0039403438568115,2.0039403438568115,861,88
2149,6825,specialized_enriched,max,0.7893327474594116,0.39396539330482483,2.00355863571167,2.00355863571167,560,88
2150,99,specialized_enriched,active_fraction,0.00341047253459692,0.0017023003892973065,2.0034492015838623,2.0034492015838623,758,88
2151,14207,base_enriched,max,-0.7586663961410522,0.378927081823349,-2.002143621444702,2.002143621444702,866,88
2152,185,base_enriched,max,-0.4658748209476471,0.2329345941543579,-2.0000240802764893,2.0000240802764893,725,88
2153,9737,base_enriched,max,-0.4801326394081116,0.24014520645141602,-1.9993430376052856,1.9993430376052856,703,88
2154,2730,base_enriched,max,-0.2896665930747986,0.1449609249830246,-1.9982391595840454,1.9982391595840454,767,88
2155,3761,specialized_enriched,mean,0.01864435151219368,0.009332193061709404,1.99785315990448,1.99785315990448,829,88
2156,15059,base_enriched,active_fraction,-0.000970583176240325,0.00048587980563752353,-1.997578740119934,1.997578740119934,150,88
2157,12039,base_enriched,max,-0.31912246346473694,0.1598440706729889,-1.996461033821106,1.996461033821106,871,88
2158,5854,base_enriched,active_fraction,-0.007260868325829506,0.0036419464740902185,-1.9936779737472534,1.9936779737472534,839,88
2159,3528,base_enriched,max,-0.628715455532074,0.31584712862968445,-1.9905688762664795,1.9905688762664795,739,88
2160,6827,specialized_enriched,mean,0.016662472859025,0.008380046114325523,1.9883509874343872,1.9883509874343872,852,88
2161,4142,specialized_enriched,active_fraction,0.003842482343316078,0.0019328993512317538,1.987937092781067,1.987937092781067,746,88
2162,6353,specialized_enriched,mean,0.024262094870209694,0.012207962572574615,1.9873992204666138,1.9873992204666138,763,88
2163,8411,specialized_enriched,active_fraction,0.0016345002222806215,0.0008230223902501166,1.9859730005264282,1.9859730005264282,631,88
2164,11533,base_enriched,max,-0.29787880182266235,0.15013913810253143,-1.984018325805664,1.984018325805664,806,88
2165,2810,specialized_enriched,mean,0.012738076969981194,0.006425621919333935,1.9823881387710571,1.9823881387710571,610,88
2166,14343,specialized_enriched,mean,0.03510385379195213,0.017710497602820396,1.9820929765701294,1.9820929765701294,766,88
2167,3330,base_enriched,active_fraction,-0.005105661693960428,0.002576069440692663,-1.9819581508636475,1.9819581508636475,823,88
2168,11728,specialized_enriched,mean,0.021725766360759735,0.010968947783112526,1.9806609153747559,1.9806609153747559,871,88
2169,4903,specialized_enriched,active_fraction,0.0037273496855050325,0.0018835883820429444,1.9788557291030884,1.9788557291030884,759,88
2170,1303,specialized_enriched,active_fraction,0.0013091686414554715,0.0006618186598643661,1.9781379699707031,1.9781379699707031,851,88
2171,9037,specialized_enriched,active_fraction,0.005401913076639175,0.0027390371542423964,1.9721941947937012,1.9721941947937012,869,88
2172,5032,specialized_enriched,mean,0.02416241727769375,0.01226138323545456,1.9706110954284668,1.9706110954284668,746,88
2173,15660,base_enriched,active_fraction,-0.0011837538331747055,0.0006014308892190456,-1.9682291746139526,1.9682291746139526,667,88
2174,11480,base_enriched,max,-1.1316258907318115,0.5751789212226868,-1.9674328565597534,1.9674328565597534,791,88
2175,12635,specialized_enriched,active_fraction,0.0020219136495143175,0.0010290835052728653,1.9647712707519531,1.9647712707519531,430,88
2176,2936,base_enriched,active_fraction,-0.002655836520716548,0.0013528314884752035,-1.963168740272522,1.963168740272522,695,88
2177,12759,base_enriched,max,-0.09850563108921051,0.05020079389214516,-1.9622325897216797,1.9622325897216797,160,88
2178,9440,specialized_enriched,mean,0.013704645447432995,0.006984533742070198,1.962141752243042,1.962141752243042,813,88
2179,12161,specialized_enriched,max,0.9865847826004028,0.5030387043952942,1.9612503051757812,1.9612503051757812,867,88
2180,3190,base_enriched,max,-1.052416443824768,0.5370667576789856,-1.9595634937286377,1.9595634937286377,825,88
2181,14727,specialized_enriched,mean,0.027896082028746605,0.014245355501770973,1.958258032798767,1.958258032798767,783,88
2182,12416,base_enriched,max,-0.7084029912948608,0.36197197437286377,-1.9570658206939697,1.9570658206939697,802,88
2183,13830,specialized_enriched,active_fraction,0.0020824610255658627,0.0010650441981852055,1.955281376838684,1.955281376838684,515,88
2184,16109,base_enriched,max,-0.47684410214424133,0.24388621747493744,-1.955190896987915,1.955190896987915,869,88
2185,5870,base_enriched,max,-0.6651685237884521,0.34036263823509216,-1.9542936086654663,1.9542936086654663,851,88
2186,5596,base_enriched,max,-0.41095566749572754,0.21029384434223175,-1.9541972875595093,1.9541972875595093,871,88
2187,1647,specialized_enriched,active_fraction,0.0009633530280552804,0.0004931377479806542,1.9535170793533325,1.9535170793533325,637,88
2188,8637,specialized_enriched,mean,0.017085528001189232,0.008747808635234833,1.9531209468841553,1.9531209468841553,800,88
2189,12347,specialized_enriched,active_fraction,0.003084031865000725,0.0015802879352122545,1.9515632390975952,1.9515632390975952,694,88
2190,12126,base_enriched,mean,-0.03347404673695564,0.017154933884739876,-1.9512780904769897,1.9512780904769897,829,88
2191,8853,specialized_enriched,active_fraction,0.0018672056030482054,0.0009571699774824083,1.950756549835205,1.950756549835205,693,88
2192,3843,specialized_enriched,mean,0.014193343929946423,0.0072797550819814205,1.9497007131576538,1.9497007131576538,529,88
2193,48,specialized_enriched,mean,0.020537832751870155,0.01053384318947792,1.949699878692627,1.949699878692627,869,88
2194,795,specialized_enriched,active_fraction,0.001328038051724434,0.0006815559463575482,1.9485385417938232,1.9485385417938232,341,88
2195,14590,base_enriched,max,-0.6482353806495667,0.3330756425857544,-1.9462107419967651,1.9462107419967651,730,88
2196,5159,base_enriched,max,-0.2745639681816101,0.14108659327030182,-1.946066975593567,1.946066975593567,798,88
2197,1353,specialized_enriched,max,0.5286984443664551,0.2719176411628723,1.9443329572677612,1.9443329572677612,862,88
2198,16270,specialized_enriched,active_fraction,0.0036267568357288837,0.001865582074970007,1.9440349340438843,1.9440349340438843,674,88
2199,15710,base_enriched,max,-0.5736509561538696,0.29514315724372864,-1.9436362981796265,1.9436362981796265,694,88
2200,16028,base_enriched,max,-0.3984011709690094,0.20507603883743286,-1.9426997900009155,1.9426997900009155,407,88
2201,9993,base_enriched,max,-0.11826853454113007,0.0609019435942173,-1.9419500827789307,1.9419500827789307,378,88
2202,2145,specialized_enriched,mean,0.014413212426006794,0.007422715425491333,1.9417707920074463,1.9417707920074463,390,88
2203,4102,base_enriched,max,-1.5846816301345825,0.8163769245147705,-1.941115140914917,1.941115140914917,725,88
2204,6105,specialized_enriched,mean,0.018192904070019722,0.009375359863042831,1.9405019283294678,1.9405019283294678,820,88
2205,14163,specialized_enriched,active_fraction,0.004391355440020561,0.0022654421627521515,1.9384099245071411,1.9384099245071411,748,88
2206,10319,base_enriched,max,-0.5460211038589478,0.2817783057689667,-1.9377684593200684,1.9377684593200684,689,88
2207,2581,specialized_enriched,max,1.5331531763076782,0.7912541031837463,1.9376243352890015,1.9376243352890015,677,88
2208,6440,specialized_enriched,active_fraction,0.004906232934445143,0.002533641876652837,1.9364351034164429,1.9364351034164429,869,88
2209,9997,base_enriched,max,-0.5237645506858826,0.27059364318847656,-1.9356129169464111,1.9356129169464111,702,88
2210,2087,specialized_enriched,mean,0.019479138776659966,0.010067163035273552,1.9349184036254883,1.9349184036254883,795,88
2211,10129,specialized_enriched,mean,0.03472007066011429,0.01795230805873871,1.9340170621871948,1.9340170621871948,728,88
2212,10657,specialized_enriched,active_fraction,0.004788527265191078,0.002476041903719306,1.9339443445205688,1.9339443445205688,761,88
2213,9451,base_enriched,mean,-0.009172909893095493,0.004743705503642559,-1.9337013959884644,1.9337013959884644,528,88
2214,14390,base_enriched,max,-0.1693314015865326,0.08759935945272446,-1.9330209493637085,1.9330209493637085,839,88
2215,8491,base_enriched,max,-0.10138081759214401,0.052448779344558716,-1.9329490661621094,1.9329490661621094,228,88
2216,1615,specialized_enriched,mean,0.03057274967432022,0.015826698392629623,1.9317200183868408,1.9317200183868408,818,88
2217,11404,base_enriched,max,-0.1346338987350464,0.06970160454511642,-1.9315752983093262,1.9315752983093262,453,88
2218,8855,base_enriched,max,-0.8293877243995667,0.42965051531791687,-1.9303776025772095,1.9303776025772095,668,88
2219,6760,base_enriched,active_fraction,-0.0012208361877128482,0.0006324576097540557,-1.9303051233291626,1.9303051233291626,406,88
2220,4905,specialized_enriched,mean,0.022952979430556297,0.011894019320607185,1.9297916889190674,1.9297916889190674,765,88
2221,9501,specialized_enriched,mean,0.029294125735759735,0.015182883478701115,1.9294178485870361,1.9294178485870361,807,88
2222,1568,specialized_enriched,active_fraction,0.010115565732121468,0.005243225023150444,1.9292640686035156,1.9292640686035156,865,88
2223,4573,specialized_enriched,mean,0.009582368656992912,0.004970777314156294,1.927740454673767,1.927740454673767,838,88
2224,9936,base_enriched,max,-0.6064316630363464,0.31469807028770447,-1.9270269870758057,1.9270269870758057,797,88
2225,13318,specialized_enriched,max,1.1695221662521362,0.6069362759590149,1.9269274473190308,1.9269274473190308,430,88
2226,12918,specialized_enriched,mean,0.06723328679800034,0.03489174321293831,1.9269111156463623,1.9269111156463623,856,88
2227,10859,base_enriched,active_fraction,-0.001570333493873477,0.0008153125527314842,-1.9260509014129639,1.9260509014129639,546,88
2228,487,base_enriched,max,-0.274100661277771,0.14231790602207184,-1.9259744882583618,1.9259744882583618,689,88
2229,11096,base_enriched,mean,-0.04791274666786194,0.024885019287467003,-1.9253650903701782,1.9253650903701782,534,88
2230,5288,base_enriched,active_fraction,-0.0013840874889865518,0.0007195879006758332,-1.9234446287155151,1.9234446287155151,825,88
2231,13467,base_enriched,max,-0.6018077731132507,0.3130077123641968,-1.9226611852645874,1.9226611852645874,737,88
2232,4416,specialized_enriched,mean,0.011688534170389175,0.006082054227590561,1.9218069314956665,1.9218069314956665,686,88
2233,4362,base_enriched,max,-0.7375840544700623,0.3840859830379486,-1.9203617572784424,1.9203617572784424,627,88
2234,13252,specialized_enriched,active_fraction,0.0016729488270357251,0.0008715782896615565,1.9194475412368774,1.9194475412368774,831,88
2235,11532,specialized_enriched,mean,0.016828179359436035,0.008768982253968716,1.9190572500228882,1.9190572500228882,720,88
2236,10988,specialized_enriched,mean,0.033556561917066574,0.017496535554528236,1.9178974628448486,1.9178974628448486,871,88
2237,12479,base_enriched,max,-0.4808139503002167,0.2507610619068146,-1.9174187183380127,1.9174187183380127,654,88
2238,9634,base_enriched,max,-1.329769253730774,0.6939857602119446,-1.9161332845687866,1.9161332845687866,606,88
2239,14185,base_enriched,max,-0.2799827456474304,0.14612509310245514,-1.9160484075546265,1.9160484075546265,846,88
2240,11405,base_enriched,max,-1.4158066511154175,0.7390505075454712,-1.9157103300094604,1.9157103300094604,695,88
2241,13582,base_enriched,max,-0.075581394135952,0.03946954384446144,-1.9149295091629028,1.9149295091629028,872,88
2242,15107,specialized_enriched,mean,0.03140190616250038,0.016417838633060455,1.9126698970794678,1.9126698970794678,811,88
2243,9774,base_enriched,max,-0.7066610455513,0.369601845741272,-1.9119521379470825,1.9119521379470825,632,88
2244,10955,specialized_enriched,max,0.26666060090065,0.1395125687122345,1.911373257637024,1.911373257637024,488,88
2245,11246,specialized_enriched,active_fraction,0.007999047636985779,0.004185348283499479,1.9112024307250977,1.9112024307250977,870,88
2246,13017,specialized_enriched,active_fraction,0.004854308906942606,0.0025401718448847532,1.9110159873962402,1.9110159873962402,866,88
2247,14105,base_enriched,max,-0.16388081014156342,0.08582774549722672,-1.9094152450561523,1.9094152450561523,872,88
2248,6045,specialized_enriched,mean,0.01463800948113203,0.007666504476219416,1.9093459844589233,1.9093459844589233,867,88
2249,893,base_enriched,max,-0.38232648372650146,0.20047712326049805,-1.9070827960968018,1.9070827960968018,802,88
2250,13458,specialized_enriched,mean,0.0030613832641392946,0.0016059568151831627,1.906267523765564,1.906267523765564,436,88
2251,524,base_enriched,max,-0.15960891544818878,0.08374106138944626,-1.9059815406799316,1.9059815406799316,386,88
2252,12547,specialized_enriched,active_fraction,0.0008150588837452233,0.0004277966800145805,1.9052482843399048,1.9052482843399048,608,88
2253,6528,base_enriched,max,-0.6179369688034058,0.32441404461860657,-1.9047787189483643,1.9047787189483643,844,88
2254,9388,base_enriched,max,-0.5732365250587463,0.3009924590587616,-1.90448796749115,1.90448796749115,496,88
2255,5238,specialized_enriched,mean,0.04686446860432625,0.024608878418803215,1.9043723344802856,1.9043723344802856,807,88
2256,6906,specialized_enriched,mean,0.01645467057824135,0.008650630712509155,1.9021353721618652,1.9021353721618652,776,88
2257,4868,specialized_enriched,active_fraction,0.0021289116702973843,0.0011192560195922852,1.9020774364471436,1.9020774364471436,708,88
2258,2790,base_enriched,max,-0.2752339243888855,0.14472180604934692,-1.9018137454986572,1.9018137454986572,532,88
2259,3830,base_enriched,max,-0.11929506063461304,0.06274109333753586,-1.9013863801956177,1.9013863801956177,854,88
2260,16340,base_enriched,max,-0.27829307317733765,0.14644108712673187,-1.9003756046295166,1.9003756046295166,449,88
2261,12804,base_enriched,max,-0.4981240928173065,0.262300044298172,-1.899062156677246,1.899062156677246,818,88
2262,7894,specialized_enriched,mean,0.02990603819489479,0.015752732753753662,1.89846670627594,1.89846670627594,696,88
2263,9568,specialized_enriched,mean,0.006761888042092323,0.003563353093340993,1.897619366645813,1.897619366645813,591,88
2264,12228,specialized_enriched,active_fraction,0.0029341764748096466,0.0015496419509872794,1.8934544324874878,1.8934544324874878,746,88
2265,14950,specialized_enriched,active_fraction,0.0029278334695845842,0.0015470904763787985,1.8924771547317505,1.8924771547317505,778,88
2266,3011,base_enriched,max,-0.8150504231452942,0.43073856830596924,-1.8922160863876343,1.8922160863876343,859,88
2267,11654,specialized_enriched,mean,0.03066209703683853,0.016265016049146652,1.885156273841858,1.885156273841858,850,88
2268,12602,base_enriched,mean,-0.011066303588449955,0.0058756014332175255,-1.8834333419799805,1.8834333419799805,670,88
2269,210,specialized_enriched,mean,0.027756700292229652,0.014739948324859142,1.8830934762954712,1.8830934762954712,802,88
2270,14833,specialized_enriched,active_fraction,0.003375723259523511,0.0017930199392139912,1.8827025890350342,1.8827025890350342,743,88
2271,5478,specialized_enriched,mean,0.04046398401260376,0.02150752954185009,1.8813868761062622,1.8813868761062622,774,88
2272,15512,base_enriched,max,-0.35147392749786377,0.18685078620910645,-1.8810406923294067,1.8810406923294067,832,88
2273,12676,base_enriched,max,-0.8016692399978638,0.4267484247684479,-1.8785523176193237,1.8785523176193237,612,88
2274,14375,base_enriched,max,-0.30618301033973694,0.16308696568012238,-1.8774217367172241,1.8774217367172241,735,88
2275,12056,specialized_enriched,mean,0.01889389380812645,0.010067175142467022,1.8767820596694946,1.8767820596694946,835,88
2276,6407,base_enriched,mean,-0.017146708443760872,0.009136688895523548,-1.8766872882843018,1.8766872882843018,633,88
2277,9792,specialized_enriched,active_fraction,0.001618939801119268,0.0008636627462692559,1.874504566192627,1.874504566192627,689,88
2278,545,specialized_enriched,mean,0.02854686975479126,0.01523064635694027,1.8743045330047607,1.8743045330047607,655,88
2279,10111,base_enriched,max,-0.2701830565929413,0.14416925609111786,-1.8740684986114502,1.8740684986114502,706,88
2280,3291,specialized_enriched,active_fraction,0.005623289383947849,0.0030019257683306932,1.8732273578643799,1.8732273578643799,861,88
2281,13305,base_enriched,max,-0.9954397082328796,0.5315890312194824,-1.8725738525390625,1.8725738525390625,439,88
2282,8492,base_enriched,max,-0.1188272163271904,0.06349615007638931,-1.871408224105835,1.871408224105835,121,88
2283,11714,specialized_enriched,active_fraction,0.002851849887520075,0.0015239805215969682,1.8713165521621704,1.8713165521621704,774,88
2284,9109,base_enriched,max,-0.13539017736911774,0.07235982269048691,-1.8710683584213257,1.8710683584213257,576,88
2285,6250,specialized_enriched,mean,0.02842404507100582,0.015193293802440166,1.87082839012146,1.87082839012146,870,88
2286,13492,specialized_enriched,max,0.43479740619659424,0.23246608674526215,1.8703691959381104,1.8703691959381104,572,88
2287,4065,base_enriched,max,-1.5262264013290405,0.8162360787391663,-1.869834542274475,1.869834542274475,736,88
2288,8462,specialized_enriched,active_fraction,0.0015637862961739302,0.0008363632368855178,1.8697453737258911,1.8697453737258911,746,88
2289,2297,specialized_enriched,active_fraction,0.002737959148362279,0.0014647799544036388,1.8691948652267456,1.8691948652267456,756,88
2290,27,specialized_enriched,active_fraction,0.009209255687892437,0.004926938097923994,1.8691641092300415,1.8691641092300415,822,88
2291,11412,base_enriched,active_fraction,-0.0009006411419250071,0.00048200422315858305,-1.868533730506897,1.868533730506897,472,88
2292,2903,specialized_enriched,active_fraction,0.0009899759897962213,0.000529857468791306,1.8683817386627197,1.8683817386627197,814,88
2293,10356,specialized_enriched,active_fraction,0.006753602065145969,0.003617234993726015,1.867061972618103,1.867061972618103,832,88
2294,227,base_enriched,active_fraction,-0.0015823186840862036,0.0008479062817059457,-1.8661481142044067,1.8661481142044067,411,88
2295,8907,specialized_enriched,active_fraction,0.005285875406116247,0.002832777099683881,1.8659694194793701,1.8659694194793701,836,88
2296,12967,specialized_enriched,max,0.7082281112670898,0.3795545995235443,1.8659452199935913,1.8659452199935913,682,88
2297,2939,base_enriched,max,-0.2223791778087616,0.11918707937002182,-1.8657994270324707,1.8657994270324707,787,88
2298,5074,base_enriched,max,-0.3037836253643036,0.1629183143377304,-1.8646376132965088,1.8646376132965088,520,88
2299,5586,specialized_enriched,mean,0.013220268301665783,0.007090216036885977,1.8645790815353394,1.8645790815353394,577,88
2300,11454,base_enriched,max,-0.3671875,0.19695499539375305,-1.8643218278884888,1.8643218278884888,869,88
2301,8449,base_enriched,mean,-0.018647026270627975,0.010004253126680851,-1.8639098405838013,1.8639098405838013,670,88
2302,8970,specialized_enriched,active_fraction,0.0041513931937515736,0.0022272930946201086,1.8638737201690674,1.8638737201690674,619,88
2303,7488,specialized_enriched,active_fraction,0.002065720735117793,0.0011083814315497875,1.863727331161499,1.863727331161499,730,88
2304,5568,base_enriched,mean,-0.014392843469977379,0.00772353308275342,-1.8635051250457764,1.8635051250457764,805,88
2305,4208,base_enriched,mean,-0.00957162119448185,0.005143852438777685,-1.8607884645462036,1.8607884645462036,450,88
2306,15976,specialized_enriched,mean,0.016540048643946648,0.008893469348549843,1.8597971200942993,1.8597971200942993,862,88
2307,11032,specialized_enriched,active_fraction,0.004123758524656296,0.0022182443644851446,1.8590190410614014,1.8590190410614014,867,88
2308,11880,base_enriched,max,-0.15984056890010834,0.08603589981794357,-1.8578357696533203,1.8578357696533203,491,88
2309,4624,specialized_enriched,mean,0.014472518116235733,0.007790311239659786,1.857758641242981,1.857758641242981,868,88
2310,13549,base_enriched,max,-0.41167786717414856,0.22177807986736298,-1.8562604188919067,1.8562604188919067,93,88
2311,15944,base_enriched,max,-0.14961165189743042,0.08061186224222183,-1.8559508323669434,1.8559508323669434,536,88
2312,1038,base_enriched,max,-0.1669195145368576,0.09004601091146469,-1.8537136316299438,1.8537136316299438,520,88
2313,5371,base_enriched,max,-0.16396483778953552,0.08853789418935776,-1.851917028427124,1.851917028427124,381,88
2314,6301,specialized_enriched,mean,0.011582068167626858,0.006254934705793858,1.8516689538955688,1.8516689538955688,584,88
2315,9559,base_enriched,max,-0.9404308199882507,0.5080782771110535,-1.8509565591812134,1.8509565591812134,793,88
2316,4178,specialized_enriched,active_fraction,0.0024512445088475943,0.001324413693509996,1.8508148193359375,1.8508148193359375,693,88
2317,776,specialized_enriched,active_fraction,0.0026762320194393396,0.0014463135739788413,1.85038161277771,1.85038161277771,601,88
2318,8294,specialized_enriched,active_fraction,0.0016296919202432036,0.0008818496135063469,1.8480383157730103,1.8480383157730103,535,88
2319,1642,specialized_enriched,active_fraction,0.002106928266584873,0.0011405135737732053,1.8473504781723022,1.8473504781723022,522,88
2320,8078,base_enriched,max,-0.8346225619316101,0.45192039012908936,-1.8468353748321533,1.8468353748321533,688,88
2321,6222,base_enriched,max,-0.3632562756538391,0.19672222435474396,-1.8465441465377808,1.8465441465377808,791,88
2322,14791,base_enriched,active_fraction,-0.001051632221788168,0.000569647119846195,-1.84611177444458,1.84611177444458,337,88
2323,6879,specialized_enriched,active_fraction,0.004601048305630684,0.002497046487405896,1.842596173286438,1.842596173286438,616,88
2324,15593,specialized_enriched,mean,0.011624358594417572,0.0063126045279204845,1.8414520025253296,1.8414520025253296,871,88
2325,2210,specialized_enriched,active_fraction,0.004512697923928499,0.0024512414820492268,1.8409847021102905,1.8409847021102905,828,88
2326,1046,specialized_enriched,active_fraction,0.0058210063725709915,0.003165115136653185,1.8391135931015015,1.8391135931015015,849,88
2327,13811,specialized_enriched,mean,0.012088833376765251,0.006574837025254965,1.838651418685913,1.838651418685913,781,88
2328,8771,specialized_enriched,mean,0.015025151893496513,0.00817194301635027,1.8386266231536865,1.8386266231536865,871,88
2329,10297,base_enriched,max,-0.6445721387863159,0.3505910336971283,-1.8385300636291504,1.8385300636291504,385,88
2330,12433,specialized_enriched,mean,0.029888907447457314,0.016268642619252205,1.837209701538086,1.837209701538086,822,88
2331,6006,base_enriched,mean,-0.028077365830540657,0.01529760379344225,-1.83540940284729,1.83540940284729,719,88
2332,14022,base_enriched,max,-1.1331509351730347,0.6174203753471375,-1.8352988958358765,1.8352988958358765,732,88
2333,158,specialized_enriched,mean,0.013548544608056545,0.0073829516768455505,1.83511221408844,1.83511221408844,868,88
2334,14938,base_enriched,max,-0.30454668402671814,0.1660228818655014,-1.834365725517273,1.834365725517273,841,88
2335,1823,base_enriched,max,-0.8092432618141174,0.44178497791290283,-1.8317582607269287,1.8317582607269287,749,88
2336,5439,base_enriched,max,-1.3933411836624146,0.7609320282936096,-1.8310980796813965,1.8310980796813965,856,88
2337,15172,specialized_enriched,active_fraction,0.006955887656658888,0.003800059901550412,1.830467939376831,1.830467939376831,704,88
2338,12357,specialized_enriched,mean,0.01890128292143345,0.01033178810030222,1.8294299840927124,1.8294299840927124,778,88
2339,768,base_enriched,max,-0.26028114557266235,0.14239613711833954,-1.8278666734695435,1.8278666734695435,665,88
2340,515,base_enriched,mean,-0.007527098525315523,0.004118143115192652,-1.8277894258499146,1.8277894258499146,193,88
2341,1089,base_enriched,max,-0.35914790630340576,0.1967533677816391,-1.8253710269927979,1.8253710269927979,858,88
2342,5321,specialized_enriched,mean,0.01885073445737362,0.010333776473999023,1.8241864442825317,1.8241864442825317,584,88
2343,37,base_enriched,active_fraction,-0.0022297704126685858,0.0012224415550008416,-1.8240302801132202,1.8240302801132202,676,88
2344,16205,specialized_enriched,mean,0.018840327858924866,0.01034534815698862,1.8211400508880615,1.8211400508880615,835,88
2345,283,base_enriched,max,-0.6185535788536072,0.33990272879600525,-1.819795846939087,1.819795846939087,670,88
2346,13615,specialized_enriched,max,0.548884928226471,0.3022005259990692,1.816293716430664,1.816293716430664,840,88
2347,5410,specialized_enriched,mean,0.012202426791191101,0.006720399018377066,1.8157294988632202,1.8157294988632202,525,88
2348,4464,specialized_enriched,active_fraction,0.0032236319966614246,0.0017782017821446061,1.8128606081008911,1.8128606081008911,637,88
2349,4658,specialized_enriched,active_fraction,0.0032348986715078354,0.0017844552639871836,1.812821388244629,1.812821388244629,869,88
2350,5665,base_enriched,active_fraction,-0.003309640334919095,0.001826753024943173,-1.8117612600326538,1.8117612600326538,743,88
2351,13690,specialized_enriched,active_fraction,0.0018759705126285553,0.0010358837898820639,1.8109854459762573,1.8109854459762573,720,88
2352,9140,specialized_enriched,active_fraction,0.001874338136985898,0.0010357241844758391,1.8096884489059448,1.8096884489059448,598,88
2353,3073,specialized_enriched,mean,0.02082088403403759,0.011509310454130173,1.809046983718872,1.809046983718872,842,88
2354,8316,specialized_enriched,active_fraction,0.005087200552225113,0.0028123350348323584,1.808888554573059,1.808888554573059,837,88
2355,1872,base_enriched,mean,-0.025033414363861084,0.013844060711562634,-1.8082422018051147,1.8082422018051147,820,88
2356,2884,specialized_enriched,mean,0.015968726947903633,0.008836326189339161,1.8071681261062622,1.8071681261062622,870,88
2357,15746,base_enriched,mean,-0.03918200731277466,0.021718621253967285,-1.8040742874145508,1.8040742874145508,787,88
2358,4052,specialized_enriched,mean,0.024435242637991905,0.013547368347644806,1.8036892414093018,1.8036892414093018,771,88
2359,1112,specialized_enriched,mean,0.012102987617254257,0.00671092513948679,1.803475260734558,1.803475260734558,692,88
2360,14391,specialized_enriched,active_fraction,0.005275522358715534,0.002925844630226493,1.8030767440795898,1.8030767440795898,823,88
2361,1079,specialized_enriched,active_fraction,0.0017966160085052252,0.00099749315995723,1.8011311292648315,1.8011311292648315,687,88
2362,13317,base_enriched,max,-0.17242233455181122,0.09583140909671783,-1.7992256879806519,1.7992256879806519,471,88
2363,11247,base_enriched,max,-0.745466947555542,0.41474026441574097,-1.7974308729171753,1.7974308729171753,698,88
2364,4436,base_enriched,mean,-0.013799219392240047,0.0076782251708209515,-1.797188639640808,1.797188639640808,833,88
2365,7057,specialized_enriched,active_fraction,0.003105305600911379,0.0017281868495047092,1.7968575954437256,1.7968575954437256,867,88
2366,15175,specialized_enriched,mean,0.02372162416577339,0.013204892165958881,1.7964268922805786,1.7964268922805786,757,88
2367,15716,specialized_enriched,mean,0.011553866788744926,0.00643962575122714,1.7941830158233643,1.7941830158233643,327,88
2368,15246,specialized_enriched,mean,0.012873840518295765,0.00717683881521225,1.7938038110733032,1.7938038110733032,578,88
2369,2111,specialized_enriched,mean,0.034985970705747604,0.019508425146341324,1.7933775186538696,1.7933775186538696,780,88
2370,5649,base_enriched,max,-0.7157203555107117,0.3991330564022064,-1.7931873798370361,1.7931873798370361,514,88
2371,8688,base_enriched,max,-1.0185058116912842,0.5680263638496399,-1.7930607795715332,1.7930607795715332,560,88
2372,9454,base_enriched,max,-0.41604286432266235,0.2320840209722519,-1.7926390171051025,1.7926390171051025,832,88
2373,4224,specialized_enriched,max,1.7888444662094116,0.9982050657272339,1.7920610904693604,1.7920610904693604,841,88
2374,1343,base_enriched,max,-0.5719976425170898,0.31922781467437744,-1.7918164730072021,1.7918164730072021,715,88
2375,12581,base_enriched,max,-0.6480786800384521,0.36175838112831116,-1.7914682626724243,1.7914682626724243,567,88
2376,11852,specialized_enriched,active_fraction,0.004306260962039232,0.0024040592834353447,1.791245698928833,1.791245698928833,844,88
2377,4446,specialized_enriched,active_fraction,0.006636774633079767,0.0037052039988338947,1.7912036180496216,1.7912036180496216,865,88
2378,16299,specialized_enriched,active_fraction,0.004914465826004744,0.0027442392893135548,1.7908298969268799,1.7908298969268799,855,88
2379,9945,base_enriched,max,-0.37075990438461304,0.20741502940654755,-1.7875267267227173,1.7875267267227173,850,88
2380,10463,specialized_enriched,mean,0.017460353672504425,0.009770768694579601,1.786998987197876,1.786998987197876,675,88
2381,7029,base_enriched,max,-0.5503815412521362,0.3080539405345917,-1.7866401672363281,1.7866401672363281,626,88
2382,14183,base_enriched,mean,-0.025080250576138496,0.014040330424904823,-1.786300539970398,1.786300539970398,872,88
2383,10184,base_enriched,max,-0.43763625621795654,0.2450709044933319,-1.785753607749939,1.785753607749939,420,88
2384,2783,specialized_enriched,active_fraction,0.0029931534081697464,0.0016765942564234138,1.7852580547332764,1.7852580547332764,687,88
2385,4060,specialized_enriched,mean,0.022227970883250237,0.012453324161469936,1.784902572631836,1.784902572631836,605,88
2386,622,base_enriched,max,-0.18412290513515472,0.10320758819580078,-1.7840055227279663,1.7840055227279663,243,88
2387,5921,base_enriched,max,-1.1450172662734985,0.6419659852981567,-1.783610463142395,1.783610463142395,798,88
2388,7797,specialized_enriched,max,0.5724337100982666,0.3209586441516876,1.7835123538970947,1.7835123538970947,795,88
2389,5563,base_enriched,max,-0.33102062344551086,0.18562141060829163,-1.7833105325698853,1.7833105325698853,869,88
2390,12030,base_enriched,active_fraction,-0.0024080320727080107,0.0013507689582183957,-1.7827119827270508,1.7827119827270508,742,88
2391,4358,base_enriched,mean,-0.018742911517620087,0.010517462156713009,-1.7820755243301392,1.7820755243301392,723,88
2392,557,base_enriched,max,-0.20917968451976776,0.11746802181005478,-1.780737280845642,1.780737280845642,605,88
2393,10444,base_enriched,max,-0.8921511769294739,0.5012602806091309,-1.7798162698745728,1.7798162698745728,820,88
2394,13780,base_enriched,active_fraction,-0.0033930756617337465,0.0019073421135544777,-1.7789549827575684,1.7789549827575684,641,88
2395,5836,specialized_enriched,mean,0.0031882307957857847,0.0017929031746461987,1.7782504558563232,1.7782504558563232,425,88
2396,860,base_enriched,max,-0.4339979887008667,0.2442784607410431,-1.7766526937484741,1.7766526937484741,748,88
2397,4994,base_enriched,max,-0.19903706014156342,0.11216966807842255,-1.7744284868240356,1.7744284868240356,872,88
2398,3366,base_enriched,max,-0.2888376712799072,0.16280663013458252,-1.774114966392517,1.774114966392517,665,88
2399,13278,specialized_enriched,max,0.21337890625,0.12029056251049042,1.773862361907959,1.773862361907959,374,88
2400,2977,base_enriched,max,-0.9975880980491638,0.5629432797431946,-1.772093415260315,1.772093415260315,767,88
2401,11458,specialized_enriched,mean,0.010395769029855728,0.005875301547348499,1.7694017887115479,1.7694017887115479,620,88
2402,8912,specialized_enriched,mean,0.01607445999979973,0.009087652899324894,1.7688241004943848,1.7688241004943848,643,88
2403,3922,base_enriched,max,-0.24932321906089783,0.1410333663225174,-1.7678314447402954,1.7678314447402954,866,88
2404,604,base_enriched,active_fraction,-0.004210582934319973,0.002382115228101611,-1.767581582069397,1.767581582069397,702,88
2405,4014,base_enriched,max,-0.1472747027873993,0.08335079997777939,-1.7669260501861572,1.7669260501861572,374,88
2406,6243,specialized_enriched,active_fraction,0.0021563242189586163,0.001220883335918188,1.766200065612793,1.766200065612793,830,88
2407,899,base_enriched,mean,-0.013792037963867188,0.007810600101947784,-1.765810251235962,1.765810251235962,806,88
2408,14843,base_enriched,active_fraction,-0.005512938369065523,0.003122537164017558,-1.7655316591262817,1.7655316591262817,704,88
2409,1777,base_enriched,max,-0.4338458478450775,0.2457417994737625,-1.7654540538787842,1.7654540538787842,662,88
2410,1274,specialized_enriched,max,0.5648119449615479,0.3199911117553711,1.7650864124298096,1.7650864124298096,656,88
2411,2093,specialized_enriched,mean,0.025008507072925568,0.014173426665365696,1.7644643783569336,1.7644643783569336,809,88
2412,10186,base_enriched,max,-0.4196379780769348,0.23790505528450012,-1.7638884782791138,1.7638884782791138,656,88
2413,7279,specialized_enriched,active_fraction,0.0026231100782752037,0.001487259054556489,1.763720989227295,1.763720989227295,865,88
2414,13162,base_enriched,max,-0.40202808380126953,0.2279960662126541,-1.763311505317688,1.763311505317688,636,88
2415,10841,base_enriched,max,-0.3288381099700928,0.18649007380008698,-1.763300895690918,1.763300895690918,481,88
2416,16239,base_enriched,active_fraction,-0.0029812923166900873,0.0016935368767008185,-1.7603940963745117,1.7603940963745117,798,88
2417,16289,base_enriched,mean,-0.01977146975696087,0.011237130500376225,-1.7594767808914185,1.7594767808914185,566,88
2418,971,base_enriched,max,-0.6376555562019348,0.36245203018188477,-1.7592825889587402,1.7592825889587402,346,88
2419,11703,base_enriched,max,-0.9871411919593811,0.5620156526565552,-1.7564300298690796,1.7564300298690796,649,88
2420,14075,specialized_enriched,active_fraction,0.0008131515351124108,0.0004632484633475542,1.7553248405456543,1.7553248405456543,496,88
2421,2327,base_enriched,active_fraction,-0.002768237143754959,0.0015790254110470414,-1.7531301975250244,1.7531301975250244,797,88
2422,2257,base_enriched,mean,-0.0067259278148412704,0.0038376336451619864,-1.7526236772537231,1.7526236772537231,579,88
2423,10427,specialized_enriched,active_fraction,0.0025956265162676573,0.0014825125690549612,1.7508293390274048,1.7508293390274048,806,88
2424,10159,base_enriched,active_fraction,-0.005977692548185587,0.0034148111008107662,-1.7505192756652832,1.7505192756652832,673,88
2425,26,base_enriched,max,-0.6342478394508362,0.3623587191104889,-1.7503314018249512,1.7503314018249512,635,88
2426,1614,base_enriched,max,-0.7152116894721985,0.4086768329143524,-1.7500666379928589,1.7500666379928589,823,88
2427,15367,base_enriched,max,-0.1872047632932663,0.10714109987020493,-1.7472730875015259,1.7472730875015259,840,88
2428,13307,specialized_enriched,max,0.9145575761795044,0.5236340761184692,1.7465585470199585,1.7465585470199585,773,88
2429,8371,base_enriched,max,-0.6359443068504333,0.36432525515556335,-1.7455400228500366,1.7455400228500366,574,88
2430,15646,specialized_enriched,max,0.5735510587692261,0.32875245809555054,1.74462890625,1.74462890625,696,88
2431,14598,specialized_enriched,active_fraction,0.0013457364402711391,0.0007714713574387133,1.7443764209747314,1.7443764209747314,589,88
2432,6242,base_enriched,max,-0.2886173725128174,0.16566349565982819,-1.7421904802322388,1.7421904802322388,724,88
2433,1637,base_enriched,active_fraction,-0.0021521190647035837,0.0012353933416306973,-1.7420517206192017,1.7420517206192017,524,88
2434,11424,specialized_enriched,active_fraction,0.0027411705814301968,0.0015753057086840272,1.7400879859924316,1.7400879859924316,636,88
2435,13565,base_enriched,max,-0.36922693252563477,0.21219538152217865,-1.7400327920913696,1.7400327920913696,871,88
2436,2005,base_enriched,max,-0.8508425951004028,0.48903688788414,-1.739833116531372,1.739833116531372,849,88
2437,1988,specialized_enriched,active_fraction,0.00585264153778553,0.003364511299878359,1.7395219802856445,1.7395219802856445,222,88
2438,15006,base_enriched,mean,-0.03672698140144348,0.021127888932824135,-1.738317608833313,1.738317608833313,858,88
2439,13240,specialized_enriched,max,0.29910972714424133,0.17244049906730652,1.7345677614212036,1.7345677614212036,749,88
2440,8054,specialized_enriched,mean,0.006476548500359058,0.0037400703877210617,1.7316648960113525,1.7316648960113525,533,88
2441,989,specialized_enriched,active_fraction,0.0012822883436456323,0.0007405141950584948,1.731618881225586,1.731618881225586,608,88
2442,14737,specialized_enriched,mean,0.02165798842906952,0.012508959509432316,1.731398105621338,1.731398105621338,635,88
2443,15049,base_enriched,max,-0.5459074974060059,0.3154408633708954,-1.7306175231933594,1.7306175231933594,658,88
2444,6335,specialized_enriched,mean,0.01830323599278927,0.01057623140513897,1.7306009531021118,1.7306009531021118,451,88
2445,4580,base_enriched,active_fraction,-0.0009294465417042375,0.0005371930310502648,-1.7301909923553467,1.7301909923553467,497,88
2446,14147,base_enriched,active_fraction,-0.00705745629966259,0.0040790908969938755,-1.7301541566848755,1.7301541566848755,686,88
2447,6304,specialized_enriched,mean,0.04298531264066696,0.02485865354537964,1.7291890382766724,1.7291890382766724,787,88
2448,3239,base_enriched,max,-0.16942904889583588,0.09800704568624496,-1.728743553161621,1.728743553161621,492,88
2449,5671,base_enriched,max,-0.25019532442092896,0.14474736154079437,-1.7284966707229614,1.7284966707229614,365,88
2450,11739,specialized_enriched,mean,0.021495340391993523,0.012437147088348866,1.7283176183700562,1.7283176183700562,809,88
2451,13186,specialized_enriched,active_fraction,0.003464028937742114,0.002004461595788598,1.7281593084335327,1.7281593084335327,613,88
2452,16095,base_enriched,max,-0.7217796444892883,0.41809579730033875,-1.726349949836731,1.726349949836731,810,88
2453,9759,specialized_enriched,active_fraction,0.002485727658495307,0.0014399460051208735,1.726264476776123,1.726264476776123,452,88
2454,14228,base_enriched,max,-0.4629633128643036,0.2682933509349823,-1.725586175918579,1.725586175918579,854,88
2455,9720,specialized_enriched,active_fraction,0.0046792407520115376,0.002713278168812394,1.7245709896087646,1.7245709896087646,725,88
2456,3668,specialized_enriched,mean,0.006713018752634525,0.0039045156445354223,1.7192962169647217,1.7192962169647217,605,88
2457,11528,base_enriched,max,-0.5859352350234985,0.3408185839653015,-1.719199776649475,1.719199776649475,851,88
2458,3183,base_enriched,max,-0.6397233605384827,0.37218916416168213,-1.7188124656677246,1.7188124656677246,622,88
2459,3492,specialized_enriched,mean,0.01129279937595129,0.006587204523384571,1.7143537998199463,1.7143537998199463,862,88
2460,4468,base_enriched,max,-0.20760810375213623,0.12113982439041138,-1.7137889862060547,1.7137889862060547,415,88
2461,7318,base_enriched,max,-0.4724155068397522,0.2759542763233185,-1.711933970451355,1.711933970451355,676,88
2462,2291,specialized_enriched,active_fraction,0.004346315283328295,0.002539296168833971,1.7116219997406006,1.7116219997406006,793,88
2463,7834,specialized_enriched,max,0.6663858294487,0.38954076170921326,1.7106959819793701,1.7106959819793701,823,88
2464,9609,specialized_enriched,mean,0.012854048050940037,0.007515378296375275,1.710366129875183,1.710366129875183,830,88
2465,2423,specialized_enriched,active_fraction,0.0007981145172379911,0.00046746115549467504,1.7073386907577515,1.7073386907577515,804,88
2466,2092,base_enriched,max,-0.5639693737030029,0.3306272327899933,-1.7057559490203857,1.7057559490203857,475,88
2467,10182,specialized_enriched,mean,0.01807771809399128,0.010600080713629723,1.7054321765899658,1.7054321765899658,818,88
2468,15278,base_enriched,max,-0.13666197657585144,0.0801621526479721,-1.7048192024230957,1.7048192024230957,305,88
2469,11224,specialized_enriched,active_fraction,0.004284676630049944,0.0025138971395790577,1.70439612865448,1.70439612865448,617,88
2470,2588,base_enriched,max,-0.5801984667778015,0.3404256999492645,-1.7043321132659912,1.7043321132659912,613,88
2471,9940,specialized_enriched,mean,0.024587862193584442,0.014427515678107738,1.704234004020691,1.704234004020691,847,88
2472,6491,specialized_enriched,active_fraction,0.005987327080219984,0.0035153664648532867,1.7031872272491455,1.7031872272491455,740,88
2473,5407,specialized_enriched,active_fraction,0.002839314751327038,0.0016712166834622622,1.6989506483078003,1.6989506483078003,864,88
2474,6155,base_enriched,max,-0.17865188419818878,0.10522409528493881,-1.69782292842865,1.69782292842865,532,88
2475,151,specialized_enriched,active_fraction,0.005642922129482031,0.003329650266095996,1.6947492361068726,1.6947492361068726,845,88
2476,11531,specialized_enriched,mean,0.021318603307008743,0.01259250845760107,1.692959189414978,1.692959189414978,812,88
2477,4995,base_enriched,max,-0.4107103943824768,0.24269765615463257,-1.6922718286514282,1.6922718286514282,867,88
2478,2818,specialized_enriched,active_fraction,0.0032304541673511267,0.0019092671573162079,1.6919864416122437,1.6919864416122437,866,88
2479,454,specialized_enriched,mean,0.00635702908039093,0.0037575752940028906,1.691790223121643,1.691790223121643,470,88
2480,9806,base_enriched,max,-0.20960892736911774,0.12393435090780258,-1.691290020942688,1.691290020942688,559,88
2481,1502,base_enriched,max,-0.12788426876068115,0.07565642893314362,-1.6903291940689087,1.6903291940689087,159,88
2482,6655,base_enriched,max,-0.21950854361057281,0.1298946887254715,-1.6898962259292603,1.6898962259292603,465,88
2483,1653,base_enriched,max,-0.25909337401390076,0.15359066426753998,-1.6869083642959595,1.6869083642959595,872,88
2484,14570,base_enriched,max,-0.38063567876815796,0.2256486713886261,-1.686850905418396,1.686850905418396,645,88
2485,15137,base_enriched,max,-0.22336255013942719,0.13243162631988525,-1.6866254806518555,1.6866254806518555,687,88
2486,9484,specialized_enriched,mean,0.016646699979901314,0.009873301722109318,1.686031699180603,1.686031699180603,854,88
2487,10235,base_enriched,max,-0.32903343439102173,0.19524548947811127,-1.6852294206619263,1.6852294206619263,646,88
2488,16108,base_enriched,max,-0.45985648036003113,0.2730032503604889,-1.6844359636306763,1.6844359636306763,807,88
2489,1537,base_enriched,max,-0.21223200857639313,0.12599997222423553,-1.684381365776062,1.684381365776062,781,88
2490,3534,specialized_enriched,mean,0.03160389885306358,0.018765700981020927,1.6841310262680054,1.6841310262680054,871,88
2491,8783,base_enriched,max,-0.4082508087158203,0.24255450069904327,-1.6831302642822266,1.6831302642822266,791,88
2492,5378,base_enriched,max,-0.5593409538269043,0.33242693543434143,-1.6825981140136719,1.6825981140136719,847,88
2493,3560,base_enriched,max,-0.3894667625427246,0.23149795830249786,-1.6823766231536865,1.6823766231536865,526,88
2494,6171,specialized_enriched,max,1.6930278539657593,1.007453203201294,1.6805027723312378,1.6805027723312378,789,88
2495,4303,specialized_enriched,mean,0.01446314062923193,0.008616002276539803,1.6786370277404785,1.6786370277404785,789,88
2496,6676,base_enriched,max,-0.10226653516292572,0.06094973906874657,-1.6778830289840698,1.6778830289840698,97,88
2497,6200,base_enriched,max,-0.2405364215373993,0.14335936307907104,-1.6778563261032104,1.6778563261032104,578,88
2498,5239,base_enriched,max,-0.2553642690181732,0.15225598216056824,-1.6772035360336304,1.6772035360336304,676,88
2499,9297,base_enriched,max,-0.07648982852697372,0.0456128865480423,-1.6769345998764038,1.6769345998764038,169,88
2500,8351,base_enriched,active_fraction,-0.0040712845511734486,0.00242826109752059,-1.6766254901885986,1.6766254901885986,768,88
2501,14502,base_enriched,active_fraction,-0.007308241445571184,0.0043597095645964146,-1.676313877105713,1.676313877105713,799,88
2502,15806,base_enriched,max,-0.9233693480491638,0.5511881113052368,-1.6752345561981201,1.6752345561981201,676,88
2503,2203,specialized_enriched,active_fraction,0.0017715010326355696,0.0010576605563983321,1.6749240159988403,1.6749240159988403,795,88
2504,8266,base_enriched,max,-0.3328874409198761,0.1988110989332199,-1.6743906736373901,1.6743906736373901,865,88
2505,10552,specialized_enriched,mean,0.002337611047551036,0.0013979349751025438,1.672188639640808,1.672188639640808,184,88
2506,8361,base_enriched,max,-0.4281386137008667,0.2560543417930603,-1.672061562538147,1.672061562538147,744,88
2507,12684,specialized_enriched,max,0.09369095414876938,0.05617951601743698,1.6677067279815674,1.6677067279815674,354,88
2508,3203,base_enriched,active_fraction,-0.0027319618966430426,0.00163912249263376,-1.6667221784591675,1.6667221784591675,810,88
2509,942,specialized_enriched,mean,0.011517777107656002,0.006913522724062204,1.6659780740737915,1.6659780740737915,362,88
2510,5003,specialized_enriched,active_fraction,0.001325917779468,0.0007965778931975365,1.6645174026489258,1.6645174026489258,421,88
2511,14496,base_enriched,max,-0.41662880778312683,0.2503558099269867,-1.6641467809677124,1.6641467809677124,829,88
2512,15753,specialized_enriched,active_fraction,0.002846145536750555,0.0017118901014328003,1.6625748872756958,1.6625748872756958,635,88
2513,541,specialized_enriched,mean,0.03462984040379524,0.02083168737590313,1.6623636484146118,1.6623636484146118,869,88
2514,11623,base_enriched,max,-0.15062227845191956,0.09060773998498917,-1.6623555421829224,1.6623555421829224,512,88
2515,11004,base_enriched,max,-0.16556595265865326,0.09966905415058136,-1.6611570119857788,1.6611570119857788,819,88
2516,8293,specialized_enriched,active_fraction,0.0027687340043485165,0.0016672494821250439,1.660659670829773,1.660659670829773,810,88
2517,4960,base_enriched,active_fraction,-0.0014137268299236894,0.0008515924564562738,-1.6600978374481201,1.6600978374481201,682,88
2518,14217,specialized_enriched,active_fraction,0.0064086648635566235,0.003861603094264865,1.6595866680145264,1.6595866680145264,565,88
2519,7411,base_enriched,max,-0.8134697675704956,0.4904213547706604,-1.658716082572937,1.658716082572937,832,88
2520,12965,base_enriched,active_fraction,-0.002843457506969571,0.0017150344792753458,-1.6579593420028687,1.6579593420028687,663,88
2521,3550,base_enriched,mean,-0.012245479971170425,0.007386412471532822,-1.6578385829925537,1.6578385829925537,723,88
2522,14655,specialized_enriched,mean,0.016304507851600647,0.009837177582085133,1.6574375629425049,1.6574375629425049,715,88
2523,11675,specialized_enriched,active_fraction,0.0024954595137387514,0.0015061834128573537,1.6568098068237305,1.6568098068237305,802,88
2524,5963,specialized_enriched,mean,0.01923036389052868,0.011608760803937912,1.6565388441085815,1.6565388441085815,708,88
2525,10810,specialized_enriched,active_fraction,0.0025525116361677647,0.0015409126644954085,1.6564934253692627,1.6564934253692627,722,88
2526,11785,specialized_enriched,active_fraction,0.0034412206150591373,0.0020779587794095278,1.6560581922531128,1.6560581922531128,659,88
2527,9179,base_enriched,max,-0.4756994843482971,0.2878432273864746,-1.6526339054107666,1.6526339054107666,869,88
2528,5778,specialized_enriched,active_fraction,0.001974265556782484,0.001195398042909801,1.6515549421310425,1.6515549421310425,871,88
2529,12936,base_enriched,max,-0.2789607644081116,0.16903677582740784,-1.6502963304519653,1.6502963304519653,514,88
2530,11191,specialized_enriched,mean,0.01732867956161499,0.010501193813979626,1.6501628160476685,1.6501628160476685,578,88
2531,6249,specialized_enriched,active_fraction,0.005510995630174875,0.0033414645586162806,1.649275541305542,1.649275541305542,773,88
2532,4528,base_enriched,max,-1.129462718963623,0.684825599193573,-1.6492705345153809,1.6492705345153809,814,88
2533,5938,base_enriched,max,-0.43320539593696594,0.2627014219760895,-1.649040937423706,1.649040937423706,674,88
2534,15447,specialized_enriched,active_fraction,0.001845940831117332,0.0011201252928003669,1.6479771137237549,1.6479771137237549,494,88
2535,4322,specialized_enriched,mean,0.020506633445620537,0.012451110407710075,1.6469722986221313,1.6469722986221313,809,88
2536,4787,specialized_enriched,active_fraction,0.0036212478298693895,0.0022018502932041883,1.6446385383605957,1.6446385383605957,756,88
2537,11472,base_enriched,max,-0.399239182472229,0.2429358959197998,-1.6433931589126587,1.6433931589126587,617,88
2538,8163,specialized_enriched,mean,0.026966724544763565,0.016414044424891472,1.642905592918396,1.642905592918396,603,88
2539,9744,base_enriched,max,-0.39037516713142395,0.23763057589530945,-1.6427817344665527,1.6427817344665527,553,88
2540,1686,base_enriched,max,-0.8564680218696594,0.5217058658599854,-1.6416683197021484,1.6416683197021484,823,88
2541,1661,base_enriched,max,-0.5876771211624146,0.35834890604019165,-1.6399579048156738,1.6399579048156738,865,88
2542,11813,base_enriched,max,-0.8922669887542725,0.5443264842033386,-1.6392128467559814,1.6392128467559814,478,88
2543,6340,specialized_enriched,mean,0.019119445234537125,0.011677049100399017,1.637352466583252,1.637352466583252,567,88
2544,12423,base_enriched,active_fraction,-0.001022480777464807,0.0006245895638130605,-1.6370443105697632,1.6370443105697632,264,88
2545,10845,specialized_enriched,mean,0.025910833850502968,0.015836244449019432,1.636172890663147,1.636172890663147,838,88
2546,8034,base_enriched,max,-0.6478084325790405,0.3966897130012512,-1.633035659790039,1.633035659790039,867,88
2547,5417,base_enriched,max,-0.5314646363258362,0.325497031211853,-1.6327787637710571,1.6327787637710571,601,88
2548,10574,specialized_enriched,max,0.2550871968269348,0.15629898011684418,1.6320464611053467,1.6320464611053467,827,88
2549,14402,base_enriched,max,-0.19582577049732208,0.1200171709060669,-1.6316479444503784,1.6316479444503784,356,88
2550,3152,base_enriched,max,-0.12895166873931885,0.07908852398395538,-1.6304725408554077,1.6304725408554077,405,88
2551,13198,base_enriched,max,-0.32657158374786377,0.20031480491161346,-1.6302918195724487,1.6302918195724487,588,88
2552,8917,base_enriched,max,-1.2707133293151855,0.7804419994354248,-1.6281969547271729,1.6281969547271729,605,88
2553,4825,specialized_enriched,active_fraction,0.003795996308326721,0.002331675263121724,1.6280124187469482,1.6280124187469482,799,88
2554,12220,base_enriched,max,-0.48469749093055725,0.2977841794490814,-1.6276804208755493,1.6276804208755493,382,88
2555,3565,specialized_enriched,max,0.5858103036880493,0.3600020408630371,1.627241611480713,1.627241611480713,697,88
2556,12404,specialized_enriched,active_fraction,0.001338204718194902,0.0008227248326875269,1.6265519857406616,1.6265519857406616,386,88
2557,2763,base_enriched,mean,-0.009201972745358944,0.005659081041812897,-1.626054286956787,1.626054286956787,366,88
2558,5406,specialized_enriched,mean,0.039709899574518204,0.024428091943264008,1.6255834102630615,1.6255834102630615,842,88
2559,2154,base_enriched,max,-0.5150344967842102,0.31693515181541443,-1.625046968460083,1.625046968460083,786,88
2560,2358,base_enriched,max,-0.3906465768814087,0.24051910638809204,-1.6241810321807861,1.6241810321807861,815,88
2561,6550,specialized_enriched,mean,0.016758311539888382,0.010322798043489456,1.6234272718429565,1.6234272718429565,686,88
2562,12480,base_enriched,mean,-0.01673656702041626,0.01030994113534689,-1.6233426332473755,1.6233426332473755,507,88
2563,7883,specialized_enriched,max,0.6358125805854797,0.3918206989765167,1.6227130889892578,1.6227130889892578,742,88
2564,11942,base_enriched,max,-0.08815407007932663,0.054371919482946396,-1.6213160753250122,1.6213160753250122,103,88
2565,15373,base_enriched,max,-1.0792491436004639,0.6664294600486755,-1.6194499731063843,1.6194499731063843,858,88
2566,15567,base_enriched,active_fraction,-0.0020021572709083557,0.0012367828749120235,-1.6188429594039917,1.6188429594039917,710,88
2567,932,base_enriched,max,-0.31613826751708984,0.19554448127746582,-1.616707682609558,1.616707682609558,636,88
2568,15489,specialized_enriched,active_fraction,0.0029993546195328236,0.0018574018031358719,1.614811897277832,1.614811897277832,643,88
2569,13016,specialized_enriched,active_fraction,0.0052606891840696335,0.0032599354162812233,1.61374032497406,1.61374032497406,810,88
2570,9666,specialized_enriched,mean,0.0074285175651311874,0.004605612251907587,1.6129273176193237,1.6129273176193237,863,88
2571,7144,base_enriched,mean,-0.0809457078576088,0.05021961033344269,-1.6118346452713013,1.6118346452713013,558,88
2572,2090,base_enriched,max,-0.7143464088439941,0.4433484375476837,-1.611252784729004,1.611252784729004,810,88
2573,15552,specialized_enriched,active_fraction,0.0011865039123222232,0.0007367173675447702,1.6105279922485352,1.6105279922485352,497,88
2574,16198,base_enriched,active_fraction,-0.001368722296319902,0.000850399665068835,-1.6095046997070312,1.6095046997070312,339,88
2575,8247,base_enriched,active_fraction,-0.001900375704281032,0.0011812591692432761,-1.6087712049484253,1.6087712049484253,836,88
2576,11481,specialized_enriched,active_fraction,0.003536934033036232,0.0021986307110637426,1.6086986064910889,1.6086986064910889,702,88
2577,8391,base_enriched,max,-0.5173192024230957,0.3221278190612793,-1.6059439182281494,1.6059439182281494,682,88
2578,2650,specialized_enriched,mean,0.015954341739416122,0.009943360462784767,1.6045221090316772,1.6045221090316772,645,88
2579,6148,base_enriched,max,-0.2284134328365326,0.1423991471529007,-1.604036569595337,1.604036569595337,572,88
2580,7046,base_enriched,max,-0.13726834952831268,0.08558487892150879,-1.603885531425476,1.603885531425476,753,88
2581,10210,base_enriched,max,-0.5615688562393188,0.3501773178577423,-1.6036700010299683,1.6036700010299683,867,88
2582,14449,base_enriched,max,-1.0157147645950317,0.6336605548858643,-1.6029319763183594,1.6029319763183594,539,88
2583,1065,specialized_enriched,mean,0.010341502726078033,0.006453878711909056,1.6023701429367065,1.6023701429367065,565,88
2584,895,base_enriched,active_fraction,-0.003274456365033984,0.00204460509121418,-1.6015104055404663,1.6015104055404663,562,88
2585,3150,specialized_enriched,max,0.5090411305427551,0.31801196932792664,1.6006979942321777,1.6006979942321777,856,88
2586,16311,specialized_enriched,mean,0.01147411484271288,0.007170367520302534,1.6002129316329956,1.6002129316329956,583,88
2587,1639,specialized_enriched,mean,0.031495027244091034,0.01968403533101082,1.6000289916992188,1.6000289916992188,872,88
2588,2520,specialized_enriched,active_fraction,0.0024117669090628624,0.0015074082184582949,1.5999428033828735,1.5999428033828735,645,88
2589,640,base_enriched,max,-0.5666288137435913,0.35436779260635376,-1.5989850759506226,1.5989850759506226,869,88
2590,9918,base_enriched,max,-0.11819131672382355,0.07392454147338867,-1.5988103151321411,1.5988103151321411,658,88
2591,3135,specialized_enriched,active_fraction,0.0019724734593182802,0.00123490858823061,1.5972627401351929,1.5972627401351929,734,88
2592,4947,base_enriched,max,-0.7102016806602478,0.4447857141494751,-1.596727728843689,1.596727728843689,867,88
2593,6931,base_enriched,mean,-0.018224937841296196,0.011421293951570988,-1.5956981182098389,1.5956981182098389,593,88
2594,3970,specialized_enriched,max,0.6387354731559753,0.400827020406723,1.5935440063476562,1.5935440063476562,865,88
2595,11715,specialized_enriched,max,0.4707689881324768,0.2954472005367279,1.5934115648269653,1.5934115648269653,700,88
2596,3879,base_enriched,max,-0.1563556045293808,0.09815987199544907,-1.5928667783737183,1.5928667783737183,351,88
2597,4781,specialized_enriched,mean,0.015223409980535507,0.00955840852111578,1.5926719903945923,1.5926719903945923,744,88
2598,6153,base_enriched,max,-0.12289243936538696,0.07717399299144745,-1.592407464981079,1.592407464981079,446,88
2599,7795,specialized_enriched,max,0.21900436282157898,0.1376897394657135,1.5905641317367554,1.5905641317367554,689,88
2600,2672,specialized_enriched,active_fraction,0.0011060936376452446,0.0006954886484891176,1.5903834104537964,1.5903834104537964,600,88
2601,4227,specialized_enriched,max,0.21527184545993805,0.13539712131023407,1.589929223060608,1.589929223060608,841,88
2602,5042,base_enriched,mean,-0.033522892743349075,0.021084919571876526,-1.5898990631103516,1.5898990631103516,685,88
2603,4720,specialized_enriched,mean,0.026673316955566406,0.01677781715989113,1.5897966623306274,1.5897966623306274,585,88
2604,2502,specialized_enriched,mean,0.01642654836177826,0.010343041270971298,1.5881738662719727,1.5881738662719727,863,88
2605,1895,specialized_enriched,max,0.24535338580608368,0.15457867085933685,1.5872396230697632,1.5872396230697632,123,88
2606,12038,base_enriched,max,-0.1280795782804489,0.0807328000664711,-1.5864627361297607,1.5864627361297607,190,88
2607,10751,base_enriched,max,-0.18347565829753876,0.11566867679357529,-1.5862172842025757,1.5862172842025757,818,88
2608,4605,base_enriched,mean,-0.014737186953425407,0.009297042153775692,-1.5851478576660156,1.5851478576660156,858,88
2609,7864,specialized_enriched,max,0.23746366798877716,0.14982004463672638,1.5849926471710205,1.5849926471710205,831,88
2610,4590,base_enriched,max,-0.5339071750640869,0.33699217438697815,-1.5843310356140137,1.5843310356140137,715,88
2611,1522,base_enriched,max,-1.165043592453003,0.7357953190803528,-1.5833799839019775,1.5833799839019775,839,88
2612,16068,base_enriched,active_fraction,-0.0012019844725728035,0.0007592283072881401,-1.5831660032272339,1.5831660032272339,507,88
2613,2379,specialized_enriched,active_fraction,0.0015366398729383945,0.0009712480823509395,1.5821291208267212,1.5821291208267212,713,88
2614,3582,base_enriched,max,-0.26096588373184204,0.16507506370544434,-1.5808922052383423,1.5808922052383423,261,88
2615,12854,specialized_enriched,max,0.1937091201543808,0.12263768166303635,1.5795236825942993,1.5795236825942993,868,88
2616,3262,specialized_enriched,active_fraction,0.005828626919537783,0.0036902681458741426,1.5794589519500732,1.5794589519500732,870,88
2617,8427,specialized_enriched,max,0.4763444662094116,0.30164089798927307,1.5791773796081543,1.5791773796081543,629,88
2618,12287,base_enriched,max,-0.2310228943824768,0.14635686576366425,-1.5784902572631836,1.5784902572631836,871,88
2619,2308,base_enriched,max,-0.2410837560892105,0.1528140902519226,-1.5776277780532837,1.5776277780532837,419,88
2620,3063,base_enriched,max,-0.24678869545459747,0.15686297416687012,-1.5732756853103638,1.5732756853103638,869,88
2621,10171,specialized_enriched,mean,0.011553316377103329,0.007343783043324947,1.5732104778289795,1.5732104778289795,868,88
2622,13809,base_enriched,max,-0.20066088438034058,0.1276264488697052,-1.572251558303833,1.572251558303833,630,88
2623,10967,base_enriched,max,-0.18684138357639313,0.11891491711139679,-1.5712190866470337,1.5712190866470337,841,88
2624,448,base_enriched,max,-0.27199310064315796,0.17332957684993744,-1.5692249536514282,1.5692249536514282,642,88
2625,15597,base_enriched,max,-0.20922057330608368,0.13337692618370056,-1.5686414241790771,1.5686414241790771,555,88
2626,15585,base_enriched,max,-0.17991915345191956,0.11476301401853561,-1.5677450895309448,1.5677450895309448,389,88
2627,5056,specialized_enriched,max,0.5417355298995972,0.34581002593040466,1.5665698051452637,1.5665698051452637,869,88
2628,13238,specialized_enriched,mean,0.010796143673360348,0.006901364773511887,1.5643490552902222,1.5643490552902222,869,88
2629,13487,specialized_enriched,mean,0.015691423788666725,0.010037572123110294,1.5632688999176025,1.5632688999176025,793,88
2630,840,specialized_enriched,active_fraction,0.008045471273362637,0.005148283205926418,1.5627484321594238,1.5627484321594238,846,88
2631,3359,base_enriched,max,-0.4138104021549225,0.2650183141231537,-1.5614408254623413,1.5614408254623413,870,88
2632,11489,base_enriched,mean,-0.019664684310555458,0.012596866115927696,-1.5610774755477905,1.5610774755477905,576,88
2633,7380,specialized_enriched,mean,0.006792272441089153,0.004351060371845961,1.5610613822937012,1.5610613822937012,412,88
2634,830,base_enriched,max,-0.2611214518547058,0.1673450917005539,-1.5603771209716797,1.5603771209716797,498,88
2635,14522,base_enriched,active_fraction,-0.0008070568437688053,0.0005178368301130831,-1.5585156679153442,1.5585156679153442,575,88
2636,6342,specialized_enriched,active_fraction,0.001364339841529727,0.0008756205788813531,1.5581403970718384,1.5581403970718384,656,88
2637,15250,base_enriched,max,-0.20342932641506195,0.1306697279214859,-1.5568206310272217,1.5568206310272217,662,88
2638,9468,base_enriched,max,-0.9765965938568115,0.6273320913314819,-1.5567457675933838,1.5567457675933838,858,88
2639,14599,base_enriched,max,-1.842850685119629,1.184010624885559,-1.5564477443695068,1.5564477443695068,695,88
2640,11289,specialized_enriched,active_fraction,0.005367695819586515,0.0034532323479652405,1.5543975830078125,1.5543975830078125,862,88
2641,13525,specialized_enriched,mean,0.009531366638839245,0.006134726107120514,1.553674340248108,1.553674340248108,561,88
2642,9494,base_enriched,max,-1.5295966863632202,0.9845327138900757,-1.5536271333694458,1.5536271333694458,849,88
2643,10767,base_enriched,mean,-0.016886139288544655,0.010873530060052872,-1.552958369255066,1.552958369255066,703,88
2644,112,base_enriched,mean,-0.011036322452127934,0.00711392005905509,-1.5513700246810913,1.5513700246810913,668,88
2645,1687,base_enriched,active_fraction,-0.0018763520056381822,0.0012096492573618889,-1.5511537790298462,1.5511537790298462,748,88
2646,9582,specialized_enriched,active_fraction,0.0009968425147235394,0.0006432218942791224,1.549764633178711,1.549764633178711,528,88
2647,12878,base_enriched,max,-0.5034997463226318,0.32537850737571716,-1.547427773475647,1.547427773475647,480,88
2648,10711,specialized_enriched,active_fraction,0.001310703344643116,0.000847193761728704,1.5471116304397583,1.5471116304397583,559,88
2649,10895,base_enriched,max,-0.20399709045886993,0.13186833262443542,-1.5469756126403809,1.5469756126403809,738,88
2650,2023,specialized_enriched,mean,0.012144612148404121,0.007869658060371876,1.543219804763794,1.543219804763794,869,88
2651,2795,specialized_enriched,mean,0.03165566921234131,0.020536012947559357,1.541471004486084,1.541471004486084,850,88
2652,16319,base_enriched,max,-0.632381021976471,0.41034889221191406,-1.5410813093185425,1.5410813093185425,843,88
2653,11965,specialized_enriched,active_fraction,0.002936518518254161,0.0019062707433477044,1.540452003479004,1.540452003479004,868,88
2654,2679,specialized_enriched,mean,0.01108133140951395,0.00719592347741127,1.5399457216262817,1.5399457216262817,698,88
2655,5554,base_enriched,max,-0.32207030057907104,0.20938080549240112,-1.5382035970687866,1.5382035970687866,685,88
2656,13835,specialized_enriched,max,0.5525549650192261,0.35937947034835815,1.5375251770019531,1.5375251770019531,561,88
2657,12014,specialized_enriched,max,0.9032760262489319,0.5888699889183044,1.5339142084121704,1.5339142084121704,842,88
2658,14364,specialized_enriched,active_fraction,0.0014624129980802536,0.0009534602868370712,1.5337953567504883,1.5337953567504883,813,88
2659,3522,specialized_enriched,active_fraction,0.0009401986608281732,0.0006134483846835792,1.5326451063156128,1.5326451063156128,572,88
2660,1680,base_enriched,max,-0.19778116047382355,0.12908165156841278,-1.5322175025939941,1.5322175025939941,798,88
2661,3446,specialized_enriched,max,0.2906874418258667,0.18977046012878418,1.5317844152450562,1.5317844152450562,645,88
2662,14659,base_enriched,max,-0.3480355143547058,0.22732236981391907,-1.5310218334197998,1.5310218334197998,622,88
2663,16166,specialized_enriched,active_fraction,0.002156004775315523,0.0014087026938796043,1.5304895639419556,1.5304895639419556,865,88
2664,14777,base_enriched,max,-0.4536019265651703,0.2965778112411499,-1.5294533967971802,1.5294533967971802,584,88
2665,6015,specialized_enriched,active_fraction,0.0033907778561115265,0.002223402028903365,1.5250403881072998,1.5250403881072998,651,88
2666,13182,base_enriched,active_fraction,-0.0019115980248898268,0.0012547095539048314,-1.5235382318496704,1.5235382318496704,792,88
2667,5826,base_enriched,max,-0.3692246675491333,0.2424086332321167,-1.523149847984314,1.523149847984314,861,88
2668,3664,base_enriched,max,-0.5768986344337463,0.3790110945701599,-1.5221154689788818,1.5221154689788818,860,88
2669,3638,specialized_enriched,mean,0.006869240663945675,0.004517341498285532,1.5206378698349,1.5206378698349,795,88
2670,12601,base_enriched,max,-0.1661939024925232,0.1093728095293045,-1.5195175409317017,1.5195175409317017,742,88
2671,13717,specialized_enriched,mean,0.01691521890461445,0.011148923076689243,1.5172065496444702,1.5172065496444702,730,88
2672,15460,specialized_enriched,max,0.7054641842842102,0.4653635323047638,1.515942096710205,1.515942096710205,822,88
2673,11508,specialized_enriched,mean,0.017766721546649933,0.011725506745278835,1.5152199268341064,1.5152199268341064,807,88
2674,7260,base_enriched,max,-0.698087751865387,0.46085599064826965,-1.514763355255127,1.514763355255127,829,88
2675,13190,specialized_enriched,active_fraction,0.004147188272327185,0.002743583172559738,1.511595606803894,1.511595606803894,578,88
2676,9340,specialized_enriched,active_fraction,0.008239506743848324,0.005453227553516626,1.5109412670135498,1.5109412670135498,766,88
2677,2652,specialized_enriched,mean,0.006668729707598686,0.0044179148972034454,1.509474515914917,1.509474515914917,696,88
2678,16134,base_enriched,max,-0.5517714619636536,0.3658355474472046,-1.5082499980926514,1.5082499980926514,869,88
2679,3285,specialized_enriched,active_fraction,0.0008029937744140625,0.0005324850790202618,1.508011817932129,1.508011817932129,508,88
2680,8580,specialized_enriched,mean,0.005399597343057394,0.0035969805903732777,1.5011471509933472,1.5011471509933472,652,88
2681,6390,base_enriched,max,-0.4936818778514862,0.3289439380168915,-1.500808596611023,1.500808596611023,687,88
2682,4610,specialized_enriched,mean,0.013716506771743298,0.009140745736658573,1.5005894899368286,1.5005894899368286,750,88
2683,2808,specialized_enriched,active_fraction,0.0025790990330278873,0.001719751046039164,1.4996932744979858,1.4996932744979858,579,88
2684,2932,specialized_enriched,mean,0.021080167964100838,0.014071010984480381,1.4981274604797363,1.4981274604797363,593,88
2685,8487,base_enriched,max,-0.1002361923456192,0.0669625848531723,-1.4968985319137573,1.4968985319137573,261,88
2686,5841,specialized_enriched,max,0.28198128938674927,0.18847587704658508,1.4961134195327759,1.4961134195327759,871,88
2687,11773,specialized_enriched,active_fraction,0.0014666446950286627,0.0009811172494664788,1.494871973991394,1.494871973991394,735,88
2688,16348,specialized_enriched,mean,0.012637617066502571,0.008457008749246597,1.494336485862732,1.494336485862732,548,88
2689,10918,base_enriched,max,-0.9544013738632202,0.6389597654342651,-1.4936798810958862,1.4936798810958862,709,88
2690,9597,specialized_enriched,mean,0.010937721468508244,0.0073402998968958855,1.4900919198989868,1.4900919198989868,785,88
2691,11612,base_enriched,max,-0.3603265881538391,0.2420164942741394,-1.4888513088226318,1.4888513088226318,872,88
2692,9878,base_enriched,max,-0.8605173230171204,0.5780567526817322,-1.488638162612915,1.488638162612915,638,88
2693,12876,base_enriched,max,-0.7182912230491638,0.4825732707977295,-1.4884604215621948,1.4884604215621948,841,88
2694,1918,specialized_enriched,mean,0.009056818671524525,0.006094766780734062,1.4859992265701294,1.4859992265701294,693,88
2695,16342,specialized_enriched,mean,0.024118343368172646,0.016244925558567047,1.4846693277359009,1.4846693277359009,783,88
2696,15124,specialized_enriched,active_fraction,0.0030682142823934555,0.002066804328933358,1.4845209121704102,1.4845209121704102,816,88
2697,4149,base_enriched,max,-1.2277207374572754,0.8274693489074707,-1.4837054014205933,1.4837054014205933,722,88
2698,13887,base_enriched,active_fraction,-0.001636407570913434,0.0011031064204871655,-1.4834539890289307,1.4834539890289307,798,88
2699,10039,base_enriched,max,-0.6481831669807434,0.43715283274650574,-1.4827381372451782,1.4827381372451782,851,88
2700,1195,specialized_enriched,active_fraction,0.0012958880979567766,0.0008744786609895527,1.4818979501724243,1.4818979501724243,696,88
2701,1498,specialized_enriched,mean,0.023543698713183403,0.015891002491116524,1.4815741777420044,1.4815741777420044,798,88
2702,9229,specialized_enriched,mean,0.01023171003907919,0.006918094586580992,1.4789780378341675,1.4789780378341675,822,88
2703,10963,base_enriched,max,-0.28435230255126953,0.19241172075271606,-1.477832555770874,1.477832555770874,870,88
2704,11366,base_enriched,max,-0.15834392607212067,0.10714783519506454,-1.4778079986572266,1.4778079986572266,421,88
2705,6002,specialized_enriched,max,0.3678075075149536,0.24903663992881775,1.4769212007522583,1.4769212007522583,872,88
2706,13563,base_enriched,active_fraction,-0.0028454535640776157,0.0019268810283392668,-1.4767147302627563,1.4767147302627563,690,88
2707,4863,specialized_enriched,mean,0.015904996544122696,0.010775022208690643,1.4760987758636475,1.4760987758636475,664,88
2708,8988,base_enriched,max,-0.6358421444892883,0.4307776987552643,-1.476033091545105,1.476033091545105,582,88
2709,8905,base_enriched,max,-0.45523709058761597,0.3084285855293274,-1.4759886264801025,1.4759886264801025,799,88
2710,12976,base_enriched,max,-0.25462618470191956,0.17253808677196503,-1.475767970085144,1.475767970085144,451,88
2711,14095,specialized_enriched,max,0.5008879899978638,0.3395930230617523,1.4749654531478882,1.4749654531478882,647,88
2712,6192,base_enriched,max,-0.13960528373718262,0.09468239545822144,-1.4744586944580078,1.4744586944580078,836,88
2713,12021,base_enriched,max,-0.14950944483280182,0.10141880065202713,-1.4741787910461426,1.4741787910461426,453,88
2714,7783,specialized_enriched,active_fraction,0.012213117443025112,0.00830063596367836,1.4713472127914429,1.4713472127914429,872,88
2715,13449,base_enriched,active_fraction,-0.000981974066235125,0.0006675840122625232,-1.4709370136260986,1.4709370136260986,718,88
2716,6816,specialized_enriched,mean,0.019255641847848892,0.013099943287670612,1.4699026346206665,1.4699026346206665,794,88
2717,15178,specialized_enriched,active_fraction,0.001905228360556066,0.0012964914785698056,1.4695262908935547,1.4695262908935547,777,88
2718,9716,base_enriched,active_fraction,-0.003551766974851489,0.002417433774098754,-1.4692302942276,1.4692302942276,821,88
2719,11750,base_enriched,max,-0.8612009286880493,0.5866215825080872,-1.4680689573287964,1.4680689573287964,807,88
2720,6168,specialized_enriched,active_fraction,0.0029797132592648268,0.0020328969694674015,1.465747356414795,1.465747356414795,697,88
2721,9711,base_enriched,active_fraction,-0.003305319929495454,0.002257210435345769,-1.4643384218215942,1.4643384218215942,778,88
2722,6934,base_enriched,max,-0.2846793234348297,0.19452066719532013,-1.463491439819336,1.463491439819336,851,88
2723,8587,base_enriched,active_fraction,-0.0020954220090061426,0.0014342059148475528,-1.4610328674316406,1.4610328674316406,612,88
2724,8715,specialized_enriched,mean,0.006668020039796829,0.004566176328808069,1.4603071212768555,1.4603071212768555,416,88
2725,4954,base_enriched,max,-0.2603197693824768,0.17835171520709991,-1.4595866203308105,1.4595866203308105,461,88
2726,13967,base_enriched,mean,-0.010599669069051743,0.007264346349984407,-1.4591360092163086,1.4591360092163086,775,88
2727,8743,specialized_enriched,active_fraction,0.005082099232822657,0.0034863618202507496,1.457708477973938,1.457708477973938,782,88
2728,1910,specialized_enriched,mean,0.013996629975736141,0.009604082442820072,1.4573625326156616,1.4573625326156616,759,88
2729,14403,specialized_enriched,mean,0.01949368789792061,0.013380615971982479,1.4568603038787842,1.4568603038787842,872,88
2730,14626,base_enriched,mean,-0.009220407344400883,0.006331241223961115,-1.4563348293304443,1.4563348293304443,358,88
2731,13664,specialized_enriched,mean,0.011542422696948051,0.007941381074488163,1.4534528255462646,1.4534528255462646,847,88
2732,3055,base_enriched,active_fraction,-0.00771180959418416,0.005311399232596159,-1.4519356489181519,1.4519356489181519,870,88
2733,10600,specialized_enriched,active_fraction,0.001194142154417932,0.000823411566670984,1.4502372741699219,1.4502372741699219,616,88
2734,11128,specialized_enriched,active_fraction,0.001231206813827157,0.0008505931473337114,1.4474685192108154,1.4474685192108154,691,88
2735,6404,specialized_enriched,active_fraction,0.001600575982593,0.0011058992240577936,1.4473072290420532,1.4473072290420532,593,88
2736,16177,specialized_enriched,mean,0.00817754864692688,0.005665260832756758,1.4434549808502197,1.4434549808502197,762,88
2737,12856,base_enriched,max,-0.0876317247748375,0.0607217475771904,-1.4431686401367188,1.4431686401367188,872,88
2738,3597,specialized_enriched,mean,0.031751036643981934,0.022003574296832085,1.442994475364685,1.442994475364685,710,88
2739,5605,base_enriched,max,-0.15879133343696594,0.1102089062333107,-1.4408212900161743,1.4408212900161743,314,88
2740,6729,specialized_enriched,active_fraction,0.0006263289251364768,0.00043507921509444714,1.4395744800567627,1.4395744800567627,339,88
2741,13932,specialized_enriched,active_fraction,0.002740824595093727,0.0019054892472922802,1.43838369846344,1.43838369846344,709,88
2742,2492,specialized_enriched,mean,0.00877069029957056,0.006109248846769333,1.4356414079666138,1.4356414079666138,866,88
2743,2030,base_enriched,active_fraction,-0.0016945417737588286,0.0011805733665823936,-1.4353549480438232,1.4353549480438232,517,88
2744,10467,specialized_enriched,mean,0.007850549183785915,0.005474642384797335,1.4339839220046997,1.4339839220046997,572,88
2745,6602,base_enriched,max,-0.2344476729631424,0.16349422931671143,-1.4339812994003296,1.4339812994003296,543,88
2746,4585,specialized_enriched,mean,0.008929088711738586,0.006228243932127953,1.4336446523666382,1.4336446523666382,692,88
2747,7875,base_enriched,max,-0.5778570175170898,0.4031042456626892,-1.433517575263977,1.433517575263977,532,88
2748,7200,base_enriched,max,-0.3560001850128174,0.24877028167247772,-1.431039810180664,1.431039810180664,759,88
2749,2215,specialized_enriched,mean,0.011907932348549366,0.008329048752784729,1.4296869039535522,1.4296869039535522,846,88
2750,14984,base_enriched,max,-0.09470612555742264,0.06635881215333939,-1.4271823167800903,1.4271823167800903,274,88
2751,4465,base_enriched,max,-0.5305562019348145,0.37221264839172363,-1.425411581993103,1.425411581993103,635,88
2752,15073,base_enriched,max,-0.3792821168899536,0.2661997079849243,-1.4248028993606567,1.4248028993606567,700,88
2753,15186,specialized_enriched,active_fraction,0.0010326829506084323,0.0007249260088428855,1.4245356321334839,1.4245356321334839,522,88
2754,2439,base_enriched,active_fraction,-0.003826984204351902,0.0026873613242059946,-1.4240676164627075,1.4240676164627075,835,88
2755,16370,base_enriched,max,-0.28137946128845215,0.19775786995887756,-1.4228483438491821,1.4228483438491821,723,88
2756,808,base_enriched,mean,-0.0043013328686356544,0.0030241969507187605,-1.4223058223724365,1.4223058223724365,599,88
2757,4537,base_enriched,mean,-0.007312322035431862,0.005147137679159641,-1.420657992362976,1.420657992362976,467,88
2758,15655,specialized_enriched,active_fraction,0.002429953310638666,0.001710996264591813,1.4201979637145996,1.4201979637145996,765,88
2759,4169,base_enriched,max,-0.1645326167345047,0.11600819230079651,-1.4182844161987305,1.4182844161987305,125,88
2760,8066,specialized_enriched,active_fraction,0.0006354753277264535,0.00044825789518654346,1.41765558719635,1.41765558719635,808,88
2761,4833,base_enriched,active_fraction,-0.002786379074677825,0.001965639879927039,-1.4175430536270142,1.4175430536270142,846,88
2762,6867,base_enriched,max,-0.12114598602056503,0.08564076572656631,-1.4145832061767578,1.4145832061767578,591,88
2763,14119,base_enriched,active_fraction,-0.003328962018713355,0.0023544663563370705,-1.413892388343811,1.413892388343811,553,88
2764,10212,specialized_enriched,mean,0.009998179972171783,0.00707348994910717,1.413472056388855,1.413472056388855,592,88
2765,3375,specialized_enriched,active_fraction,0.005850494839251041,0.004141210578382015,1.4127498865127563,1.4127498865127563,751,88
2766,9397,base_enriched,max,-0.17422783374786377,0.1233740895986557,-1.412191390991211,1.412191390991211,505,88
2767,15702,base_enriched,max,-0.445058137178421,0.3156399130821228,-1.4100185632705688,1.4100185632705688,859,88
2768,2833,specialized_enriched,mean,0.007062353193759918,0.005009673070162535,1.409743309020996,1.409743309020996,415,88
2769,3778,specialized_enriched,active_fraction,0.002292402321472764,0.001627350808121264,1.408671259880066,1.408671259880066,477,88
2770,11048,base_enriched,max,-0.16184593737125397,0.1149275153875351,-1.4082435369491577,1.4082435369491577,488,88
2771,9415,base_enriched,max,-0.4489961862564087,0.31895583868026733,-1.407706379890442,1.407706379890442,821,88
2772,12081,specialized_enriched,active_fraction,0.003218389116227627,0.0022871920373290777,1.4071354866027832,1.4071354866027832,549,88
2773,2798,specialized_enriched,max,1.2194972038269043,0.8671557903289795,1.4063184261322021,1.4063184261322021,778,88
2774,2736,specialized_enriched,active_fraction,0.0008636119891889393,0.0006149006658233702,1.4044740200042725,1.4044740200042725,669,88
2775,2484,specialized_enriched,active_fraction,0.0006476823473349214,0.00046128511894494295,1.4040824174880981,1.4040824174880981,186,88
2776,9658,base_enriched,mean,-0.009211212396621704,0.006563449744135141,-1.4034101963043213,1.4034101963043213,563,88
2777,15093,base_enriched,mean,-0.019608093425631523,0.014006368815898895,-1.3999412059783936,1.3999412059783936,615,88
2778,10265,specialized_enriched,mean,0.007676270790398121,0.0054913293570280075,1.3978893756866455,1.3978893756866455,555,88
2779,15283,base_enriched,max,-0.10277070850133896,0.07354836165904999,-1.3973214626312256,1.3973214626312256,298,88
2780,7378,base_enriched,max,-0.36175736784935,0.2591475248336792,-1.395951509475708,1.395951509475708,859,88
2781,7389,base_enriched,max,-0.24714526534080505,0.17714709043502808,-1.3951416015625,1.3951416015625,742,88
2782,2630,base_enriched,max,-0.2658066749572754,0.19054090976715088,-1.395011067390442,1.395011067390442,871,88
2783,11672,base_enriched,max,-0.7858830094337463,0.5655218362808228,-1.3896598815917969,1.3896598815917969,787,88
2784,1393,base_enriched,mean,-0.005620202515274286,0.004044594243168831,-1.389559030532837,1.389559030532837,605,88
2785,15091,base_enriched,active_fraction,-0.0031619847286492586,0.0022770226933062077,-1.3886487483978271,1.3886487483978271,494,88
2786,280,specialized_enriched,active_fraction,0.0014148534974083304,0.001018897513858974,1.388612151145935,1.388612151145935,435,88
2787,7473,specialized_enriched,mean,0.008047866635024548,0.005796121433377266,1.3884917497634888,1.3884917497634888,538,88
2788,7252,specialized_enriched,active_fraction,0.0006956676952540874,0.0005011516041122377,1.3881381750106812,1.3881381750106812,631,88
2789,3297,base_enriched,active_fraction,-0.0011299665784463286,0.0008148265187628567,-1.386757254600525,1.386757254600525,759,88
2790,3189,base_enriched,mean,-0.01331335585564375,0.009612489491701126,-1.385006070137024,1.385006070137024,692,88
2791,4617,specialized_enriched,mean,0.0050896224565804005,0.0036767057608813047,1.3842887878417969,1.3842887878417969,813,88
2792,14382,base_enriched,max,-0.6649584174156189,0.4807903468608856,-1.3830527067184448,1.3830527067184448,661,88
2793,3555,base_enriched,mean,-0.01717781275510788,0.012430407106876373,-1.3819187879562378,1.3819187879562378,829,88
2794,12255,specialized_enriched,max,0.4145439565181732,0.3002665340900421,1.3805866241455078,1.3805866241455078,870,88
2795,2440,base_enriched,max,-0.4367051124572754,0.31662359833717346,-1.3792563676834106,1.3792563676834106,867,88
2796,7157,specialized_enriched,mean,0.028088431805372238,0.020404504612088203,1.376579999923706,1.376579999923706,649,88
2797,3786,specialized_enriched,mean,0.080841064453125,0.05876310169696808,1.3757113218307495,1.3757113218307495,872,88
2798,4297,base_enriched,active_fraction,-0.003285022219642997,0.002388470573350787,-1.375366449356079,1.375366449356079,463,88
2799,10023,specialized_enriched,mean,0.018397726118564606,0.013376731425523758,1.3753528594970703,1.3753528594970703,850,88
2800,1492,base_enriched,max,-0.6265147924423218,0.45567062497138977,-1.3749290704727173,1.3749290704727173,581,88
2801,2085,specialized_enriched,active_fraction,0.002264617243781686,0.0016476947348564863,1.3744155168533325,1.3744155168533325,854,88
2802,12274,specialized_enriched,active_fraction,0.001408856362104416,0.0010261106071993709,1.3730063438415527,1.3730063438415527,671,88
2803,1976,base_enriched,max,-0.2184729278087616,0.15920177102088928,-1.3723021745681763,1.3723021745681763,482,88
2804,143,specialized_enriched,active_fraction,0.0022198788356035948,0.0016182777471840382,1.3717539310455322,1.3717539310455322,487,88
2805,6089,specialized_enriched,mean,0.0203176811337471,0.014857863076031208,1.3674699068069458,1.3674699068069458,744,88
2806,11154,base_enriched,active_fraction,-0.002265841467306018,0.0016571363667026162,-1.3673235177993774,1.3673235177993774,817,88
2807,9645,base_enriched,active_fraction,-0.0011017643846571445,0.0008059768006205559,-1.366992712020874,1.366992712020874,758,88
2808,8891,specialized_enriched,mean,0.0265919491648674,0.019472934305667877,1.3655850887298584,1.3655850887298584,258,88
2809,3785,specialized_enriched,active_fraction,0.0026647434569895267,0.0019513961160555482,1.3655574321746826,1.3655574321746826,802,88
2810,8363,specialized_enriched,mean,0.01318684034049511,0.009664672426879406,1.3644373416900635,1.3644373416900635,750,88
2811,6480,base_enriched,max,-0.37845656275749207,0.27754876017570496,-1.36356782913208,1.36356782913208,861,88
2812,13261,base_enriched,max,-1.083048701286316,0.7948978543281555,-1.3625004291534424,1.3625004291534424,643,88
2813,9393,base_enriched,active_fraction,-0.0035635570529848337,0.002621077699586749,-1.3595770597457886,1.3595770597457886,770,88
2814,7242,base_enriched,max,-0.5942268967628479,0.4371320605278015,-1.3593761920928955,1.3593761920928955,861,88
2815,532,base_enriched,active_fraction,-0.007660355884581804,0.005635973531752825,-1.359189510345459,1.359189510345459,856,88
2816,9337,base_enriched,max,-0.45342931151390076,0.33386528491973877,-1.3581205606460571,1.3581205606460571,683,88
2817,14587,specialized_enriched,active_fraction,0.0010883864015340805,0.000805311428848654,1.351509928703308,1.351509928703308,661,88
2818,9560,specialized_enriched,active_fraction,0.003259818535298109,0.0024134523700922728,1.3506869077682495,1.3506869077682495,670,88
2819,15226,base_enriched,max,-0.413435697555542,0.30617615580558777,-1.350319743156433,1.350319743156433,830,88
2820,13684,specialized_enriched,active_fraction,0.0034580142237246037,0.0025618779473006725,1.3497966527938843,1.3497966527938843,839,88
2821,12369,base_enriched,max,-0.35284337401390076,0.261545330286026,-1.3490716218948364,1.3490716218948364,743,88
2822,959,base_enriched,mean,-0.011105116456747055,0.008237695321440697,-1.3480854034423828,1.3480854034423828,702,88
2823,13674,base_enriched,max,-0.07747547328472137,0.05751835182309151,-1.3469696044921875,1.3469696044921875,328,88
2824,12827,base_enriched,active_fraction,-0.0007522671949118376,0.0005585645558312535,-1.3467864990234375,1.3467864990234375,582,88
2825,13604,base_enriched,max,-0.25486692786216736,0.18971458077430725,-1.3434230089187622,1.3434230089187622,840,88
2826,11171,specialized_enriched,active_fraction,0.0014835180481895804,0.0011042876867577434,1.3434162139892578,1.3434162139892578,837,88
2827,15385,base_enriched,mean,-0.028242724016308784,0.021025434136390686,-1.3432646989822388,1.3432646989822388,800,88
2828,12170,specialized_enriched,mean,0.01513781026005745,0.011269557289779186,1.3432480096817017,1.3432480096817017,576,88
2829,15356,base_enriched,max,-0.2897074818611145,0.21587342023849487,-1.342024803161621,1.342024803161621,864,88
2830,821,specialized_enriched,mean,0.007786407135426998,0.005816266406327486,1.3387295007705688,1.3387295007705688,590,88
2831,4768,base_enriched,active_fraction,-0.0008070479962043464,0.0006033956306055188,-1.3375104665756226,1.3375104665756226,511,88
2832,4174,specialized_enriched,active_fraction,0.002931754570454359,0.0021927591878920794,1.337016224861145,1.337016224861145,832,88
2833,9775,specialized_enriched,max,0.26920875906944275,0.20152686536312103,1.3358454704284668,1.3358454704284668,761,88
2834,14820,base_enriched,mean,-0.012722956016659737,0.009526437148451805,-1.3355419635772705,1.3355419635772705,815,88
2835,4733,base_enriched,max,-0.272068053483963,0.20372897386550903,-1.3354411125183105,1.3354411125183105,807,88
2836,7789,base_enriched,max,-0.09917105734348297,0.0742756724357605,-1.3351755142211914,1.3351755142211914,464,88
2837,8139,base_enriched,max,-0.3070130944252014,0.22994965314865112,-1.3351317644119263,1.3351317644119263,706,88
2838,14260,specialized_enriched,max,0.12897437810897827,0.09660978615283966,1.3350032567977905,1.3350032567977905,160,88
2839,14454,specialized_enriched,active_fraction,0.0024649864062666893,0.0018499421421438456,1.332466721534729,1.332466721534729,768,88
2840,8543,specialized_enriched,mean,0.020792735740542412,0.01560971513390541,1.332038164138794,1.332038164138794,795,88
2841,14939,base_enriched,max,-0.8158680200576782,0.6142373085021973,-1.3282618522644043,1.3282618522644043,864,88
2842,16079,specialized_enriched,mean,0.015249541029334068,0.01148227509111166,1.3280940055847168,1.3280940055847168,674,88
2843,11593,base_enriched,max,-0.17564044892787933,0.1324182152748108,-1.3264069557189941,1.3264069557189941,695,88
2844,1376,specialized_enriched,mean,0.01190000120550394,0.008978555910289288,1.3253803253173828,1.3253803253173828,541,88
2845,7291,specialized_enriched,max,0.1932094842195511,0.1459381878376007,1.3239130973815918,1.3239130973815918,818,88
2846,3476,specialized_enriched,active_fraction,0.003074175911024213,0.002324607688933611,1.3224493265151978,1.3224493265151978,861,88
2847,2896,base_enriched,mean,-0.010282649658620358,0.007778515573590994,-1.3219295740127563,1.3219295740127563,666,88
2848,13250,base_enriched,max,-0.4097111225128174,0.3101399838924408,-1.3210521936416626,1.3210521936416626,612,88
2849,13042,specialized_enriched,active_fraction,0.004085611552000046,0.0030932966619729996,1.3207952976226807,1.3207952976226807,868,88
2850,11237,specialized_enriched,max,0.47305595874786377,0.35824212431907654,1.3204922676086426,1.3204922676086426,811,88
2851,3364,base_enriched,max,-0.1752861589193344,0.1327969878911972,-1.319955825805664,1.319955825805664,424,88
2852,13364,base_enriched,max,-0.2208268940448761,0.16735891997814178,-1.3194808959960938,1.3194808959960938,753,88
2853,12424,specialized_enriched,active_fraction,0.0012252985034137964,0.0009287878638133407,1.3192447423934937,1.3192447423934937,373,88
2854,896,base_enriched,max,-0.4665924906730652,0.3538208305835724,-1.318725347518921,1.318725347518921,631,88
2855,13685,base_enriched,max,-0.35271507501602173,0.26754534244537354,-1.3183375597000122,1.3183375597000122,685,88
2856,3116,base_enriched,mean,-0.01661713607609272,0.012615631334483624,-1.3171862363815308,1.3171862363815308,314,88
2857,5477,specialized_enriched,mean,0.012617403641343117,0.00959336943924427,1.3152213096618652,1.3152213096618652,862,88
2858,8257,specialized_enriched,mean,0.006691103335469961,0.005087573081254959,1.3151856660842896,1.3151856660842896,834,88
2859,13157,base_enriched,max,-0.5488463044166565,0.4176190197467804,-1.3142272233963013,1.3142272233963013,815,88
2860,1207,base_enriched,max,-0.156075119972229,0.118799589574337,-1.3137681484222412,1.3137681484222412,830,88
2861,11345,specialized_enriched,mean,0.00858608540147543,0.006535590626299381,1.3137428760528564,1.3137428760528564,700,88
2862,14322,base_enriched,mean,-0.013285978697240353,0.01011622790247202,-1.31333327293396,1.31333327293396,706,88
2863,7647,base_enriched,active_fraction,-0.0035194840747863054,0.0026837545447051525,-1.3114031553268433,1.3114031553268433,729,88
2864,1045,base_enriched,active_fraction,-0.0016439659520983696,0.0012546381913125515,-1.3103108406066895,1.3103108406066895,731,88
2865,8006,specialized_enriched,mean,0.009518059901893139,0.0072672548703849316,1.3097187280654907,1.3097187280654907,704,88
2866,11177,base_enriched,active_fraction,-0.006897123530507088,0.005271796602755785,-1.308306097984314,1.308306097984314,758,88
2867,13658,specialized_enriched,mean,0.014124244451522827,0.010833486914634705,1.303757905960083,1.303757905960083,839,88
2868,15428,specialized_enriched,active_fraction,0.003311529755592346,0.0025404072366654873,1.3035428524017334,1.3035428524017334,575,88
2869,12258,specialized_enriched,active_fraction,0.0025704316794872284,0.001972747268155217,1.3029706478118896,1.3029706478118896,850,88
2870,16331,base_enriched,max,-0.13013263046741486,0.09988801926374435,-1.3027851581573486,1.3027851581573486,462,88
2871,1351,base_enriched,active_fraction,-0.0020884580444544554,0.0016047874232754111,-1.3013923168182373,1.3013923168182373,866,88
2872,16353,specialized_enriched,active_fraction,0.0005731715937145054,0.00044047858682461083,1.3012473583221436,1.3012473583221436,699,88
2873,6356,base_enriched,max,-0.27656251192092896,0.21258662641048431,-1.3009402751922607,1.3009402751922607,871,88
2874,8990,specialized_enriched,active_fraction,0.0011957123642787337,0.0009197330800816417,1.3000645637512207,1.3000645637512207,709,88
2875,854,base_enriched,max,-0.2679460346698761,0.20623815059661865,-1.2992069721221924,1.2992069721221924,798,88
2876,13033,base_enriched,max,-0.440334290266037,0.33914515376091003,-1.2983652353286743,1.2983652353286743,623,88
2877,8991,base_enriched,max,-0.7499613761901855,0.5778074860572815,-1.297943353652954,1.297943353652954,850,88
2878,7066,base_enriched,mean,-0.0200369730591774,0.015444120392203331,-1.2973852157592773,1.2973852157592773,865,88
2879,13821,specialized_enriched,max,0.3486873209476471,0.2688041627407074,1.2971798181533813,1.2971798181533813,872,88
2880,10363,base_enriched,max,-0.11371729522943497,0.08773519843816757,-1.2961422204971313,1.2961422204971313,430,88
2881,6874,specialized_enriched,active_fraction,0.002758159302175045,0.00212834682315588,1.2959163188934326,1.2959163188934326,763,88
2882,6364,base_enriched,max,-0.18518351018428802,0.14292648434638977,-1.2956557273864746,1.2956557273864746,557,88
2883,173,base_enriched,max,-0.13265351951122284,0.10243372619152069,-1.295017957687378,1.295017957687378,624,88
2884,11471,base_enriched,max,-0.12352947890758514,0.09541086107492447,-1.2947108745574951,1.2947108745574951,741,88
2885,7786,base_enriched,max,-0.19929370284080505,0.15408039093017578,-1.2934397459030151,1.2934397459030151,656,88
2886,10081,specialized_enriched,active_fraction,0.003942463081330061,0.003048262558877468,1.2933475971221924,1.2933475971221924,784,88
2887,13314,base_enriched,active_fraction,-0.0006681220256723464,0.000517389620654285,-1.291332483291626,1.291332483291626,607,88
2888,6150,base_enriched,max,-0.7140148282051086,0.5532258152961731,-1.290639042854309,1.290639042854309,844,88
2889,10060,base_enriched,active_fraction,-0.0007365382043644786,0.000570804753806442,-1.2903505563735962,1.2903505563735962,657,88
2890,12743,base_enriched,max,-0.10710619390010834,0.08308064937591553,-1.2891833782196045,1.2891833782196045,610,88
2891,155,base_enriched,max,-0.04716569930315018,0.036610767245292664,-1.2883013486862183,1.2883013486862183,138,88
2892,3805,base_enriched,max,-0.537895143032074,0.41764581203460693,-1.2879217863082886,1.2879217863082886,482,88
2893,1226,specialized_enriched,mean,0.014015650376677513,0.01091682631522417,1.2838575839996338,1.2838575839996338,639,88
2894,16165,base_enriched,max,-0.17672714591026306,0.13766245543956757,-1.2837715148925781,1.2837715148925781,668,88
2895,9719,base_enriched,max,-0.20152616500854492,0.15711918473243713,-1.2826324701309204,1.2826324701309204,366,88
2896,5283,base_enriched,max,-0.19806958734989166,0.1545458734035492,-1.2816232442855835,1.2816232442855835,867,88
2897,11186,base_enriched,max,-0.7526389956474304,0.5879342555999756,-1.2801414728164673,1.2801414728164673,730,88
2898,132,base_enriched,max,-0.4318041503429413,0.3374452590942383,-1.2796272039413452,1.2796272039413452,679,88
2899,12505,base_enriched,active_fraction,-0.0021189134567976,0.0016587203135713935,-1.2774386405944824,1.2774386405944824,725,88
2900,286,specialized_enriched,active_fraction,0.004630181938409805,0.003626871621236205,1.2766324281692505,1.2766324281692505,872,88
2901,10796,base_enriched,max,-0.5068132281303406,0.39702996611595154,-1.276511311531067,1.276511311531067,808,88
2902,12235,specialized_enriched,mean,0.010084906592965126,0.007901651784777641,1.2763036489486694,1.2763036489486694,782,88
2903,4829,specialized_enriched,active_fraction,0.003357873996719718,0.0026334996800869703,1.2750614881515503,1.2750614881515503,859,88
2904,8014,base_enriched,max,-0.4768480956554413,0.3739944100379944,-1.2750139236450195,1.2750139236450195,870,88
2905,3495,base_enriched,max,-0.28081396222114563,0.22038614749908447,-1.2741906642913818,1.2741906642913818,603,88
2906,2537,specialized_enriched,max,0.4441179037094116,0.3485894799232483,1.2740427255630493,1.2740427255630493,818,88
2907,14476,specialized_enriched,max,0.7212572693824768,0.5662769079208374,1.273682951927185,1.273682951927185,768,88
2908,3019,specialized_enriched,active_fraction,0.004481524229049683,0.003519164165481925,1.2734626531600952,1.2734626531600952,855,88
2909,6022,base_enriched,active_fraction,-0.004594989120960236,0.003615786787122488,-1.2708131074905396,1.2708131074905396,475,88
2910,15001,base_enriched,max,-0.09435978531837463,0.07426376640796661,-1.2706032991409302,1.2706032991409302,625,88
2911,4492,base_enriched,max,-0.3840070962905884,0.30228644609451294,-1.2703417539596558,1.2703417539596558,855,88
2912,15957,base_enriched,max,-0.4977448284626007,0.391912043094635,-1.2700421810150146,1.2700421810150146,658,88
2913,13922,base_enriched,max,-0.12656250596046448,0.09965264797210693,-1.2700365781784058,1.2700365781784058,249,88
2914,8410,specialized_enriched,active_fraction,0.0009035598486661911,0.0007125305710360408,1.2680997848510742,1.2680997848510742,619,88
2915,13918,specialized_enriched,mean,0.008622954599559307,0.006807580124586821,1.2666696310043335,1.2666696310043335,746,88
2916,15029,specialized_enriched,mean,0.0077838897705078125,0.006146416999399662,1.2664109468460083,1.2664109468460083,556,88
2917,2456,base_enriched,max,-0.5957167744636536,0.47087833285331726,-1.2651182413101196,1.2651182413101196,812,88
2918,11367,base_enriched,max,-0.5387036800384521,0.4263216555118561,-1.2636085748672485,1.2636085748672485,709,88
2919,14940,specialized_enriched,mean,0.014657503925263882,0.011605514213442802,1.2629776000976562,1.2629776000976562,772,88
2920,9523,base_enriched,active_fraction,-0.0022801863960921764,0.0018058627611026168,-1.262657642364502,1.262657642364502,818,88
2921,1695,specialized_enriched,mean,0.011622237972915173,0.009212793782353401,1.2615324258804321,1.2615324258804321,683,88
2922,11,base_enriched,max,-0.08422964811325073,0.06679773330688477,-1.2609657049179077,1.2609657049179077,396,88
2923,7458,base_enriched,max,-0.13321901857852936,0.10565980523824692,-1.2608296871185303,1.2608296871185303,852,88
2924,13738,base_enriched,mean,-0.013250288553535938,0.01051021832972765,-1.2607053518295288,1.2607053518295288,842,88
2925,1789,specialized_enriched,active_fraction,0.002182201948016882,0.0017312385607510805,1.2604860067367554,1.2604860067367554,596,88
2926,643,base_enriched,active_fraction,-0.0006339317187666893,0.0005030162865296006,-1.260260820388794,1.260260820388794,332,88
2927,39,specialized_enriched,max,0.3475245237350464,0.2757892608642578,1.2601089477539062,1.2601089477539062,699,88
2928,11284,base_enriched,mean,-0.012980678118765354,0.010308707132935524,-1.2591955661773682,1.2591955661773682,807,88
2929,15978,base_enriched,active_fraction,-0.00043355365050956607,0.0003445922047831118,-1.258164405822754,1.258164405822754,182,88
2930,842,specialized_enriched,active_fraction,0.0031536368187516928,0.0025065396912395954,1.258163571357727,1.258163571357727,738,88
2931,9096,base_enriched,max,-0.4138740003108978,0.3291139304637909,-1.257540225982666,1.257540225982666,670,88
2932,11836,base_enriched,max,-0.23193585872650146,0.1845531016588211,-1.2567431926727295,1.2567431926727295,576,88
2933,307,specialized_enriched,mean,0.020690741017460823,0.01646939292550087,1.256314754486084,1.256314754486084,871,88
2934,4604,specialized_enriched,max,0.25999727845191956,0.20708239078521729,1.255525827407837,1.255525827407837,840,88
2935,12499,specialized_enriched,active_fraction,0.0022395732812583447,0.0017871145391836762,1.253178358078003,1.253178358078003,868,88
2936,5957,specialized_enriched,mean,0.02048400230705738,0.01638173684477806,1.2504169940948486,1.2504169940948486,762,88
2937,5217,base_enriched,max,-0.19868959486484528,0.15914234519004822,-1.2485023736953735,1.2485023736953735,857,88
2938,257,base_enriched,max,-0.11374227702617645,0.09118659794330597,-1.2473573684692383,1.2473573684692383,324,88
2939,9765,base_enriched,max,-0.102152980864048,0.08196210861206055,-1.246343970298767,1.246343970298767,501,88
2940,9240,base_enriched,max,-0.29544875025749207,0.23711520433425903,-1.2460135221481323,1.2460135221481323,872,88
2941,11108,specialized_enriched,active_fraction,0.0023454001639038324,0.0018837607931345701,1.2450625896453857,1.2450625896453857,865,88
2942,2970,base_enriched,max,-0.37908339500427246,0.3048692047595978,-1.2434296607971191,1.2434296607971191,840,88
2943,2431,specialized_enriched,active_fraction,0.0048834956251084805,0.003930058795958757,1.2426011562347412,1.2426011562347412,812,88
2944,11215,base_enriched,max,-0.09190134704113007,0.07431667298078537,-1.236618161201477,1.236618161201477,778,88
2945,7226,specialized_enriched,active_fraction,0.005800300277769566,0.004692578222602606,1.2360583543777466,1.2360583543777466,853,88
2946,8781,base_enriched,max,-0.1710846722126007,0.13860109448432922,-1.2343673706054688,1.2343673706054688,870,88
2947,5126,base_enriched,active_fraction,-0.0009251883020624518,0.0007501925574615598,-1.2332677841186523,1.2332677841186523,615,88
2948,7214,base_enriched,mean,-0.010777047835290432,0.008743836544454098,-1.2325308322906494,1.2325308322906494,854,88
2949,11962,base_enriched,max,-0.21415674686431885,0.17377889156341553,-1.2323518991470337,1.2323518991470337,687,88
2950,11150,specialized_enriched,mean,0.00583331985399127,0.004736002534627914,1.2316969633102417,1.2316969633102417,715,88
2951,14137,base_enriched,max,-0.7173464894294739,0.5825476050376892,-1.2313954830169678,1.2313954830169678,837,88
2952,10337,specialized_enriched,active_fraction,0.002810074482113123,0.0022845095954835415,1.2300559282302856,1.2300559282302856,829,88
2953,4403,base_enriched,mean,-0.024416714906692505,0.019869718700647354,-1.2288404703140259,1.2288404703140259,663,88
2954,4301,base_enriched,max,-0.5474802255630493,0.446088045835495,-1.2272918224334717,1.2272918224334717,693,88
2955,15272,specialized_enriched,active_fraction,0.004038824234157801,0.0032925826963037252,1.2266432046890259,1.2266432046890259,747,88
2956,15320,specialized_enriched,mean,0.01784137822687626,0.014545234851539135,1.2266132831573486,1.2266132831573486,871,88
2957,3118,specialized_enriched,max,0.5235663652420044,0.42723754048347473,1.2254689931869507,1.2254689931869507,785,88
2958,8826,base_enriched,max,-0.2586437165737152,0.21108277142047882,-1.2253189086914062,1.2253189086914062,299,88
2959,6549,specialized_enriched,mean,0.019672846421599388,0.01607464626431465,1.2238432168960571,1.2238432168960571,791,88
2960,16086,specialized_enriched,active_fraction,0.006937035825103521,0.005671618971973658,1.2231138944625854,1.2231138944625854,858,88
2961,2723,base_enriched,max,-0.062204759567976,0.05086405947804451,-1.2229609489440918,1.2229609489440918,319,88
2962,2150,base_enriched,mean,-0.0027055474929511547,0.0022141030058264732,-1.2219610214233398,1.2219610214233398,198,88
2963,746,specialized_enriched,max,0.42376452684402466,0.3468039631843567,1.2219136953353882,1.2219136953353882,612,88
2964,10357,base_enriched,max,-0.15329532325267792,0.12551836669445038,-1.2212979793548584,1.2212979793548584,725,88
2965,13284,specialized_enriched,mean,0.0013505092356353998,0.0011060553370043635,1.221014142036438,1.221014142036438,148,88
2966,6357,specialized_enriched,active_fraction,0.0074621690437197685,0.006121971178799868,1.2189160585403442,1.2189160585403442,854,88
2967,16097,base_enriched,max,-0.5079374313354492,0.41706541180610657,-1.2178843021392822,1.2178843021392822,694,88
2968,14428,base_enriched,max,-0.11389216780662537,0.09360931068658829,-1.2166756391525269,1.2166756391525269,384,88
2969,9102,base_enriched,max,-0.1025753989815712,0.08444274216890335,-1.2147331237792969,1.2147331237792969,675,88
2970,5943,base_enriched,active_fraction,-0.002259054919704795,0.0018604202196002007,-1.2142713069915771,1.2142713069915771,845,88
2971,10564,base_enriched,max,-0.6698741912841797,0.5519663691520691,-1.2136141061782837,1.2136141061782837,823,88
2972,1549,base_enriched,mean,-0.0058361319825053215,0.004811079706996679,-1.213060736656189,1.213060736656189,285,88
2973,14418,specialized_enriched,active_fraction,0.002079755300655961,0.0017147618345916271,1.2128537893295288,1.2128537893295288,800,88
2974,5812,base_enriched,active_fraction,-0.0006529342499561608,0.0005383490934036672,-1.2128454446792603,1.2128454446792603,605,88
2975,12859,specialized_enriched,mean,0.008095978759229183,0.006676023360341787,1.212694764137268,1.212694764137268,767,88
2976,14320,base_enriched,active_fraction,-0.0007998798973858356,0.0006598701584152877,-1.2121777534484863,1.2121777534484863,560,88
2977,16118,specialized_enriched,mean,0.053738415241241455,0.044375497847795486,1.2109929323196411,1.2109929323196411,622,88
2978,11704,base_enriched,max,-0.26674124598503113,0.22085703909397125,-1.207755208015442,1.207755208015442,651,88
2979,10593,base_enriched,active_fraction,-0.0027728767599910498,0.0023001295048743486,-1.2055307626724243,1.2055307626724243,627,88
2980,12168,specialized_enriched,active_fraction,0.0032521092798560858,0.0026982284616678953,1.2052757740020752,1.2052757740020752,840,88
2981,7546,specialized_enriched,mean,0.02315489389002323,0.019224077463150024,1.204473614692688,1.204473614692688,872,88
2982,14574,specialized_enriched,active_fraction,0.003739450126886368,0.0031048425007611513,1.204392910003662,1.204392910003662,869,88
2983,10396,specialized_enriched,mean,0.016562150791287422,0.013763866387307644,1.2033065557479858,1.2033065557479858,736,88
2984,13052,specialized_enriched,mean,0.013339579105377197,0.01109734270721674,1.2020516395568848,1.2020516395568848,838,88
2985,3351,base_enriched,mean,-0.00897113885730505,0.0074643478728830814,-1.2018650770187378,1.2018650770187378,589,88
2986,10093,base_enriched,mean,-0.007957489229738712,0.0066321007907390594,-1.199844479560852,1.199844479560852,532,88
2987,7588,specialized_enriched,active_fraction,0.0005920144030824304,0.0004934744210913777,1.199686050415039,1.199686050415039,187,88
2988,499,base_enriched,max,-0.6188817024230957,0.5168828964233398,-1.1973344087600708,1.1973344087600708,752,88
2989,1434,base_enriched,max,-0.40384718775749207,0.3373487889766693,-1.1971206665039062,1.1971206665039062,868,88
2990,10676,base_enriched,max,-0.24181731045246124,0.2023610770702362,-1.1949793100357056,1.1949793100357056,394,88
2991,6437,specialized_enriched,max,0.3855196237564087,0.3229908347129822,1.1935930252075195,1.1935930252075195,544,88
2992,12599,base_enriched,active_fraction,-0.0016197825316339731,0.0013591012684628367,-1.1918041706085205,1.1918041706085205,632,88
2993,8981,base_enriched,max,-0.26677075028419495,0.22432498633861542,-1.1892155408859253,1.1892155408859253,862,88
2994,6154,base_enriched,max,-0.2604668140411377,0.21902717649936676,-1.189198613166809,1.189198613166809,747,88
2995,13226,base_enriched,max,-0.11194812506437302,0.09416083246469498,-1.1889033317565918,1.1889033317565918,383,88
2996,5027,base_enriched,mean,-0.005057428032159805,0.004254996310919523,-1.1885857582092285,1.1885857582092285,495,88
2997,9346,specialized_enriched,mean,0.004163812845945358,0.0035132996272295713,1.185157299041748,1.185157299041748,858,88
2998,1075,specialized_enriched,mean,0.011867532506585121,0.010014370083808899,1.185050368309021,1.185050368309021,831,88
2999,7026,base_enriched,max,-0.21847179532051086,0.18448591232299805,-1.1842193603515625,1.1842193603515625,798,88
3000,7542,base_enriched,mean,-0.0181732177734375,0.015346700325608253,-1.1841775178909302,1.1841775178909302,820,88
3001,11771,specialized_enriched,mean,0.016487237066030502,0.013925107195973396,1.1839935779571533,1.1839935779571533,858,88
3002,10860,base_enriched,max,-0.30917060375213623,0.26113447546958923,-1.183951735496521,1.183951735496521,780,88
3003,13992,specialized_enriched,mean,0.012188117019832134,0.010305334813892841,1.1826997995376587,1.1826997995376587,405,88
3004,8788,specialized_enriched,mean,0.021640334278345108,0.01829773187637329,1.182678461074829,1.182678461074829,710,88
3005,1852,base_enriched,max,-0.49837619066238403,0.4214172661304474,-1.182619333267212,1.182619333267212,725,88
3006,8578,specialized_enriched,active_fraction,0.0007064641686156392,0.0005976005340926349,1.182167887687683,1.182167887687683,755,88
3007,8886,specialized_enriched,active_fraction,0.000895983655937016,0.0007585322018712759,1.1812071800231934,1.1812071800231934,720,88
3008,9155,base_enriched,active_fraction,-0.0017271707765758038,0.001462860032916069,-1.1806808710098267,1.1806808710098267,532,88
3009,10035,base_enriched,max,-0.6781590580940247,0.5749824643135071,-1.1794430017471313,1.1794430017471313,858,88
3010,12294,base_enriched,max,-0.6493368744850159,0.5509897470474243,-1.1784917116165161,1.1784917116165161,331,88
3011,7444,specialized_enriched,active_fraction,0.0025574618484824896,0.002170177409425378,1.178457498550415,1.178457498550415,396,88
3012,9040,base_enriched,max,-0.46691611409187317,0.39679622650146484,-1.1767151355743408,1.1767151355743408,808,88
3013,9354,specialized_enriched,active_fraction,0.0015304565895348787,0.0013010408729314804,1.1763324737548828,1.1763324737548828,692,88
3014,4709,specialized_enriched,active_fraction,0.0049973600544035435,0.004248333163559437,1.1763107776641846,1.1763107776641846,648,88
3015,8250,base_enriched,active_fraction,-0.0009264568798244,0.0007878689793869853,-1.175902247428894,1.175902247428894,490,88
3016,15339,specialized_enriched,mean,0.005820445250719786,0.004964728374034166,1.1723592281341553,1.1723592281341553,534,88
3017,7153,base_enriched,max,-0.4136877655982971,0.3528999388217926,-1.1722522974014282,1.1722522974014282,783,88
3018,7665,specialized_enriched,mean,0.008376073092222214,0.0071487328968942165,1.1716864109039307,1.1716864109039307,785,88
3019,8509,specialized_enriched,mean,0.03308476135134697,0.02824879065155983,1.1711921691894531,1.1711921691894531,850,88
3020,10192,specialized_enriched,mean,0.010096252895891666,0.00862546544522047,1.170516848564148,1.170516848564148,647,88
3021,627,specialized_enriched,max,0.2262854278087616,0.19355140626430511,1.1691231727600098,1.1691231727600098,867,88
3022,8969,specialized_enriched,active_fraction,0.001073624356649816,0.0009195891325362027,1.1675044298171997,1.1675044298171997,736,88
3023,4747,specialized_enriched,active_fraction,0.0007501114159822464,0.0006425356841646135,1.1674237251281738,1.1674237251281738,426,88
3024,4730,specialized_enriched,mean,0.03433670103549957,0.029427753761410713,1.1668134927749634,1.1668134927749634,678,88
3025,12322,specialized_enriched,mean,0.010787054896354675,0.009257814846932888,1.165183663368225,1.165183663368225,662,88
3026,7269,base_enriched,max,-0.2150913029909134,0.18459875881671906,-1.1651828289031982,1.1651828289031982,645,88
3027,3292,specialized_enriched,active_fraction,0.0035988385789096355,0.0030898768454790115,1.1647191047668457,1.1647191047668457,864,88
3028,6498,base_enriched,max,-0.6065588593482971,0.5210832357406616,-1.1640344858169556,1.1640344858169556,836,88
3029,7590,base_enriched,active_fraction,-0.003000108525156975,0.0025779467541724443,-1.1637588739395142,1.1637588739395142,605,88
3030,7721,specialized_enriched,max,0.19832053780555725,0.1704811453819275,1.1632989645004272,1.1632989645004272,840,88
3031,7173,base_enriched,mean,-0.005782433319836855,0.004977429751306772,-1.1617307662963867,1.1617307662963867,839,88
3032,13355,base_enriched,max,-0.252207487821579,0.21720793843269348,-1.161133885383606,1.161133885383606,695,88
3033,11278,base_enriched,max,-0.14234420657157898,0.12298242747783661,-1.1574352979660034,1.1574352979660034,306,88
3034,9471,base_enriched,active_fraction,-0.000982736935839057,0.0008498815586790442,-1.1563222408294678,1.1563222408294678,187,88
3035,2119,base_enriched,active_fraction,-0.00025114015443250537,0.00021724187536165118,-1.1560393571853638,1.1560393571853638,158,88
3036,6269,base_enriched,max,-0.2915515899658203,0.2524282932281494,-1.1549878120422363,1.1549878120422363,793,88
3037,15263,base_enriched,active_fraction,-0.001159055856987834,0.0010036628227680922,-1.1548259258270264,1.1548259258270264,589,88
3038,9335,base_enriched,active_fraction,-0.0017297345912083983,0.0014979243278503418,-1.1547542810440063,1.1547542810440063,639,88
3039,2771,base_enriched,max,-0.131631538271904,0.11411139369010925,-1.1535354852676392,1.1535354852676392,676,88
3040,970,specialized_enriched,active_fraction,0.0012583000352606177,0.001091551617719233,1.152762770652771,1.152762770652771,665,88
3041,10527,base_enriched,max,-0.3248915672302246,0.2819221615791321,-1.1524158716201782,1.1524158716201782,820,88
3042,7323,specialized_enriched,mean,0.011101337149739265,0.00963579397648573,1.1520936489105225,1.1520936489105225,465,88
3043,7589,base_enriched,max,-0.2852879762649536,0.24777908623218536,-1.1513804197311401,1.1513804197311401,439,88
3044,2856,specialized_enriched,active_fraction,0.0025961233768612146,0.0022564944811165333,1.1505117416381836,1.1505117416381836,869,88
3045,12670,specialized_enriched,mean,0.010499891825020313,0.009136260487139225,1.1492549180984497,1.1492549180984497,855,88
3046,15269,base_enriched,max,-0.189628005027771,0.1651708483695984,-1.1480718851089478,1.1480718851089478,702,88
3047,10929,base_enriched,max,-0.3330487012863159,0.2913949489593506,-1.1429460048675537,1.1429460048675537,859,88
3048,3360,base_enriched,max,-0.1531931310892105,0.13409598171710968,-1.1424139738082886,1.1424139738082886,868,88
3049,749,base_enriched,max,-0.1608920842409134,0.14125490188598633,-1.13901948928833,1.13901948928833,632,88
3050,15557,base_enriched,max,-0.4738917052745819,0.416184663772583,-1.1386573314666748,1.1386573314666748,741,88
3051,12494,specialized_enriched,mean,0.004292882978916168,0.003773685544729233,1.137583613395691,1.137583613395691,567,88
3052,10109,specialized_enriched,mean,0.007564890664070845,0.006654297932982445,1.1368428468704224,1.1368428468704224,839,88
3053,2258,base_enriched,max,-0.11054687201976776,0.09724575281143188,-1.1367783546447754,1.1367783546447754,556,88
3054,15318,specialized_enriched,active_fraction,0.0022044868674129248,0.0019408049993216991,1.135862112045288,1.135862112045288,845,88
3055,525,base_enriched,max,-0.37817156314849854,0.33337318897247314,-1.1343790292739868,1.1343790292739868,755,88
3056,13905,base_enriched,active_fraction,-0.001434743171557784,0.001265139551833272,-1.134059190750122,1.134059190750122,575,88
3057,6884,base_enriched,max,-0.08505518734455109,0.075038380920887,-1.1334891319274902,1.1334891319274902,590,88
3058,12588,base_enriched,max,-0.6710665225982666,0.5928109288215637,-1.1320077180862427,1.1320077180862427,803,88
3059,2816,base_enriched,max,-0.2842410206794739,0.251316100358963,-1.1310099363327026,1.1310099363327026,756,88
3060,9750,base_enriched,max,-0.1343681812286377,0.11882267147302628,-1.1308294534683228,1.1308294534683228,493,88
3061,7635,specialized_enriched,active_fraction,0.0005237490404397249,0.0004633691278286278,1.1303062438964844,1.1303062438964844,235,88
3062,6987,base_enriched,max,-0.5427257418632507,0.48093417286872864,-1.1284823417663574,1.1284823417663574,840,88
3063,10408,base_enriched,max,-0.13125567138195038,0.11639928817749023,-1.127632975578308,1.127632975578308,419,88
3064,2336,base_enriched,max,-0.41347429156303406,0.36675962805747986,-1.1273713111877441,1.1273713111877441,522,88
3065,4158,base_enriched,active_fraction,-0.0009336161310784519,0.000828355026897043,-1.1270724534988403,1.1270724534988403,611,88
3066,12154,specialized_enriched,active_fraction,0.0028442826587706804,0.0025257233064621687,1.1261259317398071,1.1261259317398071,869,88
3067,3071,base_enriched,max,-0.5064816474914551,0.4499428868293762,-1.1256576776504517,1.1256576776504517,817,88
3068,3089,base_enriched,max,-0.33366188406944275,0.29683682322502136,-1.1240582466125488,1.1240582466125488,862,88
3069,1602,base_enriched,max,-0.6157112717628479,0.5485143661499023,-1.122507095336914,1.122507095336914,666,88
3070,8952,base_enriched,max,-1.0661746263504028,0.9503000974655151,-1.1219346523284912,1.1219346523284912,425,88
3071,3844,specialized_enriched,active_fraction,0.002482427516952157,0.002213354455307126,1.121567964553833,1.121567964553833,606,88
3072,10901,base_enriched,max,-0.12024664133787155,0.10733725130558014,-1.1202694177627563,1.1202694177627563,823,88
3073,5828,specialized_enriched,mean,0.005936103872954845,0.005301916506141424,1.1196147203445435,1.1196147203445435,492,88
3074,10256,specialized_enriched,active_fraction,0.0012332650367170572,0.0011029146844521165,1.1181871891021729,1.1181871891021729,799,88
3075,16308,specialized_enriched,max,0.3269485831260681,0.29292088747024536,1.1161668300628662,1.1161668300628662,835,88
3076,10550,specialized_enriched,mean,0.012259337119758129,0.01099108811467886,1.1153888702392578,1.1153888702392578,872,88
3077,6354,specialized_enriched,mean,0.0211198590695858,0.018988726660609245,1.1122314929962158,1.1122314929962158,213,88
3078,11811,base_enriched,mean,-0.007780070416629314,0.006995028350502253,-1.1122286319732666,1.1122286319732666,660,88
3079,7719,base_enriched,max,-0.2113349437713623,0.1904890537261963,-1.1094335317611694,1.1094335317611694,829,88
3080,2877,base_enriched,max,-0.10757631063461304,0.09703034907579422,-1.1086872816085815,1.1086872816085815,300,88
3081,1668,base_enriched,mean,-0.007511591538786888,0.006785538978874683,-1.1069999933242798,1.1069999933242798,687,88
3082,14442,base_enriched,max,-0.2415061742067337,0.21825052797794342,-1.1065548658370972,1.1065548658370972,871,88
3083,15843,base_enriched,max,-0.27904704213142395,0.25247088074684143,-1.1052643060684204,1.1052643060684204,813,88
3084,9969,base_enriched,active_fraction,-0.001252303016372025,0.0011337421601638198,-1.1045747995376587,1.1045747995376587,428,88
3085,5838,specialized_enriched,active_fraction,0.002018773229792714,0.001830408931709826,1.1029083728790283,1.1029083728790283,788,88
3086,8998,base_enriched,max,-0.5021756887435913,0.4559684693813324,-1.1013386249542236,1.1013386249542236,833,88
3087,436,base_enriched,max,-0.5398414731025696,0.4903342127799988,-1.1009663343429565,1.1009663343429565,559,88
3088,12090,specialized_enriched,mean,0.005777501035481691,0.0052483282051980495,1.1008269786834717,1.1008269786834717,510,88
3089,15218,base_enriched,max,-0.7045421600341797,0.6430690884590149,-1.0955932140350342,1.0955932140350342,695,88
3090,9763,specialized_enriched,mean,0.00801093503832817,0.007313665468245745,1.0953378677368164,1.0953378677368164,699,88
3091,461,base_enriched,max,-0.3863394856452942,0.35287973284721375,-1.094819188117981,1.094819188117981,735,88
3092,849,base_enriched,active_fraction,-0.002409478183835745,0.002202379982918501,-1.0940338373184204,1.0940338373184204,868,88
3093,1437,base_enriched,active_fraction,-0.002243547700345516,0.002052340190857649,-1.093165636062622,1.093165636062622,736,88
3094,10575,base_enriched,max,-0.44813773036003113,0.4100431501865387,-1.0929038524627686,1.0929038524627686,776,88
3095,12789,specialized_enriched,active_fraction,0.0017931206384673715,0.0016420627944171429,1.091992735862732,1.091992735862732,856,88
3096,1236,specialized_enriched,max,0.4335199296474457,0.3975415825843811,1.090502142906189,1.090502142906189,838,88
3097,7784,base_enriched,max,-0.11774618178606033,0.10818643867969513,-1.0883636474609375,1.0883636474609375,870,88
3098,5083,base_enriched,max,-0.07856559008359909,0.07219346612691879,-1.0882645845413208,1.0882645845413208,854,88
3099,6968,base_enriched,active_fraction,-0.0013781613670289516,0.001266716280952096,-1.0879795551300049,1.0879795551300049,623,88
3100,15647,specialized_enriched,max,0.12057594209909439,0.1111796572804451,1.0845143795013428,1.0845143795013428,870,88
3101,4226,base_enriched,mean,-0.0067400555126369,0.006225839722901583,-1.0825937986373901,1.0825937986373901,619,88
3102,9418,specialized_enriched,mean,0.00930052436888218,0.008618900552392006,1.0790847539901733,1.0790847539901733,714,88
3103,6267,base_enriched,active_fraction,-0.00193889532238245,0.0017986514139920473,-1.0779716968536377,1.0779716968536377,735,88
3104,7001,specialized_enriched,mean,0.004158964846283197,0.003860977478325367,1.0771793127059937,1.0771793127059937,691,88
3105,6999,specialized_enriched,active_fraction,0.0030184811912477016,0.0028027603402733803,1.0769672393798828,1.0769672393798828,757,88
3106,7265,base_enriched,max,-0.32437318563461304,0.3012388348579407,-1.076797366142273,1.076797366142273,619,88
3107,9310,base_enriched,max,-0.5811773538589478,0.5399042367935181,-1.07644522190094,1.07644522190094,511,88
3108,6477,base_enriched,active_fraction,-0.0007351897656917572,0.0006840323912911117,-1.074787974357605,1.074787974357605,681,88
3109,12467,specialized_enriched,active_fraction,0.002777853747829795,0.0025879095774143934,1.0733968019485474,1.0733968019485474,835,88
3110,8600,base_enriched,max,-0.48015308380126953,0.44746389985084534,-1.073054313659668,1.073054313659668,578,88
3111,12071,base_enriched,max,-0.11121911555528641,0.10366333276033401,-1.072887659072876,1.072887659072876,498,88
3112,7538,base_enriched,max,-0.2611237168312073,0.24339641630649567,-1.0728330612182617,1.0728330612182617,798,88
3113,1058,base_enriched,max,-0.2530818581581116,0.23599068820476532,-1.0724231004714966,1.0724231004714966,577,88
3114,3461,specialized_enriched,active_fraction,0.0006876745610497892,0.0006413502851501107,1.072229266166687,1.072229266166687,667,88
3115,4182,base_enriched,active_fraction,-0.0019184822449460626,0.001790703390724957,-1.0713567733764648,1.0713567733764648,811,88
3116,12932,specialized_enriched,mean,0.0005516052478924394,0.0005158602143637836,1.0692920684814453,1.0692920684814453,134,88
3117,5592,base_enriched,max,-0.12581531703472137,0.11766944080591202,-1.0692267417907715,1.0692267417907715,665,88
3118,11976,specialized_enriched,active_fraction,0.0031183110550045967,0.0029164652805775404,1.069209098815918,1.069209098815918,872,88
3119,14100,specialized_enriched,mean,0.011150120757520199,0.010429566726088524,1.0690876245498657,1.0690876245498657,853,88
3120,3620,specialized_enriched,mean,0.001491435687057674,0.0014005665434524417,1.0648802518844604,1.0648802518844604,326,88
3121,5104,specialized_enriched,active_fraction,0.0015441185096278787,0.0014526925515383482,1.062935471534729,1.062935471534729,850,88
3122,12732,base_enriched,max,-0.10974064469337463,0.10420152544975281,-1.0531578063964844,1.0531578063964844,463,88
3123,13744,base_enriched,mean,-0.014845684170722961,0.014114518649876118,-1.051802396774292,1.051802396774292,771,88
3124,601,specialized_enriched,active_fraction,0.006293328013271093,0.0059866514056921005,1.0512267351150513,1.0512267351150513,872,88
3125,11419,specialized_enriched,active_fraction,0.0005795411998406053,0.0005515477969311178,1.0507543087005615,1.0507543087005615,540,88
3126,12212,specialized_enriched,active_fraction,0.0014139662962406874,0.00134579639416188,1.0506539344787598,1.0506539344787598,794,88
3127,10430,specialized_enriched,max,0.401775985956192,0.3832780718803406,1.048262357711792,1.048262357711792,640,88
3128,15498,base_enriched,active_fraction,-0.004920116625726223,0.004697464872151613,-1.047398328781128,1.047398328781128,845,88
3129,9224,specialized_enriched,active_fraction,0.0017651048256084323,0.0016887254314497113,1.0452290773391724,1.0452290773391724,800,88
3130,8152,base_enriched,max,-0.12545421719551086,0.12021169066429138,-1.0436108112335205,1.0436108112335205,869,88
3131,13107,base_enriched,active_fraction,-0.002470371313393116,0.0023758364841341972,-1.039790153503418,1.039790153503418,831,88
3132,14909,base_enriched,max,-0.312245637178421,0.30031225085258484,-1.0397366285324097,1.0397366285324097,534,88
3133,15876,specialized_enriched,active_fraction,0.0008570205536670983,0.0008270185790024698,1.0362772941589355,1.0362772941589355,701,88
3134,9167,specialized_enriched,active_fraction,0.004088273271918297,0.003945167176425457,1.036273717880249,1.036273717880249,798,88
3135,6852,base_enriched,active_fraction,-0.001436907798051834,0.001393777783960104,-1.0309447050094604,1.0309447050094604,852,88
3136,7509,specialized_enriched,mean,0.011661600321531296,0.011325374245643616,1.0296878814697266,1.0296878814697266,871,88
3137,889,base_enriched,max,-0.4231286346912384,0.41097328066825867,-1.0295770168304443,1.0295770168304443,258,88
3138,575,specialized_enriched,active_fraction,0.0015448459889739752,0.001504880958236754,1.0265569686889648,1.0265569686889648,806,88
3139,2607,base_enriched,max,-0.2200581431388855,0.2144157737493515,-1.0263150930404663,1.0263150930404663,870,88
3140,11035,base_enriched,max,-0.358477920293808,0.349551796913147,-1.0255359411239624,1.0255359411239624,840,88
3141,15696,base_enriched,max,-0.5668990612030029,0.5529473423957825,-1.0252315998077393,1.0252315998077393,552,88
3142,1571,base_enriched,max,-0.15899573266506195,0.15549024939537048,-1.0225447416305542,1.0225447416305542,619,88
3143,6430,specialized_enriched,mean,0.022945404052734375,0.022499192506074905,1.0198323726654053,1.0198323726654053,830,88
3144,12466,base_enriched,max,-0.08631790429353714,0.08494974672794342,-1.0161055326461792,1.0161055326461792,375,88
3145,1398,specialized_enriched,mean,0.026767242699861526,0.026351680979132652,1.0157698392868042,1.0157698392868042,639,88
3146,2250,base_enriched,mean,-0.006339902523905039,0.006243050564080477,-1.01551353931427,1.01551353931427,605,88
3147,13965,base_enriched,mean,-0.008191556669771671,0.008067525923252106,-1.0153740644454956,1.0153740644454956,715,88
3148,9933,base_enriched,active_fraction,-0.0021134044509381056,0.0020817264448851347,-1.0152171850204468,1.0152171850204468,684,88
3149,4524,base_enriched,max,-0.22705304622650146,0.22379016876220703,-1.0145801305770874,1.0145801305770874,608,88
3150,7644,base_enriched,mean,-0.014140005223453045,0.013937167823314667,-1.0145536661148071,1.0145536661148071,585,88
3151,14883,base_enriched,max,-0.2923964262008667,0.2885688543319702,-1.0132639408111572,1.0132639408111572,865,88
3152,15605,specialized_enriched,mean,0.01284982543438673,0.012691790238022804,1.0124517679214478,1.0124517679214478,805,88
3153,14354,specialized_enriched,mean,0.005633775610476732,0.005571603309363127,1.01115882396698,1.01115882396698,698,88
3154,2576,base_enriched,max,-0.31036290526390076,0.3070641756057739,-1.0107427835464478,1.0107427835464478,822,88
3155,531,specialized_enriched,mean,0.014252861961722374,0.014111689291894436,1.010003924369812,1.010003924369812,599,88
3156,1897,base_enriched,mean,-0.012400675565004349,0.012291966006159782,-1.0088438987731934,1.0088438987731934,801,88
3157,6578,specialized_enriched,mean,0.019105343148112297,0.018941843882203102,1.0086315870285034,1.0086315870285034,704,88
3158,3772,specialized_enriched,mean,0.013246394693851471,0.013135813176631927,1.008418321609497,1.008418321609497,643,88
3159,7829,base_enriched,active_fraction,-0.0017951522022485733,0.0017834200989454985,-1.0065784454345703,1.0065784454345703,788,88
3160,9434,base_enriched,mean,-0.012417717836797237,0.0123423021286726,-1.0061103105545044,1.0061103105545044,539,88
3161,3752,specialized_enriched,mean,0.007454965263605118,0.007425048388540745,1.0040291547775269,1.0040291547775269,700,88
3162,9486,base_enriched,max,-0.09545330703258514,0.09521284699440002,-1.0025254487991333,1.0025254487991333,594,88
3163,16089,base_enriched,max,-0.28588297963142395,0.2853088676929474,-1.0020122528076172,1.0020122528076172,829,88
3164,7677,specialized_enriched,max,0.2612849771976471,0.2608437240123749,1.0016915798187256,1.0016915798187256,634,88
3165,14283,base_enriched,max,-0.388104110956192,0.3885284662246704,-0.9989078044891357,0.9989078044891357,774,88
3166,2966,base_enriched,max,-0.47447991371154785,0.47598016262054443,-0.9968481063842773,0.9968481063842773,820,88
3167,268,specialized_enriched,active_fraction,0.0006020035943947732,0.0006047987844794989,0.995378315448761,0.995378315448761,605,88
3168,5693,specialized_enriched,active_fraction,0.0002893847122322768,0.000290874857455492,0.9948770403862,0.9948770403862,139,88
3169,6399,base_enriched,active_fraction,-0.002316568046808243,0.0023305013310164213,-0.9940213561058044,0.9940213561058044,795,88
3170,13336,specialized_enriched,active_fraction,0.0007343824254348874,0.0007405762444250286,0.9916365146636963,0.9916365146636963,623,88
3171,8382,base_enriched,max,-0.5834779143333435,0.5885907411575317,-0.9913134574890137,0.9913134574890137,637,88
3172,10803,specialized_enriched,mean,0.002967018401250243,0.0029962919652462006,0.9902300834655762,0.9902300834655762,608,88
3173,4915,specialized_enriched,mean,0.006644741166383028,0.006722354330122471,0.9884544610977173,0.9884544610977173,807,88
3174,12748,base_enriched,mean,-0.01291228923946619,0.013074536807835102,-0.9875905513763428,0.9875905513763428,716,88
3175,11057,base_enriched,max,-0.0658634603023529,0.06702972948551178,-0.9826006889343262,0.9826006889343262,485,88
3176,2515,base_enriched,max,-0.4690123200416565,0.4781484305858612,-0.9808927178382874,0.9808927178382874,545,88
3177,1238,specialized_enriched,mean,0.007285690400749445,0.007459438405930996,0.9767076373100281,0.9767076373100281,661,88
3178,851,base_enriched,active_fraction,-0.00157814915291965,0.0016240429831668735,-0.9717410206794739,0.9717410206794739,871,88
3179,2625,specialized_enriched,mean,0.010667956434190273,0.010981583967804909,0.9714406132698059,0.9714406132698059,835,88
3180,9939,base_enriched,max,-0.09941179305315018,0.10244690626859665,-0.970373809337616,0.970373809337616,663,88
3181,14084,base_enriched,max,-0.13672783970832825,0.14101362228393555,-0.9696072936058044,0.9696072936058044,865,88
3182,4135,specialized_enriched,mean,0.02169177122414112,0.02238404005765915,0.9690731167793274,0.9690731167793274,868,88
3183,10970,specialized_enriched,active_fraction,0.0030199538450688124,0.003117138985544443,0.9688223004341125,0.9688223004341125,836,88
3184,13354,base_enriched,max,-0.5932889580726624,0.6146295070648193,-0.9652789831161499,0.9652789831161499,828,88
3185,13982,specialized_enriched,max,0.1118345782160759,0.11590542644262314,0.9648778438568115,0.9648778438568115,860,88
3186,4313,specialized_enriched,max,0.36121684312820435,0.3745751976966858,0.9643373489379883,0.9643373489379883,851,88
3187,15707,base_enriched,max,-0.18106603622436523,0.18791033327579498,-0.9635767936706543,0.9635767936706543,580,88
3188,10274,specialized_enriched,active_fraction,0.0030519175343215466,0.0031709459144622087,0.962462842464447,0.962462842464447,684,88
3189,6691,base_enriched,max,-0.5191247463226318,0.540199339389801,-0.960987389087677,0.960987389087677,493,88
3190,1299,base_enriched,max,-0.14542150497436523,0.15145117044448853,-0.9601873755455017,0.9601873755455017,555,88
3191,2406,base_enriched,active_fraction,-0.0026627827901393175,0.002776196226477623,-0.9591479301452637,0.9591479301452637,855,88
3192,3537,specialized_enriched,mean,0.027520712465047836,0.02873903140425682,0.9576075077056885,0.9576075077056885,832,88
3193,12299,base_enriched,mean,-0.011945050209760666,0.012500746175646782,-0.9555469751358032,0.9555469751358032,728,88
3194,6603,base_enriched,max,-0.22651594877243042,0.23719891905784607,-0.9549619555473328,0.9549619555473328,577,88
3195,8702,specialized_enriched,mean,0.01637180894613266,0.01714620180428028,0.9548358917236328,0.9548358917236328,816,88
3196,4682,specialized_enriched,active_fraction,0.0024201327469199896,0.0025404642801731825,0.9526340365409851,0.9526340365409851,515,88
3197,8158,base_enriched,max,-0.3901616930961609,0.409689337015152,-0.9523354768753052,0.9523354768753052,824,88
3198,7843,specialized_enriched,active_fraction,0.0008535695378668606,0.000896456534974277,0.9521594047546387,0.9521594047546387,545,88
3199,7699,base_enriched,active_fraction,-0.0019426568178460002,0.0020413417369127274,-0.9516568183898926,0.9516568183898926,772,88
3200,5973,base_enriched,max,-0.4946516156196594,0.5199933052062988,-0.9512653350830078,0.9512653350830078,564,88
3201,2874,base_enriched,mean,-0.011652533896267414,0.012276789173483849,-0.9491515755653381,0.9491515755653381,603,88
3202,4812,base_enriched,mean,-0.019254054874181747,0.02028954029083252,-0.9489645957946777,0.9489645957946777,626,88
3203,1890,base_enriched,mean,-0.016850795596837997,0.01775955967605114,-0.9488295912742615,0.9488295912742615,691,88
3204,8195,base_enriched,mean,-0.025298230350017548,0.02669096365571022,-0.9478200674057007,0.9478200674057007,453,88
3205,7695,specialized_enriched,active_fraction,0.0026751672849059105,0.002825289499014616,0.9468648433685303,0.9468648433685303,827,88
3206,8082,base_enriched,max,-0.4716933071613312,0.4987102746963501,-0.9458263516426086,0.9458263516426086,662,88
3207,2380,base_enriched,max,-0.21601733565330505,0.22859635949134827,-0.9449727535247803,0.9449727535247803,554,88
3208,44,specialized_enriched,mean,0.008915160782635212,0.009440728463232517,0.9443297386169434,0.9443297386169434,755,88
3209,685,specialized_enriched,active_fraction,0.0026259489823132753,0.0027840493712574244,0.94321209192276,0.94321209192276,850,88
3210,4664,specialized_enriched,active_fraction,0.0019716129172593355,0.0020927111618220806,0.9421333074569702,0.9421333074569702,679,88
3211,3204,specialized_enriched,active_fraction,0.000590949843171984,0.0006281934911385179,0.940713107585907,0.940713107585907,521,88
3212,4357,base_enriched,mean,-0.014370966702699661,0.015279119834303856,-0.9405624866485596,0.9405624866485596,751,88
3213,5163,base_enriched,max,-0.20018169283866882,0.21346759796142578,-0.9377614855766296,0.9377614855766296,869,88
3214,2549,base_enriched,max,-0.5872796773910522,0.6268061995506287,-0.9369397759437561,0.9369397759437561,538,88
3215,1586,base_enriched,active_fraction,-0.0040064612403512,0.0042817555367946625,-0.935705304145813,0.935705304145813,818,88
3216,1610,base_enriched,max,-0.4614984691143036,0.49425429105758667,-0.9337267875671387,0.9337267875671387,544,88
3217,8262,specialized_enriched,active_fraction,0.0024062045849859715,0.0025777604896575212,0.9334477186203003,0.9334477186203003,858,88
3218,1111,base_enriched,mean,-0.02285889908671379,0.024503033608198166,-0.9329007863998413,0.9329007863998413,145,88
3219,16188,base_enriched,max,-0.13872183859348297,0.1490454524755478,-0.9307351112365723,0.9307351112365723,526,88
3220,8146,base_enriched,max,-0.9282271862030029,0.9973317980766296,-0.93071049451828,0.93071049451828,530,88
3221,10622,base_enriched,active_fraction,-0.0007637201342731714,0.0008211798849515617,-0.9300278425216675,0.9300278425216675,634,88
3222,1224,base_enriched,mean,-0.004538318607956171,0.004883169196546078,-0.9293797612190247,0.9293797612190247,599,88
3223,5530,specialized_enriched,active_fraction,0.00046849806676618755,0.000505025265738368,0.9276725053787231,0.9276725053787231,416,88
3224,11794,specialized_enriched,active_fraction,0.0007535801269114017,0.0008126927423290908,0.9272632598876953,0.9272632598876953,711,88
3225,5556,specialized_enriched,active_fraction,0.000588501337915659,0.0006351894699037075,0.9264973402023315,0.9264973402023315,657,88
3226,10178,specialized_enriched,active_fraction,0.002739183371886611,0.0029642863664776087,0.92406165599823,0.92406165599823,858,88
3227,2060,specialized_enriched,active_fraction,0.0015382278943434358,0.0016650768229737878,0.9238179922103882,0.9238179922103882,844,88
3228,11626,specialized_enriched,mean,0.011307383887469769,0.012251283042132854,0.9229550957679749,0.9229550957679749,844,88
3229,9517,base_enriched,active_fraction,-0.0013637187657877803,0.0014815599424764514,-0.9204614162445068,0.9204614162445068,599,88
3230,10798,specialized_enriched,mean,0.004452417138963938,0.0048394291661679745,0.9200294017791748,0.9200294017791748,431,88
3231,16013,base_enriched,mean,-0.01132595632225275,0.012323916889727116,-0.9190224409103394,0.9190224409103394,764,88
3232,14408,base_enriched,mean,-0.016510453075170517,0.01797066628932953,-0.9187446236610413,0.9187446236610413,768,88
3233,10931,specialized_enriched,active_fraction,0.0010322039015591145,0.0011237534927204251,0.9185323119163513,0.9185323119163513,803,88
3234,7986,base_enriched,max,-0.0878179520368576,0.0956268310546875,-0.9183400869369507,0.9183400869369507,786,88
3235,14362,base_enriched,max,-0.16757813096046448,0.18252240121364594,-0.9181236624717712,0.9181236624717712,560,88
3236,14931,specialized_enriched,max,0.37160247564315796,0.40953731536865234,0.907371461391449,0.907371461391449,787,88
3237,7914,base_enriched,active_fraction,-0.001259134034626186,0.001388426753692329,-0.9068782329559326,0.9068782329559326,851,88
3238,14755,specialized_enriched,active_fraction,0.001181899686343968,0.0013049455592408776,0.9057080149650574,0.9057080149650574,817,88
3239,4931,base_enriched,max,-0.14323559403419495,0.15847456455230713,-0.903839647769928,0.903839647769928,324,88
3240,2330,specialized_enriched,mean,0.010300809517502785,0.011399701237678528,0.9036034345626831,0.9036034345626831,849,88
3241,1375,base_enriched,active_fraction,-0.0008718978497199714,0.0009671652223914862,-0.9014983177185059,0.9014983177185059,747,88
3242,12292,specialized_enriched,active_fraction,0.001848052255809307,0.002051543677225709,0.9008105993270874,0.9008105993270874,737,88
3243,4984,specialized_enriched,active_fraction,0.0020669272635132074,0.0022957816254347563,0.9003152847290039,0.9003152847290039,625,88
3244,9233,base_enriched,max,-0.15066656470298767,0.16781969368457794,-0.8977883458137512,0.8977883458137512,785,88
3245,5839,base_enriched,max,-0.2527116537094116,0.2819826602935791,-0.8961957097053528,0.8961957097053528,864,88
3246,3849,specialized_enriched,mean,0.006920428480952978,0.007722115144133568,0.8961830139160156,0.8961830139160156,863,88
3247,13871,base_enriched,mean,-0.005376283545047045,0.006007642485201359,-0.8949073553085327,0.8949073553085327,853,88
3248,12355,base_enriched,max,-0.23662564158439636,0.2644587755203247,-0.8947543501853943,0.8947543501853943,655,88
3249,1267,specialized_enriched,mean,0.0011456777574494481,0.0012828030157834291,0.8931049704551697,0.8931049704551697,279,88
3250,15208,specialized_enriched,active_fraction,0.0003544563369359821,0.00039719342021271586,0.8924023509025574,0.8924023509025574,570,88
3251,1958,base_enriched,max,-0.4117550849914551,0.461404412984848,-0.8923951983451843,0.8923951983451843,853,88
3252,14344,specialized_enriched,mean,0.005246167071163654,0.005884307902306318,0.8915520906448364,0.8915520906448364,319,88
3253,153,base_enriched,active_fraction,-0.0021545677445828915,0.0024182689376175404,-0.8909545540809631,0.8909545540809631,766,88
3254,11076,base_enriched,mean,-0.010135739110410213,0.011450248770415783,-0.885198175907135,0.885198175907135,597,88
3255,2248,base_enriched,active_fraction,-0.0036209106910973787,0.004093295428901911,-0.884595513343811,0.884595513343811,872,88
3256,8684,base_enriched,max,-0.5081440806388855,0.5752852559089661,-0.8832906484603882,0.8832906484603882,521,88
3257,13593,specialized_enriched,active_fraction,0.004310412798076868,0.0048809112049639225,0.8831164240837097,0.8831164240837097,838,88
3258,16288,base_enriched,mean,-0.017443740740418434,0.019768089056015015,-0.8824191689491272,0.8824191689491272,694,88
3259,2167,base_enriched,max,-0.13530443608760834,0.15397052466869354,-0.8787684440612793,0.8787684440612793,754,88
3260,9688,specialized_enriched,mean,0.002742767333984375,0.0031380895525217056,0.8740245699882507,0.8740245699882507,811,88
3261,16023,base_enriched,mean,-0.006425644736737013,0.007354172877967358,-0.8737413287162781,0.8737413287162781,679,88
3262,9984,specialized_enriched,mean,0.012960185296833515,0.014838393777608871,0.873422384262085,0.873422384262085,456,88
3263,11596,base_enriched,mean,-0.011232571676373482,0.012882106006145477,-0.8719515204429626,0.8719515204429626,746,88
3264,12061,specialized_enriched,active_fraction,0.00122400326654315,0.0014052772894501686,0.8710048198699951,0.8710048198699951,558,88
3265,11484,specialized_enriched,active_fraction,0.0038090639282017946,0.004377518780529499,0.8701422214508057,0.8701422214508057,841,88
3266,4379,base_enriched,max,-0.20651116967201233,0.23767955601215363,-0.8688638210296631,0.8688638210296631,463,88
3267,2059,specialized_enriched,mean,0.010782729834318161,0.012451228685677052,0.8659972548484802,0.8659972548484802,774,88
3268,2322,specialized_enriched,max,0.7761082649230957,0.9002578258514404,0.8620955348014832,0.8620955348014832,709,88
3269,1961,base_enriched,max,-0.29098382592201233,0.3388347923755646,-0.8587778806686401,0.8587778806686401,870,88
3270,2126,specialized_enriched,max,0.22103925049304962,0.2576361298561096,0.857951283454895,0.857951283454895,796,88
3271,13118,specialized_enriched,mean,0.01427708100527525,0.016641197726130486,0.857935905456543,0.857935905456543,868,88
3272,6631,specialized_enriched,active_fraction,0.001575886970385909,0.0018437070539221168,0.8547382950782776,0.8547382950782776,512,88
3273,4483,base_enriched,mean,-0.0030159882735460997,0.0035474952310323715,-0.8501740097999573,0.8501740097999573,302,88
3274,15376,specialized_enriched,mean,0.008203400298953056,0.009653613902628422,0.8497750759124756,0.8497750759124756,306,88
3275,4162,specialized_enriched,active_fraction,0.0009653579327277839,0.0011402833042666316,0.8465948104858398,0.8465948104858398,597,88
3276,12913,base_enriched,max,-0.215506911277771,0.2548302412033081,-0.8456881046295166,0.8456881046295166,280,88
3277,7187,specialized_enriched,max,0.15367232263088226,0.18187692761421204,0.8449247479438782,0.8449247479438782,802,88
3278,4205,base_enriched,active_fraction,-0.004787391982972622,0.005714547820389271,-0.8377551436424255,0.8377551436424255,744,88
3279,13695,base_enriched,active_fraction,-0.0010567066492512822,0.0012615852756425738,-0.8376022577285767,0.8376022577285767,859,88
3280,14123,base_enriched,max,-0.11779160797595978,0.14064811170101166,-0.8374915719032288,0.8374915719032288,672,88
3281,1092,base_enriched,max,-0.15167605876922607,0.18130329251289368,-0.8365874290466309,0.8365874290466309,872,88
3282,6993,base_enriched,mean,-0.005856567062437534,0.007002857513725758,-0.8363110423088074,0.8363110423088074,777,88
3283,3024,base_enriched,max,-0.2749568521976471,0.331301748752594,-0.8299287557601929,0.8299287557601929,613,88
3284,11598,base_enriched,max,-0.2910042703151703,0.3509974181652069,-0.8290780782699585,0.8290780782699585,590,88
3285,9503,base_enriched,max,-0.07793082296848297,0.09408571571111679,-0.8282960057258606,0.8282960057258606,616,88
3286,2859,base_enriched,mean,-0.019866028800606728,0.024016862735152245,-0.8271700143814087,0.8271700143814087,777,88
3287,11497,specialized_enriched,mean,0.013507372699677944,0.016333719715476036,0.826962411403656,0.826962411403656,303,88
3288,574,base_enriched,max,-0.782190203666687,0.9469188451766968,-0.8260372281074524,0.8260372281074524,724,88
3289,7478,base_enriched,max,-0.15244367718696594,0.18527373671531677,-0.8228024244308472,0.8228024244308472,508,88
3290,90,specialized_enriched,mean,0.008176715113222599,0.00994152296334505,0.8224811553955078,0.8224811553955078,869,88
3291,5088,specialized_enriched,mean,0.007710620760917664,0.009404681622982025,0.8198704719543457,0.8198704719543457,631,88
3292,6302,specialized_enriched,active_fraction,0.0012964648194611073,0.0015863326843827963,0.8172717094421387,0.8172717094421387,696,88
3293,10934,specialized_enriched,active_fraction,0.003672896884381771,0.004497780930250883,0.8166019916534424,0.8166019916534424,852,88
3294,6181,specialized_enriched,max,0.42020121216773987,0.5157631039619446,0.8147174715995789,0.8147174715995789,771,88
3295,8497,base_enriched,max,-0.21609057486057281,0.26534298062324524,-0.8143820762634277,0.8143820762634277,718,88
3296,12542,base_enriched,active_fraction,-0.0015516591956838965,0.0019143546232953668,-0.8105390667915344,0.8105390667915344,742,88
3297,6497,base_enriched,active_fraction,-0.00409814715385437,0.005069116596132517,-0.8084539175033569,0.8084539175033569,758,88
3298,6043,base_enriched,max,-0.3788699209690094,0.470258891582489,-0.8056624531745911,0.8056624531745911,525,88
3299,7375,base_enriched,max,-0.2006767839193344,0.24926617741584778,-0.8050702214241028,0.8050702214241028,411,88
3300,15748,base_enriched,max,-0.43584439158439636,0.5425252914428711,-0.8033623695373535,0.8033623695373535,654,88
3301,9193,specialized_enriched,mean,0.005516276229172945,0.00689610606059432,0.7999117374420166,0.7999117374420166,652,88
3302,7959,base_enriched,max,-0.47180232405662537,0.5938073992729187,-0.7945376038551331,0.7945376038551331,781,88
3303,7701,base_enriched,max,-0.2719249725341797,0.34331607818603516,-0.792054295539856,0.792054295539856,584,88
3304,616,base_enriched,max,-0.14797420799732208,0.18687810003757477,-0.791822075843811,0.791822075843811,660,88
3305,4399,base_enriched,max,-0.11303597688674927,0.14336812496185303,-0.788431704044342,0.788431704044342,674,88
3306,7120,specialized_enriched,active_fraction,0.002255657222121954,0.0028611274901777506,0.7883805632591248,0.7883805632591248,804,88
3307,10827,base_enriched,max,-0.4002203047275543,0.5095194578170776,-0.7854858040809631,0.7854858040809631,787,88
3308,3763,base_enriched,max,-0.05800100043416023,0.07390742003917694,-0.7847791314125061,0.7847791314125061,410,88
3309,6974,specialized_enriched,max,0.2405296117067337,0.3065972924232483,0.7845131754875183,0.7845131754875183,458,88
3310,14050,base_enriched,max,-0.4272165596485138,0.5482245683670044,-0.7792729139328003,0.7792729139328003,519,88
3311,13085,base_enriched,mean,-0.005554696079343557,0.00716277863830328,-0.7754945755004883,0.7754945755004883,544,88
3312,11517,base_enriched,mean,-0.004490511026233435,0.005831939168274403,-0.7699859142303467,0.7699859142303467,816,88
3313,10401,base_enriched,max,-0.15928415954113007,0.20692235231399536,-0.7697774171829224,0.7697774171829224,673,88
3314,4861,base_enriched,mean,-0.020308269187808037,0.02640347182750702,-0.7691514492034912,0.7691514492034912,806,88
3315,6562,base_enriched,max,-0.17833393812179565,0.23295077681541443,-0.7655434608459473,0.7655434608459473,870,88
3316,9162,specialized_enriched,mean,0.001191879971884191,0.0015591067494824529,0.7644633650779724,0.7644633650779724,228,88
3317,6792,base_enriched,max,-0.5509833693504333,0.7229729890823364,-0.7621078491210938,0.7621078491210938,523,88
3318,3708,base_enriched,mean,-0.004314875230193138,0.005682557355612516,-0.7593192458152771,0.7593192458152771,692,88
3319,7992,specialized_enriched,active_fraction,0.0016648847376927733,0.0021973643451929092,0.7576735019683838,0.7576735019683838,825,88
3320,10851,specialized_enriched,active_fraction,0.0014381231740117073,0.0019018095917999744,0.7561867237091064,0.7561867237091064,685,88
3321,8865,base_enriched,mean,-0.004076030571013689,0.005390936508774757,-0.7560895085334778,0.7560895085334778,754,88
3322,10652,base_enriched,max,-0.12174327671527863,0.1613234579563141,-0.75465327501297,0.75465327501297,411,88
3323,8900,specialized_enriched,mean,0.009054813534021378,0.01204853504896164,0.7515281438827515,0.7515281438827515,839,88
3324,7446,base_enriched,max,-0.2262059450149536,0.30113205313682556,-0.7511852383613586,0.7511852383613586,785,88
3325,8486,specialized_enriched,active_fraction,0.000313772150548175,0.0004191765037830919,0.7485442161560059,0.7485442161560059,583,88
3326,3625,base_enriched,max,-0.3876408040523529,0.518813967704773,-0.7471672296524048,0.7471672296524048,774,88
3327,13963,base_enriched,max,-0.144326850771904,0.1938810795545578,-0.7444091439247131,0.7444091439247131,603,88
3328,3670,base_enriched,max,-0.3579533100128174,0.48172974586486816,-0.7430583238601685,0.7430583238601685,354,88
3329,5078,base_enriched,active_fraction,-0.0010738106211647391,0.0014462551334872842,-0.7424766421318054,0.7424766421318054,677,88
3330,13891,specialized_enriched,active_fraction,0.0012826608726754785,0.0017394477035850286,0.7373954653739929,0.7373954653739929,865,88
3331,6711,specialized_enriched,active_fraction,0.000756064138840884,0.0010279507841914892,0.7355061769485474,0.7355061769485474,851,88
3332,8379,base_enriched,mean,-0.005249316338449717,0.007141784764826298,-0.7350146174430847,0.7350146174430847,597,88
3333,4598,base_enriched,max,-0.07750613242387772,0.10588546097278595,-0.7319808602333069,0.7319808602333069,501,88
3334,2819,specialized_enriched,mean,0.025617307052016258,0.035142481327056885,0.7289555668830872,0.7289555668830872,773,88
3335,15672,specialized_enriched,active_fraction,0.0010183999547734857,0.0013976573245599866,0.7286478281021118,0.7286478281021118,840,88
3336,16036,specialized_enriched,mean,0.009789644740521908,0.013451297767460346,0.7277843952178955,0.7277843952178955,644,88
3337,16310,base_enriched,max,-0.28854355216026306,0.39693865180015564,-0.7269222736358643,0.7269222736358643,602,88
3338,9448,specialized_enriched,active_fraction,0.0021482601296156645,0.0029700372833758593,0.7233108282089233,0.7233108282089233,522,88
3339,2722,base_enriched,mean,-0.014466875232756138,0.02003481425344944,-0.7220867872238159,0.7220867872238159,814,88
3340,3709,base_enriched,active_fraction,-0.0008552196668460965,0.0011895801872015,-0.7189255952835083,0.7189255952835083,771,88
3341,2922,specialized_enriched,active_fraction,0.0010355483973398805,0.0014460459351539612,0.7161241173744202,0.7161241173744202,844,88
3342,6568,base_enriched,active_fraction,-0.0019737244583666325,0.002761691575869918,-0.7146795392036438,0.7146795392036438,588,88
3343,5661,specialized_enriched,mean,0.0034899157471954823,0.004904025699943304,0.7116430401802063,0.7116430401802063,522,88
3344,9461,base_enriched,max,-0.11721475422382355,0.1655283421278,-0.7081249952316284,0.7081249952316284,866,88
3345,6922,base_enriched,max,-0.1930953562259674,0.27289286255836487,-0.7075867056846619,0.7075867056846619,274,88
3346,15089,base_enriched,active_fraction,-0.0012582024792209268,0.0017880985978990793,-0.703653872013092,0.703653872013092,690,88
3347,7111,base_enriched,active_fraction,-0.0011476029176265001,0.0016348721692338586,-0.7019526958465576,0.7019526958465576,804,88
3348,7497,base_enriched,max,-0.13162699341773987,0.18776991963386536,-0.7010014653205872,0.7010014653205872,872,88
3349,7004,specialized_enriched,mean,0.0052752117626369,0.007534501608461142,0.7001407742500305,0.7001407742500305,871,88
3350,827,base_enriched,max,-0.1324809193611145,0.18937505781650543,-0.6995689868927002,0.6995689868927002,824,88
3351,8312,base_enriched,mean,-0.0023528786841779947,0.003379133762791753,-0.6962963938713074,0.6962963938713074,367,88
3352,15693,base_enriched,max,-0.08334960788488388,0.11973703652620316,-0.6961054801940918,0.6961054801940918,383,88
3353,8165,base_enriched,mean,-0.003359186928719282,0.004839142318814993,-0.6941698789596558,0.6941698789596558,373,88
3354,2377,base_enriched,max,-0.2768304944038391,0.40051281452178955,-0.6911901235580444,0.6911901235580444,580,88
3355,287,base_enriched,active_fraction,-0.0006918885046616197,0.001001751865260303,-0.6906785368919373,0.6906785368919373,824,88
3356,10908,base_enriched,max,-0.4435047209262848,0.6461400389671326,-0.6863909959793091,0.6863909959793091,855,88
3357,14895,base_enriched,active_fraction,-0.0005711577832698822,0.0008348984410986304,-0.6841045022010803,0.6841045022010803,582,88
3358,15095,specialized_enriched,mean,0.004104070831090212,0.006005031056702137,0.6834387183189392,0.6834387183189392,568,88
3359,3002,base_enriched,max,-0.1328306645154953,0.1951664835214615,-0.6806018352508545,0.6806018352508545,405,88
3360,15203,base_enriched,max,-0.21066497266292572,0.310127317905426,-0.67928546667099,0.67928546667099,856,88
3361,4459,base_enriched,max,-0.2111487090587616,0.3137153089046478,-0.6730583310127258,0.6730583310127258,366,88
3362,11413,base_enriched,max,-0.26736804842948914,0.39754924178123474,-0.6725407242774963,0.6725407242774963,551,88
3363,11980,specialized_enriched,active_fraction,0.0005544085870496929,0.0008244693162851036,0.6724429726600647,0.6724429726600647,502,88
3364,2893,base_enriched,active_fraction,-0.0025629973970353603,0.003825234016403556,-0.6700236797332764,0.6700236797332764,768,88
3365,3378,specialized_enriched,mean,0.010037790052592754,0.014999104663729668,0.6692259311676025,0.6692259311676025,602,88
3366,10684,specialized_enriched,max,0.5486146211624146,0.8233758211135864,0.6662991642951965,0.6662991642951965,716,88
3367,2051,specialized_enriched,max,0.3677007555961609,0.553428590297699,0.6644050478935242,0.6644050478935242,788,88
3368,4039,specialized_enriched,active_fraction,0.0007168969605118036,0.0010791021632030606,0.6643458008766174,0.6643458008766174,591,88
3369,13381,base_enriched,active_fraction,-0.0011525264708325267,0.0017377561889588833,-0.6632267832756042,0.6632267832756042,459,88
3370,8345,base_enriched,max,-0.24033430218696594,0.3624584674835205,-0.6630671620368958,0.6630671620368958,862,88
3371,3720,base_enriched,active_fraction,-0.0010782907484099269,0.0016307566547766328,-0.6612211465835571,0.6612211465835571,813,88
3372,7536,specialized_enriched,max,0.11479378491640091,0.17506113648414612,0.6557353734970093,0.6557353734970093,766,88
3373,9499,base_enriched,active_fraction,-0.0022173149045556784,0.003383694216609001,-0.6552941203117371,0.6552941203117371,775,88
3374,2262,specialized_enriched,active_fraction,0.000601072097197175,0.0009174439474008977,0.6551594734191895,0.6551594734191895,756,88
3375,7338,specialized_enriched,active_fraction,0.0012587258825078607,0.0019245354924350977,0.6540414094924927,0.6540414094924927,821,88
3376,13706,base_enriched,active_fraction,-0.00041553584742359817,0.0006372970528900623,-0.652028501033783,0.652028501033783,495,88
3377,1900,specialized_enriched,mean,0.0161698367446661,0.024805264547467232,0.6518711447715759,0.6518711447715759,541,88
3378,4820,base_enriched,mean,-0.014541386626660824,0.022499503567814827,-0.6462981104850769,0.6462981104850769,841,88
3379,12994,specialized_enriched,active_fraction,0.00044393318239599466,0.0006890207878313959,0.6442957520484924,0.6442957520484924,722,88
3380,3174,base_enriched,max,-0.3962799906730652,0.6170481443405151,-0.6422188878059387,0.6422188878059387,866,88
3381,3363,base_enriched,active_fraction,-0.00099398591555655,0.0015510449884459376,-0.6408491730690002,0.6408491730690002,767,88
3382,2904,specialized_enriched,active_fraction,0.0016095804749056697,0.002516351640224457,0.6396484971046448,0.6396484971046448,822,88
3383,11029,base_enriched,max,-0.2545648515224457,0.4015366733074188,-0.6339765787124634,0.6339765787124634,733,88
3384,11521,base_enriched,max,-0.25594112277030945,0.40685978531837463,-0.629064679145813,0.629064679145813,589,88
3385,7769,specialized_enriched,mean,0.0022891198750585318,0.0036462389398366213,0.6278030276298523,0.6278030276298523,565,88
3386,12826,specialized_enriched,active_fraction,0.0009383002179674804,0.0014965476002544165,0.6269765496253967,0.6269765496253967,669,88
3387,8335,specialized_enriched,max,0.057309456169605255,0.09143561124801636,0.6267738938331604,0.6267738938331604,665,88
3388,9220,base_enriched,max,-0.20935682952404022,0.3349868357181549,-0.6249703168869019,0.6249703168869019,865,88
3389,12436,specialized_enriched,max,0.2758607268333435,0.4434787631034851,0.6220381855964661,0.6220381855964661,772,88
3390,13141,base_enriched,active_fraction,-0.002349560847505927,0.003783513093367219,-0.620999813079834,0.620999813079834,749,88
3391,14858,base_enriched,max,-0.3058616518974304,0.49256083369255066,-0.6209622025489807,0.6209622025489807,663,88
3392,13957,specialized_enriched,max,0.07542923092842102,0.1216687336564064,0.6199557781219482,0.6199557781219482,625,88
3393,93,base_enriched,active_fraction,-0.0006857672124169767,0.0011101921554654837,-0.6177013516426086,0.6177013516426086,341,88
3394,7560,base_enriched,max,-0.14198310673236847,0.2312285602092743,-0.6140379309654236,0.6140379309654236,785,88
3395,8894,base_enriched,active_fraction,-0.0022257694508880377,0.0036450603511184454,-0.610626220703125,0.610626220703125,816,88
3396,13764,specialized_enriched,active_fraction,0.00037997931940481067,0.0006247097044251859,0.6082494258880615,0.6082494258880615,680,88
3397,4712,specialized_enriched,mean,0.013264598324894905,0.021846188232302666,0.6071813702583313,0.6071813702583313,693,88
3398,16257,base_enriched,mean,-0.004976165946573019,0.008216113783419132,-0.6056593060493469,0.6056593060493469,687,88
3399,4144,base_enriched,active_fraction,-0.0009656152105890214,0.0015945087652653456,-0.605587899684906,0.605587899684906,870,88
3400,13751,specialized_enriched,active_fraction,0.0009247713023796678,0.0015407362952828407,0.600213885307312,0.600213885307312,736,88
3401,9421,base_enriched,active_fraction,-0.0008556987158954144,0.001427471055649221,-0.5994508266448975,0.5994508266448975,776,88
3402,12595,specialized_enriched,max,0.18944403529167175,0.317315936088562,0.5970202088356018,0.5970202088356018,589,88
3403,7633,specialized_enriched,active_fraction,0.0020294811110943556,0.0034043793566524982,0.5961383581161499,0.5961383581161499,820,88
3404,7399,specialized_enriched,max,0.05854378640651703,0.09878136217594147,0.5926602482795715,0.5926602482795715,746,88
3405,1380,specialized_enriched,mean,0.0190903153270483,0.03222860023379326,0.5923408269882202,0.5923408269882202,522,88
3406,15515,specialized_enriched,active_fraction,0.0007808774244040251,0.0013199804816395044,0.5915825366973877,0.5915825366973877,453,88
3407,11303,base_enriched,mean,-0.0014408333227038383,0.0024364127311855555,-0.5913748741149902,0.5913748741149902,553,88
3408,11649,base_enriched,max,-0.1464911848306656,0.24798257648944855,-0.5907317399978638,0.5907317399978638,585,88
3409,778,specialized_enriched,max,0.21514807641506195,0.36489802598953247,0.5896115303039551,0.5896115303039551,787,88
3410,790,specialized_enriched,active_fraction,0.000728465209249407,0.0012394749792292714,0.5877208113670349,0.5877208113670349,662,88
3411,13220,base_enriched,mean,-0.01108756847679615,0.019044311717152596,-0.582198441028595,0.582198441028595,867,88
3412,1649,specialized_enriched,mean,0.009857865050435066,0.017052114009857178,0.5781022310256958,0.5781022310256958,849,88
3413,1047,base_enriched,max,-0.19861918687820435,0.34422826766967773,-0.5769984722137451,0.5769984722137451,451,88
3414,4723,specialized_enriched,active_fraction,0.001905272714793682,0.0033085111062973738,0.575870156288147,0.575870156288147,859,88
3415,5354,specialized_enriched,max,0.1622956097126007,0.28278082609176636,0.5739272236824036,0.5739272236824036,701,88
3416,5681,specialized_enriched,mean,0.0057404981926083565,0.010098337195813656,0.5684597492218018,0.5684597492218018,745,88
3417,14029,base_enriched,max,-0.015375182032585144,0.027082355692982674,-0.5677195191383362,0.5677195191383362,156,88
3418,4075,specialized_enriched,mean,0.0031679640524089336,0.005605265032500029,0.5651764869689941,0.5651764869689941,693,88
3419,16082,specialized_enriched,mean,0.0021963207982480526,0.003894105786457658,0.5640115737915039,0.5640115737915039,638,88
3420,6714,base_enriched,max,-0.149100661277771,0.2671864330768585,-0.5580397844314575,0.5580397844314575,556,88
3421,9962,specialized_enriched,max,0.2051507979631424,0.3684333264827728,0.5568193197250366,0.5568193197250366,827,88
3422,1139,specialized_enriched,mean,0.007792477495968342,0.014021898619830608,0.555736243724823,0.555736243724823,790,88
3423,7966,specialized_enriched,max,0.10430141538381577,0.18939243257045746,0.5507158637046814,0.5507158637046814,710,88
3424,29,specialized_enriched,active_fraction,0.0011461834656074643,0.002083567902445793,0.5501061081886292,0.5501061081886292,866,88
3425,14717,specialized_enriched,mean,0.002008553361520171,0.003666446777060628,0.5478201508522034,0.5478201508522034,413,88
3426,6102,specialized_enriched,active_fraction,0.0007395101129077375,0.0013537203194573522,0.5462798476219177,0.5462798476219177,712,88
3427,15611,specialized_enriched,mean,0.002842135727405548,0.005207929294556379,0.5457323789596558,0.5457323789596558,614,88
3428,9082,specialized_enriched,active_fraction,0.0009439068962819874,0.0017452280735597014,0.5408501625061035,0.5408501625061035,800,88
3429,8102,specialized_enriched,active_fraction,0.001858174568042159,0.0034439482260495424,0.5395477414131165,0.5395477414131165,804,88
3430,12252,base_enriched,max,-0.14948447048664093,0.277677446603775,-0.5383385419845581,0.5383385419845581,627,88
3431,12667,base_enriched,mean,-0.0025001170579344034,0.004729532171040773,-0.5286182761192322,0.5286182761192322,131,88
3432,2143,base_enriched,active_fraction,-0.0013967381091788411,0.0026459682267159224,-0.5278741121292114,0.5278741121292114,664,88
3433,7224,specialized_enriched,max,0.14766192436218262,0.27997562289237976,0.5274099111557007,0.5274099111557007,256,88
3434,16076,base_enriched,active_fraction,-0.0021626760717481375,0.004149834159761667,-0.521147608757019,0.521147608757019,772,88
3435,13093,base_enriched,max,-0.13612373173236847,0.26203858852386475,-0.5194796919822693,0.5194796919822693,423,88
3436,6855,specialized_enriched,active_fraction,0.0003700167580973357,0.0007160064997151494,0.5167784690856934,0.5167784690856934,709,88
3437,10044,base_enriched,max,-0.06190497800707817,0.1210799515247345,-0.5112735629081726,0.5112735629081726,630,88
3438,433,base_enriched,mean,-0.011618060059845448,0.0227323230355978,-0.5110810995101929,0.5110810995101929,736,88
3439,1684,specialized_enriched,mean,0.0075749596580863,0.014865603297948837,0.5095629096031189,0.5095629096031189,661,88
3440,12945,specialized_enriched,active_fraction,0.0012057371204718947,0.0023685151245445013,0.5090687870979309,0.5090687870979309,619,88
3441,2077,specialized_enriched,mean,0.002858042251318693,0.005623647943139076,0.5082185864448547,0.5082185864448547,670,88
3442,4029,base_enriched,active_fraction,-0.00040507648373022676,0.0007996700005605817,-0.5065545439720154,0.5065545439720154,475,88
3443,1469,base_enriched,max,-0.13984829187393188,0.2796436548233032,-0.5000946521759033,0.5000946521759033,725,88
3444,11972,base_enriched,active_fraction,-0.0011181586887687445,0.0022596127819269896,-0.49484527111053467,0.49484527111053467,488,88
3445,5809,base_enriched,mean,-0.0033705246169120073,0.007091567851603031,-0.47528624534606934,0.47528624534606934,561,88
3446,11681,specialized_enriched,active_fraction,0.0007262385333888233,0.0015508356736972928,0.46828851103782654,0.46828851103782654,758,88
3447,6400,specialized_enriched,mean,0.0028587430715560913,0.006110564339905977,0.4678361713886261,0.4678361713886261,422,88
3448,16093,base_enriched,max,-0.05330214276909828,0.11408104747533798,-0.4672304689884186,0.4672304689884186,822,88
3449,14321,base_enriched,mean,-0.0033713807351887226,0.007255086675286293,-0.46469199657440186,0.46469199657440186,721,88
3450,16074,base_enriched,active_fraction,-0.0012238878989592195,0.0027426970191299915,-0.44623517990112305,0.44623517990112305,562,88
3451,11009,base_enriched,active_fraction,-0.00044093464384786785,0.0009943443583324552,-0.44344258308410645,0.44344258308410645,763,88
3452,5441,specialized_enriched,max,0.1749500334262848,0.3950013816356659,0.44290992617607117,0.44290992617607117,531,88
3453,6369,base_enriched,mean,-0.0056635658256709576,0.013258283957839012,-0.42717185616493225,0.42717185616493225,830,88
3454,2905,specialized_enriched,mean,0.005488036200404167,0.01292392797768116,0.424641489982605,0.424641489982605,480,88
3455,9165,base_enriched,active_fraction,-0.001138057210482657,0.002726095961406827,-0.41746777296066284,0.41746777296066284,839,88
3456,5247,specialized_enriched,mean,0.0037962181959301233,0.009181728586554527,0.4134535491466522,0.4134535491466522,766,88
3457,886,base_enriched,mean,-0.0127542894333601,0.030900800600647926,-0.4127494692802429,0.4127494692802429,770,88
3458,6699,base_enriched,max,-0.03316224738955498,0.0835413709282875,-0.3969559967517853,0.3969559967517853,101,88
3459,11535,base_enriched,active_fraction,-0.0003473680990282446,0.0008755144663155079,-0.3967588245868683,0.3967588245868683,734,88
3460,6130,specialized_enriched,mean,0.0029579163528978825,0.0074745784513652325,0.395730197429657,0.395730197429657,832,88
3461,10648,specialized_enriched,active_fraction,0.0005625170306302607,0.0014630353543907404,0.38448628783226013,0.38448628783226013,726,88
3462,7705,specialized_enriched,active_fraction,0.001135129714384675,0.0029690968804061413,0.3823148012161255,0.3823148012161255,872,88
3463,6448,specialized_enriched,mean,0.005403163842856884,0.014261972159147263,0.3788510859012604,0.3788510859012604,854,88
3464,14711,base_enriched,max,-0.07649891078472137,0.2021322101354599,-0.37845978140830994,0.37845978140830994,733,88
3465,9475,specialized_enriched,mean,0.0023536060471087694,0.006371448282152414,0.36939892172813416,0.36939892172813416,504,88
3466,9396,specialized_enriched,max,0.19992505013942719,0.541678786277771,0.3690841495990753,0.3690841495990753,576,88
3467,6056,specialized_enriched,active_fraction,0.001652517938055098,0.00457816431298852,0.36095646023750305,0.36095646023750305,858,88
3468,4488,specialized_enriched,mean,0.0077478098683059216,0.021677430719137192,0.357413649559021,0.357413649559021,869,88
3469,16238,specialized_enriched,active_fraction,0.00031625613337382674,0.0008889824384823442,0.35575070977211,0.35575070977211,608,88
3470,13969,base_enriched,max,-0.03858557343482971,0.10993538796901703,-0.3509840965270996,0.3509840965270996,158,88
3471,5271,specialized_enriched,active_fraction,0.0008586617186665535,0.0024714749306440353,0.3474288582801819,0.3474288582801819,857,88
3472,10893,specialized_enriched,mean,0.004019227344542742,0.011661602184176445,0.3446548283100128,0.3446548283100128,829,88
3473,8488,specialized_enriched,active_fraction,0.00047878886107355356,0.0013917642645537853,0.34401577711105347,0.34401577711105347,710,88
3474,8246,specialized_enriched,mean,0.005747631192207336,0.01681012474000454,0.3419148325920105,0.3419148325920105,721,88
3475,2590,specialized_enriched,max,0.08079124242067337,0.23631510138511658,0.34187930822372437,0.34187930822372437,495,88
3476,9067,specialized_enriched,max,0.07837595045566559,0.22960396111011505,0.34135279059410095,0.34135279059410095,557,88
3477,16263,specialized_enriched,active_fraction,0.0003559112665243447,0.001137063605710864,0.313009113073349,0.313009113073349,552,88
3478,1006,specialized_enriched,mean,0.00360107421875,0.011651217937469482,0.3090727627277374,0.3090727627277374,872,88
3479,100,specialized_enriched,mean,0.003487147856503725,0.01137812715023756,0.30647820234298706,0.30647820234298706,860,88
3480,12164,base_enriched,max,-0.15802143514156342,0.5318440794944763,-0.2971198558807373,0.2971198558807373,333,88
3481,1550,specialized_enriched,active_fraction,0.0013163278345018625,0.0048398650251328945,0.27197614312171936,0.27197614312171936,824,88
3482,16069,base_enriched,max,-0.030786700546741486,0.11345705389976501,-0.2713511288166046,0.2713511288166046,702,88
3483,13104,specialized_enriched,active_fraction,0.00029995053773745894,0.0012509218649938703,0.23978358507156372,0.23978358507156372,688,88
3484,6332,specialized_enriched,mean,0.002295267768204212,0.010437550954520702,0.219904825091362,0.219904825091362,787,88
3485,16176,specialized_enriched,mean,0.002320702187716961,0.011556351557374,0.20081616938114166,0.20081616938114166,838,88
3486,8584,base_enriched,max,-0.1792650818824768,0.9363107681274414,-0.19145895540714264,0.19145895540714264,633,88
3487,9799,base_enriched,mean,-0.0005063877324573696,0.004394993185997009,-0.11521922796964645,0.11521922796964645,769,88
3488,12117,specialized_enriched,max,0.0043877181597054005,0.057793889194726944,0.07592010498046875,0.07592010498046875,109,88
