rank,feature_id,orientation,summary,effect,null_sd,ev,abs_ev,support,minimum_support
1,10532,specialized_enriched,mean,0.279480904340744,0.03423578292131424,8.16341495513916,8.16341495513916,236,27
2,6565,specialized_enriched,mean,0.11209072917699814,0.013783044181764126,8.132509231567383,8.132509231567383,244,27
3,1395,specialized_enriched,mean,0.17667119204998016,0.02179810218513012,8.104888916015625,8.104888916015625,234,27
4,11172,specialized_enriched,mean,0.11786777526140213,0.01458527147769928,8.081287384033203,8.081287384033203,244,27
5,1767,specialized_enriched,mean,0.16106119751930237,0.020081670954823494,8.020308494567871,8.020308494567871,249,27
6,16044,specialized_enriched,mean,0.1690819412469864,0.021429013460874557,7.8903279304504395,7.8903279304504395,249,27
7,9632,specialized_enriched,mean,0.20215168595314026,0.02667967416346073,7.576992511749268,7.576992511749268,245,27
8,6859,specialized_enriched,mean,0.20911060273647308,0.027736052870750427,7.539306640625,7.539306640625,258,27
9,11153,specialized_enriched,active_fraction,0.015364731661975384,0.0020711023826152086,7.4186248779296875,7.4186248779296875,247,27
10,1189,specialized_enriched,max,5.369165420532227,0.7366735935211182,7.28839111328125,7.28839111328125,248,27
11,7027,specialized_enriched,max,13.192024230957031,1.8187601566314697,7.2533063888549805,7.2533063888549805,247,27
12,5352,specialized_enriched,max,16.12298583984375,2.230550765991211,7.228253364562988,7.228253364562988,237,27
13,11814,specialized_enriched,active_fraction,0.012005939148366451,0.0016620818059891462,7.2234344482421875,7.2234344482421875,239,27
14,10068,specialized_enriched,mean,0.0664953887462616,0.00936231017112732,7.102455139160156,7.102455139160156,247,27
15,1985,specialized_enriched,mean,0.12191132456064224,0.01721438579261303,7.081944465637207,7.081944465637207,246,27
16,15015,specialized_enriched,max,7.8883256912231445,1.1153098344802856,7.072766304016113,7.072766304016113,255,27
17,14190,specialized_enriched,max,7.207142353057861,1.021102786064148,7.058194637298584,7.058194637298584,239,27
18,4116,specialized_enriched,active_fraction,0.04004852846264839,0.005704960320144892,7.019948482513428,7.019948482513428,256,27
19,16349,specialized_enriched,max,16.66449546813965,2.393505096435547,6.962381362915039,6.962381362915039,245,27
20,1672,specialized_enriched,max,13.855629920959473,1.994551420211792,6.946739673614502,6.946739673614502,263,27
21,2503,specialized_enriched,active_fraction,0.029612336307764053,0.0042884391732513905,6.905154705047607,6.905154705047607,244,27
22,5572,specialized_enriched,mean,0.18646085262298584,0.02703966572880745,6.895826816558838,6.895826816558838,249,27
23,6895,specialized_enriched,max,10.787196159362793,1.5711685419082642,6.865715503692627,6.865715503692627,246,27
24,14383,specialized_enriched,max,4.1005859375,0.6013371348381042,6.819113254547119,6.819113254547119,268,27
25,13397,specialized_enriched,mean,0.06251794844865799,0.009178198873996735,6.811570644378662,6.811570644378662,250,27
26,11565,specialized_enriched,mean,0.16612426936626434,0.02439122460782528,6.810821056365967,6.810821056365967,247,27
27,14818,specialized_enriched,max,15.348917007446289,2.2672011852264404,6.769984722137451,6.769984722137451,234,27
28,5827,specialized_enriched,active_fraction,0.02427632361650467,0.0035961184184998274,6.750701904296875,6.750701904296875,247,27
29,12911,specialized_enriched,max,7.881786346435547,1.1698352098464966,6.737518310546875,6.737518310546875,250,27
30,6900,specialized_enriched,max,10.615493774414062,1.5773899555206299,6.72978401184082,6.72978401184082,244,27
31,9188,specialized_enriched,max,4.262342929840088,0.6345801949501038,6.71679162979126,6.71679162979126,266,27
32,7694,specialized_enriched,max,8.29965591430664,1.2369861602783203,6.709578514099121,6.709578514099121,264,27
33,16209,specialized_enriched,max,4.9852094650268555,0.7529870271682739,6.620578289031982,6.620578289031982,259,27
34,12406,specialized_enriched,max,7.608719825744629,1.1494200229644775,6.619616508483887,6.619616508483887,260,27
35,5267,specialized_enriched,mean,0.24004551768302917,0.03647089749574661,6.581837177276611,6.581837177276611,258,27
36,5070,specialized_enriched,max,15.528307914733887,2.361051559448242,6.5768609046936035,6.5768609046936035,254,27
37,2326,specialized_enriched,mean,0.09482096135616302,0.01446828618645668,6.553710460662842,6.553710460662842,237,27
38,5383,specialized_enriched,active_fraction,0.030840329825878143,0.004736490547657013,6.511219501495361,6.511219501495361,261,27
39,63,specialized_enriched,active_fraction,0.03030467964708805,0.004657586570829153,6.506519794464111,6.506519794464111,268,27
40,8959,specialized_enriched,active_fraction,0.014798611402511597,0.0022771623916924,6.498707294464111,6.498707294464111,251,27
41,5832,specialized_enriched,max,10.185917854309082,1.568886637687683,6.492449760437012,6.492449760437012,253,27
42,1932,specialized_enriched,max,8.031373977661133,1.2407909631729126,6.472785472869873,6.472785472869873,229,27
43,14688,specialized_enriched,max,7.495821952819824,1.161621332168579,6.4528961181640625,6.4528961181640625,245,27
44,9958,specialized_enriched,max,12.148672103881836,1.8833955526351929,6.450409412384033,6.450409412384033,257,27
45,9875,specialized_enriched,max,5.315664768218994,0.8246508836746216,6.445957660675049,6.445957660675049,261,27
46,5240,specialized_enriched,max,4.949014663696289,0.7722351551055908,6.408688545227051,6.408688545227051,262,27
47,16053,specialized_enriched,max,11.543858528137207,1.8040040731430054,6.399020195007324,6.399020195007324,241,27
48,10087,specialized_enriched,max,5.479170799255371,0.8582998514175415,6.383749008178711,6.383749008178711,256,27
49,6911,specialized_enriched,active_fraction,0.022871065884828568,0.0035834305454045534,6.382450103759766,6.382450103759766,255,27
50,9494,specialized_enriched,max,6.115691661834717,0.958938717842102,6.377562522888184,6.377562522888184,253,27
51,3035,specialized_enriched,max,8.887896537780762,1.3949357271194458,6.371545791625977,6.371545791625977,241,27
52,15402,base_enriched,mean,-0.10507240891456604,0.01651691272854805,-6.361504077911377,6.361504077911377,268,27
53,14183,specialized_enriched,max,3.5048580169677734,0.5527089834213257,6.341235637664795,6.341235637664795,267,27
54,2724,specialized_enriched,max,10.426980018615723,1.6443771123886108,6.3409905433654785,6.3409905433654785,261,27
55,14171,specialized_enriched,mean,0.10856184363365173,0.01715869829058647,6.326927661895752,6.326927661895752,235,27
56,14387,specialized_enriched,mean,0.220880389213562,0.03503618389368057,6.304350852966309,6.304350852966309,262,27
57,12305,specialized_enriched,max,9.996773719787598,1.5909788608551025,6.283410549163818,6.283410549163818,229,27
58,12031,specialized_enriched,max,12.14665699005127,1.936815857887268,6.271456718444824,6.271456718444824,245,27
59,1573,specialized_enriched,max,11.74913501739502,1.8775736093521118,6.25761604309082,6.25761604309082,237,27
60,4220,specialized_enriched,max,8.416942596435547,1.3464465141296387,6.251226902008057,6.251226902008057,262,27
61,841,specialized_enriched,active_fraction,0.031711217015981674,0.005075213499367237,6.248252868652344,6.248252868652344,255,27
62,8956,specialized_enriched,active_fraction,0.02304941415786743,0.003693154314532876,6.241118431091309,6.241118431091309,262,27
63,5998,specialized_enriched,max,8.100054740905762,1.2985734939575195,6.237656116485596,6.237656116485596,267,27
64,3624,specialized_enriched,max,7.771292686462402,1.2511875629425049,6.2111334800720215,6.2111334800720215,253,27
65,1769,specialized_enriched,active_fraction,0.061977386474609375,0.010001860558986664,6.196585655212402,6.196585655212402,267,27
66,6746,specialized_enriched,max,6.623293876647949,1.0690124034881592,6.195713043212891,6.195713043212891,257,27
67,14523,specialized_enriched,max,4.0022993087768555,0.6473180055618286,6.182895183563232,6.182895183563232,255,27
68,12956,specialized_enriched,active_fraction,0.031383682042360306,0.005149528384208679,6.09447717666626,6.09447717666626,242,27
69,3484,specialized_enriched,max,6.506860733032227,1.0706456899642944,6.077510833740234,6.077510833740234,240,27
70,10669,specialized_enriched,active_fraction,0.023471325635910034,0.0038695649709552526,6.065623760223389,6.065623760223389,248,27
71,2117,specialized_enriched,max,5.552042007446289,0.9172113537788391,6.053176403045654,6.053176403045654,250,27
72,1410,specialized_enriched,max,8.170907974243164,1.3515533208847046,6.045568466186523,6.045568466186523,260,27
73,453,base_enriched,active_fraction,-0.01474047265946865,0.002441755263134837,-6.036834716796875,6.036834716796875,268,27
74,15006,specialized_enriched,active_fraction,0.024813471361994743,0.004126803483814001,6.012758255004883,6.012758255004883,261,27
75,601,base_enriched,mean,-0.16152219474315643,0.026877695694565773,-6.009525299072266,6.009525299072266,268,27
76,1123,specialized_enriched,max,13.970431327819824,2.326225996017456,6.005620956420898,6.005620956420898,220,27
77,1853,specialized_enriched,max,5.020458221435547,0.8366946578025818,6.000347137451172,6.000347137451172,268,27
78,1244,specialized_enriched,active_fraction,0.04541571065783501,0.007573307957500219,5.99681282043457,5.99681282043457,267,27
79,6225,specialized_enriched,active_fraction,0.02864970453083515,0.004793146625161171,5.977222442626953,5.977222442626953,246,27
80,8182,specialized_enriched,max,2.8337743282318115,0.47424060106277466,5.975393772125244,5.975393772125244,217,27
81,4758,specialized_enriched,max,8.850922584533691,1.4821691513061523,5.9716010093688965,5.9716010093688965,226,27
82,5120,base_enriched,active_fraction,-0.016889113932847977,0.002832253696396947,-5.963136196136475,5.963136196136475,268,27
83,7066,specialized_enriched,mean,0.10616225004196167,0.017820274457335472,5.957386016845703,5.957386016845703,265,27
84,7445,specialized_enriched,mean,0.10422378033399582,0.017499202862381935,5.955915927886963,5.955915927886963,246,27
85,10778,specialized_enriched,max,2.2075257301330566,0.37513354420661926,5.884639739990234,5.884639739990234,244,27
86,6839,specialized_enriched,max,10.811906814575195,1.8403459787368774,5.874931812286377,5.874931812286377,259,27
87,3970,specialized_enriched,active_fraction,0.02420169487595558,0.004131619818508625,5.857676982879639,5.857676982879639,262,27
88,14567,base_enriched,mean,-0.10120072960853577,0.017308030277490616,-5.847039222717285,5.847039222717285,267,27
89,962,specialized_enriched,max,10.000445365905762,1.7183101177215576,5.819930553436279,5.819930553436279,235,27
90,15204,specialized_enriched,active_fraction,0.05144022777676582,0.008849277161061764,5.812930107116699,5.812930107116699,238,27
91,859,specialized_enriched,mean,0.08824041485786438,0.0151910949498415,5.8086934089660645,5.8086934089660645,265,27
92,775,specialized_enriched,mean,0.25367987155914307,0.04379674419760704,5.792208671569824,5.792208671569824,268,27
93,6772,specialized_enriched,max,7.33988094329834,1.268706202507019,5.785327434539795,5.785327434539795,246,27
94,5742,specialized_enriched,max,7.042678356170654,1.2179698944091797,5.782309055328369,5.782309055328369,248,27
95,8763,specialized_enriched,max,7.9182281494140625,1.371394395828247,5.7738518714904785,5.7738518714904785,266,27
96,6056,specialized_enriched,max,2.9880712032318115,0.518491268157959,5.763011455535889,5.763011455535889,261,27
97,8661,specialized_enriched,active_fraction,0.01061236672103405,0.0018493568059056997,5.738409519195557,5.738409519195557,225,27
98,9514,specialized_enriched,max,4.386378765106201,0.7660290002822876,5.726126194000244,5.726126194000244,244,27
99,15193,specialized_enriched,active_fraction,0.009848703630268574,0.0017329766415059566,5.683114051818848,5.683114051818848,234,27
100,13047,specialized_enriched,active_fraction,0.00837637484073639,0.001476314035244286,5.6738433837890625,5.6738433837890625,218,27
101,5624,specialized_enriched,active_fraction,0.014020581729710102,0.002478512702509761,5.656852722167969,5.656852722167969,257,27
102,7584,specialized_enriched,max,2.573458433151245,0.45608067512512207,5.642550945281982,5.642550945281982,256,27
103,16343,specialized_enriched,max,12.554019927978516,2.2253823280334473,5.641286849975586,5.641286849975586,248,27
104,15733,specialized_enriched,max,17.1328125,3.0500285625457764,5.617262840270996,5.617262840270996,260,27
105,15992,specialized_enriched,max,2.584355115890503,0.4604512155056,5.6126580238342285,5.6126580238342285,268,27
106,8238,specialized_enriched,max,7.730493545532227,1.378179669380188,5.609205722808838,5.609205722808838,246,27
107,14256,specialized_enriched,max,2.291151523590088,0.4097875654697418,5.591071128845215,5.591071128845215,201,27
108,9944,specialized_enriched,active_fraction,0.03251732513308525,0.005846390035003424,5.561949253082275,5.561949253082275,262,27
109,11756,specialized_enriched,active_fraction,0.03552231565117836,0.006413392256945372,5.538771629333496,5.538771629333496,242,27
110,9971,specialized_enriched,max,3.6823947429656982,0.6663668155670166,5.526077747344971,5.526077747344971,257,27
111,13148,specialized_enriched,max,9.629524230957031,1.7429190874099731,5.524940490722656,5.524940490722656,267,27
112,2449,specialized_enriched,active_fraction,0.06915517151355743,0.01253420952707529,5.5173139572143555,5.5173139572143555,228,27
113,2537,specialized_enriched,max,3.8805627822875977,0.7040371298789978,5.511872291564941,5.511872291564941,225,27
114,9009,specialized_enriched,active_fraction,0.03154841437935829,0.005734379403293133,5.501626491546631,5.501626491546631,268,27
115,4224,specialized_enriched,max,10.590912818908691,1.9251878261566162,5.5012359619140625,5.5012359619140625,251,27
116,15434,specialized_enriched,active_fraction,0.009206626564264297,0.001677416730672121,5.488574504852295,5.488574504852295,252,27
117,2406,specialized_enriched,max,3.974844217300415,0.7257483005523682,5.476891040802002,5.476891040802002,248,27
118,183,specialized_enriched,active_fraction,0.04255615919828415,0.0077727423049509525,5.475050926208496,5.475050926208496,249,27
119,10135,specialized_enriched,mean,1.1959058046340942,0.21853409707546234,5.4723992347717285,5.4723992347717285,268,27
120,13880,specialized_enriched,mean,0.09230606257915497,0.016883904114365578,5.467103958129883,5.467103958129883,232,27
121,11400,specialized_enriched,mean,0.11443164944648743,0.021053429692983627,5.43529748916626,5.43529748916626,265,27
122,7727,specialized_enriched,active_fraction,0.01585385762155056,0.002917647361755371,5.433781147003174,5.433781147003174,252,27
123,2491,specialized_enriched,max,3.7001829147338867,0.68227618932724,5.4232916831970215,5.4232916831970215,268,27
124,13503,base_enriched,active_fraction,-0.007995798252522945,0.0014750309055671096,-5.420766353607178,5.420766353607178,225,27
125,1909,specialized_enriched,active_fraction,0.013369113206863403,0.0024677596520632505,5.417510032653809,5.417510032653809,164,27
126,14767,specialized_enriched,active_fraction,0.017124973237514496,0.003203893778845668,5.34505033493042,5.34505033493042,161,27
127,812,base_enriched,max,-11.738577842712402,2.197199583053589,-5.342517852783203,5.342517852783203,113,27
128,10247,specialized_enriched,max,4.240735054016113,0.7944661378860474,5.3378424644470215,5.3378424644470215,261,27
129,348,specialized_enriched,active_fraction,0.007798858918249607,0.0014628460630774498,5.331291675567627,5.331291675567627,195,27
130,6404,specialized_enriched,active_fraction,0.01117286179214716,0.002098846947774291,5.323333263397217,5.323333263397217,147,27
131,7112,specialized_enriched,max,7.341920375823975,1.380841612815857,5.316989421844482,5.316989421844482,248,27
132,3786,base_enriched,active_fraction,-0.080322265625,0.01511977519840002,-5.3123979568481445,5.3123979568481445,268,27
133,15285,specialized_enriched,mean,0.1473577916622162,0.027773523703217506,5.30569314956665,5.30569314956665,268,27
134,8812,specialized_enriched,max,6.058228969573975,1.1422673463821411,5.303687572479248,5.303687572479248,250,27
135,13865,specialized_enriched,max,7.019821643829346,1.32896089553833,5.282188415527344,5.282188415527344,245,27
136,16031,specialized_enriched,max,4.920690059661865,0.9316835999488831,5.281503200531006,5.281503200531006,260,27
137,12386,specialized_enriched,active_fraction,0.018594959750771523,0.003524373285472393,5.276103973388672,5.276103973388672,173,27
138,7784,base_enriched,mean,-0.044307272881269455,0.0084029296413064,-5.272836208343506,5.272836208343506,265,27
139,8291,specialized_enriched,max,1.9024085998535156,0.36091721057891846,5.27103853225708,5.27103853225708,212,27
140,12839,specialized_enriched,max,5.869078636169434,1.1142730712890625,5.267181396484375,5.267181396484375,229,27
141,5854,specialized_enriched,max,5.080955982208252,0.965339720249176,5.263386249542236,5.263386249542236,247,27
142,3554,specialized_enriched,active_fraction,0.051265113055706024,0.00976315326988697,5.250876426696777,5.250876426696777,232,27
143,1484,base_enriched,mean,-0.05574001744389534,0.010615675710141659,-5.25072717666626,5.25072717666626,268,27
144,1939,base_enriched,active_fraction,-0.013644447550177574,0.002598968567326665,-5.2499470710754395,5.2499470710754395,259,27
145,176,specialized_enriched,max,5.777930736541748,1.1008639335632324,5.248542308807373,5.248542308807373,267,27
146,9655,specialized_enriched,active_fraction,0.07976599782705307,0.015205024741590023,5.246028900146484,5.246028900146484,265,27
147,4283,specialized_enriched,max,9.614474296569824,1.8335846662521362,5.243539810180664,5.243539810180664,257,27
148,12016,specialized_enriched,max,3.655545473098755,0.6990319490432739,5.229439735412598,5.229439735412598,234,27
149,12056,specialized_enriched,max,4.5086469650268555,0.8643461465835571,5.216251373291016,5.216251373291016,247,27
150,15373,specialized_enriched,active_fraction,0.019993890076875687,0.0038380681071430445,5.209362983703613,5.209362983703613,259,27
151,9766,base_enriched,active_fraction,-0.016004489734768867,0.003079037880524993,-5.1978864669799805,5.1978864669799805,260,27
152,15040,specialized_enriched,active_fraction,0.014004236087203026,0.002696454990655184,5.193572998046875,5.193572998046875,229,27
153,11842,specialized_enriched,max,3.795441150665283,0.7310562133789062,5.191722869873047,5.191722869873047,246,27
154,1196,specialized_enriched,active_fraction,0.048029620200395584,0.009252178482711315,5.191168785095215,5.191168785095215,224,27
155,5837,base_enriched,mean,-0.13347874581813812,0.025717059150338173,-5.190280437469482,5.190280437469482,155,27
156,5889,base_enriched,max,-10.308640480041504,1.988456130027771,-5.184243202209473,5.184243202209473,194,27
157,3672,specialized_enriched,max,3.8767430782318115,0.74934321641922,5.173521518707275,5.173521518707275,255,27
158,12854,base_enriched,mean,-0.0724683329463005,0.014024241827428341,-5.167361736297607,5.167361736297607,266,27
159,2795,specialized_enriched,mean,0.15083397924900055,0.029207246378064156,5.1642656326293945,5.1642656326293945,251,27
160,12919,specialized_enriched,active_fraction,0.017680518329143524,0.0034251059405505657,5.1620354652404785,5.1620354652404785,253,27
161,1862,base_enriched,max,-6.330535411834717,1.2285181283950806,-5.152985095977783,5.152985095977783,159,27
162,10329,base_enriched,max,-14.094009399414062,2.7361109256744385,-5.1511101722717285,5.1511101722717285,193,27
163,7303,specialized_enriched,active_fraction,0.013045926578342915,0.0025357655249536037,5.144768714904785,5.144768714904785,117,27
164,10121,specialized_enriched,active_fraction,0.01603027619421482,0.0031231106258928776,5.132791519165039,5.132791519165039,250,27
165,3240,specialized_enriched,max,4.910354137420654,0.9566905498504639,5.132646083831787,5.132646083831787,256,27
166,6758,specialized_enriched,mean,0.07311166822910309,0.014257177710533142,5.128060340881348,5.128060340881348,266,27
167,2555,specialized_enriched,max,1.2003189325332642,0.23411354422569275,5.12708044052124,5.12708044052124,181,27
168,13488,specialized_enriched,active_fraction,0.06657788902521133,0.012992698699235916,5.12425422668457,5.12425422668457,185,27
169,7772,specialized_enriched,max,4.941946983337402,0.9687398076057434,5.101418495178223,5.101418495178223,256,27
170,16225,specialized_enriched,max,1.8452951908111572,0.3617924153804779,5.1004252433776855,5.1004252433776855,207,27
171,503,specialized_enriched,active_fraction,0.08439307659864426,0.016549257561564445,5.099508285522461,5.099508285522461,190,27
172,2051,specialized_enriched,max,5.325047016143799,1.0444313287734985,5.098513126373291,5.098513126373291,223,27
173,7602,specialized_enriched,max,4.70064640045166,0.9225150942802429,5.095468044281006,5.095468044281006,251,27
174,5231,specialized_enriched,active_fraction,0.010582405142486095,0.0020836328621953726,5.078824043273926,5.078824043273926,251,27
175,7057,base_enriched,mean,-0.04712623730301857,0.009297518990933895,-5.068689346313477,5.068689346313477,267,27
176,1304,specialized_enriched,max,9.50997543334961,1.8804413080215454,5.057310581207275,5.057310581207275,176,27
177,13582,base_enriched,mean,-0.05009615048766136,0.009909291751682758,-5.055472373962402,5.055472373962402,268,27
178,11418,specialized_enriched,active_fraction,0.06495386362075806,0.012850448489189148,5.054598808288574,5.054598808288574,144,27
179,8237,specialized_enriched,active_fraction,0.02976342663168907,0.00589288305491209,5.050741195678711,5.050741195678711,165,27
180,6184,base_enriched,mean,-0.10152348130941391,0.02010309137403965,-5.050142765045166,5.050142765045166,268,27
181,11251,specialized_enriched,max,4.668932914733887,0.9256272912025452,5.044074535369873,5.044074535369873,266,27
182,6330,base_enriched,max,-7.039352893829346,1.3959518671035767,-5.042690277099609,5.042690277099609,183,27
183,5271,specialized_enriched,active_fraction,0.02104150876402855,0.004185793921351433,5.026885986328125,5.026885986328125,262,27
184,11265,base_enriched,mean,-0.03343142569065094,0.006662711966782808,-5.017690181732178,5.017690181732178,267,27
185,9340,specialized_enriched,max,3.3466920852661133,0.667121946811676,5.0166120529174805,5.0166120529174805,213,27
186,8351,base_enriched,active_fraction,-0.03092135675251484,0.006169773638248444,-5.011748790740967,5.011748790740967,225,27
187,11790,specialized_enriched,active_fraction,0.04969584941864014,0.009925098158419132,5.007089138031006,5.007089138031006,224,27
188,13370,specialized_enriched,active_fraction,0.06689976900815964,0.013370199128985405,5.003647804260254,5.003647804260254,209,27
189,4504,specialized_enriched,max,2.298661231994629,0.45981112122535706,4.999142169952393,4.999142169952393,212,27
190,91,specialized_enriched,max,1.6031447649002075,0.3213009238243103,4.9895429611206055,4.9895429611206055,185,27
191,6315,specialized_enriched,max,2.1662628650665283,0.43450379371643066,4.985601902008057,4.985601902008057,254,27
192,7916,specialized_enriched,active_fraction,0.006282661575824022,0.0012608804972842336,4.982757568359375,4.982757568359375,247,27
193,3732,specialized_enriched,active_fraction,0.041256096214056015,0.008300838060677052,4.970112323760986,4.970112323760986,152,27
194,7647,specialized_enriched,active_fraction,0.02262154035270214,0.004557679872959852,4.9633893966674805,4.9633893966674805,188,27
195,13607,specialized_enriched,max,5.60400390625,1.1307363510131836,4.956066131591797,4.956066131591797,266,27
196,2123,specialized_enriched,active_fraction,0.02313092350959778,0.004672321956604719,4.950626850128174,4.950626850128174,234,27
197,6860,base_enriched,mean,-0.055195096880197525,0.011167418211698532,-4.942512035369873,4.942512035369873,268,27
198,14199,specialized_enriched,active_fraction,0.025272706523537636,0.0051247552037239075,4.931495189666748,4.931495189666748,111,27
199,12105,specialized_enriched,active_fraction,0.014307504519820213,0.00290283071808517,4.928811073303223,4.928811073303223,246,27
200,10963,base_enriched,active_fraction,-0.01585233584046364,0.003221753751859069,-4.920405864715576,4.920405864715576,268,27
201,5384,specialized_enriched,active_fraction,0.03996586054563522,0.008126758970320225,4.917810440063477,4.917810440063477,155,27
202,1774,specialized_enriched,active_fraction,0.07163366675376892,0.014579463750123978,4.913326740264893,4.913326740264893,169,27
203,5336,specialized_enriched,max,3.0254154205322266,0.6158372163772583,4.912686824798584,4.912686824798584,212,27
204,9454,base_enriched,mean,-0.07395099848508835,0.015083419159054756,-4.902800559997559,4.902800559997559,257,27
205,14706,specialized_enriched,max,3.0390007495880127,0.6209083199501038,4.894443511962891,4.894443511962891,268,27
206,11692,specialized_enriched,max,6.119721412658691,1.2524834871292114,4.8860697746276855,4.8860697746276855,249,27
207,9782,specialized_enriched,max,1.973212480545044,0.4038538634777069,4.885956764221191,4.885956764221191,255,27
208,5916,specialized_enriched,active_fraction,0.057614024728536606,0.011801881715655327,4.881765842437744,4.881765842437744,160,27
209,7128,specialized_enriched,active_fraction,0.03699266538023949,0.007582302205264568,4.878817081451416,4.878817081451416,162,27
210,5818,specialized_enriched,active_fraction,0.031078556552529335,0.006371702533215284,4.877590656280518,4.877590656280518,179,27
211,3222,specialized_enriched,active_fraction,0.08608327805995941,0.01766597293317318,4.872829914093018,4.872829914093018,200,27
212,13050,specialized_enriched,active_fraction,0.06266695261001587,0.012862439267337322,4.872089385986328,4.872089385986328,197,27
213,2581,specialized_enriched,active_fraction,0.016504624858498573,0.0033887082245200872,4.870476722717285,4.870476722717285,157,27
214,14427,specialized_enriched,max,4.689267635345459,0.963911771774292,4.86483097076416,4.86483097076416,203,27
215,5247,specialized_enriched,max,5.682715892791748,1.1685816049575806,4.862917423248291,4.862917423248291,217,27
216,10654,specialized_enriched,active_fraction,0.04360223188996315,0.008973346091806889,4.8590826988220215,4.8590826988220215,226,27
217,9189,specialized_enriched,max,2.6383132934570312,0.5436684489250183,4.8527984619140625,4.8527984619140625,267,27
218,10047,specialized_enriched,max,8.189515113830566,1.6896916627883911,4.8467512130737305,4.8467512130737305,268,27
219,8545,specialized_enriched,active_fraction,0.058489859104156494,0.012071417644619942,4.84531831741333,4.84531831741333,141,27
220,16267,specialized_enriched,max,3.96773624420166,0.8201050758361816,4.838082790374756,4.838082790374756,220,27
221,8166,specialized_enriched,max,10.552542686462402,2.181382179260254,4.837548732757568,4.837548732757568,200,27
222,2850,specialized_enriched,active_fraction,0.06273643672466278,0.0129767507314682,4.834526062011719,4.834526062011719,155,27
223,6893,specialized_enriched,active_fraction,0.06658853590488434,0.01377397496253252,4.8343729972839355,4.8343729972839355,186,27
224,3110,specialized_enriched,active_fraction,0.05304855480790138,0.011012807488441467,4.81698751449585,4.81698751449585,174,27
225,2439,specialized_enriched,max,4.211147785186768,0.8744902610778809,4.815545558929443,4.815545558929443,240,27
226,591,specialized_enriched,max,4.041349411010742,0.8411046862602234,4.804811477661133,4.804811477661133,196,27
227,658,specialized_enriched,active_fraction,0.04496316239237785,0.009358261711895466,4.8046488761901855,4.8046488761901855,129,27
228,10438,specialized_enriched,active_fraction,0.011977738700807095,0.0024930895306169987,4.804375648498535,4.804375648498535,186,27
229,11595,specialized_enriched,active_fraction,0.03471193462610245,0.007231108378618956,4.800361633300781,4.800361633300781,192,27
230,4899,specialized_enriched,max,5.316295146942139,1.1092860698699951,4.792537689208984,4.792537689208984,202,27
231,3396,base_enriched,active_fraction,-0.022638248279690742,0.004725344013422728,-4.7908148765563965,4.7908148765563965,263,27
232,5354,base_enriched,active_fraction,-0.013575155287981033,0.0028364791069179773,-4.78591775894165,4.78591775894165,211,27
233,12891,specialized_enriched,active_fraction,0.054080214351415634,0.01130252331495285,4.784790992736816,4.784790992736816,199,27
234,14642,specialized_enriched,active_fraction,0.047602664679288864,0.009955639950931072,4.781476974487305,4.781476974487305,114,27
235,14295,specialized_enriched,max,1.3231680393218994,0.2768711447715759,4.779003143310547,4.779003143310547,206,27
236,10686,specialized_enriched,active_fraction,0.01800595037639141,0.0037700191605836153,4.776089668273926,4.776089668273926,194,27
237,6083,specialized_enriched,max,3.6813130378723145,0.7722007632255554,4.767300605773926,4.767300605773926,205,27
238,3130,specialized_enriched,max,2.873819589614868,0.6028342843055725,4.7671799659729,4.7671799659729,220,27
239,3292,base_enriched,active_fraction,-0.01793704368174076,0.0037634451873600483,-4.766123294830322,4.766123294830322,264,27
240,12394,base_enriched,active_fraction,-0.023555273190140724,0.00494389608502388,-4.764516353607178,4.764516353607178,267,27
241,3843,specialized_enriched,active_fraction,0.004326832480728626,0.0009085166966542602,4.762524127960205,4.762524127960205,139,27
242,4896,specialized_enriched,max,4.459287166595459,0.9373599290847778,4.757283687591553,4.757283687591553,261,27
243,14809,specialized_enriched,active_fraction,0.04220699518918991,0.008873619139194489,4.756457805633545,4.756457805633545,145,27
244,9359,specialized_enriched,active_fraction,0.05822896212339401,0.012249727733433247,4.753490447998047,4.753490447998047,164,27
245,11517,base_enriched,active_fraction,-0.016253121197223663,0.00342182838357985,-4.74983549118042,4.74983549118042,248,27
246,10988,base_enriched,mean,-0.13351015746593475,0.02812783047556877,-4.7465500831604,4.7465500831604,268,27
247,3826,base_enriched,max,-5.620957851409912,1.1864426136016846,-4.737656593322754,4.737656593322754,138,27
248,16065,base_enriched,max,-9.828489303588867,2.0778987407684326,-4.730013370513916,4.730013370513916,174,27
249,1649,specialized_enriched,max,3.220585584640503,0.6820706725120544,4.721776962280273,4.721776962280273,250,27
250,8894,specialized_enriched,max,4.83402156829834,1.0245070457458496,4.718387603759766,4.718387603759766,224,27
251,13585,specialized_enriched,active_fraction,0.020076872780919075,0.004258390981703997,4.714661598205566,4.714661598205566,192,27
252,13191,base_enriched,max,-18.990507125854492,4.02916145324707,-4.713265419006348,4.713265419006348,95,27
253,851,base_enriched,mean,-0.1588984578847885,0.03372684121131897,-4.711335182189941,4.711335182189941,268,27
254,15071,specialized_enriched,max,4.328953266143799,0.9192743301391602,4.7090983390808105,4.7090983390808105,222,27
255,13220,base_enriched,active_fraction,-0.028289794921875,0.006012179423123598,-4.705414295196533,4.705414295196533,264,27
256,14515,specialized_enriched,active_fraction,0.029874753206968307,0.0063590616919100285,4.697981357574463,4.697981357574463,115,27
257,15647,base_enriched,active_fraction,-0.0171897504478693,0.003666055854409933,-4.688894748687744,4.688894748687744,268,27
258,10474,specialized_enriched,mean,0.05864667147397995,0.012510960921645164,4.687623500823975,4.687623500823975,268,27
259,13589,specialized_enriched,active_fraction,0.01212310791015625,0.0025865028146654367,4.687065601348877,4.687065601348877,236,27
260,6497,specialized_enriched,max,3.055509567260742,0.6520732641220093,4.685837745666504,4.685837745666504,207,27
261,15142,base_enriched,active_fraction,-0.032574038952589035,0.006955055519938469,-4.683505058288574,4.683505058288574,267,27
262,12857,specialized_enriched,active_fraction,0.03954083472490311,0.008446797728538513,4.6811628341674805,4.6811628341674805,174,27
263,8587,specialized_enriched,max,9.907251358032227,2.1169862747192383,4.679884433746338,4.679884433746338,173,27
264,3987,specialized_enriched,active_fraction,0.01963943801820278,0.0041987295262515545,4.67747163772583,4.67747163772583,136,27
265,2722,specialized_enriched,max,3.618380308151245,0.773639976978302,4.6770853996276855,4.6770853996276855,236,27
266,11894,specialized_enriched,max,2.9235315322875977,0.6251989006996155,4.676162242889404,4.676162242889404,250,27
267,7537,specialized_enriched,active_fraction,0.04717196524143219,0.010088246315717697,4.675933361053467,4.675933361053467,119,27
268,7815,specialized_enriched,active_fraction,0.02059941366314888,0.004406006075441837,4.675302982330322,4.675302982330322,219,27
269,11547,specialized_enriched,max,1.4823044538497925,0.31735342741012573,4.670831680297852,4.670831680297852,205,27
270,410,specialized_enriched,max,4.241396427154541,0.9091768264770508,4.665095329284668,4.665095329284668,267,27
271,15216,specialized_enriched,max,4.106618404388428,0.8833460211753845,4.648935317993164,4.648935317993164,238,27
272,7783,base_enriched,mean,-0.11620480567216873,0.025004617869853973,-4.64733362197876,4.64733362197876,268,27
273,4320,specialized_enriched,max,6.624604225158691,1.427219033241272,4.641617298126221,4.641617298126221,219,27
274,2741,specialized_enriched,active_fraction,0.017580393701791763,0.0037883026525378227,4.64070463180542,4.64070463180542,157,27
275,11688,base_enriched,active_fraction,-0.01850968413054943,0.003989788703620434,-4.639264106750488,4.639264106750488,268,27
276,14283,specialized_enriched,max,2.7512669563293457,0.5933004021644592,4.637224197387695,4.637224197387695,222,27
277,1584,base_enriched,mean,-0.019029388204216957,0.004104984924197197,-4.635677814483643,4.635677814483643,159,27
278,9344,specialized_enriched,active_fraction,0.025585874915122986,0.005521502811461687,4.6338605880737305,4.6338605880737305,142,27
279,13230,specialized_enriched,active_fraction,0.005210731644183397,0.0011245438363403082,4.633640289306641,4.633640289306641,184,27
280,3150,specialized_enriched,max,2.7155237197875977,0.5861550569534302,4.6327738761901855,4.6327738761901855,255,27
281,4726,specialized_enriched,max,6.4660797119140625,1.397538661956787,4.626762866973877,4.626762866973877,254,27
282,1206,base_enriched,active_fraction,-0.024805890396237373,0.005362401716411114,-4.62589168548584,4.62589168548584,245,27
283,1550,specialized_enriched,max,5.336333274841309,1.1538536548614502,4.624792098999023,4.624792098999023,247,27
284,14810,specialized_enriched,max,5.350768089294434,1.1577390432357788,4.621739387512207,4.621739387512207,155,27
285,3079,specialized_enriched,active_fraction,0.019091738387942314,0.004133529029786587,4.618750095367432,4.618750095367432,238,27
286,9600,specialized_enriched,max,5.185899257659912,1.1233242750167847,4.616564750671387,4.616564750671387,259,27
287,4994,base_enriched,mean,-0.28157293796539307,0.06102415546774864,-4.6141228675842285,4.6141228675842285,268,27
288,12103,base_enriched,mean,-0.045376282185316086,0.00983550027012825,-4.613520622253418,4.613520622253418,261,27
289,15997,specialized_enriched,active_fraction,0.029553933069109917,0.00640904949977994,4.611281871795654,4.611281871795654,128,27
290,1311,specialized_enriched,active_fraction,0.051106587052345276,0.011088081635534763,4.6091461181640625,4.6091461181640625,136,27
291,1232,base_enriched,mean,-0.0964035838842392,0.020921915769577026,-4.6077799797058105,4.6077799797058105,268,27
292,3492,base_enriched,mean,-0.05022671818733215,0.010905686765909195,-4.605553150177002,4.605553150177002,261,27
293,5839,specialized_enriched,max,1.8407213687896729,0.3997041583061218,4.6052093505859375,4.6052093505859375,265,27
294,6477,base_enriched,active_fraction,-0.004934987053275108,0.0010720111895352602,-4.603484630584717,4.603484630584717,200,27
295,6809,specialized_enriched,max,10.305756568908691,2.2429747581481934,4.594682216644287,4.594682216644287,234,27
296,12856,base_enriched,mean,-0.0703062191605568,0.015309043228626251,-4.592463493347168,4.592463493347168,266,27
297,12014,specialized_enriched,max,4.23773717880249,0.9228693246841431,4.591914653778076,4.591914653778076,251,27
298,4934,specialized_enriched,active_fraction,0.041935037821531296,0.009135966189205647,4.590104103088379,4.590104103088379,120,27
299,7196,specialized_enriched,active_fraction,0.05027225241065025,0.010957425460219383,4.5879621505737305,4.5879621505737305,146,27
300,2922,base_enriched,active_fraction,-0.01097444910556078,0.0023932666517794132,-4.585552215576172,4.585552215576172,249,27
301,14797,specialized_enriched,active_fraction,0.012627589516341686,0.0027561055030673742,4.58167839050293,4.58167839050293,228,27
302,7144,specialized_enriched,max,1.956889033317566,0.42760536074638367,4.576390266418457,4.576390266418457,144,27
303,8003,base_enriched,mean,-0.0249409731477499,0.005451102275401354,-4.575399875640869,4.575399875640869,259,27
304,9223,specialized_enriched,active_fraction,0.0662994384765625,0.014496628195047379,4.57343864440918,4.57343864440918,268,27
305,1402,base_enriched,max,-9.728144645690918,2.1294162273406982,-4.568456172943115,4.568456172943115,94,27
306,16368,specialized_enriched,max,1.9154161214828491,0.41954684257507324,4.565440654754639,4.565440654754639,210,27
307,7646,base_enriched,max,-14.716852188110352,3.2255146503448486,-4.562636852264404,4.562636852264404,111,27
308,14403,specialized_enriched,max,3.9711110591888428,0.870387613773346,4.56246280670166,4.56246280670166,268,27
309,10136,specialized_enriched,max,3.0956103801727295,0.6785590648651123,4.562035083770752,4.562035083770752,259,27
310,13958,specialized_enriched,active_fraction,0.05763420835137367,0.012653656303882599,4.554747581481934,4.554747581481934,164,27
311,10665,base_enriched,mean,-0.07372447848320007,0.016192138195037842,-4.553103446960449,4.553103446960449,268,27
312,7124,base_enriched,max,-11.83230972290039,2.60084867477417,-4.549403190612793,4.549403190612793,163,27
313,9383,specialized_enriched,active_fraction,0.018396377563476562,0.004044899716973305,4.5480427742004395,4.5480427742004395,169,27
314,11013,specialized_enriched,max,1.6234301328659058,0.35699665546417236,4.547465801239014,4.547465801239014,220,27
315,14908,base_enriched,max,-4.80671501159668,1.0573874711990356,-4.545840740203857,4.545840740203857,214,27
316,9477,base_enriched,mean,-0.06668496131896973,0.014675228856503963,-4.544049263000488,4.544049263000488,268,27
317,14763,specialized_enriched,active_fraction,0.011377479881048203,0.002506707329303026,4.538814544677734,4.538814544677734,217,27
318,791,specialized_enriched,max,2.8726882934570312,0.6332228183746338,4.536615371704102,4.536615371704102,266,27
319,11849,specialized_enriched,active_fraction,0.05704184249043465,0.0125765735283494,4.535562992095947,4.535562992095947,144,27
320,11736,specialized_enriched,mean,0.10218110680580139,0.02255505882203579,4.530296802520752,4.530296802520752,260,27
321,12748,specialized_enriched,max,1.5363059043884277,0.3391266167163849,4.530183792114258,4.530183792114258,193,27
322,9741,base_enriched,mean,-0.11930827796459198,0.026391703635454178,-4.520673751831055,4.520673751831055,268,27
323,8497,specialized_enriched,max,3.4648561477661133,0.7666210532188416,4.519646644592285,4.519646644592285,190,27
324,10622,specialized_enriched,max,7.937079906463623,1.7580881118774414,4.514608860015869,4.514608860015869,171,27
325,9224,specialized_enriched,max,2.6469016075134277,0.5870137810707092,4.509096145629883,4.509096145629883,231,27
326,9716,specialized_enriched,active_fraction,0.01800426095724106,0.003992917947471142,4.5090484619140625,4.5090484619140625,242,27
327,11457,specialized_enriched,max,2.847773790359497,0.6320775747299194,4.505418300628662,4.505418300628662,223,27
328,4438,specialized_enriched,active_fraction,0.03812415525317192,0.00846230797469616,4.505172252655029,4.505172252655029,165,27
329,16089,specialized_enriched,max,2.507491111755371,0.5573408603668213,4.499026298522949,4.499026298522949,232,27
330,13042,specialized_enriched,max,2.569236993789673,0.5730539560317993,4.48341178894043,4.48341178894043,265,27
331,877,base_enriched,mean,-0.07402096688747406,0.016512421891093254,-4.482744216918945,4.482744216918945,268,27
332,13688,specialized_enriched,max,1.775390625,0.3961755037307739,4.481323719024658,4.481323719024658,181,27
333,8357,specialized_enriched,max,4.95676851272583,1.1067143678665161,4.478814601898193,4.478814601898193,197,27
334,6825,specialized_enriched,active_fraction,0.008252880536019802,0.0018432807410135865,4.477278232574463,4.477278232574463,147,27
335,11293,specialized_enriched,max,2.8750247955322266,0.6436736583709717,4.466587543487549,4.466587543487549,229,27
336,1437,specialized_enriched,max,4.91212797164917,1.1003063917160034,4.464327335357666,4.464327335357666,208,27
337,2986,base_enriched,active_fraction,-0.007779519539326429,0.0017433963948860765,-4.462277889251709,4.462277889251709,258,27
338,4124,specialized_enriched,max,2.1651008129119873,0.485634982585907,4.458288192749023,4.458288192749023,268,27
339,7893,base_enriched,mean,-0.1611865609884262,0.03615781292319298,-4.457862377166748,4.457862377166748,163,27
340,5500,specialized_enriched,active_fraction,0.017941679805517197,0.004027266055345535,4.455051898956299,4.455051898956299,169,27
341,8589,base_enriched,mean,-0.1502402275800705,0.03374191373586655,-4.452629089355469,4.452629089355469,143,27
342,4227,specialized_enriched,active_fraction,0.00840061530470848,0.0018891014624387026,4.4468841552734375,4.4468841552734375,245,27
343,11609,base_enriched,active_fraction,-0.015031500719487667,0.0033803582191467285,-4.446718215942383,4.446718215942383,268,27
344,5034,specialized_enriched,active_fraction,0.030086854472756386,0.006767528131604195,4.445767402648926,4.445767402648926,138,27
345,15089,specialized_enriched,max,3.23854398727417,0.728958010673523,4.4427032470703125,4.4427032470703125,196,27
346,10736,specialized_enriched,max,1.296683430671692,0.2921071946620941,4.4390668869018555,4.4390668869018555,208,27
347,11215,base_enriched,active_fraction,-0.010045474395155907,0.0022630321327596903,-4.4389448165893555,4.4389448165893555,246,27
348,12609,specialized_enriched,active_fraction,0.0344298891723156,0.007762127555906773,4.435625076293945,4.435625076293945,228,27
349,5264,specialized_enriched,max,8.164247512817383,1.8406281471252441,4.435576915740967,4.435576915740967,233,27
350,746,base_enriched,active_fraction,-0.005501831416040659,0.0012407295871526003,-4.434351921081543,4.434351921081543,177,27
351,12328,specialized_enriched,max,3.5001420974731445,0.7897941470146179,4.4317145347595215,4.4317145347595215,225,27
352,10398,specialized_enriched,max,4.902454853057861,1.1063952445983887,4.431015968322754,4.431015968322754,248,27
353,698,base_enriched,active_fraction,-0.012044230476021767,0.0027193324640393257,-4.429112911224365,4.429112911224365,260,27
354,12237,base_enriched,mean,-0.0922384113073349,0.020842384546995163,-4.425520896911621,4.425520896911621,267,27
355,7834,specialized_enriched,max,2.6516268253326416,0.5992457270622253,4.424940586090088,4.424940586090088,235,27
356,12169,specialized_enriched,active_fraction,0.02912924624979496,0.006594228558242321,4.417385101318359,4.417385101318359,162,27
357,1648,base_enriched,mean,-0.05427459627389908,0.012292691506445408,-4.415192127227783,4.415192127227783,266,27
358,14833,specialized_enriched,max,4.966030597686768,1.1259912252426147,4.410363674163818,4.410363674163818,218,27
359,10177,specialized_enriched,max,5.476219654083252,1.2426998615264893,4.406711578369141,4.406711578369141,207,27
360,4314,specialized_enriched,max,1.2341896295547485,0.28038087487220764,4.401832580566406,4.401832580566406,139,27
361,15646,specialized_enriched,max,2.816505193710327,0.640101969242096,4.400088310241699,4.400088310241699,192,27
362,4086,specialized_enriched,active_fraction,0.006166216917335987,0.001404526294209063,4.390246868133545,4.390246868133545,143,27
363,8449,specialized_enriched,max,3.71773624420166,0.8474377989768982,4.387031555175781,4.387031555175781,190,27
364,5952,specialized_enriched,max,2.3205783367156982,0.5291239619255066,4.3856987953186035,4.3856987953186035,234,27
365,620,specialized_enriched,mean,0.04337460547685623,0.009891226887702942,4.385159492492676,4.385159492492676,266,27
366,11368,specialized_enriched,max,3.2630538940429688,0.7461055517196655,4.373447895050049,4.373447895050049,231,27
367,13563,specialized_enriched,max,2.97799015045166,0.6810446977615356,4.372679233551025,4.372679233551025,202,27
368,7312,base_enriched,active_fraction,-0.024927332997322083,0.005704122595489025,-4.370055675506592,4.370055675506592,267,27
369,12524,specialized_enriched,active_fraction,0.013554753735661507,0.0031018152367323637,4.3699421882629395,4.3699421882629395,236,27
370,617,base_enriched,max,-4.255537986755371,0.9738289713859558,-4.369902610778809,4.369902610778809,182,27
371,2111,specialized_enriched,max,4.546986103057861,1.0418157577514648,4.3644819259643555,4.3644819259643555,228,27
372,9985,base_enriched,mean,-0.15674129128456116,0.03597502410411835,-4.356947422027588,4.356947422027588,173,27
373,9523,specialized_enriched,max,4.132178783416748,0.9484599232673645,4.356724739074707,4.356724739074707,237,27
374,7883,specialized_enriched,max,3.2892603874206543,0.7564035058021545,4.348552703857422,4.348552703857422,215,27
375,325,specialized_enriched,max,15.186962127685547,3.4934866428375244,4.347221851348877,4.347221851348877,150,27
376,7440,specialized_enriched,mean,0.09883851557970047,0.02273689955472946,4.347053527832031,4.347053527832031,209,27
377,6819,specialized_enriched,max,3.2507972717285156,0.7478347420692444,4.3469462394714355,4.3469462394714355,193,27
378,2,base_enriched,active_fraction,-0.027332739904522896,0.006290253717452288,-4.345252513885498,4.345252513885498,268,27
379,14893,specialized_enriched,max,4.736303329467773,1.0914089679718018,4.339622974395752,4.339622974395752,217,27
380,9369,base_enriched,mean,-0.0728968158364296,0.0168103389441967,-4.336427688598633,4.336427688598633,214,27
381,2856,base_enriched,mean,-0.0646333321928978,0.014911570586264133,-4.334441661834717,4.334441661834717,268,27
382,9220,specialized_enriched,active_fraction,0.03362489119172096,0.007760136388242245,4.333028316497803,4.333028316497803,263,27
383,7360,specialized_enriched,max,3.1315886974334717,0.7227429151535034,4.332921981811523,4.332921981811523,262,27
384,6652,specialized_enriched,max,3.5525612831115723,0.8202570676803589,4.331034183502197,4.331034183502197,268,27
385,7542,specialized_enriched,max,5.920923233032227,1.3678914308547974,4.328503608703613,4.328503608703613,241,27
386,11596,specialized_enriched,max,7.680342674255371,1.7750250101089478,4.326892852783203,4.326892852783203,223,27
387,6568,specialized_enriched,max,1.423105001449585,0.3291381299495697,4.323731899261475,4.323731899261475,147,27
388,4313,specialized_enriched,max,2.7118399143218994,0.6278303265571594,4.31938362121582,4.31938362121582,244,27
389,5638,base_enriched,active_fraction,-0.01279797125607729,0.002964308252558112,-4.317355155944824,4.317355155944824,265,27
390,7974,specialized_enriched,max,1.3037666082382202,0.3022046387195587,4.314184665679932,4.314184665679932,203,27
391,1005,base_enriched,active_fraction,-0.011563120409846306,0.002681189216673374,-4.312683582305908,4.312683582305908,262,27
392,5589,base_enriched,active_fraction,-0.02900768257677555,0.006727115251123905,-4.312053680419922,4.312053680419922,264,27
393,12436,specialized_enriched,max,3.4785218238830566,0.8068985939025879,4.310977458953857,4.310977458953857,218,27
394,6970,specialized_enriched,max,1.590140461921692,0.368892639875412,4.310577869415283,4.310577869415283,222,27
395,10582,base_enriched,active_fraction,-0.01360746007412672,0.003157826140522957,-4.309122562408447,4.309122562408447,266,27
396,29,base_enriched,active_fraction,-0.012873444706201553,0.0029880525544285774,-4.3083062171936035,4.3083062171936035,266,27
397,8185,base_enriched,mean,-0.03727683424949646,0.008655388839542866,-4.306777477264404,4.306777477264404,267,27
398,10507,base_enriched,mean,-0.03333195671439171,0.007740820292383432,-4.305997848510742,4.305997848510742,268,27
399,8396,specialized_enriched,active_fraction,0.021701958030462265,0.005040513351559639,4.305505752563477,4.305505752563477,244,27
400,926,base_enriched,mean,-0.20972073078155518,0.048730283975601196,-4.303704261779785,4.303704261779785,225,27
401,5493,specialized_enriched,max,4.007744312286377,0.9312617778778076,4.303563594818115,4.303563594818115,266,27
402,14674,base_enriched,max,-6.017609119415283,1.398468255996704,-4.302999973297119,4.302999973297119,139,27
403,3720,base_enriched,active_fraction,-0.011089276522397995,0.0025774638634175062,-4.302398681640625,4.302398681640625,238,27
404,11177,specialized_enriched,max,2.9088335037231445,0.6761903166770935,4.301796913146973,4.301796913146973,208,27
405,2136,specialized_enriched,max,1.5524067878723145,0.36104175448417664,4.299798488616943,4.299798488616943,214,27
406,1696,specialized_enriched,max,0.7959911227226257,0.18516220152378082,4.298885822296143,4.298885822296143,166,27
407,15498,specialized_enriched,max,3.0497429370880127,0.710053563117981,4.295088768005371,4.295088768005371,247,27
408,3495,specialized_enriched,max,1.268511414527893,0.29593804478645325,4.2864089012146,4.2864089012146,154,27
409,13879,base_enriched,active_fraction,-0.015388126485049725,0.003592937020584941,-4.282882213592529,4.282882213592529,179,27
410,1673,base_enriched,mean,-0.07320520281791687,0.01709277182817459,-4.282816410064697,4.282816410064697,206,27
411,3097,base_enriched,mean,-0.17739443480968475,0.04142329469323158,-4.282480239868164,4.282480239868164,268,27
412,9296,base_enriched,mean,-0.2995748221874237,0.06996343284845352,-4.281877040863037,4.281877040863037,194,27
413,11739,specialized_enriched,active_fraction,0.01802953891456127,0.004216120112687349,4.276334285736084,4.276334285736084,241,27
414,7111,base_enriched,active_fraction,-0.008618270047008991,0.002015632577240467,-4.275714874267578,4.275714874267578,249,27
415,13825,specialized_enriched,active_fraction,0.02715180814266205,0.0063556949608027935,4.272043704986572,4.272043704986572,119,27
416,2397,specialized_enriched,active_fraction,0.02977011539041996,0.006968902423977852,4.271851539611816,4.271851539611816,71,27
417,808,specialized_enriched,max,3.3666930198669434,0.7896034717559814,4.263776779174805,4.263776779174805,149,27
418,6550,specialized_enriched,max,8.050348281860352,1.889666199684143,4.260195732116699,4.260195732116699,195,27
419,13821,specialized_enriched,max,1.7501730918884277,0.41105684638023376,4.257740020751953,4.257740020751953,267,27
420,2374,base_enriched,mean,-0.042193811386823654,0.009912502020597458,-4.256625652313232,4.256625652313232,246,27
421,6111,base_enriched,active_fraction,-0.0158622357994318,0.0037304190918803215,-4.252132415771484,4.252132415771484,268,27
422,2964,specialized_enriched,max,1.7788889408111572,0.4185234308242798,4.250392913818359,4.250392913818359,197,27
423,2582,base_enriched,active_fraction,-0.0117103960365057,0.0027557434514164925,-4.24945068359375,4.24945068359375,268,27
424,13887,base_enriched,mean,-0.04240871220827103,0.009980380535125732,-4.249207973480225,4.249207973480225,230,27
425,10035,specialized_enriched,max,3.669649839401245,0.8636568188667297,4.24896764755249,4.24896764755249,255,27
426,7546,base_enriched,mean,-0.07787969708442688,0.01833486370742321,-4.247628688812256,4.247628688812256,268,27
427,6171,specialized_enriched,max,8.09354019165039,1.9058260917663574,4.2467360496521,4.2467360496521,228,27
428,3010,specialized_enriched,max,9.63660717010498,2.2702207565307617,4.244788646697998,4.244788646697998,239,27
429,15421,base_enriched,mean,-0.041141945868730545,0.009693496860563755,-4.244283199310303,4.244283199310303,268,27
430,9054,base_enriched,active_fraction,-0.008679256774485111,0.00204693665727973,-4.240119934082031,4.240119934082031,266,27
431,15514,base_enriched,active_fraction,-0.02855595387518406,0.006734963972121477,-4.239956378936768,4.239956378936768,268,27
432,3625,specialized_enriched,max,4.00480842590332,0.9449793696403503,4.237985134124756,4.237985134124756,223,27
433,4624,specialized_enriched,max,1.2947365045547485,0.30577442049980164,4.234286308288574,4.234286308288574,263,27
434,16264,base_enriched,max,-3.117002010345459,0.7361869215965271,-4.233981609344482,4.233981609344482,106,27
435,2924,base_enriched,mean,-0.19039931893348694,0.04497775807976723,-4.233188152313232,4.233188152313232,191,27
436,2168,base_enriched,mean,-0.035739704966545105,0.008447338826954365,-4.2308831214904785,4.2308831214904785,190,27
437,10810,specialized_enriched,max,5.3537445068359375,1.2659703493118286,4.2289652824401855,4.2289652824401855,195,27
438,2839,specialized_enriched,active_fraction,0.00999803189188242,0.002366486471146345,4.224842071533203,4.224842071533203,190,27
439,3306,base_enriched,active_fraction,-0.0190720371901989,0.004514787811785936,-4.224348545074463,4.224348545074463,204,27
440,468,base_enriched,active_fraction,-0.01385845709592104,0.0032816280145198107,-4.223043441772461,4.223043441772461,266,27
441,3446,base_enriched,active_fraction,-0.01753353141248226,0.0041528502479195595,-4.222047805786133,4.222047805786133,195,27
442,5230,specialized_enriched,max,5.915731430053711,1.4011768102645874,4.221973419189453,4.221973419189453,244,27
443,10845,specialized_enriched,max,3.3091251850128174,0.7841498255729675,4.2200164794921875,4.2200164794921875,245,27
444,12883,specialized_enriched,max,1.6073353290557861,0.38092634081840515,4.21954345703125,4.21954345703125,267,27
445,6045,base_enriched,active_fraction,-0.01139083132147789,0.0027025584131479263,-4.214832782745361,4.214832782745361,267,27
446,1688,base_enriched,mean,-0.1405535638332367,0.033352117985486984,-4.214231967926025,4.214231967926025,248,27
447,12553,base_enriched,active_fraction,-0.019688786938786507,0.004672664683312178,-4.2136101722717285,4.2136101722717285,193,27
448,6695,specialized_enriched,max,2.551151990890503,0.6055741906166077,4.21278190612793,4.21278190612793,268,27
449,5055,specialized_enriched,active_fraction,0.01588538847863674,0.003773236181586981,4.210017204284668,4.210017204284668,207,27
450,3219,specialized_enriched,max,1.509023904800415,0.35867416858673096,4.20722770690918,4.20722770690918,265,27
451,987,base_enriched,mean,-0.0640425831079483,0.015225141309201717,-4.2063703536987305,4.2063703536987305,267,27
452,4658,specialized_enriched,max,1.2338558435440063,0.2933548390865326,4.206018447875977,4.206018447875977,267,27
453,9672,base_enriched,active_fraction,-0.013646765612065792,0.00324497208930552,-4.205511093139648,4.205511093139648,267,27
454,7138,specialized_enriched,max,4.062673091888428,0.9661747217178345,4.204905033111572,4.204905033111572,247,27
455,1687,base_enriched,active_fraction,-0.009859277866780758,0.0023454127367585897,-4.203642845153809,4.203642845153809,206,27
456,12499,base_enriched,mean,-0.07894515991210938,0.018789630383253098,-4.201528072357178,4.201528072357178,267,27
457,13720,base_enriched,mean,-0.10529278963804245,0.025075746700167656,-4.198989391326904,4.198989391326904,268,27
458,8034,specialized_enriched,max,3.8955881595611572,0.9278217554092407,4.198638439178467,4.198638439178467,264,27
459,7686,base_enriched,mean,-0.17132319509983063,0.04083414748311043,-4.195586204528809,4.195586204528809,144,27
460,219,base_enriched,mean,-0.07533828914165497,0.01796378567814827,-4.1938982009887695,4.1938982009887695,188,27
461,2204,base_enriched,active_fraction,-0.005938542075455189,0.0014164869207888842,-4.19244384765625,4.19244384765625,254,27
462,7089,specialized_enriched,max,4.662900447845459,1.1125327348709106,4.191247940063477,4.191247940063477,171,27
463,5958,specialized_enriched,active_fraction,0.006646699737757444,0.0015863656299188733,4.189891338348389,4.189891338348389,132,27
464,7593,base_enriched,mean,-0.0987248495221138,0.023569699376821518,-4.188634395599365,4.188634395599365,164,27
465,13431,specialized_enriched,max,2.441826581954956,0.5830318927764893,4.18815279006958,4.18815279006958,268,27
466,5485,specialized_enriched,max,5.334207057952881,1.2746424674987793,4.184865474700928,4.184865474700928,229,27
467,2649,base_enriched,mean,-0.04369952902197838,0.010444052517414093,-4.184154510498047,4.184154510498047,109,27
468,10893,specialized_enriched,max,4.187438011169434,1.0012105703353882,4.182374954223633,4.182374954223633,244,27
469,3633,base_enriched,mean,-0.01176511775702238,0.0028138926718384027,-4.181082725524902,4.181082725524902,192,27
470,5951,specialized_enriched,max,6.593070030212402,1.5768887996673584,4.1810622215271,4.1810622215271,200,27
471,12880,base_enriched,mean,-0.056331198662519455,0.013477206230163574,-4.179738521575928,4.179738521575928,261,27
472,4587,specialized_enriched,max,2.326085329055786,0.5566655993461609,4.178604602813721,4.178604602813721,266,27
473,11070,specialized_enriched,active_fraction,0.007736809551715851,0.001852613058872521,4.1761603355407715,4.1761603355407715,252,27
474,13240,base_enriched,active_fraction,-0.020620321854948997,0.004940512124449015,-4.1737213134765625,4.1737213134765625,211,27
475,16140,specialized_enriched,active_fraction,0.004812796134501696,0.001153677934780717,4.171698093414307,4.171698093414307,141,27
476,11913,base_enriched,mean,-0.2065722793340683,0.049532778561115265,-4.170415878295898,4.170415878295898,176,27
477,9372,base_enriched,active_fraction,-0.0225968174636364,0.005427774041891098,-4.163183212280273,4.163183212280273,236,27
478,12418,base_enriched,active_fraction,-0.013642902486026287,0.003279995173215866,-4.159427642822266,4.159427642822266,268,27
479,9240,specialized_enriched,active_fraction,0.07134391367435455,0.0171574167907238,4.158196926116943,4.158196926116943,268,27
480,541,specialized_enriched,active_fraction,0.030874276533722878,0.007433734368532896,4.153265953063965,4.153265953063965,266,27
481,11863,specialized_enriched,max,1.9528592824935913,0.47021546959877014,4.153115749359131,4.153115749359131,262,27
482,1351,base_enriched,mean,-0.06033793464303017,0.014529396779835224,-4.152817726135254,4.152817726135254,262,27
483,6298,base_enriched,active_fraction,-0.017744379118084908,0.004276998341083527,-4.148792743682861,4.148792743682861,265,27
484,11203,base_enriched,active_fraction,-0.014989249408245087,0.003613561624661088,-4.148054122924805,4.148054122924805,258,27
485,10929,base_enriched,mean,-0.04237520322203636,0.010221825912594795,-4.145561218261719,4.145561218261719,262,27
486,5337,base_enriched,active_fraction,-0.008317102678120136,0.0020067370496690273,-4.144590377807617,4.144590377807617,267,27
487,6007,base_enriched,mean,-0.05252181366086006,0.012675927951931953,-4.143429279327393,4.143429279327393,265,27
488,1445,base_enriched,mean,-0.09891558438539505,0.023880736902356148,-4.14206600189209,4.14206600189209,268,27
489,14128,specialized_enriched,max,0.8854516744613647,0.21382300555706024,4.141049385070801,4.141049385070801,155,27
490,532,specialized_enriched,max,2.0749852657318115,0.5013245344161987,4.1390061378479,4.1390061378479,254,27
491,1653,base_enriched,active_fraction,-0.0158772524446249,0.0038367381785064936,-4.138216495513916,4.138216495513916,268,27
492,13967,specialized_enriched,max,5.627039432525635,1.3607269525527954,4.135318756103516,4.135318756103516,213,27
493,10039,specialized_enriched,max,2.806572675704956,0.678745687007904,4.134940147399902,4.134940147399902,254,27
494,3830,base_enriched,active_fraction,-0.012158647179603577,0.002944961655884981,-4.128626823425293,4.128626823425293,255,27
495,7286,base_enriched,mean,-0.03818647190928459,0.009252117946743965,-4.127322196960449,4.127322196960449,266,27
496,6430,specialized_enriched,max,1.555317997932434,0.37723085284233093,4.122987270355225,4.122987270355225,245,27
497,1903,specialized_enriched,max,3.7404568195343018,0.9072703719139099,4.122758865356445,4.122758865356445,268,27
498,14095,specialized_enriched,active_fraction,0.021991005167365074,0.0053354715928435326,4.121661186218262,4.121661186218262,173,27
499,11237,specialized_enriched,max,3.4005513191223145,0.8254596590995789,4.119585037231445,4.119585037231445,238,27
500,15075,specialized_enriched,active_fraction,0.008632780984044075,0.0020958136301487684,4.1190595626831055,4.1190595626831055,144,27
501,15385,specialized_enriched,max,2.9851415157318115,0.7264466285705566,4.109237194061279,4.109237194061279,228,27
502,15961,base_enriched,mean,-0.03550111874938011,0.008639906533062458,-4.1089701652526855,4.1089701652526855,119,27
503,9484,base_enriched,active_fraction,-0.007166705559939146,0.0017444859258830547,-4.1082048416137695,4.1082048416137695,256,27
504,10631,base_enriched,active_fraction,-0.01841074228286743,0.004482624586671591,-4.1071343421936035,4.1071343421936035,265,27
505,8520,specialized_enriched,max,1.8176671266555786,0.4433032274246216,4.100279331207275,4.100279331207275,144,27
506,6369,base_enriched,active_fraction,-0.015318085439503193,0.0037397502455860376,-4.096018314361572,4.096018314361572,245,27
507,15709,base_enriched,active_fraction,-0.02025671862065792,0.004946679808199406,-4.09501314163208,4.09501314163208,268,27
508,4852,base_enriched,mean,-0.08675408363342285,0.021207116544246674,-4.090800762176514,4.090800762176514,179,27
509,14931,specialized_enriched,max,2.5159153938293457,0.6153656244277954,4.088488578796387,4.088488578796387,215,27
510,16342,specialized_enriched,max,3.6319100856781006,0.8890888094902039,4.084980010986328,4.084980010986328,233,27
511,14476,specialized_enriched,max,3.2718985080718994,0.8018484711647034,4.080444812774658,4.080444812774658,222,27
512,1644,base_enriched,mean,-0.03728282451629639,0.009138930588960648,-4.07956075668335,4.07956075668335,268,27
513,7481,base_enriched,active_fraction,-0.04249630868434906,0.010433695279061794,-4.0729875564575195,4.0729875564575195,268,27
514,13659,specialized_enriched,max,2.9180922508239746,0.7166726589202881,4.071722507476807,4.071722507476807,265,27
515,7894,specialized_enriched,active_fraction,0.01932602934539318,0.004748908802866936,4.069572448730469,4.069572448730469,171,27
516,13080,base_enriched,active_fraction,-0.020578360185027122,0.00505728367716074,-4.069054126739502,4.069054126739502,268,27
517,7475,base_enriched,mean,-0.0681871846318245,0.016758935526013374,-4.068706035614014,4.068706035614014,266,27
518,10961,specialized_enriched,active_fraction,0.03338787332177162,0.00820926483720541,4.067096710205078,4.067096710205078,199,27
519,4080,specialized_enriched,max,1.15966796875,0.28516942262649536,4.066593170166016,4.066593170166016,120,27
520,13990,specialized_enriched,max,1.6306121349334717,0.4012918770313263,4.063406944274902,4.063406944274902,169,27
521,4415,base_enriched,mean,-0.04934388026595116,0.012148155830800533,-4.061841011047363,4.061841011047363,263,27
522,7807,base_enriched,active_fraction,-0.013807199895381927,0.003399967448785901,-4.060979843139648,4.060979843139648,246,27
523,1722,specialized_enriched,max,2.375692129135132,0.5850054025650024,4.060974597930908,4.060974597930908,190,27
524,745,specialized_enriched,max,4.805775165557861,1.1834300756454468,4.060886383056641,4.060886383056641,234,27
525,14858,specialized_enriched,max,4.1223978996276855,1.015397071838379,4.059887409210205,4.059887409210205,188,27
526,12299,specialized_enriched,max,8.581029891967773,2.1138722896575928,4.059389114379883,4.059389114379883,211,27
527,3567,specialized_enriched,active_fraction,0.015690911561250687,0.003868304193019867,4.056276321411133,4.056276321411133,141,27
528,7497,base_enriched,active_fraction,-0.01165356207638979,0.0028746037278324366,-4.053971767425537,4.053971767425537,268,27
529,1113,specialized_enriched,max,0.7436276078224182,0.18374687433242798,4.047021865844727,4.047021865844727,123,27
530,5088,specialized_enriched,max,2.522000551223755,0.6240622401237488,4.041264533996582,4.041264533996582,178,27
531,14381,specialized_enriched,max,1.638993263244629,0.40593278408050537,4.03759765625,4.03759765625,248,27
532,9580,base_enriched,mean,-0.03951113671064377,0.009807948023080826,-4.028481483459473,4.028481483459473,199,27
533,15460,specialized_enriched,max,3.0272464752197266,0.7515084147453308,4.028226852416992,4.028226852416992,234,27
534,7519,specialized_enriched,max,2.5067124366760254,0.6228349804878235,4.024681568145752,4.024681568145752,266,27
535,5685,specialized_enriched,max,3.0670242309570312,0.7628955841064453,4.0202412605285645,4.0202412605285645,170,27
536,2572,base_enriched,active_fraction,-0.0189349502325058,0.004710518289357424,-4.019716739654541,4.019716739654541,183,27
537,4775,base_enriched,mean,-0.047347333282232285,0.011779279448091984,-4.0195441246032715,4.0195441246032715,186,27
538,8509,specialized_enriched,active_fraction,0.03430381044745445,0.008539622649550438,4.017017364501953,4.017017364501953,240,27
539,14084,base_enriched,active_fraction,-0.02481021173298359,0.006181017961353064,-4.0139360427856445,4.0139360427856445,263,27
540,593,specialized_enriched,active_fraction,0.030713045969605446,0.007652070373296738,4.013690948486328,4.013690948486328,238,27
541,3827,specialized_enriched,max,3.588533401489258,0.8940864205360413,4.013631343841553,4.013631343841553,268,27
542,6304,specialized_enriched,max,3.7703161239624023,0.9398391842842102,4.011661052703857,4.011661052703857,220,27
543,10746,base_enriched,active_fraction,-0.009058505296707153,0.002259622560814023,-4.008857727050781,4.008857727050781,268,27
544,3663,base_enriched,mean,-0.05909207463264465,0.014752955175936222,-4.005439758300781,4.005439758300781,268,27
545,12725,base_enriched,active_fraction,-0.050220731645822525,0.012546123936772346,-4.002888202667236,4.002888202667236,268,27
546,3189,base_enriched,mean,-0.08454305678606033,0.021123498678207397,-4.002322673797607,4.002322673797607,206,27
547,9499,specialized_enriched,max,4.038963794708252,1.0092260837554932,4.002040863037109,4.002040863037109,220,27
548,1755,base_enriched,active_fraction,-0.011595013551414013,0.002898093545809388,-4.000910758972168,4.000910758972168,261,27
549,7705,base_enriched,mean,-0.08612697571516037,0.021527277305722237,-4.000830173492432,4.000830173492432,268,27
550,13332,base_enriched,active_fraction,-0.015500297769904137,0.0038745799101889133,-4.0005106925964355,4.0005106925964355,214,27
551,4867,specialized_enriched,max,3.80808687210083,0.9521080851554871,3.9996371269226074,3.9996371269226074,205,27
552,4843,specialized_enriched,active_fraction,0.02438216842710972,0.006098621524870396,3.9979803562164307,3.9979803562164307,219,27
553,12438,base_enriched,active_fraction,-0.007402178831398487,0.0018523100297898054,-3.996187925338745,3.996187925338745,138,27
554,7014,base_enriched,active_fraction,-0.011459012515842915,0.0028690267354249954,-3.994041681289673,3.994041681289673,260,27
555,804,base_enriched,mean,-0.04070368781685829,0.01019266713410616,-3.9934284687042236,3.9934284687042236,268,27
556,7509,specialized_enriched,max,2.91843843460083,0.7311850786209106,3.9913811683654785,3.9913811683654785,262,27
557,2630,base_enriched,mean,-0.05407251417636871,0.013554983772337437,-3.989124298095703,3.989124298095703,267,27
558,9879,base_enriched,active_fraction,-0.01329395454376936,0.0033333534374833107,-3.9881622791290283,3.9881622791290283,258,27
559,6520,base_enriched,mean,-0.0579056553542614,0.014533077366650105,-3.9844043254852295,3.9844043254852295,268,27
560,6192,base_enriched,active_fraction,-0.03037281334400177,0.007624010555446148,-3.9838366508483887,3.9838366508483887,252,27
561,9312,base_enriched,active_fraction,-0.03148651123046875,0.007905242964625359,-3.9829909801483154,3.9829909801483154,236,27
562,3767,base_enriched,active_fraction,-0.00746912881731987,0.0018757663201540709,-3.981907844543457,3.981907844543457,261,27
563,14225,base_enriched,mean,-0.04547404125332832,0.011424153111875057,-3.9805173873901367,3.9805173873901367,240,27
564,3974,base_enriched,active_fraction,-0.019498076289892197,0.004900469910353422,-3.9788177013397217,3.9788177013397217,257,27
565,13797,specialized_enriched,active_fraction,0.04330642148852348,0.010886730626225471,3.9779088497161865,3.9779088497161865,228,27
566,7273,specialized_enriched,active_fraction,0.005918961483985186,0.0014883035328239202,3.976985454559326,3.976985454559326,161,27
567,11224,specialized_enriched,max,1.7496817111968994,0.4400409162044525,3.976179599761963,3.976179599761963,144,27
568,1872,base_enriched,active_fraction,-0.013826442882418633,0.003478235797956586,-3.975131034851074,3.975131034851074,248,27
569,5047,specialized_enriched,max,1.899067997932434,0.47774752974510193,3.9750452041625977,3.9750452041625977,268,27
570,15150,base_enriched,max,-3.4879908561706543,0.8789382576942444,-3.968414068222046,3.968414068222046,199,27
571,10796,specialized_enriched,max,2.8892529010772705,0.7286041378974915,3.965463161468506,3.965463161468506,240,27
572,94,base_enriched,active_fraction,-0.010842625051736832,0.0027353910263627768,-3.96382999420166,3.96382999420166,265,27
573,1453,specialized_enriched,active_fraction,0.01325585599988699,0.003345101373270154,3.962766647338867,3.962766647338867,246,27
574,7665,specialized_enriched,max,3.8484103679656982,0.971269428730011,3.9622480869293213,3.9622480869293213,228,27
575,8818,base_enriched,active_fraction,-0.07061038166284561,0.01782834529876709,-3.960568428039551,3.960568428039551,265,27
576,5018,base_enriched,max,-3.6519358158111572,0.9223451614379883,-3.959402561187744,3.959402561187744,190,27
577,7341,specialized_enriched,active_fraction,0.01905759982764721,0.004813597071915865,3.959118127822876,3.959118127822876,114,27
578,11162,specialized_enriched,max,1.0128065347671509,0.256008118391037,3.9561500549316406,3.9561500549316406,118,27
579,544,base_enriched,active_fraction,-0.00933079794049263,0.002359628677368164,-3.954350233078003,3.954350233078003,220,27
580,13114,specialized_enriched,max,1.7800570726394653,0.45030274987220764,3.9530229568481445,3.9530229568481445,181,27
581,1705,specialized_enriched,active_fraction,0.005919420160353184,0.0014977231621742249,3.9522793292999268,3.9522793292999268,163,27
582,7173,base_enriched,mean,-0.03997001051902771,0.010118965059518814,-3.950009822845459,3.950009822845459,254,27
583,11029,specialized_enriched,max,3.6265575885772705,0.9183098673820496,3.9491653442382812,3.9491653442382812,212,27
584,12791,base_enriched,active_fraction,-0.02040235325694084,0.005169210024178028,-3.946899652481079,3.946899652481079,268,27
585,2143,base_enriched,active_fraction,-0.024514909833669662,0.0062115928158164024,-3.946638345718384,3.946638345718384,205,27
586,9461,base_enriched,mean,-0.0697803720831871,0.017690202221274376,-3.94457745552063,3.94457745552063,263,27
587,3360,base_enriched,active_fraction,-0.01921158842742443,0.004871114157140255,-3.9439823627471924,3.9439823627471924,267,27
588,2901,base_enriched,active_fraction,-0.006496525835245848,0.001648011733777821,-3.9420385360717773,3.9420385360717773,267,27
589,7719,base_enriched,active_fraction,-0.01061591599136591,0.0026930461172014475,-3.9419734477996826,3.9419734477996826,246,27
590,8158,base_enriched,mean,-0.046908944845199585,0.011900676414370537,-3.941704034805298,3.941704034805298,233,27
591,2983,specialized_enriched,max,4.798210144042969,1.2181870937347412,3.938812255859375,3.938812255859375,244,27
592,8667,base_enriched,mean,-0.22970308363437653,0.058347851037979126,-3.9367873668670654,3.9367873668670654,178,27
593,11852,specialized_enriched,max,2.006446599960327,0.5097361207008362,3.9362456798553467,3.9362456798553467,243,27
594,14592,specialized_enriched,max,1.9631131887435913,0.49882709980010986,3.935458183288574,3.935458183288574,268,27
595,10617,specialized_enriched,max,0.9727303981781006,0.247209370136261,3.9348442554473877,3.9348442554473877,107,27
596,12229,base_enriched,mean,-0.19924163818359375,0.050661541521549225,-3.9327986240386963,3.9327986240386963,154,27
597,1045,base_enriched,mean,-0.07112353295087814,0.01808588020503521,-3.932544708251953,3.932544708251953,205,27
598,6915,specialized_enriched,active_fraction,0.015352635644376278,0.00390555988997221,3.93096923828125,3.93096923828125,238,27
599,10388,base_enriched,mean,-0.0449061319231987,0.011424555443227291,-3.9306678771972656,3.9306678771972656,258,27
600,14147,specialized_enriched,max,3.333749532699585,0.8486530184745789,3.928283452987671,3.928283452987671,185,27
601,2930,base_enriched,mean,-0.03241082653403282,0.008252697996795177,-3.9273006916046143,3.9273006916046143,259,27
602,13801,base_enriched,mean,-0.046557728201150894,0.011856692843139172,-3.9267044067382812,3.9267044067382812,179,27
603,16092,specialized_enriched,max,2.180018186569214,0.5552106499671936,3.9264705181121826,3.9264705181121826,243,27
604,2431,specialized_enriched,max,3.1763930320739746,0.809603214263916,3.9233946800231934,3.9233946800231934,239,27
605,11521,specialized_enriched,max,1.8040447235107422,0.4598581790924072,3.9230458736419678,3.9230458736419678,158,27
606,11367,specialized_enriched,max,2.9357447624206543,0.7484836578369141,3.9222562313079834,3.9222562313079834,212,27
607,4908,specialized_enriched,max,0.9759443998336792,0.24887992441654205,3.921346426010132,3.921346426010132,109,27
608,12326,specialized_enriched,active_fraction,0.023858902975916862,0.006085443776100874,3.9206511974334717,3.9206511974334717,202,27
609,14956,specialized_enriched,max,1.7677017450332642,0.45090317726135254,3.9203577041625977,3.9203577041625977,265,27
610,14883,base_enriched,mean,-0.06062355637550354,0.015467737801373005,-3.9193551540374756,3.9193551540374756,257,27
611,39,base_enriched,mean,-0.06092240661382675,0.015551931224763393,-3.9173531532287598,3.9173531532287598,194,27
612,11381,specialized_enriched,max,5.537545204162598,1.4139995574951172,3.9162282943725586,3.9162282943725586,159,27
613,12800,base_enriched,active_fraction,-0.009123548865318298,0.002329830080270767,-3.9159717559814453,3.9159717559814453,266,27
614,11375,specialized_enriched,max,7.342971324920654,1.8753159046173096,3.9155917167663574,3.9155917167663574,253,27
615,4648,base_enriched,active_fraction,-0.004582513589411974,0.0011710772523656487,-3.9130754470825195,3.9130754470825195,234,27
616,1531,specialized_enriched,max,2.7366247177124023,0.6998441219329834,3.910334587097168,3.910334587097168,268,27
617,7864,base_enriched,active_fraction,-0.01672435738146305,0.004277823958545923,-3.909547805786133,3.909547805786133,244,27
618,1355,base_enriched,mean,-0.03794720768928528,0.009709837846457958,-3.9081196784973145,3.9081196784973145,266,27
619,8175,base_enriched,mean,-0.04002515599131584,0.010242973454296589,-3.907572031021118,3.907572031021118,259,27
620,1658,base_enriched,active_fraction,-0.016925957053899765,0.004331880249083042,-3.9073002338409424,3.9073002338409424,265,27
621,1526,base_enriched,active_fraction,-0.006079275626689196,0.001556648057885468,-3.905362844467163,3.905362844467163,247,27
622,16037,base_enriched,max,-7.589231967926025,1.9437932968139648,-3.904340982437134,3.904340982437134,121,27
623,90,base_enriched,active_fraction,-0.0078582763671875,0.0020138726104050875,-3.9020721912384033,3.9020721912384033,267,27
624,7504,base_enriched,active_fraction,-0.014186907559633255,0.0036373804323375225,-3.9003090858459473,3.9003090858459473,267,27
625,11865,specialized_enriched,max,4.091809272766113,1.0493195056915283,3.8994884490966797,3.8994884490966797,173,27
626,9951,base_enriched,mean,-0.03145290166139603,0.008066085167229176,-3.8994011878967285,3.8994011878967285,254,27
627,7946,specialized_enriched,max,2.7220938205718994,0.6981823444366455,3.898829460144043,3.898829460144043,243,27
628,11770,base_enriched,mean,-0.13742652535438538,0.035256028175354004,-3.897958278656006,3.897958278656006,172,27
629,10684,specialized_enriched,active_fraction,0.004399843048304319,0.0011298268800601363,3.8942630290985107,3.8942630290985107,185,27
630,8363,specialized_enriched,max,1.9005945920944214,0.4882687032222748,3.8925178050994873,3.8925178050994873,208,27
631,13017,base_enriched,mean,-0.07186426222324371,0.018462415784597397,-3.8924624919891357,3.8924624919891357,267,27
632,14502,specialized_enriched,max,4.469843864440918,1.149213194847107,3.889481782913208,3.889481782913208,227,27
633,2248,specialized_enriched,max,1.812524676322937,0.4661191999912262,3.8885433673858643,3.8885433673858643,268,27
634,10282,specialized_enriched,max,1.0350202322006226,0.2662486135959625,3.887420177459717,3.887420177459717,268,27
635,13203,base_enriched,mean,-0.06314067542552948,0.016247298568487167,-3.886226177215576,3.886226177215576,268,27
636,9179,base_enriched,mean,-0.04864038527011871,0.012523471377789974,-3.8839378356933594,3.8839378356933594,266,27
637,5061,base_enriched,active_fraction,-0.012234989553689957,0.0031523401848971844,-3.881240129470825,3.881240129470825,221,27
638,6311,base_enriched,mean,-0.0673699676990509,0.01737632043659687,-3.8771135807037354,3.8771135807037354,254,27
639,10841,specialized_enriched,max,1.414019227027893,0.36501801013946533,3.8738341331481934,3.8738341331481934,120,27
640,7317,specialized_enriched,max,0.8028703331947327,0.20728714764118195,3.873227834701538,3.873227834701538,164,27
641,5046,specialized_enriched,max,1.0776675939559937,0.27832135558128357,3.872026205062866,3.872026205062866,190,27
642,4751,specialized_enriched,max,2.6147398948669434,0.6752988696098328,3.871974229812622,3.871974229812622,267,27
643,15848,base_enriched,active_fraction,-0.0024024867452681065,0.0006205842364579439,-3.871330499649048,3.871330499649048,266,27
644,16076,specialized_enriched,max,1.799248456954956,0.46493133902549744,3.8699228763580322,3.8699228763580322,206,27
645,4418,specialized_enriched,max,0.5081338882446289,0.13135382533073425,3.868436098098755,3.868436098098755,241,27
646,2625,base_enriched,active_fraction,-0.011216610670089722,0.0029005848336964846,-3.8670170307159424,3.8670170307159424,248,27
647,448,base_enriched,active_fraction,-0.008153988048434258,0.002110574394464493,-3.8633975982666016,3.8633975982666016,178,27
648,44,specialized_enriched,max,2.0271151065826416,0.5249178409576416,3.8617758750915527,3.8617758750915527,204,27
649,6816,specialized_enriched,active_fraction,0.014898131601512432,0.003858397016301751,3.861222982406616,3.861222982406616,227,27
650,1728,specialized_enriched,max,6.424322605133057,1.6644858121871948,3.8596439361572266,3.8596439361572266,214,27
651,4909,base_enriched,active_fraction,-0.009975578635931015,0.0025855456478893757,-3.858210325241089,3.858210325241089,264,27
652,14314,specialized_enriched,max,1.5032634735107422,0.38974693417549133,3.8570244312286377,3.8570244312286377,267,27
653,6661,base_enriched,mean,-0.061595723032951355,0.015993379056453705,-3.8513264656066895,3.8513264656066895,232,27
654,9040,specialized_enriched,max,2.579373598098755,0.6698436141014099,3.850710153579712,3.850710153579712,233,27
655,1006,base_enriched,active_fraction,-0.019174696877598763,0.004980186931788921,-3.850196123123169,3.850196123123169,268,27
656,13965,base_enriched,active_fraction,-0.007189448922872543,0.0018682017689570785,-3.848325729370117,3.848325729370117,213,27
657,3065,specialized_enriched,max,6.078341484069824,1.5803325176239014,3.8462421894073486,3.8462421894073486,260,27
658,11539,base_enriched,active_fraction,-0.09591636061668396,0.024940211325883865,-3.8458518981933594,3.8458518981933594,268,27
659,12248,specialized_enriched,active_fraction,0.01013523992151022,0.0026356419548392296,3.845453977584839,3.845453977584839,266,27
660,13891,base_enriched,mean,-0.05271090567111969,0.013711703941226006,-3.8442273139953613,3.8442273139953613,265,27
661,15473,base_enriched,active_fraction,-0.010139754973351955,0.0026394196320325136,-3.841660737991333,3.841660737991333,268,27
662,778,base_enriched,active_fraction,-0.014480349607765675,0.003769614500924945,-3.841334342956543,3.841334342956543,232,27
663,3233,base_enriched,active_fraction,-0.014719130471348763,0.0038337730802595615,-3.8393328189849854,3.8393328189849854,268,27
664,9393,specialized_enriched,max,3.1225337982177734,0.8146149516105652,3.8331408500671387,3.8331408500671387,222,27
665,4403,specialized_enriched,max,3.712470293045044,0.9692195057868958,3.8303709030151367,3.8303709030151367,172,27
666,11965,specialized_enriched,active_fraction,0.014775409363210201,0.0038580955006182194,3.8297157287597656,3.8297157287597656,266,27
667,9711,specialized_enriched,max,4.415613651275635,1.153012752532959,3.8296313285827637,3.8296313285827637,227,27
668,2893,specialized_enriched,max,4.1306304931640625,1.078894853591919,3.828575611114502,3.828575611114502,220,27
669,7728,specialized_enriched,max,1.335668683052063,0.3490307927131653,3.8267931938171387,3.8267931938171387,162,27
670,7411,base_enriched,mean,-0.047686442732810974,0.012478269636631012,-3.821558952331543,3.821558952331543,253,27
671,11654,specialized_enriched,max,2.2319397926330566,0.5846180319786072,3.817774534225464,3.817774534225464,255,27
672,7988,specialized_enriched,active_fraction,0.02106509543955326,0.005521805956959724,3.814892292022705,3.814892292022705,268,27
673,13453,specialized_enriched,active_fraction,0.005154114682227373,0.001351199927739799,3.814472198486328,3.814472198486328,215,27
674,10720,specialized_enriched,max,0.8253622055053711,0.21638424694538116,3.814335823059082,3.814335823059082,195,27
675,3363,specialized_enriched,max,2.0354034900665283,0.5338232517242432,3.8128790855407715,3.8128790855407715,214,27
676,49,base_enriched,mean,-0.04657112807035446,0.01221432350575924,-3.81282901763916,3.81282901763916,255,27
677,16038,base_enriched,active_fraction,-0.0055523645132780075,0.0014566696481779218,-3.8116841316223145,3.8116841316223145,255,27
678,886,specialized_enriched,max,2.5017306804656982,0.6565719842910767,3.8102915287017822,3.8102915287017822,220,27
679,14429,base_enriched,active_fraction,-0.010524870827794075,0.002764625009149313,-3.8069794178009033,3.8069794178009033,210,27
680,11996,specialized_enriched,max,0.8741593956947327,0.22986644506454468,3.802901268005371,3.802901268005371,137,27
681,8427,base_enriched,active_fraction,-0.00823964923620224,0.002166938269510865,-3.802438259124756,3.802438259124756,171,27
682,12254,specialized_enriched,active_fraction,0.03175124526023865,0.008354096673429012,3.8006796836853027,3.8006796836853027,238,27
683,10934,specialized_enriched,active_fraction,0.031779929995536804,0.008362292312085629,3.800384998321533,3.800384998321533,252,27
684,3228,base_enriched,active_fraction,-0.00857208389788866,0.002255941741168499,-3.7997806072235107,3.7997806072235107,240,27
685,14252,base_enriched,mean,-0.12864950299263,0.03387616574764252,-3.797640562057495,3.797640562057495,141,27
686,768,specialized_enriched,max,1.035879373550415,0.27289634943008423,3.7958710193634033,3.7958710193634033,195,27
687,14105,base_enriched,active_fraction,-0.02567175403237343,0.006763998884707689,-3.795351505279541,3.795351505279541,268,27
688,12593,base_enriched,mean,-0.11165184527635574,0.029423095285892487,-3.794700860977173,3.794700860977173,182,27
689,20,base_enriched,max,-3.999678611755371,1.0541129112243652,-3.7943549156188965,3.7943549156188965,223,27
690,3476,base_enriched,active_fraction,-0.01521661039441824,0.0040119849145412445,-3.792788505554199,3.792788505554199,262,27
691,10152,base_enriched,active_fraction,-0.02162904292345047,0.005702742841094732,-3.7927439212799072,3.7927439212799072,266,27
692,7953,specialized_enriched,active_fraction,0.028400011360645294,0.007489826530218124,3.79181170463562,3.79181170463562,205,27
693,13646,base_enriched,mean,-0.14372625946998596,0.03791682422161102,-3.790566921234131,3.790566921234131,151,27
694,1313,specialized_enriched,max,3.54490327835083,0.9359337687492371,3.78755784034729,3.78755784034729,173,27
695,9132,base_enriched,active_fraction,-0.016988005489110947,0.004490123130381107,-3.783416509628296,3.783416509628296,213,27
696,5640,specialized_enriched,max,1.2283425331115723,0.3247261345386505,3.782702922821045,3.782702922821045,196,27
697,6254,base_enriched,mean,-0.11020679771900177,0.02914324216544628,-3.7815558910369873,3.7815558910369873,160,27
698,402,specialized_enriched,max,0.9043834209442139,0.23917603492736816,3.7812459468841553,3.7812459468841553,139,27
699,153,specialized_enriched,max,2.8732569217681885,0.7598923444747925,3.7811367511749268,3.7811367511749268,215,27
700,6277,base_enriched,mean,-0.05124673992395401,0.013554304838180542,-3.780846118927002,3.780846118927002,268,27
701,10049,base_enriched,mean,-0.09331831336021423,0.024687577039003372,-3.779970407485962,3.779970407485962,178,27
702,10072,specialized_enriched,active_fraction,0.006007979158312082,0.0015904661267995834,3.777495861053467,3.777495861053467,218,27
703,11241,specialized_enriched,max,1.4307197332382202,0.3790726959705353,3.7742621898651123,3.7742621898651123,148,27
704,6684,base_enriched,active_fraction,-0.010173073038458824,0.002695459173992276,-3.7741520404815674,3.7741520404815674,268,27
705,12772,specialized_enriched,max,1.200492024421692,0.31825700402259827,3.7720835208892822,3.7720835208892822,134,27
706,3352,base_enriched,mean,-0.04971472918987274,0.013186515308916569,-3.7701187133789062,3.7701187133789062,119,27
707,6407,base_enriched,active_fraction,-0.011053544469177723,0.0029349164105951786,-3.766221284866333,3.766221284866333,177,27
708,14997,specialized_enriched,max,2.4473273754119873,0.6500309109687805,3.764940023422241,3.764940023422241,253,27
709,4893,specialized_enriched,max,1.4345332384109497,0.3811292350292206,3.763902425765991,3.763902425765991,268,27
710,13871,base_enriched,active_fraction,-0.007834181189537048,0.002082188380882144,-3.762474775314331,3.762474775314331,258,27
711,5456,specialized_enriched,max,1.9029370546340942,0.5060928463935852,3.7600553035736084,3.7600553035736084,268,27
712,2405,base_enriched,active_fraction,-0.016963403671979904,0.00451241061091423,-3.759277582168579,3.759277582168579,165,27
713,1316,specialized_enriched,max,1.0872045755386353,0.28921136260032654,3.759204149246216,3.759204149246216,134,27
714,286,base_enriched,active_fraction,-0.02391090802848339,0.006366013549268246,-3.7560253143310547,3.7560253143310547,268,27
715,11139,specialized_enriched,max,2.4080610275268555,0.6412740349769592,3.755120038986206,3.755120038986206,220,27
716,7797,base_enriched,active_fraction,-0.009073522873222828,0.00241740676574409,-3.7534117698669434,3.7534117698669434,225,27
717,2418,specialized_enriched,max,1.0654914379119873,0.2842544615268707,3.7483718395233154,3.7483718395233154,136,27
718,788,specialized_enriched,active_fraction,0.02010403387248516,0.005368510261178017,3.7448067665100098,3.7448067665100098,267,27
719,16200,base_enriched,active_fraction,-0.00919752474874258,0.0024567502550780773,-3.743776798248291,3.743776798248291,263,27
720,1551,specialized_enriched,max,0.639883279800415,0.17102186381816864,3.7415289878845215,3.7415289878845215,130,27
721,5568,base_enriched,active_fraction,-0.009478388354182243,0.0025335687678307295,-3.741121292114258,3.741121292114258,238,27
722,15184,base_enriched,mean,-0.026308663189411163,0.007034167181700468,-3.7401247024536133,3.7401247024536133,267,27
723,1615,specialized_enriched,max,2.510371446609497,0.671607494354248,3.7378549575805664,3.7378549575805664,236,27
724,5113,base_enriched,active_fraction,-0.011979163624346256,0.0032064577098935843,-3.7359492778778076,3.7359492778778076,263,27
725,15246,specialized_enriched,max,3.0377273559570312,0.81319260597229,3.7355570793151855,3.7355570793151855,134,27
726,3094,specialized_enriched,active_fraction,0.017156045883893967,0.0045953430235385895,3.7333548069000244,3.7333548069000244,164,27
727,6823,base_enriched,active_fraction,-0.010358978994190693,0.0027753107715398073,-3.7325472831726074,3.7325472831726074,268,27
728,1285,base_enriched,active_fraction,-0.039753999561071396,0.010652212426066399,-3.73199462890625,3.73199462890625,227,27
729,8642,specialized_enriched,active_fraction,0.014978577382862568,0.0040143937803804874,3.731217861175537,3.731217861175537,208,27
730,50,specialized_enriched,max,3.2376198768615723,0.8683187365531921,3.728607654571533,3.728607654571533,201,27
731,4682,specialized_enriched,max,1.2143863439559937,0.32573696970939636,3.728119373321533,3.728119373321533,136,27
732,6242,base_enriched,active_fraction,-0.048458606004714966,0.013002872467041016,-3.72676157951355,3.72676157951355,222,27
733,8207,specialized_enriched,max,4.871959209442139,1.307905673980713,3.725008010864258,3.725008010864258,187,27
734,15240,base_enriched,mean,-0.0952954813838005,0.0255910474807024,-3.7237820625305176,3.7237820625305176,222,27
735,14175,base_enriched,active_fraction,-0.009397096000611782,0.0025236238725483418,-3.723651647567749,3.723651647567749,266,27
736,627,base_enriched,active_fraction,-0.014129831455647945,0.003794742515310645,-3.7235283851623535,3.7235283851623535,264,27
737,8516,specialized_enriched,active_fraction,0.013105127029120922,0.003522575367242098,3.720325469970703,3.720325469970703,268,27
738,1357,base_enriched,active_fraction,-0.01792036183178425,0.004818317946046591,-3.7192153930664062,3.7192153930664062,162,27
739,13590,specialized_enriched,active_fraction,0.01792859472334385,0.004822855815291405,3.7174229621887207,3.7174229621887207,191,27
740,1075,base_enriched,active_fraction,-0.009137503802776337,0.0024633491411805153,-3.7093822956085205,3.7093822956085205,248,27
741,14820,base_enriched,mean,-0.05525185912847519,0.014911164529621601,-3.705402135848999,3.705402135848999,240,27
742,11035,base_enriched,mean,-0.05601979419589043,0.015129626728594303,-3.70265531539917,3.70265531539917,250,27
743,16135,specialized_enriched,max,2.2840683460235596,0.6173734068870544,3.6996545791625977,3.6996545791625977,267,27
744,5943,specialized_enriched,max,1.1413419246673584,0.3085220158100128,3.699385643005371,3.699385643005371,250,27
745,13809,base_enriched,active_fraction,-0.011736712418496609,0.003175451187416911,-3.6960771083831787,3.6960771083831787,188,27
746,2423,specialized_enriched,max,2.2674546241760254,0.613876461982727,3.6936659812927246,3.6936659812927246,239,27
747,15758,base_enriched,mean,-0.042179469019174576,0.011424447409808636,-3.6920359134674072,3.6920359134674072,256,27
748,2621,specialized_enriched,max,0.8093910813331604,0.2194340080022812,3.688539743423462,3.688539743423462,157,27
749,14497,base_enriched,active_fraction,-0.0036147877108305693,0.0009813584620133042,-3.683452844619751,3.683452844619751,102,27
750,12694,base_enriched,active_fraction,-0.010522697120904922,0.00285714166238904,-3.682945489883423,3.682945489883423,125,27
751,7828,base_enriched,active_fraction,-0.006386696361005306,0.0017349885310977697,-3.681117296218872,3.681117296218872,158,27
752,12454,specialized_enriched,active_fraction,0.006598870735615492,0.0017940901452675462,3.6781153678894043,3.6781153678894043,255,27
753,4551,base_enriched,active_fraction,-0.006314844824373722,0.0017189524369314313,-3.673658847808838,3.673658847808838,219,27
754,2174,specialized_enriched,max,3.044971227645874,0.8293835520744324,3.6713666915893555,3.6713666915893555,152,27
755,363,specialized_enriched,active_fraction,0.02893143706023693,0.00788130797445774,3.6708929538726807,3.6708929538726807,202,27
756,6448,specialized_enriched,max,4.049897193908691,1.1036940813064575,3.6694018840789795,3.6694018840789795,253,27
757,201,base_enriched,active_fraction,-0.0211319737136364,0.005759276915341616,-3.669206142425537,3.669206142425537,268,27
758,10593,specialized_enriched,max,3.5885767936706543,0.9797680377960205,3.66267991065979,3.66267991065979,175,27
759,14711,base_enriched,mean,-0.041041892021894455,0.011207135394215584,-3.662121534347534,3.662121534347534,220,27
760,3364,specialized_enriched,max,0.687265157699585,0.1877196878194809,3.6611244678497314,3.6611244678497314,128,27
761,15881,base_enriched,active_fraction,-0.01130333449691534,0.0030880323611199856,-3.660367965698242,3.660367965698242,268,27
762,4841,base_enriched,active_fraction,-0.022999534383416176,0.006284413859248161,-3.6597740650177,3.6597740650177,262,27
763,7930,specialized_enriched,max,1.1152034997940063,0.3048231899738312,3.6585257053375244,3.6585257053375244,200,27
764,7638,specialized_enriched,max,0.4782745838165283,0.13073843717575073,3.6582553386688232,3.6582553386688232,104,27
765,2036,specialized_enriched,max,2.7795441150665283,0.7601439952850342,3.656602144241333,3.656602144241333,238,27
766,849,base_enriched,mean,-0.1126188412308693,0.030801432207226753,-3.6562857627868652,3.6562857627868652,266,27
767,16166,base_enriched,mean,-0.04997915029525757,0.013670201413333416,-3.6560654640197754,3.6560654640197754,262,27
768,1760,base_enriched,active_fraction,-0.03076036646962166,0.008421859703958035,-3.6524434089660645,3.6524434089660645,263,27
769,1047,base_enriched,active_fraction,-0.0027694220189005136,0.00075845344690606,-3.651406764984131,3.651406764984131,120,27
770,604,base_enriched,active_fraction,-0.010524000972509384,0.0028841146267950535,-3.648953676223755,3.648953676223755,211,27
771,7478,specialized_enriched,max,0.858250081539154,0.23533214628696442,3.6469733715057373,3.6469733715057373,112,27
772,5039,base_enriched,active_fraction,-0.0030139728914946318,0.0008282919880002737,-3.6387805938720703,3.6387805938720703,81,27
773,6708,base_enriched,active_fraction,-0.004698572214692831,0.00129176105838269,-3.637338399887085,3.637338399887085,156,27
774,3291,base_enriched,active_fraction,-0.012737901881337166,0.0035047915298491716,-3.634424924850464,3.634424924850464,262,27
775,4906,base_enriched,active_fraction,-0.008488377556204796,0.002337702549993992,-3.6310768127441406,3.6310768127441406,132,27
776,9969,specialized_enriched,max,1.3469022512435913,0.3709639012813568,3.6308176517486572,3.6308176517486572,93,27
777,1558,base_enriched,active_fraction,-0.019337255507707596,0.005328552797436714,-3.628988265991211,3.628988265991211,199,27
778,12263,specialized_enriched,max,1.1171009540557861,0.3078935742378235,3.628204822540283,3.628204822540283,265,27
779,128,specialized_enriched,max,1.270297646522522,0.35023441910743713,3.626992702484131,3.626992702484131,184,27
780,13307,specialized_enriched,max,2.98289155960083,0.8224477171897888,3.6268463134765625,3.6268463134765625,214,27
781,4322,specialized_enriched,max,1.5890278816223145,0.4382437467575073,3.6258997917175293,3.6258997917175293,236,27
782,8401,base_enriched,active_fraction,-0.009237771853804588,0.002548139076679945,-3.6253013610839844,3.6253013610839844,263,27
783,8070,specialized_enriched,max,2.3068692684173584,0.636394739151001,3.6249032020568848,3.6249032020568848,251,27
784,15990,specialized_enriched,max,1.1544018983840942,0.3185141980648041,3.6243340969085693,3.6243340969085693,215,27
785,2322,specialized_enriched,max,5.892219543457031,1.6258670091629028,3.6240477561950684,3.6240477561950684,199,27
786,5477,base_enriched,mean,-0.0429963693022728,0.011870122514665127,-3.622234582901001,3.622234582901001,262,27
787,15845,base_enriched,active_fraction,-0.00941126886755228,0.0025994149036705494,-3.6205334663391113,3.6205334663391113,183,27
788,10303,base_enriched,mean,-0.08509348332881927,0.023527419194579124,-3.616779327392578,3.616779327392578,198,27
789,15672,specialized_enriched,max,1.714819073677063,0.4750650227069855,3.6096513271331787,3.6096513271331787,255,27
790,11589,specialized_enriched,max,2.006551504135132,0.5558975338935852,3.6095707416534424,3.6095707416534424,213,27
791,14075,specialized_enriched,max,1.4740160703659058,0.4084934592247009,3.6084201335906982,3.6084201335906982,123,27
792,8410,specialized_enriched,active_fraction,0.007061560172587633,0.0019574530888348818,3.6075246334075928,3.6075246334075928,170,27
793,14266,base_enriched,mean,-0.05719554424285889,0.01585850864648819,-3.6066155433654785,3.6066155433654785,268,27
794,2942,base_enriched,mean,-0.04060554504394531,0.01125892624258995,-3.606520175933838,3.606520175933838,222,27
795,14234,base_enriched,active_fraction,-0.014051605947315693,0.0038989500608295202,-3.6039462089538574,3.6039462089538574,268,27
796,4013,base_enriched,mean,-0.09307977557182312,0.02583271823823452,-3.6031739711761475,3.6031739711761475,264,27
797,2327,specialized_enriched,max,1.8211654424667358,0.5054727792739868,3.6028952598571777,3.6028952598571777,232,27
798,9339,specialized_enriched,max,1.9715189933776855,0.547252893447876,3.602573871612549,3.602573871612549,177,27
799,8202,base_enriched,active_fraction,-0.008838798850774765,0.002456496236845851,-3.598132371902466,3.598132371902466,268,27
800,11866,base_enriched,active_fraction,-0.01290133036673069,0.0035856436006724834,-3.5980515480041504,3.5980515480041504,156,27
801,7157,specialized_enriched,max,1.077914834022522,0.2997913360595703,3.595550298690796,3.595550298690796,186,27
802,1469,base_enriched,active_fraction,-0.025103677064180374,0.006982055492699146,-3.595456600189209,3.595456600189209,222,27
803,1900,specialized_enriched,max,1.2926349639892578,0.3598806858062744,3.5918431282043457,3.5918431282043457,128,27
804,14408,specialized_enriched,max,4.6548285484313965,1.2960275411605835,3.5916123390197754,3.5916123390197754,214,27
805,15900,base_enriched,active_fraction,-0.009691262617707253,0.002698521362617612,-3.5913233757019043,3.5913233757019043,205,27
806,1512,specialized_enriched,mean,0.038609035313129425,0.010750704444944859,3.5913028717041016,3.5913028717041016,267,27
807,10036,base_enriched,mean,-0.051379624754190445,0.014309477992355824,-3.5906009674072266,3.5906009674072266,267,27
808,13141,base_enriched,mean,-0.14101962745189667,0.03928888589143753,-3.5893006324768066,3.5893006324768066,230,27
809,5104,base_enriched,active_fraction,-0.005822869949042797,0.0016228249296545982,-3.5881073474884033,3.5881073474884033,264,27
810,14123,base_enriched,active_fraction,-0.02364477328956127,0.006593375466763973,-3.5861408710479736,3.5861408710479736,191,27
811,9206,specialized_enriched,max,5.594714164733887,1.5602113008499146,3.585869550704956,3.585869550704956,211,27
812,2211,specialized_enriched,max,4.7267231941223145,1.318400502204895,3.585195302963257,3.585195302963257,155,27
813,11897,specialized_enriched,max,1.2371193170547485,0.34528955817222595,3.58284592628479,3.58284592628479,153,27
814,2021,base_enriched,mean,-0.05036404728889465,0.014058946631848812,-3.582348585128784,3.582348585128784,268,27
815,7992,specialized_enriched,max,2.495222330093384,0.6970645189285278,3.5796146392822266,3.5796146392822266,244,27
816,664,specialized_enriched,max,3.17117977142334,0.8859475255012512,3.5794217586517334,3.5794217586517334,214,27
817,7795,base_enriched,active_fraction,-0.0075485133565962315,0.002109671011567116,-3.578052282333374,3.578052282333374,198,27
818,15161,specialized_enriched,active_fraction,0.011686179786920547,0.0032668341882526875,3.577218532562256,3.577218532562256,243,27
819,1778,specialized_enriched,max,2.5927858352661133,0.7249817848205566,3.5763461589813232,3.5763461589813232,240,27
820,8691,base_enriched,mean,-0.07277708500623703,0.02035515010356903,-3.575364589691162,3.575364589691162,268,27
821,13188,specialized_enriched,max,2.298896074295044,0.6432121396064758,3.574086904525757,3.574086904525757,247,27
822,2816,base_enriched,active_fraction,-0.01129575353115797,0.003162038279697299,-3.5723013877868652,3.5723013877868652,221,27
823,13539,base_enriched,mean,-0.040431346744298935,0.01132136769592762,-3.571242332458496,3.571242332458496,242,27
824,5549,specialized_enriched,active_fraction,0.009179465472698212,0.002570627722889185,3.57090425491333,3.57090425491333,235,27
825,2819,specialized_enriched,active_fraction,0.03279765695333481,0.009192191064357758,3.567991256713867,3.567991256713867,221,27
826,5558,specialized_enriched,max,0.8378040790557861,0.23489707708358765,3.566685914993286,3.566685914993286,231,27
827,4993,base_enriched,active_fraction,-0.016672061756253242,0.004678106866776943,-3.5638480186462402,3.5638480186462402,267,27
828,13337,base_enriched,active_fraction,-0.006277639884501696,0.0017620166763663292,-3.562758445739746,3.562758445739746,199,27
829,13225,specialized_enriched,max,1.3161898851394653,0.3694392740726471,3.562669038772583,3.562669038772583,225,27
830,11552,specialized_enriched,max,7.151565074920654,2.0083775520324707,3.5608668327331543,3.5608668327331543,194,27
831,2798,specialized_enriched,max,6.284587383270264,1.765271782875061,3.560124635696411,3.560124635696411,231,27
832,15698,base_enriched,active_fraction,-0.00785059854388237,0.002207033568993211,-3.557081699371338,3.557081699371338,221,27
833,3558,base_enriched,active_fraction,-0.008000531233847141,0.0022514841984957457,-3.553447723388672,3.553447723388672,221,27
834,1890,specialized_enriched,max,3.6161367893218994,1.0177710056304932,3.5529963970184326,3.5529963970184326,191,27
835,989,specialized_enriched,active_fraction,0.00444199750199914,0.0012509189546108246,3.550987482070923,3.550987482070923,179,27
836,432,specialized_enriched,active_fraction,0.0063408236019313335,0.0017858215142041445,3.5506479740142822,3.5506479740142822,155,27
837,8697,specialized_enriched,max,2.160057306289673,0.6083695292472839,3.550567865371704,3.550567865371704,246,27
838,4612,base_enriched,active_fraction,-0.011533423326909542,0.003250798676162958,-3.5478737354278564,3.5478737354278564,160,27
839,11413,specialized_enriched,max,2.45413875579834,0.6917970776557922,3.547483444213867,3.547483444213867,152,27
840,93,specialized_enriched,max,0.7117781043052673,0.20066945254802704,3.547017812728882,3.547017812728882,71,27
841,14929,specialized_enriched,max,0.6796504259109497,0.19166108965873718,3.54610538482666,3.54610538482666,247,27
842,10677,specialized_enriched,max,2.4545466899871826,0.6922554969787598,3.5457236766815186,3.5457236766815186,117,27
843,2715,base_enriched,mean,-0.06722327321767807,0.018965590745210648,-3.5444860458374023,3.5444860458374023,245,27
844,14322,specialized_enriched,max,3.7570459842681885,1.0603513717651367,3.543208599090576,3.543208599090576,205,27
845,2842,specialized_enriched,max,1.6432456970214844,0.4637852907180786,3.5431172847747803,3.5431172847747803,244,27
846,7816,specialized_enriched,max,3.516941547393799,0.9933035969734192,3.5406510829925537,3.5406510829925537,267,27
847,14985,base_enriched,active_fraction,-0.005467088893055916,0.0015450222417712212,-3.538517951965332,3.538517951965332,267,27
848,1897,base_enriched,mean,-0.08314286172389984,0.023503471165895462,-3.5374715328216553,3.5374715328216553,237,27
849,4252,specialized_enriched,max,2.2650563716888428,0.6404825448989868,3.5364842414855957,3.5364842414855957,174,27
850,2250,specialized_enriched,max,1.3216042518615723,0.373822420835495,3.5353798866271973,3.5353798866271973,155,27
851,11522,base_enriched,active_fraction,-0.004445353522896767,0.0012587254168465734,-3.531630754470825,3.531630754470825,228,27
852,3100,specialized_enriched,max,2.213347911834717,0.627080500125885,3.5296072959899902,3.5296072959899902,266,27
853,12142,base_enriched,active_fraction,-0.0091013852506876,0.00257957074791193,-3.5282557010650635,3.5282557010650635,241,27
854,5420,base_enriched,mean,-0.05595153942704201,0.01586025021970272,-3.5277841091156006,3.5277841091156006,246,27
855,1058,base_enriched,mean,-0.028932353481650352,0.008202731609344482,-3.527160882949829,3.527160882949829,176,27
856,8079,base_enriched,active_fraction,-0.012814702466130257,0.0036332313902676105,-3.527081251144409,3.527081251144409,197,27
857,11354,specialized_enriched,max,1.2624480724334717,0.3579578101634979,3.5268068313598633,3.5268068313598633,266,27
858,11032,base_enriched,active_fraction,-0.0082328412681818,0.00233464315533638,-3.526381015777588,3.526381015777588,263,27
859,7086,specialized_enriched,max,5.359090805053711,1.5205004215240479,3.52455735206604,3.52455735206604,186,27
860,7026,base_enriched,active_fraction,-0.01540017407387495,0.004372292663902044,-3.52221941947937,3.52221941947937,232,27
861,5882,specialized_enriched,max,1.5899549722671509,0.45143911242485046,3.52197003364563,3.52197003364563,260,27
862,14745,base_enriched,active_fraction,-0.021776560693979263,0.006185648497194052,-3.5204975605010986,3.5204975605010986,236,27
863,14,base_enriched,active_fraction,-0.008067505434155464,0.0022924321237951517,-3.519190549850464,3.519190549850464,253,27
864,12547,specialized_enriched,max,2.1743102073669434,0.6178527474403381,3.5191397666931152,3.5191397666931152,162,27
865,6154,specialized_enriched,max,1.8640785217285156,0.5300971269607544,3.5164849758148193,3.5164849758148193,192,27
866,6929,specialized_enriched,max,1.5132948160171509,0.4304247796535492,3.515817165374756,3.515817165374756,266,27
867,14811,base_enriched,active_fraction,-0.008319709450006485,0.002367353066802025,-3.5143508911132812,3.5143508911132812,255,27
868,4604,base_enriched,mean,-0.034565165638923645,0.009835755452513695,-3.5142359733581543,3.5142359733581543,258,27
869,2896,specialized_enriched,max,4.407041072845459,1.2546133995056152,3.5126686096191406,3.5126686096191406,182,27
870,13487,specialized_enriched,max,0.954867959022522,0.2720106542110443,3.510406494140625,3.510406494140625,217,27
871,14909,base_enriched,mean,-0.02956433780491352,0.008427842520177364,-3.507936716079712,3.507936716079712,156,27
872,3404,specialized_enriched,max,1.236674189567566,0.3526040017604828,3.507260799407959,3.507260799407959,189,27
873,8102,specialized_enriched,max,4.154816150665283,1.1848939657211304,3.5064878463745117,3.5064878463745117,236,27
874,5880,specialized_enriched,max,1.0368528366088867,0.2956986427307129,3.50645112991333,3.50645112991333,185,27
875,4910,base_enriched,active_fraction,-0.008305175229907036,0.002368610119447112,-3.506349563598633,3.506349563598633,266,27
876,4730,specialized_enriched,max,2.5236353874206543,0.719834566116333,3.505854606628418,3.505854606628418,190,27
877,13427,base_enriched,mean,-0.09762684255838394,0.02784743532538414,-3.505774974822998,3.505774974822998,254,27
878,11004,base_enriched,active_fraction,-0.02300392836332321,0.006562579423189163,-3.5053181648254395,3.5053181648254395,251,27
879,13658,base_enriched,mean,-0.04796152561903,0.013687916100025177,-3.503931999206543,3.503931999206543,250,27
880,8563,specialized_enriched,max,2.596543788909912,0.7411211729049683,3.5035347938537598,3.5035347938537598,264,27
881,13137,base_enriched,active_fraction,-0.014670456759631634,0.0041909716092050076,-3.500490665435791,3.500490665435791,224,27
882,4305,base_enriched,active_fraction,-0.0076323398388922215,0.0021814932115375996,-3.4986767768859863,3.4986767768859863,236,27
883,15512,base_enriched,active_fraction,-0.0064307586289942265,0.0018381261033937335,-3.4985404014587402,3.4985404014587402,242,27
884,16274,base_enriched,active_fraction,-0.010514368303120136,0.0030063737649470568,-3.497359037399292,3.497359037399292,241,27
885,217,specialized_enriched,active_fraction,0.014807399362325668,0.00423625810071826,3.4953958988189697,3.4953958988189697,228,27
886,16306,base_enriched,active_fraction,-0.0038150593172758818,0.0010949369752779603,-3.4842729568481445,3.4842729568481445,197,27
887,2023,base_enriched,mean,-0.030140260234475136,0.008656342513859272,-3.481870174407959,3.481870174407959,263,27
888,7736,specialized_enriched,max,1.8699194192886353,0.5371038913726807,3.481485605239868,3.481485605239868,87,27
889,1586,specialized_enriched,max,3.4167635440826416,0.9814097285270691,3.481485366821289,3.481485366821289,240,27
890,1303,specialized_enriched,max,1.8304613828659058,0.5262595415115356,3.478248357772827,3.478248357772827,252,27
891,4723,specialized_enriched,max,1.6388201713562012,0.47125935554504395,3.4775333404541016,3.4775333404541016,255,27
892,3283,base_enriched,mean,-0.024091502651572227,0.0069295489229261875,-3.4766335487365723,3.4766335487365723,268,27
893,7721,base_enriched,active_fraction,-0.01934884488582611,0.005566687323153019,-3.47582745552063,3.47582745552063,250,27
894,827,base_enriched,mean,-0.01856135204434395,0.005341021344065666,-3.4752440452575684,3.4752440452575684,247,27
895,15418,base_enriched,mean,-0.05660045146942139,0.016290821135044098,-3.474376916885376,3.474376916885376,268,27
896,7590,base_enriched,active_fraction,-0.015282860025763512,0.0043995557352900505,-3.4737279415130615,3.4737279415130615,176,27
897,3418,base_enriched,active_fraction,-0.012393806129693985,0.0035683203022927046,-3.4732885360717773,3.4732885360717773,169,27
898,1997,base_enriched,mean,-0.021862899884581566,0.00629698671400547,-3.4719622135162354,3.4719622135162354,258,27
899,9571,base_enriched,active_fraction,-0.015322335064411163,0.00441508274525404,-3.4704525470733643,3.4704525470733643,263,27
900,3849,base_enriched,active_fraction,-0.009001502767205238,0.002595021389424801,-3.4687585830688477,3.4687585830688477,261,27
901,4863,base_enriched,active_fraction,-0.007025634404271841,0.002026519039645791,-3.466848373413086,3.466848373413086,200,27
902,3262,base_enriched,mean,-0.058582935482263565,0.01690019480884075,-3.4664058685302734,3.4664058685302734,267,27
903,4829,specialized_enriched,active_fraction,0.01217723824083805,0.003513324074447155,3.4660162925720215,3.4660162925720215,259,27
904,4947,base_enriched,active_fraction,-0.006014522165060043,0.0017357721226289868,-3.465041399002075,3.465041399002075,266,27
905,15235,base_enriched,active_fraction,-0.0055091953836381435,0.0015912781236693263,-3.4621198177337646,3.4621198177337646,199,27
906,13835,base_enriched,active_fraction,-0.003405679715797305,0.0009841001592576504,-3.4607043266296387,3.4607043266296387,149,27
907,16122,specialized_enriched,max,1.0374616384506226,0.2998919188976288,3.459451913833618,3.459451913833618,268,27
908,3419,specialized_enriched,active_fraction,0.007094636559486389,0.002052011899650097,3.4574050903320312,3.4574050903320312,258,27
909,6383,specialized_enriched,max,1.2247824668884277,0.3542572259902954,3.4573252201080322,3.4573252201080322,268,27
910,7064,base_enriched,mean,-0.05353068187832832,0.015504392795264721,-3.4526138305664062,3.4526138305664062,268,27
911,2721,base_enriched,mean,-0.7144976258277893,0.2069811075925827,-3.4519944190979004,3.4519944190979004,268,27
912,2936,base_enriched,active_fraction,-0.010420473292469978,0.0030192488338798285,-3.4513463973999023,3.4513463973999023,199,27
913,11282,base_enriched,mean,-0.06437509506940842,0.018653059378266335,-3.451181650161743,3.451181650161743,268,27
914,6918,base_enriched,active_fraction,-0.011578185483813286,0.0033557633869349957,-3.4502389430999756,3.4502389430999756,263,27
915,12511,specialized_enriched,max,2.3167710304260254,0.6715030670166016,3.450127363204956,3.450127363204956,124,27
916,10967,base_enriched,mean,-0.10510635375976562,0.030497025698423386,-3.446445941925049,3.446445941925049,257,27
917,5439,base_enriched,mean,-0.22621303796768188,0.06565162539482117,-3.445657730102539,3.445657730102539,259,27
918,5283,specialized_enriched,max,0.7377249598503113,0.21417319774627686,3.4445250034332275,3.4445250034332275,267,27
919,900,base_enriched,active_fraction,-0.007573960814625025,0.002199191367253661,-3.4439754486083984,3.4439754486083984,266,27
920,16308,specialized_enriched,max,2.4600536823272705,0.7149110436439514,3.4410626888275146,3.4410626888275146,245,27
921,1591,base_enriched,mean,-0.0541200265288353,0.01573042757809162,-3.440467596054077,3.440467596054077,268,27
922,10912,specialized_enriched,max,0.8743572235107422,0.2542002499103546,3.4396395683288574,3.4396395683288574,229,27
923,3968,base_enriched,mean,-0.07857252657413483,0.022847631946206093,-3.438978910446167,3.438978910446167,268,27
924,12211,specialized_enriched,max,1.7286516427993774,0.5029124021530151,3.437281847000122,3.437281847000122,267,27
925,6770,base_enriched,active_fraction,-0.015075297094881535,0.004387143068015575,-3.4362447261810303,3.4362447261810303,146,27
926,1989,specialized_enriched,max,0.6059322953224182,0.17640455067157745,3.434901714324951,3.434901714324951,207,27
927,11976,base_enriched,active_fraction,-0.017872098833322525,0.005204064305871725,-3.434257984161377,3.434257984161377,268,27
928,14955,base_enriched,mean,-0.09074848145246506,0.02643943950533867,-3.432314872741699,3.432314872741699,160,27
929,1089,specialized_enriched,max,0.7716079950332642,0.2248387187719345,3.431828737258911,3.431828737258911,259,27
930,1958,base_enriched,active_fraction,-0.008907463401556015,0.0025959722697734833,-3.431262969970703,3.431262969970703,264,27
931,2607,base_enriched,active_fraction,-0.011717204935848713,0.003415332641452551,-3.430765390396118,3.430765390396118,267,27
932,13342,base_enriched,active_fraction,-0.011086621321737766,0.003231633687391877,-3.4306552410125732,3.4306552410125732,266,27
933,5994,specialized_enriched,max,2.2198007106781006,0.647142767906189,3.4301559925079346,3.4301559925079346,176,27
934,3298,specialized_enriched,max,2.1689329147338867,0.6325753331184387,3.428734540939331,3.428734540939331,221,27
935,6181,specialized_enriched,max,3.4822797775268555,1.0158735513687134,3.4278674125671387,3.4278674125671387,212,27
936,13542,specialized_enriched,max,3.6763126850128174,1.0726922750473022,3.427182912826538,3.427182912826538,252,27
937,10346,base_enriched,max,-2.9321844577789307,0.8559883236885071,-3.4254958629608154,3.4254958629608154,224,27
938,2238,specialized_enriched,active_fraction,0.011457998305559158,0.003349467646330595,3.420841693878174,3.420841693878174,267,27
939,1650,base_enriched,mean,-0.0188760869204998,0.005520876497030258,-3.4190380573272705,3.4190380573272705,158,27
940,15982,specialized_enriched,active_fraction,0.007045311387628317,0.0020616676192730665,3.417287588119507,3.417287588119507,233,27
941,16216,base_enriched,mean,-0.06720443814992905,0.019695941358804703,-3.412095785140991,3.412095785140991,235,27
942,5494,base_enriched,active_fraction,-0.016329681500792503,0.004785913974046707,-3.412029981613159,3.412029981613159,236,27
943,3723,specialized_enriched,max,1.219028115272522,0.3576414883136749,3.408519744873047,3.408519744873047,150,27
944,1751,base_enriched,active_fraction,-0.005752104800194502,0.0016877817688509822,-3.408085584640503,3.408085584640503,174,27
945,4196,base_enriched,mean,-0.031955864280462265,0.00938299298286438,-3.40572190284729,3.40572190284729,268,27
946,6239,base_enriched,mean,-0.06749020516872406,0.01981828361749649,-3.405451536178589,3.405451536178589,153,27
947,1564,specialized_enriched,max,1.1868324279785156,0.3486836850643158,3.4037508964538574,3.4037508964538574,268,27
948,3534,specialized_enriched,max,2.3977575302124023,0.7051893472671509,3.4001612663269043,3.4001612663269043,268,27
949,13145,specialized_enriched,max,0.9364492893218994,0.2754819691181183,3.3993124961853027,3.3993124961853027,244,27
950,8983,specialized_enriched,max,2.062549352645874,0.6070165634155273,3.3978469371795654,3.3978469371795654,198,27
951,8488,base_enriched,active_fraction,-0.009928304702043533,0.0029227284248918295,-3.39693021774292,3.39693021774292,213,27
952,15468,specialized_enriched,max,1.5069100856781006,0.44401633739471436,3.3938167095184326,3.3938167095184326,268,27
953,11519,specialized_enriched,max,2.084151268005371,0.6142086386680603,3.3932301998138428,3.3932301998138428,237,27
954,8136,specialized_enriched,max,0.7417610287666321,0.21886524558067322,3.3891220092773438,3.3891220092773438,205,27
955,3997,specialized_enriched,max,1.4657708406448364,0.4334806501865387,3.3813984394073486,3.3813984394073486,258,27
956,179,specialized_enriched,max,0.8433049917221069,0.24939574301242828,3.3813929557800293,3.3813929557800293,267,27
957,899,base_enriched,active_fraction,-0.009617624804377556,0.002844832604750991,-3.380734920501709,3.380734920501709,237,27
958,10422,specialized_enriched,max,0.6044674515724182,0.17880821228027344,3.380535125732422,3.380535125732422,111,27
959,6802,base_enriched,mean,-0.08826477825641632,0.026126068085432053,-3.37841796875,3.37841796875,187,27
960,16177,specialized_enriched,max,2.608991861343384,0.7723394632339478,3.378037691116333,3.378037691116333,213,27
961,12505,specialized_enriched,max,4.685188293457031,1.389355182647705,3.3722033500671387,3.3722033500671387,198,27
962,8800,base_enriched,active_fraction,-0.010583322495222092,0.0031390776857733727,-3.3714752197265625,3.3714752197265625,268,27
963,12292,base_enriched,active_fraction,-0.006327061913907528,0.0018774651689454913,-3.370002269744873,3.370002269744873,218,27
964,9013,specialized_enriched,max,6.175051689147949,1.8332115411758423,3.368433713912964,3.368433713912964,168,27
965,13709,specialized_enriched,max,0.6474362015724182,0.19226311147212982,3.3674488067626953,3.3674488067626953,126,27
966,1690,specialized_enriched,active_fraction,0.012560518458485603,0.0037311369087547064,3.3664052486419678,3.3664052486419678,167,27
967,14935,specialized_enriched,max,1.7384419441223145,0.5164886713027954,3.3658859729766846,3.3658859729766846,242,27
968,12793,base_enriched,mean,-0.03835238516330719,0.011398638598620892,-3.3646461963653564,3.3646461963653564,268,27
969,8861,base_enriched,mean,-0.038897935301065445,0.011566936038434505,-3.3628556728363037,3.3628556728363037,268,27
970,13422,specialized_enriched,max,3.375605821609497,1.0038950443267822,3.362508773803711,3.362508773803711,260,27
971,15356,base_enriched,active_fraction,-0.006707734894007444,0.0019948799163103104,-3.362475633621216,3.362475633621216,261,27
972,2044,base_enriched,mean,-0.04512267932295799,0.013425405137240887,-3.360991954803467,3.360991954803467,235,27
973,6927,specialized_enriched,max,1.3689675331115723,0.40789997577667236,3.356135368347168,3.356135368347168,268,27
974,12601,base_enriched,active_fraction,-0.021540122106671333,0.006420923862606287,-3.3546764850616455,3.3546764850616455,218,27
975,9688,base_enriched,mean,-0.01697475090622902,0.005062738433480263,-3.352879285812378,3.352879285812378,238,27
976,1945,base_enriched,mean,-0.06025637686252594,0.017983894795179367,-3.350574254989624,3.350574254989624,268,27
977,7071,specialized_enriched,active_fraction,0.008353800512850285,0.002495276741683483,3.3478453159332275,3.3478453159332275,240,27
978,7624,base_enriched,active_fraction,-0.011939060874283314,0.003567020408809185,-3.3470683097839355,3.3470683097839355,183,27
979,9010,specialized_enriched,max,1.2097631692886353,0.3618682026863098,3.343104362487793,3.343104362487793,268,27
980,4065,specialized_enriched,max,5.842174053192139,1.7476361989974976,3.342900514602661,3.342900514602661,207,27
981,1428,base_enriched,active_fraction,-0.00668677780777216,0.0020006890408694744,-3.3422374725341797,3.3422374725341797,191,27
982,8606,base_enriched,active_fraction,-0.008126416243612766,0.0024315498303622007,-3.3420727252960205,3.3420727252960205,240,27
983,1270,base_enriched,mean,-0.03876432403922081,0.011615174822509289,-3.337386131286621,3.337386131286621,253,27
984,6491,base_enriched,mean,-0.04715275019407272,0.014130854979157448,-3.336864709854126,3.336864709854126,209,27
985,914,base_enriched,active_fraction,-0.01522904448211193,0.004565575160086155,-3.3356244564056396,3.3356244564056396,209,27
986,2203,specialized_enriched,max,1.7303327322006226,0.5189744830131531,3.3341383934020996,3.3341383934020996,228,27
987,8305,specialized_enriched,mean,0.0825815349817276,0.024769842624664307,3.3339548110961914,3.3339548110961914,268,27
988,8521,base_enriched,mean,-0.034359075129032135,0.010308673605322838,-3.3330256938934326,3.3330256938934326,268,27
989,9083,specialized_enriched,active_fraction,0.014602274633944035,0.004382705315947533,3.3317947387695312,3.3317947387695312,263,27
990,8209,base_enriched,mean,-0.05783334746956825,0.017361048609018326,-3.3312127590179443,3.3312127590179443,206,27
991,3711,base_enriched,active_fraction,-0.010579556226730347,0.0031762151047587395,-3.33086895942688,3.33086895942688,266,27
992,6238,specialized_enriched,active_fraction,0.009643289260566235,0.0028962017968297005,3.3296329975128174,3.3296329975128174,262,27
993,7823,base_enriched,active_fraction,-0.0055702547542750835,0.0016744858585298061,-3.3265461921691895,3.3265461921691895,211,27
994,1677,specialized_enriched,max,0.9093774557113647,0.2734047472476959,3.3261215686798096,3.3261215686798096,233,27
995,5219,specialized_enriched,active_fraction,0.012638743966817856,0.0038001006469130516,3.325897216796875,3.325897216796875,136,27
996,12422,base_enriched,active_fraction,-0.008187330327928066,0.0024619714822620153,-3.3255178928375244,3.3255178928375244,254,27
997,6683,base_enriched,active_fraction,-0.006028501316905022,0.0018128391820937395,-3.3254473209381104,3.3254473209381104,171,27
998,9415,specialized_enriched,max,1.3493374586105347,0.405910849571228,3.324221134185791,3.324221134185791,239,27
999,10159,specialized_enriched,max,2.955037832260132,0.8889660835266113,3.3241288661956787,3.3241288661956787,174,27
1000,9268,base_enriched,active_fraction,-0.00954775232821703,0.0028725063893944025,-3.3238401412963867,3.3238401412963867,268,27
1001,8051,specialized_enriched,max,1.6824318170547485,0.5066615343093872,3.320622682571411,3.320622682571411,237,27
1002,11289,base_enriched,active_fraction,-0.011803952977061272,0.003554822178557515,-3.3205466270446777,3.3205466270446777,259,27
1003,16023,base_enriched,mean,-0.06447678804397583,0.019428692758083344,-3.3186373710632324,3.3186373710632324,185,27
1004,12126,base_enriched,mean,-0.1179714947938919,0.03556540235877037,-3.3170297145843506,3.3170297145843506,260,27
1005,7585,specialized_enriched,max,1.4170478582382202,0.42722421884536743,3.3168716430664062,3.3168716430664062,141,27
1006,9897,specialized_enriched,max,2.9510512351989746,0.8902991414070129,3.314673900604248,3.314673900604248,245,27
1007,16176,specialized_enriched,max,1.96925687789917,0.5941765904426575,3.3142619132995605,3.3142619132995605,248,27
1008,4492,base_enriched,active_fraction,-0.011142054572701454,0.003362859832122922,-3.313267707824707,3.313267707824707,260,27
1009,2697,base_enriched,mean,-0.03207585960626602,0.009686755947768688,-3.3113107681274414,3.3113107681274414,268,27
1010,3028,base_enriched,active_fraction,-0.006920029874891043,0.002089911373332143,-3.311159372329712,3.311159372329712,263,27
1011,11495,specialized_enriched,active_fraction,0.00998692587018013,0.0030165347270667553,3.310728073120117,3.310728073120117,265,27
1012,9653,specialized_enriched,max,1.7292449474334717,0.5227973461151123,3.3076772689819336,3.3076772689819336,221,27
1013,8264,specialized_enriched,max,1.5079114437103271,0.4559096693992615,3.307478427886963,3.307478427886963,268,27
1014,16013,base_enriched,mean,-0.08805060386657715,0.026625463739037514,-3.307007312774658,3.307007312774658,225,27
1015,6760,specialized_enriched,max,7.44089937210083,2.250413179397583,3.3064591884613037,3.3064591884613037,120,27
1016,7001,specialized_enriched,max,1.0850598812103271,0.32831594347953796,3.3049259185791016,3.3049259185791016,192,27
1017,2408,base_enriched,active_fraction,-0.00970796961337328,0.002938883611932397,-3.3032848834991455,3.3032848834991455,237,27
1018,10178,specialized_enriched,active_fraction,0.020055118948221207,0.006071890238672495,3.3029448986053467,3.3029448986053467,255,27
1019,7582,specialized_enriched,max,0.4192667007446289,0.12693920731544495,3.30289363861084,3.30289363861084,53,27
1020,13518,base_enriched,active_fraction,-0.003463527886196971,0.0010491263819858432,-3.301344871520996,3.301344871520996,155,27
1021,7804,base_enriched,active_fraction,-0.011655783280730247,0.003535850439220667,-3.2964582443237305,3.2964582443237305,215,27
1022,14286,base_enriched,active_fraction,-0.011074886657297611,0.0033604914788156748,-3.2956151962280273,3.2956151962280273,248,27
1023,11211,specialized_enriched,max,2.138214588165283,0.6488831043243408,3.2952229976654053,3.2952229976654053,266,27
1024,6148,base_enriched,active_fraction,-0.019634174183011055,0.005961675196886063,-3.293398857116699,3.293398857116699,169,27
1025,6236,base_enriched,mean,-0.08315885812044144,0.02525617554783821,-3.2926149368286133,3.2926149368286133,268,27
1026,5402,specialized_enriched,active_fraction,0.010548314079642296,0.0032037817873060703,3.292457103729248,3.292457103729248,239,27
1027,15112,specialized_enriched,max,2.94187593460083,0.8936470746994019,3.2919886112213135,3.2919886112213135,256,27
1028,12670,specialized_enriched,max,2.3779296875,0.7225885987281799,3.29084849357605,3.29084849357605,259,27
1029,2456,specialized_enriched,max,2.7657177448272705,0.8404300808906555,3.2908360958099365,3.2908360958099365,243,27
1030,7165,base_enriched,active_fraction,-0.0075271702371537685,0.002289962489157915,-3.2870278358459473,3.2870278358459473,222,27
1031,2790,specialized_enriched,max,0.5484758019447327,0.16691675782203674,3.285924196243286,3.285924196243286,124,27
1032,2838,base_enriched,active_fraction,-0.011762594804167747,0.0035821772180497646,-3.283643960952759,3.283643960952759,176,27
1033,6358,specialized_enriched,max,0.8749752640724182,0.2665475606918335,3.282623529434204,3.282623529434204,242,27
1034,11626,specialized_enriched,max,2.4702210426330566,0.7535452842712402,3.278132200241089,3.278132200241089,253,27
1035,15256,base_enriched,mean,-0.02481883019208908,0.007571871392428875,-3.2777669429779053,3.2777669429779053,115,27
1036,10886,specialized_enriched,max,1.496835470199585,0.4567612111568451,3.2770633697509766,3.2770633697509766,268,27
1037,15280,base_enriched,mean,-0.10573133826255798,0.0322955884039402,-3.2738630771636963,3.2738630771636963,130,27
1038,952,base_enriched,mean,-0.04519049823284149,0.013804762624204159,-3.2735440731048584,3.2735440731048584,260,27
1039,16310,specialized_enriched,max,1.6385606527328491,0.5006335973739624,3.2729737758636475,3.2729737758636475,151,27
1040,269,base_enriched,mean,-0.11197681725025177,0.03423095494508743,-3.2712152004241943,3.2712152004241943,195,27
1041,13764,base_enriched,active_fraction,-0.003301306627690792,0.0010102386586368084,-3.267848253250122,3.267848253250122,190,27
1042,14269,base_enriched,active_fraction,-0.015084278769791126,0.004616767633706331,-3.2672812938690186,3.2672812938690186,268,27
1043,13449,base_enriched,active_fraction,-0.005155852995812893,0.0015798290260136127,-3.2635512351989746,3.2635512351989746,192,27
1044,5056,base_enriched,active_fraction,-0.021214932203292847,0.006505171302706003,-3.2612411975860596,3.2612411975860596,266,27
1045,392,base_enriched,active_fraction,-0.013844937086105347,0.004246835596859455,-3.2600595951080322,3.2600595951080322,266,27
1046,14751,specialized_enriched,max,0.5238887071609497,0.1607203483581543,3.259629011154175,3.259629011154175,231,27
1047,14597,specialized_enriched,max,2.2718429565429688,0.6969773769378662,3.2595648765563965,3.2595648765563965,185,27
1048,9518,specialized_enriched,max,0.5402615666389465,0.16581091284751892,3.2582991123199463,3.2582991123199463,42,27
1049,15859,specialized_enriched,active_fraction,0.027313232421875,0.008387554436922073,3.2564001083374023,3.2564001083374023,139,27
1050,5001,specialized_enriched,max,1.7064502239227295,0.5246062874794006,3.2528207302093506,3.2528207302093506,221,27
1051,12154,base_enriched,active_fraction,-0.01514782477170229,0.004657618701457977,-3.252268075942993,3.252268075942993,264,27
1052,1159,base_enriched,active_fraction,-0.0010946732945740223,0.000336824101395905,-3.2499849796295166,3.2499849796295166,49,27
1053,13182,base_enriched,mean,-0.05129082500934601,0.0157892107963562,-3.2484729290008545,3.2484729290008545,219,27
1054,13381,specialized_enriched,active_fraction,0.004092638846486807,0.0012600035406649113,3.248116970062256,3.248116970062256,120,27
1055,16103,base_enriched,active_fraction,-0.007254202384501696,0.0022336547262966633,-3.247683048248291,3.247683048248291,252,27
1056,7633,base_enriched,active_fraction,-0.015112068504095078,0.004657824523746967,-3.244447708129883,3.244447708129883,242,27
1057,16367,specialized_enriched,max,0.897287905216217,0.2767062783241272,3.2427449226379395,3.2427449226379395,215,27
1058,5529,specialized_enriched,active_fraction,0.01454862765967846,0.00449226563796401,3.2385947704315186,3.2385947704315186,245,27
1059,9000,base_enriched,active_fraction,-0.018298909068107605,0.005650882609188557,-3.238239049911499,3.238239049911499,194,27
1060,3244,specialized_enriched,max,2.277578592300415,0.7036657929420471,3.2367334365844727,3.2367334365844727,188,27
1061,1362,base_enriched,active_fraction,-0.006610194221138954,0.0020423314999789,-3.2365922927856445,3.2365922927856445,261,27
1062,6956,specialized_enriched,max,2.8340585231781006,0.8759041428565979,3.2355806827545166,3.2355806827545166,218,27
1063,11608,base_enriched,max,-1.1322871446609497,0.3503616452217102,-3.231766939163208,3.231766939163208,259,27
1064,12308,base_enriched,max,-1.0001730918884277,0.3095315396785736,-3.231247663497925,3.231247663497925,109,27
1065,596,base_enriched,mean,-0.029933108016848564,0.00926588848233223,-3.2304627895355225,3.2304627895355225,268,27
1066,8637,base_enriched,active_fraction,-0.005166597198694944,0.0016000253381207585,-3.229072093963623,3.229072093963623,242,27
1067,1343,specialized_enriched,max,1.5487786531448364,0.479655385017395,3.228940486907959,3.228940486907959,210,27
1068,13318,specialized_enriched,active_fraction,0.003661505877971649,0.0011340199271216989,3.2287843227386475,3.2287843227386475,121,27
1069,4524,specialized_enriched,max,0.9408252835273743,0.29142308235168457,3.2283828258514404,3.2283828258514404,176,27
1070,6134,base_enriched,active_fraction,-0.008664288558065891,0.0026847501285374165,-3.2272233963012695,3.2272233963012695,265,27
1071,10399,base_enriched,active_fraction,-0.006682118400931358,0.002071107504889369,-3.2263503074645996,3.2263503074645996,196,27
1072,14081,specialized_enriched,max,1.41795015335083,0.43951624631881714,3.226161003112793,3.226161003112793,268,27
1073,3708,base_enriched,mean,-0.05085821822285652,0.01576683111488819,-3.2256462574005127,3.2256462574005127,205,27
1074,6243,base_enriched,active_fraction,-0.007407200522720814,0.0022972021251916885,-3.2244443893432617,3.2244443893432617,249,27
1075,10023,base_enriched,active_fraction,-0.012636957690119743,0.003919181879609823,-3.224386692047119,3.224386692047119,257,27
1076,100,specialized_enriched,max,1.458242654800415,0.4522668123245239,3.224297285079956,3.224297285079956,259,27
1077,6587,specialized_enriched,max,1.956685185432434,0.6071687936782837,3.222637891769409,3.222637891769409,249,27
1078,4297,base_enriched,active_fraction,-0.010683663189411163,0.003315342590212822,-3.222491502761841,3.222491502761841,149,27
1079,9661,specialized_enriched,max,1.6367682218551636,0.5081477761268616,3.2210476398468018,3.2210476398468018,255,27
1080,13631,base_enriched,active_fraction,-0.012639612890779972,0.003924276679754257,-3.220877170562744,3.220877170562744,247,27
1081,7446,specialized_enriched,max,1.5783969163894653,0.49008533358573914,3.2206573486328125,3.2206573486328125,231,27
1082,11686,specialized_enriched,max,1.496878743171692,0.4648216962814331,3.2203288078308105,3.2203288078308105,188,27
1083,5175,specialized_enriched,active_fraction,0.010315303690731525,0.003203677013516426,3.2198326587677,3.2198326587677,189,27
1084,7408,specialized_enriched,max,3.943485975265503,1.224779725074768,3.2197511196136475,3.2197511196136475,257,27
1085,4465,specialized_enriched,max,1.3410922288894653,0.416576087474823,3.2193212509155273,3.2193212509155273,155,27
1086,9257,base_enriched,mean,-0.04781469330191612,0.014856566675007343,-3.218421459197998,3.218421459197998,213,27
1087,10065,specialized_enriched,max,2.7215683460235596,0.8456465005874634,3.2183287143707275,3.2183287143707275,262,27
1088,13002,specialized_enriched,active_fraction,0.004561218898743391,0.0014174648094922304,3.2178709506988525,3.2178709506988525,188,27
1089,14435,base_enriched,mean,-0.06059439107775688,0.018832465633749962,-3.2175495624542236,3.2175495624542236,268,27
1090,10767,specialized_enriched,max,4.636520862579346,1.4411976337432861,3.217130422592163,3.217130422592163,186,27
1091,14535,specialized_enriched,max,0.7479974031448364,0.23256336152553558,3.2163166999816895,3.2163166999816895,133,27
1092,10827,specialized_enriched,max,3.3536887168884277,1.0430184602737427,3.2153685092926025,3.2153685092926025,222,27
1093,16244,base_enriched,active_fraction,-0.005018789786845446,0.0015609895344823599,-3.2151334285736084,3.2151334285736084,262,27
1094,9140,specialized_enriched,max,2.3346023559570312,0.7263626456260681,3.2141003608703613,3.2141003608703613,163,27
1095,7644,specialized_enriched,max,1.0767405033111572,0.33541324734687805,3.210190773010254,3.210190773010254,172,27
1096,10235,specialized_enriched,max,0.7095221281051636,0.22104445099830627,3.2098617553710938,3.2098617553710938,176,27
1097,1112,specialized_enriched,mean,0.05582273378968239,0.01739506609737873,3.209113121032715,3.209113121032715,191,27
1098,2338,specialized_enriched,max,3.3881711959838867,1.057144045829773,3.2050232887268066,3.2050232887268066,167,27
1099,158,base_enriched,mean,-0.04282190650701523,0.013364506885409355,-3.2041516304016113,3.2041516304016113,266,27
1100,10139,base_enriched,mean,-0.04288275167346001,0.013385904021561146,-3.203575372695923,3.203575372695923,237,27
1101,11353,specialized_enriched,max,0.6795020699501038,0.21217428147792816,3.2025656700134277,3.2025656700134277,266,27
1102,5389,specialized_enriched,max,2.764073610305786,0.8631881475448608,3.2021682262420654,3.2021682262420654,157,27
1103,3990,specialized_enriched,max,2.2949836254119873,0.716846764087677,3.20149827003479,3.20149827003479,238,27
1104,7849,specialized_enriched,max,1.8596593141555786,0.5809215307235718,3.2012228965759277,3.2012228965759277,175,27
1105,15611,specialized_enriched,active_fraction,0.0028073275461792946,0.000876964011695236,3.2011890411376953,3.2011890411376953,163,27
1106,5838,base_enriched,mean,-0.09013255685567856,0.02816217578947544,-3.2004826068878174,3.2004826068878174,235,27
1107,4451,base_enriched,mean,-0.0634077787399292,0.01982216164469719,-3.1988327503204346,3.1988327503204346,230,27
1108,14496,specialized_enriched,active_fraction,0.003975518047809601,0.0012428238987922668,3.1987781524658203,3.1987781524658203,221,27
1109,6993,base_enriched,active_fraction,-0.003131407778710127,0.0009789976757019758,-3.1985855102539062,3.1985855102539062,225,27
1110,2903,specialized_enriched,max,1.8366421461105347,0.5743429064750671,3.197814702987671,3.197814702987671,243,27
1111,8496,specialized_enriched,active_fraction,0.025950226932764053,0.008115706034004688,3.1975317001342773,3.1975317001342773,215,27
1112,13040,base_enriched,active_fraction,-0.012684785760939121,0.0039681666530668736,-3.196636438369751,3.196636438369751,268,27
1113,13604,base_enriched,active_fraction,-0.011528884060680866,0.003609396517276764,-3.1941306591033936,3.1941306591033936,250,27
1114,30,specialized_enriched,active_fraction,0.010363228619098663,0.0032456298358738422,3.192979335784912,3.192979335784912,191,27
1115,13059,base_enriched,active_fraction,-0.005569651257246733,0.001745253219269216,-3.191314220428467,3.191314220428467,268,27
1116,6334,base_enriched,active_fraction,-0.008052149787545204,0.0025268334429711103,-3.1866562366485596,3.1866562366485596,220,27
1117,12404,specialized_enriched,max,0.4388659596443176,0.13775187730789185,3.1859164237976074,3.1859164237976074,96,27
1118,8969,base_enriched,active_fraction,-0.005509992130100727,0.0017298884922638535,-3.1851718425750732,3.1851718425750732,215,27
1119,10851,base_enriched,active_fraction,-0.016553660854697227,0.005197347607463598,-3.185020923614502,3.185020923614502,220,27
1120,7929,specialized_enriched,max,0.39146557450294495,0.12302175164222717,3.182084321975708,3.182084321975708,50,27
1121,8266,base_enriched,active_fraction,-0.010111675597727299,0.0031790100038051605,-3.180762529373169,3.180762529373169,258,27
1122,8300,specialized_enriched,max,1.3663840293884277,0.42974773049354553,3.1795027256011963,3.1795027256011963,127,27
1123,15650,base_enriched,active_fraction,-0.015989473089575768,0.0050293696112930775,-3.179220199584961,3.179220199584961,268,27
1124,2939,specialized_enriched,max,0.7724856734275818,0.24304942786693573,3.178306818008423,3.178306818008423,238,27
1125,5927,base_enriched,mean,-0.029917463660240173,0.00941406562924385,-3.1779534816741943,3.1779534816741943,252,27
1126,2778,base_enriched,mean,-0.058285798877477646,0.018344929441809654,-3.177215814590454,3.177215814590454,258,27
1127,14653,base_enriched,active_fraction,-0.012271204963326454,0.0038629344198852777,-3.1766536235809326,3.1766536235809326,268,27
1128,11617,base_enriched,mean,-0.050021931529045105,0.015747422352433205,-3.176515579223633,3.176515579223633,236,27
1129,12683,specialized_enriched,max,2.6611945629119873,0.8378715515136719,3.1761367321014404,3.1761367321014404,244,27
1130,840,base_enriched,mean,-0.06058453768491745,0.01907935179769993,-3.175398111343384,3.175398111343384,259,27
1131,2757,base_enriched,mean,-0.07959122210741043,0.02507609687745571,-3.173987627029419,3.173987627029419,203,27
1132,4694,specialized_enriched,max,1.2936609983444214,0.4076063334941864,3.173799991607666,3.173799991607666,237,27
1133,12542,base_enriched,active_fraction,-0.009802275337278843,0.003089428413659334,-3.172844409942627,3.172844409942627,223,27
1134,13540,base_enriched,active_fraction,-0.017423363402485847,0.005495244637131691,-3.170625686645508,3.170625686645508,261,27
1135,321,base_enriched,mean,-0.0666508749127388,0.021029489114880562,-3.169400691986084,3.169400691986084,268,27
1136,12133,base_enriched,mean,-0.10648036748170853,0.03359945863485336,-3.169109582901001,3.169109582901001,243,27
1137,10080,base_enriched,active_fraction,-0.007441895082592964,0.0023486220743507147,-3.168621778488159,3.168621778488159,265,27
1138,1274,specialized_enriched,max,1.6660465002059937,0.525931715965271,3.167799949645996,3.167799949645996,179,27
1139,10858,base_enriched,active_fraction,-0.009233740158379078,0.0029180163983255625,-3.1643893718719482,3.1643893718719482,267,27
1140,3285,specialized_enriched,max,2.2589869499206543,0.7139138579368591,3.164228916168213,3.164228916168213,119,27
1141,1961,specialized_enriched,max,1.3024500608444214,0.411925733089447,3.1618564128875732,3.1618564128875732,263,27
1142,15430,base_enriched,active_fraction,-0.011478979140520096,0.0036325687542557716,-3.1600170135498047,3.1600170135498047,159,27
1143,221,base_enriched,active_fraction,-0.00850267056375742,0.0026927501894533634,-3.157615900039673,3.157615900039673,152,27
1144,235,specialized_enriched,max,3.5311758518218994,1.1193205118179321,3.154749631881714,3.154749631881714,231,27
1145,12592,base_enriched,mean,-0.025853313505649567,0.0081969378516078,-3.1540210247039795,3.1540210247039795,258,27
1146,5826,base_enriched,active_fraction,-0.019701801240444183,0.00624788599088788,-3.1533548831939697,3.1533548831939697,264,27
1147,11509,specialized_enriched,max,2.095109701156616,0.6645698547363281,3.1525800228118896,3.1525800228118896,243,27
1148,1962,specialized_enriched,max,1.234442949295044,0.39164215326309204,3.1519665718078613,3.1519665718078613,197,27
1149,2263,specialized_enriched,max,1.3724040985107422,0.4355607032775879,3.150890588760376,3.150890588760376,267,27
1150,10600,base_enriched,mean,-0.024847175925970078,0.007888209074735641,-3.1499135494232178,3.1499135494232178,173,27
1151,11076,specialized_enriched,max,1.8320621252059937,0.5817168951034546,3.149405002593994,3.149405002593994,157,27
1152,2502,specialized_enriched,max,1.77687406539917,0.5649700164794922,3.1450767517089844,3.1450767517089844,267,27
1153,7699,specialized_enriched,max,1.6295490264892578,0.5181374549865723,3.1450130939483643,3.1450130939483643,216,27
1154,14971,specialized_enriched,max,1.2699391841888428,0.4047497510910034,3.1375911235809326,3.1375911235809326,241,27
1155,6999,specialized_enriched,max,0.6048445105552673,0.19278010725975037,3.137484073638916,3.137484073638916,220,27
1156,15996,base_enriched,active_fraction,-0.01147538237273693,0.003657678375020623,-3.137340545654297,3.137340545654297,267,27
1157,5835,base_enriched,active_fraction,-0.005720573011785746,0.0018233874579891562,-3.1373326778411865,3.1373326778411865,194,27
1158,4810,base_enriched,max,-0.7302462458610535,0.23276273906230927,-3.137298822402954,3.137298822402954,197,27
1159,1758,specialized_enriched,max,1.06687593460083,0.3401680886745453,3.136319875717163,3.136319875717163,156,27
1160,11533,specialized_enriched,max,0.8260482549667358,0.263512521982193,3.134758949279785,3.134758949279785,230,27
1161,9310,specialized_enriched,max,2.79154109954834,0.8906218409538269,3.1343729496002197,3.1343729496002197,135,27
1162,12061,specialized_enriched,active_fraction,0.004976876080036163,0.0015882047591730952,3.1336488723754883,3.1336488723754883,146,27
1163,9750,specialized_enriched,max,0.6353713274002075,0.20279352366924286,3.1330947875976562,3.1330947875976562,116,27
1164,15411,base_enriched,active_fraction,-0.007259224075824022,0.002317444421350956,-3.1324265003204346,3.1324265003204346,258,27
1165,132,specialized_enriched,max,1.6220332384109497,0.5184327960014343,3.1287240982055664,3.1287240982055664,168,27
1166,15365,specialized_enriched,max,4.840906620025635,1.5473984479904175,3.1284162998199463,3.1284162998199463,201,27
1167,11186,base_enriched,mean,-0.0435086265206337,0.013910758309066296,-3.1276962757110596,3.1276962757110596,197,27
1168,4254,specialized_enriched,max,2.0560226440429688,0.6573817133903503,3.1275932788848877,3.1275932788848877,200,27
1169,13616,specialized_enriched,max,1.525223731994629,0.4879252314567566,3.1259374618530273,3.1259374618530273,225,27
1170,14759,specialized_enriched,max,1.2861822843551636,0.41162538528442383,3.124642848968506,3.124642848968506,267,27
1171,15312,base_enriched,active_fraction,-0.009955273009836674,0.003187804948538542,-3.1229240894317627,3.1229240894317627,89,27
1172,9972,base_enriched,active_fraction,-0.005905054975301027,0.0018910327926278114,-3.1226613521575928,3.1226613521575928,195,27
1173,2030,specialized_enriched,max,1.997836709022522,0.6399352550506592,3.1219356060028076,3.1219356060028076,142,27
1174,7313,base_enriched,active_fraction,-0.010463641956448555,0.003353638108819723,-3.120086669921875,3.120086669921875,223,27
1175,3330,specialized_enriched,max,2.6549768447875977,0.8518961071968079,3.1165499687194824,3.1165499687194824,249,27
1176,10707,specialized_enriched,max,2.5803067684173584,0.8281893730163574,3.1155998706817627,3.1155998706817627,216,27
1177,1759,specialized_enriched,max,2.1314032077789307,0.6842014193534851,3.1151692867279053,3.1151692867279053,244,27
1178,6987,base_enriched,mean,-0.08073275536298752,0.025917716324329376,-3.114964008331299,3.114964008331299,249,27
1179,3536,base_enriched,mean,-0.044063761830329895,0.014153201133012772,-3.113342523574829,3.113342523574829,262,27
1180,14285,specialized_enriched,max,1.1514784097671509,0.3699178993701935,3.1127946376800537,3.1127946376800537,102,27
1181,5449,specialized_enriched,active_fraction,0.00806837435811758,0.0025935624726116657,3.1109235286712646,3.1109235286712646,219,27
1182,1681,specialized_enriched,active_fraction,0.003369464073330164,0.0010834968416020274,3.109805107116699,3.109805107116699,120,27
1183,15872,specialized_enriched,max,1.9943878650665283,0.6415576934814453,3.1086649894714355,3.1086649894714355,261,27
1184,9563,base_enriched,active_fraction,-0.003635889384895563,0.001170238247141242,-3.1069650650024414,3.1069650650024414,173,27
1185,1423,base_enriched,mean,-0.07084012031555176,0.022813640534877777,-3.1051650047302246,3.1051650047302246,211,27
1186,14089,specialized_enriched,max,4.817111015319824,1.5521717071533203,3.1034653186798096,3.1034653186798096,174,27
1187,4766,base_enriched,mean,-0.049305301159620285,0.01589731127023697,-3.101486921310425,3.101486921310425,251,27
1188,8973,base_enriched,active_fraction,-0.012346436269581318,0.003985898569226265,-3.0975289344787598,3.0975289344787598,249,27
1189,4803,base_enriched,max,-2.603750467300415,0.8406714797019958,-3.097227096557617,3.097227096557617,256,27
1190,5518,base_enriched,active_fraction,-0.00913593452423811,0.002950549591332674,-3.0963501930236816,3.0963501930236816,133,27
1191,8925,specialized_enriched,max,1.1366816759109497,0.3671604096889496,3.095872163772583,3.095872163772583,196,27
1192,8556,base_enriched,mean,-0.06107822805643082,0.019740434363484383,-3.094067096710205,3.094067096710205,268,27
1193,6549,specialized_enriched,max,2.0354034900665283,0.6581801176071167,3.0924718379974365,3.0924718379974365,232,27
1194,4781,specialized_enriched,active_fraction,0.006973073352128267,0.0022556122858077288,3.091432571411133,3.091432571411133,208,27
1195,11811,base_enriched,active_fraction,-0.004217968787997961,0.0013644230784848332,-3.0913937091827393,3.0913937091827393,198,27
1196,2846,specialized_enriched,max,2.496232748031616,0.8077767491340637,3.0902507305145264,3.0902507305145264,203,27
1197,3203,base_enriched,mean,-0.07533476501703262,0.024382300674915314,-3.0897316932678223,3.0897316932678223,247,27
1198,5596,specialized_enriched,max,0.917227029800415,0.2969284653663635,3.089050531387329,3.089050531387329,268,27
1199,2365,base_enriched,active_fraction,-0.0041943080723285675,0.0013577991630882025,-3.0890488624572754,3.0890488624572754,151,27
1200,11340,specialized_enriched,max,0.8366235494613647,0.270862877368927,3.0887346267700195,3.0887346267700195,231,27
1201,8082,specialized_enriched,max,2.2192444801330566,0.7185167074203491,3.0886471271514893,3.0886471271514893,184,27
1202,3349,base_enriched,active_fraction,-0.009293809533119202,0.0030100138392299414,-3.087630271911621,3.087630271911621,267,27
1203,1413,specialized_enriched,max,2.3346023559570312,0.7563134431838989,3.0868184566497803,3.0868184566497803,267,27
1204,7865,specialized_enriched,max,2.45115327835083,0.7942373752593994,3.086172103881836,3.086172103881836,268,27
1205,4681,specialized_enriched,max,3.3357768058776855,1.0812153816223145,3.0852103233337402,3.0852103233337402,154,27
1206,11805,specialized_enriched,max,0.9800978899002075,0.31777092814445496,3.0842905044555664,3.0842905044555664,268,27
1207,7560,base_enriched,active_fraction,-0.01143643818795681,0.0037088117096573114,-3.083585500717163,3.083585500717163,233,27
1208,12474,base_enriched,active_fraction,-0.0038843518123030663,0.0012597872409969568,-3.0833394527435303,3.0833394527435303,143,27
1209,9460,specialized_enriched,max,1.3406842947006226,0.435072660446167,3.0815181732177734,3.0815181732177734,262,27
1210,1471,specialized_enriched,max,0.9513573050498962,0.3089452087879181,3.0793721675872803,3.0793721675872803,266,27
1211,5294,specialized_enriched,max,0.6213842630386353,0.20182909071445465,3.0787646770477295,3.0787646770477295,244,27
1212,12147,specialized_enriched,max,0.6651256084442139,0.21614566445350647,3.077209949493408,3.077209949493408,252,27
1213,8200,specialized_enriched,max,3.8907485008239746,1.2647573947906494,3.0762805938720703,3.0762805938720703,97,27
1214,4265,specialized_enriched,max,1.2847729921340942,0.4177994728088379,3.075094699859619,3.075094699859619,250,27
1215,9878,base_enriched,active_fraction,-0.005402311682701111,0.0017587810289114714,-3.071622610092163,3.071622610092163,183,27
1216,3277,base_enriched,active_fraction,-0.0120768491178751,0.0039338706992566586,-3.0699658393859863,3.0699658393859863,268,27
1217,11448,base_enriched,active_fraction,-0.00959077663719654,0.0031258694361895323,-3.06819486618042,3.06819486618042,262,27
1218,8936,base_enriched,active_fraction,-0.00412339810281992,0.0013447357341647148,-3.0663259029388428,3.0663259029388428,173,27
1219,3646,base_enriched,active_fraction,-0.01818965934216976,0.00593520374968648,-3.064706802368164,3.064706802368164,196,27
1220,883,specialized_enriched,active_fraction,0.0035417291801422834,0.0011558972764760256,3.064051866531372,3.064051866531372,178,27
1221,16150,base_enriched,active_fraction,-0.013212325051426888,0.004312559030950069,-3.063685655593872,3.063685655593872,236,27
1222,4399,base_enriched,mean,-0.05547308549284935,0.018109114840626717,-3.0632686614990234,3.0632686614990234,194,27
1223,13056,specialized_enriched,max,1.2960096597671509,0.4232277274131775,3.062204122543335,3.062204122543335,145,27
1224,14320,base_enriched,active_fraction,-0.0032413338776677847,0.001058642053976655,-3.061784505844116,3.061784505844116,149,27
1225,14939,base_enriched,mean,-0.09218389540910721,0.030134446918964386,-3.059087038040161,3.059087038040161,259,27
1226,710,specialized_enriched,max,0.5309471487998962,0.17361845076084137,3.058126211166382,3.058126211166382,133,27
1227,14166,specialized_enriched,max,2.35496187210083,0.7702160477638245,3.0575342178344727,3.0575342178344727,197,27
1228,12537,base_enriched,active_fraction,-0.010249366983771324,0.0033534998074173927,-3.05631947517395,3.05631947517395,262,27
1229,13252,specialized_enriched,max,3.4937078952789307,1.143256664276123,3.0559260845184326,3.0559260845184326,237,27
1230,10366,specialized_enriched,max,3.572537660598755,1.169380784034729,3.055067777633667,3.055067777633667,268,27
1231,3555,specialized_enriched,max,1.5812772512435913,0.5176010727882385,3.055011510848999,3.055011510848999,249,27
1232,4017,specialized_enriched,max,0.5406695008277893,0.17707417905330658,3.0533502101898193,3.0533502101898193,91,27
1233,4366,base_enriched,mean,-0.04059651494026184,0.013295738957822323,-3.0533478260040283,3.0533478260040283,220,27
1234,12918,base_enriched,active_fraction,-0.019336218014359474,0.006337965372949839,-3.0508556365966797,3.0508556365966797,260,27
1235,8791,specialized_enriched,max,1.121649980545044,0.3678395450115204,3.0492913722991943,3.0492913722991943,127,27
1236,14104,base_enriched,active_fraction,-0.003840748220682144,0.0012597201857715845,-3.0488898754119873,3.0488898754119873,222,27
1237,14822,specialized_enriched,max,1.2998046875,0.4263688921928406,3.0485448837280273,3.0485448837280273,139,27
1238,5563,base_enriched,active_fraction,-0.011244664900004864,0.003689126344397664,-3.0480563640594482,3.0480563640594482,267,27
1239,11336,specialized_enriched,max,2.2270939350128174,0.7315284609794617,3.0444393157958984,3.0444393157958984,119,27
1240,5841,base_enriched,active_fraction,-0.02192789316177368,0.0072092218324542046,-3.041645050048828,3.041645050048828,266,27
1241,4714,specialized_enriched,max,0.9814576506614685,0.32267436385154724,3.041635036468506,3.041635036468506,252,27
1242,11401,specialized_enriched,max,2.349090099334717,0.7723368406295776,3.0415356159210205,3.0415356159210205,265,27
1243,10565,specialized_enriched,max,2.2941060066223145,0.7545380592346191,3.0404112339019775,3.0404112339019775,251,27
1244,12989,specialized_enriched,max,0.7931356430053711,0.2609487771987915,3.0394303798675537,3.0394303798675537,199,27
1245,4121,base_enriched,active_fraction,-0.012951573356986046,0.004261340014636517,-3.0393192768096924,3.0393192768096924,266,27
1246,13977,specialized_enriched,max,2.6866965293884277,0.8848257660865784,3.0364131927490234,3.0364131927490234,202,27
1247,12630,base_enriched,active_fraction,-0.007814334705471992,0.00257415184751153,-3.0356929302215576,3.0356929302215576,263,27
1248,10715,specialized_enriched,max,1.2908549308776855,0.4252264201641083,3.0356884002685547,3.0356884002685547,260,27
1249,4720,specialized_enriched,max,0.4990358054637909,0.16458985209465027,3.031996250152588,3.031996250152588,175,27
1250,1109,specialized_enriched,max,1.221469521522522,0.403175413608551,3.029623031616211,3.029623031616211,176,27
1251,13238,base_enriched,active_fraction,-0.010678544640541077,0.0035252177622169256,-3.0291872024536133,3.0291872024536133,267,27
1252,268,specialized_enriched,max,1.0327210426330566,0.34093648195266724,3.029071569442749,3.029071569442749,172,27
1253,10550,specialized_enriched,max,1.4700108766555786,0.48580580949783325,3.0259227752685547,3.0259227752685547,268,27
1254,210,base_enriched,active_fraction,-0.017971666529774666,0.005939365830272436,-3.0258560180664062,3.0258560180664062,233,27
1255,13576,specialized_enriched,max,1.496514081954956,0.4948093891143799,3.024425506591797,3.024425506591797,253,27
1256,7415,specialized_enriched,max,1.682320475578308,0.5563757419586182,3.0237128734588623,3.0237128734588623,190,27
1257,7404,specialized_enriched,max,3.9713830947875977,1.3137527704238892,3.022930383682251,3.022930383682251,193,27
1258,7873,base_enriched,mean,-0.041157372295856476,0.013616181910037994,-3.0226807594299316,3.0226807594299316,253,27
1259,14316,specialized_enriched,max,2.0619189739227295,0.6822740435600281,3.022127151489258,3.022127151489258,264,27
1260,5819,specialized_enriched,max,0.6071468591690063,0.20094037055969238,3.0215275287628174,3.0215275287628174,174,27
1261,11939,base_enriched,active_fraction,-0.010463086888194084,0.0034630002919584513,-3.0213935375213623,3.0213935375213623,266,27
1262,9585,base_enriched,active_fraction,-0.006552949547767639,0.002170821186155081,-3.0186500549316406,3.0186500549316406,202,27
1263,7677,specialized_enriched,max,1.8357397317886353,0.6082669496536255,3.0179836750030518,3.0179836750030518,183,27
1264,2981,specialized_enriched,max,0.8803587555885315,0.2917289733886719,3.017728328704834,3.017728328704834,268,27
1265,15503,specialized_enriched,max,1.842476725578308,0.6107261776924133,3.016862154006958,3.016862154006958,216,27
1266,8486,specialized_enriched,max,3.925496816635132,1.3012199401855469,3.01678204536438,3.01678204536438,157,27
1267,4835,specialized_enriched,max,2.100437641143799,0.6964224576950073,3.0160396099090576,3.0160396099090576,162,27
1268,1637,base_enriched,active_fraction,-0.016365896910429,0.005426671355962753,-3.0158259868621826,3.0158259868621826,149,27
1269,6422,specialized_enriched,max,1.9659192562103271,0.6519846320152283,3.015284538269043,3.015284538269043,196,27
1270,4135,specialized_enriched,max,2.2883949279785156,0.7593533992767334,3.0136098861694336,3.0136098861694336,263,27
1271,4877,base_enriched,active_fraction,-0.018468832597136497,0.006133939605206251,-3.010925054550171,3.010925054550171,267,27
1272,16289,base_enriched,active_fraction,-0.012106231413781643,0.0040235030464828014,-3.008878469467163,3.008878469467163,164,27
1273,14522,base_enriched,active_fraction,-0.004394168965518475,0.001460801693610847,-3.0080530643463135,3.0080530643463135,164,27
1274,11641,specialized_enriched,active_fraction,0.0034981255885213614,0.0011630228254944086,3.0077874660491943,3.0077874660491943,123,27
1275,16326,specialized_enriched,max,0.5648487210273743,0.18782489001750946,3.0073156356811523,3.0073156356811523,215,27
1276,8939,specialized_enriched,max,1.6775798797607422,0.5579856634140015,3.006492853164673,3.006492853164673,163,27
1277,16145,base_enriched,active_fraction,-0.01808050647377968,0.006019029766321182,-3.0038905143737793,3.0038905143737793,268,27
1278,2492,specialized_enriched,max,2.4882071018218994,0.8285738825798035,3.002999782562256,3.002999782562256,259,27
1279,11508,specialized_enriched,max,3.322197675704956,1.1063201427459717,3.0029261112213135,3.0029261112213135,236,27
1280,10710,specialized_enriched,active_fraction,0.005620014853775501,0.0018720733933150768,3.0020270347595215,3.0020270347595215,161,27
1281,12798,base_enriched,active_fraction,-0.014299971982836723,0.004767199978232384,-2.9996585845947266,2.9996585845947266,185,27
1282,3906,specialized_enriched,active_fraction,0.010664976201951504,0.0035554661881178617,2.9995999336242676,2.9995999336242676,264,27
1283,16239,specialized_enriched,max,2.181993007659912,0.7275009155273438,2.9992992877960205,2.9992992877960205,236,27
1284,8048,base_enriched,active_fraction,-0.006266871467232704,0.002091091126203537,-2.996938467025757,2.996938467025757,225,27
1285,741,base_enriched,active_fraction,-0.005964979529380798,0.0019904370419681072,-2.996819019317627,2.996819019317627,267,27
1286,753,specialized_enriched,max,1.0499159097671509,0.3503527045249939,2.9967398643493652,2.9967398643493652,266,27
1287,7029,base_enriched,active_fraction,-0.0029870045837014914,0.0009967813966795802,-2.9966495037078857,2.9966495037078857,180,27
1288,7531,specialized_enriched,max,4.370611667633057,1.458860158920288,2.995908498764038,2.995908498764038,163,27
1289,7680,specialized_enriched,max,0.4508875608444214,0.1505134552717209,2.9956629276275635,2.9956629276275635,246,27
1290,13738,base_enriched,active_fraction,-0.011970954947173595,0.003997001331299543,-2.9949839115142822,2.9949839115142822,256,27
1291,9718,base_enriched,active_fraction,-0.009623732417821884,0.0032140479888767004,-2.9942715167999268,2.9942715167999268,265,27
1292,14146,base_enriched,mean,-0.0535261407494545,0.01788068749010563,-2.9935169219970703,2.9935169219970703,248,27
1293,6830,specialized_enriched,max,1.5851092338562012,0.5296197533607483,2.992919445037842,2.992919445037842,267,27
1294,16288,specialized_enriched,max,0.3908598721027374,0.130619615316391,2.99235200881958,2.99235200881958,203,27
1295,14144,specialized_enriched,max,0.5322760343551636,0.1779603362083435,2.990981340408325,2.990981340408325,143,27
1296,13345,base_enriched,mean,-0.06180360168218613,0.020667223259806633,-2.9904162883758545,2.9904162883758545,268,27
1297,12712,specialized_enriched,max,0.7450924515724182,0.24918317794799805,2.9901394844055176,2.9901394844055176,125,27
1298,1361,specialized_enriched,active_fraction,0.005844212602823973,0.0019549173302948475,2.9894933700561523,2.9894933700561523,266,27
1299,14391,specialized_enriched,max,1.4161392450332642,0.47396212816238403,2.9878742694854736,2.9878742694854736,258,27
1300,10037,base_enriched,active_fraction,-0.01962357573211193,0.006577092222869396,-2.9836249351501465,2.9836249351501465,265,27
1301,2650,specialized_enriched,max,2.8801114559173584,0.9653066396713257,2.9836232662200928,2.9836232662200928,199,27
1302,15272,specialized_enriched,active_fraction,0.023663677275180817,0.007936526089906693,2.981616497039795,2.981616497039795,217,27
1303,11232,base_enriched,active_fraction,-0.010561206378042698,0.0035427692346274853,-2.9810595512390137,2.9810595512390137,262,27
1304,14364,specialized_enriched,max,1.8595110177993774,0.6240883469581604,2.9795637130737305,2.9795637130737305,229,27
1305,13660,specialized_enriched,max,3.005167245864868,1.0086588859558105,2.9793691635131836,2.9793691635131836,224,27
1306,15707,base_enriched,mean,-0.05245976522564888,0.01761528290808201,-2.9780824184417725,2.9780824184417725,157,27
1307,14418,base_enriched,mean,-0.06487689167261124,0.0217986349016428,-2.9761905670166016,2.9761905670166016,227,27
1308,5632,base_enriched,active_fraction,-0.00493790814653039,0.0016607672441750765,-2.97326922416687,2.97326922416687,172,27
1309,12161,base_enriched,mean,-0.0876874327659607,0.029492560774087906,-2.973205089569092,2.973205089569092,265,27
1310,3772,specialized_enriched,max,0.6560274958610535,0.22075369954109192,2.971762180328369,2.971762180328369,186,27
1311,12076,specialized_enriched,max,1.0263733863830566,0.34541013836860657,2.9714627265930176,2.9714627265930176,268,27
1312,15585,specialized_enriched,max,0.35918956995010376,0.12093640863895416,2.970069646835327,2.970069646835327,89,27
1313,185,base_enriched,mean,-0.03014982119202614,0.010154721327126026,-2.9690446853637695,2.9690446853637695,212,27
1314,4383,base_enriched,active_fraction,-0.007368932943791151,0.002482292242348194,-2.968600034713745,2.968600034713745,268,27
1315,15226,base_enriched,active_fraction,-0.0039512054063379765,0.001331001054495573,-2.9685966968536377,2.9685966968536377,252,27
1316,11301,base_enriched,active_fraction,-0.010034802369773388,0.0033815987408161163,-2.967472791671753,2.967472791671753,213,27
1317,1267,specialized_enriched,max,0.4231482446193695,0.1426340639591217,2.966670274734497,2.966670274734497,59,27
1318,15049,base_enriched,mean,-0.05094112828373909,0.017195405438542366,-2.962484836578369,2.962484836578369,163,27
1319,14050,specialized_enriched,max,3.054168224334717,1.0310463905334473,2.962202548980713,2.962202548980713,138,27
1320,8294,specialized_enriched,max,5.447417259216309,1.8402408361434937,2.960165500640869,2.960165500640869,135,27
1321,7169,specialized_enriched,max,0.9783920049667358,0.33055350184440613,2.959859848022461,2.959859848022461,222,27
1322,13265,base_enriched,mean,-0.03403583914041519,0.011503763496875763,-2.958669900894165,2.958669900894165,204,27
1323,7187,base_enriched,mean,-0.03980327397584915,0.013453574851155281,-2.9585647583007812,2.9585647583007812,247,27
1324,13746,base_enriched,active_fraction,-0.012570152059197426,0.004249827470630407,-2.9578030109405518,2.9578030109405518,232,27
1325,2913,base_enriched,mean,-0.02366739511489868,0.008006606251001358,-2.9559834003448486,2.9559834003448486,133,27
1326,11432,specialized_enriched,max,3.410187244415283,1.1537163257598877,2.9558281898498535,2.9558281898498535,192,27
1327,11728,specialized_enriched,max,0.8882268667221069,0.30065134167671204,2.9543418884277344,2.9543418884277344,265,27
1328,2771,base_enriched,active_fraction,-0.010509394109249115,0.0035586950834840536,-2.9531595706939697,2.9531595706939697,194,27
1329,14843,specialized_enriched,max,0.7270322442054749,0.24645690619945526,2.949936628341675,2.949936628341675,185,27
1330,8054,specialized_enriched,max,0.6204880475997925,0.21036428213119507,2.9495882987976074,2.9495882987976074,155,27
1331,13565,specialized_enriched,max,1.2216426134109497,0.4142068326473236,2.9493541717529297,2.9493541717529297,268,27
1332,3332,specialized_enriched,max,1.9045441150665283,0.6461704969406128,2.94743275642395,2.94743275642395,247,27
1333,4936,specialized_enriched,max,1.243188738822937,0.42195984721183777,2.946225166320801,2.946225166320801,212,27
1334,11977,base_enriched,mean,-0.04791037738323212,0.016278568655252457,-2.9431567192077637,2.9431567192077637,194,27
1335,15093,specialized_enriched,max,2.465684413909912,0.8382572531700134,2.941441297531128,2.941441297531128,155,27
1336,12428,specialized_enriched,max,0.568149209022522,0.19318941235542297,2.940891981124878,2.940891981124878,178,27
1337,8036,base_enriched,active_fraction,-0.005463950335979462,0.0018582958728075027,-2.9403016567230225,2.9403016567230225,229,27
1338,12120,specialized_enriched,max,1.9873912334442139,0.6764026284217834,2.9381778240203857,2.9381778240203857,162,27
1339,12711,specialized_enriched,max,2.1040163040161133,0.7163939476013184,2.9369542598724365,2.9369542598724365,213,27
1340,14812,base_enriched,active_fraction,-0.023729952052235603,0.00808057188987732,-2.9366674423217773,2.9366674423217773,201,27
1341,3063,base_enriched,active_fraction,-0.019063828513026237,0.006492143962532282,-2.936445713043213,2.936445713043213,266,27
1342,902,specialized_enriched,max,1.3409934043884277,0.45669451355934143,2.936302900314331,2.936302900314331,266,27
1343,15443,base_enriched,active_fraction,-0.008533526211977005,0.0029075248166918755,-2.9349796772003174,2.9349796772003174,265,27
1344,6043,specialized_enriched,max,2.518220901489258,0.8580899238586426,2.9346818923950195,2.9346818923950195,140,27
1345,1097,specialized_enriched,max,1.021274209022522,0.34836331009864807,2.9316353797912598,2.9316353797912598,260,27
1346,7188,base_enriched,active_fraction,-0.015202293172478676,0.0051858085207641125,-2.931518316268921,2.931518316268921,252,27
1347,14458,specialized_enriched,active_fraction,0.0076428186148405075,0.0026079146191477776,2.930624485015869,2.930624485015869,268,27
1348,14449,specialized_enriched,max,2.795515298843384,0.9540369510650635,2.9301960468292236,2.9301960468292236,143,27
1349,1571,specialized_enriched,max,0.9133825898170471,0.31185677647590637,2.9288527965545654,2.9288527965545654,162,27
1350,40,specialized_enriched,max,1.51027250289917,0.5160689949989319,2.9264934062957764,2.9264934062957764,265,27
1351,8684,specialized_enriched,max,2.99417781829834,1.0231540203094482,2.926419496536255,2.926419496536255,137,27
1352,15935,base_enriched,active_fraction,-0.007645232602953911,0.002613370306789875,-2.9254302978515625,2.9254302978515625,200,27
1353,5959,base_enriched,mean,-0.035502854734659195,0.012140548788011074,-2.9243204593658447,2.9243204593658447,153,27
1354,2381,base_enriched,mean,-0.021610114723443985,0.007390327285975218,-2.9241080284118652,2.9241080284118652,267,27
1355,1139,base_enriched,active_fraction,-0.010628688149154186,0.003639585105702281,-2.920302152633667,2.920302152633667,243,27
1356,9720,specialized_enriched,max,1.187079668045044,0.40671730041503906,2.918684959411621,2.918684959411621,212,27
1357,2215,base_enriched,mean,-0.0411624051630497,0.01411235798150301,-2.9167630672454834,2.9167630672454834,261,27
1358,14713,base_enriched,active_fraction,-0.00423600384965539,0.0014530570479109883,-2.915235757827759,2.915235757827759,216,27
1359,1610,specialized_enriched,max,2.7267603874206543,0.9356715083122253,2.9142282009124756,2.9142282009124756,142,27
1360,13988,specialized_enriched,active_fraction,0.0103218462318182,0.0035420178901404142,2.9141147136688232,2.9141147136688232,264,27
1361,8415,base_enriched,mean,-0.050632283091545105,0.0173844862729311,-2.9124979972839355,2.9124979972839355,254,27
1362,1398,specialized_enriched,max,2.683259963989258,0.9218262434005737,2.910808801651001,2.910808801651001,171,27
1363,9645,specialized_enriched,active_fraction,0.003946932032704353,0.0013560069492086768,2.9107019901275635,2.9107019901275635,200,27
1364,16144,specialized_enriched,max,0.9392244219779968,0.32294514775276184,2.9083094596862793,2.9083094596862793,165,27
1365,13402,specialized_enriched,max,1.5711901187896729,0.5402583479881287,2.908220052719116,2.908220052719116,261,27
1366,9451,base_enriched,mean,-0.01097164861857891,0.003773861564695835,-2.907273769378662,2.907273769378662,159,27
1367,12746,specialized_enriched,max,2.589169979095459,0.890591025352478,2.9072492122650146,2.9072492122650146,261,27
1368,6877,base_enriched,max,-0.7955461144447327,0.2737360894680023,-2.906252145767212,2.906252145767212,89,27
1369,5930,base_enriched,active_fraction,-0.008552188985049725,0.0029429045971482992,-2.906036853790283,2.906036853790283,183,27
1370,8584,specialized_enriched,max,4.350721836090088,1.4973409175872803,2.9056320190429688,2.9056320190429688,167,27
1371,1639,base_enriched,active_fraction,-0.01983661949634552,0.006828686688095331,-2.904895305633545,2.904895305633545,268,27
1372,2588,specialized_enriched,max,0.7099732756614685,0.2444058656692505,2.9048945903778076,2.9048945903778076,177,27
1373,8886,base_enriched,mean,-0.03439978137612343,0.011844025924801826,-2.9043993949890137,2.9043993949890137,220,27
1374,10168,base_enriched,mean,-0.005502978339791298,0.0018949975492432714,-2.9039502143859863,2.9039502143859863,123,27
1375,11671,specialized_enriched,max,3.5854368209838867,1.234682559967041,2.9039342403411865,2.9039342403411865,155,27
1376,10383,specialized_enriched,max,1.4753819704055786,0.5084230899810791,2.9018783569335938,2.9018783569335938,258,27
1377,1162,specialized_enriched,max,0.959812581539154,0.3309131860733032,2.9004967212677,2.9004967212677,254,27
1378,12533,specialized_enriched,max,1.234696388244629,0.42579373717308044,2.899752378463745,2.899752378463745,267,27
1379,12077,specialized_enriched,mean,0.0531160868704319,0.018327388912439346,2.8981807231903076,2.8981807231903076,193,27
1380,8586,specialized_enriched,max,0.9087408781051636,0.3141184449195862,2.8929879665374756,2.8929879665374756,230,27
1381,2515,specialized_enriched,max,2.19287109375,0.7580627799034119,2.892730236053467,2.892730236053467,153,27
1382,13751,base_enriched,active_fraction,-0.0068466574884951115,0.0023675300180912018,-2.8918988704681396,2.8918988704681396,201,27
1383,15660,base_enriched,mean,-0.02829701453447342,0.009785955771803856,-2.891594409942627,2.891594409942627,171,27
1384,13475,specialized_enriched,max,2.554832696914673,0.8835846781730652,2.8914406299591064,2.8914406299591064,176,27
1385,558,specialized_enriched,max,1.4996291399002075,0.5187932252883911,2.890610456466675,2.890610456466675,162,27
1386,2039,base_enriched,active_fraction,-0.009226351976394653,0.0031934913713485003,-2.889111280441284,2.889111280441284,268,27
1387,5875,base_enriched,mean,-0.06824082881212234,0.0236249640583992,-2.888504981994629,2.888504981994629,249,27
1388,4469,specialized_enriched,max,2.6720356941223145,0.9273533821105957,2.8813564777374268,2.8813564777374268,179,27
1389,12804,specialized_enriched,max,0.8166534900665283,0.28353404998779297,2.880265951156616,2.880265951156616,240,27
1390,6417,specialized_enriched,max,0.859548032283783,0.2987273335456848,2.877366542816162,2.877366542816162,268,27
1391,11484,base_enriched,active_fraction,-0.03112126514315605,0.010821186937391758,-2.8759567737579346,2.8759567737579346,246,27
1392,13828,specialized_enriched,max,0.590053915977478,0.20517249405384064,2.875891923904419,2.875891923904419,260,27
1393,9775,base_enriched,active_fraction,-0.003847194602712989,0.0013382196193560958,-2.8748605251312256,2.8748605251312256,224,27
1394,7875,base_enriched,max,-2.3461110591888428,0.8163939118385315,-2.873748779296875,2.873748779296875,145,27
1395,14464,base_enriched,mean,-0.045054905116558075,0.01568649336695671,-2.8722100257873535,2.8722100257873535,251,27
1396,12859,specialized_enriched,max,1.9311152696609497,0.6723882555961609,2.8720240592956543,2.8720240592956543,228,27
1397,12995,base_enriched,mean,-0.042163558304309845,0.014681554399430752,-2.871872901916504,2.871872901916504,231,27
1398,14940,specialized_enriched,max,2.676436424255371,0.9327029585838318,2.8695485591888428,2.8695485591888428,203,27
1399,13685,base_enriched,active_fraction,-0.003197319805622101,0.0011147423647344112,-2.8682141304016113,2.8682141304016113,188,27
1400,12994,base_enriched,active_fraction,-0.005190837197005749,0.0018098376458510756,-2.8681230545043945,2.8681230545043945,203,27
1401,8146,specialized_enriched,max,5.246984004974365,1.8304133415222168,2.8665568828582764,2.8665568828582764,144,27
1402,9792,base_enriched,active_fraction,-0.006413713097572327,0.0022376126144081354,-2.8663196563720703,2.8663196563720703,191,27
1403,10376,specialized_enriched,max,3.0283820629119873,1.056665301322937,2.865980386734009,2.865980386734009,225,27
1404,9609,base_enriched,active_fraction,-0.005202088039368391,0.0018151780823245645,-2.8658831119537354,2.8658831119537354,252,27
1405,16106,base_enriched,mean,-0.029385095462203026,0.010253435000777245,-2.865878105163574,2.865878105163574,268,27
1406,12480,specialized_enriched,max,1.106680154800415,0.3863050639629364,2.8647830486297607,2.8647830486297607,128,27
1407,14000,specialized_enriched,max,0.7738701701164246,0.27014634013175964,2.864633083343506,2.864633083343506,151,27
1408,792,specialized_enriched,mean,0.08056022226810455,0.0281313955783844,2.8637123107910156,2.8637123107910156,259,27
1409,5027,specialized_enriched,max,0.540842592716217,0.18887977302074432,2.863422393798828,2.863422393798828,128,27
1410,14870,specialized_enriched,max,0.7095344662666321,0.24785007536411285,2.8627567291259766,2.8627567291259766,268,27
1411,12541,base_enriched,active_fraction,-0.002984928200021386,0.0010431574191898108,-2.861435890197754,2.861435890197754,164,27
1412,8957,specialized_enriched,max,1.4624580144882202,0.5112497806549072,2.8605546951293945,2.8605546951293945,258,27
1413,7206,base_enriched,active_fraction,-0.018129106611013412,0.006344179157167673,-2.8575968742370605,2.8575968742370605,230,27
1414,13754,base_enriched,active_fraction,-0.005615789908915758,0.001966151874512434,-2.856234073638916,2.856234073638916,203,27
1415,9991,base_enriched,active_fraction,-0.013576000928878784,0.004755158443003893,-2.8550050258636475,2.8550050258636475,183,27
1416,15368,base_enriched,active_fraction,-0.008296024985611439,0.0029065364506095648,-2.854264974594116,2.854264974594116,254,27
1417,5520,specialized_enriched,max,0.5211753249168396,0.18260528147220612,2.8541088104248047,2.8541088104248047,261,27
1418,569,base_enriched,mean,-0.03789587691426277,0.013278501108288765,-2.8539273738861084,2.8539273738861084,268,27
1419,9503,specialized_enriched,max,0.46975746750831604,0.16467860341072083,2.8525712490081787,2.8525712490081787,153,27
1420,1099,base_enriched,active_fraction,-0.011175372637808323,0.00391991576179862,-2.850921630859375,2.850921630859375,268,27
1421,15389,base_enriched,active_fraction,-0.008446029387414455,0.002964537590742111,-2.8490209579467773,2.8490209579467773,233,27
1422,14001,specialized_enriched,max,1.0585566759109497,0.3716425597667694,2.8483192920684814,2.8483192920684814,263,27
1423,6089,specialized_enriched,max,3.8687326908111572,1.3583372831344604,2.8481385707855225,2.8481385707855225,219,27
1424,9468,base_enriched,mean,-0.04964282736182213,0.01744057424366474,-2.8463985919952393,2.8463985919952393,261,27
1425,5973,specialized_enriched,max,2.7648708820343018,0.9714565277099609,2.8461086750030518,2.8461086750030518,154,27
1426,322,specialized_enriched,max,1.5395569801330566,0.5410646200180054,2.845421552658081,2.845421552658081,186,27
1427,4812,specialized_enriched,max,1.5833662748336792,0.5567356944084167,2.84401798248291,2.84401798248291,161,27
1428,6792,specialized_enriched,max,3.9306764602661133,1.3834604024887085,2.8411917686462402,2.8411917686462402,143,27
1429,13052,specialized_enriched,max,1.6954917907714844,0.5971786975860596,2.839169979095459,2.839169979095459,257,27
1430,16069,base_enriched,active_fraction,-0.010070583783090115,0.003547596512362361,-2.8387060165405273,2.8387060165405273,213,27
1431,6711,base_enriched,active_fraction,-0.003087442135438323,0.001087638665921986,-2.838665246963501,2.838665246963501,251,27
1432,3104,specialized_enriched,max,0.958041787147522,0.3377414643764496,2.8366129398345947,2.8366129398345947,267,27
1433,10931,base_enriched,active_fraction,-0.005547584034502506,0.0019559210631996393,-2.8363025188446045,2.8363025188446045,244,27
1434,8164,base_enriched,active_fraction,-0.010836637578904629,0.0038210172206163406,-2.8360610008239746,2.8360610008239746,268,27
1435,13016,specialized_enriched,max,2.012003183364868,0.7098804712295532,2.834284543991089,2.834284543991089,235,27
1436,15571,base_enriched,mean,-0.0886029377579689,0.031269900500774384,-2.8334896564483643,2.8334896564483643,188,27
1437,12967,base_enriched,mean,-0.05911559239029884,0.020872972905635834,-2.8321597576141357,2.8321597576141357,193,27
1438,8981,base_enriched,active_fraction,-0.014739700593054295,0.005204817280173302,-2.8319342136383057,2.8319342136383057,265,27
1439,9806,base_enriched,active_fraction,-0.018337395042181015,0.006476555950939655,-2.8313498497009277,2.8313498497009277,168,27
1440,7489,base_enriched,mean,-0.01309138908982277,0.004624746739864349,-2.83072566986084,2.83072566986084,204,27
1441,9037,base_enriched,mean,-0.03637094050645828,0.01285648439079523,-2.828995704650879,2.828995704650879,268,27
1442,499,specialized_enriched,max,1.9122947454452515,0.6760391592979431,2.828674554824829,2.828674554824829,212,27
1443,11972,specialized_enriched,max,0.5620673298835754,0.19874106347560883,2.828138828277588,2.828138828277588,127,27
1444,13162,base_enriched,active_fraction,-0.0052623506635427475,0.0018611655104905367,-2.827449083328247,2.827449083328247,174,27
1445,12291,specialized_enriched,max,1.7086259126663208,0.6043153405189514,2.8273746967315674,2.8273746967315674,231,27
1446,6320,specialized_enriched,max,1.4764018058776855,0.522195041179657,2.8272995948791504,2.8272995948791504,87,27
1447,191,base_enriched,max,-3.0668513774871826,1.084871768951416,-2.826925277709961,2.826925277709961,175,27
1448,11319,base_enriched,mean,-0.042638007551431656,0.01508474349975586,-2.8265650272369385,2.8265650272369385,230,27
1449,4149,specialized_enriched,active_fraction,0.00492453295737505,0.0017438225913792849,2.8239872455596924,2.8239872455596924,205,27
1450,14280,specialized_enriched,active_fraction,0.006788084749132395,0.002404254162684083,2.823364019393921,2.823364019393921,201,27
1451,14257,base_enriched,active_fraction,-0.00488450238481164,0.0017301453044638038,-2.8231747150421143,2.8231747150421143,264,27
1452,6680,specialized_enriched,max,1.3251582384109497,0.4695673882961273,2.8220832347869873,2.8220832347869873,268,27
1453,1046,base_enriched,active_fraction,-0.009802903048694134,0.0034746986348181963,-2.8212239742279053,2.8212239742279053,263,27
1454,2632,specialized_enriched,max,1.8822067975997925,0.6674915552139282,2.8198211193084717,2.8198211193084717,249,27
1455,3468,specialized_enriched,max,1.9185806512832642,0.6804527044296265,2.8195650577545166,2.8195650577545166,182,27
1456,5288,base_enriched,active_fraction,-0.0037777575198560953,0.0013413040433079004,-2.816481113433838,2.816481113433838,238,27
1457,4915,base_enriched,mean,-0.03060128353536129,0.010867325589060783,-2.8158981800079346,2.8158981800079346,236,27
1458,2957,specialized_enriched,max,0.7718057632446289,0.27409613132476807,2.815821409225464,2.815821409225464,217,27
1459,5879,base_enriched,active_fraction,-0.004970381502062082,0.0017651885282248259,-2.815779447555542,2.815779447555542,264,27
1460,12255,base_enriched,active_fraction,-0.006051606964319944,0.0021505136974155903,-2.81402850151062,2.81402850151062,268,27
1461,2576,base_enriched,mean,-0.05691684037446976,0.02023453637957573,-2.8128561973571777,2.8128561973571777,233,27
1462,2779,base_enriched,active_fraction,-0.010388313792645931,0.0036945450119674206,-2.811797857284546,2.811797857284546,248,27
1463,8958,specialized_enriched,max,0.6701691150665283,0.2383461594581604,2.8117470741271973,2.8117470741271973,210,27
1464,9810,base_enriched,mean,-0.03247229754924774,0.011548950336873531,-2.8117098808288574,2.8117098808288574,239,27
1465,8262,base_enriched,active_fraction,-0.014874663203954697,0.005293421447277069,-2.810028076171875,2.810028076171875,265,27
1466,12684,specialized_enriched,max,0.3468218445777893,0.12342483550310135,2.8099842071533203,2.8099842071533203,75,27
1467,8659,specialized_enriched,max,1.5294049978256226,0.544403076171875,2.8093247413635254,2.8093247413635254,200,27
1468,2240,base_enriched,mean,-0.03758394345641136,0.013379801996052265,-2.8090059757232666,2.8090059757232666,238,27
1469,16120,specialized_enriched,max,3.2228541374206543,1.1476815938949585,2.808143138885498,2.808143138885498,224,27
1470,6479,base_enriched,active_fraction,-0.003896423615515232,0.0013881372287869453,-2.8069441318511963,2.8069441318511963,204,27
1471,3626,base_enriched,mean,-0.06030157580971718,0.021490590646862984,-2.805952548980713,2.805952548980713,204,27
1472,7805,specialized_enriched,max,0.7794050574302673,0.2777864336967468,2.8057708740234375,2.8057708740234375,217,27
1473,15987,specialized_enriched,max,1.333749532699585,0.475524365901947,2.804797410964966,2.804797410964966,85,27
1474,3838,specialized_enriched,max,0.44859448075294495,0.1599705070257187,2.804232358932495,2.804232358932495,163,27
1475,13970,base_enriched,mean,-0.06944574415683746,0.02476545423269272,-2.804137706756592,2.804137706756592,259,27
1476,654,base_enriched,max,-2.10398530960083,0.7506270408630371,-2.8029704093933105,2.8029704093933105,254,27
1477,3731,base_enriched,active_fraction,-0.0034813699312508106,0.0012424386804923415,-2.8020455837249756,2.8020455837249756,190,27
1478,14755,base_enriched,active_fraction,-0.008153070695698261,0.0029109769966453314,-2.800802230834961,2.800802230834961,249,27
1479,2363,base_enriched,active_fraction,-0.007289886474609375,0.0026035357732325792,-2.799994707107544,2.799994707107544,268,27
1480,12113,specialized_enriched,active_fraction,0.012425893917679787,0.004440050106495619,2.798593282699585,2.798593282699585,239,27
1481,2412,base_enriched,active_fraction,-0.005837379954755306,0.0020862086676061153,-2.7980806827545166,2.7980806827545166,217,27
1482,8195,specialized_enriched,max,1.329293131828308,0.4751202464103699,2.7978036403656006,2.7978036403656006,139,27
1483,13684,base_enriched,active_fraction,-0.016186725348234177,0.0057914769276976585,-2.794921875,2.794921875,253,27
1484,14214,specialized_enriched,max,0.615617573261261,0.22027179598808289,2.794808864593506,2.794808864593506,239,27
1485,2351,specialized_enriched,max,1.0269790887832642,0.3674972653388977,2.7945218086242676,2.7945218086242676,263,27
1486,2784,base_enriched,active_fraction,-0.017171449959278107,0.0061449650675058365,-2.794393539428711,2.794393539428711,218,27
1487,7895,base_enriched,mean,-0.02894662320613861,0.010361218824982643,-2.7937469482421875,2.7937469482421875,192,27
1488,5176,specialized_enriched,max,1.0608311891555786,0.37972280383110046,2.793699026107788,2.793699026107788,196,27
1489,4534,base_enriched,mean,-0.08054912090301514,0.02886931225657463,-2.7901294231414795,2.7901294231414795,188,27
1490,1699,specialized_enriched,max,1.2513350248336792,0.44854268431663513,2.7897791862487793,2.7897791862487793,212,27
1491,5605,base_enriched,active_fraction,-0.0014537135139107704,0.0005213516415096819,-2.7883551120758057,2.7883551120758057,65,27
1492,12732,base_enriched,active_fraction,-0.0018486070912331343,0.0006631609285250306,-2.787569284439087,2.787569284439087,126,27
1493,5163,base_enriched,active_fraction,-0.00751321529969573,0.0026954547502100468,-2.7873647212982178,2.7873647212982178,267,27
1494,11407,base_enriched,mean,-0.05303124710917473,0.019029928371310234,-2.786728620529175,2.786728620529175,239,27
1495,13810,specialized_enriched,max,0.5540817975997925,0.19885967671871185,2.7862954139709473,2.7862954139709473,109,27
1496,9293,base_enriched,active_fraction,-0.008013037033379078,0.002876709681004286,-2.785486936569214,2.785486936569214,260,27
1497,8059,base_enriched,mean,-0.02625296451151371,0.009425639174878597,-2.785271644592285,2.785271644592285,263,27
1498,2176,base_enriched,active_fraction,-0.010410308837890625,0.003739898791536689,-2.7835803031921387,2.7835803031921387,211,27
1499,9318,specialized_enriched,max,0.6588768362998962,0.2367493361234665,2.7830145359039307,2.7830145359039307,215,27
1500,9799,base_enriched,active_fraction,-0.005680060014128685,0.0020413629245013,-2.7824840545654297,2.7824840545654297,228,27
1501,3805,specialized_enriched,max,1.6620104312896729,0.5974065661430359,2.7820425033569336,2.7820425033569336,134,27
1502,15617,specialized_enriched,max,0.4122515320777893,0.14818929135799408,2.7819252014160156,2.7819252014160156,200,27
1503,9331,base_enriched,mean,-0.07181544601917267,0.025815708562731743,-2.781850576400757,2.781850576400757,233,27
1504,1806,base_enriched,active_fraction,-0.006176188122481108,0.0022212460171431303,-2.780506134033203,2.780506134033203,266,27
1505,5669,base_enriched,active_fraction,-0.009572282433509827,0.0034434031695127487,-2.7798900604248047,2.7798900604248047,263,27
1506,10859,specialized_enriched,max,1.3398375511169434,0.48227620124816895,2.778153896331787,2.778153896331787,158,27
1507,575,specialized_enriched,max,1.2508158683776855,0.45068347454071045,2.7753756046295166,2.7753756046295166,228,27
1508,10503,specialized_enriched,max,1.3224016427993774,0.47652220726013184,2.7751102447509766,2.7751102447509766,266,27
1509,12258,base_enriched,mean,-0.033724844455718994,0.012155906297266483,-2.7743587493896484,2.7743587493896484,259,27
1510,7986,base_enriched,active_fraction,-0.0090941172093153,0.003278884803876281,-2.7735397815704346,2.7735397815704346,228,27
1511,6861,base_enriched,active_fraction,-0.012692704796791077,0.004578839987516403,-2.7720351219177246,2.7720351219177246,262,27
1512,9826,base_enriched,active_fraction,-0.005888492334634066,0.0021248788107186556,-2.7712132930755615,2.7712132930755615,268,27
1513,8640,specialized_enriched,max,2.6286962032318115,0.9491552710533142,2.7695112228393555,2.7695112228393555,207,27
1514,10319,base_enriched,active_fraction,-0.003946063108742237,0.001424830174073577,-2.7694971561431885,2.7694971561431885,187,27
1515,14626,specialized_enriched,max,0.957414448261261,0.34587031602859497,2.7681312561035156,2.7681312561035156,79,27
1516,6323,specialized_enriched,max,1.4041732549667358,0.508208692073822,2.7629854679107666,2.7629854679107666,259,27
1517,5303,specialized_enriched,max,1.205733299255371,0.4364800453186035,2.762401819229126,2.762401819229126,268,27
1518,4617,specialized_enriched,max,1.3123517036437988,0.4751499593257904,2.7619736194610596,2.7619736194610596,243,27
1519,7177,specialized_enriched,max,1.8284772634506226,0.6622296571731567,2.7610924243927,2.7610924243927,231,27
1520,8712,base_enriched,active_fraction,-0.008911543525755405,0.0032278220169246197,-2.7608535289764404,2.7608535289764404,181,27
1521,7251,base_enriched,mean,-0.026730453595519066,0.009684120304882526,-2.760235548019409,2.760235548019409,259,27
1522,7217,base_enriched,mean,-0.04841893911361694,0.0175472442060709,-2.7593472003936768,2.7593472003936768,264,27
1523,10018,base_enriched,active_fraction,-0.008115357719361782,0.0029425525572150946,-2.7579312324523926,2.7579312324523926,267,27
1524,307,specialized_enriched,active_fraction,0.016788240522146225,0.0060880002565681934,2.7575953006744385,2.7575953006744385,267,27
1525,842,base_enriched,active_fraction,-0.011920807883143425,0.0043252138420939445,-2.756119966506958,2.756119966506958,219,27
1526,10295,specialized_enriched,max,0.9593304991722107,0.3483150005340576,2.7542037963867188,2.7542037963867188,268,27
1527,4696,base_enriched,active_fraction,-0.006305621936917305,0.0022898123133927584,-2.753772497177124,2.753772497177124,245,27
1528,6332,specialized_enriched,max,2.336036443710327,0.8483414053916931,2.7536513805389404,2.7536513805389404,230,27
1529,7683,specialized_enriched,max,0.4241989850997925,0.15409837663173676,2.7527804374694824,2.7527804374694824,147,27
1530,4243,base_enriched,active_fraction,-0.006737745366990566,0.0024488228373229504,-2.751422166824341,2.751422166824341,232,27
1531,4001,base_enriched,active_fraction,-0.010126234963536263,0.0036819390952587128,-2.7502450942993164,2.7502450942993164,264,27
1532,16286,specialized_enriched,max,2.5751211643218994,0.9367511868476868,2.7489917278289795,2.7489917278289795,171,27
1533,14348,specialized_enriched,max,0.47268715500831604,0.1719915121793747,2.748316764831543,2.748316764831543,226,27
1534,4753,specialized_enriched,max,1.4430009126663208,0.5250621438026428,2.7482478618621826,2.7482478618621826,133,27
1535,2068,specialized_enriched,active_fraction,0.0018333725165575743,0.0006674471660517156,2.746842861175537,2.746842861175537,130,27
1536,10396,specialized_enriched,max,1.217476725578308,0.44325828552246094,2.7466530799865723,2.7466530799865723,198,27
1537,5635,specialized_enriched,active_fraction,0.004290254786610603,0.001562247984111309,2.746206045150757,2.746206045150757,260,27
1538,5721,specialized_enriched,max,0.6714670658111572,0.24462881684303284,2.744840383529663,2.744840383529663,215,27
1539,14185,base_enriched,active_fraction,-0.013002274557948112,0.004738127812743187,-2.7441797256469727,2.7441797256469727,257,27
1540,14913,specialized_enriched,max,3.14840030670166,1.147763729095459,2.7430734634399414,2.7430734634399414,243,27
1541,4112,base_enriched,active_fraction,-0.00561518594622612,0.002048289403319359,-2.7414026260375977,2.7414026260375977,138,27
1542,7291,base_enriched,active_fraction,-0.019352708011865616,0.007062569726258516,-2.7401793003082275,2.7401793003082275,240,27
1543,11062,base_enriched,active_fraction,-0.010912883095443249,0.003984556533396244,-2.7387948036193848,2.7387948036193848,264,27
1544,12287,specialized_enriched,max,0.5448229908943176,0.19898509979248047,2.738008975982666,2.738008975982666,266,27
1545,5304,base_enriched,active_fraction,-0.009071518667042255,0.0033143088221549988,-2.737076997756958,2.737076997756958,159,27
1546,3764,specialized_enriched,max,3.259209394454956,1.1909147500991821,2.736727714538574,2.736727714538574,138,27
1547,16143,base_enriched,active_fraction,-0.010039268992841244,0.003671591402962804,-2.7343099117279053,2.7343099117279053,266,27
1548,4598,base_enriched,active_fraction,-0.00507946265861392,0.0018602756317704916,-2.7304892539978027,2.7304892539978027,139,27
1549,1092,base_enriched,mean,-0.04284088686108589,0.01569543592631817,-2.7295124530792236,2.7295124530792236,267,27
1550,16052,base_enriched,mean,-0.09055246412754059,0.03317832946777344,-2.7292652130126953,2.7292652130126953,268,27
1551,15806,specialized_enriched,active_fraction,0.0051772682927548885,0.001897243782877922,2.7288365364074707,2.7288365364074707,182,27
1552,6353,specialized_enriched,max,0.6002398133277893,0.22033056616783142,2.724269390106201,2.724269390106201,233,27
1553,13510,specialized_enriched,max,0.7435719966888428,0.2730703353881836,2.7230052947998047,2.7230052947998047,219,27
1554,1505,base_enriched,mean,-0.056834910064935684,0.020886093378067017,-2.721184253692627,2.721184253692627,126,27
1555,12451,base_enriched,mean,-0.03389430791139603,0.012457754462957382,-2.7207398414611816,2.7207398414611816,262,27
1556,1126,specialized_enriched,active_fraction,0.012730465270578861,0.004685134161263704,2.7172040939331055,2.7172040939331055,229,27
1557,12697,base_enriched,mean,-0.034994933754205704,0.012880208902060986,-2.716953992843628,2.716953992843628,235,27
1558,15241,specialized_enriched,max,0.4952160716056824,0.18232230842113495,2.7161571979522705,2.7161571979522705,175,27
1559,11700,specialized_enriched,max,1.5443532466888428,0.5686533451080322,2.7158079147338867,2.7158079147338867,268,27
1560,11832,base_enriched,active_fraction,-0.016269007697701454,0.00599052244797349,-2.7157912254333496,2.7157912254333496,266,27
1561,5217,base_enriched,mean,-0.07116491347551346,0.02620786614716053,-2.715402841567993,2.715402841567993,245,27
1562,4096,specialized_enriched,active_fraction,0.01293112337589264,0.004764774348586798,2.713900566101074,2.713900566101074,267,27
1563,11631,specialized_enriched,max,1.4048655033111572,0.517665445804596,2.713848352432251,2.713848352432251,185,27
1564,15367,base_enriched,active_fraction,-0.010707806795835495,0.003947899676859379,-2.7122793197631836,2.7122793197631836,250,27
1565,4903,specialized_enriched,max,0.6220888495445251,0.22942186892032623,2.711549997329712,2.711549997329712,225,27
1566,3303,base_enriched,mean,-0.013651956804096699,0.0050354283303022385,-2.7111809253692627,2.7111809253692627,203,27
1567,6399,specialized_enriched,max,2.332488536834717,0.8604024648666382,2.7109272480010986,2.7109272480010986,226,27
1568,8840,specialized_enriched,active_fraction,0.0099711362272501,0.0036830243188887835,2.707322835922241,2.707322835922241,268,27
1569,2377,base_enriched,mean,-0.05163728818297386,0.0190747007727623,-2.707108736038208,2.707108736038208,192,27
1570,9517,specialized_enriched,max,1.1780062913894653,0.4352515935897827,2.7064950466156006,2.7064950466156006,148,27
1571,15787,specialized_enriched,max,0.5147473216056824,0.190200537443161,2.7063400745391846,2.7063400745391846,141,27
1572,15489,specialized_enriched,max,0.7006032466888428,0.25890281796455383,2.706047296524048,2.706047296524048,172,27
1573,9392,base_enriched,active_fraction,-0.011869671754539013,0.0043874201364815235,-2.705387592315674,2.705387592315674,204,27
1574,6301,specialized_enriched,max,2.321004629135132,0.8585806488990784,2.7033040523529053,2.7033040523529053,150,27
1575,9719,specialized_enriched,max,0.4833366274833679,0.1787998527288437,2.7032272815704346,2.7032272815704346,110,27
1576,3239,specialized_enriched,max,0.3893146812915802,0.14404179155826569,2.702789783477783,2.702789783477783,126,27
1577,7754,specialized_enriched,max,0.4977501928806305,0.18416789174079895,2.702697992324829,2.702697992324829,145,27
1578,12568,base_enriched,active_fraction,-0.006282951217144728,0.00232508173212409,-2.702249526977539,2.702249526977539,266,27
1579,8434,specialized_enriched,max,0.7279469966888428,0.2696338891983032,2.699760675430298,2.699760675430298,242,27
1580,283,base_enriched,active_fraction,-0.00947971548885107,0.00351294525898993,-2.6985092163085938,2.6985092163085938,181,27
1581,9582,specialized_enriched,max,1.8811312913894653,0.6971126794815063,2.698460817337036,2.698460817337036,135,27
1582,8127,base_enriched,mean,-0.026522720232605934,0.009836304001510143,-2.6964111328125,2.6964111328125,267,27
1583,7594,specialized_enriched,max,0.626848042011261,0.23247571289539337,2.6964023113250732,2.6964023113250732,200,27
1584,11115,base_enriched,mean,-0.016759872436523438,0.006217197515070438,-2.695727825164795,2.695727825164795,232,27
1585,13615,base_enriched,active_fraction,-0.005165631417185068,0.0019163208780810237,-2.6955983638763428,2.6955983638763428,256,27
1586,14228,base_enriched,mean,-0.0207448061555624,0.007702332455664873,-2.693314790725708,2.693314790725708,261,27
1587,9082,base_enriched,mean,-0.08342781662940979,0.03098789043724537,-2.6922714710235596,2.6922714710235596,232,27
1588,15436,base_enriched,active_fraction,-0.002290677512064576,0.0008510266779921949,-2.6916635036468506,2.6916635036468506,108,27
1589,1860,base_enriched,active_fraction,-0.014733954332768917,0.005474735517054796,-2.691263198852539,2.691263198852539,258,27
1590,8289,specialized_enriched,max,2.73488187789917,1.0167664289474487,2.689783811569214,2.689783811569214,244,27
1591,8382,base_enriched,active_fraction,-0.0062122829258441925,0.00230990257114172,-2.68941330909729,2.68941330909729,189,27
1592,9700,specialized_enriched,max,0.5258541703224182,0.1955781728029251,2.688715934753418,2.688715934753418,204,27
1593,2277,base_enriched,mean,-0.04359745234251022,0.016221875324845314,-2.6875717639923096,2.6875717639923096,267,27
1594,2173,specialized_enriched,max,0.9645470976829529,0.3589489161968231,2.687143087387085,2.687143087387085,268,27
1595,10109,base_enriched,mean,-0.03468168154358864,0.012908242642879486,-2.6867856979370117,2.6867856979370117,249,27
1596,12223,specialized_enriched,max,1.341376543045044,0.49958744645118713,2.6849684715270996,2.6849684715270996,253,27
1597,8361,base_enriched,active_fraction,-0.016720855608582497,0.006228800397366285,-2.6844422817230225,2.6844422817230225,210,27
1598,5356,base_enriched,mean,-0.07315275818109512,0.027261774986982346,-2.683345317840576,2.683345317840576,257,27
1599,7338,specialized_enriched,max,0.8676572442054749,0.32377511262893677,2.679814577102661,2.679814577102661,241,27
1600,14301,specialized_enriched,max,0.4771064221858978,0.17811676859855652,2.6786160469055176,2.6786160469055176,84,27
1601,14442,base_enriched,mean,-0.038928937166929245,0.014537826180458069,-2.6777687072753906,2.6777687072753906,264,27
1602,1380,specialized_enriched,max,1.527108907699585,0.5705699920654297,2.676461935043335,2.676461935043335,126,27
1603,11919,specialized_enriched,max,1.3124953508377075,0.4903985559940338,2.676384925842285,2.676384925842285,236,27
1604,4680,base_enriched,active_fraction,-0.003799945581704378,0.001419832231476903,-2.6763341426849365,2.6763341426849365,200,27
1605,11108,base_enriched,active_fraction,-0.005162927322089672,0.00192988698836416,-2.675248622894287,2.675248622894287,268,27
1606,5613,base_enriched,active_fraction,-0.006142097059637308,0.0022962563671171665,-2.674830675125122,2.674830675125122,258,27
1607,1164,base_enriched,active_fraction,-0.007917718030512333,0.0029608309268951416,-2.674154043197632,2.674154043197632,216,27
1608,14253,base_enriched,active_fraction,-0.00461998488754034,0.0017295355210080743,-2.6712286472320557,2.6712286472320557,141,27
1609,5963,specialized_enriched,max,1.1264030933380127,0.4218093156814575,2.670408248901367,2.670408248901367,171,27
1610,10663,base_enriched,max,-2.862823963165283,1.0721626281738281,-2.6701395511627197,2.6701395511627197,241,27
1611,8205,specialized_enriched,max,1.3962618112564087,0.5230749845504761,2.6693339347839355,2.6693339347839355,268,27
1612,15778,base_enriched,mean,-0.04570861905813217,0.017126349732279778,-2.6689059734344482,2.6689059734344482,243,27
1613,260,base_enriched,active_fraction,-0.00764296343550086,0.002865447662770748,-2.6672842502593994,2.6672842502593994,218,27
1614,2336,base_enriched,mean,-0.010770097374916077,0.004042202141135931,-2.6644134521484375,2.6644134521484375,153,27
1615,9968,base_enriched,active_fraction,-0.005557965487241745,0.0020865732803940773,-2.6636810302734375,2.6636810302734375,267,27
1616,7399,specialized_enriched,max,0.37511125206947327,0.14089429378509521,2.6623594760894775,2.6623594760894775,229,27
1617,13963,specialized_enriched,max,0.649648904800415,0.2440522015094757,2.661926031112671,2.661926031112671,150,27
1618,7046,base_enriched,active_fraction,-0.006133719347417355,0.0023044138215482235,-2.661726474761963,2.661726474761963,228,27
1619,1559,specialized_enriched,max,2.487452983856201,0.9347063302993774,2.6612133979797363,2.6612133979797363,150,27
1620,360,base_enriched,active_fraction,-0.00954362377524376,0.003586244536563754,-2.661174774169922,2.661174774169922,241,27
1621,15178,base_enriched,mean,-0.03630109503865242,0.013644387014210224,-2.6605148315429688,2.6605148315429688,236,27
1622,4205,base_enriched,active_fraction,-0.014419942162930965,0.005420173052698374,-2.6604208946228027,2.6604208946228027,222,27
1623,14407,base_enriched,active_fraction,-0.007843404076993465,0.0029484019614756107,-2.660222053527832,2.660222053527832,268,27
1624,9560,base_enriched,active_fraction,-0.011491437442600727,0.004320006351917982,-2.660051107406616,2.660051107406616,204,27
1625,4733,base_enriched,mean,-0.03071526624262333,0.01154982578009367,-2.6593704223632812,2.6593704223632812,228,27
1626,12561,base_enriched,active_fraction,-0.007405293174088001,0.002785616321489215,-2.6584038734436035,2.6584038734436035,177,27
1627,13440,base_enriched,active_fraction,-0.0068302396684885025,0.00257028266787529,-2.65738844871521,2.65738844871521,196,27
1628,14260,specialized_enriched,max,0.2837470471858978,0.10681148618459702,2.656521797180176,2.656521797180176,37,27
1629,11821,specialized_enriched,max,1.1883034706115723,0.44732293486595154,2.656477928161621,2.656477928161621,219,27
1630,8066,specialized_enriched,max,1.508257508277893,0.5678128600120544,2.6562581062316895,2.6562581062316895,241,27
1631,14717,base_enriched,mean,-0.05478721484541893,0.02063928358256817,-2.6545114517211914,2.6545114517211914,114,27
1632,8025,specialized_enriched,max,1.4286243915557861,0.53875333070755,2.6517226696014404,2.6517226696014404,243,27
1633,1024,specialized_enriched,max,2.4081783294677734,0.9082415699958801,2.6514732837677,2.6514732837677,268,27
1634,1614,specialized_enriched,max,1.969961404800415,0.7430086731910706,2.6513302326202393,2.6513302326202393,236,27
1635,15764,specialized_enriched,max,0.2572346031665802,0.09704522788524628,2.650667190551758,2.650667190551758,46,27
1636,14493,specialized_enriched,max,0.8838879466056824,0.3334817886352539,2.6504833698272705,2.6504833698272705,268,27
1637,11663,specialized_enriched,max,0.7828817367553711,0.2954992949962616,2.6493523120880127,2.6493523120880127,218,27
1638,15750,base_enriched,mean,-0.050418563187122345,0.019052132964134216,-2.6463475227355957,2.6463475227355957,267,27
1639,6691,base_enriched,mean,-0.04174048826098442,0.015784339979290962,-2.6444239616394043,2.6444239616394043,127,27
1640,14327,base_enriched,mean,-0.013529910705983639,0.005119162146002054,-2.642993211746216,2.642993211746216,214,27
1641,10327,specialized_enriched,max,1.6170885562896729,0.6119110584259033,2.642685651779175,2.642685651779175,268,27
1642,287,base_enriched,mean,-0.029385723173618317,0.01111982949078083,-2.642641544342041,2.642641544342041,236,27
1643,14627,specialized_enriched,max,0.4108515977859497,0.15551088750362396,2.6419475078582764,2.6419475078582764,130,27
1644,970,base_enriched,mean,-0.050183575600385666,0.018997611477971077,-2.641572952270508,2.641572952270508,180,27
1645,14804,base_enriched,mean,-0.029972558841109276,0.011348885484039783,-2.6410133838653564,2.6410133838653564,203,27
1646,9432,base_enriched,mean,-0.02717657946050167,0.010293020866811275,-2.640291929244995,2.640291929244995,183,27
1647,12350,base_enriched,active_fraction,-0.013564725406467915,0.0051390319131314754,-2.6395487785339355,2.6395487785339355,253,27
1648,12274,specialized_enriched,max,0.9149031043052673,0.3466945290565491,2.6389315128326416,2.6389315128326416,184,27
1649,13234,base_enriched,active_fraction,-0.0055381921119987965,0.002099453005939722,-2.6379213333129883,2.6379213333129883,217,27
1650,10501,base_enriched,active_fraction,-0.0024094399996101856,0.0009134718566201627,-2.6376729011535645,2.6376729011535645,196,27
1651,1568,base_enriched,mean,-0.04809406027197838,0.01825498603284359,-2.634571075439453,2.634571075439453,266,27
1652,9736,specialized_enriched,max,0.6522201299667358,0.24772191047668457,2.6328721046447754,2.6328721046447754,258,27
1653,7540,base_enriched,mean,-0.04066235572099686,0.015464109368622303,-2.6294662952423096,2.6294662952423096,267,27
1654,12347,specialized_enriched,max,0.37581586837768555,0.14294730126857758,2.629051923751831,2.629051923751831,209,27
1655,1117,specialized_enriched,max,1.800614356994629,0.6849235892295837,2.62892746925354,2.62892746925354,251,27
1656,6029,specialized_enriched,max,1.5789903402328491,0.6008214950561523,2.628052234649658,2.628052234649658,265,27
1657,10384,base_enriched,active_fraction,-0.00849499274045229,0.003232907969504595,-2.6276631355285645,2.6276631355285645,246,27
1658,1125,specialized_enriched,max,0.6954237818717957,0.26479190587997437,2.62630295753479,2.62630295753479,201,27
1659,7856,base_enriched,mean,-0.02240137569606304,0.008533277548849583,-2.625178337097168,2.625178337097168,168,27
1660,15593,base_enriched,active_fraction,-0.0057659875601530075,0.0021964656189084053,-2.6251208782196045,2.6251208782196045,268,27
1661,7786,base_enriched,active_fraction,-0.0064094155095517635,0.0024420274421572685,-2.624628782272339,2.624628782272339,181,27
1662,7227,base_enriched,active_fraction,-0.004622133448719978,0.0017629562644287944,-2.6218082904815674,2.6218082904815674,195,27
1663,11454,specialized_enriched,max,0.8632441759109497,0.32941439747810364,2.62054181098938,2.62054181098938,263,27
1664,3406,specialized_enriched,max,1.5415347814559937,0.5884122848510742,2.6198208332061768,2.6198208332061768,255,27
1665,12313,base_enriched,active_fraction,-0.0030261173378676176,0.0011553183430805802,-2.619292974472046,2.619292974472046,148,27
1666,2768,base_enriched,active_fraction,-0.007983606308698654,0.0030492013320326805,-2.6182613372802734,2.6182613372802734,187,27
1667,15208,specialized_enriched,max,1.4719516038894653,0.5622098445892334,2.6181533336639404,2.6181533336639404,150,27
1668,10348,base_enriched,mean,-0.04595651477575302,0.017558643594384193,-2.6173157691955566,2.6173157691955566,188,27
1669,11143,base_enriched,active_fraction,-0.004295687191188335,0.0016414563870057464,-2.616997480392456,2.616997480392456,266,27
1670,10256,base_enriched,mean,-0.024477463215589523,0.009354686364531517,-2.6165990829467773,2.6165990829467773,229,27
1671,11498,specialized_enriched,max,1.6014883518218994,0.6122955679893494,2.6155478954315186,2.6155478954315186,255,27
1672,5417,specialized_enriched,max,1.1376551389694214,0.43505558371543884,2.6149649620056152,2.6149649620056152,164,27
1673,13869,base_enriched,active_fraction,-0.02648771181702614,0.010131824761629105,-2.6143081188201904,2.6143081188201904,268,27
1674,8006,specialized_enriched,max,2.669921875,1.021872878074646,2.6127729415893555,2.6127729415893555,203,27
1675,10427,specialized_enriched,max,1.4844615459442139,0.568301796913147,2.612100839614868,2.612100839614868,223,27
1676,16217,specialized_enriched,max,1.1885383129119873,0.45506635308265686,2.6117911338806152,2.6117911338806152,194,27
1677,8598,specialized_enriched,max,1.0281596183776855,0.3937038779258728,2.6115050315856934,2.6115050315856934,88,27
1678,7129,specialized_enriched,max,0.45665422081947327,0.17496715486049652,2.6099424362182617,2.6099424362182617,194,27
1679,7910,specialized_enriched,max,0.4512336850166321,0.17300495505332947,2.608212471008301,2.608212471008301,211,27
1680,4127,specialized_enriched,max,0.6410452723503113,0.24578793346881866,2.608123540878296,2.608123540878296,225,27
1681,14588,specialized_enriched,max,0.3962000608444214,0.15191961824893951,2.6079585552215576,2.6079585552215576,139,27
1682,3375,base_enriched,active_fraction,-0.012236752547323704,0.004695503041148186,-2.60605788230896,2.60605788230896,226,27
1683,14350,base_enriched,active_fraction,-0.0033274784218519926,0.0012771135661751032,-2.6054680347442627,2.6054680347442627,157,27
1684,15693,specialized_enriched,max,0.5575430393218994,0.2140219509601593,2.605074167251587,2.605074167251587,93,27
1685,1974,specialized_enriched,max,1.2858422994613647,0.49388667941093445,2.6035168170928955,2.6035168170928955,268,27
1686,10901,base_enriched,active_fraction,-0.005828857421875,0.0022426131181418896,-2.5991363525390625,2.5991363525390625,249,27
1687,9482,base_enriched,active_fraction,-0.00998673215508461,0.0038440353237092495,-2.5979814529418945,2.5979814529418945,168,27
1688,11614,base_enriched,active_fraction,-0.004007484298199415,0.0015445463359355927,-2.5946028232574463,2.5946028232574463,206,27
1689,5410,base_enriched,active_fraction,-0.005451178178191185,0.0021012553479522467,-2.5942482948303223,2.5942482948303223,154,27
1690,11858,base_enriched,active_fraction,-0.002049216767773032,0.0007901276112534106,-2.5935263633728027,2.5935263633728027,144,27
1691,14390,base_enriched,active_fraction,-0.016339894384145737,0.006303848698735237,-2.592050552368164,2.592050552368164,250,27
1692,8308,specialized_enriched,max,0.414655864238739,0.16002973914146423,2.5911176204681396,2.5911176204681396,99,27
1693,7441,specialized_enriched,max,1.4562772512435913,0.5620832443237305,2.5908567905426025,2.5908567905426025,200,27
1694,10824,specialized_enriched,max,1.1935819387435913,0.4611395299434662,2.588331460952759,2.588331460952759,116,27
1695,10463,specialized_enriched,max,0.7195225954055786,0.27803272008895874,2.5879061222076416,2.5879061222076416,213,27
1696,8816,base_enriched,active_fraction,-0.005151169374585152,0.001990571152418852,-2.5877845287323,2.5877845287323,218,27
1697,10093,specialized_enriched,max,0.46257540583610535,0.17877694964408875,2.587444305419922,2.587444305419922,136,27
1698,2090,base_enriched,active_fraction,-0.004031652119010687,0.0015582829946652055,-2.587239980697632,2.587239980697632,229,27
1699,11649,specialized_enriched,max,1.0263301134109497,0.3967796862125397,2.5866498947143555,2.5866498947143555,158,27
1700,6528,base_enriched,mean,-0.04125252366065979,0.01595771312713623,-2.5851149559020996,2.5851149559020996,248,27
1701,10444,base_enriched,mean,-0.04878044128417969,0.018874092027544975,-2.5845186710357666,2.5845186710357666,237,27
1702,8870,base_enriched,active_fraction,-0.013055728748440742,0.005053238477557898,-2.5836360454559326,2.5836360454559326,234,27
1703,10844,specialized_enriched,active_fraction,0.008189116604626179,0.003169974312186241,2.583338499069214,2.583338499069214,225,27
1704,4861,specialized_enriched,max,0.9965325593948364,0.38586747646331787,2.5825772285461426,2.5825772285461426,241,27
1705,14692,specialized_enriched,max,0.6832290887832642,0.26459524035453796,2.582166910171509,2.582166910171509,267,27
1706,9233,base_enriched,active_fraction,-0.0052688452415168285,0.0020414080936461687,-2.5809857845306396,2.5809857845306396,233,27
1707,3696,specialized_enriched,max,0.5489888191223145,0.21275176107883453,2.5804195404052734,2.5804195404052734,260,27
1708,2445,base_enriched,mean,-0.03372675180435181,0.01308508962392807,-2.5774948596954346,2.5774948596954346,265,27
1709,10639,base_enriched,active_fraction,-0.012430601753294468,0.0048346626572310925,-2.571141481399536,2.571141481399536,252,27
1710,5441,specialized_enriched,max,2.1686856746673584,0.8435770869255066,2.5708210468292236,2.5708210468292236,153,27
1711,1349,specialized_enriched,max,1.3582253456115723,0.5286172032356262,2.5693929195404053,2.5693929195404053,227,27
1712,11480,base_enriched,mean,-0.03597567230463028,0.014002187177538872,-2.569289445877075,2.569289445877075,222,27
1713,9469,base_enriched,mean,-0.02857295237481594,0.011126606725156307,-2.5679843425750732,2.5679843425750732,244,27
1714,3196,base_enriched,mean,-0.01692834682762623,0.006596662104129791,-2.5661988258361816,2.5661988258361816,233,27
1715,12909,specialized_enriched,max,0.7914853692054749,0.3084563910961151,2.565955400466919,2.565955400466919,169,27
1716,1317,base_enriched,active_fraction,-0.003137660911306739,0.0012229918502271175,-2.565561532974243,2.565561532974243,101,27
1717,11458,specialized_enriched,max,2.1623072624206543,0.8430145382881165,2.5649702548980713,2.5649702548980713,179,27
1718,148,base_enriched,mean,-0.014626732096076012,0.005704955663532019,-2.563864231109619,2.563864231109619,243,27
1719,9696,base_enriched,active_fraction,-0.0020733121782541275,0.0008089087205007672,-2.5630977153778076,2.5630977153778076,127,27
1720,6044,base_enriched,mean,-0.03319800645112991,0.012957212515175343,-2.5621256828308105,2.5621256828308105,266,27
1721,6006,specialized_enriched,max,0.8417721390724182,0.3286752998828888,2.561105489730835,2.561105489730835,217,27
1722,4553,base_enriched,active_fraction,-0.004957754630595446,0.0019367911154404283,-2.5597777366638184,2.5597777366638184,142,27
1723,4088,base_enriched,active_fraction,-0.001968842465430498,0.000769623089581728,-2.5581905841827393,2.5581905841827393,116,27
1724,15479,specialized_enriched,max,0.859968364238739,0.33616331219673157,2.5581862926483154,2.5581862926483154,245,27
1725,7422,specialized_enriched,max,0.3075677454471588,0.12028022855520248,2.5570931434631348,2.5570931434631348,101,27
1726,1441,specialized_enriched,max,0.5143146514892578,0.20124198496341705,2.5557024478912354,2.5557024478912354,139,27
1727,10060,specialized_enriched,max,2.942110776901245,1.1517971754074097,2.554365396499634,2.554365396499634,196,27
1728,932,base_enriched,active_fraction,-0.004296001046895981,0.0016823488986119628,-2.5535731315612793,2.5535731315612793,168,27
1729,8312,base_enriched,active_fraction,-0.0038875145837664604,0.0015238288324326277,-2.5511491298675537,2.5511491298675537,114,27
1730,3543,base_enriched,active_fraction,-0.012380865402519703,0.004853480961173773,-2.550924777984619,2.550924777984619,251,27
1731,12384,base_enriched,mean,-0.027891207486391068,0.010934385471045971,-2.5507795810699463,2.5507795810699463,252,27
1732,7870,base_enriched,mean,-0.01946316473186016,0.007632475346326828,-2.55004620552063,2.55004620552063,129,27
1733,15381,base_enriched,mean,-0.031894683837890625,0.012508771382272243,-2.549785614013672,2.549785614013672,260,27
1734,4416,specialized_enriched,active_fraction,0.005008190404623747,0.0019647045992314816,2.5490806102752686,2.5490806102752686,167,27
1735,1074,base_enriched,active_fraction,-0.007601629476994276,0.002985001541674137,-2.5466082096099854,2.5466082096099854,262,27
1736,12708,specialized_enriched,max,1.47804594039917,0.5804900527000427,2.546203851699829,2.546203851699829,251,27
1737,8246,specialized_enriched,max,0.8522516489028931,0.3348958194255829,2.5448262691497803,2.5448262691497803,197,27
1738,6250,base_enriched,active_fraction,-0.006473444867879152,0.0025472338311374187,-2.5413625240325928,2.5413625240325928,267,27
1739,9096,specialized_enriched,max,1.6182876825332642,0.6372563242912292,2.539461135864258,2.539461135864258,171,27
1740,707,base_enriched,active_fraction,-0.004498083610087633,0.0017720569157972932,-2.5383403301239014,2.5383403301239014,242,27
1741,10957,specialized_enriched,max,0.40885210037231445,0.16107848286628723,2.5382168292999268,2.5382168292999268,165,27
1742,1823,base_enriched,active_fraction,-0.003914820961654186,0.0015427593607455492,-2.5375447273254395,2.5375447273254395,225,27
1743,1236,specialized_enriched,max,1.4478837251663208,0.5707805156707764,2.5366733074188232,2.5366733074188232,245,27
1744,6922,specialized_enriched,max,0.9306640625,0.3671085238456726,2.5351197719573975,2.5351197719573975,76,27
1745,12728,specialized_enriched,active_fraction,0.003781234147027135,0.0014920353423804045,2.5342791080474854,2.5342791080474854,253,27
1746,1246,base_enriched,active_fraction,-0.0036507619079202414,0.001441179309040308,-2.5331766605377197,2.5331766605377197,245,27
1747,4182,base_enriched,active_fraction,-0.007338077295571566,0.0028978772461414337,-2.5322251319885254,2.5322251319885254,241,27
1748,13107,base_enriched,mean,-0.04009116441011429,0.015842584893107414,-2.530594825744629,2.530594825744629,249,27
1749,16383,base_enriched,mean,-0.05951666459441185,0.023523803800344467,-2.5300612449645996,2.5300612449645996,193,27
1750,1353,specialized_enriched,max,1.4427165985107422,0.570305585861206,2.5297255516052246,2.5297255516052246,261,27
1751,12339,specialized_enriched,active_fraction,0.0036748331040143967,0.001454250537790358,2.5269601345062256,2.5269601345062256,129,27
1752,9537,specialized_enriched,max,0.6701381802558899,0.2652480900287628,2.5264580249786377,2.5264580249786377,125,27
1753,13118,specialized_enriched,max,0.37711381912231445,0.14927494525909424,2.52630352973938,2.52630352973938,262,27
1754,14022,base_enriched,mean,-0.08730108290910721,0.03455732390284538,-2.526268720626831,2.526268720626831,193,27
1755,1224,base_enriched,mean,-0.03589349985122681,0.014209076762199402,-2.5260965824127197,2.5260965824127197,176,27
1756,16291,base_enriched,mean,-0.030561277642846107,0.012102242559194565,-2.5252573490142822,2.5252573490142822,153,27
1757,12236,specialized_enriched,max,1.0726056098937988,0.4247599244117737,2.5252044200897217,2.5252044200897217,75,27
1758,12481,base_enriched,active_fraction,-0.006183141376823187,0.0024492398370057344,-2.5245144367218018,2.5245144367218018,268,27
1759,2672,specialized_enriched,max,1.0965436697006226,0.43468764424324036,2.522601366043091,2.522601366043091,170,27
1760,8315,specialized_enriched,max,0.40366026759147644,0.16010142862796783,2.5212783813476562,2.5212783813476562,237,27
1761,13559,specialized_enriched,max,1.0522090196609497,0.4177096486091614,2.518996238708496,2.518996238708496,194,27
1762,227,base_enriched,mean,-0.013223769143223763,0.0052503617480397224,-2.51863956451416,2.51863956451416,139,27
1763,11653,specialized_enriched,max,1.1191776990890503,0.44449684023857117,2.517853021621704,2.517853021621704,246,27
1764,7690,base_enriched,active_fraction,-0.005021638702601194,0.001997241284698248,-2.5142874717712402,2.5142874717712402,249,27
1765,12741,specialized_enriched,max,0.29953891038894653,0.11913875490427017,2.514202117919922,2.514202117919922,120,27
1766,14135,base_enriched,active_fraction,-0.006136133801192045,0.002441314747557044,-2.5134546756744385,2.5134546756744385,221,27
1767,7536,base_enriched,active_fraction,-0.012392382137477398,0.00493204640224576,-2.512624740600586,2.512624740600586,224,27
1768,10914,specialized_enriched,max,2.1079039573669434,0.8398802876472473,2.5097670555114746,2.5097670555114746,138,27
1769,10081,specialized_enriched,max,0.6841253042221069,0.2725854218006134,2.5097649097442627,2.5097649097442627,223,27
1770,9617,base_enriched,mean,-0.03642504662275314,0.014513782225549221,-2.5096867084503174,2.5096867084503174,266,27
1771,4938,base_enriched,active_fraction,-0.004758400376886129,0.00189626042265445,-2.5093600749969482,2.5093600749969482,197,27
1772,11901,specialized_enriched,max,1.3105344772338867,0.5223664045333862,2.5088415145874023,2.5088415145874023,262,27
1773,6110,base_enriched,active_fraction,-0.013678248971700668,0.0054524787701666355,-2.508629560470581,2.508629560470581,224,27
1774,4537,specialized_enriched,max,2.0422394275665283,0.8141277432441711,2.50849986076355,2.50849986076355,147,27
1775,15447,base_enriched,active_fraction,-0.0034200933296233416,0.0013644975842908025,-2.5064854621887207,2.5064854621887207,152,27
1776,11388,specialized_enriched,max,0.422289103269577,0.16847890615463257,2.5064804553985596,2.5064804553985596,183,27
1777,4324,specialized_enriched,max,0.8007194399833679,0.3201045095920563,2.5014312267303467,2.5014312267303467,99,27
1778,15219,base_enriched,mean,-0.037936583161354065,0.01517324335873127,-2.5002291202545166,2.5002291202545166,239,27
1779,1017,base_enriched,active_fraction,-0.003303069155663252,0.001321183517575264,-2.5000834465026855,2.5000834465026855,119,27
1780,9030,specialized_enriched,max,1.103515625,0.44142845273017883,2.4998743534088135,2.4998743534088135,258,27
1781,7538,base_enriched,mean,-0.028409667313098907,0.011370819993317127,-2.498471260070801,2.498471260070801,231,27
1782,810,base_enriched,active_fraction,-0.004618318751454353,0.0018485869513824582,-2.4982967376708984,2.4982967376708984,196,27
1783,7724,base_enriched,active_fraction,-0.013136248104274273,0.005259029101580381,-2.4978466033935547,2.4978466033935547,262,27
1784,3668,specialized_enriched,max,0.519358217716217,0.20812305808067322,2.4954380989074707,2.4954380989074707,151,27
1785,1616,specialized_enriched,active_fraction,0.002788785146549344,0.0011177436681464314,2.4950132369995117,2.4950132369995117,193,27
1786,1686,base_enriched,mean,-0.03486032038927078,0.013988516293466091,-2.4920670986175537,2.4920670986175537,244,27
1787,14354,base_enriched,active_fraction,-0.008061613887548447,0.003234955482184887,-2.492032289505005,2.492032289505005,190,27
1788,10007,specialized_enriched,max,1.8325566053390503,0.7356553673744202,2.4910531044006348,2.4910531044006348,226,27
1789,3602,base_enriched,active_fraction,-0.004444170743227005,0.0017843180103227496,-2.490683078765869,2.490683078765869,203,27
1790,4585,base_enriched,mean,-0.01639711484313011,0.0065843285992741585,-2.4903244972229004,2.4903244972229004,201,27
1791,11880,specialized_enriched,max,0.350202739238739,0.14063182473182678,2.4902098178863525,2.4902098178863525,127,27
1792,3457,base_enriched,mean,-0.03505668044090271,0.014078198000788689,-2.4901397228240967,2.4901397228240967,268,27
1793,4436,base_enriched,mean,-0.031132614240050316,0.012506742030382156,-2.4892666339874268,2.4892666339874268,251,27
1794,6974,specialized_enriched,max,0.6348892450332642,0.25505685806274414,2.4892067909240723,2.4892067909240723,121,27
1795,7232,specialized_enriched,max,0.6228861808776855,0.25025293231010437,2.4890265464782715,2.4890265464782715,268,27
1796,15710,base_enriched,active_fraction,-0.005719148553907871,0.002298832405358553,-2.487849235534668,2.487849235534668,196,27
1797,3055,base_enriched,mean,-0.07772576063871384,0.03124486841261387,-2.4876327514648438,2.4876327514648438,265,27
1798,6440,base_enriched,active_fraction,-0.010491480119526386,0.0042181904427707195,-2.487199306488037,2.487199306488037,265,27
1799,10574,base_enriched,active_fraction,-0.008788627572357655,0.0035347205121070147,-2.4863712787628174,2.4863712787628174,256,27
1800,6867,base_enriched,active_fraction,-0.010081086307764053,0.004059182945638895,-2.4835259914398193,2.4835259914398193,187,27
1801,5763,base_enriched,active_fraction,-0.0011574708623811603,0.00046623003436252475,-2.4826176166534424,2.4826176166534424,111,27
1802,13457,specialized_enriched,max,1.0850226879119873,0.4371216297149658,2.482198476791382,2.482198476791382,267,27
1803,3359,base_enriched,mean,-0.04461728036403656,0.017978502437472343,-2.481701612472534,2.481701612472534,266,27
1804,16093,base_enriched,mean,-0.04841604083776474,0.019517911598086357,-2.480595350265503,2.480595350265503,233,27
1805,14312,base_enriched,mean,-0.020229749381542206,0.008156499825417995,-2.4801998138427734,2.4801998138427734,215,27
1806,9397,base_enriched,active_fraction,-0.015368642285466194,0.006198104936629534,-2.4795711040496826,2.4795711040496826,151,27
1807,6623,specialized_enriched,mean,0.025510763749480247,0.010301932692527771,2.476308584213257,2.476308584213257,268,27
1808,5438,specialized_enriched,max,0.4230431616306305,0.17085449397563934,2.476043462753296,2.476043462753296,242,27
1809,8384,specialized_enriched,max,0.3606482446193695,0.14568983018398285,2.475452423095703,2.475452423095703,99,27
1810,1602,specialized_enriched,max,1.3420441150665283,0.5423918962478638,2.474307060241699,2.474307060241699,182,27
1811,5083,base_enriched,active_fraction,-0.0076873875223100185,0.003107284428551793,-2.4739890098571777,2.4739890098571777,255,27
1812,1613,base_enriched,mean,-0.04111176356673241,0.016618408262729645,-2.4738688468933105,2.4738688468933105,206,27
1813,14219,specialized_enriched,max,0.2936919033527374,0.11893988400697708,2.4692466259002686,2.4692466259002686,204,27
1814,16373,specialized_enriched,max,2.2256414890289307,0.9015154838562012,2.468777894973755,2.468777894973755,267,27
1815,8781,base_enriched,active_fraction,-0.022874759510159492,0.00926849152892828,-2.468013286590576,2.468013286590576,265,27
1816,13939,specialized_enriched,active_fraction,0.00626718532294035,0.002540669636800885,2.466745376586914,2.466745376586914,253,27
1817,6593,base_enriched,active_fraction,-0.008352738805115223,0.0033864742144942284,-2.4665000438690186,2.4665000438690186,268,27
1818,8096,base_enriched,mean,-0.0176076777279377,0.007139123510569334,-2.4663641452789307,2.4663641452789307,268,27
1819,3378,base_enriched,active_fraction,-0.01649351976811886,0.006687480490654707,-2.4663279056549072,2.4663279056549072,184,27
1820,6,specialized_enriched,max,1.5915125608444214,0.6456171870231628,2.465102434158325,2.465102434158325,221,27
1821,11171,specialized_enriched,active_fraction,0.006060467567294836,0.002459258772432804,2.4643471240997314,2.4643471240997314,239,27
1822,1708,base_enriched,active_fraction,-0.002206271281465888,0.000895670847967267,-2.463261127471924,2.463261127471924,131,27
1823,5953,base_enriched,active_fraction,-0.011557132005691528,0.004692032001912594,-2.4631400108337402,2.4631400108337402,267,27
1824,1258,base_enriched,active_fraction,-0.0042133089154958725,0.0017116134986281395,-2.4616005420684814,2.4616005420684814,163,27
1825,3305,base_enriched,mean,-0.06113436073064804,0.024841805920004845,-2.460946798324585,2.460946798324585,129,27
1826,2077,base_enriched,active_fraction,-0.009266600012779236,0.0037711181212216616,-2.4572553634643555,2.4572553634643555,196,27
1827,9076,specialized_enriched,max,0.6838904023170471,0.27844780683517456,2.4560811519622803,2.4560811519622803,222,27
1828,461,base_enriched,active_fraction,-0.005639281589537859,0.002296924591064453,-2.4551444053649902,2.4551444053649902,201,27
1829,1549,specialized_enriched,max,0.6575974225997925,0.26786187291145325,2.454987049102783,2.454987049102783,88,27
1830,8792,base_enriched,mean,-0.030064933001995087,0.012251363135874271,-2.454007148742676,2.454007148742676,264,27
1831,16353,specialized_enriched,max,0.9085708856582642,0.3703427314758301,2.453324556350708,2.453324556350708,198,27
1832,6357,base_enriched,active_fraction,-0.016992641612887383,0.006926496047526598,-2.4532811641693115,2.4532811641693115,264,27
1833,4627,base_enriched,active_fraction,-0.004137425683438778,0.001687300973571837,-2.452096939086914,2.452096939086914,174,27
1834,2550,specialized_enriched,active_fraction,0.0007738040876574814,0.0003158510953653604,2.449901580810547,2.449901580810547,71,27
1835,445,specialized_enriched,max,1.244165301322937,0.5079863667488098,2.4492099285125732,2.4492099285125732,268,27
1836,4610,base_enriched,active_fraction,-0.00369349610991776,0.0015080427983775735,-2.4491984844207764,2.4491984844207764,217,27
1837,16086,base_enriched,active_fraction,-0.018549978733062744,0.007585915271192789,-2.4453184604644775,2.4453184604644775,260,27
1838,9165,base_enriched,active_fraction,-0.011610055342316628,0.004749004729092121,-2.4447343349456787,2.4447343349456787,244,27
1839,14765,base_enriched,active_fraction,-0.016230715438723564,0.0066398442722857,-2.4444422721862793,2.4444422721862793,268,27
1840,9794,specialized_enriched,max,1.3758158683776855,0.5628896355628967,2.444201707839966,2.444201707839966,218,27
1841,7240,base_enriched,active_fraction,-0.0065289270132780075,0.002672856440767646,-2.4426777362823486,2.4426777362823486,258,27
1842,10908,specialized_enriched,max,3.1536169052124023,1.291821837425232,2.4412167072296143,2.4412167072296143,254,27
1843,7558,base_enriched,active_fraction,-0.00850675068795681,0.0034867245703935623,-2.4397542476654053,2.4397542476654053,186,27
1844,12423,specialized_enriched,max,0.33347755670547485,0.13669897615909576,2.4395029544830322,2.4395029544830322,69,27
1845,9737,base_enriched,active_fraction,-0.004019411280751228,0.0016487431712448597,-2.437863826751709,2.437863826751709,205,27
1846,8446,specialized_enriched,max,0.8217155337333679,0.3370855152606964,2.437706470489502,2.437706470489502,187,27
1847,6906,specialized_enriched,max,1.1674001216888428,0.47912490367889404,2.436525583267212,2.436525583267212,235,27
1848,3557,specialized_enriched,max,0.46172863245010376,0.18953558802604675,2.436105251312256,2.436105251312256,198,27
1849,8005,specialized_enriched,max,1.7109869718551636,0.7024787068367004,2.4356424808502197,2.4356424808502197,173,27
1850,10970,base_enriched,mean,-0.05966692417860031,0.024500036612153053,-2.4353809356689453,2.4353809356689453,249,27
1851,7458,base_enriched,mean,-0.04625972360372543,0.019013691693544388,-2.432969093322754,2.432969093322754,259,27
1852,7406,specialized_enriched,max,0.7046207189559937,0.28967705368995667,2.4324355125427246,2.4324355125427246,110,27
1853,4866,base_enriched,active_fraction,-0.007769886404275894,0.0031971910502761602,-2.430222749710083,2.430222749710083,245,27
1854,389,specialized_enriched,max,0.5986822843551636,0.24635790288448334,2.4301321506500244,2.4301321506500244,205,27
1855,12642,base_enriched,active_fraction,-0.006163947284221649,0.0025366581976413727,-2.429947853088379,2.429947853088379,247,27
1856,2559,base_enriched,mean,-0.04292162135243416,0.017670199275016785,-2.42903995513916,2.42903995513916,225,27
1857,13593,specialized_enriched,max,0.48426374793052673,0.19939473271369934,2.428668737411499,2.428668737411499,249,27
1858,4463,specialized_enriched,max,1.642578125,0.6763653755187988,2.4285366535186768,2.4285366535186768,254,27
1859,9236,base_enriched,active_fraction,-0.006074639968574047,0.0025015026330947876,-2.428396463394165,2.428396463394165,129,27
1860,5238,specialized_enriched,mean,0.15095341205596924,0.06218046322464943,2.427666187286377,2.427666187286377,224,27
1861,2514,specialized_enriched,max,0.4673345983028412,0.19264385104179382,2.4258992671966553,2.4258992671966553,123,27
1862,11918,specialized_enriched,max,1.5603861808776855,0.6438883543014526,2.423380136489868,2.423380136489868,182,27
1863,15029,specialized_enriched,max,2.081660509109497,0.8595766425132751,2.4217276573181152,2.4217276573181152,142,27
1864,12599,specialized_enriched,max,0.6367064118385315,0.26297643780708313,2.4211537837982178,2.4211537837982178,150,27
1865,5407,base_enriched,active_fraction,-0.008342839777469635,0.0034477917943149805,-2.4197633266448975,2.4197633266448975,262,27
1866,16134,specialized_enriched,max,1.5089064836502075,0.6238529086112976,2.418689489364624,2.418689489364624,268,27
1867,14581,base_enriched,mean,-0.07093992084264755,0.02933700568974018,-2.4181036949157715,2.4181036949157715,222,27
1868,14009,specialized_enriched,max,0.7114690542221069,0.2943308651447296,2.4172425270080566,2.4172425270080566,226,27
1869,12224,base_enriched,mean,-0.05738284811377525,0.023741723969578743,-2.416962146759033,2.416962146759033,264,27
1870,6281,specialized_enriched,max,4.558037281036377,1.8862887620925903,2.4164047241210938,2.4164047241210938,126,27
1871,6580,base_enriched,mean,-0.02889164723455906,0.011960881762206554,-2.4155113697052,2.4155113697052,262,27
1872,4397,base_enriched,active_fraction,-0.011027783155441284,0.004566070158034563,-2.41515851020813,2.41515851020813,235,27
1873,16270,base_enriched,active_fraction,-0.00490990187972784,0.0020335507579147816,-2.414447784423828,2.414447784423828,191,27
1874,4825,specialized_enriched,max,1.028023600578308,0.42598167061805725,2.4133048057556152,2.4133048057556152,213,27
1875,9962,base_enriched,mean,-0.03132668137550354,0.012985936366021633,-2.4123544692993164,2.4123544692993164,235,27
1876,13721,base_enriched,mean,-0.01760825701057911,0.0072998167015612125,-2.4121506214141846,2.4121506214141846,243,27
1877,13938,base_enriched,active_fraction,-0.011854630894958973,0.00491590891033411,-2.4114830493927,2.4114830493927,244,27
1878,10648,specialized_enriched,max,0.5100622773170471,0.21154680848121643,2.4111082553863525,2.4111082553863525,189,27
1879,11010,specialized_enriched,max,1.0814502239227295,0.44856566190719604,2.41090726852417,2.41090726852417,229,27
1880,403,base_enriched,active_fraction,-0.0034856433048844337,0.0014462897088378668,-2.4100587368011475,2.4100587368011475,217,27
1881,8014,base_enriched,active_fraction,-0.007477289531379938,0.003102551680058241,-2.4100451469421387,2.4100451469421387,267,27
1882,11785,base_enriched,active_fraction,-0.011122667230665684,0.004615600220859051,-2.4097986221313477,2.4097986221313477,190,27
1883,622,specialized_enriched,max,0.25119906663894653,0.10426666587591171,2.40919828414917,2.40919828414917,49,27
1884,9272,specialized_enriched,max,0.2997181713581085,0.1244368702173233,2.4085962772369385,2.4085962772369385,108,27
1885,9945,specialized_enriched,max,0.5629574060440063,0.23375721275806427,2.408299684524536,2.408299684524536,252,27
1886,8228,base_enriched,active_fraction,-0.0031389163341373205,0.0013037652242928743,-2.4075779914855957,2.4075779914855957,213,27
1887,4573,specialized_enriched,max,0.713657021522522,0.29655349254608154,2.406503438949585,2.406503438949585,245,27
1888,3351,specialized_enriched,max,2.08640718460083,0.8670846819877625,2.4062323570251465,2.4062323570251465,142,27
1889,4464,specialized_enriched,max,0.36020323634147644,0.1496993899345398,2.406177043914795,2.406177043914795,174,27
1890,15632,specialized_enriched,max,0.4664013087749481,0.1938713639974594,2.4057257175445557,2.4057257175445557,145,27
1891,6923,specialized_enriched,max,0.8235017657279968,0.34231656789779663,2.405673027038574,2.405673027038574,268,27
1892,7242,specialized_enriched,max,1.868695616722107,0.7776092886924744,2.4031293392181396,2.4031293392181396,257,27
1893,13690,base_enriched,active_fraction,-0.0038213608786463737,0.001590808853507042,-2.4021496772766113,2.4021496772766113,191,27
1894,14928,specialized_enriched,max,2.2599077224731445,0.9415006637573242,2.400325059890747,2.400325059890747,268,27
1895,12483,base_enriched,mean,-0.023035677149891853,0.00960144679993391,-2.3991880416870117,2.3991880416870117,231,27
1896,276,base_enriched,active_fraction,-0.010917277075350285,0.004551829304546118,-2.398437261581421,2.398437261581421,258,27
1897,1982,base_enriched,mean,-0.0246803667396307,0.010291101410984993,-2.398224115371704,2.398224115371704,227,27
1898,2093,base_enriched,active_fraction,-0.00743687292560935,0.003101431066170335,-2.3978843688964844,2.3978843688964844,239,27
1899,11538,specialized_enriched,max,1.4414433240890503,0.6012058258056641,2.3975870609283447,2.3975870609283447,97,27
1900,14662,specialized_enriched,max,0.7385655641555786,0.30820444226264954,2.3963494300842285,2.3963494300842285,141,27
1901,10849,specialized_enriched,max,0.8827259540557861,0.3683883845806122,2.3961830139160156,2.3961830139160156,268,27
1902,9744,base_enriched,active_fraction,-0.006248691584914923,0.002608340000733733,-2.395658493041992,2.395658493041992,144,27
1903,10192,specialized_enriched,max,3.666386365890503,1.5308185815811157,2.395049571990967,2.395049571990967,186,27
1904,9763,specialized_enriched,max,2.3149352073669434,0.967028796672821,2.3938636779785156,2.3938636779785156,214,27
1905,2317,base_enriched,active_fraction,-0.00484881829470396,0.002026447793468833,-2.3927674293518066,2.3927674293518066,193,27
1906,4933,base_enriched,active_fraction,-0.01087903417646885,0.004549247678369284,-2.3913919925689697,2.3913919925689697,216,27
1907,13364,base_enriched,active_fraction,-0.005090206395834684,0.0021292956080287695,-2.3905587196350098,2.3905587196350098,211,27
1908,12322,base_enriched,active_fraction,-0.004605474416166544,0.0019270083867013454,-2.389960765838623,2.389960765838623,184,27
1909,4995,specialized_enriched,max,0.7091636061668396,0.29672911763191223,2.3899359703063965,2.3899359703063965,267,27
1910,11366,specialized_enriched,max,0.4224559962749481,0.17680299282073975,2.389416456222534,2.389416456222534,104,27
1911,8338,base_enriched,active_fraction,-0.002392708556726575,0.0010019864421337843,-2.387964963912964,2.387964963912964,223,27
1912,10803,specialized_enriched,max,0.6915916800498962,0.28963702917099,2.3877875804901123,2.3877875804901123,165,27
1913,5606,base_enriched,mean,-0.04881161078810692,0.020451515913009644,-2.3866989612579346,2.3866989612579346,248,27
1914,10603,base_enriched,mean,-0.07504422217607498,0.03144633397459984,-2.3864219188690186,2.3864219188690186,161,27
1915,10257,specialized_enriched,max,0.5244387984275818,0.219804584980011,2.385931968688965,2.385931968688965,234,27
1916,3315,base_enriched,mean,-0.011447954922914505,0.004799523390829563,-2.3852274417877197,2.3852274417877197,151,27
1917,10941,base_enriched,active_fraction,-0.0076324851252138615,0.0032005873508751392,-2.384713888168335,2.384713888168335,216,27
1918,10860,base_enriched,active_fraction,-0.005008021369576454,0.0021019354462623596,-2.3825762271881104,2.3825762271881104,221,27
1919,1661,specialized_enriched,active_fraction,0.00827089138329029,0.003472761483862996,2.3816468715667725,2.3816468715667725,265,27
1920,665,base_enriched,max,-4.6576714515686035,1.9558576345443726,-2.3813960552215576,2.3813960552215576,227,27
1921,11494,base_enriched,active_fraction,-0.005919927265495062,0.0024892385117709637,-2.3782081604003906,2.3782081604003906,178,27
1922,13695,base_enriched,mean,-0.01900583505630493,0.007992304861545563,-2.378016710281372,2.378016710281372,259,27
1923,9504,base_enriched,active_fraction,-0.003522800514474511,0.0014814777532592416,-2.377896308898926,2.377896308898926,247,27
1924,11466,base_enriched,mean,-0.04732566699385643,0.019915536046028137,-2.37631893157959,2.37631893157959,257,27
1925,8543,specialized_enriched,max,0.7969553470611572,0.33549222350120544,2.375480890274048,2.375480890274048,229,27
1926,11503,specialized_enriched,max,0.927734375,0.3905557692050934,2.3754210472106934,2.3754210472106934,205,27
1927,15561,specialized_enriched,active_fraction,0.004522782284766436,0.0019050233531743288,2.3741347789764404,2.3741347789764404,203,27
1928,15428,specialized_enriched,max,0.34980717301368713,0.14735667407512665,2.3738808631896973,2.3738808631896973,147,27
1929,6302,specialized_enriched,max,2.4847025871276855,1.0475035905838013,2.372022867202759,2.372022867202759,181,27
1930,14137,specialized_enriched,active_fraction,0.0058814664371311665,0.0024810591712594032,2.370546579360962,2.370546579360962,248,27
1931,1666,specialized_enriched,max,0.26195672154426575,0.11051031947135925,2.3704276084899902,2.3704276084899902,219,27
1932,6352,base_enriched,active_fraction,-0.006418880075216293,0.0027083782479166985,-2.370008707046509,2.370008707046509,254,27
1933,11154,base_enriched,mean,-0.023092487826943398,0.009746208786964417,-2.3693816661834717,2.3693816661834717,244,27
1934,7200,specialized_enriched,max,0.5456017851829529,0.23050369322299957,2.3669979572296143,2.3669979572296143,215,27
1935,12991,specialized_enriched,max,1.8226240873336792,0.7704724669456482,2.3655927181243896,2.3655927181243896,267,27
1936,1904,specialized_enriched,max,2.3035995960235596,0.9738666415214539,2.3654158115386963,2.3654158115386963,124,27
1937,5661,specialized_enriched,max,1.416646122932434,0.5990002155303955,2.3650176525115967,2.3650176525115967,136,27
1938,2085,base_enriched,mean,-0.022214623168110847,0.009394241496920586,-2.364706516265869,2.364706516265869,254,27
1939,11269,base_enriched,active_fraction,-0.004918545018881559,0.0020803215447813272,-2.3643195629119873,2.3643195629119873,255,27
1940,10193,specialized_enriched,max,0.5062673091888428,0.2142501324415207,2.362973213195801,2.362973213195801,268,27
1941,8293,base_enriched,active_fraction,-0.00613410584628582,0.0025962325744330883,-2.3626949787139893,2.3626949787139893,240,27
1942,10381,specialized_enriched,max,0.37613725662231445,0.15920215845108032,2.3626391887664795,2.3626391887664795,251,27
1943,11796,base_enriched,mean,-0.04360078275203705,0.018460022285580635,-2.361902952194214,2.361902952194214,254,27
1944,11411,specialized_enriched,max,0.9212940335273743,0.39008283615112305,2.361790657043457,2.361790657043457,205,27
1945,14787,specialized_enriched,active_fraction,0.00787430815398693,0.0033348938450217247,2.361186981201172,2.361186981201172,268,27
1946,15300,base_enriched,active_fraction,-0.002112642163410783,0.0008947899914346635,-2.3610479831695557,2.3610479831695557,122,27
1947,13807,base_enriched,mean,-0.0449756421148777,0.01906108669936657,-2.3595528602600098,2.3595528602600098,164,27
1948,9982,specialized_enriched,max,0.979282021522522,0.415098637342453,2.3591549396514893,2.3591549396514893,268,27
1949,3983,base_enriched,mean,-0.04960038512945175,0.02103111334145069,-2.358428955078125,2.358428955078125,263,27
1950,5272,base_enriched,active_fraction,-0.00854489766061306,0.0036258643958717585,-2.3566513061523438,2.3566513061523438,250,27
1951,9435,base_enriched,active_fraction,-0.00386218773201108,0.0016406798968091607,-2.3540165424346924,2.3540165424346924,194,27
1952,2198,base_enriched,active_fraction,-0.005037573166191578,0.002140655182301998,-2.353285789489746,2.353285789489746,262,27
1953,8411,specialized_enriched,max,1.8894630670547485,0.8034103512763977,2.3518033027648926,2.3518033027648926,164,27
1954,1207,specialized_enriched,max,0.5488033890724182,0.23337748646736145,2.351569652557373,2.351569652557373,245,27
1955,11851,base_enriched,mean,-0.05743871629238129,0.024462567642331123,-2.348024845123291,2.348024845123291,268,27
1956,11750,specialized_enriched,active_fraction,0.00869326014071703,0.0037043713964521885,2.346757173538208,2.346757173538208,241,27
1957,13154,base_enriched,mean,-0.06314454227685928,0.026908177882432938,-2.3466672897338867,2.3466672897338867,240,27
1958,2861,base_enriched,active_fraction,-0.00517454044893384,0.002205365803092718,-2.346341133117676,2.346341133117676,243,27
1959,2015,base_enriched,mean,-0.01667732559144497,0.007107965182512999,-2.3462870121002197,2.3462870121002197,261,27
1960,8542,base_enriched,mean,-0.016215601935982704,0.006912210490554571,-2.345935821533203,2.345935821533203,264,27
1961,12754,specialized_enriched,mean,0.031306784600019455,0.013348723761737347,2.345301628112793,2.345301628112793,265,27
1962,11412,base_enriched,mean,-0.02893117070198059,0.012336475774645805,-2.3451731204986572,2.3451731204986572,132,27
1963,2262,specialized_enriched,max,1.7671207189559937,0.7535438537597656,2.3450801372528076,2.3450801372528076,213,27
1964,2642,base_enriched,mean,-0.023030679672956467,0.009820886887609959,-2.345071315765381,2.345071315765381,251,27
1965,7491,base_enriched,mean,-0.025760699063539505,0.01098568644374609,-2.344933032989502,2.344933032989502,207,27
1966,9418,base_enriched,mean,-0.04146725684404373,0.01769011653959751,-2.3440918922424316,2.3440918922424316,189,27
1967,14598,specialized_enriched,max,0.9071524143218994,0.38700440526008606,2.344036340713501,2.344036340713501,171,27
1968,14267,base_enriched,mean,-0.011304034851491451,0.004823701456189156,-2.343435764312744,2.343435764312744,152,27
1969,14092,base_enriched,mean,-0.05001744255423546,0.02134966291487217,-2.3427743911743164,2.3427743911743164,252,27
1970,7608,specialized_enriched,max,0.6729875206947327,0.2874034643173218,2.3416123390197754,2.3416123390197754,227,27
1971,14241,base_enriched,active_fraction,-0.008694225922226906,0.0037147565744817257,-2.340456485748291,2.340456485748291,268,27
1972,2605,specialized_enriched,max,0.4228391945362091,0.1809195578098297,2.3371667861938477,2.3371667861938477,249,27
1973,8787,base_enriched,active_fraction,-0.00546433636918664,0.0023383202496916056,-2.3368639945983887,2.3368639945983887,245,27
1974,797,base_enriched,mean,-0.0307841245085001,0.013179073110222816,-2.335833787918091,2.335833787918091,268,27
1975,913,specialized_enriched,max,1.4824960231781006,0.6353060007095337,2.333514928817749,2.333514928817749,242,27
1976,4357,specialized_enriched,max,1.2432104349136353,0.5331985950469971,2.331608533859253,2.331608533859253,212,27
1977,6437,base_enriched,active_fraction,-0.0037750534247606993,0.0016197613440454006,-2.330623149871826,2.330623149871826,164,27
1978,12549,base_enriched,active_fraction,-0.004095729440450668,0.0017581727588549256,-2.3295376300811768,2.3295376300811768,267,27
1979,11284,base_enriched,active_fraction,-0.00930426362901926,0.004000749904662371,-2.325629949569702,2.325629949569702,231,27
1980,11872,base_enriched,active_fraction,-0.007727224845439196,0.0033231149427592754,-2.3252956867218018,2.3252956867218018,180,27
1981,1717,base_enriched,mean,-0.013480826281011105,0.005797883495688438,-2.3251287937164307,2.3251287937164307,168,27
1982,11481,specialized_enriched,max,1.2500927448272705,0.537673830986023,2.3250019550323486,2.3250019550323486,190,27
1983,4767,specialized_enriched,max,1.0345629453659058,0.4451199471950531,2.3242340087890625,2.3242340087890625,268,27
1984,10513,specialized_enriched,mean,0.053775426000356674,0.023146042600274086,2.3233096599578857,2.3233096599578857,219,27
1985,15549,specialized_enriched,max,0.694719135761261,0.2993129789829254,2.3210458755493164,2.3210458755493164,261,27
1986,14140,base_enriched,active_fraction,-0.010300938040018082,0.004442446865141392,-2.318753242492676,2.318753242492676,267,27
1987,2098,base_enriched,mean,-0.025655142962932587,0.011065713129937649,-2.3184356689453125,2.3184356689453125,268,27
1988,3204,specialized_enriched,max,1.7495920658111572,0.7553556561470032,2.316249370574951,2.316249370574951,120,27
1989,2810,specialized_enriched,max,0.4159661829471588,0.17963537573814392,2.3156139850616455,2.3156139850616455,165,27
1990,15048,base_enriched,mean,-0.049534231424331665,0.021396895870566368,-2.3150196075439453,2.3150196075439453,267,27
1991,4191,base_enriched,mean,-0.02631409652531147,0.011370852589607239,-2.3141708374023438,2.3141708374023438,223,27
1992,11629,base_enriched,active_fraction,-0.004118472803384066,0.0017808586126193404,-2.3126332759857178,2.3126332759857178,211,27
1993,3724,specialized_enriched,max,0.9252002835273743,0.40010422468185425,2.3123981952667236,2.3123981952667236,260,27
1994,6968,specialized_enriched,max,0.9177709817886353,0.3970053791999817,2.311734437942505,2.311734437942505,169,27
1995,13789,specialized_enriched,max,0.910304605960846,0.3938494622707367,2.311300754547119,2.311300754547119,221,27
1996,7837,specialized_enriched,max,0.7797480821609497,0.33737611770629883,2.3112130165100098,2.3112130165100098,215,27
1997,11082,specialized_enriched,active_fraction,0.0012479129945859313,0.0005399844376370311,2.31101655960083,2.31101655960083,122,27
1998,7583,specialized_enriched,max,0.8765822649002075,0.3798419237136841,2.307755470275879,2.307755470275879,267,27
1999,10843,base_enriched,mean,-0.09370441734790802,0.0406208261847496,-2.306807279586792,2.306807279586792,267,27
2000,505,specialized_enriched,max,3.296182870864868,1.4289857149124146,2.306658983230591,2.306658983230591,173,27
2001,14362,specialized_enriched,max,0.6367928981781006,0.2762560248374939,2.305082321166992,2.305082321166992,139,27
2002,14791,specialized_enriched,max,0.412492573261261,0.17896586656570435,2.3048672676086426,2.3048672676086426,80,27
2003,13932,specialized_enriched,max,0.4710245132446289,0.20436374843120575,2.3048338890075684,2.3048338890075684,191,27
2004,3550,base_enriched,mean,-0.037036966532468796,0.016069650650024414,-2.3047773838043213,2.3047773838043213,210,27
2005,8896,specialized_enriched,max,2.3469455242156982,1.0195624828338623,2.3019144535064697,2.3019144535064697,134,27
2006,615,base_enriched,active_fraction,-0.006876740138977766,0.0029894369654357433,-2.3003463745117188,2.3003463745117188,267,27
2007,10044,specialized_enriched,max,0.6198452115058899,0.26978689432144165,2.2975363731384277,2.2975363731384277,160,27
2008,7229,specialized_enriched,max,0.9009067416191101,0.3923361301422119,2.296262502670288,2.296262502670288,113,27
2009,3761,base_enriched,active_fraction,-0.004687635228037834,0.002041733590885997,-2.2959094047546387,2.2959094047546387,246,27
2010,16153,base_enriched,active_fraction,-0.009848606772720814,0.004289873875677586,-2.2957799434661865,2.2957799434661865,191,27
2011,16036,base_enriched,mean,-0.07340706139802933,0.032010894268751144,-2.2931900024414062,2.2931900024414062,181,27
2012,13000,specialized_enriched,active_fraction,0.006444786209613085,0.0028112060390412807,2.292534351348877,2.292534351348877,181,27
2013,1095,specialized_enriched,max,0.450788676738739,0.19668298959732056,2.2919554710388184,2.2919554710388184,266,27
2014,12595,base_enriched,mean,-0.0737079456448555,0.032161515206098557,-2.2918057441711426,2.2918057441711426,164,27
2015,9502,specialized_enriched,max,0.3543933033943176,0.1546921730041504,2.2909581661224365,2.2909581661224365,174,27
2016,13636,specialized_enriched,max,1.8815207481384277,0.8215891122817993,2.2900993824005127,2.2900993824005127,186,27
2017,2459,base_enriched,max,-2.824738025665283,1.2337541580200195,-2.2895469665527344,2.2895469665527344,230,27
2018,10306,specialized_enriched,max,1.7248071432113647,0.7537526488304138,2.2882933616638184,2.2882933616638184,230,27
2019,6072,specialized_enriched,max,0.8923308849334717,0.39052391052246094,2.2849583625793457,2.2849583625793457,168,27
2020,5870,specialized_enriched,active_fraction,0.009360252879559994,0.004102522507309914,2.2815847396850586,2.2815847396850586,248,27
2021,1916,base_enriched,mean,-0.025835447013378143,0.011328484863042831,-2.280573844909668,2.280573844909668,255,27
2022,14948,base_enriched,mean,-0.023130102083086967,0.010145793668925762,-2.2797725200653076,2.2797725200653076,259,27
2023,11020,specialized_enriched,max,1.7995450496673584,0.7894755601882935,2.2794182300567627,2.2794182300567627,105,27
2024,2818,specialized_enriched,active_fraction,0.0075703393667936325,0.003322204574942589,2.278709650039673,2.278709650039673,262,27
2025,15557,base_enriched,mean,-0.026327012106776237,0.011557064019143581,-2.2780017852783203,2.2780017852783203,216,27
2026,8078,specialized_enriched,max,1.6895891427993774,0.7418491244316101,2.2775373458862305,2.2775373458862305,194,27
2027,5462,specialized_enriched,max,1.0939106941223145,0.48036155104637146,2.2772653102874756,2.2772653102874756,170,27
2028,12360,specialized_enriched,max,0.5293834209442139,0.2325362116098404,2.2765634059906006,2.2765634059906006,219,27
2029,12781,specialized_enriched,active_fraction,0.005860823672264814,0.002574471989646554,2.276514768600464,2.276514768600464,267,27
2030,5586,specialized_enriched,max,0.676374614238739,0.2971392273902893,2.2762885093688965,2.2762885093688965,177,27
2031,3361,specialized_enriched,max,0.41811707615852356,0.18368782103061676,2.2762372493743896,2.2762372493743896,139,27
2032,2135,base_enriched,mean,-0.03421131521463394,0.015032006427645683,-2.2758982181549072,2.2758982181549072,196,27
2033,10153,specialized_enriched,max,2.3330695629119873,1.0252156257629395,2.275686740875244,2.275686740875244,206,27
2034,8190,specialized_enriched,max,0.7373417615890503,0.3240938186645508,2.275087356567383,2.275087356567383,197,27
2035,4303,base_enriched,active_fraction,-0.005216912366449833,0.002293939935043454,-2.27421498298645,2.27421498298645,221,27
2036,2258,specialized_enriched,max,0.455980509519577,0.20056723058223724,2.2734546661376953,2.2734546661376953,149,27
2037,2156,base_enriched,active_fraction,-0.004547771066427231,0.0020022201351821423,-2.271364212036133,2.271364212036133,249,27
2038,15249,specialized_enriched,max,0.4654587507247925,0.20493243634700775,2.2712790966033936,2.2712790966033936,120,27
2039,14343,base_enriched,active_fraction,-0.01465536653995514,0.006452780216932297,-2.2711708545684814,2.2711708545684814,204,27
2040,3588,base_enriched,mean,-0.03687555715441704,0.016237305477261543,-2.2710392475128174,2.2710392475128174,194,27
2041,7120,base_enriched,active_fraction,-0.010308543220162392,0.004541012458503246,-2.2700979709625244,2.2700979709625244,235,27
2042,3356,base_enriched,active_fraction,-0.007793909404426813,0.0034343877341598272,-2.269373655319214,2.269373655319214,167,27
2043,7374,base_enriched,mean,-0.026453524827957153,0.011658516712486744,-2.2690300941467285,2.2690300941467285,267,27
2044,409,base_enriched,active_fraction,-0.006459489464759827,0.002849057549610734,-2.2672371864318848,2.2672371864318848,184,27
2045,10657,base_enriched,active_fraction,-0.0071457005105912685,0.0031519690528512,-2.267059326171875,2.267059326171875,219,27
2046,14006,specialized_enriched,max,0.6781546473503113,0.2993965744972229,2.265071392059326,2.265071392059326,182,27
2047,2870,base_enriched,active_fraction,-0.005485679488629103,0.0024226163513958454,-2.264361619949341,2.264361619949341,151,27
2048,6419,base_enriched,mean,-0.024663418531417847,0.010899909771978855,-2.2627177238464355,2.2627177238464355,251,27
2049,182,specialized_enriched,max,1.1653728485107422,0.5151022672653198,2.2624106407165527,2.2624106407165527,193,27
2050,1375,base_enriched,mean,-0.05198007822036743,0.02297569252550602,-2.262394428253174,2.262394428253174,200,27
2051,14655,base_enriched,active_fraction,-0.006202456541359425,0.002742633456364274,-2.2614967823028564,2.2614967823028564,192,27
2052,4405,base_enriched,mean,-0.018694479018449783,0.008268448524177074,-2.260941505432129,2.260941505432129,267,27
2053,9434,specialized_enriched,max,0.3001508116722107,0.13276617228984833,2.2607476711273193,2.2607476711273193,151,27
2054,4834,specialized_enriched,max,0.31556567549705505,0.13968303799629211,2.2591552734375,2.2591552734375,204,27
2055,4452,base_enriched,mean,-0.028284097090363503,0.012530948966741562,-2.257139205932617,2.257139205932617,250,27
2056,2859,base_enriched,active_fraction,-0.004969126079231501,0.002201520837843418,-2.2571332454681396,2.2571332454681396,235,27
2057,5068,specialized_enriched,max,0.6436164975166321,0.2852248549461365,2.2565231323242188,2.2565231323242188,220,27
2058,15397,specialized_enriched,max,0.5119412541389465,0.22699019312858582,2.255345344543457,2.255345344543457,187,27
2059,11334,specialized_enriched,max,2.553055763244629,1.1320546865463257,2.2552406787872314,2.2552406787872314,268,27
2060,7843,specialized_enriched,max,1.735907793045044,0.7697548866271973,2.255143642425537,2.255143642425537,151,27
2061,4747,specialized_enriched,max,1.5438835620880127,0.6847440004348755,2.2546873092651367,2.2546873092651367,117,27
2062,10959,specialized_enriched,max,0.7129029631614685,0.31629782915115356,2.2538976669311523,2.2538976669311523,266,27
2063,4700,base_enriched,active_fraction,-0.002163778292015195,0.0009600571356713772,-2.2538015842437744,2.2538015842437744,149,27
2064,8988,specialized_enriched,max,1.3065788745880127,0.5798063278198242,2.253474712371826,2.253474712371826,166,27
2065,3922,base_enriched,mean,-0.0284130722284317,0.012624315917491913,-2.250662326812744,2.250662326812744,252,27
2066,3357,specialized_enriched,max,0.977328896522522,0.4343951642513275,2.249861478805542,2.249861478805542,268,27
2067,15339,specialized_enriched,max,0.4857842028141022,0.2159390151500702,2.249636173248291,2.249636173248291,139,27
2068,9540,base_enriched,mean,-0.0940743237733841,0.04185326024889946,-2.24771785736084,2.24771785736084,234,27
2069,14163,base_enriched,active_fraction,-0.00805326085537672,0.003584684804081917,-2.2465744018554688,2.2465744018554688,231,27
2070,685,specialized_enriched,active_fraction,0.00868157483637333,0.0038650059141218662,2.246199607849121,2.246199607849121,261,27
2071,6884,specialized_enriched,max,0.3716191053390503,0.16550438106060028,2.245373249053955,2.245373249053955,168,27
2072,11405,base_enriched,mean,-0.03835508972406387,0.01708192564547062,-2.245361089706421,2.245361089706421,196,27
2073,11681,base_enriched,active_fraction,-0.004844955168664455,0.0021585621871054173,-2.2445287704467773,2.2445287704467773,214,27
2074,15101,specialized_enriched,max,1.3885977268218994,0.6187059283256531,2.2443583011627197,2.2443583011627197,268,27
2075,10034,specialized_enriched,max,0.2818278968334198,0.12562954425811768,2.2433249950408936,2.2433249950408936,69,27
2076,11088,specialized_enriched,max,1.4784414768218994,0.659077525138855,2.2431981563568115,2.2431981563568115,268,27
2077,5103,specialized_enriched,max,0.475171834230423,0.21184958517551422,2.2429680824279785,2.2429680824279785,103,27
2078,16311,base_enriched,mean,-0.013726633042097092,0.006123578175902367,-2.241603374481201,2.241603374481201,189,27
2079,13271,base_enriched,active_fraction,-0.0038996587973088026,0.0017427856801077724,-2.237600803375244,2.237600803375244,245,27
2080,749,base_enriched,active_fraction,-0.0085603017359972,0.0038268628995865583,-2.2368979454040527,2.2368979454040527,176,27
2081,7698,specialized_enriched,max,0.6728577613830566,0.30080685019493103,2.2368431091308594,2.2368431091308594,247,27
2082,4174,base_enriched,active_fraction,-0.004673897288739681,0.0020895397756248713,-2.236807107925415,2.236807107925415,244,27
2083,11771,specialized_enriched,active_fraction,0.00870101060718298,0.0038923972751945257,2.2353861331939697,2.2353861331939697,252,27
2084,6902,base_enriched,active_fraction,-0.005043681710958481,0.0022566283587366343,-2.2350521087646484,2.2350521087646484,261,27
2085,7457,specialized_enriched,max,1.0231037139892578,0.4578295946121216,2.234682321548462,2.234682321548462,264,27
2086,11914,base_enriched,mean,-0.008283795788884163,0.0037076473236083984,-2.234245777130127,2.234245777130127,250,27
2087,2643,base_enriched,mean,-0.022759582847356796,0.010188221000134945,-2.2339112758636475,2.2339112758636475,250,27
2088,2595,specialized_enriched,max,1.267788290977478,0.5676732063293457,2.233306646347046,2.233306646347046,242,27
2089,1678,specialized_enriched,max,0.3072463274002075,0.13761907815933228,2.2325851917266846,2.2325851917266846,96,27
2090,3844,base_enriched,mean,-0.04132389277219772,0.018512053415179253,-2.232269525527954,2.232269525527954,165,27
2091,11030,specialized_enriched,max,0.5134679079055786,0.23014110326766968,2.23110032081604,2.23110032081604,113,27
2092,3320,base_enriched,active_fraction,-0.0024908040650188923,0.0011171401711180806,-2.2296254634857178,2.2296254634857178,114,27
2093,6517,specialized_enriched,max,0.8539915680885315,0.38310158252716064,2.229151725769043,2.229151725769043,146,27
2094,8071,specialized_enriched,max,0.557407021522522,0.25023841857910156,2.227503776550293,2.227503776550293,238,27
2095,4619,specialized_enriched,max,1.8443433046340942,0.8286265730857849,2.225783348083496,2.225783348083496,184,27
2096,11063,specialized_enriched,max,0.12061165273189545,0.05420820787549019,2.2249703407287598,2.2249703407287598,43,27
2097,10274,base_enriched,mean,-0.05664646625518799,0.025463270023465157,-2.2246344089508057,2.2246344089508057,200,27
2098,5569,base_enriched,mean,-0.004258119501173496,0.0019146987469866872,-2.2239110469818115,2.2239110469818115,91,27
2099,1276,specialized_enriched,max,0.47964051365852356,0.2158108949661255,2.222503662109375,2.222503662109375,201,27
2100,11047,base_enriched,active_fraction,-0.020237162709236145,0.009111358784139156,-2.2210915088653564,2.2210915088653564,264,27
2101,2932,specialized_enriched,max,1.0083935260772705,0.4542095363140106,2.220106363296509,2.220106363296509,142,27
2102,10714,specialized_enriched,max,1.237860918045044,0.5579522848129272,2.218578338623047,2.218578338623047,200,27
2103,659,base_enriched,active_fraction,-0.005251196213066578,0.0023675335105508566,-2.2180027961730957,2.2180027961730957,191,27
2104,7239,specialized_enriched,max,0.6812697649002075,0.30719542503356934,2.217708110809326,2.217708110809326,268,27
2105,4379,base_enriched,mean,-0.007654600311070681,0.0034524910151958466,-2.2171239852905273,2.2171239852905273,130,27
2106,15370,specialized_enriched,max,0.40555158257484436,0.18298035860061646,2.216366767883301,2.216366767883301,157,27
2107,10285,base_enriched,active_fraction,-0.0031191185116767883,0.0014073756756260991,-2.2162656784057617,2.2162656784057617,267,27
2108,9141,base_enriched,mean,-0.03272198885679245,0.014765320345759392,-2.2161381244659424,2.2161381244659424,268,27
2109,7323,specialized_enriched,max,0.48273709416389465,0.21784424781799316,2.2159736156463623,2.2159736156463623,88,27
2110,9765,base_enriched,active_fraction,-0.00281524658203125,0.0012704835971817374,-2.215885877609253,2.215885877609253,124,27
2111,13525,base_enriched,active_fraction,-0.005010315217077732,0.0022617627400904894,-2.2152259349823,2.2152259349823,157,27
2112,6530,base_enriched,active_fraction,-0.0026293164119124413,0.001187757938168943,-2.2136802673339844,2.2136802673339844,150,27
2113,7473,specialized_enriched,max,1.2363157272338867,0.5585947036743164,2.2132606506347656,2.2132606506347656,162,27
2114,11243,base_enriched,mean,-0.019220761954784393,0.008696743287146091,-2.2101101875305176,2.2101101875305176,264,27
2115,4102,specialized_enriched,active_fraction,0.002889705589041114,0.0013085573446005583,2.2083141803741455,2.2083141803741455,204,27
2116,4709,specialized_enriched,max,0.31823575496673584,0.14442560076713562,2.203458070755005,2.203458070755005,194,27
2117,5545,base_enriched,mean,-0.0348186269402504,0.01580473594367504,-2.203050136566162,2.203050136566162,249,27
2118,4162,specialized_enriched,max,2.231779098510742,1.0134127140045166,2.2022411823272705,2.2022411823272705,156,27
2119,8379,base_enriched,mean,-0.03345426544547081,0.015198998153209686,-2.2010836601257324,2.2010836601257324,178,27
2120,7792,base_enriched,active_fraction,-0.0038509126752614975,0.001751425676047802,-2.198730230331421,2.198730230331421,215,27
2121,7982,base_enriched,mean,-0.018955906853079796,0.00862428080290556,-2.197969675064087,2.197969675064087,218,27
2122,12038,specialized_enriched,max,0.2895755171775818,0.13190238177776337,2.1953775882720947,2.1953775882720947,48,27
2123,8729,specialized_enriched,max,1.5769011974334717,0.719330370426178,2.1921794414520264,2.1921794414520264,191,27
2124,15070,specialized_enriched,max,0.7723249793052673,0.3524457514286041,2.1913301944732666,2.1913301944732666,263,27
2125,1325,base_enriched,active_fraction,-0.0032887037377804518,0.0015013323863968253,-2.190523386001587,2.190523386001587,138,27
2126,11417,specialized_enriched,max,0.4296009838581085,0.19615960121154785,2.190058469772339,2.190058469772339,42,27
2127,6904,base_enriched,active_fraction,-0.006202601362019777,0.0028341489378362894,-2.188523530960083,2.188523530960083,144,27
2128,6934,base_enriched,active_fraction,-0.007696779444813728,0.0035173543728888035,-2.18822979927063,2.18822979927063,254,27
2129,13671,base_enriched,mean,-0.02851800061762333,0.013033881783485413,-2.1879897117614746,2.1879897117614746,256,27
2130,538,specialized_enriched,max,0.5472829341888428,0.2502496540546417,2.186947822570801,2.186947822570801,156,27
2131,4060,base_enriched,active_fraction,-0.004969464149326086,0.002274224068969488,-2.1851251125335693,2.1851251125335693,158,27
2132,15281,specialized_enriched,max,1.093774676322937,0.5006782412528992,2.1845860481262207,2.1845860481262207,192,27
2133,13916,base_enriched,mean,-0.043232206255197525,0.01979203149676323,-2.184323787689209,2.184323787689209,268,27
2134,1299,base_enriched,active_fraction,-0.004831410478800535,0.0022121835500001907,-2.1840007305145264,2.1840007305145264,162,27
2135,6222,base_enriched,active_fraction,-0.009444803930819035,0.004324633628129959,-2.1839547157287598,2.1839547157287598,233,27
2136,4666,base_enriched,mean,-0.07377021014690399,0.03378612920641899,-2.1834466457366943,2.1834466457366943,264,27
2137,9421,base_enriched,mean,-0.020633818581700325,0.009456785395741463,-2.181906223297119,2.181906223297119,194,27
2138,6335,specialized_enriched,max,0.4089324474334717,0.18748539686203003,2.181143045425415,2.181143045425415,109,27
2139,5778,base_enriched,active_fraction,-0.0038083717226982117,0.0017475802451372147,-2.1792256832122803,2.1792256832122803,267,27
2140,3785,specialized_enriched,max,2.0839595794677734,0.957051157951355,2.1774797439575195,2.1774797439575195,232,27
2141,5681,specialized_enriched,max,1.8573848009109497,0.8536826968193054,2.175732135772705,2.175732135772705,206,27
2142,12641,base_enriched,active_fraction,-0.00368586671538651,0.0016941213980317116,-2.17568039894104,2.17568039894104,239,27
2143,3116,specialized_enriched,max,0.3175620436668396,0.1460070163011551,2.174978017807007,2.174978017807007,101,27
2144,4639,base_enriched,max,-1.9609004259109497,0.9017618298530579,-2.1745214462280273,2.1745214462280273,231,27
2145,10926,specialized_enriched,max,0.6664235591888428,0.3065521717071533,2.173931837081909,2.173931837081909,98,27
2146,125,specialized_enriched,max,0.7764289975166321,0.3571619987487793,2.173884630203247,2.173884630203247,265,27
2147,5085,base_enriched,active_fraction,-0.0042792693711817265,0.001969248289242387,-2.1730470657348633,2.1730470657348633,246,27
2148,13104,specialized_enriched,max,0.829694926738739,0.38181760907173157,2.173013687133789,2.173013687133789,206,27
2149,7921,specialized_enriched,max,1.4700541496276855,0.677018404006958,2.1713650226593018,2.1713650226593018,164,27
2150,1927,specialized_enriched,max,0.51904296875,0.2390882670879364,2.170926094055176,2.170926094055176,247,27
2151,14848,specialized_enriched,active_fraction,0.0011054654605686665,0.0005092406063340604,2.170811653137207,2.170811653137207,108,27
2152,7224,specialized_enriched,active_fraction,0.0021244967356324196,0.0009789023315533996,2.1702847480773926,2.1702847480773926,64,27
2153,7226,specialized_enriched,max,0.3187549412250519,0.1469612866640091,2.1689722537994385,2.1689722537994385,260,27
2154,6827,base_enriched,active_fraction,-0.0052748811431229115,0.002432826906442642,-2.168210506439209,2.168210506439209,250,27
2155,7093,specialized_enriched,max,0.41484126448631287,0.19147813320159912,2.166520357131958,2.166520357131958,250,27
2156,830,specialized_enriched,max,0.4798012375831604,0.22147487103939056,2.166391372680664,2.166391372680664,141,27
2157,10496,base_enriched,active_fraction,-0.004339556209743023,0.0020047365687787533,-2.16465163230896,2.16465163230896,170,27
2158,13103,base_enriched,active_fraction,-0.01665477454662323,0.007698269560933113,-2.1634440422058105,2.1634440422058105,249,27
2159,12615,base_enriched,mean,-0.02619161456823349,0.012112374417483807,-2.1623847484588623,2.1623847484588623,267,27
2160,12170,base_enriched,active_fraction,-0.007686107885092497,0.0035567032173275948,-2.161020278930664,2.161020278930664,154,27
2161,1078,base_enriched,mean,-0.0373445600271225,0.01728270761668682,-2.1608049869537354,2.1608049869537354,239,27
2162,1684,base_enriched,mean,-0.01783807948231697,0.008256358094513416,-2.1605262756347656,2.1605262756347656,182,27
2163,1543,base_enriched,mean,-0.02831287682056427,0.013108806684613228,-2.1598362922668457,2.1598362922668457,268,27
2164,2149,specialized_enriched,max,0.6961283683776855,0.3228210210800171,2.156391143798828,2.156391143798828,268,27
2165,7390,base_enriched,active_fraction,-0.00476081483066082,0.0022078566253185272,-2.156306266784668,2.156306266784668,186,27
2166,13876,base_enriched,mean,-0.039263978600502014,0.01821085810661316,-2.1560752391815186,2.1560752391815186,167,27
2167,12036,specialized_enriched,max,0.9631872773170471,0.4467495381832123,2.155989408493042,2.155989408493042,260,27
2168,12765,base_enriched,active_fraction,-0.0015515194972977042,0.000719773001037538,-2.1555678844451904,2.1555678844451904,121,27
2169,7947,specialized_enriched,active_fraction,0.00217616418376565,0.001010157517157495,2.1542820930480957,2.1542820930480957,196,27
2170,15546,specialized_enriched,max,1.7883269786834717,0.8303713798522949,2.1536471843719482,2.1536471843719482,211,27
2171,14382,specialized_enriched,active_fraction,0.005919444374740124,0.002748705679550767,2.153538703918457,2.153538703918457,182,27
2172,48,base_enriched,mean,-0.026407556608319283,0.01228584349155426,-2.1494295597076416,2.1494295597076416,267,27
2173,15902,base_enriched,mean,-0.04180406033992767,0.01946754939854145,-2.147371530532837,2.147371530532837,268,27
2174,2119,specialized_enriched,max,0.3252571225166321,0.15160995721817017,2.1453545093536377,2.1453545093536377,43,27
2175,4237,base_enriched,active_fraction,-0.004889862611889839,0.0022797505371272564,-2.144911289215088,2.144911289215088,261,27
2176,7378,specialized_enriched,max,0.9760927557945251,0.4551268219947815,2.1446609497070312,2.1446609497070312,260,27
2177,1695,specialized_enriched,max,0.4032585024833679,0.1880812644958496,2.1440651416778564,2.1440651416778564,200,27
2178,10363,specialized_enriched,max,0.27259692549705505,0.12722906470298767,2.1425681114196777,2.1425681114196777,123,27
2179,7980,specialized_enriched,max,1.354727029800415,0.6324515342712402,2.1420249938964844,2.1420249938964844,149,27
2180,9376,specialized_enriched,max,0.28877201676368713,0.1348305344581604,2.141740560531616,2.141740560531616,157,27
2181,8371,base_enriched,active_fraction,-0.0034398187417536974,0.0016062416834756732,-2.1415324211120605,2.1415324211120605,154,27
2182,15288,specialized_enriched,max,1.0914692878723145,0.5096933245658875,2.141423463821411,2.141423463821411,204,27
2183,6267,base_enriched,mean,-0.05113722383975983,0.02389764040708542,-2.1398439407348633,2.1398439407348633,201,27
2184,3169,base_enriched,mean,-0.04854279384016991,0.022686563432216644,-2.1397156715393066,2.1397156715393066,198,27
2185,10101,specialized_enriched,max,1.2017651796340942,0.5623964071273804,2.1368649005889893,2.1368649005889893,175,27
2186,14221,base_enriched,mean,-0.03164972364902496,0.014820381999015808,-2.1355538368225098,2.1355538368225098,160,27
2187,15952,specialized_enriched,max,0.8450603485107422,0.3957147002220154,2.1355292797088623,2.1355292797088623,268,27
2188,487,base_enriched,mean,-0.005613785702735186,0.002629026770591736,-2.1353094577789307,2.1353094577789307,189,27
2189,10357,specialized_enriched,max,0.3278715908527374,0.15358176827430725,2.134834051132202,2.134834051132202,196,27
2190,7763,base_enriched,active_fraction,-0.0051506864838302135,0.0024135455023497343,-2.1340746879577637,2.1340746879577637,192,27
2191,4832,base_enriched,active_fraction,-0.00615346897393465,0.0028835670091211796,-2.1339781284332275,2.1339781284332275,237,27
2192,14894,specialized_enriched,active_fraction,0.013707632198929787,0.00642445869743824,2.1336634159088135,2.1336634159088135,255,27
2193,13458,specialized_enriched,max,0.582859456539154,0.2736038267612457,2.1303045749664307,2.1303045749664307,115,27
2194,11096,base_enriched,active_fraction,-0.010383968241512775,0.004877483006566763,-2.128960371017456,2.128960371017456,149,27
2195,7934,base_enriched,active_fraction,-0.01133035123348236,0.005325604695826769,-2.127523899078369,2.127523899078369,256,27
2196,612,base_enriched,mean,-0.03062308579683304,0.014394940808415413,-2.1273505687713623,2.1273505687713623,162,27
2197,15944,base_enriched,active_fraction,-0.002540805609896779,0.0011949423933401704,-2.1262996196746826,2.1262996196746826,118,27
2198,4770,specialized_enriched,max,1.6615593433380127,0.781507134437561,2.126096248626709,2.126096248626709,203,27
2199,12136,specialized_enriched,max,0.5654296875,0.26599499583244324,2.125715494155884,2.125715494155884,84,27
2200,2884,specialized_enriched,max,1.0932060480117798,0.5148495435714722,2.1233506202697754,2.1233506202697754,268,27
2201,12039,specialized_enriched,max,0.5406200289726257,0.2547854483127594,2.121863842010498,2.121863842010498,268,27
2202,5665,base_enriched,active_fraction,-0.009012198075652122,0.004248129669576883,-2.121450901031494,2.121450901031494,214,27
2203,2578,base_enriched,mean,-0.017530513927340508,0.008267084136605263,-2.1205196380615234,2.1205196380615234,222,27
2204,640,base_enriched,active_fraction,-0.008516673929989338,0.004019457846879959,-2.118861436843872,2.118861436843872,268,27
2205,12976,specialized_enriched,max,0.35875073075294495,0.16939306259155273,2.1178596019744873,2.1178596019744873,109,27
2206,3234,base_enriched,active_fraction,-0.007306618150323629,0.0034502942580729723,-2.1176795959472656,2.1176795959472656,240,27
2207,8905,base_enriched,active_fraction,-0.003594072535634041,0.0016981398221105337,-2.11647629737854,2.11647629737854,216,27
2208,13723,specialized_enriched,max,0.8046256899833679,0.38036224246025085,2.115419387817383,2.115419387817383,72,27
2209,6910,specialized_enriched,mean,0.04777686297893524,0.02259255386888981,2.1147172451019287,2.1147172451019287,245,27
2210,7444,specialized_enriched,max,0.5912220478057861,0.27965447306632996,2.1141161918640137,2.1141161918640137,88,27
2211,6022,base_enriched,active_fraction,-0.007221632171422243,0.003416308667510748,-2.1138699054718018,2.1138699054718018,139,27
2212,10171,base_enriched,mean,-0.024622952565550804,0.011653698049485683,-2.112887382507324,2.112887382507324,266,27
2213,7695,specialized_enriched,max,0.40999555587768555,0.19408677518367767,2.1124343872070312,2.1124343872070312,244,27
2214,5096,specialized_enriched,max,0.7261050939559937,0.3437928855419159,2.112042188644409,2.112042188644409,234,27
2215,14216,base_enriched,max,-4.449805736541748,2.1071014404296875,-2.11181378364563,2.11181378364563,167,27
2216,6249,base_enriched,mean,-0.0408751554787159,0.019383925944566727,-2.1087138652801514,2.1087138652801514,230,27
2217,9182,specialized_enriched,active_fraction,0.015313450247049332,0.007269145455211401,2.1066370010375977,2.1066370010375977,262,27
2218,2785,base_enriched,max,-2.1144309043884277,1.0038455724716187,-2.1063308715820312,2.1063308715820312,205,27
2219,12252,base_enriched,mean,-0.018750710412859917,0.008903102949261665,-2.1060872077941895,2.1060872077941895,182,27
2220,12071,base_enriched,active_fraction,-0.004491395782679319,0.0021327799186110497,-2.1058881282806396,2.1058881282806396,150,27
2221,12610,base_enriched,active_fraction,-0.006121044047176838,0.0029074696358293295,-2.1052823066711426,2.1052823066711426,268,27
2222,16165,specialized_enriched,max,0.6323180198669434,0.3004465103149414,2.1045942306518555,2.1045942306518555,187,27
2223,9229,specialized_enriched,max,1.469096064567566,0.6981437802314758,2.1042885780334473,2.1042885780334473,230,27
2224,3366,specialized_enriched,max,0.41360512375831604,0.19670476019382477,2.1026697158813477,2.1026697158813477,198,27
2225,13874,base_enriched,active_fraction,-0.004663177765905857,0.0022193118929862976,-2.101181745529175,2.101181745529175,238,27
2226,16082,base_enriched,active_fraction,-0.002789895748719573,0.0013279345585033298,-2.100928544998169,2.100928544998169,165,27
2227,12927,base_enriched,active_fraction,-0.007913227193057537,0.0037678941152989864,-2.100172281265259,2.100172281265259,228,27
2228,9740,specialized_enriched,max,1.8725029230117798,0.8916360139846802,2.1000754833221436,2.1000754833221436,248,27
2229,10212,specialized_enriched,max,2.6189799308776855,1.2475838661193848,2.0992414951324463,2.0992414951324463,154,27
2230,14777,base_enriched,mean,-0.009349340572953224,0.0044539193622767925,-2.0991265773773193,2.0991265773773193,159,27
2231,9185,base_enriched,mean,-0.06487778574228287,0.030913658440113068,-2.098677158355713,2.098677158355713,225,27
2232,8990,base_enriched,active_fraction,-0.0038337225560098886,0.0018274172907695174,-2.097891092300415,2.097891092300415,198,27
2233,13106,specialized_enriched,max,0.6025267243385315,0.28724366426467896,2.0976154804229736,2.0976154804229736,43,27
2234,3638,specialized_enriched,max,0.42005786299705505,0.2002703845500946,2.0974538326263428,2.0974538326263428,231,27
2235,12929,specialized_enriched,max,0.2527504563331604,0.12054142355918884,2.0967934131622314,2.0967934131622314,157,27
2236,2970,base_enriched,mean,-0.037311069667339325,0.01779465563595295,-2.096756935119629,2.096756935119629,253,27
2237,6714,specialized_enriched,max,1.198872685432434,0.571941614151001,2.0961451530456543,2.0961451530456543,140,27
2238,11784,specialized_enriched,active_fraction,0.004953746683895588,0.002363558392971754,2.0958850383758545,2.0958850383758545,161,27
2239,9167,base_enriched,active_fraction,-0.007269243709743023,0.003468702081590891,-2.0956668853759766,2.0956668853759766,229,27
2240,15567,base_enriched,active_fraction,-0.004826847463846207,0.0023036031052470207,-2.0953469276428223,2.0953469276428223,186,27
2241,13957,specialized_enriched,max,0.40768393874168396,0.19459055364131927,2.095085859298706,2.095085859298706,184,27
2242,9256,base_enriched,active_fraction,-0.00886603258550167,0.004237687215209007,-2.092186689376831,2.092186689376831,260,27
2243,598,base_enriched,active_fraction,-0.008181873708963394,0.003914467990398407,-2.0901622772216797,2.0901622772216797,205,27
2244,8702,specialized_enriched,max,1.8360364437103271,0.8785605430603027,2.0898234844207764,2.0898234844207764,236,27
2245,10553,specialized_enriched,max,0.4805552661418915,0.23002496361732483,2.089143991470337,2.089143991470337,186,27
2246,8570,base_enriched,active_fraction,-0.0035900406073778868,0.0017196618719026446,-2.0876433849334717,2.0876433849334717,140,27
2247,12780,base_enriched,mean,-0.03237427398562431,0.015513869933784008,-2.0867955684661865,2.0867955684661865,229,27
2248,12416,base_enriched,mean,-0.01181455235928297,0.005664311349391937,-2.0857880115509033,2.0857880115509033,232,27
2249,15095,base_enriched,mean,-0.019512586295604706,0.009357484988868237,-2.085238218307495,2.085238218307495,150,27
2250,15039,specialized_enriched,max,0.8484165072441101,0.406910240650177,2.0850212574005127,2.0850212574005127,268,27
2251,11622,base_enriched,active_fraction,-0.0011943624122068286,0.0005732084973715246,-2.083643913269043,2.083643913269043,93,27
2252,795,base_enriched,active_fraction,-0.0016879552276805043,0.0008103877771645784,-2.0828981399536133,2.0828981399536133,94,27
2253,3560,specialized_enriched,max,0.48614269495010376,0.23346324265003204,2.0823092460632324,2.0823092460632324,140,27
2254,5614,specialized_enriched,active_fraction,0.01899830251932144,0.009125993587076664,2.0817790031433105,2.0817790031433105,217,27
2255,12914,base_enriched,active_fraction,-0.0042793662287294865,0.002055991441011429,-2.0814125537872314,2.0814125537872314,256,27
2256,1969,base_enriched,active_fraction,-0.007754820864647627,0.0037263452541083097,-2.0810794830322266,2.0810794830322266,215,27
2257,16188,base_enriched,mean,-0.03785061091184616,0.018190747126936913,-2.080761671066284,2.080761671066284,165,27
2258,12876,base_enriched,mean,-0.03450596332550049,0.016602039337158203,-2.0784170627593994,2.0784170627593994,252,27
2259,3089,specialized_enriched,max,0.761125385761261,0.3663857877254486,2.077387809753418,2.077387809753418,263,27
2260,4817,specialized_enriched,max,0.37639686465263367,0.18119165301322937,2.077341079711914,2.077341079711914,220,27
2261,4975,base_enriched,mean,-0.01824989728629589,0.008787807077169418,-2.0767292976379395,2.0767292976379395,206,27
2262,11532,base_enriched,active_fraction,-0.002986642299219966,0.0014387147966772318,-2.0759098529815674,2.0759098529815674,190,27
2263,11672,base_enriched,active_fraction,-0.007683766074478626,0.0037017755676060915,-2.075697422027588,2.075697422027588,239,27
2264,7853,specialized_enriched,max,0.8801918625831604,0.42415478825569153,2.075166702270508,2.075166702270508,267,27
2265,99,base_enriched,active_fraction,-0.007943382486701012,0.0038302545435726643,-2.073852300643921,2.073852300643921,223,27
2266,5561,specialized_enriched,max,1.619350790977478,0.7809669971466064,2.0735201835632324,2.0735201835632324,247,27
2267,8316,base_enriched,mean,-0.04116357862949371,0.019863376393914223,-2.0723354816436768,2.0723354816436768,253,27
2268,13033,base_enriched,active_fraction,-0.0028085345402359962,0.0013558256905525923,-2.0714569091796875,2.0714569091796875,179,27
2269,13579,specialized_enriched,max,1.5532288551330566,0.7498593926429749,2.0713601112365723,2.0713601112365723,268,27
2270,13811,specialized_enriched,max,0.3642330765724182,0.17595601081848145,2.070023536682129,2.070023536682129,226,27
2271,9448,specialized_enriched,max,0.27005043625831604,0.13046473264694214,2.069911479949951,2.069911479949951,136,27
2272,12509,base_enriched,active_fraction,-0.0006364991422742605,0.00030814067577011883,-2.065612316131592,2.065612316131592,50,27
2273,3537,base_enriched,active_fraction,-0.010115080513060093,0.004898074083030224,-2.0651137828826904,2.0651137828826904,248,27
2274,14895,base_enriched,mean,-0.02911328710615635,0.014106298796832561,-2.063850164413452,2.063850164413452,164,27
2275,14292,specialized_enriched,max,0.36819496750831604,0.17843744158744812,2.0634400844573975,2.0634400844573975,217,27
2276,1572,specialized_enriched,max,0.2953854203224182,0.14318156242370605,2.0630130767822266,2.0630130767822266,144,27
2277,12635,specialized_enriched,max,0.8375568389892578,0.4061152935028076,2.0623621940612793,2.0623621940612793,108,27
2278,3763,specialized_enriched,max,0.3724411725997925,0.18065163493156433,2.0616540908813477,2.0616540908813477,99,27
2279,15843,specialized_enriched,max,0.756687581539154,0.3672652542591095,2.0603299140930176,2.0603299140930176,236,27
2280,5556,base_enriched,active_fraction,-0.003386340569704771,0.0016446799272671342,-2.0589663982391357,2.0589663982391357,192,27
2281,6002,base_enriched,mean,-0.03651215881109238,0.017740614712238312,-2.0581111907958984,2.0581111907958984,268,27
2282,11896,base_enriched,mean,-0.009150614030659199,0.004447935149073601,-2.057272434234619,2.057272434234619,256,27
2283,8484,specialized_enriched,max,0.22227303683757782,0.10822226107120514,2.05385684967041,2.05385684967041,164,27
2284,10265,base_enriched,active_fraction,-0.0012797826202586293,0.0006235615001060069,-2.0523760318756104,2.0523760318756104,159,27
2285,3580,base_enriched,active_fraction,-0.0056793359108269215,0.0027672452852129936,-2.0523428916931152,2.0523428916931152,218,27
2286,1376,specialized_enriched,max,0.4091426134109497,0.19960181415081024,2.0497939586639404,2.0497939586639404,160,27
2287,16042,base_enriched,mean,-0.024212414398789406,0.011812683194875717,-2.049696445465088,2.049696445465088,267,27
2288,8377,specialized_enriched,max,0.39926573634147644,0.19488388299942017,2.048736572265625,2.048736572265625,264,27
2289,15091,base_enriched,active_fraction,-0.009687810204923153,0.00473999185487628,-2.0438454151153564,2.0438454151153564,148,27
2290,16025,specialized_enriched,max,0.42884692549705505,0.20994018018245697,2.042710065841675,2.042710065841675,178,27
2291,5331,specialized_enriched,max,0.6478472352027893,0.3173180818557739,2.0416336059570312,2.0416336059570312,152,27
2292,317,specialized_enriched,max,2.8632936477661133,1.4030131101608276,2.0408174991607666,2.0408174991607666,162,27
2293,1910,specialized_enriched,max,1.0473324060440063,0.5131999850273132,2.040788173675537,2.040788173675537,217,27
2294,10619,specialized_enriched,max,0.6259765625,0.30675166845321655,2.0406622886657715,2.0406622886657715,268,27
2295,8114,specialized_enriched,max,1.165273904800415,0.5712184906005859,2.0399792194366455,2.0399792194366455,249,27
2296,8964,specialized_enriched,max,0.2784006595611572,0.13648268580436707,2.0398240089416504,2.0398240089416504,219,27
2297,13085,base_enriched,active_fraction,-0.005060364957898855,0.002481597475707531,-2.039156198501587,2.039156198501587,156,27
2298,6142,specialized_enriched,max,2.5501136779785156,1.2509948015213013,2.038468599319458,2.038468599319458,173,27
2299,6605,base_enriched,mean,-0.035899173468351364,0.01761121116578579,-2.0384273529052734,2.0384273529052734,176,27
2300,6159,specialized_enriched,active_fraction,0.00355355953797698,0.0017434462206438184,2.038238763809204,2.038238763809204,226,27
2301,6342,base_enriched,mean,-0.02031640149652958,0.0099681057035923,-2.0381407737731934,2.0381407737731934,194,27
2302,11647,specialized_enriched,max,0.7522003650665283,0.3690860867500305,2.038007974624634,2.038007974624634,201,27
2303,5045,specialized_enriched,max,1.3365061283111572,0.6564584970474243,2.0359339714050293,2.0359339714050293,204,27
2304,13231,specialized_enriched,max,0.4019172787666321,0.1975671947002411,2.034332036972046,2.034332036972046,161,27
2305,15739,specialized_enriched,max,0.3207760453224182,0.1578436940908432,2.032238483428955,2.032238483428955,63,27
2306,10008,specialized_enriched,max,0.8784117698669434,0.432314395904541,2.031881809234619,2.031881809234619,187,27
2307,13645,base_enriched,active_fraction,-0.00533642340451479,0.002626461209729314,-2.031792163848877,2.031792163848877,268,27
2308,971,base_enriched,mean,-0.02025727368891239,0.009973124600946903,-2.03118634223938,2.03118634223938,85,27
2309,3297,specialized_enriched,max,1.470727801322937,0.7242639064788818,2.030651807785034,2.030651807785034,209,27
2310,14239,specialized_enriched,max,1.1808000802993774,0.5815061330795288,2.0305891036987305,2.0305891036987305,187,27
2311,4388,base_enriched,active_fraction,-0.004802076146006584,0.002365517197176814,-2.030032157897949,2.030032157897949,229,27
2312,15218,specialized_enriched,max,2.797394275665283,1.3792431354522705,2.028209686279297,2.028209686279297,206,27
2313,2330,specialized_enriched,max,1.592452049255371,0.7854128479957581,2.0275349617004395,2.0275349617004395,254,27
2314,8826,specialized_enriched,max,0.8261100649833679,0.4075547158718109,2.026991844177246,2.026991844177246,71,27
2315,3631,specialized_enriched,max,0.9719702005386353,0.4798811078071594,2.025439500808716,2.025439500808716,176,27
2316,2031,specialized_enriched,max,1.2807308435440063,0.632369339466095,2.025289297103882,2.025289297103882,267,27
2317,2200,base_enriched,active_fraction,-0.00650372076779604,0.003211644245311618,-2.0250439643859863,2.0250439643859863,268,27
2318,8853,base_enriched,mean,-0.018536483868956566,0.009153863415122032,-2.0249903202056885,2.0249903202056885,178,27
2319,7906,specialized_enriched,max,0.7025192975997925,0.3471660017967224,2.023583173751831,2.023583173751831,267,27
2320,14983,specialized_enriched,max,0.8042300939559937,0.39748433232307434,2.0233001708984375,2.0233001708984375,139,27
2321,11563,base_enriched,active_fraction,-0.0055866725742816925,0.0027614906430244446,-2.023064136505127,2.023064136505127,213,27
2322,815,specialized_enriched,max,1.299780011177063,0.6432076692581177,2.020778179168701,2.020778179168701,191,27
2323,12084,specialized_enriched,max,0.767405092716217,0.37988123297691345,2.020118474960327,2.020118474960327,184,27
2324,9481,base_enriched,mean,-0.03324339538812637,0.01646798849105835,-2.018667697906494,2.018667697906494,259,27
2325,7966,specialized_enriched,max,0.6083613634109497,0.3017856776714325,2.0158722400665283,2.0158722400665283,209,27
2326,10050,base_enriched,active_fraction,-0.0042617893777787685,0.0021148393861949444,-2.015183448791504,2.015183448791504,257,27
2327,10955,specialized_enriched,active_fraction,0.0017210078658536077,0.0008540302515029907,2.015160322189331,2.015160322189331,124,27
2328,3198,specialized_enriched,active_fraction,0.0012746882857754827,0.0006328142480924726,2.0143165588378906,2.0143165588378906,107,27
2329,1599,base_enriched,mean,-0.026708312332630157,0.01326133031398058,-2.0139994621276855,2.0139994621276855,217,27
2330,11836,specialized_enriched,max,0.7033537030220032,0.34959155321121216,2.011929988861084,2.011929988861084,143,27
2331,37,specialized_enriched,max,1.4205029010772705,0.7063997387886047,2.0109052658081055,2.0109052658081055,171,27
2332,15746,base_enriched,mean,-0.0552196279168129,0.027466146275401115,-2.0104613304138184,2.0104613304138184,234,27
2333,8029,base_enriched,active_fraction,-0.0045592873357236385,0.0022680233232676983,-2.010247230529785,2.010247230529785,216,27
2334,7588,specialized_enriched,max,0.19590584933757782,0.09745920449495316,2.0101318359375,2.0101318359375,64,27
2335,2417,base_enriched,active_fraction,-0.0049407570622861385,0.0024584790226072073,-2.0096802711486816,2.0096802711486816,179,27
2336,347,base_enriched,mean,-0.015398315154016018,0.007662837393581867,-2.009479522705078,2.009479522705078,237,27
2337,10033,specialized_enriched,max,1.3879796266555786,0.6908531785011292,2.009080410003662,2.009080410003662,241,27
2338,11240,base_enriched,mean,-0.031712062656879425,0.015793468803167343,-2.007922649383545,2.007922649383545,264,27
2339,14606,specialized_enriched,active_fraction,0.0071877590380609035,0.0035802782513201237,2.0075979232788086,2.0075979232788086,250,27
2340,11246,base_enriched,mean,-0.0480317696928978,0.02393070049583912,-2.0071191787719727,2.0071191787719727,266,27
2341,9918,base_enriched,active_fraction,-0.002858584513887763,0.001424698974005878,-2.0064480304718018,2.0064480304718018,192,27
2342,3174,base_enriched,mean,-0.04189865663647652,0.02088259346783161,-2.0063915252685547,2.0063915252685547,263,27
2343,11525,specialized_enriched,max,1.0496563911437988,0.5232290029525757,2.006112813949585,2.006112813949585,268,27
2344,15376,specialized_enriched,max,0.5952086448669434,0.2969166338443756,2.0046322345733643,2.0046322345733643,69,27
2345,7926,specialized_enriched,max,0.5108287334442139,0.2550537586212158,2.0028276443481445,2.0028276443481445,255,27
2346,14206,base_enriched,mean,-0.028125425800681114,0.014045394957065582,-2.0024659633636475,2.0024659633636475,189,27
2347,143,base_enriched,mean,-0.019998453557491302,0.009989576414227486,-2.001932144165039,2.001932144165039,124,27
2348,996,base_enriched,mean,-0.01578420400619507,0.007884708233177662,-2.001875400543213,2.001875400543213,225,27
2349,10194,specialized_enriched,max,0.3648388087749481,0.1826152354478836,1.997855305671692,1.997855305671692,233,27
2350,5206,base_enriched,active_fraction,-0.004520319867879152,0.0022635578643530607,-1.9969977140426636,1.9969977140426636,155,27
2351,1657,specialized_enriched,active_fraction,0.0035636997781693935,0.001785311964340508,1.9961216449737549,1.9961216449737549,266,27
2352,14217,base_enriched,active_fraction,-0.006400796584784985,0.003207306144759059,-1.9956923723220825,1.9956923723220825,154,27
2353,4892,specialized_enriched,active_fraction,0.004942664410918951,0.0024797224905341864,1.9932328462600708,1.9932328462600708,230,27
2354,4580,base_enriched,active_fraction,-0.002342827618122101,0.0011755956802517176,-1.9928854703903198,1.9928854703903198,130,27
2355,4351,base_enriched,mean,-0.02555692568421364,0.012830764055252075,-1.9918475151062012,1.9918475151062012,267,27
2356,1226,specialized_enriched,max,0.43971890211105347,0.2208574116230011,1.9909628629684448,1.9909628629684448,172,27
2357,4391,base_enriched,mean,-0.023481199517846107,0.011797640472650528,-1.9903301000595093,1.9903301000595093,152,27
2358,309,base_enriched,active_fraction,-0.004792225547134876,0.002408701227977872,-1.9895474910736084,1.9895474910736084,268,27
2359,11656,specialized_enriched,active_fraction,0.005986394826322794,0.003009224310517311,1.9893481731414795,1.9893481731414795,205,27
2360,11792,specialized_enriched,max,1.2280830144882202,0.6173484921455383,1.9892865419387817,1.9892865419387817,184,27
2361,25,specialized_enriched,max,0.7162097096443176,0.3602272868156433,1.9882161617279053,1.9882161617279053,185,27
2362,11794,base_enriched,active_fraction,-0.002421439392492175,0.0012187453685328364,-1.9868296384811401,1.9868296384811401,188,27
2363,386,base_enriched,mean,-0.027699965983629227,0.013956327922642231,-1.9847602844238281,1.9847602844238281,257,27
2364,7414,specialized_enriched,max,0.5346525311470032,0.26942065358161926,1.9844526052474976,1.9844526052474976,201,27
2365,11471,base_enriched,mean,-0.015257774852216244,0.00769441993907094,-1.9829661846160889,1.9829661846160889,215,27
2366,4833,base_enriched,active_fraction,-0.005610840395092964,0.002831642748787999,-1.9814789295196533,1.9814789295196533,250,27
2367,6946,specialized_enriched,max,0.4137658178806305,0.20886847376823425,1.9809874296188354,1.9809874296188354,189,27
2368,6217,base_enriched,active_fraction,-0.0037494853604584932,0.0018936541164293885,-1.9800264835357666,1.9800264835357666,241,27
2369,6729,specialized_enriched,max,0.2261236608028412,0.11423258483409882,1.9795023202896118,1.9795023202896118,91,27
2370,12809,specialized_enriched,max,0.5963335633277893,0.3016481399536133,1.9769177436828613,1.9769177436828613,200,27
2371,10664,base_enriched,active_fraction,-0.004144330509006977,0.0020964418072253466,-1.9768402576446533,1.9768402576446533,178,27
2372,12278,specialized_enriched,active_fraction,0.003768679453060031,0.0019069688860327005,1.976266860961914,1.976266860961914,261,27
2373,3084,base_enriched,mean,-0.050151921808719635,0.025389177724719048,-1.9753267765045166,1.9753267765045166,110,27
2374,3714,specialized_enriched,max,1.231908917427063,0.6240147948265076,1.9741661548614502,1.9741661548614502,188,27
2375,16279,base_enriched,active_fraction,-0.003810134017840028,0.001930389553308487,-1.9737643003463745,1.9737643003463745,201,27
2376,3002,base_enriched,active_fraction,-0.007871676236391068,0.003991162404417992,-1.9722765684127808,1.9722765684127808,104,27
2377,175,base_enriched,mean,-0.020338324829936028,0.010313284583389759,-1.9720511436462402,1.9720511436462402,268,27
2378,13780,specialized_enriched,max,1.2077358961105347,0.6125808954238892,1.9715533256530762,1.9715533256530762,169,27
2379,15172,specialized_enriched,max,0.4299718141555786,0.21820425987243652,1.97050142288208,1.97050142288208,196,27
2380,11419,specialized_enriched,active_fraction,0.002111990237608552,0.00107258977368474,1.9690568447113037,1.9690568447113037,133,27
2381,13219,specialized_enriched,max,0.5818087458610535,0.29564303159713745,1.9679434299468994,1.9679434299468994,162,27
2382,13277,base_enriched,active_fraction,-0.0030475568491965532,0.001548861269839108,-1.9676111936569214,1.9676111936569214,147,27
2383,3879,base_enriched,mean,-0.0023014696780592203,0.0011701713083311915,-1.966780185699463,1.966780185699463,98,27
2384,14562,specialized_enriched,max,0.4125605821609497,0.20977583527565002,1.966673493385315,1.966673493385315,206,27
2385,7327,base_enriched,mean,-0.0022472369018942118,0.0011429516598582268,-1.9661697149276733,1.9661697149276733,65,27
2386,15657,specialized_enriched,max,0.7694817781448364,0.3917703628540039,1.9641143083572388,1.9641143083572388,254,27
2387,12466,specialized_enriched,max,0.21943606436252594,0.11182697862386703,1.9622819423675537,1.9622819423675537,119,27
2388,2828,specialized_enriched,max,0.9723595976829529,0.49573689699172974,1.9614428281784058,1.9614428281784058,268,27
2389,5513,specialized_enriched,mean,0.13172468543052673,0.06718567758798599,1.9606066942214966,1.9606066942214966,268,27
2390,14850,specialized_enriched,max,0.37943780422210693,0.1935797482728958,1.9601110219955444,1.9601110219955444,171,27
2391,1195,specialized_enriched,max,3.306269884109497,1.6870115995407104,1.9598382711410522,1.9598382711410522,204,27
2392,6345,base_enriched,mean,-0.0201262217015028,0.010269963182508945,-1.959717035293579,1.959717035293579,196,27
2393,10356,base_enriched,active_fraction,-0.011365769430994987,0.005800141021609306,-1.9595677852630615,1.9595677852630615,250,27
2394,8855,specialized_enriched,max,0.8318087458610535,0.424651563167572,1.9588029384613037,1.9588029384613037,161,27
2395,6467,specialized_enriched,max,0.8607224225997925,0.439696341753006,1.9575382471084595,1.9575382471084595,249,27
2396,11995,specialized_enriched,max,1.4942271709442139,0.7635512351989746,1.956944227218628,1.956944227218628,182,27
2397,9520,base_enriched,active_fraction,-0.0023742869962006807,0.0012132925912737846,-1.9568957090377808,1.9568957090377808,117,27
2398,1025,specialized_enriched,active_fraction,0.004100147634744644,0.0020959789399057627,1.956196904182434,1.956196904182434,262,27
2399,7789,specialized_enriched,max,0.19317394495010376,0.09897555410861969,1.951733946800232,1.951733946800232,117,27
2400,12494,base_enriched,active_fraction,-0.00451244879513979,0.002312527969479561,-1.951305627822876,1.951305627822876,151,27
2401,197,specialized_enriched,max,0.5166881084442139,0.264901340007782,1.9504926204681396,1.9504926204681396,247,27
2402,9658,base_enriched,mean,-0.02674943022429943,0.01371926162391901,-1.9497718811035156,1.9497718811035156,154,27
2403,2590,base_enriched,active_fraction,-0.0035524731501936913,0.001822906662710011,-1.9487959146499634,1.9487959146499634,151,27
2404,11531,specialized_enriched,max,0.33810076117515564,0.17352041602134705,1.9484782218933105,1.9484782218933105,236,27
2405,2346,base_enriched,active_fraction,-0.008651926182210445,0.004441718105226755,-1.9478782415390015,1.9478782415390015,268,27
2406,5859,base_enriched,active_fraction,-0.004354163073003292,0.002236568834632635,-1.9468048810958862,1.9468048810958862,268,27
2407,15877,base_enriched,mean,-0.03738466277718544,0.019209349527955055,-1.9461702108383179,1.9461702108383179,200,27
2408,14498,base_enriched,active_fraction,-0.004193004220724106,0.0021547938231378794,-1.945895791053772,1.945895791053772,206,27
2409,14436,base_enriched,active_fraction,-0.0039854892529547215,0.002049009082838893,-1.945081353187561,1.945081353187561,182,27
2410,7039,specialized_enriched,max,0.4814082384109497,0.2476697564125061,1.9437506198883057,1.9437506198883057,268,27
2411,2877,specialized_enriched,max,0.3938390016555786,0.20282496511936188,1.941767930984497,1.941767930984497,78,27
2412,13782,specialized_enriched,max,0.5120154023170471,0.2636899948120117,1.941732406616211,1.941732406616211,266,27
2413,2202,base_enriched,active_fraction,-0.00821748562157154,0.004232402425259352,-1.9415652751922607,1.9415652751922607,221,27
2414,8442,specialized_enriched,max,0.5329558849334717,0.2745009958744049,1.9415444135665894,1.9415444135665894,263,27
2415,10805,specialized_enriched,max,0.6429057121276855,0.3311472237110138,1.941449761390686,1.941449761390686,226,27
2416,6240,base_enriched,active_fraction,-0.005450188182294369,0.0028073752764612436,-1.9413821697235107,1.9413821697235107,268,27
2417,8391,specialized_enriched,max,0.9819892048835754,0.505913496017456,1.9410219192504883,1.9410219192504883,177,27
2418,11128,base_enriched,mean,-0.02564215287566185,0.013210942968726158,-1.9409782886505127,1.9409782886505127,182,27
2419,4278,base_enriched,active_fraction,-0.0033570542000234127,0.00173045857809484,-1.9399795532226562,1.9399795532226562,160,27
2420,7260,specialized_enriched,max,1.4105395078659058,0.727526843547821,1.938814401626587,1.938814401626587,247,27
2421,925,specialized_enriched,max,0.8272597193717957,0.42671287059783936,1.9386800527572632,1.9386800527572632,223,27
2422,14029,base_enriched,active_fraction,-0.0007269654306583107,0.00037498021265491843,-1.9386768341064453,1.9386768341064453,48,27
2423,12235,base_enriched,mean,-0.03975023329257965,0.0205107182264328,-1.938022494316101,1.938022494316101,218,27
2424,14454,specialized_enriched,max,0.2599572241306305,0.13422127068042755,1.9367811679840088,1.9367811679840088,229,27
2425,15884,base_enriched,active_fraction,-0.003960597328841686,0.0020449720323085785,-1.9367488622665405,1.9367488622665405,124,27
2426,15630,specialized_enriched,active_fraction,0.006009355187416077,0.00310347112827003,1.9363335371017456,1.9363335371017456,265,27
2427,12588,specialized_enriched,active_fraction,0.006591434590518475,0.003404278075322509,1.9362210035324097,1.9362210035324097,227,27
2428,1993,base_enriched,mean,-0.03296888247132301,0.017040517181158066,-1.93473482131958,1.93473482131958,252,27
2429,16156,base_enriched,mean,-0.011873124167323112,0.006137414835393429,-1.9345481395721436,1.9345481395721436,266,27
2430,15263,base_enriched,active_fraction,-0.003881406271830201,0.0020072918850928545,-1.9336531162261963,1.9336531162261963,173,27
2431,5836,base_enriched,active_fraction,-0.003236939664930105,0.001674174563959241,-1.9334540367126465,1.9334540367126465,101,27
2432,13314,specialized_enriched,max,0.2764475345611572,0.1429995447397232,1.9332057237625122,1.9332057237625122,167,27
2433,2094,base_enriched,mean,-0.011759600602090359,0.0060842325910925865,-1.9327993392944336,1.9327993392944336,246,27
2434,6562,base_enriched,mean,-0.02780286595225334,0.014389202930033207,-1.9322032928466797,1.9322032928466797,266,27
2435,12913,specialized_enriched,max,0.9204905033111572,0.4765514135360718,1.9315659999847412,1.9315659999847412,67,27
2436,14972,base_enriched,active_fraction,-0.0031081573106348515,0.0016092683654278517,-1.9314101934432983,1.9314101934432983,246,27
2437,4014,specialized_enriched,max,0.28306713700294495,0.14662952721118927,1.9304920434951782,1.9304920434951782,89,27
2438,13580,specialized_enriched,max,2.9113924503326416,1.5085954666137695,1.929869532585144,1.929869532585144,194,27
2439,9939,specialized_enriched,max,0.4271904528141022,0.2214404046535492,1.9291441440582275,1.9291441440582275,174,27
2440,12112,specialized_enriched,max,0.5510779023170471,0.28566688299179077,1.9290927648544312,1.9290927648544312,205,27
2441,7551,specialized_enriched,max,0.5026206374168396,0.2608077824115753,1.927168846130371,1.927168846130371,58,27
2442,11420,base_enriched,mean,-0.014078140258789062,0.007306298706680536,-1.9268498420715332,1.9268498420715332,212,27
2443,12591,specialized_enriched,max,1.1488083600997925,0.5962504148483276,1.9267213344573975,1.9267213344573975,267,27
2444,14419,specialized_enriched,max,0.20333515107631683,0.10557134449481964,1.9260449409484863,1.9260449409484863,84,27
2445,3073,base_enriched,active_fraction,-0.00962832011282444,0.004999552853405476,-1.925836205482483,1.925836205482483,254,27
2446,7265,specialized_enriched,max,0.9697821736335754,0.5037091374397278,1.9252821207046509,1.9252821207046509,170,27
2447,888,base_enriched,mean,-0.01883081905543804,0.009783423505723476,-1.9247678518295288,1.9247678518295288,209,27
2448,12581,base_enriched,mean,-0.006898541934788227,0.0035880468785762787,-1.9226454496383667,1.9226454496383667,149,27
2449,16108,base_enriched,mean,-0.013018620200455189,0.006771803367882967,-1.9224746227264404,1.9224746227264404,228,27
2450,61,specialized_enriched,max,0.6755216717720032,0.35144931077957153,1.922102689743042,1.922102689743042,219,27
2451,1449,base_enriched,mean,-0.038058847188949585,0.019807040691375732,-1.9214807748794556,1.9214807748794556,267,27
2452,1486,specialized_enriched,max,1.6603045463562012,0.864475429058075,1.920591950416565,1.920591950416565,259,27
2453,9109,specialized_enriched,max,0.22010977566242218,0.11461885273456573,1.9203627109527588,1.9203627109527588,168,27
2454,4052,specialized_enriched,max,1.0625617504119873,0.5533734560012817,1.9201531410217285,1.9201531410217285,205,27
2455,8722,base_enriched,mean,-0.046505313366651535,0.024225227534770966,-1.9197059869766235,1.9197059869766235,246,27
2456,11247,specialized_enriched,max,1.6513547897338867,0.8607485890388489,1.9185099601745605,1.9185099601745605,191,27
2457,9350,base_enriched,mean,-0.015475139953196049,0.008066276088356972,-1.9184986352920532,1.9184986352920532,193,27
2458,6855,specialized_enriched,max,3.2447216510772705,1.6914825439453125,1.9182708263397217,1.9182708263397217,194,27
2459,15673,base_enriched,mean,-0.02756365016102791,0.014370245859026909,-1.9181057214736938,1.9181057214736938,268,27
2460,2154,base_enriched,mean,-0.020937521010637283,0.010916084051132202,-1.9180432558059692,1.9180432558059692,233,27
2461,5560,specialized_enriched,max,1.2493818998336792,0.6515162587165833,1.9176527261734009,1.9176527261734009,191,27
2462,10210,base_enriched,active_fraction,-0.006971141789108515,0.003637562971562147,-1.9164319038391113,1.9164319038391113,263,27
2463,6892,specialized_enriched,max,0.8096815943717957,0.42250174283981323,1.916398286819458,1.916398286819458,152,27
2464,16299,specialized_enriched,max,0.4146002233028412,0.21636489033699036,1.9162083864212036,1.9162083864212036,251,27
2465,10784,specialized_enriched,active_fraction,0.0063571929931640625,0.0033182231709361076,1.9158425331115723,1.9158425331115723,228,27
2466,8139,specialized_enriched,max,0.5589398741722107,0.2918674349784851,1.9150470495224,1.9150470495224,188,27
2467,6305,specialized_enriched,max,0.5152480006217957,0.2691856324672699,1.9140992164611816,1.9140992164611816,198,27
2468,1492,specialized_enriched,max,0.682407021522522,0.35653141140937805,1.914016604423523,1.914016604423523,154,27
2469,8467,specialized_enriched,max,0.3023017346858978,0.15802355110645294,1.91301691532135,1.91301691532135,122,27
2470,15151,base_enriched,mean,-0.033268120139837265,0.01739722490310669,-1.9122658967971802,1.9122658967971802,267,27
2471,9012,specialized_enriched,max,0.8041806817054749,0.4205479323863983,1.9122211933135986,1.9122211933135986,193,27
2472,3444,base_enriched,active_fraction,-0.004392285831272602,0.0022970656864345074,-1.9121289253234863,1.9121289253234863,265,27
2473,28,specialized_enriched,max,0.6380661725997925,0.33434566855430603,1.908402681350708,1.908402681350708,193,27
2474,5321,specialized_enriched,active_fraction,0.0024437964893877506,0.0012808524770662189,1.9079452753067017,1.9079452753067017,158,27
2475,418,base_enriched,active_fraction,-0.005918285343796015,0.00310502084903419,-1.9060372114181519,1.9060372114181519,260,27
2476,2257,specialized_enriched,max,1.6048754453659058,0.8425660133361816,1.9047473669052124,1.9047473669052124,155,27
2477,7004,base_enriched,mean,-0.017903774976730347,0.009401935152709484,-1.9042649269104004,1.9042649269104004,268,27
2478,1028,base_enriched,active_fraction,-0.010419990867376328,0.0054751234129071236,-1.9031517505645752,1.9031517505645752,223,27
2479,12970,base_enriched,active_fraction,-0.0029987625312060118,0.0015763586852699518,-1.9023351669311523,1.9023351669311523,136,27
2480,11980,specialized_enriched,max,0.3771200180053711,0.19826091825962067,1.9021400213241577,1.9021400213241577,136,27
2481,9805,specialized_enriched,active_fraction,0.004974606446921825,0.0026153158396482468,1.902105450630188,1.902105450630188,265,27
2482,13529,base_enriched,active_fraction,-0.0025927869137376547,0.001363184186629951,-1.902007818222046,1.902007818222046,144,27
2483,4744,base_enriched,active_fraction,-0.0017387535190209746,0.0009141844930127263,-1.9019721746444702,1.9019721746444702,74,27
2484,10705,specialized_enriched,max,0.3013869524002075,0.15850232541561127,1.9014670848846436,1.9014670848846436,97,27
2485,12812,specialized_enriched,max,0.4372156858444214,0.23018185794353485,1.8994358777999878,1.8994358777999878,242,27
2486,14344,base_enriched,active_fraction,-0.004294383339583874,0.002260930836200714,-1.8993873596191406,1.8993873596191406,78,27
2487,14406,specialized_enriched,max,0.586172342300415,0.3086204528808594,1.8993308544158936,1.8993308544158936,182,27
2488,4664,base_enriched,active_fraction,-0.006815608590841293,0.0035891463048756123,-1.8989497423171997,1.8989497423171997,194,27
2489,15668,base_enriched,mean,-0.02184215933084488,0.011502821929752827,-1.8988522291183472,1.8988522291183472,202,27
2490,8457,specialized_enriched,max,0.47866395115852356,0.25210440158843994,1.8986735343933105,1.8986735343933105,268,27
2491,11497,base_enriched,active_fraction,-0.0016029695980250835,0.0008446818101219833,-1.8977200984954834,1.8977200984954834,71,27
2492,7371,base_enriched,mean,-0.010080240666866302,0.005314177367836237,-1.8968580961227417,1.8968580961227417,215,27
2493,7366,specialized_enriched,max,0.6443705558776855,0.3397199511528015,1.8967698812484741,1.8967698812484741,237,27
2494,6114,specialized_enriched,max,0.641042172908783,0.3380240797996521,1.8964393138885498,1.8964393138885498,181,27
2495,4067,specialized_enriched,max,0.25894975662231445,0.13670730590820312,1.894191026687622,1.894191026687622,220,27
2496,404,specialized_enriched,max,0.38590288162231445,0.20396727323532104,1.8919843435287476,1.8919843435287476,137,27
2497,7517,base_enriched,mean,-0.05003989487886429,0.026460111141204834,-1.8911445140838623,1.8911445140838623,249,27
2498,911,specialized_enriched,max,0.2190961241722107,0.11589764058589935,1.890427827835083,1.890427827835083,90,27
2499,8464,base_enriched,active_fraction,-0.004905266221612692,0.0025949887931346893,-1.8902841806411743,1.8902841806411743,251,27
2500,13317,base_enriched,active_fraction,-0.005891148000955582,0.003118047257885337,-1.8893710374832153,1.8893710374832153,109,27
2501,4636,base_enriched,active_fraction,-0.004877452738583088,0.0025821749586611986,-1.8888932466506958,1.8888932466506958,230,27
2502,13744,base_enriched,active_fraction,-0.0037586840335279703,0.0019904407672584057,-1.8883676528930664,1.8883676528930664,228,27
2503,7375,specialized_enriched,max,0.4746217429637909,0.2513723373413086,1.8881224393844604,1.8881224393844604,96,27
2504,9193,base_enriched,mean,-0.033008042722940445,0.017532845959067345,-1.8826403617858887,1.8826403617858887,166,27
2505,6931,base_enriched,active_fraction,-0.00465801078826189,0.002475850749760866,-1.8813778162002563,1.8813778162002563,177,27
2506,9501,specialized_enriched,max,0.6285724639892578,0.3343175947666168,1.880165696144104,1.880165696144104,244,27
2507,735,base_enriched,active_fraction,-0.005631941836327314,0.002995735267177224,-1.8799865245819092,1.8799865245819092,258,27
2508,27,base_enriched,active_fraction,-0.011079039424657822,0.005893814843147993,-1.8797739744186401,1.8797739744186401,249,27
2509,13499,base_enriched,active_fraction,-0.007257051300257444,0.0038622713182121515,-1.8789595365524292,1.8789595365524292,261,27
2510,8743,base_enriched,active_fraction,-0.008349044248461723,0.004444143269211054,-1.8786622285842896,1.8786622285842896,241,27
2511,65,specialized_enriched,max,1.001718282699585,0.5337806940078735,1.8766475915908813,1.8766475915908813,266,27
2512,2577,base_enriched,active_fraction,-0.004155533388257027,0.0022155223414301872,-1.8756450414657593,1.8756450414657593,209,27
2513,6269,specialized_enriched,max,0.6066678166389465,0.3235255777835846,1.875177264213562,1.875177264213562,228,27
2514,12439,specialized_enriched,max,0.2649821937084198,0.14132094383239746,1.8750383853912354,1.8750383853912354,202,27
2515,11644,specialized_enriched,max,1.3651107549667358,0.7280452847480774,1.8750355243682861,1.8750355243682861,268,27
2516,8770,specialized_enriched,max,0.5547863841056824,0.2960798442363739,1.8737728595733643,1.8737728595733643,167,27
2517,15408,specialized_enriched,max,1.1916226148605347,0.6360601186752319,1.873443365097046,1.873443365097046,249,27
2518,6602,base_enriched,mean,-0.0035300676245242357,0.001884866040199995,-1.8728480339050293,1.8728480339050293,142,27
2519,10688,base_enriched,active_fraction,-0.002298258477821946,0.0012277415953576565,-1.8719398975372314,1.8719398975372314,176,27
2520,11312,base_enriched,mean,-0.0158221572637558,0.008452420122921467,-1.8719085454940796,1.8719085454940796,261,27
2521,5679,base_enriched,mean,-0.049023810774087906,0.026204267516732216,-1.8708330392837524,1.8708330392837524,156,27
2522,8404,base_enriched,active_fraction,-0.01252403762191534,0.006701636593788862,-1.8688029050827026,1.8688029050827026,261,27
2523,7020,specialized_enriched,max,0.2405928671360016,0.12875431776046753,1.8686197996139526,1.8686197996139526,144,27
2524,9346,specialized_enriched,max,0.6539754867553711,0.35053497552871704,1.865649700164795,1.865649700164795,260,27
2525,2169,specialized_enriched,max,0.4276478588581085,0.22928687930107117,1.8651213645935059,1.8651213645935059,222,27
2526,3702,base_enriched,mean,-0.01129568088799715,0.006061955355107784,-1.8633724451065063,1.8633724451065063,233,27
2527,7259,specialized_enriched,max,0.17527443170547485,0.09409357607364655,1.862767219543457,1.862767219543457,74,27
2528,2905,specialized_enriched,max,1.0993621349334717,0.5903124213218689,1.8623394966125488,1.8623394966125488,126,27
2529,5809,specialized_enriched,max,1.2909847497940063,0.6937959790229797,1.8607555627822876,1.8607555627822876,152,27
2530,2966,base_enriched,active_fraction,-0.0034633588511496782,0.0018617153400555253,-1.8603053092956543,1.8603053092956543,235,27
2531,12168,specialized_enriched,max,1.0697438716888428,0.5753840208053589,1.8591824769973755,1.8591824769973755,247,27
2532,16370,specialized_enriched,max,0.4765748679637909,0.25647255778312683,1.8581905364990234,1.8581905364990234,215,27
2533,13928,specialized_enriched,max,1.182407021522522,0.6365069150924683,1.8576499223709106,1.8576499223709106,137,27
2534,8110,specialized_enriched,max,0.6545626521110535,0.3524056375026703,1.857412576675415,1.857412576675415,202,27
2535,14904,base_enriched,active_fraction,-0.006017950363457203,0.0032403767108917236,-1.8571761846542358,1.8571761846542358,163,27
2536,1233,specialized_enriched,max,1.1671034097671509,0.6284554600715637,1.85709810256958,1.85709810256958,247,27
2537,11414,specialized_enriched,max,0.737026572227478,0.39703133702278137,1.8563436269760132,1.8563436269760132,156,27
2538,5957,base_enriched,mean,-0.025083445012569427,0.013512441888451576,-1.856322169303894,1.856322169303894,228,27
2539,9388,specialized_enriched,max,1.5855542421340942,0.8541455864906311,1.856304407119751,1.856304407119751,123,27
2540,4960,specialized_enriched,max,1.176782488822937,0.6343370676040649,1.8551374673843384,1.8551374673843384,204,27
2541,5499,base_enriched,mean,-0.007270511239767075,0.003921101335436106,-1.854201316833496,1.854201316833496,98,27
2542,13454,specialized_enriched,max,1.1209763288497925,0.6048679947853088,1.8532577753067017,1.8532577753067017,63,27
2543,3605,specialized_enriched,max,0.38428351283073425,0.20738093554973602,1.8530319929122925,1.8530319929122925,138,27
2544,824,base_enriched,mean,-0.0004280790453776717,0.0002310351701453328,-1.8528739213943481,1.8528739213943481,83,27
2545,5074,specialized_enriched,max,0.18506477773189545,0.09989149868488312,1.8526579141616821,1.8526579141616821,120,27
2546,9984,base_enriched,active_fraction,-0.004826582036912441,0.0026052608154714108,-1.8526290655136108,1.8526290655136108,123,27
2547,10129,specialized_enriched,max,0.792375385761261,0.4279956519603729,1.851363182067871,1.851363182067871,209,27
2548,15702,base_enriched,active_fraction,-0.004863932263106108,0.0026273231487721205,-1.8512881994247437,1.8512881994247437,265,27
2549,12050,base_enriched,mean,-0.0066715432330966,0.00360418064519763,-1.8510568141937256,1.8510568141937256,158,27
2550,12850,specialized_enriched,max,1.2680355310440063,0.685421347618103,1.8500088453292847,1.8500088453292847,171,27
2551,574,base_enriched,mean,-0.045223575085401535,0.024448907002806664,-1.849717617034912,1.849717617034912,200,27
2552,14922,specialized_enriched,max,0.4794829189777374,0.25928664207458496,1.8492387533187866,1.8492387533187866,225,27
2553,5969,base_enriched,mean,-0.03612568974494934,0.019542500376701355,-1.848570466041565,1.848570466041565,221,27
2554,16109,base_enriched,active_fraction,-0.005713257472962141,0.0030931434594094753,-1.847071647644043,1.847071647644043,265,27
2555,3413,base_enriched,mean,-0.021779434755444527,0.011794201098382473,-1.846622347831726,1.846622347831726,244,27
2556,10440,specialized_enriched,max,0.907609760761261,0.49157780408859253,1.8463196754455566,1.8463196754455566,259,27
2557,10244,specialized_enriched,max,0.2180701196193695,0.11812666058540344,1.8460702896118164,1.8460702896118164,29,27
2558,15014,specialized_enriched,max,1.1408969163894653,0.6182451844215393,1.84537935256958,1.84537935256958,268,27
2559,2220,specialized_enriched,max,0.999406635761261,0.5417360067367554,1.8448222875595093,1.8448222875595093,268,27
2560,14950,base_enriched,active_fraction,-0.004859706852585077,0.0026353062130510807,-1.8440767526626587,1.8440767526626587,240,27
2561,6025,base_enriched,mean,-0.025844573974609375,0.014017763547599316,-1.843701720237732,1.843701720237732,227,27
2562,3011,specialized_enriched,active_fraction,0.008276686072349548,0.004489237442612648,1.8436729907989502,1.8436729907989502,257,27
2563,11765,specialized_enriched,max,0.30226463079452515,0.16400419175624847,1.8430298566818237,1.8430298566818237,222,27
2564,16257,specialized_enriched,max,2.707674026489258,1.4702811241149902,1.8416029214859009,1.8416029214859009,189,27
2565,15475,base_enriched,mean,-0.027818704023957253,0.015117320232093334,-1.8401875495910645,1.8401875495910645,268,27
2566,454,base_enriched,mean,-0.02525252290070057,0.013726798817515373,-1.8396512269973755,1.8396512269973755,116,27
2567,4190,specialized_enriched,max,1.074027180671692,0.584130585193634,1.8386764526367188,1.8386764526367188,174,27
2568,2312,base_enriched,mean,-0.03980076313018799,0.02164921909570694,-1.8384387493133545,1.8384387493133545,255,27
2569,5440,specialized_enriched,max,0.5828718543052673,0.3173646926879883,1.836599588394165,1.836599588394165,268,27
2570,11446,specialized_enriched,max,0.9037653207778931,0.49213799834251404,1.8364063501358032,1.8364063501358032,211,27
2571,4343,specialized_enriched,max,1.6208341121673584,0.8841978907585144,1.833112359046936,1.833112359046936,64,27
2572,11502,specialized_enriched,max,1.0473508834838867,0.5717484354972839,1.831838607788086,1.831838607788086,75,27
2573,941,specialized_enriched,max,0.49653875827789307,0.2711862325668335,1.8309880495071411,1.8309880495071411,265,27
2574,4603,base_enriched,active_fraction,-0.0033352768514305353,0.0018224085215479136,-1.8301477432250977,1.8301477432250977,140,27
2575,11014,specialized_enriched,max,0.5016935467720032,0.2747446298599243,1.8260358572006226,1.8260358572006226,257,27
2576,14375,base_enriched,active_fraction,-0.0030224474612623453,0.0016556918853893876,-1.8254890441894531,1.8254890441894531,195,27
2577,6356,base_enriched,mean,-0.02511712536215782,0.013764477334916592,-1.82477867603302,1.82477867603302,268,27
2578,9559,base_enriched,mean,-0.06151358783245087,0.03372533619403839,-1.8239576816558838,1.8239576816558838,236,27
2579,3620,base_enriched,active_fraction,-0.0015495879342779517,0.0008502273703925312,-1.8225570917129517,1.8225570917129517,90,27
2580,14100,base_enriched,active_fraction,-0.004873734433203936,0.0026749162934720516,-1.8220138549804688,1.8220138549804688,261,27
2581,643,specialized_enriched,max,1.6519914865493774,0.906932532787323,1.8215153217315674,1.8215153217315674,80,27
2582,3597,specialized_enriched,max,0.4082896411418915,0.22419485449790955,1.8211374282836914,1.8211374282836914,204,27
2583,3408,base_enriched,mean,-0.006592497229576111,0.003620242001488805,-1.8210101127624512,1.8210101127624512,109,27
2584,2665,base_enriched,active_fraction,-0.001991754863411188,0.00109412195160985,-1.8204139471054077,1.8204139471054077,124,27
2585,12191,base_enriched,mean,-0.027829905971884727,0.015297280624508858,-1.819271445274353,1.819271445274353,268,27
2586,11227,base_enriched,mean,-0.014925195835530758,0.008204554207623005,-1.8191355466842651,1.8191355466842651,170,27
2587,3522,base_enriched,active_fraction,-0.0012259422801434994,0.0006740472163073719,-1.8187780380249023,1.8187780380249023,140,27
2588,16041,base_enriched,active_fraction,-0.003943093121051788,0.00216976972296834,-1.817286491394043,1.817286491394043,243,27
2589,15715,base_enriched,mean,-0.02957802824676037,0.016280511394143105,-1.8167750835418701,1.8167750835418701,183,27
2590,7668,specialized_enriched,max,0.552141010761261,0.30432504415512085,1.8143134117126465,1.8143134117126465,267,27
2591,6953,base_enriched,active_fraction,-0.003397036110982299,0.0018725820118561387,-1.8140920400619507,1.8140920400619507,248,27
2592,3833,base_enriched,mean,-0.025655625388026237,0.014146802015602589,-1.813528299331665,1.813528299331665,189,27
2593,1345,base_enriched,active_fraction,-0.008424396626651287,0.004646913148462772,-1.8129016160964966,1.8129016160964966,224,27
2594,15027,base_enriched,active_fraction,-0.007875756360590458,0.004344769287854433,-1.8126983642578125,1.8126983642578125,223,27
2595,3310,specialized_enriched,max,0.8465498685836792,0.46714600920677185,1.8121740818023682,1.8121740818023682,251,27
2596,893,base_enriched,active_fraction,-0.0033792906906455755,0.0018666491378098726,-1.8103512525558472,1.8103512525558472,233,27
2597,1522,base_enriched,active_fraction,-0.0048034763894975185,0.002654113806784153,-1.8098230361938477,1.8098230361938477,248,27
2598,280,specialized_enriched,max,0.2497156858444214,0.13803115487098694,1.809125542640686,1.809125542640686,124,27
2599,13992,base_enriched,mean,-0.043820466846227646,0.02423044852912426,-1.8084876537322998,1.8084876537322998,94,27
2600,2833,specialized_enriched,max,1.4516477584838867,0.8031291961669922,1.8074897527694702,1.8074897527694702,96,27
2601,10972,specialized_enriched,active_fraction,0.00615873234346509,0.003410895122215152,1.8056058883666992,1.8056058883666992,243,27
2602,517,base_enriched,mean,-0.03040246106684208,0.016849953681230545,-1.8043053150177002,1.8043053150177002,147,27
2603,8778,base_enriched,mean,-0.030131183564662933,0.01670074462890625,-1.8041820526123047,1.8041820526123047,242,27
2604,13982,specialized_enriched,max,0.3933877944946289,0.21840934455394745,1.8011491298675537,1.8011491298675537,264,27
2605,6155,base_enriched,active_fraction,-0.0068477438762784,0.0038034317549318075,-1.8004119396209717,1.8004119396209717,138,27
2606,6253,base_enriched,active_fraction,-0.005869080778211355,0.003260519355535507,-1.8000447750091553,1.8000447750091553,261,27
2607,2808,base_enriched,active_fraction,-0.0038257066626101732,0.002128284191712737,-1.79755437374115,1.79755437374115,144,27
2608,1393,base_enriched,active_fraction,-0.0021661685314029455,0.0012058059219270945,-1.7964487075805664,1.7964487075805664,175,27
2609,6354,specialized_enriched,max,0.4900427758693695,0.27282100915908813,1.7962061166763306,1.7962061166763306,48,27
2610,5671,specialized_enriched,max,0.3010099530220032,0.16759812831878662,1.7960221767425537,1.7960221767425537,97,27
2611,6891,specialized_enriched,max,0.4377410411834717,0.2437932938337326,1.795541763305664,1.795541763305664,234,27
2612,7318,specialized_enriched,max,0.6761891841888428,0.37673667073249817,1.7948589324951172,1.7948589324951172,170,27
2613,719,specialized_enriched,max,1.0550583600997925,0.5907425880432129,1.7859866619110107,1.7859866619110107,183,27
2614,12657,specialized_enriched,max,0.26806640625,0.15028280019760132,1.783746361732483,1.783746361732483,149,27
2615,11424,specialized_enriched,max,0.2844207286834717,0.15952707827091217,1.7828993797302246,1.7828993797302246,173,27
2616,4059,base_enriched,mean,-0.02287191152572632,0.012857609428465366,-1.7788618803024292,1.7788618803024292,148,27
2617,7530,specialized_enriched,max,0.2164754718542099,0.12169695645570755,1.7788076400756836,1.7788076400756836,100,27
2618,2675,specialized_enriched,max,1.15871000289917,0.6515501737594604,1.778389573097229,1.778389573097229,146,27
2619,12380,specialized_enriched,max,0.9869338274002075,0.5551770925521851,1.7776919603347778,1.7776919603347778,190,27
2620,6578,specialized_enriched,max,0.5908450484275818,0.3324585556983948,1.777199149131775,1.777199149131775,207,27
2621,7122,base_enriched,active_fraction,-0.006287538446485996,0.0035381086636334658,-1.777090311050415,1.777090311050415,217,27
2622,16074,specialized_enriched,max,0.3636521100997925,0.20463824272155762,1.7770485877990723,1.7770485877990723,139,27
2623,3019,base_enriched,active_fraction,-0.006273583509027958,0.0035331316757947206,-1.7756438255310059,1.7756438255310059,259,27
2624,6847,specialized_enriched,active_fraction,0.007308863569051027,0.004116874188184738,1.7753429412841797,1.7753429412841797,263,27
2625,12788,specialized_enriched,max,0.0865802988409996,0.04881419241428375,1.7736706733703613,1.7736706733703613,43,27
2626,11773,base_enriched,active_fraction,-0.001581554184667766,0.0008919237297959626,-1.773194432258606,1.773194432258606,221,27
2627,6008,base_enriched,active_fraction,-0.007648926693946123,0.004317611921578646,-1.771564245223999,1.771564245223999,182,27
2628,8688,base_enriched,mean,-0.018162064254283905,0.010255405679345131,-1.7709747552871704,1.7709747552871704,137,27
2629,3961,specialized_enriched,max,2.5576171875,1.44487464427948,1.7701308727264404,1.7701308727264404,225,27
2630,3709,specialized_enriched,max,2.7918314933776855,1.5780009031295776,1.7692204713821411,1.7692204713821411,211,27
2631,8783,specialized_enriched,max,1.2519655227661133,0.7077580690383911,1.7689173221588135,1.7689173221588135,224,27
2632,16097,specialized_enriched,max,1.3959652185440063,0.7891876101493835,1.768863558769226,1.768863558769226,185,27
2633,9993,base_enriched,active_fraction,-0.00244729733094573,0.0013841857435181737,-1.7680411338806152,1.7680411338806152,101,27
2634,14680,base_enriched,active_fraction,-0.0032704751938581467,0.0018500005826354027,-1.7678238153457642,1.7678238153457642,228,27
2635,5534,specialized_enriched,max,1.8249109983444214,1.0324782133102417,1.7675055265426636,1.7675055265426636,228,27
2636,15597,base_enriched,active_fraction,-0.0025299652479588985,0.001432322897017002,-1.766337275505066,1.766337275505066,147,27
2637,2291,base_enriched,active_fraction,-0.004342549946159124,0.002459522569552064,-1.7656068801879883,1.7656068801879883,224,27
2638,6480,specialized_enriched,max,0.7675657868385315,0.43488794565200806,1.764973759651184,1.764973759651184,265,27
2639,11704,base_enriched,mean,-0.023679587990045547,0.013423568569123745,-1.7640308141708374,1.7640308141708374,181,27
2640,8917,base_enriched,active_fraction,-0.002974980976432562,0.001686780364252627,-1.7637038230895996,1.7637038230895996,168,27
2641,764,base_enriched,active_fraction,-0.005296900402754545,0.0030041257850825787,-1.7632086277008057,1.7632086277008057,251,27
2642,9471,base_enriched,mean,-0.001211480237543583,0.0006874814862385392,-1.7622004747390747,1.7622004747390747,55,27
2643,12393,base_enriched,active_fraction,-0.01222938857972622,0.00695317005738616,-1.758821964263916,1.758821964263916,249,27
2644,1894,base_enriched,active_fraction,-0.0027832079213112593,0.001582852564752102,-1.7583494186401367,1.7583494186401367,202,27
2645,3719,base_enriched,mean,-0.019800476729869843,0.011265330016613007,-1.7576472759246826,1.7576472759246826,215,27
2646,8296,base_enriched,mean,-0.022403765469789505,0.012754249386489391,-1.7565726041793823,1.7565726041793823,266,27
2647,2926,base_enriched,active_fraction,-0.003832201473414898,0.0021830759942531586,-1.7554136514663696,1.7554136514663696,237,27
2648,10825,base_enriched,mean,-0.019566137343645096,0.01114987675100565,-1.7548298835754395,1.7548298835754395,166,27
2649,8912,base_enriched,active_fraction,-0.0035499378573149443,0.002026935340836644,-1.7513818740844727,1.7513818740844727,190,27
2650,15669,base_enriched,active_fraction,-0.0006729318993166089,0.0003846094768960029,-1.7496497631072998,1.7496497631072998,45,27
2651,4571,specialized_enriched,max,1.243905782699585,0.7110799551010132,1.7493191957473755,1.7493191957473755,265,27
2652,563,specialized_enriched,max,0.7280582189559937,0.4162976145744324,1.7488887310028076,1.7488887310028076,169,27
2653,8387,specialized_enriched,max,0.3157387375831604,0.18062758445739746,1.7480095624923706,1.7480095624923706,181,27
2654,5159,base_enriched,active_fraction,-0.003941137809306383,0.002254823688417673,-1.747869610786438,1.747869610786438,208,27
2655,1202,base_enriched,active_fraction,-0.004089620895683765,0.002340771723538637,-1.7471250295639038,1.7471250295639038,155,27
2656,4356,base_enriched,active_fraction,-0.002331528579816222,0.0013353984104469419,-1.7459423542022705,1.7459423542022705,213,27
2657,4208,specialized_enriched,max,1.6902071237564087,0.9680816531181335,1.7459344863891602,1.7459344863891602,119,27
2658,13057,specialized_enriched,max,1.3927634954452515,0.7977539300918579,1.7458560466766357,1.7458560466766357,268,27
2659,12759,base_enriched,active_fraction,-0.0007096785702742636,0.0004065726534463465,-1.7455147504806519,1.7455147504806519,33,27
2660,854,base_enriched,mean,-0.009641623124480247,0.005532179027795792,-1.7428256273269653,1.7428256273269653,238,27
2661,8152,base_enriched,active_fraction,-0.010186159051954746,0.005845613311976194,-1.7425304651260376,1.7425304651260376,268,27
2662,11271,base_enriched,active_fraction,-0.006926524452865124,0.0039750197902321815,-1.7425131797790527,1.7425131797790527,164,27
2663,11201,specialized_enriched,max,0.9216524958610535,0.5289610028266907,1.7423826456069946,1.7423826456069946,267,27
2664,15166,specialized_enriched,max,0.557339072227478,0.3200646936893463,1.7413325309753418,1.7413325309753418,213,27
2665,4530,specialized_enriched,max,1.1826913356781006,0.6793801188468933,1.740838885307312,1.740838885307312,215,27
2666,12433,specialized_enriched,max,0.5292845368385315,0.30405929684638977,1.7407280206680298,1.7407280206680298,240,27
2667,12021,base_enriched,mean,-0.033496253192424774,0.019242672249674797,-1.7407277822494507,1.7407277822494507,148,27
2668,516,base_enriched,mean,-0.025027818977832794,0.014381950721144676,-1.7402242422103882,1.7402242422103882,197,27
2669,6950,base_enriched,max,-1.1016861200332642,0.6330829858779907,-1.7401922941207886,1.7401922941207886,47,27
2670,16228,specialized_enriched,active_fraction,0.0019193239277228713,0.0011030121240764856,1.7400751113891602,1.7400751113891602,206,27
2671,616,specialized_enriched,max,0.5489517450332642,0.3154827058315277,1.7400375604629517,1.7400375604629517,181,27
2672,2968,specialized_enriched,max,1.2010791301727295,0.6903732419013977,1.7397533655166626,1.7397533655166626,230,27
2673,11303,specialized_enriched,max,0.2667807936668396,0.15342974662780762,1.738781452178955,1.738781452178955,135,27
2674,12686,specialized_enriched,max,0.2754400670528412,0.1584548056125641,1.7382879257202148,1.7382879257202148,268,27
2675,14750,base_enriched,active_fraction,-0.0020327989477664232,0.0011698651360347867,-1.7376352548599243,1.7376352548599243,124,27
2676,6376,base_enriched,active_fraction,-0.0008029696182347834,0.0004624594294000417,-1.7363028526306152,1.7363028526306152,64,27
2677,5378,base_enriched,mean,-0.01834174059331417,0.01057382207363844,-1.7346367835998535,1.7346367835998535,255,27
2678,5807,base_enriched,mean,-0.034472886472940445,0.019873790442943573,-1.7345904111862183,1.7345904111862183,251,27
2679,10123,base_enriched,mean,-0.01830197498202324,0.01056482270359993,-1.732350468635559,1.732350468635559,264,27
2680,9941,specialized_enriched,max,1.4097236394882202,0.8139918446540833,1.73186457157135,1.73186457157135,219,27
2681,9840,base_enriched,active_fraction,-0.010425543412566185,0.006023900117725134,-1.7306965589523315,1.7306965589523315,185,27
2682,8865,specialized_enriched,max,0.41812944412231445,0.24164047837257385,1.730378270149231,1.730378270149231,227,27
2683,16079,base_enriched,mean,-0.010714965872466564,0.0061990064568817616,-1.7284972667694092,1.7284972667694092,191,27
2684,12965,specialized_enriched,max,1.4154223203659058,0.8191214799880981,1.7279760837554932,1.7279760837554932,177,27
2685,2047,specialized_enriched,max,1.1393146514892578,0.6594140529632568,1.7277681827545166,1.7277681827545166,77,27
2686,12285,specialized_enriched,mean,0.01242777705192566,0.007194108329713345,1.7274937629699707,1.7274937629699707,172,27
2687,15250,specialized_enriched,max,0.3284216821193695,0.19031108915805817,1.7257096767425537,1.7257096767425537,174,27
2688,15124,specialized_enriched,active_fraction,0.006130870431661606,0.0035540666431188583,1.725029706954956,1.725029706954956,240,27
2689,13210,specialized_enriched,max,0.3034513592720032,0.17611706256866455,1.723009467124939,1.723009467124939,114,27
2690,12655,specialized_enriched,max,0.3298247158527374,0.19150878489017487,1.722243309020996,1.722243309020996,55,27
2691,13717,base_enriched,mean,-0.02458799257874489,0.014282748103141785,-1.7215169668197632,1.7215169668197632,204,27
2692,7818,base_enriched,mean,-0.04664138704538345,0.027142314240336418,-1.718401312828064,1.718401312828064,266,27
2693,12676,specialized_enriched,max,1.0158722400665283,0.5914451479911804,1.717610239982605,1.717610239982605,168,27
2694,4868,base_enriched,mean,-0.02819879725575447,0.016427425667643547,-1.7165682315826416,1.7165682315826416,203,27
2695,4094,base_enriched,active_fraction,-0.0020874119363725185,0.0012168491957709193,-1.7154237031936646,1.7154237031936646,160,27
2696,15318,base_enriched,mean,-0.019754964858293533,0.011526034213602543,-1.7139428853988647,1.7139428853988647,254,27
2697,7389,specialized_enriched,max,0.440503865480423,0.2570488452911377,1.713697075843811,1.713697075843811,223,27
2698,6055,base_enriched,active_fraction,-0.0085214301943779,0.004973114933818579,-1.7134995460510254,1.7134995460510254,255,27
2699,14481,specialized_enriched,max,0.9325183033943176,0.5452014207839966,1.7104105949401855,1.7104105949401855,229,27
2700,168,base_enriched,mean,-0.007138795685023069,0.004174666944891214,-1.7100275754928589,1.7100275754928589,204,27
2701,14007,specialized_enriched,active_fraction,0.0011101010022684932,0.0006498369039036334,1.708276391029358,1.708276391029358,97,27
2702,9723,base_enriched,active_fraction,-0.003202269319444895,0.001874903216958046,-1.7079651355743408,1.7079651355743408,198,27
2703,9067,specialized_enriched,max,0.980320394039154,0.5743878483772278,1.7067220211029053,1.7067220211029053,158,27
2704,7214,specialized_enriched,max,1.202383279800415,0.7045671343803406,1.706555962562561,1.706555962562561,262,27
2705,9531,base_enriched,active_fraction,-0.004563922993838787,0.0026760855689644814,-1.7054473161697388,1.7054473161697388,143,27
2706,10189,base_enriched,mean,-0.009564049541950226,0.005608103703707457,-1.7053980827331543,1.7053980827331543,233,27
2707,2145,base_enriched,mean,-0.007307728752493858,0.004285261034965515,-1.7053170204162598,1.7053170204162598,118,27
2708,2191,base_enriched,mean,-0.0021883323788642883,0.0012843201402574778,-1.7038838863372803,1.7038838863372803,68,27
2709,7033,specialized_enriched,max,0.8160971999168396,0.47901561856269836,1.7036964893341064,1.7036964893341064,251,27
2710,14661,specialized_enriched,max,0.1679193079471588,0.0985950157046318,1.7031216621398926,1.7031216621398926,81,27
2711,13157,specialized_enriched,max,1.2149549722671509,0.7136067748069763,1.7025552988052368,1.7025552988052368,242,27
2712,14608,specialized_enriched,max,0.5988028049468994,0.351730078458786,1.7024497985839844,1.7024497985839844,173,27
2713,2631,base_enriched,active_fraction,-0.009032406844198704,0.005313499830663204,-1.6998978853225708,1.6998978853225708,266,27
2714,9155,specialized_enriched,max,0.7870104908943176,0.4634147584438324,1.6982853412628174,1.6982853412628174,141,27
2715,10881,specialized_enriched,max,0.27128657698631287,0.15976813435554504,1.698001742362976,1.698001742362976,159,27
2716,15001,base_enriched,active_fraction,-0.006967931054532528,0.004109290428459644,-1.6956530809402466,1.6956530809402466,165,27
2717,2564,base_enriched,active_fraction,-0.003565148450434208,0.002103534759953618,-1.694836974143982,1.694836974143982,171,27
2718,776,base_enriched,mean,-0.023439768701791763,0.01384178176522255,-1.6934069395065308,1.6934069395065308,170,27
2719,15107,specialized_enriched,max,0.8419328331947327,0.49718961119651794,1.693383812904358,1.693383812904358,241,27
2720,4565,specialized_enriched,max,0.2258826196193695,0.13342823088169098,1.6929147243499756,1.6929147243499756,75,27
2721,4949,specialized_enriched,max,0.5273932218551636,0.31173962354660034,1.6917747259140015,1.6917747259140015,244,27
2722,4901,base_enriched,active_fraction,-0.003907601814717054,0.0023104187566787004,-1.691295862197876,1.691295862197876,132,27
2723,9368,base_enriched,active_fraction,-0.0029179295524954796,0.0017285160720348358,-1.688112497329712,1.688112497329712,68,27
2724,4743,specialized_enriched,max,0.3312339186668396,0.1964857578277588,1.685791015625,1.685791015625,184,27
2725,557,base_enriched,mean,-0.03758879378437996,0.022300194948911667,-1.6855814456939697,1.6855814456939697,171,27
2726,11911,base_enriched,active_fraction,-0.003379604546353221,0.0020053167827427387,-1.6853220462799072,1.6853220462799072,217,27
2727,2167,specialized_enriched,max,0.6033549308776855,0.35812684893608093,1.6847519874572754,1.6847519874572754,218,27
2728,8558,base_enriched,mean,-0.02586439624428749,0.015352828428149223,-1.6846665143966675,1.6846665143966675,182,27
2729,11055,base_enriched,active_fraction,-0.0025229875463992357,0.0014985601883381605,-1.6836076974868774,1.6836076974868774,213,27
2730,4200,base_enriched,mean,-0.028162412345409393,0.016731567680835724,-1.6831903457641602,1.6831903457641602,205,27
2731,5982,base_enriched,active_fraction,-0.0030792816542088985,0.001831247005611658,-1.6815217733383179,1.6815217733383179,141,27
2732,4605,base_enriched,mean,-0.02149934321641922,0.012787416577339172,-1.6812890768051147,1.6812890768051147,254,27
2733,481,specialized_enriched,max,0.5583279728889465,0.3324936032295227,1.6792141199111938,1.6792141199111938,239,27
2734,7678,specialized_enriched,max,0.9197055697441101,0.5482138395309448,1.6776401996612549,1.6776401996612549,243,27
2735,10013,specialized_enriched,max,0.37841179966926575,0.2257596254348755,1.6761713027954102,1.6761713027954102,190,27
2736,14195,specialized_enriched,max,0.5005068182945251,0.29883280396461487,1.6748723983764648,1.6748723983764648,193,27
2737,5623,base_enriched,mean,-0.025820188224315643,0.015430198051035404,-1.6733542680740356,1.6733542680740356,268,27
2738,13294,base_enriched,active_fraction,-0.004562981426715851,0.0027279749047011137,-1.6726624965667725,1.6726624965667725,166,27
2739,15269,base_enriched,active_fraction,-0.00519911851733923,0.003109477460384369,-1.6720231771469116,1.6720231771469116,209,27
2740,3224,base_enriched,active_fraction,-0.0015663678059354424,0.0009368764003738761,-1.671904444694519,1.671904444694519,113,27
2741,2157,specialized_enriched,max,0.8110413551330566,0.4852156341075897,1.6715070009231567,1.6715070009231567,230,27
2742,11584,base_enriched,active_fraction,-0.0033129439689219,0.0019826472271233797,-1.6709699630737305,1.6709699630737305,74,27
2743,9446,specialized_enriched,active_fraction,0.0005375584587454796,0.00032191723585128784,1.669865369796753,1.669865369796753,40,27
2744,5126,specialized_enriched,max,1.757002830505371,1.0542923212051392,1.6665234565734863,1.6665234565734863,146,27
2745,1495,base_enriched,active_fraction,-0.0022655681241303682,0.0013608784647658467,-1.6647835969924927,1.6647835969924927,198,27
2746,7829,base_enriched,active_fraction,-0.00567455543205142,0.003409885335713625,-1.6641484498977661,1.6641484498977661,239,27
2747,9093,base_enriched,active_fraction,-0.003636130830273032,0.0021852070931345224,-1.6639753580093384,1.6639753580093384,213,27
2748,4226,base_enriched,active_fraction,-0.006387010216712952,0.0038408576510846615,-1.6629124879837036,1.6629124879837036,162,27
2749,7007,specialized_enriched,max,0.3965708911418915,0.23877011239528656,1.660889983177185,1.660889983177185,247,27
2750,14758,specialized_enriched,max,0.7916460633277893,0.47758448123931885,1.6576042175292969,1.6576042175292969,268,27
2751,1122,specialized_enriched,max,0.6284117698669434,0.37915611267089844,1.657395839691162,1.657395839691162,115,27
2752,12149,base_enriched,mean,-0.0579364150762558,0.03495664894580841,-1.6573790311813354,1.6573790311813354,254,27
2753,13295,specialized_enriched,max,0.2657115161418915,0.16035187244415283,1.657052755355835,1.657052755355835,92,27
2754,13356,base_enriched,active_fraction,-0.004049663431942463,0.0024446307215839624,-1.6565542221069336,1.6565542221069336,268,27
2755,1966,base_enriched,active_fraction,-0.004251649137586355,0.0025671974290162325,-1.6561442613601685,1.6561442613601685,226,27
2756,2736,specialized_enriched,max,1.2788394689559937,0.7726833820343018,1.6550626754760742,1.6550626754760742,187,27
2757,7850,specialized_enriched,max,0.933420717716217,0.5648923516273499,1.6523869037628174,1.6523869037628174,222,27
2758,10575,specialized_enriched,max,1.449428915977478,0.8775328993797302,1.651708960533142,1.651708960533142,231,27
2759,2494,specialized_enriched,max,0.2828013598918915,0.17136144638061523,1.6503207683563232,1.6503207683563232,193,27
2760,12216,specialized_enriched,max,0.7547468543052673,0.45746296644210815,1.6498534679412842,1.6498534679412842,188,27
2761,3054,specialized_enriched,max,1.6595629453659058,1.006469964981079,1.6488946676254272,1.6488946676254272,109,27
2762,10895,base_enriched,mean,-0.05748995020985603,0.034894220530986786,-1.6475493907928467,1.6475493907928467,231,27
2763,10518,base_enriched,active_fraction,-0.005565860774368048,0.0033813216723501682,-1.6460607051849365,1.6460607051849365,241,27
2764,14456,specialized_enriched,max,0.20306318998336792,0.12336384505033493,1.646051049232483,1.646051049232483,72,27
2765,7697,base_enriched,mean,-0.02763250842690468,0.016823938116431236,-1.6424518823623657,1.6424518823623657,118,27
2766,1065,base_enriched,active_fraction,-0.0064461142756044865,0.003928022924810648,-1.6410582065582275,1.6410582065582275,146,27
2767,14570,base_enriched,active_fraction,-0.00426306901499629,0.0025978642515838146,-1.640989899635315,1.640989899635315,181,27
2768,7844,base_enriched,active_fraction,-0.00036543834721669555,0.00022309452469926327,-1.638042688369751,1.638042688369751,28,27
2769,5536,base_enriched,mean,-0.1022738665342331,0.06250015646219254,-1.6363778114318848,1.6363778114318848,264,27
2770,2087,base_enriched,mean,-0.009161791764199734,0.005617835093289614,-1.6308403015136719,1.6308403015136719,220,27
2771,12820,base_enriched,active_fraction,-0.002057956764474511,0.0012624055380001664,-1.6301867961883545,1.6301867961883545,180,27
2772,13321,specialized_enriched,max,0.29295021295547485,0.1800289899110794,1.6272391080856323,1.6272391080856323,210,27
2773,9745,specialized_enriched,max,0.2586963474750519,0.15898002684116364,1.6272255182266235,1.6272255182266235,193,27
2774,7065,base_enriched,mean,-0.01775422878563404,0.010916176252067089,-1.6264146566390991,1.6264146566390991,232,27
2775,12358,base_enriched,active_fraction,-0.003095047315582633,0.0019041976192966104,-1.625381350517273,1.625381350517273,186,27
2776,5006,base_enriched,mean,-0.02110222913324833,0.012993144802749157,-1.6241048574447632,1.6241048574447632,166,27
2777,9475,base_enriched,mean,-0.01982179470360279,0.012214337475597858,-1.6228301525115967,1.6228301525115967,130,27
2778,1789,specialized_enriched,max,0.29625073075294495,0.1825636923313141,1.6227253675460815,1.6227253675460815,169,27
2779,13343,base_enriched,active_fraction,-0.0016772354720160365,0.0010348043870180845,-1.6208237409591675,1.6208237409591675,200,27
2780,13467,specialized_enriched,max,0.9371724128723145,0.5783560872077942,1.620407223701477,1.620407223701477,222,27
2781,13276,specialized_enriched,max,0.7104800939559937,0.4387020766735077,1.619504690170288,1.619504690170288,239,27
2782,9666,specialized_enriched,max,0.4808952212333679,0.29696959257125854,1.6193416118621826,1.6193416118621826,258,27
2783,14412,specialized_enriched,max,0.718366801738739,0.4441922903060913,1.6172428131103516,1.6172428131103516,148,27
2784,112,base_enriched,active_fraction,-0.0019157747738063335,0.0011847205460071564,-1.617068886756897,1.617068886756897,197,27
2785,14882,specialized_enriched,max,0.1393394023180008,0.08616984635591507,1.6170320510864258,1.6170320510864258,28,27
2786,2549,specialized_enriched,max,1.7064626216888428,1.0556037425994873,1.616575002670288,1.616575002670288,150,27
2787,11719,base_enriched,mean,-0.043422818183898926,0.026861995458602905,-1.616515040397644,1.616515040397644,265,27
2788,8098,base_enriched,mean,-0.024851690977811813,0.015374265611171722,-1.6164473295211792,1.6164473295211792,213,27
2789,8126,specialized_enriched,max,0.5768455862998962,0.357303649187088,1.6144407987594604,1.6144407987594604,149,27
2790,13908,specialized_enriched,max,1.9860994815826416,1.2313802242279053,1.6129051446914673,1.6129051446914673,138,27
2791,2016,base_enriched,mean,-0.026218920946121216,0.016256138682365417,-1.6128628253936768,1.6128628253936768,253,27
2792,16348,base_enriched,active_fraction,-0.005738560110330582,0.003559606382623315,-1.6121333837509155,1.6121333837509155,138,27
2793,15643,specialized_enriched,active_fraction,0.001767315436154604,0.0010972621385008097,1.6106592416763306,1.6106592416763306,180,27
2794,16028,specialized_enriched,max,0.4111822545528412,0.25550004839897156,1.6093236207962036,1.6093236207962036,102,27
2795,6757,base_enriched,mean,-0.024595066905021667,0.015303539112210274,-1.6071490049362183,1.6071490049362183,129,27
2796,2380,base_enriched,active_fraction,-0.004820111207664013,0.002999270800501108,-1.607094407081604,1.607094407081604,139,27
2797,9781,specialized_enriched,max,0.2415076196193695,0.1509065330028534,1.6003788709640503,1.6003788709640503,65,27
2798,15199,specialized_enriched,max,0.5245747566223145,0.32778775691986084,1.6003488302230835,1.6003488302230835,254,27
2799,8487,base_enriched,mean,-0.00115879881195724,0.0007244955049827695,-1.5994561910629272,1.5994561910629272,53,27
2800,5239,base_enriched,active_fraction,-0.0025944288354367018,0.0016230709152296185,-1.5984691381454468,1.5984691381454468,188,27
2801,4905,specialized_enriched,max,0.32972273230552673,0.20641738176345825,1.597359299659729,1.597359299659729,217,27
2802,4983,base_enriched,mean,-0.0112422751262784,0.007041908334940672,-1.5964813232421875,1.5964813232421875,207,27
2803,1680,base_enriched,active_fraction,-0.008630027994513512,0.005410853773355484,-1.5949475765228271,1.5949475765228271,222,27
2804,4358,base_enriched,mean,-0.037579234689474106,0.02358230948448181,-1.5935349464416504,1.5935349464416504,189,27
2805,5308,base_enriched,active_fraction,-0.0020347305107861757,0.0012782237026840448,-1.5918422937393188,1.5918422937393188,184,27
2806,8327,base_enriched,mean,-0.016367947682738304,0.01028879452496767,-1.5908517837524414,1.5908517837524414,247,27
2807,2783,specialized_enriched,max,0.4475375711917877,0.2813747227191925,1.5905393362045288,1.5905393362045288,196,27
2808,5032,specialized_enriched,max,0.6391354203224182,0.4019501805305481,1.5900862216949463,1.5900862216949463,206,27
2809,2763,specialized_enriched,max,0.3142182528972626,0.19764582812786102,1.5898046493530273,1.5898046493530273,83,27
2810,5326,base_enriched,active_fraction,-0.0062492224387824535,0.003935434389859438,-1.5879371166229248,1.5879371166229248,202,27
2811,9597,specialized_enriched,max,0.4828545153141022,0.3040856719017029,1.5878896713256836,1.5878896713256836,224,27
2812,14740,specialized_enriched,max,0.9742848873138428,0.614532470703125,1.585408329963684,1.585408329963684,151,27
2813,6133,base_enriched,active_fraction,-0.003993022255599499,0.0025201484095305204,-1.5844392776489258,1.5844392776489258,252,27
2814,10255,base_enriched,active_fraction,-0.006599957589060068,0.004165589809417725,-1.5843993425369263,1.5843993425369263,232,27
2815,5221,base_enriched,mean,-0.03922271728515625,0.024765966460108757,-1.5837345123291016,1.5837345123291016,246,27
2816,13445,specialized_enriched,max,0.2789878249168396,0.17616485059261322,1.5836747884750366,1.5836747884750366,110,27
2817,6400,base_enriched,active_fraction,-0.003306618193164468,0.0020881593227386475,-1.5835086107254028,1.5835086107254028,112,27
2818,8104,base_enriched,mean,-0.021777624264359474,0.013766707852482796,-1.5819050073623657,1.5819050073623657,266,27
2819,8970,specialized_enriched,max,0.29928550124168396,0.18935741484165192,1.580532193183899,1.580532193183899,179,27
2820,11057,base_enriched,mean,-0.08246108144521713,0.05217740312218666,-1.5803983211517334,1.5803983211517334,119,27
2821,11290,specialized_enriched,max,0.5154024958610535,0.32618167996406555,1.580108642578125,1.580108642578125,251,27
2822,4712,base_enriched,active_fraction,-0.004090007394552231,0.002589052077382803,-1.5797315835952759,1.5797315835952759,194,27
2823,4488,specialized_enriched,max,0.5196177959442139,0.3292473256587982,1.578199028968811,1.578199028968811,268,27
2824,6065,specialized_enriched,max,0.21194496750831604,0.13431788980960846,1.5779354572296143,1.5779354572296143,136,27
2825,3573,specialized_enriched,max,0.5244882106781006,0.33240437507629395,1.5778619050979614,1.5778619050979614,194,27
2826,13250,specialized_enriched,max,0.6598966717720032,0.4189356863498688,1.5751742124557495,1.5751742124557495,155,27
2827,4519,specialized_enriched,max,0.5797876119613647,0.3680887818336487,1.5751298666000366,1.5751298666000366,264,27
2828,15137,base_enriched,active_fraction,-0.0055435034446418285,0.003527953987941146,-1.5713083744049072,1.5713083744049072,180,27
2829,9961,specialized_enriched,max,0.5991241931915283,0.38178113102912903,1.5692870616912842,1.5692870616912842,134,27
2830,4144,base_enriched,mean,-0.02935650944709778,0.01871371641755104,-1.5687161684036255,1.5687161684036255,265,27
2831,15971,base_enriched,mean,-0.01969757489860058,0.012580599635839462,-1.5657103061676025,1.5657103061676025,241,27
2832,15278,specialized_enriched,max,0.20732174813747406,0.13241614401340485,1.565683364868164,1.565683364868164,86,27
2833,8859,specialized_enriched,max,0.3199416399002075,0.204401895403862,1.5652576684951782,1.5652576684951782,258,27
2834,5173,specialized_enriched,max,0.34062251448631287,0.21762576699256897,1.5651755332946777,1.5651755332946777,152,27
2835,9722,base_enriched,mean,-0.015962818637490273,0.010202506557106972,-1.564597725868225,1.564597725868225,247,27
2836,11089,specialized_enriched,max,0.1757565289735794,0.1123369038105011,1.5645484924316406,1.5645484924316406,29,27
2837,15728,specialized_enriched,max,0.48479530215263367,0.30991849303245544,1.5642671585083008,1.5642671585083008,268,27
2838,11048,base_enriched,active_fraction,-0.004522564820945263,0.002897352445870638,-1.5609301328659058,1.5609301328659058,134,27
2839,8580,specialized_enriched,max,0.6953125,0.44592955708503723,1.5592429637908936,1.5592429637908936,184,27
2840,15642,specialized_enriched,max,0.5693482756614685,0.36523929238319397,1.5588363409042358,1.5588363409042358,268,27
2841,12522,specialized_enriched,max,0.23949268460273743,0.15370142459869385,1.5581682920455933,1.5581682920455933,33,27
2842,7855,specialized_enriched,max,0.3141440749168396,0.20176337659358978,1.556992530822754,1.556992530822754,193,27
2843,11404,base_enriched,active_fraction,-0.004561460576951504,0.0029320542234927416,-1.5557217597961426,1.5557217597961426,132,27
2844,9850,specialized_enriched,max,0.23957303166389465,0.15428806841373444,1.5527645349502563,1.5527645349502563,249,27
2845,14599,base_enriched,mean,-0.029554100707173347,0.019034380093216896,-1.5526694059371948,1.5526694059371948,201,27
2846,6706,specialized_enriched,max,0.3270680904388428,0.2106533646583557,1.5526363849639893,1.5526363849639893,141,27
2847,5078,base_enriched,mean,-0.020704293623566628,0.013346096500754356,-1.5513370037078857,1.5513370037078857,195,27
2848,12467,base_enriched,active_fraction,-0.0031543441582471132,0.002033368218690157,-1.5512901544570923,1.5512901544570923,242,27
2849,209,specialized_enriched,max,0.3701789975166321,0.2392401546239853,1.5473113059997559,1.5473113059997559,267,27
2850,1400,specialized_enriched,max,0.22898536920547485,0.14801934361457825,1.5469962358474731,1.5469962358474731,268,27
2851,14367,base_enriched,mean,-0.023929402232170105,0.015472234226763248,-1.5466028451919556,1.5466028451919556,166,27
2852,11191,specialized_enriched,max,1.0560225248336792,0.6836388111114502,1.544708251953125,1.544708251953125,157,27
2853,8491,base_enriched,active_fraction,-0.0006218922208063304,0.0004028675321023911,-1.5436643362045288,1.5436643362045288,57,27
2854,4178,specialized_enriched,max,0.5643418431282043,0.36576974391937256,1.5428882837295532,1.5428882837295532,183,27
2855,2854,specialized_enriched,max,0.3190639913082123,0.206818625330925,1.5427236557006836,1.5427236557006836,146,27
2856,9940,specialized_enriched,mean,0.04270961508154869,0.02769840694963932,1.5419520139694214,1.5419520139694214,253,27
2857,959,specialized_enriched,max,0.7845999598503113,0.5093721747398376,1.5403274297714233,1.5403274297714233,195,27
2858,1555,base_enriched,mean,-0.030084343627095222,0.019552219659090042,-1.5386663675308228,1.5386663675308228,258,27
2859,4954,base_enriched,mean,-0.014575282111763954,0.009473826736211777,-1.5384788513183594,1.5384788513183594,130,27
2860,10408,specialized_enriched,max,0.2685794234275818,0.174603670835495,1.5382232666015625,1.5382232666015625,95,27
2861,5682,base_enriched,mean,-0.018765171989798546,0.012226356193423271,-1.5348131656646729,1.5348131656646729,227,27
2862,11961,base_enriched,mean,-0.013426623307168484,0.008755363523960114,-1.5335311889648438,1.5335311889648438,267,27
2863,14667,specialized_enriched,max,1.0626606941223145,0.6935992240905762,1.5320961475372314,1.5320961475372314,174,27
2864,14772,base_enriched,active_fraction,-0.001448232913389802,0.0009458609856665134,-1.531126618385315,1.531126618385315,142,27
2865,6833,base_enriched,active_fraction,-0.0022129348944872618,0.0014487880980595946,-1.5274386405944824,1.5274386405944824,135,27
2866,1668,base_enriched,mean,-0.01435794122517109,0.009412919171154499,-1.5253441333770752,1.5253441333770752,207,27
2867,11803,base_enriched,mean,-0.00526780728250742,0.003454905701801181,-1.5247325897216797,1.5247325897216797,110,27
2868,8851,specialized_enriched,max,0.23626631498336792,0.15497636795043945,1.5245312452316284,1.5245312452316284,263,27
2869,524,base_enriched,mean,-0.03087666630744934,0.020254289731383324,-1.524450659751892,1.524450659751892,118,27
2870,14428,specialized_enriched,max,0.2782337963581085,0.1826200932264328,1.5235661268234253,1.5235661268234253,91,27
2871,6265,base_enriched,active_fraction,-0.005812318995594978,0.003823745297268033,-1.5200591087341309,1.5200591087341309,224,27
2872,4142,base_enriched,mean,-0.009527133777737617,0.006272197235375643,-1.5189467668533325,1.5189467668533325,206,27
2873,13743,specialized_enriched,max,0.2809656858444214,0.18498210608959198,1.5188803672790527,1.5188803672790527,127,27
2874,13164,base_enriched,active_fraction,-0.009998803958296776,0.006588704418390989,-1.51756751537323,1.51756751537323,263,27
2875,4980,base_enriched,active_fraction,-0.0030529892537742853,0.0020124849397689104,-1.5170246362686157,1.5170246362686157,114,27
2876,4483,specialized_enriched,mean,0.013239921070635319,0.0087317219004035,1.5163012742996216,1.5163012742996216,85,27
2877,3652,base_enriched,max,-0.0995970144867897,0.0657133013010025,-1.5156294107437134,1.5156294107437134,43,27
2878,14468,specialized_enriched,max,0.5693482756614685,0.3763807713985443,1.5126922130584717,1.5126922130584717,268,27
2879,9377,specialized_enriched,max,0.5262806415557861,0.34825852513313293,1.5111780166625977,1.5111780166625977,245,27
2880,4082,base_enriched,active_fraction,-0.0033579475712031126,0.0022221291437745094,-1.5111397504806519,1.5111397504806519,105,27
2881,14854,base_enriched,active_fraction,-0.003556625684723258,0.0023543760180473328,-1.5106446743011475,1.5106446743011475,235,27
2882,11715,specialized_enriched,max,0.6355505585670471,0.4209398925304413,1.5098367929458618,1.5098367929458618,194,27
2883,5938,specialized_enriched,active_fraction,0.012350323610007763,0.008207840844988823,1.5046982765197754,1.5046982765197754,185,27
2884,16357,base_enriched,mean,-0.017131371423602104,0.011391904205083847,-1.5038198232650757,1.5038198232650757,157,27
2885,13905,specialized_enriched,max,0.17439675331115723,0.11623752117156982,1.5003482103347778,1.5003482103347778,184,27
2886,3135,base_enriched,mean,-0.024388277903199196,0.016258709132671356,-1.5000132322311401,1.5000132322311401,216,27
2887,12087,specialized_enriched,mean,0.006164671387523413,0.004111120942980051,1.4995111227035522,1.4995111227035522,97,27
2888,7319,base_enriched,mean,-0.03268422931432724,0.02181004360318184,-1.4985861778259277,1.4985861778259277,152,27
2889,11975,specialized_enriched,max,1.3916757106781006,0.9292558431625366,1.4976238012313843,1.4976238012313843,222,27
2890,7269,base_enriched,mean,-0.010446427389979362,0.0069772787392139435,-1.4972065687179565,1.4972065687179565,169,27
2891,10887,base_enriched,mean,-0.024027859792113304,0.0160530935972929,-1.496774435043335,1.496774435043335,268,27
2892,13686,base_enriched,mean,-0.019826285541057587,0.013247400522232056,-1.496617078781128,1.496617078781128,202,27
2893,12355,base_enriched,mean,-0.005163844674825668,0.0034514651633799076,-1.496131181716919,1.496131181716919,186,27
2894,15976,base_enriched,active_fraction,-0.0031251786276698112,0.002089757239446044,-1.4954744577407837,1.4954744577407837,264,27
2895,11009,specialized_enriched,max,1.2829805612564087,0.8580049276351929,1.4953067302703857,1.4953067302703857,210,27
2896,10584,specialized_enriched,max,1.0067247152328491,0.673482358455658,1.494804859161377,1.494804859161377,124,27
2897,14402,base_enriched,active_fraction,-0.002444327576085925,0.001635587541386485,-1.4944645166397095,1.4944645166397095,92,27
2898,9297,base_enriched,active_fraction,-0.002381047001108527,0.0015943980542942882,-1.4933830499649048,1.4933830499649048,36,27
2899,1642,base_enriched,active_fraction,-0.003541391110047698,0.002371755661442876,-1.4931517839431763,1.4931517839431763,149,27
2900,8878,specialized_enriched,active_fraction,0.002095379400998354,0.0014037232613191009,1.492729663848877,1.492729663848877,178,27
2901,6879,specialized_enriched,max,0.24690961837768555,0.16566482186317444,1.4904167652130127,1.4904167652130127,175,27
2902,2092,base_enriched,max,-0.9863157868385315,0.6619604229927063,-1.4899920225143433,1.4899920225143433,135,27
2903,8229,base_enriched,active_fraction,-0.004204906988888979,0.0028227954171597958,-1.489625096321106,1.489625096321106,139,27
2904,1593,base_enriched,mean,-0.03628227487206459,0.024358855560421944,-1.4894901514053345,1.4894901514053345,165,27
2905,13308,base_enriched,active_fraction,-0.003983847796916962,0.0026746708899736404,-1.4894721508026123,1.4894721508026123,256,27
2906,7944,specialized_enriched,max,0.41778331995010376,0.28068792819976807,1.4884264469146729,1.4884264469146729,136,27
2907,3024,base_enriched,active_fraction,-0.0019864190835505724,0.0013357840944081545,-1.4870809316635132,1.4870809316635132,172,27
2908,11895,base_enriched,active_fraction,-0.0015820128610357642,0.001063989126123488,-1.4868693351745605,1.4868693351745605,112,27
2909,3494,specialized_enriched,max,0.2122725546360016,0.14279575645923615,1.4865466356277466,1.4865466356277466,58,27
2910,8033,base_enriched,active_fraction,-0.003623334690928459,0.0024394909851253033,-1.4852831363677979,1.4852831363677979,196,27
2911,11947,specialized_enriched,max,0.4730271100997925,0.3185896575450897,1.4847534894943237,1.4847534894943237,268,27
2912,2447,base_enriched,mean,-0.01619623973965645,0.010909373871982098,-1.484616756439209,1.484616756439209,267,27
2913,5422,base_enriched,active_fraction,-0.0012834524968639016,0.0008651584503240883,-1.4834883213043213,1.4834883213043213,47,27
2914,11185,specialized_enriched,max,0.1931430548429489,0.13030074536800385,1.4822866916656494,1.4822866916656494,137,27
2915,8771,base_enriched,mean,-0.018556425347924232,0.01253893319517374,-1.4799046516418457,1.4799046516418457,267,27
2916,12424,base_enriched,active_fraction,-0.002453502267599106,0.0016588222933933139,-1.479062795639038,1.479062795639038,100,27
2917,10410,base_enriched,active_fraction,-0.0014176187105476856,0.000958526972681284,-1.4789555072784424,1.4789555072784424,130,27
2918,5137,specialized_enriched,max,0.34807655215263367,0.23558278381824493,1.4775127172470093,1.4775127172470093,243,27
2919,7279,specialized_enriched,max,0.7770470976829529,0.5264270901679993,1.4760773181915283,1.4760773181915283,263,27
2920,7611,base_enriched,mean,-0.025918742641806602,0.01756354048848152,-1.4757128953933716,1.4757128953933716,217,27
2921,10652,specialized_enriched,max,0.3671380579471588,0.24880105257034302,1.4756290912628174,1.4756290912628174,101,27
2922,4156,specialized_enriched,max,0.4180243909358978,0.28344932198524475,1.4747765064239502,1.4747765064239502,253,27
2923,9701,base_enriched,mean,-0.01694589853286743,0.011516028083860874,-1.4715055227279663,1.4715055227279663,254,27
2924,8519,specialized_enriched,max,1.750619649887085,1.191045880317688,1.4698171615600586,1.4698171615600586,138,27
2925,6200,base_enriched,active_fraction,-0.0012898505665361881,0.000878050341270864,-1.468993902206421,1.468993902206421,164,27
2926,3660,base_enriched,active_fraction,-0.0016642702976241708,0.0011365333339199424,-1.4643391370773315,1.4643391370773315,117,27
2927,10321,specialized_enriched,max,1.3721197843551636,0.9407325983047485,1.45856511592865,1.45856511592865,224,27
2928,13918,specialized_enriched,max,0.5717340707778931,0.39213863015174866,1.4579896926879883,1.4579896926879883,200,27
2929,12962,specialized_enriched,max,2.620216131210327,1.7987183332443237,1.4567128419876099,1.4567128419876099,124,27
2930,525,specialized_enriched,max,0.576406717300415,0.395906925201416,1.4559147357940674,1.4559147357940674,223,27
2931,8378,base_enriched,mean,-0.027934279292821884,0.019192131236195564,-1.4555069208145142,1.4555069208145142,204,27
2932,408,base_enriched,active_fraction,-0.0013646958395838737,0.0009378237882629037,-1.4551730155944824,1.4551730155944824,146,27
2933,4385,specialized_enriched,max,0.3933198153972626,0.2704182267189026,1.4544870853424072,1.4544870853424072,188,27
2934,10027,specialized_enriched,max,0.31524425745010376,0.2167513072490692,1.4544053077697754,1.4544053077697754,215,27
2935,9634,specialized_enriched,active_fraction,0.002435998059809208,0.0016762838931754231,1.4532133340835571,1.4532133340835571,167,27
2936,10021,specialized_enriched,max,0.8241198658943176,0.5673919916152954,1.452470064163208,1.452470064163208,268,27
2937,9936,base_enriched,active_fraction,-0.0018446475733071566,0.0012712612515315413,-1.4510374069213867,1.4510374069213867,236,27
2938,13847,base_enriched,mean,-0.011671693995594978,0.008047450333833694,-1.4503592252731323,1.4503592252731323,40,27
2939,821,specialized_enriched,max,0.1519852578639984,0.10486537963151932,1.4493368864059448,1.4493368864059448,151,27
2940,10580,base_enriched,mean,-0.002237380249425769,0.0015457803383469582,-1.4474115371704102,1.4474115371704102,128,27
2941,4201,base_enriched,mean,-0.004019580315798521,0.0027772015891969204,-1.447349190711975,1.447349190711975,93,27
2942,10459,specialized_enriched,max,0.4150885045528412,0.28686749935150146,1.4469693899154663,1.4469693899154663,262,27
2943,1918,specialized_enriched,max,0.710109293460846,0.4908198416233063,1.4467819929122925,1.4467819929122925,205,27
2944,16205,base_enriched,active_fraction,-0.005970484111458063,0.004130101762712002,-1.4456021785736084,1.4456021785736084,254,27
2945,7134,specialized_enriched,max,0.49728044867515564,0.3440935015678406,1.4451898336410522,1.4451898336410522,153,27
2946,12369,specialized_enriched,max,0.603132426738739,0.417552649974823,1.4444464445114136,1.4444464445114136,202,27
2947,6015,specialized_enriched,max,0.3036244213581085,0.210205078125,1.4444199800491333,1.4444199800491333,204,27
2948,7423,base_enriched,mean,-0.03127254918217659,0.021698862314224243,-1.4412068128585815,1.4412068128585815,188,27
2949,12743,base_enriched,mean,-0.03971898928284645,0.027564236894249916,-1.4409610033035278,1.4409610033035278,173,27
2950,5152,specialized_enriched,max,0.345319926738739,0.23966486752033234,1.440845012664795,1.440845012664795,238,27
2951,5149,specialized_enriched,max,0.7140340805053711,0.4959363043308258,1.4397697448730469,1.4397697448730469,128,27
2952,8250,base_enriched,mean,-0.008398586884140968,0.005837616976350546,-1.4387012720108032,1.4387012720108032,126,27
2953,895,specialized_enriched,max,0.3947506546974182,0.2745300829410553,1.4379140138626099,1.4379140138626099,156,27
2954,10527,specialized_enriched,max,0.5472705960273743,0.3807712495326996,1.4372687339782715,1.4372687339782715,241,27
2955,14080,base_enriched,mean,-0.013818982057273388,0.009633568115532398,-1.4344614744186401,1.4344614744186401,82,27
2956,1852,base_enriched,mean,-0.03125635161995888,0.021804388612508774,-1.4334889650344849,1.4334889650344849,206,27
2957,12745,specialized_enriched,max,1.411812663078308,0.9856420755386353,1.4323786497116089,1.4323786497116089,194,27
2958,13355,specialized_enriched,max,0.47186511754989624,0.3295910060405731,1.4316686391830444,1.4316686391830444,196,27
2959,11714,base_enriched,active_fraction,-0.003001466626301408,0.0020998362451791763,-1.429381251335144,1.429381251335144,234,27
2960,6610,base_enriched,max,-0.43564268946647644,0.3049393892288208,-1.4286205768585205,1.4286205768585205,244,27
2961,13552,specialized_enriched,max,1.4835467338562012,1.0384477376937866,1.4286195039749146,1.4286195039749146,256,27
2962,10763,specialized_enriched,max,0.21911466121673584,0.1534069925546646,1.4283225536346436,1.4283225536346436,209,27
2963,9396,specialized_enriched,max,1.4324688911437988,1.0034794807434082,1.427501916885376,1.427501916885376,139,27
2964,12312,specialized_enriched,max,1.3301646709442139,0.9318374991416931,1.427464246749878,1.427464246749878,193,27
2965,12849,base_enriched,mean,-0.009014708921313286,0.006316028535366058,-1.4272749423980713,1.4272749423980713,219,27
2966,1895,specialized_enriched,max,0.539655864238739,0.3790539801120758,1.4236912727355957,1.4236912727355957,40,27
2967,4315,base_enriched,active_fraction,-0.0021599153988063335,0.0015189199475571513,-1.422007441520691,1.422007441520691,209,27
2968,2150,base_enriched,mean,-0.00644510006532073,0.00453932024538517,-1.4198381900787354,1.4198381900787354,41,27
2969,4632,base_enriched,active_fraction,-0.004113692324608564,0.002905710833147168,-1.415726661682129,1.415726661682129,101,27
2970,14401,specialized_enriched,max,0.5475672483444214,0.3874835968017578,1.413136601448059,1.413136601448059,137,27
2971,6364,specialized_enriched,max,0.3503448963165283,0.24821922183036804,1.4114333391189575,1.4114333391189575,151,27
2972,2809,specialized_enriched,max,0.6142454743385315,0.4353957176208496,1.4107751846313477,1.4107751846313477,45,27
2973,14727,base_enriched,active_fraction,-0.004407424014061689,0.0031351298093795776,-1.4058187007904053,1.4058187007904053,222,27
2974,436,specialized_enriched,max,1.5557382106781006,1.106662631034851,1.4057927131652832,1.4057927131652832,137,27
2975,1498,base_enriched,active_fraction,-0.005307306069880724,0.0037797754630446434,-1.404132604598999,1.404132604598999,237,27
2976,9337,base_enriched,active_fraction,-0.0014532548375427723,0.0010368179064244032,-1.401648998260498,1.401648998260498,187,27
2977,12774,base_enriched,mean,-0.008527308702468872,0.006090329494327307,-1.4001390933990479,1.4001390933990479,81,27
2978,4457,specialized_enriched,max,0.4896163046360016,0.349877268075943,1.3993943929672241,1.3993943929672241,268,27
2979,16198,specialized_enriched,max,0.9539408683776855,0.6818163394927979,1.399117112159729,1.399117112159729,91,27
2980,2060,base_enriched,mean,-0.023660780861973763,0.016915338113904,-1.398776650428772,1.398776650428772,258,27
2981,6105,specialized_enriched,max,1.3658524751663208,0.9766739010810852,1.3984733819961548,1.3984733819961548,240,27
2982,3435,base_enriched,active_fraction,-0.00662574265152216,0.004750686232000589,-1.3946917057037354,1.3946917057037354,101,27
2983,13670,base_enriched,mean,-0.007836305536329746,0.00562330661341548,-1.3935405015945435,1.3935405015945435,234,27
2984,8257,specialized_enriched,max,0.7518295049667358,0.539598286151886,1.3933134078979492,1.3933134078979492,245,27
2985,13984,specialized_enriched,max,0.7596482038497925,0.545210063457489,1.393312931060791,1.393312931060791,216,27
2986,7904,specialized_enriched,max,0.9467588067054749,0.6813111901283264,1.3896129131317139,1.3896129131317139,194,27
2987,4583,specialized_enriched,max,0.4067908227443695,0.29327836632728577,1.3870468139648438,1.3870468139648438,259,27
2988,8952,specialized_enriched,max,1.7263028621673584,1.24593985080719,1.3855427503585815,1.3855427503585815,87,27
2989,14973,base_enriched,active_fraction,-0.0005118213011883199,0.0003695198392961174,-1.3850983381271362,1.3850983381271362,118,27
2990,16238,specialized_enriched,max,0.9210158586502075,0.6657834053039551,1.3833565711975098,1.3833565711975098,159,27
2991,15957,base_enriched,active_fraction,-0.0017537467647343874,0.0012687003472819924,-1.3823175430297852,1.3823175430297852,186,27
2992,151,base_enriched,active_fraction,-0.00819734949618578,0.005949500482529402,-1.377821445465088,1.377821445465088,254,27
2993,12479,specialized_enriched,max,0.539235532283783,0.39151641726493835,1.3772999048233032,1.3772999048233032,197,27
2994,5442,base_enriched,active_fraction,-0.003969457931816578,0.0028838450089097023,-1.3764463663101196,1.3764463663101196,220,27
2995,15605,specialized_enriched,max,0.5357001423835754,0.3893028497695923,1.3760498762130737,1.3760498762130737,225,27
2996,14207,specialized_enriched,max,0.8041312098503113,0.5849486589431763,1.3747038841247559,1.3747038841247559,257,27
2997,6046,base_enriched,active_fraction,-0.0020081724505871534,0.0014609453501179814,-1.3745704889297485,1.3745704889297485,212,27
2998,10727,base_enriched,active_fraction,-0.0014254895504564047,0.0010372152319177985,-1.3743430376052856,1.3743430376052856,98,27
2999,9442,specialized_enriched,max,0.9398301243782043,0.6841385960578918,1.3737423419952393,1.3737423419952393,185,27
3000,4039,specialized_enriched,max,0.5452309250831604,0.3979429602622986,1.370123267173767,1.370123267173767,149,27
3001,4301,specialized_enriched,max,1.0423197746276855,0.7608031034469604,1.370025634765625,1.370025634765625,200,27
3002,5371,base_enriched,active_fraction,-0.0059058996848762035,0.0043111154809594154,-1.3699238300323486,1.3699238300323486,97,27
3003,14938,specialized_enriched,max,0.2681652903556824,0.19577273726463318,1.3697785139083862,1.3697785139083862,247,27
3004,16118,specialized_enriched,max,0.3134889304637909,0.22888629138469696,1.3696273565292358,1.3696273565292358,171,27
3005,6150,specialized_enriched,active_fraction,0.006244031712412834,0.004568746779114008,1.3666837215423584,1.3666837215423584,253,27
3006,6390,base_enriched,active_fraction,-0.0029268143698573112,0.00214232481084764,-1.3661861419677734,1.3661861419677734,198,27
3007,26,specialized_enriched,max,0.8888573050498962,0.6511747241020203,1.3650058507919312,1.3650058507919312,170,27
3008,4158,specialized_enriched,max,0.8084577918052673,0.5923951864242554,1.3647271394729614,1.3647271394729614,161,27
3009,15876,specialized_enriched,max,1.3879610300064087,1.0175714492797852,1.3639936447143555,1.3639936447143555,205,27
3010,545,specialized_enriched,max,0.47040027379989624,0.34547504782676697,1.3616042137145996,1.3616042137145996,172,27
3011,15515,specialized_enriched,max,1.3028888702392578,0.9585210680961609,1.3592699766159058,1.3592699766159058,145,27
3012,3125,specialized_enriched,max,0.17039161920547485,0.12541288137435913,1.3586453199386597,1.3586453199386597,49,27
3013,13341,base_enriched,max,-0.7174643874168396,0.5281023383140564,-1.3585706949234009,1.3585706949234009,152,27
3014,1647,specialized_enriched,max,1.7392702102661133,1.2812838554382324,1.3574433326721191,1.3574433326721191,193,27
3015,6790,specialized_enriched,max,1.1178921461105347,0.8235630393028259,1.3573850393295288,1.3573850393295288,107,27
3016,13732,base_enriched,mean,-0.013826538808643818,0.010192044079303741,-1.3566011190414429,1.3566011190414429,235,27
3017,3461,base_enriched,active_fraction,-0.0017093465430662036,0.001260164543054998,-1.3564471006393433,1.3564471006393433,188,27
3018,4768,specialized_enriched,max,0.2597779929637909,0.19159115850925446,1.3558975458145142,1.3558975458145142,146,27
3019,13564,specialized_enriched,max,0.3830071985721588,0.28319892287254333,1.3524316549301147,1.3524316549301147,252,27
3020,13329,base_enriched,mean,-0.018239468336105347,0.01348724216222763,-1.3523497581481934,1.3523497581481934,268,27
3021,12789,base_enriched,active_fraction,-0.003858638694509864,0.0028576438780874014,-1.3502867221832275,1.3502867221832275,260,27
3022,11302,specialized_enriched,max,0.3037480115890503,0.22511032223701477,1.3493295907974243,1.3493295907974243,243,27
3023,15655,specialized_enriched,active_fraction,0.003712400561198592,0.0027524158358573914,1.3487789630889893,1.3487789630889893,220,27
3024,1976,base_enriched,mean,-0.012894956395030022,0.009562341496348381,-1.3485145568847656,1.3485145568847656,114,27
3025,8766,specialized_enriched,max,0.20575183629989624,0.1527029275894165,1.3473994731903076,1.3473994731903076,40,27
3026,7488,specialized_enriched,max,0.37186017632484436,0.27695122361183167,1.3426918983459473,1.3426918983459473,226,27
3027,2468,specialized_enriched,mean,0.005510239861905575,0.004106882959604263,1.3417085409164429,1.3417085409164429,211,27
3028,12602,base_enriched,mean,-0.014490876346826553,0.01080375537276268,-1.3412814140319824,1.3412814140319824,174,27
3029,3152,base_enriched,active_fraction,-0.0009925456251949072,0.0007418380700983107,-1.3379545211791992,1.3379545211791992,98,27
3030,10502,specialized_enriched,max,0.33481261134147644,0.2502722144126892,1.3377938270568848,1.3377938270568848,253,27
3031,13261,base_enriched,mean,-0.018642183393239975,0.013963308185338974,-1.3350836038589478,1.3350836038589478,186,27
3032,4820,base_enriched,active_fraction,-0.006249536294490099,0.004684162326157093,-1.3341844081878662,1.3341844081878662,257,27
3033,9959,specialized_enriched,max,0.1658363789319992,0.12439281493425369,1.3331668376922607,1.3331668376922607,180,27
3034,5003,base_enriched,active_fraction,-0.0015500467270612717,0.001164851593784988,-1.3306816816329956,1.3306816816329956,102,27
3035,12936,specialized_enriched,max,0.5024105310440063,0.3778650164604187,1.3296031951904297,1.3296031951904297,144,27
3036,9309,base_enriched,mean,-0.021029798313975334,0.0158238485455513,-1.3289939165115356,1.3289939165115356,196,27
3037,12220,base_enriched,active_fraction,-0.002158515155315399,0.0016289332415908575,-1.325109601020813,1.325109601020813,90,27
3038,10186,specialized_enriched,active_fraction,0.004056713078171015,0.0030616133008152246,1.3250246047973633,1.3250246047973633,191,27
3039,3021,specialized_enriched,max,1.4599485397338867,1.1035716533660889,1.3229304552078247,1.3229304552078247,161,27
3040,2440,specialized_enriched,max,0.7972829341888428,0.6028473377227783,1.3225287199020386,1.3225287199020386,258,27
3041,531,specialized_enriched,max,0.556894063949585,0.42142897844314575,1.3214422464370728,1.3214422464370728,171,27
3042,11021,specialized_enriched,max,1.273140788078308,0.9634784460067749,1.3214004039764404,1.3214004039764404,216,27
3043,4022,base_enriched,mean,-0.03194234520196915,0.024196017533540726,-1.3201488256454468,1.3201488256454468,215,27
3044,491,specialized_enriched,max,0.4915076196193695,0.37240469455718994,1.3198212385177612,1.3198212385177612,217,27
3045,1127,specialized_enriched,max,0.652980387210846,0.4949552118778229,1.3192716836929321,1.3192716836929321,231,27
3046,10539,specialized_enriched,active_fraction,0.002180920448154211,0.001654206425882876,1.3184088468551636,1.3184088468551636,226,27
3047,6509,specialized_enriched,max,0.20426225662231445,0.154933363199234,1.318387746810913,1.318387746810913,122,27
3048,2331,specialized_enriched,max,0.3913975954055786,0.297004759311676,1.317815899848938,1.317815899848938,144,27
3049,1056,specialized_enriched,max,0.16254203021526337,0.12339577823877335,1.3172414302825928,1.3172414302825928,83,27
3050,5610,base_enriched,mean,-0.0020296061411499977,0.0015418421244248748,-1.3163514137268066,1.3163514137268066,81,27
3051,3528,base_enriched,mean,-0.018628953024744987,0.014192621223628521,-1.3125801086425781,1.3125801086425781,187,27
3052,12081,base_enriched,mean,-0.01518609281629324,0.011594770476222038,-1.3097363710403442,1.3097363710403442,133,27
3053,7589,specialized_enriched,mean,0.008081604726612568,0.006174389272928238,1.3088912963867188,1.3088912963867188,122,27
3054,15916,base_enriched,mean,-0.02907552570104599,0.022319912910461426,-1.302672028541565,1.302672028541565,87,27
3055,7254,specialized_enriched,max,0.45527592301368713,0.3495034873485565,1.3026362657546997,1.3026362657546997,268,27
3056,15231,specialized_enriched,max,0.21853984892368317,0.16801069676876068,1.300749659538269,1.300749659538269,96,27
3057,896,specialized_enriched,max,0.7928574681282043,0.6097655892372131,1.3002660274505615,1.3002660274505615,196,27
3058,6716,specialized_enriched,max,0.836703896522522,0.6437050104141235,1.2998250722885132,1.2998250722885132,190,27
3059,8750,specialized_enriched,max,0.4296380579471588,0.33089253306388855,1.2984217405319214,1.2984217405319214,203,27
3060,15552,specialized_enriched,max,0.41419848799705505,0.32017016410827637,1.293682336807251,1.293682336807251,154,27
3061,9642,base_enriched,active_fraction,-0.0015591488918289542,0.0012058352585881948,-1.2930032014846802,1.2930032014846802,205,27
3062,4931,specialized_enriched,max,0.24350400269031525,0.18851935863494873,1.29166579246521,1.29166579246521,85,27
3063,11942,base_enriched,max,-0.0670737773180008,0.051966097205877304,-1.2907218933105469,1.2907218933105469,32,27
3064,14659,specialized_enriched,max,0.47155606746673584,0.36550429463386536,1.2901519536972046,1.2901519536972046,156,27
3065,5967,base_enriched,mean,-0.014174256473779678,0.010992718860507011,-1.2894222736358643,1.2894222736358643,266,27
3066,3823,base_enriched,mean,-0.0186929814517498,0.014500249177217484,-1.2891489267349243,1.2891489267349243,268,27
3067,13093,specialized_enriched,max,0.2991248071193695,0.23213912546634674,1.2885583639144897,1.2885583639144897,101,27
3068,15016,base_enriched,mean,-0.013890809379518032,0.010800661519169807,-1.2861073017120361,1.2861073017120361,251,27
3069,9449,base_enriched,active_fraction,-0.003073293948546052,0.0023937178775668144,-1.2838997840881348,1.2838997840881348,217,27
3070,11813,specialized_enriched,max,1.3829361200332642,1.077204942703247,1.2838189601898193,1.2838189601898193,149,27
3071,6852,base_enriched,mean,-0.013401997275650501,0.010442998260259628,-1.2833476066589355,1.2833476066589355,246,27
3072,155,base_enriched,active_fraction,-0.0019319751299917698,0.00150907167699188,-1.280240774154663,1.280240774154663,32,27
3073,10032,base_enriched,max,-1.6565096378326416,1.2940573692321777,-1.2800898551940918,1.2800898551940918,154,27
3074,5530,specialized_enriched,max,1.1824564933776855,0.9251430034637451,1.278133749961853,1.278133749961853,98,27
3075,5268,specialized_enriched,active_fraction,0.0033382705878466368,0.0026137817185372114,1.2771803140640259,1.2771803140640259,263,27
3076,7498,specialized_enriched,max,0.4377287030220032,0.3429394066333771,1.276402473449707,1.276402473449707,154,27
3077,6840,specialized_enriched,max,0.1634196937084198,0.12804153561592102,1.2763022184371948,1.2763022184371948,55,27
3078,3778,specialized_enriched,max,0.15014956891536713,0.11783676594495773,1.274216651916504,1.274216651916504,129,27
3079,13305,specialized_enriched,max,1.3291510343551636,1.0443476438522339,1.2727093696594238,1.2727093696594238,127,27
3080,6153,base_enriched,active_fraction,-0.0028716460801661015,0.0022597110364586115,-1.27080237865448,1.27080237865448,106,27
3081,11278,specialized_enriched,mean,0.03685036301612854,0.029013656079769135,1.2701040506362915,1.2701040506362915,60,27
3082,3384,specialized_enriched,max,0.35281720757484436,0.27790650725364685,1.2695536613464355,1.2695536613464355,175,27
3083,6416,base_enriched,active_fraction,-0.002946032676845789,0.0023219401482492685,-1.2687805891036987,1.2687805891036987,255,27
3084,14560,specialized_enriched,max,0.20488034188747406,0.16181112825870514,1.2661696672439575,1.2661696672439575,135,27
3085,12571,specialized_enriched,max,0.6964250206947327,0.5505838990211487,1.2648844718933105,1.2648844718933105,268,27
3086,10798,base_enriched,mean,-0.011270668357610703,0.008915238082408905,-1.2642027139663696,1.2642027139663696,96,27
3087,661,specialized_enriched,max,1.0636619329452515,0.8423592448234558,1.2627177238464355,1.2627177238464355,233,27
3088,4446,specialized_enriched,max,0.14642256498336792,0.11596061289310455,1.2626922130584717,1.2626922130584717,263,27
3089,9953,base_enriched,mean,-0.012741909362375736,0.010100571438670158,-1.26150381565094,1.26150381565094,213,27
3090,2730,specialized_enriched,max,0.26467934250831604,0.2100784033536911,1.2599074840545654,1.2599074840545654,215,27
3091,11612,specialized_enriched,max,0.5302981734275818,0.4215877056121826,1.257859706878662,1.257859706878662,262,27
3092,2043,specialized_enriched,max,0.5930824875831604,0.4715610444545746,1.2577003240585327,1.2577003240585327,268,27
3093,11703,specialized_enriched,max,0.9585980772972107,0.7649169564247131,1.253205418586731,1.253205418586731,184,27
3094,6655,base_enriched,active_fraction,-0.006305887829512358,0.005035722628235817,-1.2522310018539429,1.2522310018539429,143,27
3095,1144,specialized_enriched,max,0.5834898948669434,0.46623677015304565,1.2514883279800415,1.2514883279800415,126,27
3096,1537,specialized_enriched,max,0.24743497371673584,0.19799235463142395,1.2497198581695557,1.2497198581695557,230,27
3097,2300,base_enriched,active_fraction,-0.0038218919653445482,0.003059420268982649,-1.2492209672927856,1.2492209672927856,259,27
3098,2728,specialized_enriched,max,0.15529197454452515,0.12443434447050095,1.2479832172393799,1.2479832172393799,44,27
3099,9539,specialized_enriched,max,0.7868003249168396,0.6316739320755005,1.2455798387527466,1.2455798387527466,216,27
3100,5812,base_enriched,mean,-0.004922504536807537,0.003957854583859444,-1.2437305450439453,1.2437305450439453,134,27
3101,15313,specialized_enriched,max,0.21849659085273743,0.1758289784193039,1.242665410041809,1.242665410041809,212,27
3102,2920,specialized_enriched,max,0.22398512065410614,0.1802573800086975,1.2425850629806519,1.2425850629806519,197,27
3103,15059,specialized_enriched,max,0.0986451730132103,0.07943502813577652,1.2418346405029297,1.2418346405029297,35,27
3104,13198,specialized_enriched,max,0.3109424412250519,0.2505958080291748,1.2408126592636108,1.2408126592636108,170,27
3105,4528,base_enriched,mean,-0.02683137357234955,0.021624792367219925,-1.2407690286636353,1.2407690286636353,234,27
3106,4794,specialized_enriched,max,0.1949416548013687,0.15720562636852264,1.2400424480438232,1.2400424480438232,46,27
3107,10334,base_enriched,active_fraction,-0.004077984020113945,0.003295691218227148,-1.2373683452606201,1.2373683452606201,260,27
3108,5341,specialized_enriched,active_fraction,0.005480150692164898,0.004430768545717001,1.236839771270752,1.236839771270752,243,27
3109,10223,specialized_enriched,max,1.300039529800415,1.0538614988327026,1.2335962057113647,1.2335962057113647,105,27
3110,4029,specialized_enriched,max,0.320238322019577,0.259840190410614,1.2324433326721191,1.2324433326721191,124,27
3111,915,base_enriched,mean,-0.015463334508240223,0.012547597289085388,-1.2323741912841797,1.2323741912841797,268,27
3112,2723,base_enriched,active_fraction,-0.0011979597620666027,0.0009735120111145079,-1.2305546998977661,1.2305546998977661,59,27
3113,13091,base_enriched,active_fraction,-0.0012455469695851207,0.0010133442701771855,-1.2291449308395386,1.2291449308395386,141,27
3114,5388,base_enriched,mean,-0.02173498645424843,0.01768818311393261,-1.228785753250122,1.228785753250122,203,27
3115,5921,specialized_enriched,active_fraction,0.008851545862853527,0.007206243462860584,1.2283161878585815,1.2283161878585815,236,27
3116,8163,specialized_enriched,max,0.21013399958610535,0.1713135987520218,1.2266043424606323,1.2266043424606323,162,27
3117,10401,base_enriched,active_fraction,-0.0026549568865448236,0.002166497753933072,-1.2254602909088135,1.2254602909088135,208,27
3118,15186,base_enriched,mean,-0.029881199821829796,0.02438478171825409,-1.2254036664962769,1.2254036664962769,149,27
3119,14838,specialized_enriched,max,0.6131205558776855,0.5004475116729736,1.225144624710083,1.225144624710083,190,27
3120,1529,specialized_enriched,active_fraction,0.0007711483049206436,0.0006296698120422661,1.2246867418289185,1.2246867418289185,54,27
3121,6994,base_enriched,mean,-0.0012951621320098639,0.0010609099408611655,-1.220803141593933,1.220803141593933,45,27
3122,11593,base_enriched,active_fraction,-0.003024572040885687,0.002480179537087679,-1.2194972038269043,1.2194972038269043,192,27
3123,942,specialized_enriched,max,1.8438117504119873,1.5122603178024292,1.2192423343658447,1.2192423343658447,83,27
3124,14574,base_enriched,mean,-0.030385270714759827,0.024926146492362022,-1.219011902809143,1.219011902809143,266,27
3125,7701,base_enriched,active_fraction,-0.0015324217965826392,0.001257195370271802,-1.2189209461212158,1.2189209461212158,162,27
3126,10111,specialized_enriched,max,0.29604676365852356,0.2433393895626068,1.2166002988815308,1.2166002988815308,188,27
3127,1209,base_enriched,mean,-0.008466841652989388,0.0069609712809324265,-1.2163305282592773,1.2163305282592773,100,27
3128,8578,base_enriched,mean,-0.004141530022025108,0.003406542120501399,-1.2157577276229858,1.2157577276229858,224,27
3129,15821,base_enriched,active_fraction,-0.0013877530582249165,0.001141618238762021,-1.2156016826629639,1.2156016826629639,131,27
3130,10182,specialized_enriched,max,0.2766762375831604,0.22843682765960693,1.2111717462539673,1.2111717462539673,244,27
3131,860,specialized_enriched,max,0.6711024045944214,0.5541728138923645,1.2109984159469604,1.2109984159469604,200,27
3132,2059,base_enriched,active_fraction,-0.002641846891492605,0.0021867540199309587,-1.208113431930542,1.208113431930542,235,27
3133,13278,base_enriched,active_fraction,-0.0017329107504338026,0.0014351714635267854,-1.2074590921401978,1.2074590921401978,103,27
3134,13428,base_enriched,active_fraction,-0.0012707770802080631,0.0010527853155508637,-1.2070618867874146,1.2070618867874146,196,27
3135,2627,base_enriched,mean,-0.012295927852392197,0.010206915438175201,-1.2046663761138916,1.2046663761138916,242,27
3136,8247,base_enriched,mean,-0.013983521610498428,0.011607843451201916,-1.20466148853302,1.20466148853302,232,27
3137,5090,base_enriched,active_fraction,-0.004162293393164873,0.0034591115545481443,-1.2032839059829712,1.2032839059829712,186,27
3138,7769,base_enriched,mean,-0.007886234670877457,0.006557324901223183,-1.202660322189331,1.202660322189331,140,27
3139,14737,specialized_enriched,max,0.22721147537231445,0.1893216073513031,1.2001349925994873,1.2001349925994873,170,27
3140,1621,specialized_enriched,max,0.2888152599334717,0.2407761663198471,1.1995176076889038,1.1995176076889038,253,27
3141,8234,specialized_enriched,max,0.9385847449302673,0.7826622724533081,1.1992206573486328,1.1992206573486328,237,27
3142,3218,base_enriched,mean,-0.003018318908289075,0.0025175614282488823,-1.1989057064056396,1.1989057064056396,90,27
3143,8934,specialized_enriched,max,0.1699342429637909,0.14187173545360565,1.197801947593689,1.197801947593689,131,27
3144,4390,specialized_enriched,max,1.0508924722671509,0.8779469132423401,1.196988582611084,1.196988582611084,239,27
3145,16319,specialized_enriched,active_fraction,0.005937214009463787,0.004961750935763121,1.1965965032577515,1.1965965032577515,256,27
3146,15947,base_enriched,active_fraction,-0.00700371153652668,0.00585531909018755,-1.1961281299591064,1.1961281299591064,235,27
3147,3582,specialized_enriched,mean,0.0025213700719177723,0.002109488006681204,1.1952521800994873,1.1952521800994873,48,27
3148,13013,specialized_enriched,max,0.5436609983444214,0.45549193024635315,1.1935689449310303,1.1935689449310303,83,27
3149,9997,specialized_enriched,max,0.5966178774833679,0.5002801418304443,1.1925675868988037,1.1925675868988037,205,27
3150,1038,specialized_enriched,mean,0.005010387394577265,0.004202535375952721,1.1922296285629272,1.1922296285629272,136,27
3151,12212,specialized_enriched,max,0.7784068584442139,0.6530399918556213,1.1919742822647095,1.1919742822647095,224,27
3152,13459,base_enriched,mean,-0.014703677967190742,0.012338083237409592,-1.1917310953140259,1.1917310953140259,246,27
3153,11150,specialized_enriched,max,0.828335165977478,0.6954836249351501,1.1910203695297241,1.1910203695297241,211,27
3154,13674,base_enriched,mean,-0.0029712629038840532,0.0024959624279290438,-1.1904277801513672,1.1904277801513672,78,27
3155,5110,specialized_enriched,active_fraction,0.002193233696743846,0.001843348378315568,1.1898096799850464,1.1898096799850464,250,27
3156,770,base_enriched,active_fraction,-0.003991839475929737,0.0033554495312273502,-1.1896586418151855,1.1896586418151855,220,27
3157,12950,specialized_enriched,max,0.17830300331115723,0.14990006387233734,1.189479112625122,1.189479112625122,55,27
3158,14169,base_enriched,mean,-0.01839456707239151,0.015466520562767982,-1.1893151998519897,1.1893151998519897,266,27
3159,13185,base_enriched,mean,-0.014375903643667698,0.012096845544874668,-1.1884009838104248,1.1884009838104248,267,27
3160,2379,specialized_enriched,max,1.2735673189163208,1.0720129013061523,1.1880148649215698,1.1880148649215698,203,27
3161,6130,specialized_enriched,active_fraction,0.004020208027213812,0.0033843812998384237,1.1878708600997925,1.1878708600997925,243,27
3162,8978,specialized_enriched,max,0.6553043127059937,0.5523837804794312,1.1863206624984741,1.1863206624984741,264,27
3163,13297,specialized_enriched,max,0.19181418418884277,0.16192302107810974,1.184601068496704,1.184601068496704,266,27
3164,5907,specialized_enriched,max,0.38360363245010376,0.3246610760688782,1.1815510988235474,1.1815510988235474,264,27
3165,16099,specialized_enriched,max,0.21297715604305267,0.18033502995967865,1.181008219718933,1.181008219718933,196,27
3166,16329,specialized_enriched,max,0.11613059043884277,0.09841588139533997,1.179998517036438,1.179998517036438,61,27
3167,4445,specialized_enriched,active_fraction,0.00010956390178762376,9.286800923291594e-05,1.1797808408737183,1.1797808408737183,27,27
3168,12030,specialized_enriched,max,1.2532140016555786,1.0626440048217773,1.1793357133865356,1.1793357133865356,221,27
3169,6102,base_enriched,mean,-0.016256453469395638,0.013850761577486992,-1.1736866235733032,1.1736866235733032,211,27
3170,4837,specialized_enriched,max,0.599461019039154,0.5137619376182556,1.166806936264038,1.166806936264038,243,27
3171,12294,base_enriched,mean,-0.0050472067669034,0.0043258932419121265,-1.166743278503418,1.166743278503418,103,27
3172,15283,specialized_enriched,max,0.29009777307510376,0.2488134801387787,1.1659246683120728,1.1659246683120728,59,27
3173,14980,base_enriched,mean,-0.0077152736485004425,0.0066177076660096645,-1.1658529043197632,1.1658529043197632,102,27
3174,15350,base_enriched,active_fraction,-0.003613242646679282,0.0031172640156000853,-1.1591070890426636,1.1591070890426636,268,27
3175,13226,base_enriched,active_fraction,-0.0023571208585053682,0.002040460705757141,-1.1551904678344727,1.1551904678344727,94,27
3176,21,base_enriched,active_fraction,-0.0035386388190090656,0.0030638673342764378,-1.1549582481384277,1.1549582481384277,248,27
3177,9097,specialized_enriched,max,0.19642503559589386,0.1700764149427414,1.1549222469329834,1.1549222469329834,152,27
3178,7380,specialized_enriched,max,0.13566802442073822,0.1174846962094307,1.1547719240188599,1.1547719240188599,92,27
3179,16102,base_enriched,active_fraction,-0.0012049614451825619,0.0010463153012096882,-1.1516236066818237,1.1516236066818237,142,27
3180,7325,specialized_enriched,max,0.23312030732631683,0.20325808227062225,1.1469178199768066,1.1469178199768066,258,27
3181,15978,base_enriched,active_fraction,-0.0001899864146253094,0.00016578583745285869,-1.1459749937057495,1.1459749937057495,39,27
3182,5065,base_enriched,mean,-0.013948271982371807,0.012180988676846027,-1.145085334777832,1.145085334777832,268,27
3183,9492,base_enriched,max,-1.0919575691223145,0.9552811980247498,-1.1430745124816895,1.1430745124816895,251,27
3184,15784,base_enriched,mean,-0.016233226284384727,0.014203385449945927,-1.14291250705719,1.14291250705719,263,27
3185,8715,specialized_enriched,mean,0.0048493496142327785,0.004244031384587288,1.1426280736923218,1.1426280736923218,98,27
3186,2002,base_enriched,active_fraction,-0.002243500668555498,0.001965349307283759,-1.1415276527404785,1.1415276527404785,129,27
3187,12716,base_enriched,active_fraction,-0.0024003619328141212,0.0021033110097050667,-1.1412301063537598,1.1412301063537598,268,27
3188,2072,base_enriched,mean,-0.004524858668446541,0.003975180443376303,-1.138277530670166,1.138277530670166,64,27
3189,13981,specialized_enriched,max,0.5913549661636353,0.5198134183883667,1.1376292705535889,1.1376292705535889,258,27
3190,4362,specialized_enriched,max,0.5011681914329529,0.4412364065647125,1.1358269453048706,1.1358269453048706,168,27
3191,1635,specialized_enriched,max,0.3690849840641022,0.3254554867744446,1.1340566873550415,1.1340566873550415,213,27
3192,3670,specialized_enriched,max,0.7586376070976257,0.6690322160720825,1.1339328289031982,1.1339328289031982,110,27
3193,10718,specialized_enriched,max,0.17918068170547485,0.15848244726657867,1.1306027173995972,1.1306027173995972,163,27
3194,16248,base_enriched,active_fraction,-0.006966675166040659,0.006181079428642988,-1.1270968914031982,1.1270968914031982,209,27
3195,8788,specialized_enriched,max,0.1643468141555786,0.14596419036388397,1.1259392499923706,1.1259392499923706,193,27
3196,7097,specialized_enriched,max,1.1389315128326416,1.01393461227417,1.123279094696045,1.123279094696045,202,27
3197,9759,specialized_enriched,max,0.4700356125831604,0.4187430739402771,1.122491717338562,1.122491717338562,141,27
3198,10318,specialized_enriched,max,0.24886274337768555,0.2217118740081787,1.122460126876831,1.122460126876831,166,27
3199,8555,specialized_enriched,max,0.8031917810440063,0.7169314622879028,1.1203187704086304,1.1203187704086304,220,27
3200,14119,base_enriched,max,-0.1351241171360016,0.12065698951482773,-1.1199029684066772,1.1199029684066772,177,27
3201,5086,specialized_enriched,max,0.3835418224334717,0.34261706471443176,1.1194474697113037,1.1194474697113037,268,27
3202,6278,base_enriched,active_fraction,-0.0016703304136171937,0.001492836745455861,-1.1188969612121582,1.1188969612121582,156,27
3203,12273,base_enriched,active_fraction,-0.0014548241160809994,0.00130363495554775,-1.115975022315979,1.115975022315979,183,27
3204,8335,base_enriched,active_fraction,-0.0015521231107413769,0.0013922509970143437,-1.1148298978805542,1.1148298978805542,199,27
3205,8998,base_enriched,mean,-0.030824879184365273,0.027653006836771965,-1.114702582359314,1.114702582359314,247,27
3206,15753,base_enriched,active_fraction,-0.0034406636841595173,0.003089342499151826,-1.113720417022705,1.113720417022705,188,27
3207,14138,base_enriched,mean,-0.027171242982149124,0.024401042610406876,-1.1135278940200806,1.1135278940200806,253,27
3208,9335,base_enriched,active_fraction,-0.0014660026645287871,0.0013199299573898315,-1.1106669902801514,1.1106669902801514,158,27
3209,13354,specialized_enriched,max,1.151713252067566,1.037530541419983,1.1100523471832275,1.1100523471832275,251,27
3210,3799,base_enriched,mean,-0.0130428122356534,0.011752027086913586,-1.109835147857666,1.109835147857666,166,27
3211,2874,base_enriched,mean,-0.017506949603557587,0.015776626765727997,-1.1096763610839844,1.1096763610839844,159,27
3212,6874,specialized_enriched,max,0.8573600649833679,0.773589551448822,1.108288049697876,1.108288049697876,231,27
3213,1061,specialized_enriched,max,0.29617348313331604,0.2675192356109619,1.1071109771728516,1.1071109771728516,227,27
3214,8345,specialized_enriched,max,0.6988602876663208,0.6313852071762085,1.1068682670593262,1.1068682670593262,260,27
3215,1874,base_enriched,mean,-0.021968504413962364,0.019871363416314125,-1.105535864830017,1.105535864830017,258,27
3216,16340,base_enriched,mean,-0.012472973205149174,0.011284046806395054,-1.1053634881973267,1.1053634881973267,95,27
3217,1079,specialized_enriched,max,0.6463854908943176,0.5849272608757019,1.105069875717163,1.105069875717163,190,27
3218,15203,base_enriched,mean,-0.04201000556349754,0.03805540129542351,-1.1039170026779175,1.1039170026779175,256,27
3219,15716,base_enriched,active_fraction,-0.0018069834914058447,0.0016373468097299337,-1.1036045551300049,1.1036045551300049,61,27
3220,2210,specialized_enriched,max,0.21601809561252594,0.19600370526313782,1.1021122932434082,1.1021122932434082,250,27
3221,12357,base_enriched,active_fraction,-0.003915352281183004,0.003557119518518448,-1.1007087230682373,1.1007087230682373,218,27
3222,15613,specialized_enriched,max,0.8872441053390503,0.8060943484306335,1.100670337677002,1.100670337677002,171,27
3223,9486,specialized_enriched,max,0.17540422081947327,0.15942372381687164,1.1002391576766968,1.1002391576766968,147,27
3224,9308,specialized_enriched,max,0.33771756291389465,0.3069997727870941,1.1000580787658691,1.1000580787658691,155,27
3225,2050,base_enriched,mean,-0.021944697946310043,0.019957488402724266,-1.0995721817016602,1.0995721817016602,190,27
3226,12878,specialized_enriched,max,0.25216636061668396,0.2293631136417389,1.0994198322296143,1.0994198322296143,109,27
3227,13190,specialized_enriched,max,0.1587284952402115,0.14444269239902496,1.098902940750122,1.098902940750122,176,27
3228,2126,base_enriched,mean,-0.011510848999023438,0.010484755970537663,-1.0978652238845825,1.0978652238845825,234,27
3229,3853,base_enriched,active_fraction,-0.0027532940730452538,0.0025145665276795626,-1.094937801361084,1.094937801361084,211,27
3230,9753,base_enriched,active_fraction,-0.000706177728716284,0.0006469904910773039,-1.0914808511734009,1.0914808511734009,99,27
3231,5050,specialized_enriched,max,0.1764487773180008,0.16221469640731812,1.087748408317566,1.087748408317566,224,27
3232,13664,base_enriched,mean,-0.014330537989735603,0.013179170899093151,-1.0873626470565796,1.0873626470565796,254,27
3233,3752,base_enriched,active_fraction,-0.0015296452911570668,0.0014072863850742579,-1.086946725845337,1.086946725845337,197,27
3234,2520,base_enriched,active_fraction,-0.002012349432334304,0.001855082344263792,-1.0847762823104858,1.0847762823104858,177,27
3235,9102,base_enriched,mean,-0.03015066124498844,0.02787371352314949,-1.0816880464553833,1.0816880464553833,197,27
3236,15565,base_enriched,mean,-0.002478853100910783,0.0022919357288628817,-1.0815544128417969,1.0815544128417969,142,27
3237,3753,specialized_enriched,max,0.29247429966926575,0.2704736888408661,1.081341028213501,1.081341028213501,260,27
3238,2089,base_enriched,mean,-0.014397681690752506,0.013338100165128708,-1.0794402360916138,1.0794402360916138,245,27
3239,2484,base_enriched,mean,-0.0008874241029843688,0.0008229327504523098,-1.0783677101135254,1.0783677101135254,49,27
3240,2422,specialized_enriched,max,0.26637905836105347,0.2477622777223587,1.0751396417617798,1.0751396417617798,260,27
3241,12460,base_enriched,active_fraction,-0.0018666182877495885,0.001741893240250647,-1.0716031789779663,1.0716031789779663,200,27
3242,1015,specialized_enriched,max,0.7128411531448364,0.6657435894012451,1.070744276046753,1.070744276046753,218,27
3243,8318,base_enriched,active_fraction,-0.0009946220088750124,0.0009312069742009044,-1.068099856376648,1.068099856376648,149,27
3244,11489,specialized_enriched,max,1.105790138244629,1.0378276109695435,1.0654853582382202,1.0654853582382202,162,27
3245,8462,specialized_enriched,max,0.61181640625,0.5754886865615845,1.0631250143051147,1.0631250143051147,210,27
3246,7252,specialized_enriched,active_fraction,0.0011221487075090408,0.0010565485572442412,1.0620890855789185,1.0620890855789185,161,27
3247,15207,specialized_enriched,active_fraction,0.0021148149389773607,0.0019937981851398945,1.0606966018676758,1.0606966018676758,268,27
3248,14590,base_enriched,mean,-0.011025633662939072,0.010404449887573719,-1.0597037076950073,1.0597037076950073,211,27
3249,10564,specialized_enriched,max,1.0638350248336792,1.0045675039291382,1.0589979887008667,1.0589979887008667,241,27
3250,5406,specialized_enriched,max,0.2001953125,0.18951109051704407,1.0563777685165405,1.0563777685165405,254,27
3251,13186,specialized_enriched,max,0.291398823261261,0.27623802423477173,1.0548831224441528,1.0548831224441528,177,27
3252,10846,specialized_enriched,max,0.46442344784736633,0.4408537447452545,1.0534638166427612,1.0534638166427612,213,27
3253,57,base_enriched,active_fraction,-0.0029274180997163057,0.002779479371383786,-1.0532252788543701,1.0532252788543701,237,27
3254,3271,base_enriched,mean,-0.018766066059470177,0.017820527777075768,-1.0530589818954468,1.0530589818954468,125,27
3255,10751,specialized_enriched,max,0.2526453733444214,0.24000753462314606,1.0526560544967651,1.0526560544967651,235,27
3256,8165,base_enriched,mean,-0.0011518454411998391,0.001094925100915134,-1.0519856214523315,1.0519856214523315,90,27
3257,9568,base_enriched,mean,-0.0042743198573589325,0.004068516194820404,-1.0505844354629517,1.0505844354629517,158,27
3258,1777,base_enriched,mean,-0.015955127775669098,0.015236945822834969,-1.047134280204773,1.047134280204773,176,27
3259,9275,base_enriched,mean,-0.0032617230899631977,0.0031202214304357767,-1.0453498363494873,1.0453498363494873,71,27
3260,9002,specialized_enriched,max,0.8310546875,0.7964279651641846,1.0434775352478027,1.0434775352478027,244,27
3261,13144,specialized_enriched,max,0.3449150621891022,0.33085760474205017,1.0424879789352417,1.0424879789352417,124,27
3262,4075,specialized_enriched,max,0.37138423323631287,0.35748279094696045,1.0388870239257812,1.0388870239257812,177,27
3263,4364,specialized_enriched,mean,0.01660122536122799,0.015981709584593773,1.0387639999389648,1.0387639999389648,200,27
3264,3183,specialized_enriched,max,0.6487094759941101,0.6267910599708557,1.0349692106246948,1.0349692106246948,171,27
3265,14470,specialized_enriched,active_fraction,0.011346575804054737,0.010979740880429745,1.0334101915359497,1.0334101915359497,267,27
3266,2366,specialized_enriched,active_fraction,0.00321197509765625,0.0031134493183344603,1.0316451787948608,1.0316451787948608,268,27
3267,6936,base_enriched,mean,-0.03688556328415871,0.0357922799885273,-1.0305452346801758,1.0305452346801758,243,27
3268,13706,specialized_enriched,max,0.783969521522522,0.7641753554344177,1.0259026288986206,1.0259026288986206,141,27
3269,6168,base_enriched,active_fraction,-0.0017431959277018905,0.001702694222331047,-1.0237867832183838,1.0237867832183838,210,27
3270,11962,base_enriched,mean,-0.02153823897242546,0.021122775971889496,-1.0196689367294312,1.0196689367294312,171,27
3271,1193,specialized_enriched,max,0.18434780836105347,0.1810043305158615,1.0184718370437622,1.0184718370437622,45,27
3272,10184,specialized_enriched,mean,0.009382972493767738,0.00922376662492752,1.0172604322433472,1.0172604322433472,113,27
3273,7914,specialized_enriched,max,0.8788197040557861,0.8668098449707031,1.013855218887329,1.013855218887329,255,27
3274,2074,base_enriched,active_fraction,-0.0007506503607146442,0.0007440671906806529,-1.0088475942611694,1.0088475942611694,74,27
3275,12945,base_enriched,active_fraction,-0.002047381829470396,0.0020316187292337418,-1.0077588558197021,1.0077588558197021,156,27
3276,8600,specialized_enriched,max,0.7076369524002075,0.70315021276474,1.0063809156417847,1.0063809156417847,165,27
3277,2712,specialized_enriched,max,0.9140872359275818,0.909096360206604,1.0054899454116821,1.0054899454116821,128,27
3278,4670,base_enriched,active_fraction,-0.0016275719972327352,0.0016190916066989303,-1.0052376985549927,1.0052376985549927,170,27
3279,873,specialized_enriched,active_fraction,0.0033961429726332426,0.0033962265588343143,0.9999753832817078,0.9999753832817078,259,27
3280,2297,specialized_enriched,max,1.0118052959442139,1.0140926837921143,0.9977443814277649,0.9977443814277649,214,27
3281,2747,base_enriched,mean,-0.004051063675433397,0.004070770461112261,-0.9951589703559875,0.9951589703559875,39,27
3282,11934,base_enriched,active_fraction,-0.0013882118510082364,0.0013949668500572443,-0.9951575994491577,0.9951575994491577,140,27
3283,8026,base_enriched,active_fraction,-0.0025858094450086355,0.002609834773465991,-0.99079430103302,0.99079430103302,245,27
3284,15299,specialized_enriched,max,0.3884370028972626,0.39343661069869995,0.987292468547821,0.987292468547821,265,27
3285,6631,specialized_enriched,max,0.1517256796360016,0.15388934314250946,0.985940158367157,0.985940158367157,165,27
3286,7352,base_enriched,active_fraction,-0.00148686277680099,0.0015088029904291034,-0.9854585528373718,0.9854585528373718,156,27
3287,13969,base_enriched,mean,-0.15064433217048645,0.15288828313350677,-0.9853229522705078,0.9853229522705078,34,27
3288,6340,base_enriched,mean,-0.010355696082115173,0.010524573735892773,-0.9839539527893066,0.9839539527893066,160,27
3289,14307,specialized_enriched,max,0.5609053373336792,0.5714287757873535,0.9815840125083923,0.9815840125083923,119,27
3290,10362,base_enriched,mean,-0.005489252973347902,0.005598141811788082,-0.9805490970611572,0.9805490970611572,175,27
3291,3161,base_enriched,mean,-0.024815618991851807,0.02532297372817993,-0.9799646735191345,0.9799646735191345,30,27
3292,16263,specialized_enriched,max,0.11925806105136871,0.12180232256650925,0.9791115522384644,0.9791115522384644,134,27
3293,144,base_enriched,mean,-0.04523926600813866,0.046208515763282776,-0.9790244102478027,0.9790244102478027,30,27
3294,9162,specialized_enriched,max,0.15485315024852753,0.1582682728767395,0.9784219264984131,0.9784219264984131,49,27
3295,13776,base_enriched,active_fraction,-0.0010449615074321628,0.0010699285194277763,-0.9766647815704346,0.9766647815704346,200,27
3296,2679,base_enriched,mean,-0.010613743215799332,0.01087792869657278,-0.9757136106491089,0.9757136106491089,183,27
3297,15623,specialized_enriched,active_fraction,0.001157205319032073,0.0011863082181662321,0.9754676818847656,0.9754676818847656,205,27
3298,4582,base_enriched,mean,-0.07778020203113556,0.07981907576322556,-0.9744563102722168,0.9744563102722168,79,27
3299,16068,base_enriched,max,-1.0966302156448364,1.1273177862167358,-0.9727782607078552,0.9727782607078552,129,27
3300,4693,specialized_enriched,active_fraction,0.0006419073324650526,0.0006606581737287343,0.9716179370880127,0.9716179370880127,32,27
3301,889,specialized_enriched,max,0.17626334726810455,0.18202131986618042,0.9683665037155151,0.9683665037155151,45,27
3302,556,base_enriched,mean,-0.05883938819169998,0.06076962500810623,-0.9682368040084839,0.9682368040084839,34,27
3303,6699,base_enriched,mean,-0.018907956779003143,0.019615482538938522,-0.9639302492141724,0.9639302492141724,32,27
3304,12164,base_enriched,mean,-0.007994688116014004,0.008301778696477413,-0.9630090594291687,0.9630090594291687,88,27
3305,3048,base_enriched,mean,-0.0054035671055316925,0.00561549374833703,-0.962260365486145,0.962260365486145,180,27
3306,8885,specialized_enriched,mean,0.027470553293824196,0.028556887060403824,0.9619589447975159,0.9619589447975159,44,27
3307,10676,base_enriched,mean,-0.02612360194325447,0.027166886255145073,-0.961597204208374,0.961597204208374,102,27
3308,8985,specialized_enriched,max,0.6033858060836792,0.6277338266372681,0.9612128138542175,0.9612128138542175,212,27
3309,7635,specialized_enriched,max,0.11164334416389465,0.11626289784908295,0.9602662920951843,0.9602662920951843,60,27
3310,515,base_enriched,mean,-0.10214035212993622,0.10659219324588776,-0.9582348465919495,0.9582348465919495,49,27
3311,12090,specialized_enriched,max,0.9896904826164246,1.0375207662582397,0.9538994431495667,0.9538994431495667,110,27
3312,5592,specialized_enriched,max,0.19224683940410614,0.20256854593753815,0.9490458369255066,0.9490458369255066,187,27
3313,11,specialized_enriched,mean,0.02222399227321148,0.02370963804423809,0.9373400211334229,0.9373400211334229,105,27
3314,9714,specialized_enriched,max,0.3861501216888428,0.4123355448246002,0.9364948868751526,0.9364948868751526,120,27
3315,9354,base_enriched,active_fraction,-0.001307572005316615,0.0013981153024360538,-0.9352390170097351,0.9352390170097351,209,27
3316,16242,base_enriched,active_fraction,-0.0029961790423840284,0.0032197304535657167,-0.930568277835846,0.930568277835846,138,27
3317,8535,base_enriched,active_fraction,-0.0009536501602269709,0.001027899095788598,-0.9277663230895996,0.9277663230895996,177,27
3318,16179,specialized_enriched,max,0.4094145596027374,0.44269585609436035,0.9248213171958923,0.9248213171958923,251,27
3319,3927,base_enriched,active_fraction,-0.00040674812044017017,0.00044058042112737894,-0.9232097268104553,0.9232097268104553,66,27
3320,14321,base_enriched,mean,-0.007570773828774691,0.00827382504940033,-0.9150270819664001,0.9150270819664001,221,27
3321,10297,specialized_enriched,max,0.40182456374168396,0.43977412581443787,0.9137067198753357,0.9137067198753357,76,27
3322,4245,base_enriched,active_fraction,-0.0031965714879333973,0.0035154325887560844,-0.9092967510223389,0.9092967510223389,233,27
3323,10711,specialized_enriched,max,0.6363170146942139,0.7042043805122375,0.9035970568656921,0.9035970568656921,153,27
3324,2857,base_enriched,mean,-0.035915326327085495,0.03991582244634628,-0.8997766971588135,0.8997766971588135,142,27
3325,5478,specialized_enriched,max,0.4752274453639984,0.5294473171234131,0.8975915908813477,0.8975915908813477,200,27
3326,5042,base_enriched,mean,-0.017687520012259483,0.019823860377073288,-0.8922339081764221,0.8922339081764221,200,27
3327,8907,specialized_enriched,max,0.5947389006614685,0.6671516299247742,0.8914598822593689,0.8914598822593689,245,27
3328,1588,specialized_enriched,active_fraction,0.0008193149114958942,0.0009203098597936332,0.890259861946106,0.890259861946106,168,27
3329,7607,base_enriched,mean,-0.02008862979710102,0.02270459569990635,-0.8847825527191162,0.8847825527191162,228,27
3330,13492,specialized_enriched,max,0.6282140016555786,0.7114520072937012,0.8830026388168335,0.8830026388168335,162,27
3331,2904,base_enriched,active_fraction,-0.003692119847983122,0.004193328786641359,-0.8804746866226196,0.8804746866226196,253,27
3332,5270,base_enriched,mean,-0.05020136758685112,0.05715033411979675,-0.8784089684486389,0.8784089684486389,68,27
3333,3416,specialized_enriched,max,0.07733386009931564,0.08819267153739929,0.8768739700317383,0.8768739700317383,61,27
3334,10467,base_enriched,active_fraction,-0.0008608178468421102,0.0009828067850321531,-0.8758769631385803,0.8758769631385803,155,27
3335,12826,specialized_enriched,max,0.2905767858028412,0.3322303295135498,0.874624490737915,0.874624490737915,186,27
3336,3118,base_enriched,active_fraction,-0.0028230450116097927,0.003230449976399541,-0.873885989189148,0.873885989189148,237,27
3337,15175,base_enriched,active_fraction,-0.0029383793007582426,0.003365449607372284,-0.873101532459259,0.873101532459259,225,27
3338,7400,specialized_enriched,max,0.5536676645278931,0.634235143661499,0.8729690909385681,0.8729690909385681,253,27
3339,3410,base_enriched,mean,-0.008151995949447155,0.00934456568211317,-0.8723782896995544,0.8723782896995544,238,27
3340,173,base_enriched,active_fraction,-0.0018656767206266522,0.002139951568096876,-0.8718312978744507,0.8718312978744507,183,27
3341,10741,base_enriched,mean,-0.011574178002774715,0.013314549811184406,-0.8692879676818848,0.8692879676818848,268,27
3342,708,base_enriched,active_fraction,-0.00017501733964309096,0.00020258474978618324,-0.863921582698822,0.863921582698822,37,27
3343,7788,base_enriched,mean,-0.013362402096390724,0.01547189150005579,-0.8636566400527954,0.8636566400527954,246,27
3344,1622,base_enriched,mean,-0.00596973579376936,0.006934723351150751,-0.860846996307373,0.860846996307373,87,27
3345,9774,specialized_enriched,mean,0.016267897561192513,0.019024576991796494,0.8550990223884583,0.8550990223884583,184,27
3346,11472,specialized_enriched,max,0.4531497359275818,0.532633900642395,0.8507714867591858,0.8507714867591858,190,27
3347,12932,specialized_enriched,max,0.10106803476810455,0.11882182210683823,0.8505848050117493,0.8505848050117493,34,27
3348,7275,base_enriched,mean,-0.00960526242852211,0.011319600977003574,-0.848551332950592,0.848551332950592,165,27
3349,14941,base_enriched,max,-0.334577739238739,0.39581823348999023,-0.8452812433242798,0.8452812433242798,89,27
3350,13830,base_enriched,active_fraction,-0.001108531723730266,0.0013147046556696296,-0.8431792855262756,0.8431792855262756,156,27
3351,15073,specialized_enriched,max,0.4658759534358978,0.55328369140625,0.8420200347900391,0.8420200347900391,195,27
3352,257,specialized_enriched,max,0.08941109478473663,0.10645604878664017,0.8398873805999756,0.8398873805999756,87,27
3353,15748,specialized_enriched,max,0.7545119524002075,0.898852527141571,0.8394168615341187,0.8394168615341187,185,27
3354,15307,specialized_enriched,max,1.2932963371276855,1.5514349937438965,0.8336129784584045,0.8336129784584045,232,27
3355,4791,base_enriched,mean,-0.016443263739347458,0.019911963492631912,-0.8257982134819031,0.8257982134819031,141,27
3356,6498,specialized_enriched,active_fraction,0.003177184145897627,0.003855060553178191,0.8241593241691589,0.8241593241691589,251,27
3357,15320,base_enriched,mean,-0.017292650416493416,0.021020768210291862,-0.8226459622383118,0.8226459622383118,268,27
3358,11948,base_enriched,mean,-0.02078162506222725,0.025419078767299652,-0.8175601363182068,0.8175601363182068,227,27
3359,15805,specialized_enriched,mean,0.010846874676644802,0.013294374570250511,0.8158996105194092,0.8158996105194092,246,27
3360,14984,base_enriched,active_fraction,-0.0006594356382265687,0.0008090587798506021,-0.8150652050971985,0.8150652050971985,79,27
3361,5765,base_enriched,mean,-0.02067604474723339,0.02548472210764885,-0.8113113641738892,0.8113113641738892,257,27
3362,1889,specialized_enriched,max,0.22671392560005188,0.2798400819301605,0.8101552724838257,0.8101552724838257,100,27
3363,6930,specialized_enriched,max,0.5643295049667358,0.7026245594024658,0.8031736016273499,0.8031736016273499,155,27
3364,8991,base_enriched,mean,-0.033213384449481964,0.041393108665943146,-0.8023892045021057,0.8023892045021057,254,27
3365,12827,specialized_enriched,max,0.21080152690410614,0.2630749046802521,0.8012984991073608,0.8012984991073608,162,27
3366,1988,specialized_enriched,max,0.0657510906457901,0.08243381977081299,0.7976227402687073,0.7976227402687073,47,27
3367,6606,specialized_enriched,max,0.9302313923835754,1.1704460382461548,0.7947666049003601,0.7947666049003601,244,27
3368,9440,base_enriched,mean,-0.009304674342274666,0.011756470426917076,-0.7914513349533081,0.7914513349533081,229,27
3369,3071,specialized_enriched,max,0.6539754867553711,0.8311514258384705,0.786830723285675,0.786830723285675,252,27
3370,16364,base_enriched,mean,-0.0085837934166193,0.010925641283392906,-0.7856557965278625,0.7856557965278625,198,27
3371,14353,base_enriched,mean,-0.009682957082986832,0.01257521752268076,-0.7700031399726868,0.7700031399726868,268,27
3372,2279,specialized_enriched,active_fraction,0.0018493314273655415,0.0024093114770948887,0.7675767540931702,0.7675767540931702,223,27
3373,4787,base_enriched,active_fraction,-0.0027976217679679394,0.003652736311778426,-0.7658975720405579,0.7658975720405579,215,27
3374,790,specialized_enriched,max,0.6565343141555786,0.8597998023033142,0.7635897397994995,0.7635897397994995,203,27
3375,8369,specialized_enriched,mean,0.010356130078434944,0.013576388359069824,0.7628045082092285,0.7628045082092285,89,27
3376,1723,base_enriched,mean,-0.006070945877581835,0.007972205057740211,-0.7615140080451965,0.7615140080451965,172,27
3377,2324,base_enriched,active_fraction,-0.0035680215805768967,0.0046869730576872826,-0.7612634897232056,0.7612634897232056,170,27
3378,3453,specialized_enriched,max,0.10914012789726257,0.14394308626651764,0.7582172155380249,0.7582172155380249,169,27
3379,7468,base_enriched,mean,-0.0007379749440588057,0.0009752550395205617,-0.7566994428634644,0.7566994428634644,31,27
3380,2067,base_enriched,mean,-0.019400704652071,0.025671320036053658,-0.7557346224784851,0.7557346224784851,250,27
3381,2358,specialized_enriched,max,0.2538444399833679,0.3369792103767395,0.753294050693512,0.753294050693512,230,27
3382,984,specialized_enriched,max,0.5396682024002075,0.7165287733078003,0.7531703114509583,0.7531703114509583,216,27
3383,2013,specialized_enriched,max,0.41210320591926575,0.5489789247512817,0.7506721615791321,0.7506721615791321,221,27
3384,10430,base_enriched,mean,-0.0034351348876953125,0.004603227600455284,-0.7462448477745056,0.7462448477745056,184,27
3385,10552,specialized_enriched,max,0.07750692218542099,0.10396871715784073,0.7454831004142761,0.7454831004142761,40,27
3386,16095,specialized_enriched,max,0.40052661299705505,0.5376275181770325,0.7449890375137329,0.7449890375137329,240,27
3387,7959,specialized_enriched,active_fraction,0.0023333874996751547,0.003139582695439458,0.743215799331665,0.743215799331665,227,27
3388,15713,specialized_enriched,max,0.9829534292221069,1.3368949890136719,0.7352510094642639,0.7352510094642639,202,27
3389,5649,base_enriched,active_fraction,-0.0005324158701114357,0.0007272211951203644,-0.7321236729621887,0.7321236729621887,114,27
3390,938,base_enriched,active_fraction,-0.00023738040181342512,0.00032434851163998246,-0.731868326663971,0.731868326663971,77,27
3391,1111,specialized_enriched,max,0.1373862773180008,0.18776191771030426,0.7317047119140625,0.7317047119140625,30,27
3392,6720,base_enriched,mean,-0.01866087131202221,0.025525430217385292,-0.731069803237915,0.731069803237915,245,27
3393,9933,specialized_enriched,max,0.4036788046360016,0.5526803135871887,0.7304019927978516,0.7304019927978516,189,27
3394,3664,specialized_enriched,max,0.4996415078639984,0.6897458434104919,0.7243849635124207,0.7243849635124207,253,27
3395,10543,specialized_enriched,max,0.3802165687084198,0.5252487659454346,0.7238790392875671,0.7238790392875671,193,27
3396,6603,base_enriched,mean,-0.006576851941645145,0.00911272969096899,-0.7217214107513428,0.7217214107513428,167,27
3397,5554,specialized_enriched,max,0.4661664366722107,0.651586651802063,0.7154327630996704,0.7154327630996704,174,27
3398,15209,specialized_enriched,max,0.39074862003326416,0.5479817986488342,0.7130686044692993,0.7130686044692993,249,27
3399,433,base_enriched,active_fraction,-0.002115804934874177,0.002969760447740555,-0.7124496698379517,0.7124496698379517,201,27
3400,5716,specialized_enriched,max,0.16537900269031525,0.23295505344867706,0.7099180817604065,0.7099180817604065,86,27
3401,14587,specialized_enriched,max,0.3576814532279968,0.5107167363166809,0.7003519535064697,0.7003519535064697,179,27
3402,4138,base_enriched,mean,-0.007187468931078911,0.010297990404069424,-0.697948694229126,0.697948694229126,263,27
3403,11528,specialized_enriched,active_fraction,0.005094962660223246,0.007314067333936691,0.696597695350647,0.696597695350647,254,27
3404,4984,specialized_enriched,max,0.11200801283121109,0.1616479605436325,0.6929132342338562,0.6929132342338562,169,27
3405,3739,base_enriched,mean,-0.014996903017163277,0.02193642407655716,-0.6836530566215515,0.6836530566215515,147,27
3406,3796,specialized_enriched,max,0.3103120028972626,0.45596545934677124,0.6805603504180908,0.6805603504180908,66,27
3407,13142,specialized_enriched,max,0.353132426738739,0.5203825831413269,0.6786015629768372,0.6786015629768372,132,27
3408,4590,specialized_enriched,max,0.45036837458610535,0.6668474674224854,0.675369381904602,0.675369381904602,212,27
3409,12420,specialized_enriched,max,0.18644927442073822,0.2764117121696472,0.6745346188545227,0.6745346188545227,259,27
3410,1434,base_enriched,mean,-0.029688775539398193,0.0442732609808445,-0.670580267906189,0.670580267906189,266,27
3411,16249,specialized_enriched,active_fraction,0.0035275567788630724,0.005268380977213383,0.6695713400840759,0.6695713400840759,256,27
3412,11675,base_enriched,active_fraction,-0.0012732880422845483,0.0019151249434798956,-0.6648589968681335,0.6648589968681335,241,27
3413,10918,base_enriched,mean,-0.012407809495925903,0.01876668445765972,-0.6611615419387817,0.6611615419387817,210,27
3414,3190,base_enriched,mean,-0.014919957146048546,0.022640828043222427,-0.6589846014976501,0.6589846014976501,242,27
3415,11598,specialized_enriched,max,0.37049421668052673,0.5661107301712036,0.6544553637504578,0.6544553637504578,182,27
3416,5915,specialized_enriched,max,0.3479529321193695,0.5317144393920898,0.6543981432914734,0.6543981432914734,257,27
3417,12667,base_enriched,mean,-0.022501546889543533,0.03455568477511406,-0.6511677503585815,0.6511677503585815,38,27
3418,13336,base_enriched,mean,-0.005022869911044836,0.0077198576182127,-0.6506428122520447,0.6506428122520447,190,27
3419,12101,base_enriched,mean,-0.007390517275780439,0.011505557224154472,-0.642343282699585,0.642343282699585,180,27
3420,8385,base_enriched,mean,-0.0063675506971776485,0.009927351027727127,-0.6414148807525635,0.6414148807525635,268,27
3421,8686,specialized_enriched,max,0.27290594577789307,0.426939994096756,0.6392138004302979,0.6392138004302979,199,27
3422,8891,base_enriched,max,-0.06986748427152634,0.10967887192964554,-0.637018620967865,0.637018620967865,64,27
3423,3565,base_enriched,active_fraction,-0.000788531731814146,0.001245934865437448,-0.632883608341217,0.632883608341217,193,27
3424,2977,base_enriched,active_fraction,-0.0022554034367203712,0.0035774591378867626,-0.6304484009742737,0.6304484009742737,207,27
3425,15296,specialized_enriched,active_fraction,0.002990094944834709,0.0047857859171926975,0.6247866153717041,0.6247866153717041,256,27
3426,7920,base_enriched,active_fraction,-0.0003944107156712562,0.0006334467325359583,-0.6226422786712646,0.6226422786712646,103,27
3427,11270,specialized_enriched,max,0.47385531663894653,0.7615695595741272,0.622208833694458,0.622208833694458,228,27
3428,11345,base_enriched,active_fraction,-0.001429400872439146,0.0023222428280860186,-0.615526020526886,0.615526020526886,183,27
3429,5991,base_enriched,mean,-0.002998333889991045,0.004889624193310738,-0.6132033467292786,0.6132033467292786,218,27
3430,5316,base_enriched,mean,-0.009103702381253242,0.014887806959450245,-0.6114871501922607,0.6114871501922607,268,27
3431,2652,base_enriched,mean,-0.00550673296675086,0.009070063941180706,-0.6071327328681946,0.6071327328681946,187,27
3432,5799,specialized_enriched,active_fraction,0.0027897509280592203,0.0046774595975875854,0.596424400806427,0.596424400806427,250,27
3433,13922,base_enriched,active_fraction,-0.00031903423951007426,0.0005365479737520218,-0.5946052670478821,0.5946052670478821,67,27
3434,5828,specialized_enriched,max,0.4203607141971588,0.7075095772743225,0.5941413640975952,0.5941413640975952,129,27
3435,11535,specialized_enriched,max,0.5907770395278931,0.9963171482086182,0.5929608345031738,0.5929608345031738,187,27
3436,6117,base_enriched,mean,-0.01168475579470396,0.02088266983628273,-0.5595431923866272,0.5595431923866272,268,27
3437,11361,base_enriched,max,-0.10511026531457901,0.18954934179782867,-0.554527223110199,0.554527223110199,34,27
3438,10407,base_enriched,active_fraction,-0.0018035309622064233,0.003301768796518445,-0.546231746673584,0.546231746673584,226,27
3439,1238,base_enriched,active_fraction,-0.0008258578018285334,0.001534713665023446,-0.5381184816360474,0.5381184816360474,200,27
3440,9214,base_enriched,mean,-0.0046738251112401485,0.008739658631384373,-0.5347834825515747,0.5347834825515747,244,27
3441,2308,specialized_enriched,max,0.15149080753326416,0.2832949459552765,0.5347458720207214,0.5347458720207214,107,27
3442,4330,specialized_enriched,max,0.09855400770902634,0.18902286887168884,0.5213866829872131,0.5213866829872131,55,27
3443,10405,specialized_enriched,active_fraction,0.000393131107557565,0.0007672480423934758,0.5123911499977112,0.5123911499977112,136,27
3444,2005,specialized_enriched,max,0.378980427980423,0.7464560866355896,0.5077062845230103,0.5077062845230103,251,27
3445,4459,base_enriched,mean,-0.00409872317686677,0.00812541414052248,-0.5044324994087219,0.5044324994087219,109,27
3446,8900,base_enriched,max,-0.3474213778972626,0.6993066072463989,-0.49680837988853455,0.49680837988853455,253,27
3447,10337,base_enriched,mean,-0.0075701461173594,0.015505264513194561,-0.48823070526123047,0.48823070526123047,246,27
3448,460,specialized_enriched,max,0.044384147971868515,0.09468543529510498,0.4687536954879761,0.4687536954879761,35,27
3449,7613,base_enriched,active_fraction,-0.0006927779759280384,0.0014861683594062924,-0.4661504030227661,0.4661504030227661,53,27
3450,1480,base_enriched,mean,-0.0005703938077203929,0.0012458235723897815,-0.4578447639942169,0.4578447639942169,71,27
3451,1838,base_enriched,active_fraction,-0.0008967918693087995,0.0019779843278229237,-0.45338675379753113,0.45338675379753113,141,27
3452,14291,base_enriched,mean,-0.006568425800651312,0.01472801249474287,-0.44598183035850525,0.44598183035850525,268,27
3453,12228,specialized_enriched,max,0.06594887375831604,0.14794687926769257,0.44576048851013184,0.44576048851013184,209,27
3454,5516,specialized_enriched,active_fraction,0.0015071433736011386,0.003395889652892947,0.4438140094280243,0.4438140094280243,262,27
3455,3948,base_enriched,mean,-0.0019826767966151237,0.004602167755365372,-0.43081367015838623,0.43081367015838623,106,27
3456,5657,specialized_enriched,max,0.5472829341888428,1.2751457691192627,0.429192453622818,0.429192453622818,173,27
3457,16331,specialized_enriched,max,0.04872923344373703,0.11611209064722061,0.4196740686893463,0.4196740686893463,101,27
3458,6388,base_enriched,mean,-0.0027771962340921164,0.006700655445456505,-0.41446635127067566,0.41446635127067566,234,27
3459,6785,specialized_enriched,max,0.2321128398180008,0.5736271739006042,0.4046405851840973,0.4046405851840973,220,27
3460,15696,specialized_enriched,active_fraction,0.0005175433470867574,0.0013368919026106596,0.38712430000305176,0.38712430000305176,161,27
3461,7153,base_enriched,mean,-0.005490001291036606,0.014796783216297626,-0.3710266649723053,0.3710266649723053,226,27
3462,5693,specialized_enriched,mean,0.00035908856079913676,0.0010933493031188846,0.32842984795570374,0.32842984795570374,35,27
3463,4468,specialized_enriched,max,0.053760383278131485,0.16492938995361328,0.3259600102901459,0.3259600102901459,98,27
3464,4506,specialized_enriched,mean,0.0003755303914658725,0.0015751970931887627,0.23840215802192688,0.23840215802192688,35,27
3465,11623,base_enriched,mean,-0.0009588893735781312,0.004611481912434101,-0.2079351842403412,0.2079351842403412,117,27
