rank,feature_id,orientation,summary,effect,null_sd,ev,abs_ev,support,minimum_support
1,4751,specialized_enriched,active_fraction,0.02678033336997032,0.005949416197836399,4.501338005065918,4.501338005065918,174,27
2,10135,specialized_enriched,max,4.049668788909912,0.9251118898391724,4.377490997314453,4.377490997314453,268,27
3,7865,specialized_enriched,mean,0.13109926879405975,0.030915139243006706,4.240617275238037,4.240617275238037,204,27
4,6623,specialized_enriched,max,2.6912827491760254,0.6348109245300293,4.239502906799316,4.239502906799316,168,27
5,14481,specialized_enriched,max,2.1343576908111572,0.508019208908081,4.2013325691223145,4.2013325691223145,99,27
6,14316,specialized_enriched,max,3.833409547805786,0.9125534892082214,4.200750350952148,4.200750350952148,159,27
7,5456,specialized_enriched,max,2.470851421356201,0.5988430380821228,4.126041889190674,4.126041889190674,234,27
8,348,specialized_enriched,max,6.279692649841309,1.5609338283538818,4.023036003112793,4.023036003112793,73,27
9,10959,specialized_enriched,max,1.380228877067566,0.34768471121788025,3.96977162361145,3.96977162361145,207,27
10,11517,specialized_enriched,max,1.4502942562103271,0.3765608072280884,3.8514211177825928,3.8514211177825928,218,27
11,6192,specialized_enriched,max,0.6859486103057861,0.17839382588863373,3.8451364040374756,3.8451364040374756,132,27
12,8264,specialized_enriched,max,0.9878362417221069,0.2583010196685791,3.8243606090545654,3.8243606090545654,197,27
13,16200,specialized_enriched,max,2.9697327613830566,0.7796964049339294,3.8088321685791016,3.8088321685791016,207,27
14,10967,specialized_enriched,max,0.9712840914726257,0.2552427351474762,3.8053348064422607,3.8053348064422607,174,27
15,12716,specialized_enriched,max,4.251372337341309,1.117598295211792,3.804025411605835,3.804025411605835,184,27
16,14767,specialized_enriched,active_fraction,0.005789455026388168,0.0015337398508563638,3.774730682373047,3.774730682373047,54,27
17,12235,specialized_enriched,max,1.7225573062896729,0.45854395627975464,3.7565805912017822,3.7565805912017822,111,27
18,6852,specialized_enriched,max,2.4380810260772705,0.6574991941452026,3.7081124782562256,3.7081124782562256,125,27
19,753,specialized_enriched,max,1.6602922677993774,0.44820353388786316,3.704326629638672,3.704326629638672,198,27
20,2491,specialized_enriched,max,0.7470517754554749,0.20227091014385223,3.6933228969573975,3.6933228969573975,255,27
21,10619,specialized_enriched,active_fraction,0.01860664412379265,0.005053668282926083,3.681809663772583,3.681809663772583,226,27
22,970,specialized_enriched,max,4.214256763458252,1.1502104997634888,3.663900375366211,3.663900375366211,87,27
23,13918,specialized_enriched,max,1.2046701908111572,0.32957547903060913,3.6552178859710693,3.6552178859710693,115,27
24,1097,specialized_enriched,max,0.8835047483444214,0.2442159652709961,3.6177189350128174,3.6177189350128174,119,27
25,6056,specialized_enriched,max,0.49842390418052673,0.1380724161863327,3.609873056411743,3.609873056411743,105,27
26,61,specialized_enriched,max,0.6335418224334717,0.1755405217409134,3.6090915203094482,3.6090915203094482,105,27
27,11247,specialized_enriched,max,5.041114330291748,1.3996226787567139,3.601766586303711,3.601766586303711,94,27
28,321,specialized_enriched,max,0.8169748783111572,0.227185919880867,3.5960628986358643,3.5960628986358643,264,27
29,11020,specialized_enriched,max,4.86129093170166,1.352936863899231,3.5931396484375,3.5931396484375,58,27
30,6298,specialized_enriched,max,0.789828896522522,0.22007015347480774,3.588986873626709,3.588986873626709,217,27
31,3714,specialized_enriched,max,2.195918321609497,0.6124501824378967,3.5854644775390625,3.5854644775390625,79,27
32,3983,specialized_enriched,max,0.8868547081947327,0.24783043563365936,3.5784738063812256,3.5784738063812256,183,27
33,185,specialized_enriched,max,1.9654494524002075,0.5492879152297974,3.5781772136688232,3.5781772136688232,128,27
34,10285,specialized_enriched,max,2.5193333625793457,0.7043482065200806,3.576829433441162,3.576829433441162,217,27
35,12708,specialized_enriched,max,1.5047838687896729,0.42279359698295593,3.559145450592041,3.559145450592041,169,27
36,15039,specialized_enriched,max,1.2904161214828491,0.36311280727386475,3.5537610054016113,3.5537610054016113,153,27
37,4726,specialized_enriched,max,0.8014858365058899,0.22557859122753143,3.553022623062134,3.553022623062134,110,27
38,9009,specialized_enriched,max,2.08695125579834,0.588499128818512,3.5462265014648438,3.5462265014648438,262,27
39,16145,specialized_enriched,max,0.912344217300415,0.25730767846107483,3.5457324981689453,3.5457324981689453,212,27
40,9617,specialized_enriched,max,1.2470579147338867,0.3529450595378876,3.533291816711426,3.533291816711426,192,27
41,10901,specialized_enriched,max,0.5495759844779968,0.15582579374313354,3.5268614292144775,3.5268614292144775,110,27
42,4938,specialized_enriched,max,4.3167524337768555,1.2294265031814575,3.5111918449401855,3.5111918449401855,105,27
43,11240,specialized_enriched,active_fraction,0.005424982402473688,0.001552439178340137,3.4944894313812256,3.4944894313812256,141,27
44,5596,specialized_enriched,max,1.042944073677063,0.2992924749851227,3.484698534011841,3.484698534011841,216,27
45,8905,specialized_enriched,max,1.9282288551330566,0.5534338355064392,3.4841182231903076,3.4841182231903076,131,27
46,1657,specialized_enriched,max,1.1984399557113647,0.3450903296470642,3.472829818725586,3.472829818725586,175,27
47,3823,specialized_enriched,max,2.4025168418884277,0.6930869221687317,3.466400384902954,3.466400384902954,158,27
48,8697,specialized_enriched,max,2.5317814350128174,0.7307376265525818,3.4646928310394287,3.4646928310394287,188,27
49,5378,specialized_enriched,max,0.9721741676330566,0.2806183099746704,3.464400291442871,3.464400291442871,150,27
50,915,specialized_enriched,max,1.0306318998336792,0.2975606918334961,3.463602304458618,3.463602304458618,241,27
51,15992,specialized_enriched,max,1.2015241384506226,0.34923622012138367,3.440433979034424,3.440433979034424,235,27
52,12549,specialized_enriched,max,2.321190118789673,0.6770237684249878,3.428520917892456,3.428520917892456,179,27
53,14391,specialized_enriched,max,1.3312277793884277,0.38907390832901,3.4215292930603027,3.4215292930603027,165,27
54,10502,specialized_enriched,max,1.1216747760772705,0.3278953433036804,3.4208316802978516,3.4208316802978516,168,27
55,12601,specialized_enriched,max,0.8130562901496887,0.23792539536952972,3.417273998260498,3.417273998260498,127,27
56,4658,specialized_enriched,active_fraction,0.020825350657105446,0.00610613776370883,3.410560131072998,3.410560131072998,192,27
57,12754,specialized_enriched,max,1.8030062913894653,0.5290175676345825,3.4082162380218506,3.4082162380218506,214,27
58,10849,specialized_enriched,max,1.1850894689559937,0.34857550263404846,3.3998072147369385,3.3998072147369385,259,27
59,9193,specialized_enriched,max,3.6534438133239746,1.0779497623443604,3.3892524242401123,3.3892524242401123,76,27
60,14597,specialized_enriched,active_fraction,0.009220751002430916,0.0027266477700322866,3.3817169666290283,3.3817169666290283,100,27
61,15070,specialized_enriched,max,1.8189650774002075,0.5408242344856262,3.3633201122283936,3.3633201122283936,179,27
62,4013,specialized_enriched,max,0.616594135761261,0.18342949450016022,3.3614776134490967,3.3614776134490967,142,27
63,13190,specialized_enriched,max,0.5908697843551636,0.17624051868915558,3.352632999420166,3.352632999420166,104,27
64,612,specialized_enriched,max,3.879227638244629,1.158711552619934,3.3478803634643555,3.3478803634643555,78,27
65,13539,specialized_enriched,max,0.8344541192054749,0.24944427609443665,3.345252513885498,3.345252513885498,174,27
66,13970,specialized_enriched,max,0.9136545658111572,0.27394774556159973,3.335141658782959,3.335141658782959,187,27
67,13487,specialized_enriched,max,0.8355913758277893,0.2506406009197235,3.3338229656219482,3.3338229656219482,90,27
68,13751,specialized_enriched,max,0.5809805393218994,0.17447885870933533,3.3298048973083496,3.3298048973083496,79,27
69,6029,specialized_enriched,max,1.9129005670547485,0.5775485634803772,3.312103509902954,3.312103509902954,190,27
70,11353,specialized_enriched,max,0.945565938949585,0.2860506474971771,3.305589199066162,3.305589199066162,187,27
71,12571,specialized_enriched,max,0.6432580351829529,0.19472463428974152,3.303424119949341,3.303424119949341,129,27
72,959,specialized_enriched,max,0.650563657283783,0.19759543240070343,3.2924022674560547,3.2924022674560547,91,27
73,9982,specialized_enriched,max,1.8611798286437988,0.5655146837234497,3.291125535964966,3.291125535964966,222,27
74,12255,specialized_enriched,max,3.175058126449585,0.9647661447525024,3.291013240814209,3.291013240814209,128,27
75,13345,specialized_enriched,max,1.6414779424667358,0.4989345371723175,3.289966583251953,3.289966583251953,226,27
76,13329,specialized_enriched,max,2.5232768058776855,0.7670449614524841,3.289607524871826,3.289607524871826,250,27
77,179,specialized_enriched,max,0.7543265223503113,0.2296375185251236,3.2848575115203857,3.2848575115203857,238,27
78,7797,specialized_enriched,max,3.1809237003326416,0.9691023826599121,3.2823402881622314,3.2823402881622314,191,27
79,10714,specialized_enriched,max,2.418067693710327,0.7373478412628174,3.2794125080108643,3.2794125080108643,115,27
80,6269,specialized_enriched,max,1.306918740272522,0.3988826870918274,3.276448965072632,3.276448965072632,119,27
81,12568,specialized_enriched,max,0.962507426738739,0.29405805468559265,3.273188352584839,3.273188352584839,164,27
82,7690,specialized_enriched,max,1.6018221378326416,0.4900859296321869,3.268451690673828,3.268451690673828,153,27
83,15672,specialized_enriched,max,1.3753708600997925,0.4222034513950348,3.2576022148132324,3.2576022148132324,150,27
84,15567,specialized_enriched,max,1.454398274421692,0.4478113651275635,3.2477922439575195,3.2477922439575195,101,27
85,7904,specialized_enriched,max,2.844677209854126,0.8759230375289917,3.247633695602417,3.247633695602417,108,27
86,7458,specialized_enriched,max,0.521091878414154,0.16125749051570892,3.2314274311065674,3.2314274311065674,181,27
87,16165,specialized_enriched,max,0.24876384437084198,0.07704994082450867,3.228605270385742,3.228605270385742,77,27
88,941,specialized_enriched,max,1.153277039527893,0.3572591543197632,3.2281246185302734,3.2281246185302734,214,27
89,3565,specialized_enriched,max,0.5333638191223145,0.16560156643390656,3.2207655906677246,3.2207655906677246,105,27
90,9481,specialized_enriched,max,0.9269247055053711,0.28792768716812134,3.219296932220459,3.219296932220459,206,27
91,1453,specialized_enriched,max,2.209503650665283,0.6872664093971252,3.2149157524108887,3.2149157524108887,160,27
92,7254,specialized_enriched,max,0.8318396210670471,0.25883808732032776,3.2137451171875,3.2137451171875,212,27
93,445,specialized_enriched,max,1.9449045658111572,0.6057344079017639,3.2108206748962402,3.2108206748962402,202,27
94,15709,specialized_enriched,max,1.661967158317566,0.5180977582931519,3.2078254222869873,3.2078254222869873,237,27
95,6417,specialized_enriched,max,0.7899772524833679,0.24710611999034882,3.1969149112701416,3.1969149112701416,268,27
96,4178,specialized_enriched,max,0.918796956539154,0.28827571868896484,3.187215805053711,3.187215805053711,110,27
97,5337,specialized_enriched,max,1.3039581775665283,0.4096188545227051,3.183345079421997,3.183345079421997,197,27
98,16036,specialized_enriched,max,1.873343586921692,0.5890085697174072,3.1805031299591064,3.1805031299591064,89,27
99,7583,specialized_enriched,max,0.6260970830917358,0.19713665544986725,3.175954580307007,3.175954580307007,156,27
100,9741,specialized_enriched,max,1.1899476051330566,0.3747541606426239,3.1752753257751465,3.1752753257751465,260,27
101,7457,specialized_enriched,max,1.17042875289917,0.3686537742614746,3.174872636795044,3.174872636795044,202,27
102,698,specialized_enriched,max,0.6237143874168396,0.19667045772075653,3.171367883682251,3.171367883682251,218,27
103,1653,specialized_enriched,max,0.5522275567054749,0.1741630733013153,3.1707499027252197,3.1707499027252197,262,27
104,5006,base_enriched,active_fraction,-0.014639166183769703,0.004624220076948404,-3.1657590866088867,3.1657590866088867,70,27
105,7698,specialized_enriched,max,1.274092674255371,0.4026605784893036,3.1641852855682373,3.1641852855682373,144,27
106,8377,specialized_enriched,max,0.6125024557113647,0.19359275698661804,3.1638708114624023,3.1638708114624023,227,27
107,873,specialized_enriched,max,0.9339831471443176,0.2954859435558319,3.1608378887176514,3.1608378887176514,176,27
108,15142,specialized_enriched,max,0.6911899447441101,0.2194344699382782,3.149869441986084,3.149869441986084,186,27
109,4052,specialized_enriched,max,2.10007905960083,0.6671812534332275,3.147688865661621,3.147688865661621,110,27
110,7784,specialized_enriched,max,1.045366883277893,0.3335385024547577,3.134171485900879,3.134171485900879,240,27
111,3476,specialized_enriched,max,0.6499950289726257,0.2074572890996933,3.133151054382324,3.133151054382324,157,27
112,2784,specialized_enriched,max,0.627756655216217,0.2003687471151352,3.1330068111419678,3.1330068111419678,141,27
113,16093,specialized_enriched,max,1.636694073677063,0.5229629278182983,3.1296560764312744,3.1296560764312744,143,27
114,11289,specialized_enriched,max,1.23488187789917,0.3953024446964264,3.1238913536071777,3.1238913536071777,213,27
115,4910,specialized_enriched,max,1.5719627141952515,0.5038037896156311,3.1201882362365723,3.1201882362365723,207,27
116,1672,specialized_enriched,max,0.2455560266971588,0.07876954972743988,3.1173977851867676,3.1173977851867676,42,27
117,9185,specialized_enriched,max,0.5761966109275818,0.1848333477973938,3.117384433746338,3.117384433746338,150,27
118,6305,specialized_enriched,max,0.8537752032279968,0.2742420732975006,3.113217353820801,3.113217353820801,107,27
119,5083,specialized_enriched,max,0.46063464879989624,0.1479964554309845,3.112470865249634,3.112470865249634,214,27
120,11612,specialized_enriched,max,0.530421793460846,0.1704767346382141,3.111402750015259,3.111402750015259,143,27
121,4530,specialized_enriched,max,2.8076295852661133,0.9040041565895081,3.1057705879211426,3.1057705879211426,125,27
122,13457,specialized_enriched,max,0.9913407564163208,0.3192274868488312,3.1054368019104004,3.1054368019104004,226,27
123,1872,specialized_enriched,max,0.751124918460846,0.24189899861812592,3.1051180362701416,3.1051180362701416,75,27
124,1469,specialized_enriched,max,0.935163676738739,0.301194429397583,3.1048505306243896,3.1048505306243896,103,27
125,12591,specialized_enriched,max,2.02144718170166,0.6525207161903381,3.097904920578003,3.097904920578003,220,27
126,11785,specialized_enriched,max,0.5702816247940063,0.18423302471637726,3.0954365730285645,3.0954365730285645,81,27
127,16095,specialized_enriched,max,0.8567048907279968,0.27739396691322327,3.088404893875122,3.088404893875122,92,27
128,11368,specialized_enriched,max,0.8410428166389465,0.2725372612476349,3.0859737396240234,3.0859737396240234,98,27
129,10963,specialized_enriched,max,2.122725486755371,0.6886530518531799,3.082430839538574,3.082430839538574,228,27
130,15952,specialized_enriched,max,1.5497429370880127,0.5028685331344604,3.081805467605591,3.081805467605591,176,27
131,15707,specialized_enriched,max,2.660292148590088,0.8633551001548767,3.0813417434692383,3.0813417434692383,95,27
132,15877,specialized_enriched,max,1.8855568170547485,0.6122013330459595,3.0799620151519775,3.0799620151519775,116,27
133,1285,specialized_enriched,max,0.6884642243385315,0.22479601204395294,3.062617540359497,3.062617540359497,144,27
134,13580,specialized_enriched,max,3.1488330364227295,1.0283955335617065,3.061889171600342,3.061889171600342,92,27
135,2043,specialized_enriched,max,0.9080918431282043,0.29663389921188354,3.061321973800659,3.061321973800659,184,27
136,4237,specialized_enriched,max,3.786417245864868,1.2384127378463745,3.057476043701172,3.057476043701172,155,27
137,5943,specialized_enriched,max,1.2231507301330566,0.4000968337059021,3.0571367740631104,3.0571367740631104,135,27
138,7719,specialized_enriched,max,1.6690936088562012,0.5466750860214233,3.053173065185547,3.053173065185547,119,27
139,9517,specialized_enriched,max,1.7852427959442139,0.585521936416626,3.0489768981933594,3.0489768981933594,74,27
140,12393,specialized_enriched,max,0.5859004259109497,0.19233210384845734,3.046295404434204,3.046295404434204,166,27
141,1162,specialized_enriched,max,1.5992447137832642,0.5252805352210999,3.044553518295288,3.044553518295288,170,27
142,2697,specialized_enriched,mean,0.020521430298686028,0.006740379612892866,3.044551134109497,3.044551134109497,79,27
143,14759,specialized_enriched,max,0.9630729556083679,0.31639036536216736,3.0439388751983643,3.0439388751983643,211,27
144,1126,base_enriched,active_fraction,-0.029170071706175804,0.009590904228389263,-3.041430711746216,3.041430711746216,155,27
145,2039,specialized_enriched,max,0.8522176742553711,0.280216783285141,3.0412800312042236,3.0412800312042236,218,27
146,6680,specialized_enriched,max,1.7481334209442139,0.5748365521430969,3.0410964488983154,3.0410964488983154,213,27
147,2300,specialized_enriched,max,0.8367781043052673,0.27530238032341003,3.039487361907959,3.039487361907959,103,27
148,4909,specialized_enriched,max,1.3453941345214844,0.44277042150497437,3.0385818481445312,3.0385818481445312,182,27
149,5288,specialized_enriched,max,2.949892520904541,0.973157525062561,3.031259059906006,3.031259059906006,160,27
150,791,specialized_enriched,max,0.6453471183776855,0.21291938424110413,3.0309457778930664,3.0309457778930664,151,27
151,209,specialized_enriched,max,0.8581326603889465,0.28357887268066406,3.026081085205078,3.026081085205078,176,27
152,13659,specialized_enriched,max,0.29023686051368713,0.09600982815027237,3.022991180419922,3.022991180419922,96,27
153,7930,specialized_enriched,max,0.4166336953639984,0.13784047961235046,3.022578716278076,3.022578716278076,61,27
154,8387,specialized_enriched,max,0.3493126928806305,0.11561859399080276,3.0212502479553223,3.0212502479553223,65,27
155,11215,specialized_enriched,max,0.6799594759941101,0.22600623965263367,3.008587121963501,3.008587121963501,180,27
156,7864,specialized_enriched,max,0.97265625,0.3233921229839325,3.0076682567596436,3.0076682567596436,143,27
157,392,specialized_enriched,max,0.8907671570777893,0.2965025007724762,3.0042483806610107,3.0042483806610107,191,27
158,13965,specialized_enriched,max,2.44777250289917,0.8154662847518921,3.0016844272613525,3.0016844272613525,98,27
159,8296,specialized_enriched,max,1.0174298286437988,0.33905574679374695,3.000774383544922,3.000774383544922,167,27
160,13103,specialized_enriched,max,0.652553915977478,0.21767657995224,2.997814178466797,2.997814178466797,175,27
161,15272,specialized_enriched,max,0.5474621653556824,0.18273405730724335,2.99595046043396,2.99595046043396,101,27
162,7206,specialized_enriched,max,0.7808111906051636,0.26076024770736694,2.9943642616271973,2.9943642616271973,150,27
163,10582,specialized_enriched,max,1.6694397926330566,0.5583662986755371,2.9898648262023926,2.9898648262023926,165,27
164,13869,specialized_enriched,max,0.8840857148170471,0.2963465452194214,2.983283281326294,2.983283281326294,267,27
165,3588,specialized_enriched,max,1.513226866722107,0.5073567628860474,2.982569694519043,2.982569694519043,132,27
166,11995,specialized_enriched,max,2.305392026901245,0.7732705473899841,2.9813523292541504,2.9813523292541504,87,27
167,1853,specialized_enriched,max,0.7421504259109497,0.2493264526128769,2.976621389389038,2.976621389389038,224,27
168,8521,specialized_enriched,max,0.5778839588165283,0.19425557553768158,2.9748642444610596,2.9748642444610596,132,27
169,615,specialized_enriched,max,0.9477477073669434,0.31862348318099976,2.9745068550109863,2.9745068550109863,202,27
170,4226,specialized_enriched,max,0.967921793460846,0.325630784034729,2.972451686859131,2.972451686859131,76,27
171,6695,specialized_enriched,max,1.3131181001663208,0.4434221088886261,2.96132755279541,2.96132755279541,245,27
172,3291,specialized_enriched,max,0.5985833406448364,0.2022167444229126,2.9601078033447266,2.9601078033447266,236,27
173,5493,specialized_enriched,max,0.5862898230552673,0.19825203716754913,2.9572954177856445,2.9572954177856445,123,27
174,14418,specialized_enriched,max,1.4373269081115723,0.4861939549446106,2.9562828540802,2.9562828540802,89,27
175,15418,specialized_enriched,max,1.7836852073669434,0.6040483713150024,2.9528846740722656,2.9528846740722656,205,27
176,13422,specialized_enriched,max,2.803611993789673,0.9521664381027222,2.944455862045288,2.944455862045288,94,27
177,11312,specialized_enriched,max,1.4518765211105347,0.4941292107105255,2.9382526874542236,2.9382526874542236,143,27
178,13040,specialized_enriched,max,0.7265377640724182,0.24750855565071106,2.9354045391082764,2.9354045391082764,210,27
179,9897,specialized_enriched,max,2.1358535289764404,0.7277555465698242,2.9348502159118652,2.9348502159118652,67,27
180,13695,specialized_enriched,max,1.7171553373336792,0.5852252840995789,2.934178352355957,2.934178352355957,161,27
181,16082,specialized_enriched,max,1.0648548603057861,0.3629886209964752,2.9335763454437256,2.9335763454437256,94,27
182,9002,specialized_enriched,max,1.7029396295547485,0.5811209678649902,2.9304392337799072,2.9304392337799072,170,27
183,13402,specialized_enriched,max,1.6223422288894653,0.5540306568145752,2.928253650665283,2.928253650665283,101,27
184,49,specialized_enriched,max,0.917140543460846,0.3132871389389038,2.927475929260254,2.927475929260254,170,27
185,13593,specialized_enriched,max,0.7157585024833679,0.244506374001503,2.927361249923706,2.927361249923706,179,27
186,2838,specialized_enriched,max,0.5324119925498962,0.18190521001815796,2.9268651008605957,2.9268651008605957,73,27
187,900,specialized_enriched,max,1.6214337348937988,0.5546296834945679,2.923452854156494,2.923452854156494,245,27
188,3306,specialized_enriched,max,0.4124431312084198,0.1411067545413971,2.9229156970977783,2.9229156970977783,86,27
189,12610,specialized_enriched,active_fraction,0.01284799724817276,0.004395706579089165,2.922851324081421,2.922851324081421,212,27
190,1375,specialized_enriched,max,2.493856191635132,0.8541103005409241,2.9198291301727295,2.9198291301727295,98,27
191,7389,specialized_enriched,active_fraction,0.007791639771312475,0.002668969566002488,2.9193437099456787,2.9193437099456787,67,27
192,2023,specialized_enriched,max,1.252163290977478,0.42893800139427185,2.919217348098755,2.919217348098755,199,27
193,13807,specialized_enriched,max,1.8212519884109497,0.6248378753662109,2.9147591590881348,2.9147591590881348,80,27
194,14241,specialized_enriched,max,0.8443619012832642,0.2901590168476105,2.9099972248077393,2.9099972248077393,204,27
195,2790,specialized_enriched,max,0.302839457988739,0.10429255664348602,2.903749465942383,2.903749465942383,42,27
196,2173,specialized_enriched,max,1.5550583600997925,0.535749614238739,2.9025840759277344,2.9025840759277344,247,27
197,9984,specialized_enriched,max,0.32214200496673584,0.11119779944419861,2.89701771736145,2.89701771736145,40,27
198,4127,specialized_enriched,max,0.6067419648170471,0.2096923142671585,2.893486976623535,2.893486976623535,142,27
199,7705,specialized_enriched,max,0.49045687913894653,0.17030100524425507,2.87994122505188,2.87994122505188,262,27
200,1232,specialized_enriched,max,0.8035131692886353,0.2790190875530243,2.8797783851623535,2.8797783851623535,172,27
201,13118,specialized_enriched,max,0.6849226355552673,0.23826469480991364,2.874629259109497,2.874629259109497,183,27
202,15473,specialized_enriched,max,0.8615073561668396,0.2998634874820709,2.8729984760284424,2.8729984760284424,182,27
203,3073,specialized_enriched,max,1.2035329341888428,0.41941118240356445,2.869577646255493,2.869577646255493,179,27
204,7408,specialized_enriched,max,0.6594887375831604,0.23013624548912048,2.865644693374634,2.865644693374634,138,27
205,4519,specialized_enriched,max,1.3186993598937988,0.46030130982398987,2.864861249923706,2.864861249923706,223,27
206,3406,specialized_enriched,max,1.3545539379119873,0.4729439616203308,2.8640897274017334,2.8640897274017334,81,27
207,5513,specialized_enriched,max,2.8113133907318115,0.9817338585853577,2.8636207580566406,2.8636207580566406,268,27
208,10600,base_enriched,mean,-0.14479663968086243,0.050574932247400284,-2.8630120754241943,2.8630120754241943,62,27
209,14266,specialized_enriched,max,0.843576967716217,0.29484260082244873,2.861109495162964,2.861109495162964,166,27
210,5635,specialized_enriched,max,2.072648763656616,0.7248206734657288,2.8595330715179443,2.8595330715179443,163,27
211,6148,specialized_enriched,max,0.48528358340263367,0.17013520002365112,2.8523409366607666,2.8523409366607666,47,27
212,3222,specialized_enriched,max,0.2643641233444214,0.0928148478269577,2.8482956886291504,2.8482956886291504,38,27
213,804,specialized_enriched,max,0.9979355931282043,0.35049116611480713,2.8472490310668945,2.8472490310668945,140,27
214,9672,specialized_enriched,max,0.4801844358444214,0.1687244474887848,2.845968246459961,2.845968246459961,141,27
215,15613,base_enriched,mean,-0.07594318687915802,0.026684489101171494,-2.8459675312042236,2.8459675312042236,89,27
216,15049,specialized_enriched,max,1.6442840099334717,0.5787795782089233,2.8409502506256104,2.8409502506256104,63,27
217,877,specialized_enriched,max,0.6590993404388428,0.2320028841495514,2.8409101963043213,2.8409101963043213,253,27
218,2631,base_enriched,active_fraction,-0.03820578753948212,0.013452875427901745,-2.8399717807769775,2.8399717807769775,210,27
219,15902,specialized_enriched,max,0.6745451092720032,0.2375248670578003,2.839892625808716,2.839892625808716,256,27
220,11407,base_enriched,mean,-0.07453048974275589,0.02626154012978077,-2.8380091190338135,2.8380091190338135,132,27
221,13059,specialized_enriched,max,2.3268887996673584,0.8205592632293701,2.835735321044922,2.835735321044922,210,27
222,1236,specialized_enriched,max,2.9835097789764404,1.0523521900177002,2.8350868225097656,2.8350868225097656,132,27
223,7795,base_enriched,active_fraction,-0.014825072139501572,0.005229815375059843,-2.834721803665161,2.834721803665161,72,27
224,11293,specialized_enriched,max,0.3766564428806305,0.13289619982242584,2.8342154026031494,2.8342154026031494,56,27
225,5449,specialized_enriched,max,0.7421627640724182,0.26209577918052673,2.8316471576690674,2.8316471576690674,103,27
226,5832,specialized_enriched,max,0.3768666088581085,0.13310319185256958,2.8313868045806885,2.8313868045806885,66,27
227,10037,specialized_enriched,max,0.7318037748336792,0.2584671080112457,2.83132266998291,2.83132266998291,243,27
228,410,specialized_enriched,max,0.7398882508277893,0.2614830434322357,2.8295841217041016,2.8295841217041016,134,27
229,2721,specialized_enriched,max,1.534414529800415,0.543982982635498,2.8207032680511475,2.8207032680511475,268,27
230,14407,specialized_enriched,max,1.2218774557113647,0.4332551658153534,2.820225954055786,2.820225954055786,235,27
231,6134,specialized_enriched,max,0.7968997359275818,0.28265148401260376,2.8193721771240234,2.8193721771240234,237,27
232,11203,specialized_enriched,max,0.8798210024833679,0.3122074604034424,2.8180651664733887,2.8180651664733887,118,27
233,2502,specialized_enriched,max,1.8511298894882202,0.6569439768791199,2.8177895545959473,2.8177895545959473,203,27
234,11388,specialized_enriched,max,0.3322383165359497,0.11791500449180603,2.817608594894409,2.817608594894409,75,27
235,15320,specialized_enriched,max,0.9902529120445251,0.35146525502204895,2.8174986839294434,2.8174986839294434,205,27
236,8070,specialized_enriched,max,1.1892120838165283,0.42217957973480225,2.8168394565582275,2.8168394565582275,139,27
237,16041,specialized_enriched,max,1.0480122566223145,0.3724610507488251,2.8137500286102295,2.8137500286102295,82,27
238,12798,specialized_enriched,max,0.4432419538497925,0.1575412154197693,2.8134982585906982,2.8134982585906982,66,27
239,987,specialized_enriched,max,0.4881885349750519,0.17390568554401398,2.8072028160095215,2.8072028160095215,100,27
240,2351,specialized_enriched,max,0.6123294234275818,0.2183413803577423,2.8044588565826416,2.8044588565826416,224,27
241,1074,specialized_enriched,mean,0.04809087514877319,0.0171637125313282,2.8018922805786133,2.8018922805786133,154,27
242,16383,specialized_enriched,max,2.219306230545044,0.7925301194190979,2.8002800941467285,2.8002800941467285,108,27
243,13182,specialized_enriched,max,3.084256410598755,1.1014620065689087,2.800147771835327,2.800147771835327,103,27
244,12418,specialized_enriched,max,0.9525934457778931,0.34058505296707153,2.7969326972961426,2.7969326972961426,168,27
245,9782,specialized_enriched,max,0.5197290182113647,0.1858750432729721,2.7961204051971436,2.7961204051971436,141,27
246,2238,specialized_enriched,max,1.14650297164917,0.41003933548927307,2.7960803508758545,2.7960803508758545,125,27
247,2468,specialized_enriched,max,0.20945411920547485,0.07494834810495377,2.7946462631225586,2.7946462631225586,52,27
248,11609,specialized_enriched,max,1.715863585472107,0.6142975091934204,2.793212652206421,2.793212652206421,244,27
249,6184,specialized_enriched,max,0.869480550289154,0.311370849609375,2.7924275398254395,2.7924275398254395,113,27
250,5969,specialized_enriched,max,0.9545094966888428,0.3418269753456116,2.7923760414123535,2.7923760414123535,141,27
251,3055,specialized_enriched,max,0.5429934859275818,0.19456033408641815,2.790874481201172,2.790874481201172,232,27
252,14692,specialized_enriched,max,0.9777244925498962,0.3507191836833954,2.7877702713012695,2.7877702713012695,230,27
253,1543,specialized_enriched,max,1.2220567464828491,0.43900713324546814,2.7836830615997314,2.7836830615997314,77,27
254,13874,specialized_enriched,active_fraction,0.01756219007074833,0.006310439668595791,2.7830374240875244,2.7830374240875244,125,27
255,6356,specialized_enriched,max,2.0503361225128174,0.7375205159187317,2.7800395488739014,2.7800395488739014,203,27
256,10827,specialized_enriched,max,0.5758010149002075,0.20729491114616394,2.7776901721954346,2.7776901721954346,54,27
257,5176,specialized_enriched,max,0.31877967715263367,0.11479052901268005,2.777055501937866,2.777055501937866,97,27
258,6906,specialized_enriched,max,1.0063538551330566,0.36292189359664917,2.772921323776245,2.772921323776245,129,27
259,13542,specialized_enriched,max,2.0178747177124023,0.7280296683311462,2.771692991256714,2.771692991256714,70,27
260,6691,specialized_enriched,max,4.78121280670166,1.7254786491394043,2.770948648452759,2.770948648452759,68,27
261,14092,specialized_enriched,max,1.1954855918884277,0.43218088150024414,2.766169548034668,2.766169548034668,129,27
262,3970,specialized_enriched,max,0.47960343956947327,0.1733846366405487,2.7661242485046387,2.7661242485046387,157,27
263,14870,specialized_enriched,max,0.6408413052558899,0.2317080944776535,2.7657268047332764,2.7657268047332764,178,27
264,541,specialized_enriched,max,0.6302598118782043,0.22793196141719818,2.765122652053833,2.765122652053833,131,27
265,11143,specialized_enriched,max,0.42072537541389465,0.1523035168647766,2.76241397857666,2.76241397857666,121,27
266,14214,specialized_enriched,max,0.6660897731781006,0.24112911522388458,2.762377977371216,2.762377977371216,111,27
267,14804,specialized_enriched,max,2.7884814739227295,1.0106292963027954,2.7591536045074463,2.7591536045074463,84,27
268,9961,base_enriched,active_fraction,-0.01959865912795067,0.007104082964360714,-2.7587881088256836,2.7587881088256836,63,27
269,7772,base_enriched,active_fraction,-0.004804297350347042,0.0017419859068468213,-2.7579426765441895,2.7579426765441895,61,27
270,1024,specialized_enriched,max,1.9419502019882202,0.704262375831604,2.7574243545532227,2.7574243545532227,133,27
271,13540,specialized_enriched,max,1.1434310674667358,0.4149571359157562,2.755540132522583,2.755540132522583,142,27
272,7319,specialized_enriched,max,2.222755193710327,0.8095235824584961,2.7457571029663086,2.7457571029663086,76,27
273,1117,specialized_enriched,max,1.9853886365890503,0.7235127687454224,2.744096279144287,2.744096279144287,152,27
274,9392,specialized_enriched,max,0.7518665790557861,0.27424970269203186,2.7415401935577393,2.7415401935577393,102,27
275,10565,specialized_enriched,max,1.7778877019882202,0.6485450863838196,2.7413477897644043,2.7413477897644043,76,27
276,12883,specialized_enriched,max,0.47214943170547485,0.17224782705307007,2.741105318069458,2.741105318069458,153,27
277,8964,specialized_enriched,max,0.3770025670528412,0.13756276667118073,2.7405858039855957,2.7405858039855957,130,27
278,4787,specialized_enriched,max,1.112860918045044,0.4062333106994629,2.739462375640869,2.739462375640869,113,27
279,11246,specialized_enriched,max,0.6723076701164246,0.24550263583660126,2.738494634628296,2.738494634628296,224,27
280,7039,specialized_enriched,active_fraction,0.020373960956931114,0.007442120928317308,2.7376551628112793,2.7376551628112793,258,27
281,2381,specialized_enriched,max,1.2142504453659058,0.4437049329280853,2.736616849899292,2.736616849899292,196,27
282,13107,specialized_enriched,max,1.0646138191223145,0.3891894519329071,2.735464334487915,2.735464334487915,172,27
283,125,specialized_enriched,max,0.5877608060836792,0.21528857946395874,2.730106830596924,2.730106830596924,154,27
284,13957,specialized_enriched,max,0.7665397524833679,0.28080543875694275,2.7297894954681396,2.7297894954681396,95,27
285,14883,specialized_enriched,max,1.3418834209442139,0.49208876490592957,2.7269134521484375,2.7269134521484375,163,27
286,14382,specialized_enriched,max,3.2691357135772705,1.19913649559021,2.7262415885925293,2.7262415885925293,80,27
287,1564,specialized_enriched,max,0.6013029217720032,0.220783531665802,2.7234952449798584,2.7234952449798584,249,27
288,8378,specialized_enriched,max,2.361983299255371,0.8677900433540344,2.721837282180786,2.721837282180786,91,27
289,4893,specialized_enriched,max,0.7017034292221069,0.2578323185443878,2.7215495109558105,2.7215495109558105,228,27
290,12804,specialized_enriched,max,1.3054662942886353,0.48023682832717896,2.7183802127838135,2.7183802127838135,137,27
291,3359,specialized_enriched,max,1.3477180004119873,0.4968497157096863,2.712526559829712,2.712526559829712,188,27
292,12076,specialized_enriched,max,0.5083996653556824,0.1875043511390686,2.71140193939209,2.71140193939209,143,27
293,6345,specialized_enriched,max,1.5154767036437988,0.5591908097267151,2.7101244926452637,2.7101244926452637,115,27
294,7338,specialized_enriched,max,0.9207006692886353,0.3397616147994995,2.709843158721924,2.709843158721924,136,27
295,13220,base_enriched,active_fraction,-0.028301963582634926,0.01044543832540512,-2.7095046043395996,2.7095046043395996,203,27
296,10334,specialized_enriched,max,0.9607520699501038,0.3546907603740692,2.7087035179138184,2.7087035179138184,151,27
297,7699,specialized_enriched,max,0.6433692574501038,0.23776644468307495,2.70588755607605,2.70588755607605,56,27
298,12191,specialized_enriched,max,0.9913283586502075,0.3669469654560089,2.7015576362609863,2.7015576362609863,165,27
299,9609,specialized_enriched,max,2.0564985275268555,0.7633629441261292,2.693998336791992,2.693998336791992,151,27
300,10023,base_enriched,active_fraction,-0.020952634513378143,0.007781985681504011,-2.692453384399414,2.692453384399414,184,27
301,11765,specialized_enriched,max,0.3349485695362091,0.12447687238454819,2.690849781036377,2.690849781036377,110,27
302,6025,specialized_enriched,max,1.3435027599334717,0.5004174113273621,2.6847641468048096,2.6847641468048096,122,27
303,10008,specialized_enriched,max,0.9996353387832642,0.37264466285705566,2.6825430393218994,2.6825430393218994,103,27
304,1806,specialized_enriched,max,1.3963607549667358,0.5209980607032776,2.6801650524139404,2.6801650524139404,233,27
305,5765,specialized_enriched,max,0.7450924515724182,0.2781141996383667,2.6790881156921387,2.6790881156921387,159,27
306,3292,specialized_enriched,max,0.7071425318717957,0.2641846239566803,2.6766982078552246,2.6766982078552246,249,27
307,6602,specialized_enriched,max,0.29121342301368713,0.10887115448713303,2.674844741821289,2.674844741821289,54,27
308,307,specialized_enriched,max,1.3205844163894653,0.4937746822834015,2.6744675636291504,2.6744675636291504,213,27
309,14765,specialized_enriched,max,0.8833811283111572,0.33065029978752136,2.671647787094116,2.671647787094116,221,27
310,6927,specialized_enriched,max,1.5695831775665283,0.5877790451049805,2.670362710952759,2.670362710952759,238,27
311,15750,specialized_enriched,max,0.8580275774002075,0.3217063844203949,2.667114019393921,2.667114019393921,211,27
312,7279,specialized_enriched,max,1.7760334014892578,0.6662836074829102,2.665581703186035,2.665581703186035,156,27
313,11608,specialized_enriched,max,0.24470306932926178,0.09181428700685501,2.665195941925049,2.665195941925049,189,27
314,1109,specialized_enriched,max,0.5600523948669434,0.2101479172706604,2.6650390625,2.6650390625,68,27
315,12499,specialized_enriched,max,1.1458107233047485,0.43005815148353577,2.664315700531006,2.664315700531006,181,27
316,3262,specialized_enriched,max,0.7930676341056824,0.297831267118454,2.662808418273926,2.662808418273926,231,27
317,14454,specialized_enriched,max,0.17393319308757782,0.06537122279405594,2.6606996059417725,2.6606996059417725,52,27
318,15313,specialized_enriched,max,0.3141811788082123,0.11808838695287704,2.6605594158172607,2.6605594158172607,110,27
319,15514,specialized_enriched,max,0.446882426738739,0.16797184944152832,2.6604602336883545,2.6604602336883545,263,27
320,15746,specialized_enriched,max,0.5487786531448364,0.20636850595474243,2.659217119216919,2.659217119216919,124,27
321,10018,specialized_enriched,max,0.5233880281448364,0.1970343440771103,2.6563289165496826,2.6563289165496826,141,27
322,3633,base_enriched,active_fraction,-0.008606922812759876,0.0032416130416095257,-2.6551358699798584,2.6551358699798584,74,27
323,1695,specialized_enriched,max,0.4226723313331604,0.15940682590007782,2.6515321731567383,2.6515321731567383,95,27
324,15733,specialized_enriched,max,0.41540372371673584,0.156679168343544,2.651301622390747,2.651301622390747,63,27
325,8981,base_enriched,mean,-0.10060293227434158,0.03795037046074867,-2.6509077548980713,2.6509077548980713,221,27
326,13449,base_enriched,active_fraction,-0.007588639855384827,0.0028637470677495003,-2.6498987674713135,2.6498987674713135,64,27
327,9775,base_enriched,active_fraction,-0.006961774080991745,0.002628433285281062,-2.6486401557922363,2.6486401557922363,77,27
328,10440,specialized_enriched,max,1.154760479927063,0.43651506304740906,2.6454081535339355,2.6454081535339355,201,27
329,9179,specialized_enriched,max,1.4973175525665283,0.5660238265991211,2.6453258991241455,2.6453258991241455,209,27
330,3444,specialized_enriched,max,1.7058753967285156,0.6454651951789856,2.642861843109131,2.642861843109131,187,27
331,15605,specialized_enriched,max,0.4160279929637909,0.15744738280773163,2.6423304080963135,2.6423304080963135,111,27
332,11688,specialized_enriched,max,1.2059186697006226,0.45677536725997925,2.6400694847106934,2.6400694847106934,228,27
333,16122,specialized_enriched,max,0.6630241274833679,0.2511574923992157,2.63987398147583,2.63987398147583,163,27
334,4666,specialized_enriched,max,0.9866186380386353,0.3739332854747772,2.638488292694092,2.638488292694092,214,27
335,2595,specialized_enriched,max,1.3383480310440063,0.5072787404060364,2.638289213180542,2.638289213180542,117,27
336,3375,specialized_enriched,max,0.36900463700294495,0.13996656239032745,2.6363770961761475,2.6363770961761475,77,27
337,14138,specialized_enriched,max,0.6411009430885315,0.24330197274684906,2.6350009441375732,2.6350009441375732,181,27
338,5440,specialized_enriched,max,0.6954361200332642,0.26416105031967163,2.6326217651367188,2.6326217651367188,130,27
339,13982,specialized_enriched,max,0.7633257508277893,0.29017624258995056,2.630558967590332,2.630558967590332,204,27
340,7560,specialized_enriched,max,1.2722136974334717,0.48434194922447205,2.6266849040985107,2.6266849040985107,100,27
341,14468,specialized_enriched,max,1.1813995838165283,0.4501258432865143,2.624598503112793,2.624598503112793,235,27
342,15014,specialized_enriched,max,1.911386251449585,0.7283570170402527,2.6242434978485107,2.6242434978485107,141,27
343,2445,base_enriched,active_fraction,-0.017277391627430916,0.006588261108845472,-2.622451066970825,2.622451066970825,217,27
344,1006,specialized_enriched,max,0.9505476355552673,0.3626624047756195,2.621026039123535,2.621026039123535,259,27
345,12781,specialized_enriched,max,0.8390526175498962,0.3202613592147827,2.6198997497558594,2.6198997497558594,175,27
346,3330,specialized_enriched,max,1.0498170852661133,0.4010176360607147,2.617882490158081,2.617882490158081,92,27
347,13582,specialized_enriched,max,2.060546875,0.7887443900108337,2.6124393939971924,2.6124393939971924,248,27
348,5047,specialized_enriched,max,0.6021806001663208,0.23054535686969757,2.611983299255371,2.611983299255371,199,27
349,3631,specialized_enriched,max,0.9858645796775818,0.37771886587142944,2.610048532485962,2.610048532485962,76,27
350,2044,base_enriched,mean,-0.15140175819396973,0.05807401239871979,-2.607048273086548,2.607048273086548,162,27
351,6861,specialized_enriched,max,0.8454435467720032,0.3244897425174713,2.6054553985595703,2.6054553985595703,160,27
352,11565,specialized_enriched,max,0.34455350041389465,0.13225170969963074,2.605285882949829,2.605285882949829,90,27
353,11484,specialized_enriched,max,0.9278950691223145,0.3564266264438629,2.6033270359039307,2.6033270359039307,176,27
354,2149,specialized_enriched,max,0.7985067367553711,0.3068583607673645,2.6021997928619385,2.6021997928619385,238,27
355,3997,specialized_enriched,max,1.4847582578659058,0.5709894299507141,2.600325345993042,2.600325345993042,190,27
356,7232,specialized_enriched,max,0.7366557121276855,0.2833932936191559,2.5994112491607666,2.5994112491607666,241,27
357,719,specialized_enriched,max,0.569589376449585,0.2192213237285614,2.598238945007324,2.598238945007324,64,27
358,11366,specialized_enriched,max,0.3746415078639984,0.14420615136623383,2.5979578495025635,2.5979578495025635,29,27
359,15881,specialized_enriched,max,0.5042771100997925,0.19426091015338898,2.5958752632141113,2.5958752632141113,195,27
360,1028,specialized_enriched,max,0.4298172891139984,0.16609737277030945,2.587742805480957,2.587742805480957,115,27
361,13091,specialized_enriched,max,0.2304440289735794,0.08906123042106628,2.5874786376953125,2.5874786376953125,69,27
362,596,specialized_enriched,max,0.6496736407279968,0.25166189670562744,2.581533670425415,2.581533670425415,85,27
363,9206,specialized_enriched,max,0.6961654424667358,0.2696734368801117,2.581512928009033,2.581512928009033,93,27
364,12142,specialized_enriched,max,0.7329039573669434,0.28390565514564514,2.581505298614502,2.581505298614502,100,27
365,12422,specialized_enriched,max,0.8737143874168396,0.3389309048652649,2.5778539180755615,2.5778539180755615,117,27
366,14403,specialized_enriched,max,0.6329423189163208,0.24567247927188873,2.576366424560547,2.576366424560547,154,27
367,10474,specialized_enriched,max,1.0148710012435913,0.3941991627216339,2.5745134353637695,2.5745134353637695,168,27
368,9941,specialized_enriched,max,0.9813711643218994,0.3814704120159149,2.572601079940796,2.572601079940796,113,27
369,13809,base_enriched,active_fraction,-0.023929838091135025,0.009304915554821491,-2.5717415809631348,2.5717415809631348,122,27
370,1303,specialized_enriched,max,0.7723002433776855,0.3004552125930786,2.5704338550567627,2.5704338550567627,77,27
371,854,base_enriched,mean,-0.03724612295627594,0.014493417926132679,-2.5698647499084473,2.5698647499084473,105,27
372,7607,base_enriched,mean,-0.19608084857463837,0.07633045315742493,-2.5688416957855225,2.5688416957855225,151,27
373,12039,specialized_enriched,max,0.5521286725997925,0.21514669060707092,2.5662894248962402,2.5662894248962402,249,27
374,10784,base_enriched,mean,-0.1088428720831871,0.04242222011089325,-2.565704345703125,2.565704345703125,158,27
375,9718,specialized_enriched,max,1.084936261177063,0.42294150590896606,2.565215826034546,2.565215826034546,160,27
376,13887,specialized_enriched,max,1.0637670755386353,0.414850652217865,2.5642168521881104,2.5642168521881104,153,27
377,16166,specialized_enriched,max,0.6251854300498962,0.24393439292907715,2.562924385070801,2.562924385070801,132,27
378,2795,specialized_enriched,max,0.3748331069946289,0.14627674221992493,2.562492847442627,2.562492847442627,95,27
379,4436,specialized_enriched,max,0.6093873381614685,0.2379475235939026,2.5610156059265137,2.5610156059265137,152,27
380,8205,specialized_enriched,max,2.450331211090088,0.9568814635276794,2.560746908187866,2.560746908187866,200,27
381,14175,specialized_enriched,max,0.30389636754989624,0.11868929862976074,2.5604360103607178,2.5604360103607178,106,27
382,6358,specialized_enriched,max,0.707346498966217,0.276276558637619,2.56028413772583,2.56028413772583,121,27
383,851,specialized_enriched,max,1.0672962665557861,0.41700664162635803,2.559422731399536,2.559422731399536,268,27
384,9054,specialized_enriched,max,1.1232941150665283,0.43932053446769714,2.556889533996582,2.556889533996582,227,27
385,11736,specialized_enriched,active_fraction,0.01145529467612505,0.004483967088162899,2.5547232627868652,2.5547232627868652,138,27
386,15657,specialized_enriched,max,0.4462087154388428,0.17474424839019775,2.5534958839416504,2.5534958839416504,73,27
387,6046,base_enriched,active_fraction,-0.007147294003516436,0.00280033890157938,-2.5522961616516113,2.5522961616516113,75,27
388,468,specialized_enriched,max,0.7005661725997925,0.2746741771697998,2.550535202026367,2.550535202026367,222,27
389,5592,specialized_enriched,max,0.3064613938331604,0.12020191550254822,2.5495550632476807,2.5495550632476807,58,27
390,14206,specialized_enriched,max,0.9797084927558899,0.38429030776023865,2.5493967533111572,2.5493967533111572,59,27
391,3283,specialized_enriched,max,0.17359325289726257,0.06810419261455536,2.548936367034912,2.548936367034912,45,27
392,5606,specialized_enriched,max,1.490889549255371,0.5850757360458374,2.54819917678833,2.54819917678833,104,27
393,10152,specialized_enriched,max,0.731618344783783,0.2871195077896118,2.5481317043304443,2.5481317043304443,234,27
394,10282,specialized_enriched,max,0.47509148716926575,0.1865157186985016,2.5471928119659424,2.5471928119659424,220,27
395,14105,specialized_enriched,max,0.5048086643218994,0.1982213705778122,2.546691417694092,2.546691417694092,234,27
396,749,specialized_enriched,max,0.7928822040557861,0.311383455991745,2.546320915222168,2.546320915222168,83,27
397,13141,specialized_enriched,max,0.36945584416389465,0.14511723816394806,2.545912981033325,2.545912981033325,140,27
398,8082,base_enriched,active_fraction,-0.006226551719009876,0.0024478586856275797,-2.543672800064087,2.543672800064087,52,27
399,16106,specialized_enriched,max,0.3708650469779968,0.1458318680524826,2.543100118637085,2.543100118637085,111,27
400,14706,specialized_enriched,max,0.6060868501663208,0.23852571845054626,2.54097056388855,2.54097056388855,195,27
401,2901,specialized_enriched,max,0.7483682632446289,0.29453757405281067,2.5408244132995605,2.5408244132995605,252,27
402,11919,specialized_enriched,active_fraction,0.006732795853167772,0.002651964081451297,2.5387959480285645,2.5387959480285645,98,27
403,9666,specialized_enriched,max,1.6737477779388428,0.6594814658164978,2.537975549697876,2.537975549697876,200,27
404,3233,specialized_enriched,max,1.1227749586105347,0.44314831495285034,2.533632516860962,2.533632516860962,150,27
405,792,specialized_enriched,max,1.0600029230117798,0.4184962511062622,2.5328850746154785,2.5328850746154785,184,27
406,14711,base_enriched,active_fraction,-0.01573818549513817,0.006215844769030809,-2.5319464206695557,2.5319464206695557,105,27
407,10887,specialized_enriched,max,1.6825182437896729,0.6651816964149475,2.529411554336548,2.529411554336548,171,27
408,790,specialized_enriched,max,0.2750692367553711,0.10879939794540405,2.528223991394043,2.528223991394043,75,27
409,5671,specialized_enriched,max,0.1630735695362091,0.06451950967311859,2.527507781982422,2.527507781982422,28,27
410,4892,specialized_enriched,max,0.5694224834442139,0.22534528374671936,2.526888847351074,2.526888847351074,123,27
411,14185,base_enriched,mean,-0.07617148756980896,0.030146781355142593,-2.5266871452331543,2.5266871452331543,189,27
412,5568,specialized_enriched,max,0.5449836850166321,0.215815007686615,2.525235414505005,2.525235414505005,71,27
413,3303,base_enriched,mean,-0.036586325615644455,0.014492550864815712,-2.524491786956787,2.524491786956787,96,27
414,1095,specialized_enriched,max,0.577890157699585,0.2289457768201828,2.5241355895996094,2.5241355895996094,221,27
415,1258,specialized_enriched,max,0.31363725662231445,0.12433327734470367,2.522552728652954,2.522552728652954,54,27
416,14592,specialized_enriched,max,1.1308223009109497,0.44845354557037354,2.521604061126709,2.521604061126709,145,27
417,6859,specialized_enriched,max,0.2682332992553711,0.10640708357095718,2.5208218097686768,2.5208218097686768,81,27
418,952,specialized_enriched,max,1.141922950744629,0.45332014560699463,2.5190210342407227,2.5190210342407227,187,27
419,7894,specialized_enriched,max,0.669328510761261,0.2657151222229004,2.518970251083374,2.518970251083374,88,27
420,6302,specialized_enriched,max,1.2095592021942139,0.48040756583213806,2.51777720451355,2.51777720451355,64,27
421,6716,specialized_enriched,max,1.9678970575332642,0.7816628813743591,2.517577648162842,2.517577648162842,92,27
422,5952,specialized_enriched,active_fraction,0.006960615515708923,0.0027650906704366207,2.5173192024230957,2.5173192024230957,61,27
423,8722,base_enriched,mean,-0.18554726243019104,0.07371629029512405,-2.517045497894287,2.517045497894287,207,27
424,913,specialized_enriched,max,0.31491050124168396,0.12514981627464294,2.516268253326416,2.516268253326416,107,27
425,9076,specialized_enriched,max,0.5192098617553711,0.2063450962305069,2.516221046447754,2.516221046447754,122,27
426,15845,base_enriched,active_fraction,-0.028187619522213936,0.011216715909540653,-2.5130012035369873,2.5130012035369873,108,27
427,7112,specialized_enriched,max,0.2961580157279968,0.11786019057035446,2.5127909183502197,2.5127909183502197,52,27
428,15075,specialized_enriched,max,3.7760581970214844,1.5033791065216064,2.511713981628418,2.511713981628418,61,27
429,10247,specialized_enriched,max,0.4576369524002075,0.18221698701381683,2.5114943981170654,2.5114943981170654,142,27
430,849,specialized_enriched,max,0.5800348520278931,0.23108133673667908,2.510089635848999,2.510089635848999,117,27
431,3357,specialized_enriched,max,1.6136767864227295,0.6439000368118286,2.5060982704162598,2.5060982704162598,248,27
432,3786,base_enriched,active_fraction,-0.04526490718126297,0.01806257665157318,-2.506005048751831,2.506005048751831,267,27
433,10796,specialized_enriched,max,1.045577049255371,0.41725727915763855,2.5058329105377197,2.5058329105377197,93,27
434,2783,specialized_enriched,max,0.39383283257484436,0.1572045087814331,2.5052261352539062,2.5052261352539062,83,27
435,9461,base_enriched,mean,-0.08838779479265213,0.03528965637087822,-2.5046374797821045,2.5046374797821045,182,27
436,7546,specialized_enriched,max,0.9614319801330566,0.3839297890663147,2.5041868686676025,2.5041868686676025,258,27
437,2842,specialized_enriched,max,0.6694459319114685,0.2673887610435486,2.5036427974700928,2.5036427974700928,58,27
438,1531,specialized_enriched,max,0.7190590500831604,0.2873803377151489,2.5021164417266846,2.5021164417266846,190,27
439,15647,specialized_enriched,max,0.8308507204055786,0.3320823013782501,2.5019421577453613,2.5019421577453613,214,27
440,14383,specialized_enriched,max,0.4117014408111572,0.16470129787921906,2.499685525894165,2.499685525894165,186,27
441,6332,specialized_enriched,max,1.401688575744629,0.561487078666687,2.4963860511779785,2.4963860511779785,106,27
442,11773,specialized_enriched,max,0.494214802980423,0.19801267981529236,2.4958744049072266,2.4958744049072266,141,27
443,4001,specialized_enriched,max,0.9475622773170471,0.3797018527984619,2.4955430030822754,2.4955430030822754,219,27
444,5516,specialized_enriched,max,0.6028975248336792,0.24166223406791687,2.4947941303253174,2.4947941303253174,137,27
445,2363,specialized_enriched,max,1.086450457572937,0.43556907773017883,2.494324207305908,2.494324207305908,197,27
446,8246,specialized_enriched,max,0.5585010647773743,0.22399048507213593,2.4934141635894775,2.4934141635894775,116,27
447,8816,specialized_enriched,max,0.48372602462768555,0.19403554499149323,2.492976427078247,2.492976427078247,140,27
448,14022,base_enriched,mean,-0.4979923963546753,0.19981908798217773,-2.4922163486480713,2.4922163486480713,127,27
449,13510,specialized_enriched,max,0.3545045554637909,0.14230215549468994,2.4912099838256836,2.4912099838256836,125,27
450,7538,specialized_enriched,max,0.3241940140724182,0.13016895949840546,2.490563154220581,2.490563154220581,121,27
451,7411,base_enriched,mean,-0.07522892206907272,0.030235780403017998,-2.4880759716033936,2.4880759716033936,199,27
452,9568,specialized_enriched,active_fraction,0.0029223477467894554,0.0011746250092983246,2.487898349761963,2.487898349761963,55,27
453,2520,specialized_enriched,max,0.3542573153972626,0.14239409565925598,2.4878652095794678,2.4878652095794678,72,27
454,65,specialized_enriched,max,1.8900501728057861,0.7602297067642212,2.486156702041626,2.486156702041626,219,27
455,8763,specialized_enriched,max,0.2442704141139984,0.0983600914478302,2.4834301471710205,2.4834301471710205,82,27
456,6491,base_enriched,active_fraction,-0.02146757021546364,0.008649208582937717,-2.482027053833008,2.482027053833008,135,27
457,1099,specialized_enriched,max,1.054452657699585,0.4249967038631439,2.4810843467712402,2.4810843467712402,140,27
458,14931,specialized_enriched,mean,0.007751271594315767,0.0031257029622793198,2.479849100112915,2.479849100112915,29,27
459,7721,specialized_enriched,max,0.8914408683776855,0.35995060205459595,2.476564407348633,2.476564407348633,183,27
460,5826,specialized_enriched,max,1.0236600637435913,0.4135560989379883,2.4752628803253174,2.4752628803253174,180,27
461,14146,specialized_enriched,max,0.9784847497940063,0.39535143971443176,2.4749746322631836,2.4749746322631836,156,27
462,14950,specialized_enriched,max,0.7520396709442139,0.3044736385345459,2.469966411590576,2.469966411590576,115,27
463,984,specialized_enriched,max,1.8895618915557861,0.7653365731239319,2.4689292907714844,2.4689292907714844,100,27
464,11014,specialized_enriched,max,1.4229505062103271,0.5764206051826477,2.468597650527954,2.468597650527954,175,27
465,2117,specialized_enriched,mean,0.014803922735154629,0.005998564418405294,2.4679110050201416,2.4679110050201416,47,27
466,6222,specialized_enriched,max,0.6527516841888428,0.2646033763885498,2.4669060707092285,2.4669060707092285,101,27
467,1139,specialized_enriched,max,0.5142714381217957,0.20847080647945404,2.4668750762939453,2.4668750762939453,133,27
468,10007,specialized_enriched,active_fraction,0.004411817993968725,0.0017888043075799942,2.4663503170013428,2.4663503170013428,69,27
469,7014,specialized_enriched,max,1.2111847400665283,0.49113214015960693,2.4661076068878174,2.4661076068878174,194,27
470,9722,specialized_enriched,max,0.49116766452789307,0.1992628276348114,2.464923620223999,2.464923620223999,107,27
471,6923,specialized_enriched,max,0.8647646307945251,0.3509243428707123,2.464247941970825,2.464247941970825,228,27
472,4313,specialized_enriched,max,1.3922938108444214,0.5650196671485901,2.46415114402771,2.46415114402771,130,27
473,4605,specialized_enriched,max,1.0449094772338867,0.42407307028770447,2.463984489440918,2.463984489440918,151,27
474,13821,specialized_enriched,max,0.6129227876663208,0.24883931875228882,2.4631266593933105,2.4631266593933105,201,27
475,11201,specialized_enriched,max,1.1278184652328491,0.4584944248199463,2.4598302841186523,2.4598302841186523,236,27
476,9597,specialized_enriched,max,0.7367978692054749,0.2995445430278778,2.4597272872924805,2.4597272872924805,97,27
477,287,specialized_enriched,max,1.3346890211105347,0.5427336096763611,2.4591972827911377,2.4591972827911377,168,27
478,11962,specialized_enriched,max,1.0429811477661133,0.4241724908351898,2.4588608741760254,2.4588608741760254,72,27
479,5120,specialized_enriched,max,0.5902393460273743,0.240318164229393,2.4560747146606445,2.4560747146606445,268,27
480,11939,specialized_enriched,max,1.2141391038894653,0.4945443868637085,2.455065965652466,2.455065965652466,165,27
481,16289,specialized_enriched,max,0.6478812098503113,0.26396021246910095,2.454465389251709,2.454465389251709,42,27
482,8059,specialized_enriched,max,0.2570708096027374,0.10475649684667587,2.453984498977661,2.453984498977661,46,27
483,3663,specialized_enriched,max,0.771867573261261,0.3149920403957367,2.450435161590576,2.450435161590576,260,27
484,6830,specialized_enriched,max,0.6530236601829529,0.26666495203971863,2.448854446411133,2.448854446411133,154,27
485,7446,specialized_enriched,max,1.5923779010772705,0.6502979397773743,2.4486896991729736,2.4486896991729736,120,27
486,11154,specialized_enriched,active_fraction,0.01673145592212677,0.0068390402011573315,2.446462631225586,2.446462631225586,160,27
487,6652,specialized_enriched,max,0.4778975546360016,0.19534993171691895,2.446366548538208,2.446366548538208,193,27
488,6879,specialized_enriched,max,0.2864294946193695,0.11709734052419662,2.446080207824707,2.446080207824707,82,27
489,12420,specialized_enriched,max,0.5770742893218994,0.2360495924949646,2.444716215133667,2.444716215133667,186,27
490,10550,specialized_enriched,max,1.2287628650665283,0.5026602149009705,2.4445197582244873,2.4445197582244873,230,27
491,6383,specialized_enriched,max,1.1924198865890503,0.4881477355957031,2.4427437782287598,2.4427437782287598,188,27
492,7816,specialized_enriched,max,0.9806047081947327,0.4017450213432312,2.4408633708953857,2.4408633708953857,167,27
493,13865,base_enriched,mean,-0.012072405777871609,0.004948859103024006,-2.439432144165039,2.439432144165039,89,27
494,2816,specialized_enriched,max,1.1698477268218994,0.47958189249038696,2.439307451248169,2.439307451248169,104,27
495,10068,specialized_enriched,max,0.1821165382862091,0.07469146698713303,2.43825101852417,2.43825101852417,33,27
496,8555,specialized_enriched,active_fraction,0.007177135441452265,0.002944084582850337,2.4378156661987305,2.4378156661987305,105,27
497,1717,specialized_enriched,max,0.2844269275665283,0.11699248850345612,2.4311554431915283,2.4311554431915283,74,27
498,2312,base_enriched,active_fraction,-0.010617027059197426,0.004368234891444445,-2.4305074214935303,2.4305074214935303,130,27
499,3089,specialized_enriched,max,1.0072067975997925,0.41460973024368286,2.429288864135742,2.429288864135742,149,27
500,6562,specialized_enriched,max,1.01755952835083,0.4190043807029724,2.4285175800323486,2.4285175800323486,202,27
501,6430,specialized_enriched,max,0.30855047702789307,0.1270568072795868,2.4284451007843018,2.4284451007843018,96,27
502,7633,specialized_enriched,max,0.47862687706947327,0.19716377556324005,2.4275598526000977,2.4275598526000977,183,27
503,11961,specialized_enriched,max,0.44546082615852356,0.18358361721038818,2.42647385597229,2.42647385597229,182,27
504,11232,specialized_enriched,max,0.5172320008277893,0.21317709982395172,2.426301956176758,2.426301956176758,172,27
505,11836,specialized_enriched,max,1.5980950593948364,0.658778190612793,2.425847053527832,2.425847053527832,70,27
506,15617,specialized_enriched,max,0.3235388696193695,0.13339124619960785,2.425487995147705,2.425487995147705,114,27
507,1962,specialized_enriched,max,0.27555131912231445,0.11370789259672165,2.423326253890991,2.423326253890991,67,27
508,659,specialized_enriched,max,0.9084627032279968,0.3749585747718811,2.422834873199463,2.422834873199463,106,27
509,13148,specialized_enriched,max,0.3995314836502075,0.16496984660625458,2.4218454360961914,2.4218454360961914,128,27
510,11644,specialized_enriched,max,1.3000024557113647,0.5373774170875549,2.419160842895508,2.419160842895508,190,27
511,5623,specialized_enriched,max,0.6734758019447327,0.27846476435661316,2.4185314178466797,2.4185314178466797,124,27
512,14567,base_enriched,mean,-0.1053486093878746,0.04356008768081665,-2.418466329574585,2.418466329574585,204,27
513,5406,specialized_enriched,max,0.30733904242515564,0.12725509703159332,2.4151413440704346,2.4151413440704346,107,27
514,14081,specialized_enriched,max,0.8644988536834717,0.35807251930236816,2.4143121242523193,2.4143121242523193,146,27
515,13225,specialized_enriched,max,0.4022943079471588,0.16688930988311768,2.410545587539673,2.410545587539673,45,27
516,16244,specialized_enriched,max,0.3072463274002075,0.12758581340312958,2.408154249191284,2.408154249191284,54,27
517,10065,specialized_enriched,active_fraction,0.009244604967534542,0.0038402064237743616,2.4073197841644287,2.4073197841644287,181,27
518,3849,specialized_enriched,max,0.6529741883277893,0.271289199590683,2.4069302082061768,2.4069302082061768,136,27
519,3240,specialized_enriched,max,1.6398710012435913,0.6821572780609131,2.4039485454559326,2.4039485454559326,125,27
520,4694,specialized_enriched,max,1.064477801322937,0.4429917335510254,2.4029293060302734,2.4029293060302734,94,27
521,14408,specialized_enriched,max,0.18380390107631683,0.07650768011808395,2.4024240970611572,2.4024240970611572,45,27
522,12016,specialized_enriched,max,0.23878806829452515,0.09945660084486008,2.4009273052215576,2.4009273052215576,60,27
523,6480,specialized_enriched,max,1.0321894884109497,0.4300363063812256,2.400238037109375,2.400238037109375,133,27
524,10274,specialized_enriched,max,0.5126458406448364,0.21361349523067474,2.3998756408691406,2.3998756408691406,110,27
525,5096,specialized_enriched,max,0.7309879064559937,0.3048008680343628,2.398247480392456,2.398247480392456,106,27
526,15299,specialized_enriched,max,1.5295565128326416,0.6384178996086121,2.3958547115325928,2.3958547115325928,219,27
527,7805,specialized_enriched,max,0.6678760647773743,0.27914172410964966,2.3926055431365967,2.3926055431365967,88,27
528,4949,specialized_enriched,max,0.3119190037250519,0.13037386536598206,2.392496347427368,2.392496347427368,98,27
529,9155,base_enriched,active_fraction,-0.01272158045321703,0.005319251678884029,-2.391610860824585,2.391610860824585,71,27
530,11653,specialized_enriched,max,0.6748664975166321,0.2822794020175934,2.390774965286255,2.390774965286255,78,27
531,14353,specialized_enriched,max,1.0923655033111572,0.45692071318626404,2.3907113075256348,2.3907113075256348,194,27
532,12609,base_enriched,active_fraction,-0.012429731898009777,0.005201431456953287,-2.3896751403808594,2.3896751403808594,161,27
533,7475,specialized_enriched,max,0.48077160120010376,0.2012099325656891,2.3894028663635254,2.3894028663635254,145,27
534,4322,specialized_enriched,max,0.7519407868385315,0.31486064195632935,2.3881702423095703,2.3881702423095703,101,27
535,8079,specialized_enriched,max,1.156206727027893,0.48415616154670715,2.3880863189697266,2.3880863189697266,50,27
536,7488,specialized_enriched,max,0.4944249391555786,0.20708267390727997,2.387572765350342,2.387572765350342,133,27
537,5880,specialized_enriched,max,0.5452556610107422,0.22840061783790588,2.387277603149414,2.387277603149414,70,27
538,2021,specialized_enriched,max,0.9729034900665283,0.4079207181930542,2.385030746459961,2.385030746459961,226,27
539,1400,specialized_enriched,max,0.43863725662231445,0.18392126262187958,2.384918689727783,2.384918689727783,237,27
540,2089,specialized_enriched,max,0.3135754466056824,0.1315411627292633,2.3838579654693604,2.3838579654693604,59,27
541,1722,specialized_enriched,active_fraction,0.006132681388407946,0.002572591183707118,2.3838539123535156,2.3838539123535156,40,27
542,11914,specialized_enriched,max,1.1441171169281006,0.4800792634487152,2.383183717727661,2.383183717727661,143,27
543,1075,base_enriched,mean,-0.05305954068899155,0.022289570420980453,-2.380465030670166,2.380465030670166,123,27
544,9421,specialized_enriched,max,0.992953896522522,0.41730228066444397,2.3794596195220947,2.3794596195220947,103,27
545,13503,base_enriched,active_fraction,-0.02106514386832714,0.008857143111526966,-2.3783226013183594,2.3783226013183594,123,27
546,9236,specialized_enriched,max,0.35764437913894653,0.15053540468215942,2.3758156299591064,2.3758156299591064,58,27
547,100,specialized_enriched,max,0.9912850856781006,0.4178708493709564,2.3722283840179443,2.3722283840179443,148,27
548,1593,specialized_enriched,max,3.4009716510772705,1.4350965023040771,2.3698556423187256,2.3698556423187256,43,27
549,8014,specialized_enriched,max,0.8352081775665283,0.3524744510650635,2.3695566654205322,2.3695566654205322,175,27
550,2839,specialized_enriched,max,1.9562029838562012,0.8256022930145264,2.3694252967834473,2.3694252967834473,93,27
551,13686,specialized_enriched,max,1.151602029800415,0.4861893951892853,2.36862850189209,2.36862850189209,67,27
552,5086,specialized_enriched,max,0.8915397524833679,0.3766821622848511,2.3668222427368164,2.3668222427368164,169,27
553,7007,specialized_enriched,max,0.593026876449585,0.2506088316440582,2.366344690322876,2.366344690322876,137,27
554,563,specialized_enriched,active_fraction,0.004103455226868391,0.0017359983175992966,2.363743782043457,2.363743782043457,54,27
555,14850,specialized_enriched,max,0.37941306829452515,0.16051602363586426,2.363708257675171,2.363708257675171,60,27
556,14100,specialized_enriched,max,1.094936728477478,0.4634545147418976,2.3625547885894775,2.3625547885894775,146,27
557,6407,specialized_enriched,max,0.3456783890724182,0.1463383436203003,2.3621859550476074,2.3621859550476074,47,27
558,8563,specialized_enriched,max,0.5038321018218994,0.21341657638549805,2.3607916831970215,2.3607916831970215,119,27
559,8054,specialized_enriched,max,0.29933494329452515,0.1268417239189148,2.3599090576171875,2.3599090576171875,40,27
560,5520,base_enriched,active_fraction,-0.01512570958584547,0.006411390844732523,-2.3591930866241455,2.3591930866241455,206,27
561,8385,specialized_enriched,max,0.736093282699585,0.3120376467704773,2.3589887619018555,2.3589887619018555,208,27
562,16109,specialized_enriched,max,0.6918018460273743,0.29375356435775757,2.35504150390625,2.35504150390625,155,27
563,7786,specialized_enriched,active_fraction,0.006632068660110235,0.0028176093474030495,2.353792905807495,2.353792905807495,63,27
564,4488,specialized_enriched,max,0.3901490867137909,0.16596229374408722,2.350829601287842,2.350829601287842,221,27
565,16150,specialized_enriched,max,0.6245549917221069,0.265706330537796,2.35054612159729,2.35054612159729,150,27
566,16134,specialized_enriched,max,0.8093230724334717,0.3443784713745117,2.35009765625,2.35009765625,182,27
567,12133,specialized_enriched,max,0.801652729511261,0.34132298827171326,2.348663091659546,2.348663091659546,135,27
568,5838,specialized_enriched,max,0.9730579853057861,0.414310097694397,2.3486223220825195,2.3486223220825195,115,27
569,1728,base_enriched,mean,-0.009701499715447426,0.004131377674639225,-2.34824800491333,2.34824800491333,33,27
570,2143,specialized_enriched,max,0.5974584817886353,0.25455421209335327,2.3470776081085205,2.3470776081085205,105,27
571,8781,specialized_enriched,max,0.7173840403556824,0.30587443709373474,2.3453545570373535,2.3453545570373535,241,27
572,8237,specialized_enriched,max,0.4336555600166321,0.1849459856748581,2.344768762588501,2.344768762588501,33,27
573,12686,specialized_enriched,max,0.45188266038894653,0.19287848472595215,2.3428359031677246,2.3428359031677246,233,27
574,8516,specialized_enriched,max,0.2586098313331604,0.1103958860039711,2.3425676822662354,2.3425676822662354,72,27
575,1778,base_enriched,active_fraction,-0.007937660440802574,0.003388852346688509,-2.342285633087158,2.342285633087158,112,27
576,9951,base_enriched,active_fraction,-0.013862899504601955,0.005920517258346081,-2.341501474380493,2.341501474380493,217,27
577,1666,specialized_enriched,max,0.2601920962333679,0.11112991720438004,2.3413326740264893,2.3413326740264893,84,27
578,5264,base_enriched,active_fraction,-0.006316462531685829,0.0026978147216141224,-2.341325521469116,2.341325521469116,67,27
579,13565,specialized_enriched,max,1.0975759029388428,0.4688848853111267,2.3408217430114746,2.3408217430114746,183,27
580,11629,base_enriched,active_fraction,-0.004537268541753292,0.001939360867254436,-2.339569091796875,2.339569091796875,59,27
581,16052,specialized_enriched,max,0.7422369718551636,0.31736665964126587,2.3387365341186523,2.3387365341186523,114,27
582,2098,specialized_enriched,max,1.3344231843948364,0.5706392526626587,2.338470697402954,2.338470697402954,176,27
583,7165,specialized_enriched,max,0.800991415977478,0.3431849479675293,2.333993434906006,2.333993434906006,101,27
584,2380,base_enriched,active_fraction,-0.010023961775004864,0.004300564061850309,-2.330848217010498,2.330848217010498,56,27
585,14948,specialized_enriched,max,0.4723595678806305,0.20268301665782928,2.330533504486084,2.330533504486084,138,27
586,7111,specialized_enriched,max,0.9423457384109497,0.4044365882873535,2.3300209045410156,2.3300209045410156,140,27
587,5149,specialized_enriched,max,2.0571041107177734,0.8833487629890442,2.328756332397461,2.328756332397461,69,27
588,9312,specialized_enriched,max,0.4286552965641022,0.18413980305194855,2.3278796672821045,2.3278796672821045,156,27
589,9346,specialized_enriched,max,0.591623842716217,0.2541734278202057,2.3276383876800537,2.3276383876800537,175,27
590,15389,specialized_enriched,max,0.2780112624168396,0.11945077776908875,2.3274128437042236,2.3274128437042236,191,27
591,10193,specialized_enriched,max,0.5508307218551636,0.2367193102836609,2.3269362449645996,2.3269362449645996,202,27
592,12995,base_enriched,mean,-0.08550851792097092,0.036770403385162354,-2.3254714012145996,2.3254714012145996,175,27
593,29,specialized_enriched,max,0.47611749172210693,0.20493820309638977,2.3232247829437256,2.3232247829437256,147,27
594,14140,specialized_enriched,max,0.472242146730423,0.20328296720981598,2.32307767868042,2.32307767868042,144,27
595,2861,specialized_enriched,max,0.6888968348503113,0.29670169949531555,2.321850061416626,2.321850061416626,154,27
596,4358,specialized_enriched,max,0.5778530240058899,0.2491186261177063,2.319589853286743,2.319589853286743,53,27
597,15250,specialized_enriched,max,0.314378947019577,0.13562414050102234,2.3180160522460938,2.3180160522460938,79,27
598,6240,specialized_enriched,max,0.5899426341056824,0.2546388506889343,2.316781759262085,2.316781759262085,229,27
599,9736,specialized_enriched,max,0.628102719783783,0.2711247205734253,2.3166561126708984,2.3166561126708984,169,27
600,6243,specialized_enriched,max,0.3945436179637909,0.17031294107437134,2.316580295562744,2.316580295562744,115,27
601,8957,specialized_enriched,max,1.0287961959838867,0.44445329904556274,2.3147454261779785,2.3147454261779785,152,27
602,4162,specialized_enriched,max,2.7694694995880127,1.1966966390609741,2.3142619132995605,2.3142619132995605,69,27
603,1226,specialized_enriched,max,0.2582080662250519,0.11159143596887589,2.3138699531555176,2.3138699531555176,50,27
604,7590,specialized_enriched,max,0.7375519275665283,0.3188016712665558,2.3135132789611816,2.3135132789611816,69,27
605,12436,specialized_enriched,max,0.22078965604305267,0.09549769014120102,2.3119895458221436,2.3119895458221436,47,27
606,9188,specialized_enriched,max,0.23106209933757782,0.10000515729188919,2.31050181388855,2.31050181388855,132,27
607,9372,specialized_enriched,max,0.9081660509109497,0.39351171255111694,2.3078501224517822,2.3078501224517822,143,27
608,7959,base_enriched,mean,-0.18359819054603577,0.07958174496889114,-2.3070390224456787,2.3070390224456787,148,27
609,14458,specialized_enriched,max,1.1329607963562012,0.49140816926956177,2.305539131164551,2.305539131164551,183,27
610,12036,specialized_enriched,max,0.6351364850997925,0.27552443742752075,2.3051910400390625,2.3051910400390625,107,27
611,10631,specialized_enriched,max,0.6234424710273743,0.27061784267425537,2.303774356842041,2.303774356842041,166,27
612,4060,specialized_enriched,max,0.28918612003326416,0.1256675124168396,2.3012003898620605,2.3012003898620605,72,27
613,13789,specialized_enriched,max,0.41617631912231445,0.18085342645645142,2.301180124282837,2.301180124282837,87,27
614,13332,specialized_enriched,max,0.3659760653972626,0.15905387699604034,2.3009564876556396,2.3009564876556396,100,27
615,3104,specialized_enriched,max,0.8429897427558899,0.3664630353450775,2.300340414047241,2.300340414047241,250,27
616,13185,specialized_enriched,max,1.1201573610305786,0.48747020959854126,2.297899007797241,2.297899007797241,187,27
617,11832,specialized_enriched,max,0.4306146204471588,0.18741215765476227,2.2976877689361572,2.2976877689361572,227,27
618,6708,specialized_enriched,max,1.6241099834442139,0.7069640755653381,2.297302007675171,2.297302007675171,56,27
619,14137,specialized_enriched,max,0.8575207591056824,0.3733604848384857,2.2967636585235596,2.2967636585235596,155,27
620,14257,base_enriched,active_fraction,-0.011346551589667797,0.004944596905261278,-2.2947373390197754,2.2947373390197754,180,27
621,4867,specialized_enriched,mean,0.008770906366407871,0.0038233567029237747,2.2940330505371094,2.2940330505371094,36,27
622,432,specialized_enriched,max,2.370450973510742,1.033778190612793,2.2929975986480713,2.2929975986480713,64,27
623,746,base_enriched,active_fraction,-0.003265380859375,0.0014243836048990488,-2.2924869060516357,2.2924869060516357,31,27
624,3528,specialized_enriched,max,1.0164222717285156,0.4435025751590729,2.291806936264038,2.291806936264038,101,27
625,15350,specialized_enriched,max,1.5001482963562012,0.6547156572341919,2.291297435760498,2.291297435760498,222,27
626,3364,specialized_enriched,max,0.3100029528141022,0.13531093299388885,2.291041374206543,2.291041374206543,47,27
627,201,specialized_enriched,max,0.5745401382446289,0.25120729207992554,2.2871155738830566,2.2871155738830566,242,27
628,5283,specialized_enriched,max,0.35731062293052673,0.15636926889419556,2.285043716430664,2.285043716430664,187,27
629,12780,specialized_enriched,max,1.674273133277893,0.7327098250389099,2.2850425243377686,2.2850425243377686,80,27
630,2157,specialized_enriched,max,0.2515204846858978,0.11007476598024368,2.284996747970581,2.284996747970581,80,27
631,2630,base_enriched,mean,-0.06306322664022446,0.027639975771307945,-2.281594753265381,2.281594753265381,244,27
632,15982,specialized_enriched,max,0.45982494950294495,0.20155440270900726,2.2813937664031982,2.2813937664031982,68,27
633,12533,specialized_enriched,max,0.9665002226829529,0.42369723320007324,2.2811105251312256,2.2811105251312256,219,27
634,5661,specialized_enriched,max,0.3584973216056824,0.15717355906963348,2.2809009552001953,2.2809009552001953,50,27
635,7064,specialized_enriched,max,0.9862045049667358,0.43269598484039307,2.2792088985443115,2.2792088985443115,207,27
636,8853,specialized_enriched,max,1.0030779838562012,0.44127342104911804,2.273144006729126,2.273144006729126,95,27
637,12746,specialized_enriched,max,1.6312673091888428,0.7182746529579163,2.2710912227630615,2.2710912227630615,160,27
638,5231,specialized_enriched,max,0.5237588882446289,0.23068270087242126,2.2704732418060303,2.2704732418060303,148,27
639,309,specialized_enriched,max,1.4846901893615723,0.654245138168335,2.269317865371704,2.269317865371704,228,27
640,6956,specialized_enriched,max,1.5005686283111572,0.6615388989448547,2.2682998180389404,2.2682998180389404,83,27
641,14493,specialized_enriched,max,0.5735265016555786,0.25300976634025574,2.266815662384033,2.266815662384033,171,27
642,2930,specialized_enriched,max,1.2714534997940063,0.5611295104026794,2.2658824920654297,2.2658824920654297,40,27
643,10845,specialized_enriched,max,0.4395025670528412,0.19401971995830536,2.265246868133545,2.265246868133545,79,27
644,3097,specialized_enriched,max,0.5490258932113647,0.24250079691410065,2.26401686668396,2.26401686668396,257,27
645,3838,specialized_enriched,max,0.1751755326986313,0.07739350199699402,2.263439893722534,2.263439893722534,54,27
646,453,specialized_enriched,max,1.267578125,0.5601332187652588,2.2629940509796143,2.2629940509796143,235,27
647,6236,specialized_enriched,max,0.3753090500831604,0.16584807634353638,2.2629690170288086,2.2629690170288086,255,27
648,2248,specialized_enriched,max,0.9644481539726257,0.4263927638530731,2.2618772983551025,2.2618772983551025,213,27
649,11502,base_enriched,active_fraction,-0.0018821426201611757,0.00083212461322546,-2.2618517875671387,2.2618517875671387,30,27
650,5500,base_enriched,mean,-0.11984774470329285,0.05300060659646988,-2.2612524032592773,2.2612524032592773,68,27
651,15408,specialized_enriched,max,1.3732322454452515,0.6077463030815125,2.2595484256744385,2.2595484256744385,128,27
652,5558,specialized_enriched,max,0.47635236382484436,0.2108365148305893,2.2593448162078857,2.2593448162078857,83,27
653,12274,specialized_enriched,max,0.3916262984275818,0.17341160774230957,2.2583627700805664,2.2583627700805664,60,27
654,15642,specialized_enriched,max,0.6192209720611572,0.27423545718193054,2.2579901218414307,2.2579901218414307,94,27
655,8164,specialized_enriched,max,1.7820658683776855,0.7892746329307556,2.257852792739868,2.257852792739868,228,27
656,1207,specialized_enriched,max,0.6101043224334717,0.2706252634525299,2.254424810409546,2.254424810409546,184,27
657,10060,base_enriched,active_fraction,-0.0053626918233931065,0.0023799727205187082,-2.2532577514648438,2.2532577514648438,97,27
658,12630,specialized_enriched,max,0.9622231125831604,0.4272691011428833,2.252030611038208,2.252030611038208,165,27
659,4086,specialized_enriched,max,0.17618918418884277,0.07826193422079086,2.2512755393981934,2.2512755393981934,29,27
660,8865,specialized_enriched,max,0.3812054991722107,0.16936345398426056,2.2508132457733154,2.2508132457733154,61,27
661,7214,specialized_enriched,active_fraction,0.009734238497912884,0.004326639696955681,2.24983811378479,2.24983811378479,141,27
662,2263,specialized_enriched,max,0.6976364850997925,0.31055977940559387,2.2463839054107666,2.2463839054107666,158,27
663,9257,specialized_enriched,max,0.8490222096443176,0.3780134320259094,2.2460107803344727,2.2460107803344727,101,27
664,6900,specialized_enriched,max,1.039717674255371,0.4629654288291931,2.2457783222198486,2.2457783222198486,70,27
665,6934,specialized_enriched,max,1.0250321626663208,0.45644205808639526,2.2457005977630615,2.2457005977630615,182,27
666,8305,specialized_enriched,max,0.5912344455718994,0.2635006010532379,2.2437689304351807,2.2437689304351807,240,27
667,1410,specialized_enriched,max,0.5065763592720032,0.22583280503749847,2.243147850036621,2.243147850036621,157,27
668,10886,specialized_enriched,max,2.5377893447875977,1.1314876079559326,2.2428786754608154,2.2428786754608154,234,27
669,7680,specialized_enriched,max,0.4420459568500519,0.19709256291389465,2.2428343296051025,2.2428343296051025,183,27
670,8787,base_enriched,active_fraction,-0.009484206326305866,0.004229438491165638,-2.242426872253418,2.242426872253418,95,27
671,9141,specialized_enriched,max,1.5232892036437988,0.6794500350952148,2.2419443130493164,2.2419443130493164,187,27
672,14286,specialized_enriched,max,0.3921701908111572,0.17496052384376526,2.241478204727173,2.241478204727173,152,27
673,8291,base_enriched,mean,-0.005829533562064171,0.0026021813973784447,-2.240248680114746,2.240248680114746,45,27
674,12929,specialized_enriched,max,0.1453162133693695,0.06486785411834717,2.2401883602142334,2.2401883602142334,42,27
675,902,specialized_enriched,max,0.7586901783943176,0.3389545977115631,2.238323926925659,2.238323926925659,142,27
676,1376,specialized_enriched,max,0.2543018162250519,0.11363139748573303,2.2379539012908936,2.2379539012908936,49,27
677,6827,specialized_enriched,max,0.9061758518218994,0.40505626797676086,2.2371604442596436,2.2371604442596436,142,27
678,14590,base_enriched,active_fraction,-0.007996957749128342,0.003582695033401251,-2.2321066856384277,2.2321066856384277,102,27
679,13042,specialized_enriched,max,0.46014636754989624,0.20623697340488434,2.231153726577759,2.231153726577759,144,27
680,4934,specialized_enriched,max,0.3756675124168396,0.16838987171649933,2.2309389114379883,2.2309389114379883,28,27
681,7291,specialized_enriched,max,0.359449177980423,0.16113652288913727,2.2307119369506836,2.2307119369506836,149,27
682,12789,specialized_enriched,max,0.7808049917221069,0.350114643573761,2.2301409244537354,2.2301409244537354,133,27
683,13636,specialized_enriched,max,1.7068705558776855,0.7654343843460083,2.2299370765686035,2.2299370765686035,96,27
684,8025,specialized_enriched,max,0.445386677980423,0.19975440204143524,2.2296714782714844,2.2296714782714844,43,27
685,6467,specialized_enriched,max,0.5202111601829529,0.23339200019836426,2.2289159297943115,2.2289159297943115,95,27
686,10527,specialized_enriched,max,0.644741415977478,0.28926700353622437,2.228879928588867,2.228879928588867,132,27
687,7187,specialized_enriched,max,0.4558198153972626,0.20462757349014282,2.227558135986328,2.227558135986328,178,27
688,13871,specialized_enriched,max,0.7489492893218994,0.33632659912109375,2.226851224899292,2.226851224899292,148,27
689,11675,specialized_enriched,max,0.5274550318717957,0.2369123250246048,2.226372241973877,2.226372241973877,119,27
690,9268,specialized_enriched,max,0.9798630475997925,0.4401685893535614,2.2261085510253906,2.2261085510253906,226,27
691,591,specialized_enriched,max,0.17831537127494812,0.08011175692081451,2.22583270072937,2.22583270072937,37,27
692,15976,base_enriched,mean,-0.07417857646942139,0.03335136920213699,-2.224153757095337,2.224153757095337,186,27
693,3277,specialized_enriched,max,0.9261521100997925,0.4165365993976593,2.223459243774414,2.223459243774414,149,27
694,8415,specialized_enriched,max,0.8512163758277893,0.3830319046974182,2.2223119735717773,2.2223119735717773,116,27
695,11062,base_enriched,active_fraction,-0.016355296596884727,0.007365962956100702,-2.220388174057007,2.220388174057007,206,27
696,10093,specialized_enriched,max,0.15997081995010376,0.0720619484782219,2.21990704536438,2.21990704536438,46,27
697,5303,specialized_enriched,max,0.5479968190193176,0.246917262673378,2.2193539142608643,2.2193539142608643,146,27
698,7440,specialized_enriched,max,2.098954200744629,0.9460047483444214,2.2187564373016357,2.2187564373016357,90,27
699,1065,specialized_enriched,max,0.23585838079452515,0.10637956857681274,2.217139959335327,2.217139959335327,64,27
700,14314,specialized_enriched,max,1.25242280960083,0.5649161338806152,2.2170066833496094,2.2170066833496094,239,27
701,2447,specialized_enriched,active_fraction,0.0020417803898453712,0.0009210081771016121,2.2168972492218018,2.2168972492218018,31,27
702,11354,specialized_enriched,max,0.6186708807945251,0.27925190329551697,2.2154581546783447,2.2154581546783447,171,27
703,7251,specialized_enriched,active_fraction,0.01852552220225334,0.008365889079868793,2.214411735534668,2.214411735534668,160,27
704,6110,specialized_enriched,max,0.582772970199585,0.26317667961120605,2.21437931060791,2.21437931060791,151,27
705,7481,specialized_enriched,max,0.5520173907279968,0.2493227869272232,2.214067220687866,2.214067220687866,255,27
706,1974,specialized_enriched,max,0.6093502640724182,0.27522012591362,2.2140469551086426,2.2140469551086426,144,27
707,8851,specialized_enriched,max,0.42698031663894653,0.19285164773464203,2.2140350341796875,2.2140350341796875,232,27
708,8659,specialized_enriched,max,0.20857025682926178,0.09426738321781158,2.212538957595825,2.212538957595825,35,27
709,14928,specialized_enriched,max,1.415595293045044,0.6405175924301147,2.21008038520813,2.21008038520813,169,27
710,14833,specialized_enriched,max,0.5911540985107422,0.2677362859249115,2.2079715728759766,2.2079715728759766,84,27
711,6111,specialized_enriched,max,1.0684088468551636,0.4849652349948883,2.2030627727508545,2.2030627727508545,233,27
712,9501,specialized_enriched,max,0.8263325691223145,0.3751424551010132,2.202716827392578,2.202716827392578,139,27
713,16079,specialized_enriched,max,0.3039705157279968,0.13810884952545166,2.20094895362854,2.20094895362854,93,27
714,3720,specialized_enriched,max,0.6171813011169434,0.28052493929862976,2.200094223022461,2.200094223022461,93,27
715,8209,specialized_enriched,active_fraction,0.00519214104861021,0.002360953250899911,2.199171543121338,2.199171543121338,50,27
716,10109,specialized_enriched,max,0.8320683240890503,0.3784714937210083,2.1984965801239014,2.1984965801239014,127,27
717,7286,specialized_enriched,max,1.4144209623336792,0.643427312374115,2.19826078414917,2.19826078414917,227,27
718,7853,specialized_enriched,max,0.6830807328224182,0.31083357334136963,2.1975769996643066,2.1975769996643066,201,27
719,1760,specialized_enriched,max,0.32765525579452515,0.14912734925746918,2.197150707244873,2.197150707244873,231,27
720,11334,specialized_enriched,max,0.7573427557945251,0.3450199067592621,2.1950697898864746,2.1950697898864746,49,27
721,5074,specialized_enriched,max,0.1383751928806305,0.06304528564214706,2.1948540210723877,2.1948540210723877,46,27
722,7540,base_enriched,active_fraction,-0.01895180158317089,0.008644398301839828,-2.1923794746398926,2.1923794746398926,224,27
723,5247,specialized_enriched,max,0.9068000912666321,0.4137113690376282,2.191866397857666,2.191866397857666,66,27
724,12258,specialized_enriched,max,0.7630290985107422,0.3483794033527374,2.1902244091033936,2.1902244091033936,138,27
725,2859,specialized_enriched,active_fraction,0.01066531427204609,0.004870033357292414,2.189987897872925,2.189987897872925,115,27
726,6277,base_enriched,active_fraction,-0.019526131451129913,0.008916500955820084,-2.189887285232544,2.189887285232544,254,27
727,12050,specialized_enriched,max,0.21923209726810455,0.10011957585811615,2.1897025108337402,2.1897025108337402,78,27
728,8558,specialized_enriched,max,2.2755019664764404,1.0392472743988037,2.1895673274993896,2.1895673274993896,70,27
729,15503,specialized_enriched,max,0.9632367491722107,0.440125048160553,2.1885523796081543,2.1885523796081543,69,27
730,12741,specialized_enriched,max,0.21184606850147247,0.09683626145124435,2.1876728534698486,2.1876728534698486,37,27
731,4075,specialized_enriched,active_fraction,0.011036739684641361,0.0050456165336072445,2.187391757965088,2.187391757965088,82,27
732,6479,specialized_enriched,max,0.32708045840263367,0.1495562642812729,2.1870059967041016,2.1870059967041016,81,27
733,283,specialized_enriched,active_fraction,0.007702405098825693,0.0035238603595644236,2.185786247253418,2.185786247253418,39,27
734,12697,base_enriched,active_fraction,-0.016712816432118416,0.00765045965090394,-2.1845505237579346,2.1845505237579346,189,27
735,4245,specialized_enriched,max,0.32561561465263367,0.14909394085407257,2.183962821960449,2.183962821960449,78,27
736,3100,base_enriched,mean,-0.06952445209026337,0.03183913603425026,-2.1836161613464355,2.1836161613464355,219,27
737,9454,specialized_enriched,max,1.0662208795547485,0.48875024914741516,2.1815249919891357,2.1815249919891357,146,27
738,10050,specialized_enriched,max,0.3312895596027374,0.15189138054847717,2.1810951232910156,2.1810951232910156,83,27
739,9585,base_enriched,active_fraction,-0.019938118755817413,0.009145419113337994,-2.1801209449768066,2.1801209449768066,109,27
740,9972,base_enriched,active_fraction,-0.012423648498952389,0.00570779899135232,-2.1766092777252197,2.1766092777252197,71,27
741,13916,specialized_enriched,max,0.6874011158943176,0.3160679042339325,2.1748526096343994,2.1748526096343994,221,27
742,7988,specialized_enriched,max,0.2236328125,0.10291591286659241,2.172966241836548,2.172966241836548,94,27
743,2406,specialized_enriched,max,0.4079311788082123,0.18778419494628906,2.1723403930664062,2.1723403930664062,88,27
744,4196,specialized_enriched,max,0.6508232951164246,0.2996043860912323,2.1722755432128906,2.1722755432128906,143,27
745,15947,specialized_enriched,max,0.6356185674667358,0.29261213541030884,2.172222137451172,2.172222137451172,92,27
746,151,specialized_enriched,max,0.5506885647773743,0.2537563145160675,2.170147180557251,2.170147180557251,181,27
747,403,specialized_enriched,max,0.3649624288082123,0.16836291551589966,2.167712688446045,2.167712688446045,87,27
748,15107,specialized_enriched,max,1.2985438108444214,0.5994119644165039,2.166362762451172,2.166362762451172,182,27
749,12483,specialized_enriched,max,0.7753040790557861,0.3583618700504303,2.1634669303894043,2.1634669303894043,102,27
750,7366,specialized_enriched,max,0.47997429966926575,0.22199523448944092,2.162092924118042,2.162092924118042,106,27
751,3239,specialized_enriched,active_fraction,0.009188205003738403,0.004251484759151936,2.161175489425659,2.161175489425659,38,27
752,8702,base_enriched,active_fraction,-0.008691522292792797,0.00402482133358717,-2.159480333328247,2.159480333328247,104,27
753,10851,specialized_enriched,max,0.4167326092720032,0.192994624376297,2.1592965126037598,2.1592965126037598,109,27
754,2884,specialized_enriched,max,1.1158215999603271,0.5170013904571533,2.1582565307617188,2.1582565307617188,158,27
755,15549,specialized_enriched,max,0.5805478692054749,0.2690795063972473,2.1575329303741455,2.1575329303741455,179,27
756,10575,specialized_enriched,max,1.6097829341888428,0.7467809915542603,2.1556291580200195,2.1556291580200195,115,27
757,10327,specialized_enriched,max,1.2235524654388428,0.5676705837249756,2.1553916931152344,2.1553916931152344,194,27
758,3196,specialized_enriched,max,0.22946128249168396,0.10652109235525131,2.154139518737793,2.154139518737793,147,27
759,16373,specialized_enriched,max,0.2312660664319992,0.10744919627904892,2.152329444885254,2.152329444885254,35,27
760,3922,specialized_enriched,max,0.5239443182945251,0.2435951828956604,2.150881290435791,2.150881290435791,153,27
761,3116,specialized_enriched,max,0.14203421771526337,0.06614892929792404,2.147188425064087,2.147188425064087,30,27
762,9337,specialized_enriched,max,0.7479850649833679,0.34838470816612244,2.1470088958740234,2.1470088958740234,70,27
763,8936,base_enriched,active_fraction,-0.007868609391152859,0.00366567843593657,-2.1465628147125244,2.1465628147125244,104,27
764,12451,specialized_enriched,max,0.5270470976829529,0.2458457201719284,2.143812417984009,2.143812417984009,165,27
765,40,specialized_enriched,max,0.5680255889892578,0.26500627398490906,2.143442153930664,2.143442153930664,211,27
766,14811,specialized_enriched,max,0.891836404800415,0.4162232279777527,2.1426877975463867,2.1426877975463867,111,27
767,1568,specialized_enriched,max,0.6323304176330566,0.29537492990493774,2.1407721042633057,2.1407721042633057,236,27
768,4243,specialized_enriched,max,0.43407586216926575,0.20278827846050262,2.1405372619628906,2.1405372619628906,86,27
769,15381,specialized_enriched,max,0.3685596287250519,0.17219263315200806,2.1403913497924805,2.1403913497924805,174,27
770,5879,specialized_enriched,max,1.2548210620880127,0.5863749980926514,2.139963388442993,2.139963388442993,176,27
771,6684,specialized_enriched,max,0.7454756498336792,0.3483905494213104,2.139770030975342,2.139770030975342,230,27
772,7093,specialized_enriched,max,0.5614739656448364,0.2625802159309387,2.1382949352264404,2.1382949352264404,135,27
773,10908,base_enriched,active_fraction,-0.010076885111629963,0.004713359288871288,-2.1379411220550537,2.1379411220550537,134,27
774,8401,specialized_enriched,max,1.0102847814559937,0.4725935757160187,2.1377453804016113,2.1377453804016113,189,27
775,11211,specialized_enriched,max,0.9313315749168396,0.4360024034976959,2.1360697746276855,2.1360697746276855,164,27
776,10603,specialized_enriched,max,0.2671145796775818,0.12525983154773712,2.132483959197998,2.132483959197998,42,27
777,2013,specialized_enriched,max,0.6907202005386353,0.3239215016365051,2.132369041442871,2.132369041442871,86,27
778,3453,specialized_enriched,max,0.20530062913894653,0.09640192985534668,2.129631996154785,2.129631996154785,48,27
779,2986,specialized_enriched,max,1.2604578733444214,0.592033326625824,2.1290318965911865,2.1290318965911865,99,27
780,15468,specialized_enriched,max,1.0471469163894653,0.49189552664756775,2.1287994384765625,2.1287994384765625,237,27
781,8970,specialized_enriched,max,0.28462469577789307,0.1337190568447113,2.1285276412963867,2.1285276412963867,63,27
782,276,specialized_enriched,max,0.6306924819946289,0.2963458001613617,2.1282315254211426,2.1282315254211426,157,27
783,12592,specialized_enriched,max,0.7742162942886353,0.364136666059494,2.126169443130493,2.126169443130493,199,27
784,15073,specialized_enriched,max,0.3102007508277893,0.14591187238693237,2.125946044921875,2.125946044921875,66,27
785,4648,base_enriched,active_fraction,-0.007669666316360235,0.0036087743937969208,-2.1252827644348145,2.1252827644348145,125,27
786,7473,specialized_enriched,max,0.36249011754989624,0.17056721448898315,2.125203847885132,2.125203847885132,57,27
787,9165,specialized_enriched,max,0.34297123551368713,0.16149021685123444,2.1237895488739014,2.1237895488739014,155,27
788,15872,specialized_enriched,max,0.6181640625,0.2911720275878906,2.1230201721191406,2.1230201721191406,131,27
789,10518,specialized_enriched,max,0.9823229908943176,0.46270838379859924,2.1229851245880127,2.1229851245880127,105,27
790,6860,specialized_enriched,max,1.2038172483444214,0.5671272873878479,2.1226580142974854,2.1226580142974854,244,27
791,4975,specialized_enriched,max,1.0602996349334717,0.49956014752388,2.1224663257598877,2.1224663257598877,106,27
792,5356,specialized_enriched,max,0.4280434250831604,0.20171518623828888,2.122018814086914,2.122018814086914,184,27
793,14662,specialized_enriched,max,0.27778875827789307,0.1309482902288437,2.1213622093200684,2.1213622093200684,60,27
794,1428,base_enriched,active_fraction,-0.013347674161195755,0.006295295432209969,-2.1202616691589355,2.1202616691589355,98,27
795,10033,specialized_enriched,max,1.2286145687103271,0.5794892311096191,2.1201679706573486,2.1201679706573486,133,27
796,8859,specialized_enriched,max,0.5619561076164246,0.26514574885368347,2.1194233894348145,2.1194233894348145,137,27
797,14787,specialized_enriched,max,0.8416114449501038,0.39709874987602234,2.119400978088379,2.119400978088379,169,27
798,3320,base_enriched,mean,-0.01161271147429943,0.005480180028825998,-2.1190383434295654,2.1190383434295654,37,27
799,11419,base_enriched,mean,-0.1138104796409607,0.053726039826869965,-2.1183485984802246,2.1183485984802246,44,27
800,5998,specialized_enriched,max,0.3990555703639984,0.188648521900177,2.1153390407562256,2.1153390407562256,126,27
801,860,specialized_enriched,max,0.3674594461917877,0.17376281321048737,2.1147186756134033,2.1147186756134033,103,27
802,1687,specialized_enriched,max,0.5196115970611572,0.24590235948562622,2.1130809783935547,2.1130809783935547,76,27
803,8175,specialized_enriched,max,0.3154544234275818,0.1492883563041687,2.1130545139312744,2.1130545139312744,31,27
804,15848,specialized_enriched,max,1.3169254064559937,0.623389720916748,2.1125235557556152,2.1125235557556152,47,27
805,3799,specialized_enriched,active_fraction,0.011179863475263119,0.005295189563184977,2.1113245487213135,2.1113245487213135,71,27
806,15673,specialized_enriched,max,0.9731878042221069,0.461007684469223,2.1110012531280518,2.1110012531280518,196,27
807,4993,specialized_enriched,max,0.8273956775665283,0.3919558823108673,2.110940933227539,2.110940933227539,241,27
808,10843,specialized_enriched,max,1.423407793045044,0.6750118136405945,2.108715295791626,2.108715295791626,209,27
809,8071,specialized_enriched,max,0.37323230504989624,0.1770075261592865,2.108567476272583,2.108567476272583,128,27
810,5042,specialized_enriched,max,0.813328206539154,0.3861697316169739,2.1061418056488037,2.1061418056488037,63,27
811,16089,specialized_enriched,max,0.7632701396942139,0.362754762172699,2.1040940284729004,2.1040940284729004,130,27
812,4820,specialized_enriched,max,0.5873590707778931,0.2791602313518524,2.1040213108062744,2.1040213108062744,190,27
813,10021,specialized_enriched,max,0.924143373966217,0.4396394193172455,2.102048397064209,2.102048397064209,180,27
814,6593,specialized_enriched,max,0.9300336241722107,0.44254186749458313,2.101572036743164,2.101572036743164,239,27
815,3152,specialized_enriched,max,0.23227353394031525,0.11056029051542282,2.100876569747925,2.100876569747925,40,27
816,1361,specialized_enriched,max,0.07970727980136871,0.03795427829027176,2.1000869274139404,2.1000869274139404,31,27
817,7608,specialized_enriched,max,0.3053179383277893,0.14545318484306335,2.0990805625915527,2.0990805625915527,97,27
818,10438,specialized_enriched,max,0.7070189118385315,0.3369307219982147,2.0984103679656982,2.0984103679656982,69,27
819,9359,specialized_enriched,max,0.2786911725997925,0.132840096950531,2.097944736480713,2.097944736480713,49,27
820,9806,specialized_enriched,max,0.3471061587333679,0.16547875106334686,2.0975875854492188,2.0975875854492188,60,27
821,9397,specialized_enriched,max,0.7023462057113647,0.33486610651016235,2.0973942279815674,2.0973942279815674,66,27
822,6968,base_enriched,active_fraction,-0.006454274524003267,0.003077777335420251,-2.0970571041107178,2.0970571041107178,72,27
823,3624,specialized_enriched,max,0.27199119329452515,0.12978330254554749,2.095733404159546,2.095733404159546,93,27
824,4610,specialized_enriched,max,0.9879969358444214,0.4715641140937805,2.095148801803589,2.095148801803589,104,27
825,9723,specialized_enriched,max,0.5175657868385315,0.2471546232700348,2.094097137451172,2.094097137451172,66,27
826,16238,specialized_enriched,max,1.4697327613830566,0.7019545435905457,2.0937719345092773,2.0937719345092773,71,27
827,16097,specialized_enriched,max,0.47510382533073425,0.2269195318222046,2.0937106609344482,2.0937106609344482,64,27
828,12380,specialized_enriched,max,0.9071647524833679,0.4332828223705292,2.093701124191284,2.093701124191284,85,27
829,9339,specialized_enriched,max,1.078446388244629,0.5153047442436218,2.092832326889038,2.092832326889038,61,27
830,1559,specialized_enriched,max,1.5620179176330566,0.7470136880874634,2.0910165309906006,2.0910165309906006,61,27
831,4603,specialized_enriched,max,0.20060324668884277,0.09593813866376877,2.0909645557403564,2.0909645557403564,67,27
832,14322,specialized_enriched,mean,0.0046253446489572525,0.0022135633043944836,2.0895471572875977,2.0895471572875977,36,27
833,661,specialized_enriched,active_fraction,0.015217551961541176,0.007284499704837799,2.089031934738159,2.089031934738159,104,27
834,15593,specialized_enriched,max,0.6339250206947327,0.30369722843170166,2.0873587131500244,2.0873587131500244,175,27
835,11284,specialized_enriched,max,0.3850128650665283,0.1844656765460968,2.087178945541382,2.087178945541382,87,27
836,11055,specialized_enriched,max,0.2600375711917877,0.12466198951005936,2.0859410762786865,2.0859410762786865,80,27
837,2051,specialized_enriched,max,0.4299470782279968,0.2061702311038971,2.0853984355926514,2.0853984355926514,64,27
838,5065,specialized_enriched,max,0.7386273741722107,0.35435089468955994,2.084451913833618,2.084451913833618,203,27
839,5137,specialized_enriched,max,0.5771793127059937,0.2769703269004822,2.0839030742645264,2.0839030742645264,145,27
840,8818,base_enriched,mean,-0.2801639139652252,0.13445501029491425,-2.083700180053711,2.083700180053711,247,27
841,11319,base_enriched,mean,-0.12745994329452515,0.06119730323553085,-2.082770586013794,2.082770586013794,184,27
842,3446,specialized_enriched,max,0.7471939325332642,0.3588717579841614,2.082063913345337,2.082063913345337,100,27
843,6970,specialized_enriched,max,0.1966228187084198,0.09445542097091675,2.081646680831909,2.081646680831909,65,27
844,12416,base_enriched,active_fraction,-0.0075625646859407425,0.003633857937529683,-2.081139326095581,2.081139326095581,129,27
845,10121,specialized_enriched,max,0.10862094908952713,0.05220460891723633,2.0806772708892822,2.0806772708892822,36,27
846,664,specialized_enriched,max,0.5014092326164246,0.240984246134758,2.080672264099121,2.080672264099121,44,27
847,3244,specialized_enriched,max,0.3812673091888428,0.18329232931137085,2.0801050662994385,2.0801050662994385,39,27
848,10366,specialized_enriched,max,0.5742558240890503,0.2761283814907074,2.079669713973999,2.079669713973999,82,27
849,8861,specialized_enriched,max,1.3832945823669434,0.6652622818946838,2.079322099685669,2.079322099685669,229,27
850,13780,specialized_enriched,max,0.6028110384941101,0.2900521159172058,2.0782852172851562,2.0782852172851562,88,27
851,3567,base_enriched,mean,-0.009573055431246758,0.004608051385730505,-2.077462911605835,2.077462911605835,42,27
852,7415,specialized_enriched,max,1.0433952808380127,0.502610445022583,2.0759522914886475,2.0759522914886475,88,27
853,12732,specialized_enriched,max,0.22081437706947327,0.10642839968204498,2.0747692584991455,2.0747692584991455,36,27
854,8351,specialized_enriched,max,0.6377509236335754,0.3074987828731537,2.0739948749542236,2.0739948749542236,87,27
855,7695,specialized_enriched,max,0.3944385349750519,0.190367192029953,2.071988105773926,2.071988105773926,141,27
856,11866,specialized_enriched,max,0.5168488025665283,0.2495141625404358,2.071420669555664,2.071420669555664,45,27
857,15411,specialized_enriched,max,1.123343586921692,0.5426353812217712,2.070162773132324,2.070162773132324,173,27
858,11538,base_enriched,mean,-0.012523796409368515,0.006053815595805645,-2.06874418258667,2.06874418258667,29,27
859,10381,specialized_enriched,max,0.37680479884147644,0.18215081095695496,2.0686419010162354,2.0686419010162354,125,27
860,2136,specialized_enriched,max,0.12550681829452515,0.060685865581035614,2.0681393146514893,2.0681393146514893,35,27
861,3063,base_enriched,active_fraction,-0.02833421900868416,0.013700759038329124,-2.0680766105651855,2.0680766105651855,220,27
862,6357,specialized_enriched,max,0.372484415769577,0.1801774948835373,2.067319393157959,2.067319393157959,224,27
863,11897,specialized_enriched,max,0.4072389304637909,0.19700075685977936,2.067194700241089,2.067194700241089,71,27
864,6785,specialized_enriched,max,0.502058207988739,0.24294695258140564,2.0665342807769775,2.0665342807769775,96,27
865,15758,specialized_enriched,max,0.4107001721858978,0.1987813413143158,2.0660901069641113,2.0660901069641113,169,27
866,12857,base_enriched,active_fraction,-0.004799951333552599,0.002323692897334695,-2.0656564235687256,2.0656564235687256,48,27
867,13688,specialized_enriched,max,0.31627026200294495,0.15311568975448608,2.065563917160034,2.065563917160034,39,27
868,4619,specialized_enriched,max,1.089213252067566,0.527957022190094,2.0630717277526855,2.0630717277526855,106,27
869,11598,base_enriched,active_fraction,-0.0146825285628438,0.0071172574535012245,-2.0629475116729736,2.0629475116729736,112,27
870,9560,specialized_enriched,max,0.5744103789329529,0.2785373330116272,2.0622384548187256,2.0622384548187256,74,27
871,810,specialized_enriched,max,0.7615642547607422,0.36950382590293884,2.0610456466674805,2.0610456466674805,116,27
872,4391,base_enriched,active_fraction,-0.009749979712069035,0.004732229746878147,-2.060335159301758,2.060335159301758,80,27
873,11454,specialized_enriched,max,0.8023882508277893,0.39013737440109253,2.0566813945770264,2.0566813945770264,187,27
874,183,base_enriched,active_fraction,-0.0049658664502203465,0.002415686845779419,-2.0556747913360596,2.0556747913360596,76,27
875,14496,base_enriched,active_fraction,-0.005523391999304295,0.00268730241805315,-2.0553667545318604,2.0553667545318604,87,27
876,13440,base_enriched,active_fraction,-0.013766711577773094,0.006699026096612215,-2.0550317764282227,2.0550317764282227,104,27
877,3974,specialized_enriched,max,0.41846320033073425,0.20368970930576324,2.054414987564087,2.054414987564087,176,27
878,2060,specialized_enriched,max,0.4536689221858978,0.22127485275268555,2.050250768661499,2.050250768661499,136,27
879,11503,specialized_enriched,max,0.47997429966926575,0.23431341350078583,2.048428535461426,2.048428535461426,86,27
880,14581,specialized_enriched,max,0.19382911920547485,0.09465610235929489,2.0477192401885986,2.0477192401885986,43,27
881,2492,base_enriched,active_fraction,-0.009026829153299332,0.004408630542457104,-2.0475358963012695,2.0475358963012695,151,27
882,6154,specialized_enriched,max,0.4082834720611572,0.19944439828395844,2.0471041202545166,2.0471041202545166,101,27
883,7497,specialized_enriched,max,0.7259815335273743,0.35478848218917847,2.0462377071380615,2.0462377071380615,239,27
884,1649,specialized_enriched,max,0.46203768253326416,0.22595305740833282,2.0448391437530518,2.0448391437530518,81,27
885,3396,specialized_enriched,max,0.41765353083610535,0.20447790622711182,2.0425362586975098,2.0425362586975098,233,27
886,16156,specialized_enriched,max,0.12872081995010376,0.06304525583982468,2.0417208671569824,2.0417208671569824,44,27
887,6587,specialized_enriched,max,0.8298741579055786,0.40665268898010254,2.0407443046569824,2.0407443046569824,127,27
888,4580,specialized_enriched,max,0.30683842301368713,0.1503874659538269,2.0403192043304443,2.0403192043304443,30,27
889,1688,specialized_enriched,max,0.5270099639892578,0.25837984681129456,2.0396714210510254,2.0396714210510254,49,27
890,6002,specialized_enriched,max,1.1294872760772705,0.5537837743759155,2.039581775665283,2.039581775665283,217,27
891,7001,specialized_enriched,max,0.3193112015724182,0.15663635730743408,2.038551092147827,2.038551092147827,62,27
892,10049,specialized_enriched,max,0.6430602073669434,0.31550246477127075,2.0382096767425537,2.0382096767425537,48,27
893,7138,specialized_enriched,max,0.2917449474334717,0.14322414994239807,2.0369815826416016,2.0369815826416016,94,27
894,3573,specialized_enriched,max,0.551862895488739,0.2710471451282501,2.0360403060913086,2.0360403060913086,78,27
895,13664,specialized_enriched,max,1.255649209022522,0.6169283986091614,2.0353240966796875,2.0353240966796875,147,27
896,14436,specialized_enriched,max,0.3174198865890503,0.1559612900018692,2.035247802734375,2.035247802734375,52,27
897,4415,specialized_enriched,max,0.2783450484275818,0.13682980835437775,2.034242868423462,2.034242868423462,105,27
898,1046,base_enriched,mean,-0.06281541287899017,0.030925147235393524,-2.0312082767486572,2.0312082767486572,176,27
899,1202,specialized_enriched,max,0.3563587963581085,0.17556537687778473,2.029778242111206,2.029778242111206,73,27
900,1677,specialized_enriched,max,0.32309386134147644,0.15922628343105316,2.029149055480957,2.029149055480957,96,27
901,4452,specialized_enriched,max,1.078316569328308,0.5315173268318176,2.0287513732910156,2.0287513732910156,112,27
902,4573,base_enriched,active_fraction,-0.014467263594269753,0.007131119258701801,-2.0287506580352783,2.0287506580352783,155,27
903,10189,base_enriched,active_fraction,-0.00749612133949995,0.0036956393159925938,-2.028369188308716,2.028369188308716,111,27
904,10032,base_enriched,mean,-0.06618007272481918,0.03263779729604721,-2.02771258354187,2.02771258354187,69,27
905,14574,specialized_enriched,max,0.3275563716888428,0.1616063416004181,2.0268781185150146,2.0268781185150146,209,27
906,14523,specialized_enriched,max,0.2561931312084198,0.12641219794750214,2.026648759841919,2.026648759841919,94,27
907,665,base_enriched,mean,-0.1604730188846588,0.07919293642044067,-2.026355266571045,2.026355266571045,142,27
908,14653,specialized_enriched,max,0.6790817975997925,0.33515581488609314,2.026167392730713,2.026167392730713,153,27
909,7129,specialized_enriched,max,0.3808964490890503,0.18801471590995789,2.025886297225952,2.025886297225952,58,27
910,9220,specialized_enriched,max,0.741594135761261,0.3661375939846039,2.025452136993408,2.025452136993408,192,27
911,1445,specialized_enriched,max,0.37186017632484436,0.1836274266242981,2.0250797271728516,2.0250797271728516,258,27
912,6606,specialized_enriched,mean,0.0851917490363121,0.04207124933600426,2.024939775466919,2.024939775466919,163,27
913,9240,specialized_enriched,max,0.603688657283783,0.2983570694923401,2.02337646484375,2.02337646484375,249,27
914,16263,specialized_enriched,active_fraction,0.0054137795232236385,0.0026757903397083282,2.023245096206665,2.023245096206665,52,27
915,1092,specialized_enriched,max,1.1330721378326416,0.5601353645324707,2.0228540897369385,2.0228540897369385,227,27
916,14228,base_enriched,active_fraction,-0.010835285298526287,0.00535891717299819,-2.0219168663024902,2.0219168663024902,160,27
917,14412,specialized_enriched,max,0.4510420858860016,0.22309575974941254,2.021742105484009,2.021742105484009,51,27
918,15884,specialized_enriched,max,0.22409018874168396,0.11084043234586716,2.0217368602752686,2.0217368602752686,44,27
919,39,specialized_enriched,max,0.8260977268218994,0.4086911380290985,2.0213253498077393,2.0213253498077393,112,27
920,2016,specialized_enriched,max,0.6359646916389465,0.3146468997001648,2.0212011337280273,2.0212011337280273,111,27
921,5389,base_enriched,active_fraction,-0.008345205336809158,0.0041290465742349625,-2.021097421646118,2.021097421646118,75,27
922,6007,specialized_enriched,max,0.3837643265724182,0.18989969789981842,2.020879030227661,2.020879030227661,80,27
923,8136,base_enriched,mean,-0.06739208102226257,0.033348679542541504,-2.020832061767578,2.020832061767578,113,27
924,5316,specialized_enriched,max,1.044897198677063,0.5171313881874084,2.020564317703247,2.020564317703247,248,27
925,8688,base_enriched,active_fraction,-0.0030604496132582426,0.0015148846432566643,-2.0202524662017822,2.0202524662017822,30,27
926,13162,base_enriched,mean,-0.03359473496675491,0.01663396880030632,-2.019646406173706,2.019646406173706,66,27
927,13552,specialized_enriched,max,1.2909692525863647,0.6394345760345459,2.018923044204712,2.018923044204712,153,27
928,7217,base_enriched,mean,-0.05722104012966156,0.028347326442599297,-2.018569231033325,2.018569231033325,192,27
929,16364,specialized_enriched,max,0.41027987003326416,0.2032741904258728,2.018357038497925,2.018357038497925,75,27
930,11996,base_enriched,mean,-0.006431483197957277,0.0031875399872660637,-2.0176949501037598,2.0176949501037598,31,27
931,13314,specialized_enriched,max,0.1868942826986313,0.09265439957380295,2.0171117782592773,2.0171117782592773,56,27
932,11911,specialized_enriched,max,1.073452353477478,0.5322627425193787,2.0167715549468994,2.0167715549468994,110,27
933,15630,specialized_enriched,max,0.38279396295547485,0.1898156702518463,2.0166616439819336,2.0166616439819336,138,27
934,347,base_enriched,mean,-0.12065472453832626,0.059865474700927734,-2.0154309272766113,2.0154309272766113,182,27
935,3234,specialized_enriched,max,0.4204719662666321,0.20865482091903687,2.015155792236328,2.015155792236328,60,27
936,15935,base_enriched,active_fraction,-0.01890525408089161,0.009382531978189945,-2.014941692352295,2.014941692352295,97,27
937,15040,specialized_enriched,max,0.1386842429637909,0.06885658949613571,2.0141026973724365,2.0141026973724365,35,27
938,7423,specialized_enriched,max,0.4563266336917877,0.2266271561384201,2.013556718826294,2.013556718826294,98,27
939,3625,specialized_enriched,max,0.25960493087768555,0.12894372642040253,2.013319492340088,2.013319492340088,45,27
940,16288,specialized_enriched,max,0.2734498679637909,0.13583573698997498,2.013092279434204,2.013092279434204,110,27
941,9968,specialized_enriched,max,0.5777788758277893,0.2871895730495453,2.011837959289551,2.011837959289551,166,27
942,12439,specialized_enriched,max,0.5085665583610535,0.2531043291091919,2.0093159675598145,2.0093159675598145,116,27
943,1471,specialized_enriched,max,0.3969170153141022,0.19773371517658234,2.007330894470215,2.007330894470215,112,27
944,13604,specialized_enriched,max,0.8594862818717957,0.42828187346458435,2.006823778152466,2.006823778152466,146,27
945,3719,specialized_enriched,max,1.30812406539917,0.6519278287887573,2.006547451019287,2.006547451019287,118,27
946,14908,specialized_enriched,active_fraction,0.003507300280034542,0.0017493971390649676,2.0048623085021973,2.0048623085021973,60,27
947,2924,specialized_enriched,max,0.45392850041389465,0.22670136392116547,2.0023193359375,2.0023193359375,136,27
948,8800,specialized_enriched,max,0.7977650165557861,0.39842677116394043,2.0022876262664795,2.0022876262664795,227,27
949,3557,specialized_enriched,max,0.29087963700294495,0.1453743278980255,2.000900983810425,2.000900983810425,97,27
950,12849,specialized_enriched,max,0.3968923091888428,0.19842207431793213,2.0002427101135254,2.0002427101135254,82,27
951,1270,specialized_enriched,max,0.6758986711502075,0.33859097957611084,1.9962098598480225,1.9962098598480225,103,27
952,2456,specialized_enriched,max,1.0415842533111572,0.5218643546104431,1.995890736579895,1.995890736579895,152,27
953,6809,base_enriched,mean,-0.006468374747782946,0.0032417390029877424,-1.9953409433364868,1.9953409433364868,42,27
954,286,specialized_enriched,max,0.6845888495445251,0.3431617319583893,1.9949451684951782,1.9949451684951782,238,27
955,4627,specialized_enriched,max,1.5242286920547485,0.7640783190727234,1.994859218597412,1.994859218597412,52,27
956,11290,specialized_enriched,max,0.7401973009109497,0.37106049060821533,1.994815707206726,1.994815707206726,167,27
957,7542,specialized_enriched,active_fraction,0.004300178028643131,0.002156019676476717,1.9944984912872314,1.9944984912872314,96,27
958,13056,specialized_enriched,max,0.15370352566242218,0.07706538587808609,1.9944560527801514,1.9944560527801514,37,27
959,4022,specialized_enriched,max,1.1268233060836792,0.5659308433532715,1.9910972118377686,1.9910972118377686,107,27
960,15447,specialized_enriched,active_fraction,0.005271428730338812,0.0026493659242987633,1.9896944761276245,1.9896944761276245,62,27
961,7789,base_enriched,active_fraction,-0.005153028294444084,0.0025914714206010103,-1.9884564876556396,1.9884564876556396,41,27
962,10665,base_enriched,mean,-0.1076517254114151,0.05415739491581917,-1.9877567291259766,1.9877567291259766,235,27
963,15876,specialized_enriched,mean,0.04338208958506584,0.021826114505529404,1.9876230955123901,1.9876230955123901,90,27
964,13684,specialized_enriched,max,0.4953458905220032,0.24921870231628418,1.9875952005386353,1.9875952005386353,169,27
965,15218,specialized_enriched,max,2.139129161834717,1.0767014026641846,1.9867432117462158,1.9867432117462158,105,27
966,14598,specialized_enriched,max,1.0703125,0.538800060749054,1.9864743947982788,1.9864743947982788,64,27
967,10746,base_enriched,active_fraction,-0.006042093969881535,0.003041766816750169,-1.986376404762268,1.986376404762268,158,27
968,6440,specialized_enriched,max,0.4147671163082123,0.20886245369911194,1.985838532447815,1.985838532447815,210,27
969,12030,base_enriched,mean,-0.06793946772813797,0.03423241898417473,-1.9846528768539429,1.9846528768539429,122,27
970,10295,specialized_enriched,max,0.9255587458610535,0.4663906395435333,1.9845139980316162,1.9845139980316162,181,27
971,268,specialized_enriched,max,0.26574862003326416,0.13393627107143402,1.9841423034667969,1.9841423034667969,53,27
972,6770,specialized_enriched,max,0.4863404929637909,0.24512767791748047,1.9840292930603027,1.9840292930603027,66,27
973,2358,specialized_enriched,max,0.39858582615852356,0.20112580060958862,1.9817737340927124,1.9817737340927124,104,27
974,9661,specialized_enriched,max,0.9144333600997925,0.4614483714103699,1.9816590547561646,1.9816590547561646,78,27
975,2258,specialized_enriched,max,0.1487959921360016,0.0751095786690712,1.9810521602630615,1.9810521602630615,37,27
976,12147,specialized_enriched,max,0.4608756899833679,0.23284326493740082,1.9793387651443481,1.9793387651443481,112,27
977,1661,specialized_enriched,max,1.8707104921340942,0.9456157088279724,1.9782989025115967,1.9782989025115967,143,27
978,12725,specialized_enriched,max,0.5994239449501038,0.30300837755203247,1.9782421588897705,1.9782421588897705,252,27
979,14348,base_enriched,active_fraction,-0.00868920423090458,0.004392868839204311,-1.978024959564209,1.978024959564209,118,27
980,11191,specialized_enriched,active_fraction,0.009854087606072426,0.004988312721252441,1.9754350185394287,1.9754350185394287,44,27
981,11004,specialized_enriched,max,0.4071647524833679,0.20621410012245178,1.9744758605957031,1.9744758605957031,175,27
982,3702,specialized_enriched,max,0.39176225662231445,0.19845984876155853,1.9740127325057983,1.9740127325057983,89,27
983,7944,specialized_enriched,max,0.41486600041389465,0.2102232575416565,1.9734543561935425,1.9734543561935425,47,27
984,12856,specialized_enriched,max,0.8525885343551636,0.4320376515388489,1.9734126329421997,1.9734126329421997,246,27
985,8792,specialized_enriched,max,0.7285526990890503,0.3691982328891754,1.9733374118804932,1.9733374118804932,233,27
986,16188,specialized_enriched,mean,0.12585005164146423,0.0637795552611351,1.9732036590576172,1.9732036590576172,73,27
987,11790,specialized_enriched,max,0.3737638592720032,0.18962781131267548,1.9710392951965332,1.9710392951965332,99,27
988,9418,specialized_enriched,max,1.3195585012435913,0.6695535182952881,1.9708036184310913,1.9708036184310913,101,27
989,7441,specialized_enriched,max,0.6007713675498962,0.30534544587135315,1.9675137996673584,1.9675137996673584,45,27
990,1164,specialized_enriched,max,0.34452876448631287,0.17526957392692566,1.965707778930664,1.965707778930664,146,27
991,4205,specialized_enriched,max,0.3695732653141022,0.1880268156528473,1.9655349254608154,1.9655349254608154,121,27
992,15552,specialized_enriched,max,0.29534217715263367,0.15026319026947021,1.9654991626739502,1.9654991626739502,27,27
993,12154,specialized_enriched,max,0.6713929176330566,0.3416237235069275,1.9652994871139526,1.9652994871139526,225,27
994,1961,specialized_enriched,max,0.3418339490890503,0.173976331949234,1.9648301601409912,1.9648301601409912,162,27
995,15623,specialized_enriched,active_fraction,0.00881137140095234,0.004484774544835091,1.9647300243377686,1.9647300243377686,100,27
996,10153,specialized_enriched,active_fraction,0.00909423828125,0.004629526752978563,1.9643990993499756,1.9643990993499756,83,27
997,48,specialized_enriched,max,0.7087123990058899,0.3608914613723755,1.9637826681137085,1.9637826681137085,245,27
998,4397,specialized_enriched,max,0.4721123278141022,0.2404736578464508,1.9632600545883179,1.9632600545883179,92,27
999,16370,specialized_enriched,max,0.34135186672210693,0.17389783263206482,1.9629448652267456,1.9629448652267456,60,27
1000,3522,base_enriched,active_fraction,-0.004553299862891436,0.002320876345038414,-1.9618881940841675,1.9618881940841675,40,27
1001,3830,specialized_enriched,max,0.26637905836105347,0.13582661747932434,1.9611698389053345,1.9611698389053345,218,27
1002,6400,specialized_enriched,max,1.6182876825332642,0.8255445957183838,1.9602668285369873,1.9602668285369873,55,27
1003,9435,base_enriched,mean,-0.027827491983771324,0.014201291836798191,-1.959504246711731,1.959504246711731,63,27
1004,10129,specialized_enriched,active_fraction,0.005322034005075693,0.0027160171885043383,1.9594993591308594,1.9594993591308594,97,27
1005,8293,specialized_enriched,max,0.6737910509109497,0.3442378342151642,1.9573416709899902,1.9573416709899902,136,27
1006,5104,base_enriched,active_fraction,-0.016445981338620186,0.008402527309954166,-1.957266092300415,1.957266092300415,175,27
1007,15300,specialized_enriched,max,0.14853021502494812,0.07589671015739441,1.9570046663284302,1.9570046663284302,37,27
1008,7489,specialized_enriched,max,0.4716426134109497,0.2412663698196411,1.9548625946044922,1.9548625946044922,87,27
1009,13590,specialized_enriched,max,0.12496909499168396,0.06395366787910461,1.954056739807129,1.954056739807129,36,27
1010,16025,specialized_enriched,max,0.4868967533111572,0.24930129945278168,1.95304536819458,1.95304536819458,101,27
1011,6833,specialized_enriched,max,0.5052907466888428,0.25894230604171753,1.9513641595840454,1.9513641595840454,41,27
1012,516,specialized_enriched,max,1.50538969039917,0.7714955806732178,1.9512616395950317,1.9512616395950317,85,27
1013,1699,specialized_enriched,max,0.5757021307945251,0.2950916588306427,1.950926423072815,1.950926423072815,103,27
1014,2757,specialized_enriched,max,0.1334676593542099,0.06843610852956772,1.9502520561218262,1.9502520561218262,29,27
1015,12635,specialized_enriched,active_fraction,0.0035343412309885025,0.0018125303322449327,1.949948787689209,1.949948787689209,31,27
1016,7934,specialized_enriched,max,0.609375,0.31253451108932495,1.9497846364974976,1.9497846364974976,187,27
1017,8840,specialized_enriched,max,0.253492146730423,0.13006366789340973,1.9489850997924805,1.9489850997924805,125,27
1018,1751,specialized_enriched,max,1.2214386463165283,0.6267709732055664,1.948779821395874,1.948779821395874,63,27
1019,11115,specialized_enriched,max,0.46177807450294495,0.23745571076869965,1.9446914196014404,1.9446914196014404,95,27
1020,15430,specialized_enriched,max,0.6279914975166321,0.32314223051071167,1.9433903694152832,1.9433903694152832,53,27
1021,5268,specialized_enriched,max,0.4909513592720032,0.25262853503227234,1.9433724880218506,1.9433724880218506,111,27
1022,16357,base_enriched,active_fraction,-0.008442745544016361,0.00434850761666894,-1.9415271282196045,1.9415271282196045,65,27
1023,8048,specialized_enriched,max,0.9976884126663208,0.5141658186912537,1.9404020309448242,1.9404020309448242,100,27
1024,4356,base_enriched,mean,-0.03905226290225983,0.020129846408963203,-1.9400179386138916,1.9400179386138916,101,27
1025,15784,specialized_enriched,max,0.7289235591888428,0.37584686279296875,1.9394164085388184,1.9394164085388184,188,27
1026,9000,base_enriched,active_fraction,-0.03834987431764603,0.019774531945586205,-1.9393569231033325,1.9393569231033325,121,27
1027,14812,specialized_enriched,max,0.28400662541389465,0.14651978015899658,1.9383500814437866,1.9383500814437866,99,27
1028,4639,base_enriched,mean,-0.1947174072265625,0.10050749778747559,-1.9373420476913452,1.9373420476913452,163,27
1029,9502,specialized_enriched,active_fraction,0.005052783992141485,0.0026088301092386246,1.9368007183074951,1.9368007183074951,73,27
1030,3906,specialized_enriched,max,0.2522127032279968,0.1302320659160614,1.9366406202316284,1.9366406202316284,99,27
1031,2905,specialized_enriched,max,1.332451581954956,0.6880545616149902,1.9365493059158325,1.9365493059158325,64,27
1032,11728,specialized_enriched,max,0.6531658172607422,0.33779484033584595,1.9336168766021729,1.9336168766021729,228,27
1033,3418,specialized_enriched,max,0.5889908075332642,0.30461856722831726,1.9335354566574097,1.9335354566574097,103,27
1034,3990,specialized_enriched,max,0.45576420426368713,0.2357846051454544,1.9329684972763062,1.9329684972763062,81,27
1035,2366,specialized_enriched,max,0.8887460231781006,0.4598402678966522,1.9327276945114136,1.9327276945114136,222,27
1036,3169,specialized_enriched,max,1.1002150774002075,0.5693118572235107,1.93253493309021,1.93253493309021,108,27
1037,6448,specialized_enriched,max,0.1951827108860016,0.1010352224111557,1.9318283796310425,1.9318283796310425,69,27
1038,16274,base_enriched,mean,-0.07146424800157547,0.0369962714612484,-1.931660771369934,1.931660771369934,106,27
1039,569,specialized_enriched,max,0.9682925939559937,0.5013381242752075,1.9314162731170654,1.9314162731170654,187,27
1040,8257,base_enriched,mean,-0.0592774972319603,0.030700089409947395,-1.9308574199676514,1.9308574199676514,156,27
1041,9582,specialized_enriched,max,1.2774302959442139,0.6618382334709167,1.9301246404647827,1.9301246404647827,45,27
1042,5090,specialized_enriched,max,0.6044551134109497,0.31317007541656494,1.9301177263259888,1.9301177263259888,85,27
1043,2966,specialized_enriched,max,0.54296875,0.28136858344078064,1.9297418594360352,1.9297418594360352,122,27
1044,4709,specialized_enriched,max,0.28040942549705505,0.14536431431770325,1.9290114641189575,1.9290114641189575,101,27
1045,6281,base_enriched,active_fraction,-0.0025435821153223515,0.0013189304154366255,-1.9285187721252441,1.9285187721252441,29,27
1046,8896,specialized_enriched,max,0.5134741067886353,0.26646411418914795,1.926991581916809,1.926991581916809,58,27
1047,8894,specialized_enriched,max,0.34653136134147644,0.1800416111946106,1.9247292280197144,1.9247292280197144,72,27
1048,3024,specialized_enriched,max,1.3264437913894653,0.6892043352127075,1.924601674079895,1.924601674079895,56,27
1049,13321,specialized_enriched,max,0.3747589588165283,0.19483348727226257,1.9234832525253296,1.9234832525253296,110,27
1050,1658,specialized_enriched,max,0.5566900968551636,0.28959786891937256,1.9222866296768188,1.9222866296768188,191,27
1051,13308,specialized_enriched,max,1.238726258277893,0.6448639631271362,1.9209109544754028,1.9209109544754028,184,27
1052,707,specialized_enriched,max,1.137373924255371,0.5924642086029053,1.9197343587875366,1.9197343587875366,140,27
1053,16013,specialized_enriched,max,1.5985462665557861,0.8330342769622803,1.9189441204071045,1.9189441204071045,80,27
1054,10398,specialized_enriched,max,0.1833217889070511,0.09555087238550186,1.9185779094696045,1.9185779094696045,55,27
1055,10357,specialized_enriched,max,0.21070262789726257,0.10993693023920059,1.9165773391723633,1.9165773391723633,86,27
1056,14929,specialized_enriched,max,0.4784167408943176,0.24992720782756805,1.9142242670059204,1.9142242670059204,132,27
1057,11448,specialized_enriched,max,0.2779865562915802,0.14530038833618164,1.9131852388381958,1.9131852388381958,171,27
1058,3363,specialized_enriched,active_fraction,0.00624258304014802,0.0032647489570081234,1.9121173620224,1.9121173620224,61,27
1059,4102,specialized_enriched,max,1.1688587665557861,0.6113567352294922,1.911909580230713,1.911909580230713,92,27
1060,15241,specialized_enriched,max,0.2802116274833679,0.14656217396259308,1.911895990371704,1.911895990371704,80,27
1061,4868,specialized_enriched,max,0.6630488634109497,0.3469105660915375,1.9112962484359741,1.9112962484359741,61,27
1062,6250,specialized_enriched,max,1.1317247152328491,0.5922353863716125,1.9109373092651367,1.9109373092651367,195,27
1063,10255,specialized_enriched,max,1.1455572843551636,0.5997705459594727,1.9099925756454468,1.9099925756454468,128,27
1064,11719,specialized_enriched,max,0.3127719461917877,0.16376444697380066,1.9098892211914062,1.9098892211914062,189,27
1065,821,specialized_enriched,max,0.14440762996673584,0.07561211287975311,1.9098478555679321,1.9098478555679321,68,27
1066,9794,specialized_enriched,max,1.4228144884109497,0.7450290322303772,1.9097436666488647,1.9097436666488647,115,27
1067,14406,specialized_enriched,max,0.19374258816242218,0.10146517306566238,1.9094491004943848,1.9094491004943848,44,27
1068,7200,specialized_enriched,max,0.30813637375831604,0.16145198047161102,1.9085326194763184,1.9085326194763184,83,27
1069,11251,specialized_enriched,max,0.30094194412231445,0.15769699215888977,1.9083555936813354,1.9083555936813354,123,27
1070,1708,specialized_enriched,max,0.23206956684589386,0.12161406874656677,1.9082460403442383,1.9082460403442383,47,27
1071,7144,specialized_enriched,mean,0.004275358282029629,0.002240929054096341,1.907850742340088,1.907850742340088,28,27
1072,14858,specialized_enriched,mean,0.010833740234375,0.005678593181073666,1.9078211784362793,1.9078211784362793,34,27
1073,12056,base_enriched,mean,-0.01224160473793745,0.006417377386242151,-1.9075713157653809,1.9075713157653809,55,27
1074,14751,specialized_enriched,max,0.3495228588581085,0.18335023522377014,1.9063125848770142,1.9063125848770142,140,27
1075,14939,specialized_enriched,max,1.4014413356781006,0.7355036735534668,1.9054172039031982,1.9054172039031982,176,27
1076,2111,specialized_enriched,max,0.3986970782279968,0.20929062366485596,1.9049925804138184,1.9049925804138184,84,27
1077,5046,specialized_enriched,max,0.2255364954471588,0.11845739185810089,1.9039461612701416,1.9039461612701416,57,27
1078,1616,specialized_enriched,active_fraction,0.005080017726868391,0.0026705972850322723,1.902202844619751,1.902202844619751,72,27
1079,2036,specialized_enriched,max,0.4641020596027374,0.2443556934595108,1.8992888927459717,1.8992888927459717,76,27
1080,15655,specialized_enriched,max,0.3872873783111572,0.2039289027452469,1.8991293907165527,1.8991293907165527,67,27
1081,9451,specialized_enriched,max,0.19960196316242218,0.10514739900827408,1.8983062505722046,1.8983062505722046,64,27
1082,6239,specialized_enriched,max,0.2350054383277893,0.12389083951711655,1.896875023841858,1.896875023841858,33,27
1083,6855,specialized_enriched,max,0.3298061788082123,0.1738860160112381,1.896680235862732,1.896680235862732,62,27
1084,3021,specialized_enriched,max,0.894766092300415,0.4717938303947449,1.8965193033218384,1.8965193033218384,43,27
1085,9229,specialized_enriched,max,0.759512186050415,0.4005544185638428,1.8961522579193115,1.8961522579193115,92,27
1086,5556,specialized_enriched,max,1.5312808752059937,0.8079661726951599,1.8952289819717407,1.8952289819717407,72,27
1087,9840,specialized_enriched,max,0.2660638391971588,0.1405869722366333,1.8925212621688843,1.8925212621688843,92,27
1088,4492,specialized_enriched,max,0.7696919441223145,0.4067479968070984,1.8923066854476929,1.8923066854476929,148,27
1089,30,base_enriched,mean,-0.13180387020111084,0.06968237459659576,-1.8914951086044312,1.8914951086044312,102,27
1090,10503,specialized_enriched,max,0.4034995436668396,0.2133459448814392,1.8912923336029053,1.8912923336029053,141,27
1091,11446,specialized_enriched,max,0.3208934962749481,0.16994790732860565,1.8881874084472656,1.8881874084472656,90,27
1092,14427,specialized_enriched,max,0.13942593336105347,0.07385984808206558,1.8877094984054565,1.8877094984054565,31,27
1093,1362,specialized_enriched,max,0.9191307425498962,0.48691537976264954,1.8876601457595825,1.8876601457595825,136,27
1094,12945,base_enriched,active_fraction,-0.008762890473008156,0.004644063767045736,-1.8869013786315918,1.8869013786315918,61,27
1095,5003,base_enriched,active_fraction,-0.002403742168098688,0.001274417620152235,-1.886149525642395,1.886149525642395,30,27
1096,4730,specialized_enriched,max,0.3414878249168396,0.1810922920703888,1.8857115507125854,1.8857115507125854,29,27
1097,9658,specialized_enriched,max,1.3177165985107422,0.698815643787384,1.885642647743225,1.885642647743225,39,27
1098,989,specialized_enriched,max,1.1461259126663208,0.6078397035598755,1.8855726718902588,1.8855726718902588,53,27
1099,4834,specialized_enriched,max,0.5751458406448364,0.30503523349761963,1.885506272315979,1.885506272315979,99,27
1100,13057,specialized_enriched,max,1.0781126022338867,0.572766900062561,1.8822885751724243,1.8822885751724243,164,27
1101,11303,specialized_enriched,max,0.1071128398180008,0.05692724883556366,1.8815741539001465,1.8815741539001465,28,27
1102,14985,specialized_enriched,max,0.6405755281448364,0.34056609869003296,1.8809139728546143,1.8809139728546143,207,27
1103,764,specialized_enriched,max,0.4453495740890503,0.23698699474334717,1.8792152404785156,1.8792152404785156,108,27
1104,8404,base_enriched,active_fraction,-0.020580533891916275,0.010954922065138817,-1.8786563873291016,1.8786563873291016,175,27
1105,15368,base_enriched,active_fraction,-0.013285093940794468,0.007072091102600098,-1.8785241842269897,1.8785241842269897,150,27
1106,5679,specialized_enriched,max,1.3795119524002075,0.7346771359443665,1.8777118921279907,1.8777118921279907,61,27
1107,6706,base_enriched,active_fraction,-0.0016400300664827228,0.0008737352909520268,-1.8770331144332886,1.8770331144332886,41,27
1108,12287,specialized_enriched,max,0.3942623734474182,0.21008385717868805,1.8766905069351196,1.8766905069351196,180,27
1109,4524,specialized_enriched,active_fraction,0.005611854139715433,0.0029908453579992056,1.876343846321106,1.876343846321106,50,27
1110,9010,specialized_enriched,max,0.5455461144447327,0.2908651828765869,1.8755978345870972,1.8755978345870972,165,27
1111,13782,specialized_enriched,max,0.6022670865058899,0.3212055563926697,1.8750207424163818,1.8750207424163818,159,27
1112,8542,specialized_enriched,max,0.9096927046775818,0.4851737916469574,1.8749831914901733,1.8749831914901733,165,27
1113,11150,specialized_enriched,max,0.8674841523170471,0.46273818612098694,1.874675989151001,1.874675989151001,88,27
1114,14745,specialized_enriched,max,0.8662480115890503,0.46234145760536194,1.8736109733581543,1.8736109733581543,126,27
1115,14588,specialized_enriched,max,0.3544551134109497,0.1892937272787094,1.872513771057129,1.872513771057129,42,27
1116,8990,specialized_enriched,max,0.30775317549705505,0.1644897311925888,1.8709567785263062,1.8709567785263062,81,27
1117,269,specialized_enriched,max,0.14963656663894653,0.07998724281787872,1.8707554340362549,1.8707554340362549,32,27
1118,5614,specialized_enriched,max,0.14627422392368317,0.07821104675531387,1.8702502250671387,1.8702502250671387,44,27
1119,13559,specialized_enriched,max,0.19597384333610535,0.10481192171573639,1.8697667121887207,1.8697667121887207,69,27
1120,8771,specialized_enriched,max,0.8042548298835754,0.4301711618900299,1.869615912437439,1.869615912437439,235,27
1121,11057,specialized_enriched,max,0.19017009437084198,0.10178640484809875,1.868325114250183,1.868325114250183,51,27
1122,8158,specialized_enriched,max,1.1515154838562012,0.6163941621780396,1.8681479692459106,1.8681479692459106,147,27
1123,15256,specialized_enriched,max,0.30453917384147644,0.16305066645145416,1.8677579164505005,1.8677579164505005,29,27
1124,9097,base_enriched,active_fraction,-0.010099966078996658,0.005413761828094721,-1.8656096458435059,1.8656096458435059,68,27
1125,16023,specialized_enriched,max,0.9900984168052673,0.530772864818573,1.8653900623321533,1.8653900623321533,41,27
1126,7916,specialized_enriched,max,0.2594195008277893,0.13918520510196686,1.8638439178466797,1.8638439178466797,39,27
1127,14295,base_enriched,active_fraction,-0.0033781800884753466,0.0018127774819731712,-1.863538146018982,1.863538146018982,29,27
1128,5354,base_enriched,active_fraction,-0.0059020607732236385,0.0031706367153674364,-1.8614749908447266,1.8614749908447266,66,27
1129,10111,base_enriched,active_fraction,-0.008137569762766361,0.004371877759695053,-1.861344337463379,1.861344337463379,84,27
1130,3778,specialized_enriched,max,0.1819125860929489,0.09775902330875397,1.8608264923095703,1.8608264923095703,50,27
1131,12991,specialized_enriched,max,0.9802462458610535,0.5270487070083618,1.8598779439926147,1.8598779439926147,142,27
1132,15226,base_enriched,active_fraction,-0.00708944583311677,0.00381676247343421,-1.8574501276016235,1.8574501276016235,114,27
1133,11715,specialized_enriched,max,0.4182036221027374,0.22529973089694977,1.8562099933624268,1.8562099933624268,67,27
1134,2810,base_enriched,active_fraction,-0.005065241828560829,0.0027293330058455467,-1.8558533191680908,1.8558533191680908,57,27
1135,11948,base_enriched,active_fraction,-0.007988844998180866,0.004306053277105093,-1.8552591800689697,1.8552591800689697,45,27
1136,7678,specialized_enriched,max,0.5090363025665283,0.2747354209423065,1.8528237342834473,1.8528237342834473,98,27
1137,5632,base_enriched,mean,-0.116302490234375,0.06278787553310394,-1.8523081541061401,1.8523081541061401,71,27
1138,15646,specialized_enriched,max,0.06953372061252594,0.037540923804044724,1.8522112369537354,1.8522112369537354,38,27
1139,9571,specialized_enriched,max,0.3324268162250519,0.17954781651496887,1.8514667749404907,1.8514667749404907,184,27
1140,9939,specialized_enriched,max,0.19843997061252594,0.10733483731746674,1.8487937450408936,1.8487937450408936,72,27
1141,16135,specialized_enriched,max,0.5779705047607422,0.31281614303588867,1.8476364612579346,1.8476364612579346,147,27
1142,2904,specialized_enriched,max,1.0824886560440063,0.5867022275924683,1.8450392484664917,1.8450392484664917,115,27
1143,15240,specialized_enriched,max,0.3737885653972626,0.20276418328285217,1.8434644937515259,1.8434644937515259,90,27
1144,13576,specialized_enriched,max,0.5952581167221069,0.3229779005050659,1.8430304527282715,1.8430304527282715,78,27
1145,13579,specialized_enriched,max,1.2219022512435913,0.6630052328109741,1.8429752588272095,1.8429752588272095,231,27
1146,13938,specialized_enriched,max,0.40276405215263367,0.2186795175075531,1.841800570487976,1.841800570487976,198,27
1147,1079,specialized_enriched,max,1.4001309871673584,0.7602176070213318,1.8417502641677856,1.8417502641677856,78,27
1148,5638,specialized_enriched,max,0.7277615666389465,0.39528688788414,1.841097116470337,1.841097116470337,165,27
1149,10235,specialized_enriched,max,0.47423234581947327,0.2577662467956543,1.8397767543792725,1.8397767543792725,75,27
1150,7906,specialized_enriched,max,0.3878374695777893,0.21091686189174652,1.83881676197052,1.83881676197052,181,27
1151,14,specialized_enriched,max,1.0626050233840942,0.5779301524162292,1.8386391401290894,1.8386391401290894,132,27
1152,14225,specialized_enriched,max,0.5143641233444214,0.28000348806381226,1.836991786956787,1.836991786956787,46,27
1153,5963,specialized_enriched,max,0.3174322545528412,0.17282627522945404,1.8367129564285278,1.8367129564285278,60,27
1154,5163,base_enriched,active_fraction,-0.00881533045321703,0.004806086886674166,-1.8342012166976929,1.8342012166976929,218,27
1155,15307,specialized_enriched,max,1.5323748588562012,0.835610032081604,1.8338396549224854,1.8338396549224854,145,27
1156,11671,specialized_enriched,max,0.4509122967720032,0.24595260620117188,1.8333300352096558,1.8333300352096558,53,27
1157,16053,specialized_enriched,max,0.09090065956115723,0.04958530515432358,1.833217740058899,1.833217740058899,27,27
1158,2408,specialized_enriched,max,0.23640228807926178,0.12896250188350677,1.8331087827682495,1.8331087827682495,112,27
1159,461,specialized_enriched,max,0.5859251618385315,0.32012468576431274,1.8303029537200928,1.8303029537200928,80,27
1160,14163,specialized_enriched,max,0.37877026200294495,0.20702120661735535,1.829620599746704,1.829620599746704,108,27
1161,5230,specialized_enriched,max,0.1506069451570511,0.08236228674650192,1.8285911083221436,1.8285911083221436,37,27
1162,6390,specialized_enriched,max,1.0340313911437988,0.5660351514816284,1.8267971277236938,1.8267971277236938,54,27
1163,3879,specialized_enriched,max,0.09827432781457901,0.05387226864695549,1.8242099285125732,1.8242099285125732,29,27
1164,3028,specialized_enriched,max,0.8639611601829529,0.4736836850643158,1.8239200115203857,1.8239200115203857,131,27
1165,7947,base_enriched,mean,-0.012116637080907822,0.006646719761192799,-1.8229498863220215,1.8229498863220215,44,27
1166,5554,specialized_enriched,max,0.9180058240890503,0.504199206829071,1.8207204341888428,1.8207204341888428,83,27
1167,4931,specialized_enriched,max,0.17178846895694733,0.09435319900512695,1.8206957578659058,1.8206957578659058,38,27
1168,2922,base_enriched,mean,-0.05076038837432861,0.02789134904742241,-1.8199330568313599,1.8199330568313599,159,27
1169,15016,specialized_enriched,max,1.0041658878326416,0.5517808198928833,1.8198636770248413,1.8198636770248413,121,27
1170,7807,specialized_enriched,max,0.3964596390724182,0.21785961091518402,1.8197941780090332,1.8197941780090332,117,27
1171,13607,specialized_enriched,max,0.572336733341217,0.31459686160087585,1.819270372390747,1.819270372390747,133,27
1172,3457,specialized_enriched,max,1.1147522926330566,0.6129141449928284,1.8187739849090576,1.8187739849090576,209,27
1173,12112,specialized_enriched,max,0.33085688948631287,0.18192298710346222,1.81866455078125,1.81866455078125,84,27
1174,10574,specialized_enriched,max,0.24756477773189545,0.13615985214710236,1.8181921243667603,1.8181921243667603,143,27
1175,2015,specialized_enriched,max,0.49184754490852356,0.2706744372844696,1.817118525505066,1.817118525505066,227,27
1176,15249,specialized_enriched,max,0.11502423137426376,0.06334889680147171,1.8157259225845337,1.8157259225845337,27,27
1177,11021,specialized_enriched,max,1.2126309871673584,0.6680004000663757,1.815314769744873,1.815314769744873,93,27
1178,12466,specialized_enriched,max,0.23739121854305267,0.13077323138713837,1.81528902053833,1.81528902053833,56,27
1179,15512,base_enriched,mean,-0.04329555854201317,0.023852238431572914,-1.8151570558547974,1.8151570558547974,123,27
1180,7980,specialized_enriched,max,1.123467206954956,0.6194107532501221,1.813767671585083,1.813767671585083,59,27
1181,15728,specialized_enriched,max,0.6163716316223145,0.3399408757686615,1.8131730556488037,1.8131730556488037,196,27
1182,3709,specialized_enriched,max,1.2412047386169434,0.6848222017288208,1.8124481439590454,1.8124481439590454,57,27
1183,9132,specialized_enriched,max,0.3042548596858978,0.1678767055273056,1.8123708963394165,1.8123708963394165,86,27
1184,1127,specialized_enriched,max,0.9546454548835754,0.5267786383628845,1.8122326135635376,1.8122326135635376,125,27
1185,14570,specialized_enriched,max,0.8665570616722107,0.4782699942588806,1.8118574619293213,1.8118574619293213,69,27
1186,14381,specialized_enriched,max,0.29893937706947327,0.1652519702911377,1.8089913129806519,1.8089913129806519,67,27
1187,12248,specialized_enriched,max,0.1494264304637909,0.08262086659669876,1.8085798025131226,1.8085798025131226,77,27
1188,4770,specialized_enriched,max,1.1078544855117798,0.6128509044647217,1.807706356048584,1.807706356048584,60,27
1189,10846,specialized_enriched,mean,0.07564496248960495,0.04185796529054642,1.8071820735931396,1.8071820735931396,104,27
1190,2317,specialized_enriched,max,0.15747997164726257,0.08715417236089706,1.8069125413894653,1.8069125413894653,101,27
1191,1939,specialized_enriched,max,0.3035935163497925,0.16803380846977234,1.806740641593933,1.806740641593933,121,27
1192,7498,specialized_enriched,max,0.12236081063747406,0.06772875785827637,1.80663001537323,1.80663001537323,32,27
1193,11617,base_enriched,active_fraction,-0.01995144598186016,0.011043787933886051,-1.8065763711929321,1.8065763711929321,185,27
1194,12602,specialized_enriched,max,0.8228219151496887,0.4556308388710022,1.8058960437774658,1.8058960437774658,39,27
1195,13631,specialized_enriched,max,0.5153777599334717,0.28539958596229553,1.8058111667633057,1.8058111667633057,145,27
1196,12918,specialized_enriched,max,0.34847211837768555,0.19297674298286438,1.8057726621627808,1.8057726621627808,178,27
1197,197,specialized_enriched,max,0.5062178373336792,0.28034842014312744,1.8056739568710327,1.8056739568710327,158,27
1198,7177,specialized_enriched,max,0.21570906043052673,0.11962983757257462,1.8031376600265503,1.8031376600265503,66,27
1199,7406,specialized_enriched,max,0.22714349627494812,0.12600058317184448,1.8027178049087524,1.8027178049087524,40,27
1200,3597,specialized_enriched,max,0.2366371601819992,0.13128601014614105,1.8024553060531616,1.8024553060531616,74,27
1201,3484,specialized_enriched,max,0.1660527139902115,0.09217046946287155,1.8015825748443604,1.8015825748443604,65,27
1202,16076,specialized_enriched,max,0.15683099627494812,0.08707819879055023,1.8010362386703491,1.8010362386703491,34,27
1203,5841,specialized_enriched,max,0.28586703538894653,0.15883129835128784,1.7998155355453491,1.7998155355453491,222,27
1204,3534,specialized_enriched,max,0.6497354507446289,0.36117273569107056,1.7989604473114014,1.7989604473114014,187,27
1205,8266,specialized_enriched,max,0.4436127841472626,0.2466118037700653,1.798830270767212,1.798830270767212,124,27
1206,13992,specialized_enriched,max,0.48674842715263367,0.2707517743110657,1.7977663278579712,1.7977663278579712,54,27
1207,627,specialized_enriched,max,0.4147423803806305,0.23070548474788666,1.7977135181427002,1.7977135181427002,164,27
1208,4457,specialized_enriched,max,0.8197809457778931,0.45614832639694214,1.7971806526184082,1.7971806526184082,208,27
1209,2126,base_enriched,mean,-0.03403965383768082,0.01894371211528778,-1.7968840599060059,1.7968840599060059,109,27
1210,10715,specialized_enriched,max,0.636570394039154,0.35445672273635864,1.7959043979644775,1.7959043979644775,122,27
1211,12360,base_enriched,mean,-0.1189613789319992,0.06628107279539108,-1.7948015928268433,1.7948015928268433,121,27
1212,7275,specialized_enriched,max,1.2745130062103271,0.7101138234138489,1.7948009967803955,1.7948009967803955,64,27
1213,4265,specialized_enriched,max,0.47911515831947327,0.26697519421577454,1.7946054935455322,1.7946054935455322,95,27
1214,9256,specialized_enriched,max,0.23267528414726257,0.12966515123844147,1.7944319248199463,1.7944319248199463,121,27
1215,620,specialized_enriched,max,0.4876508116722107,0.2717711329460144,1.7943437099456787,1.7943437099456787,107,27
1216,8686,specialized_enriched,max,0.5533648133277893,0.30853137373924255,1.7935447692871094,1.7935447692871094,83,27
1217,4766,base_enriched,mean,-0.08567675203084946,0.04777321591973305,-1.793405532836914,1.793405532836914,193,27
1218,1353,specialized_enriched,max,0.7346345782279968,0.4097738265991211,1.7927806377410889,1.7927806377410889,155,27
1219,15944,specialized_enriched,max,0.1455572545528412,0.08123376965522766,1.7918318510055542,1.7918318510055542,45,27
1220,2741,base_enriched,mean,-0.03994953632354736,0.02230216935276985,-1.7912847995758057,1.7912847995758057,64,27
1221,11852,specialized_enriched,max,0.276929646730423,0.15461954474449158,1.7910391092300415,1.7910391092300415,88,27
1222,7644,specialized_enriched,max,0.5474065542221069,0.305869460105896,1.7896738052368164,1.7896738052368164,71,27
1223,11032,specialized_enriched,max,0.6455696225166321,0.3608464002609253,1.7890427112579346,1.7890427112579346,172,27
1224,9744,specialized_enriched,active_fraction,0.014804791659116745,0.008277217857539654,1.7886192798614502,1.7886192798614502,55,27
1225,7536,specialized_enriched,max,0.255933552980423,0.14309169352054596,1.7885982990264893,1.7885982990264893,50,27
1226,6758,specialized_enriched,max,0.3939811587333679,0.22027602791786194,1.7885793447494507,1.7885793447494507,126,27
1227,5113,specialized_enriched,max,1.3981285095214844,0.7819153070449829,1.7880817651748657,1.7880817651748657,197,27
1228,15460,specialized_enriched,max,0.2305058389902115,0.12894009053707123,1.787697196006775,1.787697196006775,52,27
1229,9655,specialized_enriched,max,0.5389326810836792,0.3016781210899353,1.7864493131637573,1.7864493131637573,179,27
1230,4088,base_enriched,active_fraction,-0.005897618364542723,0.003303074510768056,-1.7854936122894287,1.7854936122894287,76,27
1231,15281,specialized_enriched,max,0.5616470575332642,0.31495401263237,1.7832669019699097,1.7832669019699097,62,27
1232,1958,specialized_enriched,max,1.0120772123336792,0.5681941509246826,1.7812172174453735,1.7812172174453735,145,27
1233,6790,specialized_enriched,max,1.381279706954956,0.7757176160812378,1.7806476354599,1.7806476354599,35,27
1234,14089,base_enriched,active_fraction,-0.0019193239277228713,0.0010787300998345017,-1.77924382686615,1.77924382686615,38,27
1235,14364,specialized_enriched,max,1.1610586643218994,0.652715265750885,1.778813362121582,1.778813362121582,106,27
1236,5152,specialized_enriched,max,0.4433099329471588,0.24937069416046143,1.7777146100997925,1.7777146100997925,134,27
1237,15643,specialized_enriched,max,0.5090610384941101,0.2863638699054718,1.7776720523834229,1.7776720523834229,53,27
1238,15787,specialized_enriched,max,0.2310868203639984,0.12999661266803741,1.777637243270874,1.777637243270874,29,27
1239,7701,base_enriched,active_fraction,-0.0028809173963963985,0.0016219934914261103,-1.7761584520339966,1.7761584520339966,31,27
1240,2050,base_enriched,active_fraction,-0.00961641687899828,0.0054146768525242805,-1.7759909629821777,1.7759909629821777,56,27
1241,840,base_enriched,active_fraction,-0.018429333344101906,0.010379910469055176,-1.7754809856414795,1.7754809856414795,192,27
1242,13645,specialized_enriched,max,1.3967440128326416,0.7867712378501892,1.775286078453064,1.775286078453064,240,27
1243,14269,specialized_enriched,max,0.4648561179637909,0.26190757751464844,1.774886131286621,1.774886131286621,184,27
1244,10348,specialized_enriched,max,1.2672938108444214,0.7143064737319946,1.7741597890853882,1.7741597890853882,71,27
1245,16299,base_enriched,active_fraction,-0.015277042053639889,0.008615110069513321,-1.7732845544815063,1.7732845544815063,177,27
1246,2808,specialized_enriched,max,0.14723843336105347,0.08303845673799515,1.7731354236602783,1.7731354236602783,39,27
1247,1705,base_enriched,active_fraction,-0.0038237753324210644,0.0021567672956734896,-1.772919774055481,1.772919774055481,52,27
1248,418,base_enriched,mean,-0.06898344308137894,0.038922615349292755,-1.7723228931427002,1.7723228931427002,172,27
1249,15235,specialized_enriched,max,0.4990481734275818,0.2816810607910156,1.77167809009552,1.77167809009552,66,27
1250,128,base_enriched,mean,-0.010678931139409542,0.006029334384948015,-1.771162509918213,1.771162509918213,39,27
1251,1189,specialized_enriched,max,0.8136990666389465,0.45943304896354675,1.7710938453674316,1.7710938453674316,66,27
1252,10825,specialized_enriched,max,1.9330497980117798,1.0920279026031494,1.7701468467712402,1.7701468467712402,59,27
1253,11563,specialized_enriched,max,0.5345010757446289,0.3019580841064453,1.7701168060302734,1.7701168060302734,46,27
1254,14123,specialized_enriched,max,0.3408048748970032,0.19263961911201477,1.7691317796707153,1.7691317796707153,68,27
1255,4767,specialized_enriched,max,0.713527262210846,0.403506875038147,1.7683149576187134,1.7683149576187134,241,27
1256,1196,specialized_enriched,max,0.1647547483444214,0.09317100793123245,1.7683048248291016,1.7683048248291016,38,27
1257,13342,specialized_enriched,max,0.8011150360107422,0.4530700147151947,1.7681925296783447,1.7681925296783447,168,27
1258,914,specialized_enriched,max,0.458601176738739,0.25953221321105957,1.767029881477356,1.767029881477356,58,27
1259,12967,base_enriched,active_fraction,-0.012135082855820656,0.006867547519505024,-1.767018437385559,1.767018437385559,80,27
1260,1769,specialized_enriched,max,0.2087000608444214,0.11810969561338425,1.767001986503601,1.767001986503601,141,27
1261,3297,specialized_enriched,max,1.1583081483840942,0.6557790637016296,1.7663085460662842,1.7663085460662842,95,27
1262,175,specialized_enriched,max,0.625148355960846,0.3540237545967102,1.76583731174469,1.76583731174469,242,27
1263,1894,base_enriched,mean,-0.037120189517736435,0.021022621542215347,-1.7657259702682495,1.7657259702682495,53,27
1264,2412,base_enriched,mean,-0.04255550727248192,0.024103881791234016,-1.7655043601989746,1.7655043601989746,88,27
1265,5927,base_enriched,mean,-0.0701235979795456,0.03971957787871361,-1.7654668092727661,1.7654668092727661,151,27
1266,2819,specialized_enriched,max,0.1598842889070511,0.0906212329864502,1.764313817024231,1.764313817024231,59,27
1267,10396,specialized_enriched,max,0.5058161020278931,0.28686732053756714,1.7632405757904053,1.7632405757904053,89,27
1268,1997,specialized_enriched,max,0.3451283276081085,0.19576150178909302,1.7630040645599365,1.7630040645599365,52,27
1269,5294,base_enriched,active_fraction,-0.014399854466319084,0.008170654997229576,-1.7623867988586426,1.7623867988586426,135,27
1270,12312,specialized_enriched,max,1.2004796266555786,0.6811699271202087,1.7623790502548218,1.7623790502548218,77,27
1271,8338,base_enriched,mean,-0.05962400883436203,0.0338435098528862,-1.7617560625076294,1.7617560625076294,131,27
1272,11489,base_enriched,active_fraction,-0.003124864771962166,0.0017750582192093134,-1.7604295015335083,1.7604295015335083,45,27
1273,16270,base_enriched,active_fraction,-0.010477283038198948,0.005955815315246582,-1.7591685056686401,1.7591685056686401,109,27
1274,797,specialized_enriched,max,0.9349720478057861,0.5318779945373535,1.7578693628311157,1.7578693628311157,231,27
1275,2365,specialized_enriched,max,0.7570337057113647,0.4307635724544525,1.7574228048324585,1.7574228048324585,40,27
1276,5518,specialized_enriched,max,0.1881180703639984,0.1070745512843132,1.756888747215271,1.756888747215271,38,27
1277,13356,specialized_enriched,max,1.0792005062103271,0.6143949627876282,1.7565256357192993,1.7565256357192993,242,27
1278,12914,specialized_enriched,max,0.528573751449585,0.3009391129016876,1.7564142942428589,1.7564142942428589,132,27
1279,2094,specialized_enriched,max,0.19800113141536713,0.11273244768381119,1.7563810348510742,1.7563810348510742,54,27
1280,10346,specialized_enriched,max,0.17428550124168396,0.09924761950969696,1.7560672760009766,1.7560672760009766,65,27
1281,13226,specialized_enriched,max,0.23054291307926178,0.13131338357925415,1.7556695938110352,1.7556695938110352,31,27
1282,8691,specialized_enriched,max,1.3328347206115723,0.7592570185661316,1.7554460763931274,1.7554460763931274,248,27
1283,11522,base_enriched,active_fraction,-0.00897139497101307,0.005116445943713188,-1.7534427642822266,1.7534427642822266,107,27
1284,7823,base_enriched,mean,-0.12252885103225708,0.06988590955734253,-1.7532697916030884,1.7532697916030884,118,27
1285,11976,specialized_enriched,max,0.4548308849334717,0.2596452236175537,1.7517398595809937,1.7517398595809937,223,27
1286,14913,specialized_enriched,max,0.30195561051368713,0.1724574863910675,1.750898838043213,1.750898838043213,117,27
1287,2936,specialized_enriched,max,0.3892405033111572,0.22231942415237427,1.7508164644241333,1.7508164644241333,58,27
1288,6867,specialized_enriched,max,0.37501853704452515,0.21434812247753143,1.7495769262313843,1.7495769262313843,78,27
1289,11480,base_enriched,active_fraction,-0.0062836273573338985,0.0035936874337494373,-1.7485181093215942,1.7485181093215942,161,27
1290,9067,specialized_enriched,max,0.3340338170528412,0.19113466143608093,1.7476359605789185,1.7476359605789185,32,27
1291,4915,base_enriched,active_fraction,-0.006536169908940792,0.0037421586457639933,-1.7466309070587158,1.7466309070587158,189,27
1292,10501,specialized_enriched,max,0.2607421875,0.14939342439174652,1.7453391551971436,1.7453391551971436,81,27
1293,14522,specialized_enriched,max,0.6460022926330566,0.37056976556777954,1.7432676553726196,1.7432676553726196,38,27
1294,2202,specialized_enriched,max,0.2255735695362091,0.12944671511650085,1.7425978183746338,1.7425978183746338,134,27
1295,3968,specialized_enriched,max,0.9447624087333679,0.5424436330795288,1.7416784763336182,1.7416784763336182,204,27
1296,2854,specialized_enriched,max,0.15123121440410614,0.08686666935682297,1.7409578561782837,1.7409578561782837,38,27
1297,7226,specialized_enriched,max,0.27199119329452515,0.15640082955360413,1.7390649318695068,1.7390649318695068,190,27
1298,3555,specialized_enriched,max,0.4802215099334717,0.2761477828025818,1.7390018701553345,1.7390018701553345,120,27
1299,11794,base_enriched,active_fraction,-0.0043975249864161015,0.002531445352360606,-1.7371597290039062,1.7371597290039062,74,27
1300,7325,specialized_enriched,max,0.3533363938331604,0.2034590095281601,1.7366465330123901,1.7366465330123901,142,27
1301,7273,specialized_enriched,max,0.25273188948631287,0.1455368846654892,1.736548662185669,1.736548662185669,34,27
1302,12676,base_enriched,active_fraction,-0.003648878540843725,0.002101580612361431,-1.736254334449768,1.736254334449768,34,27
1303,6580,specialized_enriched,max,1.3639734983444214,0.7859438061714172,1.735459327697754,1.735459327697754,192,27
1304,4947,specialized_enriched,max,0.8359931111335754,0.4820253849029541,1.7343342304229736,1.7343342304229736,186,27
1305,16042,specialized_enriched,max,0.7036070823669434,0.40599390864372253,1.7330483198165894,1.7330483198165894,219,27
1306,6517,specialized_enriched,max,0.3930169641971588,0.22684186697006226,1.7325592041015625,1.7325592041015625,40,27
1307,6477,base_enriched,active_fraction,-0.0039740451611578465,0.002294231206178665,-1.7321903705596924,1.7321903705596924,79,27
1308,1357,specialized_enriched,max,0.7761014103889465,0.44809791445732117,1.7319906949996948,1.7319906949996948,57,27
1309,13337,base_enriched,mean,-0.12385887652635574,0.07152687758207321,-1.7316410541534424,1.7316410541534424,46,27
1310,4158,specialized_enriched,max,0.11925187706947327,0.0689019188284874,1.7307482957839966,1.7307482957839966,36,27
1311,10087,specialized_enriched,max,0.8367533683776855,0.48411887884140015,1.7284047603607178,1.7284047603607178,80,27
1312,13764,specialized_enriched,max,0.5102230310440063,0.29524827003479004,1.728115200996399,1.728115200996399,53,27
1313,544,base_enriched,mean,-0.11941103637218475,0.06910791248083115,-1.7278923988342285,1.7278923988342285,141,27
1314,13294,specialized_enriched,max,0.1507243812084198,0.08724066615104675,1.7276848554611206,1.7276848554611206,63,27
1315,505,base_enriched,mean,-0.08021410554647446,0.04643036052584648,-1.7276219129562378,1.7276219129562378,90,27
1316,7804,specialized_enriched,max,0.8328718543052673,0.48220163583755493,1.7272273302078247,1.7272273302078247,58,27
1317,1558,base_enriched,mean,-0.18548892438411713,0.10739975422620773,-1.7270889282226562,1.7270889282226562,126,27
1318,11139,base_enriched,mean,-0.018382398411631584,0.010650326497852802,-1.7259938716888428,1.7259938716888428,118,27
1319,2675,specialized_enriched,max,0.4785650670528412,0.27728408575057983,1.72590172290802,1.72590172290802,50,27
1320,9340,specialized_enriched,max,0.17563290894031525,0.10176604986190796,1.7258497476577759,1.7258497476577759,42,27
1321,10047,specialized_enriched,max,0.07979381084442139,0.046234674751758575,1.7258434295654297,1.7258434295654297,29,27
1322,1555,specialized_enriched,max,0.4413197338581085,0.2560044527053833,1.7238752841949463,1.7238752841949463,174,27
1323,7855,specialized_enriched,active_fraction,0.0067196618765592575,0.003911646082997322,1.7178603410720825,1.7178603410720825,74,27
1324,15778,base_enriched,mean,-0.12622447311878204,0.07352259755134583,-1.7168118953704834,1.7168118953704834,192,27
1325,11805,specialized_enriched,max,1.1075208187103271,0.6452202796936035,1.7165002822875977,1.7165002822875977,226,27
1326,7122,specialized_enriched,max,0.3905384838581085,0.22761975228786469,1.7157495021820068,1.7157495021820068,78,27
1327,6655,specialized_enriched,max,0.2392578125,0.13967075943946838,1.713012933731079,1.713012933731079,46,27
1328,4866,specialized_enriched,max,0.38660749793052673,0.2256910502910614,1.7129943370819092,1.7129943370819092,147,27
1329,13427,specialized_enriched,max,0.4913283586502075,0.28683868050575256,1.7129082679748535,1.7129082679748535,165,27
1330,16367,specialized_enriched,max,0.4712532162666321,0.27517223358154297,1.7125754356384277,1.7125754356384277,78,27
1331,12479,specialized_enriched,max,0.3187178671360016,0.18621325492858887,1.7115745544433594,1.7115745544433594,57,27
1332,4138,specialized_enriched,max,0.6704905033111572,0.3917715549468994,1.7114323377609253,1.7114323377609253,143,27
1333,2828,specialized_enriched,max,0.763437032699585,0.44611093401908875,1.7113165855407715,1.7113165855407715,211,27
1334,11539,specialized_enriched,max,0.3236501216888428,0.18921779096126556,1.710463523864746,1.710463523864746,268,27
1335,12278,base_enriched,mean,-0.08756545931100845,0.05121618136763573,-1.7097225189208984,1.7097225189208984,197,27
1336,1449,specialized_enriched,max,0.7060484886169434,0.4131923317909241,1.7087647914886475,1.7087647914886475,166,27
1337,14291,specialized_enriched,max,0.6522294282913208,0.3819512724876404,1.7076246738433838,1.7076246738433838,206,27
1338,10663,base_enriched,mean,-0.1945227086544037,0.11394308507442474,-1.707191824913025,1.707191824913025,170,27
1339,4366,specialized_enriched,max,0.13204608857631683,0.07739361375570297,1.7061625719070435,1.7061625719070435,59,27
1340,601,base_enriched,active_fraction,-0.02436693385243416,0.014283660799264908,-1.7059305906295776,1.7059305906295776,264,27
1341,11108,specialized_enriched,max,0.7654395699501038,0.44873133301734924,1.705785870552063,1.705785870552063,195,27
1342,7504,specialized_enriched,max,0.5518319606781006,0.3235156834125519,1.7057348489761353,1.7057348489761353,187,27
1343,9350,specialized_enriched,max,0.3847161829471588,0.22558556497097015,1.7054113149642944,1.7054113149642944,75,27
1344,7360,base_enriched,active_fraction,-0.04116009920835495,0.024145064875483513,-1.7047003507614136,1.7047003507614136,215,27
1345,13990,specialized_enriched,max,0.22443631291389465,0.13167133927345276,1.7045191526412964,1.7045191526412964,30,27
1346,10383,specialized_enriched,max,0.808847188949585,0.4745582342147827,1.7044214010238647,1.7044214010238647,131,27
1347,2198,base_enriched,active_fraction,-0.009314524941146374,0.0054657650180161,-1.7041575908660889,1.7041575908660889,149,27
1348,8886,specialized_enriched,max,0.29804936051368713,0.17490221560001373,1.7040914297103882,1.7040914297103882,61,27
1349,2220,specialized_enriched,max,0.5413494110107422,0.31780895590782166,1.7033799886703491,1.7033799886703491,191,27
1350,4468,specialized_enriched,active_fraction,0.0017703092889860272,0.001039952039718628,1.7022989988327026,1.7022989988327026,28,27
1351,13492,specialized_enriched,max,0.38202136754989624,0.22447556257247925,1.7018394470214844,1.7018394470214844,52,27
1352,9701,specialized_enriched,max,0.24120475351810455,0.14174965023994446,1.7016249895095825,1.7016249895095825,92,27
1353,7517,specialized_enriched,max,0.4827679991722107,0.2838124632835388,1.7010105848312378,1.7010105848312378,150,27
1354,11013,specialized_enriched,max,0.15981630980968475,0.09403565526008606,1.6995288133621216,1.6995288133621216,40,27
1355,3672,specialized_enriched,max,0.2805330157279968,0.16513954102993011,1.6987634897232056,1.6987634897232056,77,27
1356,6150,base_enriched,mean,-0.10335762798786163,0.060854483395814896,-1.6984390020370483,1.6984390020370483,201,27
1357,8580,specialized_enriched,active_fraction,0.009576048702001572,0.005643732845783234,1.6967580318450928,1.6967580318450928,72,27
1358,16228,specialized_enriched,max,2.0437722206115723,1.2053874731063843,1.6955313682556152,1.6955313682556152,85,27
1359,9810,base_enriched,mean,-0.10851799696683884,0.06402970105409622,-1.6948071718215942,1.6948071718215942,202,27
1360,11265,specialized_enriched,max,0.3111773133277893,0.18363936245441437,1.6945022344589233,1.6945022344589233,88,27
1361,7966,specialized_enriched,max,0.29265353083610535,0.17287537455558777,1.6928584575653076,1.6928584575653076,95,27
1362,10081,specialized_enriched,mean,0.04350454732775688,0.02571159414947033,1.6920206546783447,1.6920206546783447,127,27
1363,7946,specialized_enriched,max,0.47248318791389465,0.27950480580329895,1.6904295682907104,1.6904295682907104,73,27
1364,6388,specialized_enriched,max,0.591623842716217,0.3504190444946289,1.688332438468933,1.688332438468933,106,27
1365,10044,specialized_enriched,max,0.7378609776496887,0.43726450204849243,1.6874476671218872,1.6874476671218872,60,27
1366,6022,specialized_enriched,max,0.28142306208610535,0.16690275073051453,1.6861499547958374,1.6861499547958374,46,27
1367,7856,base_enriched,mean,-0.05362189561128616,0.031817059963941574,-1.685318946838379,1.685318946838379,97,27
1368,6006,specialized_enriched,max,0.2665150463581085,0.1582115739583969,1.6845483779907227,1.6845483779907227,106,27
1369,12161,base_enriched,active_fraction,-0.01586006209254265,0.00941534899175167,-1.6844900846481323,1.6844900846481323,206,27
1370,176,specialized_enriched,max,0.1502608358860016,0.08924902975559235,1.6836130619049072,1.6836130619049072,53,27
1371,14935,specialized_enriched,max,0.41784512996673584,0.2483106255531311,1.6827516555786133,1.6827516555786133,127,27
1372,4096,specialized_enriched,max,0.18530581891536713,0.11015256494283676,1.6822651624679565,1.6822651624679565,103,27
1373,7265,specialized_enriched,active_fraction,0.007056610658764839,0.004195351619273424,1.6820069551467896,1.6820069551467896,40,27
1374,16279,specialized_enriched,max,0.9106259942054749,0.5419300198554993,1.680338740348816,1.680338740348816,98,27
1375,3708,specialized_enriched,max,1.353218913078308,0.8055707812309265,1.679826259613037,1.679826259613037,78,27
1376,11703,specialized_enriched,max,1.2725104093551636,0.7575535774230957,1.6797629594802856,1.6797629594802856,55,27
1377,741,base_enriched,mean,-0.03991119936108589,0.023772040382027626,-1.6789134740829468,1.6789134740829468,218,27
1378,94,specialized_enriched,max,0.625593364238739,0.37278133630752563,1.678177833557129,1.678177833557129,196,27
1379,11750,base_enriched,mean,-0.08563695847988129,0.05107571557164192,-1.6766668558120728,1.6766668558120728,187,27
1380,15585,specialized_enriched,max,0.09152492135763168,0.05459590256214142,1.6764063835144043,1.6764063835144043,34,27
1381,11589,specialized_enriched,max,0.37619906663894653,0.22448348999023438,1.6758428812026978,1.6758428812026978,80,27
1382,11498,specialized_enriched,max,1.0352057218551636,0.6177511215209961,1.675765037536621,1.675765037536621,177,27
1383,12854,specialized_enriched,max,0.6183803677558899,0.36914119124412537,1.6751866340637207,1.6751866340637207,196,27
1384,13721,specialized_enriched,max,0.19915693998336792,0.11889120936393738,1.675119161605835,1.675119161605835,79,27
1385,5563,specialized_enriched,max,0.3221667408943176,0.19242432713508606,1.674251675605774,1.674251675605774,196,27
1386,5812,base_enriched,mean,-0.012028754688799381,0.007191060576587915,-1.6727372407913208,1.6727372407913208,56,27
1387,5078,specialized_enriched,max,1.05128812789917,0.6288732290267944,1.671701192855835,1.671701192855835,74,27
1388,2374,base_enriched,mean,-0.03664688020944595,0.021931445226073265,-1.6709742546081543,1.6709742546081543,186,27
1389,5721,base_enriched,mean,-0.08759259432554245,0.05242367088794708,-1.6708595752716064,1.6708595752716064,132,27
1390,2730,base_enriched,active_fraction,-0.006040066014975309,0.0036153728142380714,-1.6706620454788208,1.6706620454788208,89,27
1391,11654,specialized_enriched,max,0.5622774958610535,0.33659985661506653,1.670462727546692,1.670462727546692,113,27
1392,5217,specialized_enriched,max,0.5288147926330566,0.31657135486602783,1.6704442501068115,1.6704442501068115,189,27
1393,16248,base_enriched,active_fraction,-0.008494123816490173,0.005085148848593235,-1.670378565788269,1.670378565788269,125,27
1394,14135,base_enriched,mean,-0.06367067992687225,0.0381464920938015,-1.6691097021102905,1.6691097021102905,90,27
1395,12313,specialized_enriched,max,0.1720047891139984,0.10305583477020264,1.6690446138381958,1.6690446138381958,31,27
1396,16092,specialized_enriched,max,0.23541955649852753,0.14109820127487183,1.6684801578521729,1.6684801578521729,47,27
1397,10893,specialized_enriched,max,0.671491801738739,0.40273040533065796,1.6673481464385986,1.6673481464385986,94,27
1398,11519,specialized_enriched,max,0.2195844054222107,0.13170064985752106,1.6672993898391724,1.6672993898391724,56,27
1399,7057,specialized_enriched,max,0.4071894884109497,0.24428392946720123,1.6668697595596313,1.6668697595596313,195,27
1400,9030,specialized_enriched,max,0.7712371349334717,0.46279963850975037,1.6664601564407349,1.6664601564407349,208,27
1401,10496,specialized_enriched,max,0.3456907570362091,0.20750074088573456,1.6659735441207886,1.6659735441207886,100,27
1402,11842,specialized_enriched,active_fraction,0.004584976471960545,0.0027528521604835987,1.6655367612838745,1.6655367612838745,83,27
1403,7763,specialized_enriched,max,0.44057801365852356,0.26490268111228943,1.6631693840026855,1.6631693840026855,92,27
1404,3356,specialized_enriched,max,0.4408005475997925,0.26506975293159485,1.6629605293273926,1.6629605293273926,70,27
1405,9331,base_enriched,max,-1.9158796072006226,1.1526548862457275,-1.6621450185775757,1.6621450185775757,198,27
1406,2643,specialized_enriched,max,0.7483188509941101,0.45030200481414795,1.6618155241012573,1.6618155241012573,177,27
1407,11821,specialized_enriched,max,0.48682257533073425,0.2930373549461365,1.6612987518310547,1.6612987518310547,60,27
1408,4612,specialized_enriched,max,0.294328510761261,0.17723873257637024,1.6606330871582031,1.6606330871582031,27,27
1409,2346,specialized_enriched,max,0.6635680198669434,0.399747371673584,1.6599684953689575,1.6599684953689575,173,27
1410,4877,specialized_enriched,max,0.2523116171360016,0.15203750133514404,1.6595354080200195,1.6595354080200195,233,27
1411,14195,specialized_enriched,max,0.41981062293052673,0.2530131936073303,1.6592439413070679,1.6592439413070679,78,27
1412,11647,base_enriched,mean,-0.03072212263941765,0.0185233224183321,-1.6585643291473389,1.6585643291473389,81,27
1413,15632,specialized_enriched,active_fraction,0.012857171706855297,0.007755621802061796,1.6577873229980469,1.6577873229980469,52,27
1414,4995,base_enriched,mean,-0.07161210477352142,0.043204668909311295,-1.6575084924697876,1.6575084924697876,170,27
1415,4994,specialized_enriched,max,0.46113529801368713,0.2785240411758423,1.6556391716003418,1.6556391716003418,266,27
1416,2169,base_enriched,mean,-0.035228487104177475,0.021291567012667656,-1.6545746326446533,1.6545746326446533,86,27
1417,1512,specialized_enriched,max,0.5082204341888428,0.30719292163848877,1.6544015407562256,1.6544015407562256,122,27
1418,5589,specialized_enriched,max,0.5885334014892578,0.3558836877346039,1.6537240743637085,1.6537240743637085,204,27
1419,7850,specialized_enriched,active_fraction,0.004137932322919369,0.0025026367511600256,1.6534290313720703,1.6534290313720703,99,27
1420,5050,specialized_enriched,max,0.2148808389902115,0.12996862828731537,1.653328537940979,1.653328537940979,64,27
1421,15207,specialized_enriched,max,0.7137683033943176,0.431865394115448,1.6527564525604248,1.6527564525604248,124,27
1422,7668,base_enriched,mean,-0.1258956342935562,0.07624518126249313,-1.65119469165802,1.65119469165802,241,27
1423,3315,base_enriched,active_fraction,-0.0022826376371085644,0.001383006339892745,-1.6504896879196167,1.6504896879196167,46,27
1424,2,specialized_enriched,max,0.36100053787231445,0.2187795639038086,1.6500651836395264,1.6500651836395264,250,27
1425,2625,specialized_enriched,max,1.3649871349334717,0.8274282813072205,1.6496742963790894,1.6496742963790894,113,27
1426,1918,base_enriched,mean,-0.06341321021318436,0.03847226873040199,-1.64828360080719,1.64828360080719,105,27
1427,5665,specialized_enriched,max,0.4088582992553711,0.2480974793434143,1.6479743719100952,1.6479743719100952,114,27
1428,15436,base_enriched,mean,-0.0848989337682724,0.051544006913900375,-1.6471154689788818,1.6471154689788818,28,27
1429,12927,specialized_enriched,max,0.8196202516555786,0.4980071187019348,1.645800232887268,1.645800232887268,126,27
1430,13017,specialized_enriched,max,0.8340399861335754,0.5067805647850037,1.6457616090774536,1.6457616090774536,180,27
1431,4832,specialized_enriched,max,0.5681739449501038,0.3453338146209717,1.6452890634536743,1.6452890634536743,135,27
1432,13811,specialized_enriched,max,0.4437920153141022,0.26981914043426514,1.6447758674621582,1.6447758674621582,102,27
1433,14183,specialized_enriched,max,0.32396844029426575,0.19697493314743042,1.644719123840332,1.644719123840332,175,27
1434,7611,specialized_enriched,max,1.3916757106781006,0.8463558554649353,1.6443151235580444,1.6443151235580444,97,27
1435,4733,base_enriched,active_fraction,-0.009464409202337265,0.005764445755630732,-1.6418594121932983,1.6418594121932983,94,27
1436,9805,specialized_enriched,max,0.05348224937915802,0.03257899358868599,1.6416176557540894,1.6416176557540894,31,27
1437,10319,base_enriched,mean,-0.021372156217694283,0.013022789731621742,-1.6411349773406982,1.6411349773406982,90,27
1438,15397,specialized_enriched,max,0.2135457843542099,0.13017039000988007,1.6405097246170044,1.6405097246170044,63,27
1439,895,base_enriched,active_fraction,-0.010080458596348763,0.0061489492654800415,-1.6393790245056152,1.6393790245056152,71,27
1440,8102,specialized_enriched,active_fraction,0.0059642549604177475,0.003638805588707328,1.6390694379806519,1.6390694379806519,71,27
1441,13671,specialized_enriched,max,0.8676077723503113,0.5294531583786011,1.6386865377426147,1.6386865377426147,180,27
1442,4227,specialized_enriched,max,0.1497478187084198,0.09144555032253265,1.63756263256073,1.63756263256073,47,27
1443,15668,specialized_enriched,max,0.3313884437084198,0.20241402089595795,1.637181282043457,1.637181282043457,45,27
1444,10957,base_enriched,active_fraction,-0.0037391758523881435,0.0022839524317532778,-1.6371513605117798,1.6371513605117798,55,27
1445,12791,specialized_enriched,max,0.7379103899002075,0.4508228003978729,1.6368080377578735,1.6368080377578735,259,27
1446,6117,specialized_enriched,max,1.3958786725997925,0.8528792858123779,1.636666178703308,1.636666178703308,253,27
1447,12216,specialized_enriched,max,0.6129227876663208,0.37459036707878113,1.6362481117248535,1.6362481117248535,55,27
1448,11771,specialized_enriched,active_fraction,0.01585310883820057,0.009697146713733673,1.6348220109939575,1.6348220109939575,205,27
1449,8637,base_enriched,mean,-0.039821721613407135,0.02437657304108143,-1.633606195449829,1.633606195449829,132,27
1450,1355,specialized_enriched,max,0.4504672586917877,0.2757898271083832,1.6333715915679932,1.6333715915679932,27,27
1451,13880,specialized_enriched,max,0.17236946523189545,0.10560870915651321,1.6321519613265991,1.6321519613265991,56,27
1452,5206,specialized_enriched,max,0.8983756899833679,0.5504623651504517,1.6320383548736572,1.6320383548736572,57,27
1453,8462,specialized_enriched,max,0.2216302454471588,0.13602939248085022,1.629281997680664,1.629281997680664,61,27
1454,1125,specialized_enriched,max,0.1357050985097885,0.08334194868803024,1.6282927989959717,1.6282927989959717,59,27
1455,654,specialized_enriched,max,0.31481778621673584,0.19342570006847382,1.627590298652649,1.627590298652649,100,27
1456,5438,base_enriched,active_fraction,-0.008707746863365173,0.005353624001145363,-1.6265144348144531,1.6265144348144531,114,27
1457,10895,specialized_enriched,max,0.3665817975997925,0.22556261718273163,1.6251885890960693,1.6251885890960693,144,27
1458,5001,base_enriched,mean,-0.03256766498088837,0.020050371065735817,-1.6242923736572266,1.6242923736572266,74,27
1459,6311,base_enriched,active_fraction,-0.005647973157465458,0.003479066537693143,-1.6234163045883179,1.6234163045883179,118,27
1460,8361,specialized_enriched,max,0.5020644068717957,0.3093027174472809,1.6232136487960815,1.6232136487960815,75,27
1461,6946,base_enriched,active_fraction,-0.00509237963706255,0.003137710504233837,-1.6229603290557861,1.6229603290557861,65,27
1462,13052,base_enriched,mean,-0.05234363302588463,0.032262567430734634,-1.622426152229309,1.622426152229309,139,27
1463,210,specialized_enriched,max,0.40555158257484436,0.2499709278345108,1.6223950386047363,1.6223950386047363,169,27
1464,1423,specialized_enriched,max,1.2778691053390503,0.7880188226699829,1.6216225624084473,1.6216225624084473,59,27
1465,1591,specialized_enriched,max,0.5583959817886353,0.3443487286567688,1.6216002702713013,1.6216002702713013,177,27
1466,6953,specialized_enriched,max,0.6134666800498962,0.3783217966556549,1.6215472221374512,1.6215472221374512,105,27
1467,2572,specialized_enriched,max,0.22901009023189545,0.14127376675605774,1.6210376024246216,1.6210376024246216,56,27
1468,10858,specialized_enriched,max,0.6287702918052673,0.38810694217681885,1.6200954914093018,1.6200954914093018,236,27
1469,8778,specialized_enriched,max,0.5772782564163208,0.35638299584388733,1.6198254823684692,1.6198254823684692,101,27
1470,15296,specialized_enriched,max,0.8014240264892578,0.4948824942111969,1.6194229125976562,1.6194229125976562,133,27
1471,15209,specialized_enriched,max,0.4599238634109497,0.284320205450058,1.617626428604126,1.617626428604126,95,27
1472,13706,base_enriched,mean,-0.056400347501039505,0.034872815012931824,-1.617315649986267,1.617315649986267,50,27
1473,8743,specialized_enriched,max,0.30420538783073425,0.1881183683872223,1.6170955896377563,1.6170955896377563,142,27
1474,14435,specialized_enriched,max,0.9049767851829529,0.559638500213623,1.617073893547058,1.617073893547058,213,27
1475,5994,specialized_enriched,max,0.8297938108444214,0.5132761001586914,1.6166616678237915,1.6166616678237915,68,27
1476,7783,specialized_enriched,max,0.22676028311252594,0.14030389487743378,1.6162080764770508,1.6162080764770508,264,27
1477,1823,specialized_enriched,max,1.0859498977661133,0.6719194650650024,1.6161905527114868,1.6161905527114868,76,27
1478,6083,base_enriched,active_fraction,-0.0032892348244786263,0.002037538681179285,-1.614317774772644,1.614317774772644,48,27
1479,13002,base_enriched,mean,-0.05317726731300354,0.03294328600168228,-1.6142065525054932,1.6142065525054932,80,27
1480,12561,specialized_enriched,max,0.15214596688747406,0.09437034279108047,1.6122223138809204,1.6122223138809204,44,27
1481,11345,specialized_enriched,max,0.34550532698631287,0.21439194679260254,1.611559271812439,1.611559271812439,77,27
1482,6369,specialized_enriched,max,0.5091228485107422,0.3159883916378021,1.6112074851989746,1.6112074851989746,104,27
1483,10941,specialized_enriched,max,0.27681219577789307,0.1718612164258957,1.6106728315353394,1.6106728315353394,102,27
1484,10399,base_enriched,mean,-0.0599508173763752,0.03724652901291847,-1.6095678806304932,1.6095678806304932,71,27
1485,6565,specialized_enriched,max,0.10017800331115723,0.06232269108295441,1.6074081659317017,1.6074081659317017,27,27
1486,16086,base_enriched,mean,-0.130562886595726,0.0812712237238884,-1.6065081357955933,1.6065081357955933,184,27
1487,15475,specialized_enriched,active_fraction,0.007759577129036188,0.004835040774196386,1.6048628091812134,1.6048628091812134,234,27
1488,5420,specialized_enriched,max,0.5125716924667358,0.3198206126689911,1.6026849746704102,1.6026849746704102,173,27
1489,925,specialized_enriched,max,0.3099782466888428,0.19351917505264282,1.60179603099823,1.60179603099823,69,27
1490,15288,specialized_enriched,max,0.12655755877494812,0.07904014736413956,1.6011806726455688,1.6011806726455688,49,27
1491,44,specialized_enriched,max,0.4052858054637909,0.2531452178955078,1.601001262664795,1.601001262664795,58,27
1492,14476,specialized_enriched,active_fraction,0.003715032245963812,0.002320567611604929,1.6009153127670288,1.6009153127670288,62,27
1493,4303,specialized_enriched,max,0.6725672483444214,0.4201270341873169,1.600866436958313,1.600866436958313,133,27
1494,2174,specialized_enriched,max,0.5447426438331604,0.3405677378177643,1.599513292312622,1.599513292312622,33,27
1495,1989,specialized_enriched,max,0.2356358766555786,0.14735129475593567,1.599143624305725,1.599143624305725,63,27
1496,9766,base_enriched,active_fraction,-0.010256030596792698,0.00641758693382144,-1.5981131792068481,1.5981131792068481,169,27
1497,10961,specialized_enriched,max,0.1760779321193695,0.11023304611444473,1.5973243713378906,1.5973243713378906,42,27
1498,6015,specialized_enriched,max,0.3036738634109497,0.19012923538684845,1.5971970558166504,1.5971970558166504,113,27
1499,2423,specialized_enriched,max,0.49362143874168396,0.3090672194957733,1.597132921218872,1.597132921218872,45,27
1500,893,specialized_enriched,max,0.23710690438747406,0.14852496981620789,1.596411108970642,1.596411108970642,90,27
1501,14119,base_enriched,mean,-0.05329296365380287,0.03339868411421776,-1.5956605672836304,1.5956605672836304,72,27
1502,9442,specialized_enriched,max,0.784006655216217,0.4919280409812927,1.5937426090240479,1.5937426090240479,79,27
1503,1639,specialized_enriched,max,0.38066157698631287,0.23893654346466064,1.5931493043899536,1.5931493043899536,260,27
1504,7519,specialized_enriched,max,0.36906954646110535,0.23166713118553162,1.5931028127670288,1.5931028127670288,161,27
1505,4065,specialized_enriched,active_fraction,0.0035470889415591955,0.0022272143978625536,1.5926122665405273,1.5926122665405273,80,27
1506,6055,specialized_enriched,active_fraction,0.012224704027175903,0.0076768891885876656,1.5924032926559448,1.5924032926559448,144,27
1507,4383,base_enriched,mean,-0.0764332041144371,0.04801102355122566,-1.5919928550720215,1.5919928550720215,249,27
1508,4843,specialized_enriched,max,0.24481433629989624,0.1538003534078598,1.5917670726776123,1.5917670726776123,70,27
1509,1015,specialized_enriched,max,0.8217711448669434,0.5162644386291504,1.591763973236084,1.591763973236084,88,27
1510,6315,specialized_enriched,max,0.23242805898189545,0.14607521891593933,1.5911532640457153,1.5911532640457153,81,27
1511,1993,base_enriched,mean,-0.06196825951337814,0.038949597626924515,-1.590985894203186,1.590985894203186,139,27
1512,9469,specialized_enriched,max,1.0713940858840942,0.6735180020332336,1.590743064880371,1.590743064880371,209,27
1513,14758,specialized_enriched,max,0.5763758420944214,0.36249086260795593,1.5900423526763916,1.5900423526763916,191,27
1514,5061,base_enriched,mean,-0.0565958134829998,0.035599786788225174,-1.5897796154022217,1.5897796154022217,83,27
1515,7378,specialized_enriched,max,0.8684731125831604,0.5462898015975952,1.589766263961792,1.589766263961792,199,27
1516,2002,base_enriched,mean,-0.020130399614572525,0.012669558636844158,-1.5888793468475342,1.5888793468475342,27,27
1517,778,base_enriched,active_fraction,-0.009064010344445705,0.005712004378437996,-1.5868353843688965,1.5868353843688965,93,27
1518,6884,base_enriched,active_fraction,-0.007828048430383205,0.004934036638587713,-1.5865403413772583,1.5865403413772583,91,27
1519,503,base_enriched,active_fraction,-0.0038825892843306065,0.0024483066517859697,-1.5858263969421387,1.5858263969421387,72,27
1520,9879,base_enriched,mean,-0.0259928647428751,0.016393980011343956,-1.5855127573013306,1.5855127573013306,146,27
1521,557,specialized_enriched,max,0.4849807024002075,0.305967777967453,1.5850712060928345,1.5850712060928345,84,27
1522,4121,specialized_enriched,max,0.2721518874168396,0.17170892655849457,1.5849605798721313,1.5849605798721313,236,27
1523,9700,base_enriched,mean,-0.011316806077957153,0.007141319569200277,-1.5846940279006958,1.5846940279006958,41,27
1524,10803,specialized_enriched,max,0.22813241183757782,0.14396768808364868,1.5846084356307983,1.5846084356307983,34,27
1525,6847,specialized_enriched,max,0.3044959008693695,0.19225220382213593,1.5838357210159302,1.5838357210159302,204,27
1526,7071,specialized_enriched,max,0.2919798195362091,0.18436729907989502,1.5836855173110962,1.5836855173110962,130,27
1527,1648,base_enriched,mean,-0.027650663629174232,0.017472220584750175,-1.582550048828125,1.582550048828125,201,27
1528,7837,specialized_enriched,max,0.2434483766555786,0.15386292338371277,1.5822420120239258,1.5822420120239258,99,27
1529,182,specialized_enriched,max,0.5316826701164246,0.33611834049224854,1.5818318128585815,1.5818318128585815,92,27
1530,13219,specialized_enriched,max,0.16612687706947327,0.1050766110420227,1.5810072422027588,1.5810072422027588,76,27
1531,827,base_enriched,mean,-0.02424756810069084,0.01533842645585537,-1.5808380842208862,1.5808380842208862,97,27
1532,15137,specialized_enriched,mean,0.06610358506441116,0.04181573912501335,1.5808302164077759,1.5808302164077759,91,27
1533,4537,specialized_enriched,max,0.9475252032279968,0.5994870066642761,1.5805600881576538,1.5805600881576538,48,27
1534,5407,base_enriched,active_fraction,-0.011807018890976906,0.007471075281500816,-1.5803641080856323,1.5803641080856323,152,27
1535,7910,specialized_enriched,max,0.6539878249168396,0.41383811831474304,1.580298662185669,1.580298662185669,89,27
1536,13744,base_enriched,active_fraction,-0.01786186173558235,0.011304743587970734,-1.580032467842102,1.580032467842102,127,27
1537,2642,specialized_enriched,max,0.4365728795528412,0.27644333243370056,1.5792491436004639,1.5792491436004639,140,27
1538,14390,specialized_enriched,max,0.23299668729305267,0.147589772939682,1.578677773475647,1.578677773475647,162,27
1539,3537,specialized_enriched,max,0.5591129064559937,0.35416656732559204,1.578672170639038,1.578672170639038,150,27
1540,12212,specialized_enriched,max,0.9435200691223145,0.5977814197540283,1.5783697366714478,1.5783697366714478,123,27
1541,15166,specialized_enriched,max,0.42592957615852356,0.2698613405227661,1.5783275365829468,1.5783275365829468,117,27
1542,1045,specialized_enriched,max,0.47804588079452515,0.3029141128063202,1.5781564712524414,1.5781564712524414,54,27
1543,13186,base_enriched,max,-0.19670934975147247,0.12470108270645142,-1.5774470567703247,1.5774470567703247,85,27
1544,10186,specialized_enriched,active_fraction,0.008726771920919418,0.005532523617148399,1.5773582458496094,1.5773582458496094,61,27
1545,5938,specialized_enriched,max,0.22413963079452515,0.1425832062959671,1.5719918012619019,1.5719918012619019,64,27
1546,4590,specialized_enriched,max,0.18042919039726257,0.11488480120897293,1.570522665977478,1.570522665977478,88,27
1547,2736,specialized_enriched,active_fraction,0.0030339881777763367,0.0019320540595799685,1.570343255996704,1.570343255996704,61,27
1548,12800,specialized_enriched,max,0.7550744414329529,0.48105505108833313,1.5696216821670532,1.5696216821670532,208,27
1549,4351,specialized_enriched,max,0.6526775360107422,0.41606348752975464,1.5686969757080078,1.5686969757080078,206,27
1550,8812,specialized_enriched,max,0.2528678774833679,0.1612071841955185,1.5685893297195435,1.5685893297195435,110,27
1551,7313,base_enriched,active_fraction,-0.009921496734023094,0.006326350383460522,-1.5682812929153442,1.5682812929153442,125,27
1552,6757,base_enriched,mean,-0.04070764780044556,0.025960732251405716,-1.5680469274520874,1.5680469274520874,34,27
1553,9799,specialized_enriched,max,0.524030864238739,0.3345828652381897,1.5662214756011963,1.5662214756011963,143,27
1554,7974,specialized_enriched,active_fraction,0.0029212855733931065,0.0018653112929314375,1.5661115646362305,1.5661115646362305,44,27
1555,7624,specialized_enriched,max,0.2717130780220032,0.17351841926574707,1.5659034252166748,1.5659034252166748,82,27
1556,2338,specialized_enriched,max,0.5479813814163208,0.3500487208366394,1.5654431581497192,1.5654431581497192,60,27
1557,9936,base_enriched,mean,-0.021291032433509827,0.013602925464510918,-1.5651804208755493,1.5651804208755493,100,27
1558,616,base_enriched,mean,-0.011691901832818985,0.0074729411862790585,-1.5645649433135986,1.5645649433135986,48,27
1559,6631,base_enriched,mean,-0.016818081960082054,0.01075012143701315,-1.5644550323486328,1.5644550323486328,67,27
1560,14144,specialized_enriched,max,0.15859869122505188,0.10143563151359558,1.5635402202606201,1.5635402202606201,41,27
1561,3580,specialized_enriched,max,0.3059483766555786,0.1956878900527954,1.5634506940841675,1.5634506940841675,108,27
1562,12481,specialized_enriched,max,0.46310076117515564,0.2962750196456909,1.5630773305892944,1.5630773305892944,187,27
1563,3554,specialized_enriched,max,0.20301374793052673,0.12993773818016052,1.5623924732208252,1.5623924732208252,48,27
1564,9369,specialized_enriched,max,0.5867533683776855,0.3757534325122833,1.5615383386611938,1.5615383386611938,139,27
1565,6044,specialized_enriched,max,1.3594553470611572,0.8706413507461548,1.5614413022994995,1.5614413022994995,147,27
1566,14763,specialized_enriched,max,0.10697685927152634,0.0685160681605339,1.5613397359848022,1.5613397359848022,44,27
1567,6931,base_enriched,mean,-0.10014265775680542,0.06418514996767044,-1.5602153539657593,1.5602153539657593,79,27
1568,7788,specialized_enriched,max,0.354418009519577,0.22734428942203522,1.5589483976364136,1.5589483976364136,162,27
1569,10212,specialized_enriched,max,1.5371588468551636,0.9862763285636902,1.558547854423523,1.558547854423523,84,27
1570,8006,base_enriched,active_fraction,-0.004850073717534542,0.003113771555945277,-1.5576202869415283,1.5576202869415283,87,27
1571,13203,specialized_enriched,max,0.7105357646942139,0.45616796612739563,1.5576187372207642,1.5576187372207642,235,27
1572,16102,base_enriched,active_fraction,-0.0023905113339424133,0.0015349822351709008,-1.55735445022583,1.55735445022583,37,27
1573,10123,specialized_enriched,max,0.22663666307926178,0.14555327594280243,1.5570701360702515,1.5570701360702515,159,27
1574,15199,specialized_enriched,max,0.1664544641971588,0.10691994428634644,1.5568139553070068,1.5568139553070068,68,27
1575,8110,base_enriched,max,-0.3428754210472107,0.22028401494026184,-1.5565152168273926,1.5565152168273926,69,27
1576,4314,specialized_enriched,max,0.19881081581115723,0.12780457735061646,1.55558443069458,1.55558443069458,36,27
1577,4861,base_enriched,active_fraction,-0.012996142730116844,0.008360630832612514,-1.5544452667236328,1.5544452667236328,123,27
1578,4896,base_enriched,active_fraction,-0.006801556795835495,0.004375575575977564,-1.5544370412826538,1.5544370412826538,194,27
1579,8104,specialized_enriched,max,0.1627645343542099,0.1047220528125763,1.5542527437210083,1.5542527437210083,42,27
1580,5991,specialized_enriched,max,0.10091042518615723,0.06493648886680603,1.5539864301681519,1.5539864301681519,49,27
1581,2874,specialized_enriched,active_fraction,0.0024971298407763243,0.0016074286540970206,1.5534933805465698,1.5534933805465698,40,27
1582,13317,specialized_enriched,max,0.5560719966888428,0.3581198751926422,1.5527538061141968,1.5527538061141968,37,27
1583,4696,base_enriched,active_fraction,-0.012991700321435928,0.008368056267499924,-1.552535057067871,1.552535057067871,148,27
1584,5560,base_enriched,active_fraction,-0.009214087389409542,0.005940081551671028,-1.551171898841858,1.551171898841858,111,27
1585,9944,specialized_enriched,max,0.267503947019577,0.17256036400794983,1.5502049922943115,1.5502049922943115,150,27
1586,9720,specialized_enriched,max,0.3976154625415802,0.2564930319786072,1.5501998662948608,1.5501998662948608,126,27
1587,5267,specialized_enriched,max,0.12810274958610535,0.08266357332468033,1.5496879816055298,1.5496879816055298,50,27
1588,1484,specialized_enriched,max,0.7285279631614685,0.470834881067276,1.5473109483718872,1.5473109483718872,156,27
1589,11656,base_enriched,mean,-0.07136419415473938,0.04612164944410324,-1.547303557395935,1.547303557395935,80,27
1590,1393,specialized_enriched,max,0.29716548323631287,0.1920643299818039,1.5472184419631958,1.5472184419631958,30,27
1591,1317,specialized_enriched,mean,0.01947176083922386,0.012588380835950375,1.5468041896820068,1.5468041896820068,29,27
1592,7065,base_enriched,active_fraction,-0.009955104440450668,0.006436721887439489,-1.546610951423645,1.546610951423645,178,27
1593,2240,base_enriched,max,-1.1377694606781006,0.7358630299568176,-1.5461701154708862,1.5461701154708862,186,27
1594,2607,specialized_enriched,max,0.3874542713165283,0.2506255507469177,1.54594886302948,1.54594886302948,221,27
1595,9486,specialized_enriched,max,0.14214546978473663,0.09199396520853043,1.5451607704162598,1.5451607704162598,51,27
1596,3204,specialized_enriched,max,0.9161392450332642,0.5930168032646179,1.5448790788650513,1.5448790788650513,31,27
1597,2200,base_enriched,active_fraction,-0.00881185382604599,0.005705578252673149,-1.5444278717041016,1.5444278717041016,239,27
1598,13364,specialized_enriched,max,0.18992286920547485,0.1230112835764885,1.5439467430114746,1.5439467430114746,91,27
1599,3560,base_enriched,active_fraction,-0.004183612298220396,0.0027105307672172785,-1.5434660911560059,1.5434660911560059,33,27
1600,4174,specialized_enriched,max,0.5227699875831604,0.3387749493122101,1.5431188344955444,1.5431188344955444,152,27
1601,9997,specialized_enriched,max,0.514883279800415,0.3338977098464966,1.542038917541504,1.542038917541504,65,27
1602,1486,specialized_enriched,max,0.9454484581947327,0.6133707761764526,1.5413979291915894,1.5413979291915894,124,27
1603,8712,specialized_enriched,max,0.5419180393218994,0.35164013504981995,1.541115403175354,1.541115403175354,62,27
1604,11302,specialized_enriched,max,0.21289680898189545,0.1382262408733368,1.540205478668213,1.540205478668213,137,27
1605,5110,specialized_enriched,active_fraction,0.006951633840799332,0.00452002976089716,1.5379619598388672,1.5379619598388672,122,27
1606,2850,specialized_enriched,max,0.1897868812084198,0.12342294305562973,1.537695288658142,1.537695288658142,30,27
1607,6422,specialized_enriched,max,1.2397398948669434,0.8064143061637878,1.5373486280441284,1.5373486280441284,95,27
1608,4903,specialized_enriched,max,0.3342563211917877,0.21745075285434723,1.537158727645874,1.537158727645874,97,27
1609,830,specialized_enriched,mean,0.0139231625944376,0.009059459902346134,1.5368645191192627,1.5368645191192627,30,27
1610,11704,base_enriched,mean,-0.030416367575526237,0.01981339603662491,-1.5351415872573853,1.5351415872573853,81,27
1611,112,base_enriched,active_fraction,-0.009236009791493416,0.006024129688739777,-1.533169150352478,1.533169150352478,96,27
1612,14367,specialized_enriched,max,0.7270075082778931,0.4742472171783447,1.5329716205596924,1.5329716205596924,79,27
1613,10972,specialized_enriched,max,0.599844217300415,0.3913078010082245,1.5329216718673706,1.5329216718673706,137,27
1614,14207,specialized_enriched,max,0.36963507533073425,0.24115677177906036,1.5327584743499756,1.5327584743499756,72,27
1615,11494,specialized_enriched,max,0.498046875,0.3251133859157562,1.5319174528121948,1.5319174528121948,83,27
1616,168,base_enriched,active_fraction,-0.004842540714889765,0.003161137690767646,-1.531898021697998,1.531898021697998,83,27
1617,2977,specialized_enriched,max,0.2981976866722107,0.19468043744564056,1.5317291021347046,1.5317291021347046,82,27
1618,12090,specialized_enriched,max,1.7547221183776855,1.1456272602081299,1.53166925907135,1.53166925907135,41,27
1619,13104,base_enriched,active_fraction,-0.0077697173692286015,0.0050737857818603516,-1.5313451290130615,1.5313451290130615,87,27
1620,12454,specialized_enriched,max,1.2550435066223145,0.8200370669364929,1.530471682548523,1.530471682548523,157,27
1621,3174,base_enriched,active_fraction,-0.03530400991439819,0.023069558665156364,-1.5303287506103516,1.5303287506103516,208,27
1622,12793,specialized_enriched,max,0.4328891336917877,0.28289374709129333,1.5302181243896484,1.5302181243896484,201,27
1623,7374,specialized_enriched,max,0.6444941759109497,0.42125728726387024,1.5299299955368042,1.5299299955368042,205,27
1624,12350,base_enriched,mean,-0.1907844990491867,0.12471842020750046,-1.5297218561172485,1.5297218561172485,188,27
1625,13475,specialized_enriched,active_fraction,0.004328087903559208,0.0028326993342489004,1.527902364730835,1.527902364730835,49,27
1626,1774,specialized_enriched,max,0.10477650165557861,0.06859968602657318,1.527361273765564,1.527361273765564,27,27
1627,14001,base_enriched,active_fraction,-0.007151640020310879,0.0046824244782328606,-1.5273369550704956,1.5273369550704956,183,27
1628,11918,specialized_enriched,active_fraction,0.0047903903760015965,0.0031382048036903143,1.5264747142791748,1.5264747142791748,77,27
1629,10257,specialized_enriched,max,0.3003856837749481,0.1968422532081604,1.5260224342346191,1.5260224342346191,107,27
1630,1061,base_enriched,active_fraction,-0.008014727383852005,0.005253175739198923,-1.5256918668746948,1.5256918668746948,122,27
1631,12223,specialized_enriched,max,0.5844170451164246,0.38316643238067627,1.5252302885055542,1.5252302885055542,63,27
1632,6133,specialized_enriched,max,0.3179885149002075,0.2085350751876831,1.5248682498931885,1.5248682498931885,107,27
1633,14820,base_enriched,mean,-0.04784634709358215,0.031381648033857346,-1.5246601104736328,1.5246601104736328,196,27
1634,5485,specialized_enriched,max,0.1685991883277893,0.11065863072872162,1.523597240447998,1.523597240447998,58,27
1635,9945,specialized_enriched,max,0.5721111297607422,0.37551847100257874,1.5235233306884766,1.5235233306884766,119,27
1636,14737,specialized_enriched,max,0.3864591717720032,0.25382882356643677,1.5225188732147217,1.5225188732147217,65,27
1637,8114,specialized_enriched,mean,0.029710793867707253,0.01952154003083706,1.521949291229248,1.521949291229248,119,27
1638,1789,specialized_enriched,max,0.271867573261261,0.1788254827260971,1.52029550075531,1.52029550075531,91,27
1639,2031,base_enriched,mean,-0.03662090003490448,0.024092335253953934,-1.5200228691101074,1.5200228691101074,222,27
1640,13738,base_enriched,mean,-0.05210123211145401,0.03427974507212639,-1.5198838710784912,1.5198838710784912,123,27
1641,15443,specialized_enriched,max,0.6126384735107422,0.4031726121902466,1.5195438861846924,1.5195438861846924,215,27
1642,15091,specialized_enriched,mean,0.12033061683177948,0.07923340797424316,1.5186853408813477,1.5186853408813477,49,27
1643,8770,base_enriched,active_fraction,-0.003998768515884876,0.00263437838293612,-1.517917275428772,1.517917275428772,38,27
1644,8005,base_enriched,mean,-0.08394574373960495,0.05535455793142319,-1.516510009765625,1.516510009765625,88,27
1645,6816,base_enriched,mean,-0.04895058274269104,0.03228478878736496,-1.516211986541748,1.516211986541748,135,27
1646,14894,specialized_enriched,max,0.2034216821193695,0.13418102264404297,1.5160242319107056,1.5160242319107056,92,27
1647,5272,specialized_enriched,max,0.3400971591472626,0.22437895834445953,1.5157265663146973,1.5157265663146973,143,27
1648,7665,base_enriched,active_fraction,-0.004300370812416077,0.0028375028632581234,-1.5155476331710815,1.5155476331710815,86,27
1649,8262,specialized_enriched,active_fraction,0.010256609879434109,0.0067686717957258224,1.5153061151504517,1.5153061151504517,177,27
1650,2297,specialized_enriched,max,0.9598496556282043,0.6335382461547852,1.515061855316162,1.515061855316162,130,27
1651,524,specialized_enriched,max,0.27257218956947327,0.1799945831298828,1.5143355131149292,1.5143355131149292,32,27
1652,16205,base_enriched,active_fraction,-0.009511247277259827,0.0062808389775455,-1.5143275260925293,1.5143275260925293,136,27
1653,1903,specialized_enriched,max,0.30837124586105347,0.2036445438861847,1.5142621994018555,1.5142621994018555,227,27
1654,9460,specialized_enriched,max,0.7644011974334717,0.5049874782562256,1.5137032270431519,1.5137032270431519,140,27
1655,5383,base_enriched,mean,-0.0043839081190526485,0.0029003252275288105,-1.511522889137268,1.511522889137268,51,27
1656,9037,specialized_enriched,max,0.9519197344779968,0.6302589178085327,1.510362982749939,1.510362982749939,248,27
1657,6045,specialized_enriched,max,0.6039853692054749,0.39990198612213135,1.51033353805542,1.51033353805542,209,27
1658,8391,specialized_enriched,active_fraction,0.004467541817575693,0.0029586779419332743,1.5099791288375854,1.5099791288375854,61,27
1659,13810,specialized_enriched,mean,0.04221276566386223,0.02798478491604328,1.5084184408187866,1.5084184408187866,32,27
1660,6278,specialized_enriched,active_fraction,0.0041245087049901485,0.002737116301432252,1.5068809986114502,1.5068809986114502,62,27
1661,4364,specialized_enriched,max,0.1813315898180008,0.12041694670915604,1.5058643817901611,1.5058643817901611,115,27
1662,9563,base_enriched,active_fraction,-0.008834452368319035,0.00586891733109951,-1.5052950382232666,1.5052950382232666,67,27
1663,3002,specialized_enriched,active_fraction,0.009667505510151386,0.006424922961741686,1.5046881437301636,1.5046881437301636,28,27
1664,2957,specialized_enriched,max,0.1279296875,0.08502788096666336,1.5045616626739502,1.5045616626739502,53,27
1665,14755,specialized_enriched,max,0.43015724420547485,0.2859608232975006,1.504252314567566,1.504252314567566,134,27
1666,5304,base_enriched,mean,-0.021670185029506683,0.01441269088536501,-1.5035488605499268,1.5035488605499268,53,27
1667,9520,base_enriched,mean,-0.00860673002898693,0.005724314134567976,-1.5035390853881836,1.5035390853881836,37,27
1668,5681,specialized_enriched,mean,0.0948658213019371,0.06311056017875671,1.5031687021255493,1.5031687021255493,105,27
1669,7312,specialized_enriched,max,0.4398919641971588,0.29291191697120667,1.5017892122268677,1.5017892122268677,220,27
1670,8034,base_enriched,active_fraction,-0.006582718808203936,0.004383802879601717,-1.5016001462936401,1.5016001462936401,100,27
1671,10914,base_enriched,active_fraction,-0.0034755272790789604,0.002315218560397625,-1.5011659860610962,1.5011659860610962,59,27
1672,15421,specialized_enriched,max,0.7141267657279968,0.47594204545021057,1.5004489421844482,1.5004489421844482,243,27
1673,491,specialized_enriched,max,0.3004721999168396,0.20025940239429474,1.5004149675369263,1.5004149675369263,90,27
1674,6267,specialized_enriched,max,0.960344135761261,0.640411913394928,1.499572515487671,1.499572515487671,111,27
1675,4837,specialized_enriched,max,0.8616742491722107,0.5746389031410217,1.499505639076233,1.499505639076233,128,27
1676,15318,specialized_enriched,active_fraction,0.008347523398697376,0.005566968582570553,1.4994738101959229,1.4994738101959229,153,27
1677,12748,base_enriched,max,-0.09545589238405228,0.06367228925228119,-1.4991748332977295,1.4991748332977295,37,27
1678,9309,specialized_enriched,max,0.36471518874168396,0.2433888167142868,1.4984878301620483,1.4984878301620483,52,27
1679,7252,base_enriched,active_fraction,-0.002685546875,0.001792548573575914,-1.498172402381897,1.498172402381897,33,27
1680,11863,specialized_enriched,max,0.1817951500415802,0.12145791202783585,1.4967749118804932,1.4967749118804932,73,27
1681,7371,specialized_enriched,max,0.18403877317905426,0.1229998990893364,1.4962514638900757,1.4962514638900757,106,27
1682,7602,specialized_enriched,max,0.38658276200294495,0.2584085464477539,1.496013879776001,1.496013879776001,83,27
1683,2090,base_enriched,active_fraction,-0.004686476197093725,0.003132997779175639,-1.4958441257476807,1.4958441257476807,102,27
1684,7883,specialized_enriched,max,0.14492681622505188,0.09688907861709595,1.495801329612732,1.495801329612732,29,27
1685,11686,base_enriched,active_fraction,-0.003480838844552636,0.0023276552092283964,-1.495427131652832,1.495427131652832,70,27
1686,2324,specialized_enriched,max,0.3689057528972626,0.24685928225517273,1.4943969249725342,1.4943969249725342,53,27
1687,2093,base_enriched,mean,-0.0552806630730629,0.03701668605208397,-1.4933985471725464,1.4933985471725464,149,27
1688,5572,base_enriched,active_fraction,-0.0035745161585509777,0.0023939560633152723,-1.4931418895721436,1.4931418895721436,58,27
1689,20,base_enriched,active_fraction,-0.0034750443883240223,0.0023291001562029123,-1.492011547088623,1.492011547088623,45,27
1690,11849,specialized_enriched,active_fraction,0.004343636333942413,0.002911321120336652,1.4919811487197876,1.4919811487197876,29,27
1691,3360,base_enriched,active_fraction,-0.013729626312851906,0.009206222370266914,-1.4913420677185059,1.4913420677185059,194,27
1692,12743,specialized_enriched,max,0.1066245585680008,0.07153838872909546,1.4904522895812988,1.4904522895812988,53,27
1693,10182,specialized_enriched,active_fraction,0.011954198591411114,0.008021445944905281,1.4902797937393188,1.4902797937393188,166,27
1694,7585,specialized_enriched,mean,0.018877247348427773,0.012690464965999126,1.4875142574310303,1.4875142574310303,27,27
1695,6242,base_enriched,active_fraction,-0.014148663729429245,0.00951629038900137,-1.486783504486084,1.486783504486084,157,27
1696,11375,base_enriched,active_fraction,-0.005085425917059183,0.0034217240754514933,-1.4862173795700073,1.4862173795700073,112,27
1697,11531,specialized_enriched,max,0.29450157284736633,0.19836343824863434,1.484656572341919,1.484656572341919,135,27
1698,7986,base_enriched,mean,-0.08388721942901611,0.056562792509794235,-1.483081340789795,1.483081340789795,99,27
1699,15112,specialized_enriched,max,1.32667875289917,0.8947659134864807,1.4827104806900024,1.4827104806900024,87,27
1700,10194,specialized_enriched,mean,0.011022833175957203,0.007434883154928684,1.4825832843780518,1.4825832843780518,89,27
1701,8496,base_enriched,max,-0.28146013617515564,0.18986254930496216,-1.4824415445327759,1.4824415445327759,146,27
1702,3696,specialized_enriched,max,0.37160056829452515,0.25068026781082153,1.4823685884475708,1.4823685884475708,203,27
1703,6550,specialized_enriched,active_fraction,0.0019382524769753218,0.0013078519841656089,1.482012152671814,1.482012152671814,46,27
1704,9296,specialized_enriched,max,0.08697587251663208,0.058694545179605484,1.4818390607833862,1.4818390607833862,33,27
1705,5545,base_enriched,mean,-0.06952754408121109,0.04693875089287758,-1.4812397956848145,1.4812397956848145,164,27
1706,16153,specialized_enriched,max,0.3609943687915802,0.2437877058982849,1.4807734489440918,1.4807734489440918,104,27
1707,12168,specialized_enriched,max,0.7303327918052673,0.4933481514453888,1.4803597927093506,1.4803597927093506,177,27
1708,8098,base_enriched,mean,-0.09732692688703537,0.06575841456651688,-1.4800679683685303,1.4800679683685303,108,27
1709,10184,specialized_enriched,max,0.2360190898180008,0.15947847068309784,1.4799432754516602,1.4799432754516602,31,27
1710,5778,specialized_enriched,max,0.6238380074501038,0.42168956995010376,1.4793773889541626,1.4793773889541626,209,27
1711,4636,specialized_enriched,max,0.20417572557926178,0.13805420696735382,1.4789533615112305,1.4789533615112305,63,27
1712,15151,specialized_enriched,max,0.5277084112167358,0.3569965958595276,1.4781888723373413,1.4781888723373413,169,27
1713,4585,base_enriched,active_fraction,-0.003953378181904554,0.0026752448175102472,-1.4777631759643555,1.4777631759643555,70,27
1714,15571,specialized_enriched,max,0.5005809664726257,0.3387995958328247,1.4775134325027466,1.4775134325027466,55,27
1715,15365,base_enriched,active_fraction,-0.005299048963934183,0.0035867157857865095,-1.4774097204208374,1.4774097204208374,99,27
1716,1584,specialized_enriched,max,0.1768752485513687,0.11973724514245987,1.477194905281067,1.477194905281067,45,27
1717,12494,specialized_enriched,max,0.23714399337768555,0.1605377197265625,1.4771854877471924,1.4771854877471924,74,27
1718,8234,specialized_enriched,max,0.2132367491722107,0.144483745098114,1.4758528470993042,1.4758528470993042,83,27
1719,4385,specialized_enriched,max,0.18635037541389465,0.12627039849758148,1.475804090499878,1.475804090499878,65,27
1720,5494,specialized_enriched,max,0.26149624586105347,0.17724508047103882,1.4753371477127075,1.4753371477127075,163,27
1721,13939,base_enriched,active_fraction,-0.004674501251429319,0.0031688010785728693,-1.4751639366149902,1.4751639366149902,193,27
1722,2724,specialized_enriched,max,0.23753955960273743,0.16111472249031067,1.4743504524230957,1.4743504524230957,128,27
1723,12438,base_enriched,mean,-0.062896728515625,0.04266728460788727,-1.4741207361221313,1.4741207361221313,34,27
1724,8434,specialized_enriched,max,0.2086382508277893,0.1416068971157074,1.4733622074127197,1.4733622074127197,61,27
1725,2330,base_enriched,mean,-0.0750875324010849,0.0509985089302063,-1.472347617149353,1.472347617149353,148,27
1726,10929,specialized_enriched,max,0.505649209022522,0.3434312343597412,1.4723448753356934,1.4723448753356934,91,27
1727,2092,base_enriched,active_fraction,-0.011221776716411114,0.007624623831361532,-1.4717810153961182,1.4717810153961182,40,27
1728,9716,specialized_enriched,max,0.2034464031457901,0.13828472793102264,1.4712138175964355,1.4712138175964355,102,27
1729,1299,specialized_enriched,max,0.39759692549705505,0.27029949426651,1.4709495306015015,1.4709495306015015,48,27
1730,487,specialized_enriched,max,0.12064873427152634,0.08202234655618668,1.470925211906433,1.470925211906433,34,27
1731,13276,specialized_enriched,max,0.4908771812915802,0.3341682553291321,1.4689521789550781,1.4689521789550781,95,27
1732,3203,specialized_enriched,max,0.9165162444114685,0.6239635944366455,1.468861699104309,1.468861699104309,128,27
1733,15367,specialized_enriched,max,0.3047678470611572,0.20749831199645996,1.4687726497650146,1.4687726497650146,164,27
1734,886,specialized_enriched,max,0.3833255171775818,0.26106521487236023,1.468313217163086,1.468313217163086,45,27
1735,9318,specialized_enriched,max,0.37161293625831604,0.25309741497039795,1.4682605266571045,1.4682605266571045,111,27
1736,4835,base_enriched,mean,-0.03334103524684906,0.022716186940670013,-1.4677214622497559,1.4677214622497559,37,27
1737,14429,base_enriched,active_fraction,-0.0089345034211874,0.0060899388045072556,-1.467092514038086,1.467092514038086,76,27
1738,13615,base_enriched,mean,-0.06787070631980896,0.04627004265785217,-1.466839075088501,1.466839075088501,157,27
1739,12224,specialized_enriched,max,0.6308037638664246,0.43010151386260986,1.4666392803192139,1.4666392803192139,187,27
1740,11047,base_enriched,mean,-0.06791310012340546,0.04631635174155235,-1.4662877321243286,1.4662877321243286,193,27
1741,13776,base_enriched,mean,-0.015586563386023045,0.010633944533765316,-1.465736746788025,1.465736746788025,68,27
1742,12859,specialized_enriched,max,0.835597574710846,0.5704747438430786,1.4647407531738281,1.4647407531738281,106,27
1743,13835,base_enriched,mean,-0.04638758674263954,0.031688060611486435,-1.4638822078704834,1.4638822078704834,78,27
1744,2939,specialized_enriched,max,0.45915743708610535,0.31383994221687317,1.4630305767059326,1.4630305767059326,123,27
1745,9523,specialized_enriched,max,1.068915605545044,0.7309863567352295,1.462292194366455,1.462292194366455,98,27
1746,11076,base_enriched,mean,-0.05451434105634689,0.037296246737241745,-1.4616575241088867,1.4616575241088867,75,27
1747,12880,specialized_enriched,max,0.41455695033073425,0.2836953401565552,1.4612751007080078,1.4612751007080078,129,27
1748,4297,specialized_enriched,max,0.30058345198631287,0.205720454454422,1.4611257314682007,1.4611257314682007,44,27
1749,12103,base_enriched,mean,-0.032772403210401535,0.02243182808160782,-1.4609777927398682,1.4609777927398682,145,27
1750,10988,specialized_enriched,max,1.0151675939559937,0.6957380771636963,1.4591232538223267,1.4591232538223267,261,27
1751,6353,specialized_enriched,max,0.3754326403141022,0.25736114382743835,1.4587774276733398,1.4587774276733398,165,27
1752,1897,specialized_enriched,max,0.5800843238830566,0.3977256715297699,1.4585036039352417,1.4585036039352417,126,27
1753,1723,base_enriched,active_fraction,-0.003268084954470396,0.0022409362718462944,-1.4583569765090942,1.4583569765090942,60,27
1754,13518,specialized_enriched,max,0.9971691966056824,0.6845180988311768,1.4567463397979736,1.4567463397979736,31,27
1755,13016,specialized_enriched,max,0.28299298882484436,0.19433413445949554,1.4562186002731323,1.4562186002731323,75,27
1756,14971,specialized_enriched,max,0.3236377537250519,0.22280076146125793,1.4525882005691528,1.4525882005691528,46,27
1757,6323,specialized_enriched,max,0.26786860823631287,0.18441152572631836,1.4525588750839233,1.4525588750839233,86,27
1758,4936,base_enriched,mean,-0.016308749094605446,0.011228131130337715,-1.4524900913238525,1.4524900913238525,75,27
1759,12406,specialized_enriched,max,0.5639957189559937,0.3887588083744049,1.450760006904602,1.450760006904602,169,27
1760,3761,specialized_enriched,max,0.8554810881614685,0.5904521346092224,1.4488576650619507,1.4488576650619507,109,27
1761,942,specialized_enriched,max,2.4213311672210693,1.6719284057617188,1.4482265710830688,1.4482265710830688,34,27
1762,4399,specialized_enriched,max,0.413011759519577,0.2853323519229889,1.4474761486053467,1.4474761486053467,87,27
1763,7414,specialized_enriched,max,0.18155409395694733,0.12547291815280914,1.4469584226608276,1.4469584226608276,73,27
1764,8788,base_enriched,mean,-0.03984997048974037,0.027574503794312477,-1.4451745748519897,1.4451745748519897,76,27
1765,12599,specialized_enriched,max,0.19637559354305267,0.13592927157878876,1.4446895122528076,1.4446895122528076,42,27
1766,8315,specialized_enriched,max,0.26948797702789307,0.18662717938423157,1.4439910650253296,1.4439910650253296,121,27
1767,2379,base_enriched,active_fraction,-0.0043523283675313,0.0030152902472764254,-1.443419337272644,1.443419337272644,86,27
1768,12252,base_enriched,active_fraction,-0.006285076029598713,0.00435599172487855,-1.4428576231002808,1.4428576231002808,67,27
1769,11977,base_enriched,mean,-0.07653634995222092,0.053060296922922134,-1.4424409866333008,1.4424409866333008,111,27
1770,10707,base_enriched,mean,-0.06700192391872406,0.04648301377892494,-1.4414281845092773,1.4414281845092773,119,27
1771,14627,specialized_enriched,max,0.11295367032289505,0.0784093365073204,1.4405640363693237,1.4405640363693237,40,27
1772,6340,base_enriched,mean,-0.020379947498440742,0.014153068885207176,-1.4399666786193848,1.4399666786193848,39,27
1773,6168,specialized_enriched,max,0.15634889900684357,0.10873612016439438,1.4378745555877686,1.4378745555877686,68,27
1774,13891,base_enriched,mean,-0.08306884765625,0.05778206139802933,-1.4376235008239746,1.4376235008239746,236,27
1775,5921,base_enriched,max,-1.3678056001663208,0.9517448544502258,-1.4371557235717773,1.4371557235717773,171,27
1776,11048,specialized_enriched,max,0.32539311051368713,0.2264181524515152,1.437133550643921,1.437133550643921,47,27
1777,3753,specialized_enriched,max,0.3188244700431824,0.22207199037075043,1.4356807470321655,1.4356807470321655,136,27
1778,14217,base_enriched,active_fraction,-0.015121652744710445,0.010536211542785168,-1.435207724571228,1.435207724571228,61,27
1779,10430,base_enriched,active_fraction,-0.0030040498822927475,0.002094611758366227,-1.4341797828674316,1.4341797828674316,69,27
1780,4571,specialized_enriched,max,0.5848249793052673,0.4078831970691681,1.433804988861084,1.433804988861084,66,27
1781,14940,specialized_enriched,max,0.23770025372505188,0.16578331589698792,1.4338008165359497,1.4338008165359497,73,27
1782,13397,base_enriched,active_fraction,-0.0023100648541003466,0.0016118003986775875,-1.4332201480865479,1.4332201480865479,60,27
1783,5835,base_enriched,active_fraction,-0.007608631160110235,0.005320332013070583,-1.4301046133041382,1.4301046133041382,113,27
1784,386,specialized_enriched,max,0.08522053062915802,0.05959949642419815,1.4298866987228394,1.4298866987228394,34,27
1785,15557,specialized_enriched,max,1.0128560066223145,0.7085392475128174,1.4294987916946411,1.4294987916946411,122,27
1786,8570,base_enriched,active_fraction,-0.002626346657052636,0.0018388967728242278,-1.4282186031341553,1.4282186031341553,53,27
1787,2431,specialized_enriched,max,0.1594763696193695,0.11167461425065994,1.4280449151992798,1.4280449151992798,106,27
1788,7875,base_enriched,mean,-0.06022663414478302,0.04220139980316162,-1.4271241426467896,1.4271241426467896,62,27
1789,6578,specialized_enriched,max,0.2598954141139984,0.18211251497268677,1.427114486694336,1.427114486694336,80,27
1790,2440,specialized_enriched,max,0.6635865569114685,0.46504029631614685,1.4269442558288574,1.4269442558288574,163,27
1791,11626,specialized_enriched,max,0.43848273158073425,0.30746063590049744,1.426142692565918,1.426142692565918,113,27
1792,2818,specialized_enriched,max,0.908030092716217,0.636864960193634,1.42578125,1.42578125,216,27
1793,15806,base_enriched,mean,-0.030682334676384926,0.02152685821056366,-1.4253047704696655,1.4253047704696655,73,27
1794,11896,specialized_enriched,max,0.12197759747505188,0.08561986684799194,1.4246412515640259,1.4246412515640259,67,27
1795,9494,specialized_enriched,active_fraction,0.0024908524937927723,0.0017499743262305856,1.4233651161193848,1.4233651161193848,69,27
1796,4124,specialized_enriched,max,0.26265203952789307,0.18472129106521606,1.4218828678131104,1.4218828678131104,76,27
1797,9763,specialized_enriched,max,0.2180577516555786,0.15339259803295135,1.421566367149353,1.421566367149353,86,27
1798,1325,base_enriched,mean,-0.06420396268367767,0.04525042697787285,-1.4188587665557861,1.4188587665557861,48,27
1799,12237,specialized_enriched,max,0.6940268874168396,0.4891793727874756,1.418757438659668,1.418757438659668,223,27
1800,15006,base_enriched,active_fraction,-0.005733924452215433,0.004043020308017731,-1.4182279109954834,1.4182279109954834,120,27
1801,12113,specialized_enriched,max,0.15674446523189545,0.11053872108459473,1.418005108833313,1.418005108833313,109,27
1802,6746,specialized_enriched,mean,0.019824063405394554,0.013981872238218784,1.4178403615951538,1.4178403615951538,78,27
1803,14292,specialized_enriched,max,0.1426152139902115,0.10059166699647903,1.4177637100219727,1.4177637100219727,73,27
1804,2768,base_enriched,mean,-0.15309026837348938,0.10805448144674301,-1.4167877435684204,1.4167877435684204,103,27
1805,2798,specialized_enriched,active_fraction,0.0018015028908848763,0.001271551358513534,1.4167755842208862,1.4167755842208862,63,27
1806,8925,specialized_enriched,max,0.25826987624168396,0.18231378495693207,1.4166228771209717,1.4166228771209717,73,27
1807,260,base_enriched,mean,-0.1334790587425232,0.09428372234106064,-1.4157168865203857,1.4157168865203857,125,27
1808,7026,specialized_enriched,max,0.5448538661003113,0.38491198420524597,1.415528416633606,1.415528416633606,123,27
1809,3190,base_enriched,mean,-0.10283342003822327,0.07266820967197418,-1.4151087999343872,1.4151087999343872,155,27
1810,13963,base_enriched,active_fraction,-0.0021324639674276114,0.0015075516421347857,-1.414521336555481,1.414521336555481,42,27
1811,8578,specialized_enriched,max,0.11882231384515762,0.0840190052986145,1.4142314195632935,1.4142314195632935,53,27
1812,5336,specialized_enriched,max,0.19580696523189545,0.13854984939098358,1.4132599830627441,1.4132599830627441,48,27
1813,3118,base_enriched,mean,-0.06679119914770126,0.04727330803871155,-1.412873387336731,1.412873387336731,119,27
1814,6352,specialized_enriched,active_fraction,0.007640790194272995,0.005409302189946175,1.4125279188156128,1.4125279188156128,143,27
1815,1614,specialized_enriched,max,0.756094217300415,0.5352990627288818,1.4124706983566284,1.4124706983566284,101,27
1816,13154,specialized_enriched,max,0.2967452108860016,0.2102719247341156,1.4112449884414673,1.4112449884414673,161,27
1817,10553,base_enriched,active_fraction,-0.005640537012368441,0.003999635111540556,-1.410262942314148,1.410262942314148,73,27
1818,454,specialized_enriched,active_fraction,0.0013209475437179208,0.0009381807176396251,1.407988429069519,1.407988429069519,27,27
1819,8973,base_enriched,mean,-0.04252141714096069,0.03020671382546425,-1.4076809883117676,1.4076809883117676,129,27
1820,4583,base_enriched,active_fraction,-0.01890448108315468,0.01343085989356041,-1.4075406789779663,1.4075406789779663,170,27
1821,6200,specialized_enriched,max,0.34723594784736633,0.24680066108703613,1.4069490432739258,1.4069490432739258,62,27
1822,2964,specialized_enriched,max,0.14856112003326416,0.10568726807832718,1.4056671857833862,1.4056671857833862,56,27
1823,525,base_enriched,mean,-0.04607381671667099,0.03279486298561096,-1.404909610748291,1.404909610748291,99,27
1824,4405,base_enriched,mean,-0.051097821444272995,0.036377064883708954,-1.404671311378479,1.404671311378479,198,27
1825,2632,specialized_enriched,max,0.6522077918052673,0.4643820822238922,1.404463768005371,1.404463768005371,56,27
1826,4156,base_enriched,active_fraction,-0.00628835940733552,0.004478657152503729,-1.4040725231170654,1.4040725231170654,130,27
1827,11466,base_enriched,active_fraction,-0.0023122860584408045,0.0016468696994706988,-1.4040491580963135,1.4040491580963135,60,27
1828,13261,specialized_enriched,max,0.31329113245010376,0.22321973741054535,1.4035099744796753,1.4035099744796753,46,27
1829,11895,specialized_enriched,max,0.23935671150684357,0.1706409752368927,1.4026918411254883,1.4026918411254883,43,27
1830,8229,specialized_enriched,max,0.12653283774852753,0.09026393294334412,1.4018094539642334,1.4018094539642334,56,27
1831,12369,base_enriched,active_fraction,-0.0029148149769753218,0.002081502228975296,-1.4003419876098633,1.4003419876098633,69,27
1832,574,base_enriched,mean,-0.10240346938371658,0.07316529750823975,-1.3996180295944214,1.3996180295944214,112,27
1833,15710,base_enriched,active_fraction,-0.009484592825174332,0.006776691414415836,-1.3995904922485352,1.3995904922485352,69,27
1834,575,specialized_enriched,max,0.2453891485929489,0.17540763318538666,1.3989650011062622,1.3989650011062622,111,27
1835,10513,specialized_enriched,max,0.1748541295528412,0.12518368661403656,1.3967804908752441,1.3967804908752441,112,27
1836,2277,specialized_enriched,max,0.4403431713581085,0.3155410885810852,1.3955177068710327,1.3955177068710327,185,27
1837,2377,specialized_enriched,max,1.1056913137435913,0.7926784753799438,1.394879937171936,1.394879937171936,105,27
1838,6171,specialized_enriched,max,0.06226513162255287,0.04467185586690903,1.3938335180282593,1.3938335180282593,27,27
1839,4418,specialized_enriched,max,0.27838829159736633,0.19975712895393372,1.3936338424682617,1.3936338424682617,130,27
1840,11035,specialized_enriched,max,0.4340016841888428,0.31153878569602966,1.3930903673171997,1.3930903673171997,106,27
1841,3772,specialized_enriched,max,0.3633430600166321,0.2608749270439148,1.3927863836288452,1.3927863836288452,78,27
1842,13145,specialized_enriched,max,0.4369560778141022,0.31374308466911316,1.3927193880081177,1.3927193880081177,97,27
1843,8442,specialized_enriched,max,0.37737342715263367,0.27108022570610046,1.392109751701355,1.392109751701355,193,27
1844,13876,base_enriched,mean,-0.22194884717464447,0.15943419933319092,-1.3921030759811401,1.3921030759811401,78,27
1845,3739,base_enriched,active_fraction,-0.0021511996164917946,0.0015462402952834964,-1.3912453651428223,1.3912453651428223,29,27
1846,325,specialized_enriched,max,0.1790694296360016,0.12872935831546783,1.391053557395935,1.391053557395935,30,27
1847,788,specialized_enriched,max,0.3034111559391022,0.21812206506729126,1.3910154104232788,1.3910154104232788,190,27
1848,12394,base_enriched,active_fraction,-0.014477983117103577,0.010417049750685692,-1.389835238456726,1.389835238456726,206,27
1849,8878,base_enriched,active_fraction,-0.00455890130251646,0.003283851779997349,-1.388278603553772,1.388278603553772,83,27
1850,3404,specialized_enriched,max,0.11087074875831604,0.07987289130687714,1.388089895248413,1.388089895248413,31,27
1851,15990,specialized_enriched,max,0.4263869524002075,0.3071783185005188,1.3880763053894043,1.3880763053894043,97,27
1852,8584,base_enriched,active_fraction,-0.0014954579528421164,0.0010774551192298532,-1.3879538774490356,1.3879538774490356,28,27
1853,12965,specialized_enriched,max,0.47611749172210693,0.34332695603370667,1.3867757320404053,1.3867757320404053,42,27
1854,11851,specialized_enriched,max,1.4196128845214844,1.024581789970398,1.3855534791946411,1.3855534791946411,181,27
1855,10934,specialized_enriched,max,0.2644011974334717,0.19089102745056152,1.3850897550582886,1.3850897550582886,106,27
1856,8958,specialized_enriched,max,0.35817593336105347,0.25870537757873535,1.3844935894012451,1.3844935894012451,95,27
1857,11458,base_enriched,mean,-0.024961253628134727,0.018051866441965103,-1.3827519416809082,1.3827519416809082,77,27
1858,8247,specialized_enriched,max,1.121773600578308,0.8122289776802063,1.3811050653457642,1.3811050653457642,142,27
1859,11792,specialized_enriched,max,1.0334008932113647,0.748559296131134,1.3805197477340698,1.3805197477340698,73,27
1860,10306,base_enriched,mean,-0.03412077575922012,0.02472217008471489,-1.380169153213501,1.380169153213501,100,27
1861,13616,base_enriched,mean,-0.01633327826857567,0.011834502220153809,-1.3801406621932983,1.3801406621932983,99,27
1862,1637,base_enriched,active_fraction,-0.0029372202698141336,0.0021296527702361345,-1.3792015314102173,1.3792015314102173,33,27
1863,1759,specialized_enriched,max,0.6848793625831604,0.49663615226745605,1.3790364265441895,1.3790364265441895,54,27
1864,10171,specialized_enriched,max,0.5399277806282043,0.3915422558784485,1.3789770603179932,1.3789770603179932,137,27
1865,9093,specialized_enriched,max,0.16808000206947327,0.12195596843957901,1.3782023191452026,1.3782023191452026,93,27
1866,4446,base_enriched,active_fraction,-0.01961440034210682,0.014232096262276173,-1.378180742263794,1.378180742263794,192,27
1867,10639,base_enriched,active_fraction,-0.007942586205899715,0.005763200577348471,-1.3781554698944092,1.3781554698944092,187,27
1868,6,specialized_enriched,mean,0.09131766855716705,0.0662747472524643,1.377865195274353,1.377865195274353,94,27
1869,15702,specialized_enriched,max,0.5096234679222107,0.3699997663497925,1.377361536026001,1.377361536026001,193,27
1870,2327,specialized_enriched,active_fraction,0.0050144437700510025,0.0036408172454684973,1.3772852420806885,1.3772852420806885,79,27
1871,12537,specialized_enriched,max,0.6231210231781006,0.4524492919445038,1.377217411994934,1.377217411994934,174,27
1872,7677,specialized_enriched,max,0.9051745533943176,0.6573101282119751,1.377089023590088,1.377089023590088,84,27
1873,322,specialized_enriched,max,1.0341055393218994,0.750968873500824,1.377028465270996,1.377028465270996,77,27
1874,1343,specialized_enriched,max,0.26316505670547485,0.19130082428455353,1.3756608963012695,1.3756608963012695,52,27
1875,2211,specialized_enriched,max,0.13040199875831604,0.09480780363082886,1.37543523311615,1.37543523311615,38,27
1876,4463,base_enriched,mean,-0.07395413517951965,0.05378861725330353,-1.3749030828475952,1.3749030828475952,152,27
1877,8427,specialized_enriched,max,0.3697092533111572,0.26899537444114685,1.3744075298309326,1.3744075298309326,49,27
1878,5240,specialized_enriched,max,0.09752026945352554,0.07115200161933899,1.3705906867980957,1.3705906867980957,73,27
1879,5442,specialized_enriched,max,0.3073576092720032,0.22430159151554108,1.370287299156189,1.370287299156189,104,27
1880,3285,specialized_enriched,max,0.6362613439559937,0.4646146893501282,1.3694387674331665,1.3694387674331665,30,27
1881,4451,specialized_enriched,max,0.24941900372505188,0.18237082660198212,1.3676475286483765,1.3676475286483765,105,27
1882,14955,base_enriched,mean,-0.04951979219913483,0.03621039539575577,-1.3675572872161865,1.3675572872161865,44,27
1883,899,specialized_enriched,max,0.6135408282279968,0.4486585557460785,1.3675005435943604,1.3675005435943604,98,27
1884,3646,specialized_enriched,max,0.4192914366722107,0.30673089623451233,1.3669683933258057,1.3669683933258057,116,27
1885,8139,base_enriched,active_fraction,-0.010320252738893032,0.007551572751253843,-1.3666361570358276,1.3666361570358276,106,27
1886,2983,base_enriched,active_fraction,-0.0063076745718717575,0.004616737365722656,-1.366262435913086,1.366262435913086,88,27
1887,13988,base_enriched,active_fraction,-0.00999025721102953,0.007313315290957689,-1.3660367727279663,1.3660367727279663,187,27
1888,4863,specialized_enriched,max,0.2865036725997925,0.2097848355770111,1.365702509880066,1.365702509880066,79,27
1889,10318,specialized_enriched,active_fraction,0.0032118784729391336,0.0023521562106907368,1.3655039072036743,1.3655039072036743,50,27
1890,9484,base_enriched,mean,-0.07934743911027908,0.058112505823373795,-1.3654106855392456,1.3654106855392456,124,27
1891,10467,specialized_enriched,max,0.607805073261261,0.4451797902584076,1.3653024435043335,1.3653024435043335,44,27
1892,7169,specialized_enriched,max,0.3450479507446289,0.2527332901954651,1.365265130996704,1.365265130996704,90,27
1893,12170,base_enriched,max,-0.2832278609275818,0.20776689052581787,-1.3632001876831055,1.3632001876831055,77,27
1894,5982,base_enriched,active_fraction,-0.004825060721486807,0.0035419778432697058,-1.3622504472732544,1.3622504472732544,36,27
1895,12424,base_enriched,active_fraction,-0.0020147396717220545,0.0014800108037889004,-1.3613007068634033,1.3613007068634033,37,27
1896,4465,specialized_enriched,max,0.2643393874168396,0.19418390095233917,1.361283779144287,1.361283779144287,46,27
1897,8371,specialized_enriched,max,0.22317543625831604,0.16414164006710052,1.3596515655517578,1.3596515655517578,29,27
1898,13499,specialized_enriched,max,0.2627756595611572,0.1933324933052063,1.3591903448104858,1.3591903448104858,140,27
1899,7173,specialized_enriched,max,0.7132614850997925,0.524827241897583,1.3590404987335205,1.3590404987335205,144,27
1900,1599,specialized_enriched,max,0.1819991171360016,0.1340164840221405,1.3580353260040283,1.3580353260040283,103,27
1901,11901,specialized_enriched,max,0.7265501618385315,0.5352453589439392,1.3574151992797852,1.3574151992797852,164,27
1902,7870,base_enriched,mean,-0.05496717989444733,0.04051457345485687,-1.3567261695861816,1.3567261695861816,48,27
1903,10035,specialized_enriched,max,0.669687032699585,0.49362462759017944,1.3566726446151733,1.3566726446151733,104,27
1904,8464,specialized_enriched,active_fraction,0.005015699192881584,0.0037023858167231083,1.3547208309173584,1.3547208309173584,122,27
1905,26,specialized_enriched,max,0.946542501449585,0.6988207697868347,1.3544853925704956,1.3544853925704956,87,27
1906,8312,base_enriched,mean,-0.02645217254757881,0.019537383690476418,-1.3539260625839233,1.3539260625839233,39,27
1907,2722,specialized_enriched,max,0.5455275774002075,0.4033214747905731,1.3525874614715576,1.3525874614715576,73,27
1908,15029,specialized_enriched,max,0.4967118203639984,0.3672856390476227,1.3523856401443481,1.3523856401443481,33,27
1909,16108,specialized_enriched,max,0.2825850546360016,0.20899687707424164,1.3521018028259277,1.3521018028259277,81,27
1910,16340,specialized_enriched,max,0.14406150579452515,0.10655194520950317,1.3520307540893555,1.3520307540893555,27,27
1911,7242,base_enriched,mean,-0.01000918634235859,0.0074076103046536446,-1.351203203201294,1.351203203201294,116,27
1912,14320,specialized_enriched,max,0.1633826196193695,0.12100041657686234,1.3502649068832397,1.3502649068832397,38,27
1913,1755,specialized_enriched,max,0.7290595173835754,0.5402013063430786,1.3496071100234985,1.3496071100234985,135,27
1914,4984,specialized_enriched,max,0.16354331374168396,0.12120459228754044,1.349316120147705,1.349316120147705,57,27
1915,11400,base_enriched,mean,-0.009660648182034492,0.007159832399338484,-1.3492841720581055,1.3492841720581055,125,27
1916,1498,specialized_enriched,max,0.9349411725997925,0.6930273175239563,1.349068284034729,1.349068284034729,98,27
1917,2679,specialized_enriched,max,0.49978986382484436,0.3705346882343292,1.3488341569900513,1.3488341569900513,63,27
1918,3189,specialized_enriched,max,0.7575158476829529,0.5620776414871216,1.3477067947387695,1.3477067947387695,57,27
1919,2665,base_enriched,mean,-0.1619158387184143,0.12020033597946167,-1.3470498323440552,1.3470498323440552,35,27
1920,11270,specialized_enriched,max,0.21111056208610535,0.15694576501846313,1.3451179265975952,1.3451179265975952,76,27
1921,2135,specialized_enriched,max,0.7686659693717957,0.5716800689697266,1.3445736169815063,1.3445736169815063,84,27
1922,7926,specialized_enriched,max,0.31138744950294495,0.23166775703430176,1.3441121578216553,1.3441121578216553,142,27
1923,8318,specialized_enriched,max,1.7593576908111572,1.311020016670227,1.3419761657714844,1.3419761657714844,60,27
1924,12228,specialized_enriched,max,0.1542721539735794,0.11497746407985687,1.3417599201202393,1.3417599201202393,72,27
1925,7046,specialized_enriched,max,0.16385234892368317,0.12216801196336746,1.3412050008773804,1.3412050008773804,92,27
1926,2331,specialized_enriched,max,0.3320436179637909,0.24763603508472443,1.3408534526824951,1.3408534526824951,33,27
1927,2582,base_enriched,active_fraction,-0.006980702746659517,0.005206349305808544,-1.3408056497573853,1.3408056497573853,232,27
1928,6155,specialized_enriched,max,0.3483855724334717,0.25987017154693604,1.3406139612197876,1.3406139612197876,67,27
1929,15489,specialized_enriched,max,0.13653331995010376,0.10188112407922745,1.3401237726211548,1.3401237726211548,67,27
1930,9223,base_enriched,active_fraction,-0.009585803374648094,0.007153160870075226,-1.340079426765442,1.340079426765442,203,27
1931,5870,base_enriched,active_fraction,-0.009809662587940693,0.00732337636873126,-1.3394999504089355,1.3394999504089355,190,27
1932,842,specialized_enriched,max,0.46387335658073425,0.346408486366272,1.339093565940857,1.339093565940857,114,27
1933,14219,specialized_enriched,max,0.11239740252494812,0.08398184180259705,1.3383536338806152,1.3383536338806152,88,27
1934,4983,base_enriched,mean,-0.06133859232068062,0.04584609344601631,-1.3379241228103638,1.3379241228103638,92,27
1935,13428,base_enriched,mean,-0.008459453471004963,0.006323244888335466,-1.3378342390060425,1.3378342390060425,43,27
1936,8335,base_enriched,active_fraction,-0.008568775840103626,0.006414517760276794,-1.3358410596847534,1.3358410596847534,92,27
1937,6301,base_enriched,mean,-0.016756854951381683,0.012560191564261913,-1.334124207496643,1.334124207496643,47,27
1938,4278,base_enriched,active_fraction,-0.0035089419689029455,0.0026305802166461945,-1.3339041471481323,1.3339041471481323,48,27
1939,5308,specialized_enriched,max,0.9031348824501038,0.6770865321159363,1.3338544368743896,1.3338544368743896,66,27
1940,14797,specialized_enriched,max,0.24844244122505188,0.186272531747818,1.333757758140564,1.333757758140564,80,27
1941,13230,specialized_enriched,max,0.2899525463581085,0.21772412955760956,1.331742763519287,1.331742763519287,46,27
1942,6683,base_enriched,mean,-0.011109750717878342,0.008343588560819626,-1.3315315246582031,1.3315315246582031,64,27
1943,12683,specialized_enriched,max,0.779890239238739,0.5858429074287415,1.3312275409698486,1.3312275409698486,53,27
1944,7509,specialized_enriched,max,0.37013572454452515,0.27811068296432495,1.330893635749817,1.330893635749817,149,27
1945,2176,specialized_enriched,max,0.465925395488739,0.3506646752357483,1.328692078590393,1.328692078590393,44,27
1946,3827,base_enriched,mean,-0.05257966369390488,0.039583031088113785,-1.3283385038375854,1.3283385038375854,239,27
1947,926,base_enriched,mean,-0.003936381079256535,0.002964770421385765,-1.327718734741211,1.327718734741211,54,27
1948,15285,specialized_enriched,max,0.42728936672210693,0.32186344265937805,1.327548623085022,1.327548623085022,176,27
1949,5682,base_enriched,mean,-0.04143765568733215,0.031215768307447433,-1.3274590969085693,1.3274590969085693,107,27
1950,9503,specialized_enriched,max,0.1090288758277893,0.08217443525791168,1.3267979621887207,1.3267979621887207,32,27
1951,404,specialized_enriched,max,0.1172122210264206,0.08842375129461288,1.3255739212036133,1.3255739212036133,53,27
1952,4416,specialized_enriched,max,0.15032263100147247,0.11344621330499649,1.3250564336776733,1.3250564336776733,40,27
1953,13050,specialized_enriched,max,0.18627621233463287,0.14061279594898224,1.324745774269104,1.324745774269104,82,27
1954,14084,specialized_enriched,max,0.4498739242553711,0.3396725356578827,1.3244341611862183,1.3244341611862183,207,27
1955,2210,specialized_enriched,max,0.22292202711105347,0.16845525801181793,1.3233307600021362,1.3233307600021362,148,27
1956,4551,specialized_enriched,max,0.22693952918052673,0.17152710258960724,1.3230534791946411,1.3230534791946411,113,27
1957,2672,base_enriched,active_fraction,-0.005449415650218725,0.004122516606003046,-1.3218662738800049,1.3218662738800049,75,27
1958,8379,base_enriched,mean,-0.05129830911755562,0.038825683295726776,-1.3212467432022095,1.3212467432022095,59,27
1959,15805,specialized_enriched,active_fraction,0.007987589575350285,0.006048346403986216,1.3206236362457275,1.3206236362457275,148,27
1960,10256,base_enriched,mean,-0.08225588500499725,0.06230467930436134,-1.3202199935913086,1.3202199935913086,124,27
1961,14095,base_enriched,max,-0.09842884540557861,0.07458412647247314,-1.319702386856079,1.319702386856079,28,27
1962,9875,base_enriched,active_fraction,-0.01030673272907734,0.007814368233084679,-1.318946361541748,1.318946361541748,133,27
1963,3844,base_enriched,mean,-0.01728685572743416,0.013114724308252335,-1.3181257247924805,1.3181257247924805,68,27
1964,12014,specialized_enriched,max,0.22247081995010376,0.16890692710876465,1.3171207904815674,1.3171207904815674,72,27
1965,16291,specialized_enriched,max,0.15670737624168396,0.11908634752035141,1.3159139156341553,1.3159139156341553,42,27
1966,4142,specialized_enriched,max,0.31935447454452515,0.24277448654174805,1.3154367208480835,1.3154367208480835,71,27
1967,12084,specialized_enriched,max,0.31598594784736633,0.2402331531047821,1.3153302669525146,1.3153302669525146,54,27
1968,13343,specialized_enriched,max,0.7093057632446289,0.5395079255104065,1.3147271871566772,1.3147271871566772,55,27
1969,12299,specialized_enriched,mean,0.0037304842844605446,0.0028381396550685167,1.3144117593765259,1.3144117593765259,40,27
1970,12326,base_enriched,active_fraction,-0.0035628306213766336,0.0027110602241009474,-1.3141834735870361,1.3141834735870361,66,27
1971,3419,specialized_enriched,active_fraction,0.0031867690850049257,0.002432741690427065,1.3099496364593506,1.3099496364593506,96,27
1972,7769,base_enriched,mean,-0.0071316491812467575,0.005444887559860945,-1.3097881078720093,1.3097881078720093,41,27
1973,5649,base_enriched,active_fraction,-0.007524707820266485,0.0057451301254332066,-1.3097541332244873,1.3097541332244873,29,27
1974,7589,specialized_enriched,mean,0.022272231057286263,0.017022045329213142,1.3084344863891602,1.3084344863891602,66,27
1975,5388,base_enriched,max,-0.8691900968551636,0.6643424034118652,-1.3083465099334717,1.3083465099334717,72,27
1976,6217,specialized_enriched,max,0.9911985993385315,0.7581490278244019,1.3073928356170654,1.3073928356170654,134,27
1977,3271,base_enriched,mean,-0.05715150386095047,0.043724723160266876,-1.3070752620697021,1.3070752620697021,47,27
1978,3550,base_enriched,mean,-0.04443108290433884,0.03399662673473358,-1.3069262504577637,1.3069262504577637,76,27
1979,360,base_enriched,active_fraction,-0.012495885603129864,0.009564104489982128,-1.3065400123596191,1.3065400123596191,144,27
1980,10881,base_enriched,active_fraction,-0.0015652813017368317,0.0011988362530246377,-1.3056672811508179,1.3056672811508179,48,27
1981,4534,base_enriched,active_fraction,-0.0046279518865048885,0.0035457455087453127,-1.3052126169204712,1.3052126169204712,85,27
1982,3110,specialized_enriched,active_fraction,0.006684798281639814,0.005131599027663469,1.302673578262329,1.302673578262329,53,27
1983,10384,specialized_enriched,max,0.3311041295528412,0.25446534156799316,1.3011757135391235,1.3011757135391235,160,27
1984,8556,specialized_enriched,max,0.25241050124168396,0.19416679441928864,1.2999674081802368,1.2999674081802368,260,27
1985,7849,base_enriched,mean,-0.032879408448934555,0.025324026122689247,-1.2983484268188477,1.2983484268188477,46,27
1986,16179,specialized_enriched,mean,0.11220908164978027,0.08644966036081314,1.297970175743103,1.297970175743103,202,27
1987,13354,specialized_enriched,max,1.0220283269882202,0.7876875400543213,1.2975047826766968,1.2975047826766968,187,27
1988,15263,base_enriched,active_fraction,-0.005452699493616819,0.004203370306640863,-1.2972208261489868,1.2972208261489868,59,27
1989,13240,base_enriched,mean,-0.030330995097756386,0.023383429273962975,-1.2971149682998657,1.2971149682998657,95,27
1990,13743,base_enriched,active_fraction,-0.0028406456112861633,0.002191085135564208,-1.2964560985565186,1.2964560985565186,30,27
1991,3079,base_enriched,active_fraction,-0.0028598641511052847,0.0022088142577558756,-1.2947508096694946,1.2947508096694946,54,27
1992,11472,specialized_enriched,max,0.6799594759941101,0.525219738483429,1.294619083404541,1.294619083404541,59,27
1993,10710,specialized_enriched,max,0.7142256498336792,0.5517412424087524,1.2944939136505127,1.2944939136505127,50,27
1994,12339,specialized_enriched,active_fraction,0.002570623066276312,0.001985982758924365,1.2943834066390991,1.2943834066390991,36,27
1995,1492,base_enriched,mean,-0.012545621953904629,0.009698481298983097,-1.2935656309127808,1.2935656309127808,35,27
1996,11532,specialized_enriched,max,0.7651429176330566,0.5915740728378296,1.2934017181396484,1.2934017181396484,107,27
1997,3035,specialized_enriched,max,0.0927981585264206,0.07176213711500168,1.293135404586792,1.293135404586792,30,27
1998,1122,specialized_enriched,max,0.5102230310440063,0.39477065205574036,1.2924543619155884,1.2924543619155884,48,27
1999,6181,specialized_enriched,max,0.19978737831115723,0.15465383231639862,1.291835904121399,1.291835904121399,49,27
2000,7020,specialized_enriched,max,0.4957970678806305,0.38390257954597473,1.2914658784866333,1.2914658784866333,60,27
2001,5219,specialized_enriched,max,0.10331784188747406,0.08011047542095184,1.2896920442581177,1.2896920442581177,31,27
2002,2605,specialized_enriched,max,0.2927215099334717,0.226987823843956,1.2895911931991577,1.2895911931991577,175,27
2003,15753,specialized_enriched,max,0.2063637226819992,0.1600879430770874,1.2890647649765015,1.2890647649765015,88,27
2004,12541,specialized_enriched,max,0.7286145091056824,0.5652661323547363,1.2889760732650757,1.2889760732650757,78,27
2005,11525,specialized_enriched,max,0.7220597863197327,0.5602120757102966,1.2889043092727661,1.2889043092727661,185,27
2006,14000,specialized_enriched,mean,0.0684785470366478,0.053144827485084534,1.288527011871338,1.288527011871338,43,27
2007,2085,specialized_enriched,max,0.6391724944114685,0.4960586726665497,1.2885018587112427,1.2885018587112427,156,27
2008,6342,base_enriched,mean,-0.0462808720767498,0.03593585267663002,-1.2878745794296265,1.2878745794296265,57,27
2009,13238,specialized_enriched,max,0.48091375827789307,0.3736339211463928,1.287125587463379,1.287125587463379,168,27
2010,14713,base_enriched,active_fraction,-0.00279824947938323,0.0021755490452051163,-1.286226749420166,1.286226749420166,116,27
2011,1495,base_enriched,mean,-0.005086778197437525,0.003959748428314924,-1.2846215963363647,1.2846215963363647,67,27
2012,12305,base_enriched,mean,-0.002664493629708886,0.0020746253430843353,-1.2843252420425415,1.2843252420425415,27,27
2013,11509,specialized_enriched,max,0.6030582189559937,0.4700049161911011,1.2830891609191895,1.2830891609191895,51,27
2014,6437,specialized_enriched,max,0.1390056312084198,0.10838575661182404,1.2825082540512085,1.2825082540512085,48,27
2015,5828,specialized_enriched,max,0.4406892657279968,0.3436454236507416,1.2823952436447144,1.2823952436447144,34,27
2016,5907,specialized_enriched,max,0.5317074060440063,0.41489043831825256,1.281561017036438,1.281561017036438,186,27
2017,9377,base_enriched,mean,-0.010048250667750835,0.007849447429180145,-1.2801220417022705,1.2801220417022705,62,27
2018,6130,specialized_enriched,max,0.5512509942054749,0.4306367039680481,1.2800836563110352,1.2800836563110352,164,27
2019,12765,specialized_enriched,max,0.19525068998336792,0.1527504324913025,1.278233289718628,1.278233289718628,45,27
2020,6892,specialized_enriched,max,0.3112638592720032,0.2435695379972458,1.2779260873794556,1.2779260873794556,64,27
2021,14904,base_enriched,active_fraction,-0.009294341318309307,0.007283440325409174,-1.2760921716690063,1.2760921716690063,78,27
2022,7317,specialized_enriched,active_fraction,0.009307474829256535,0.007296003866940737,1.2756948471069336,1.2756948471069336,78,27
2023,448,specialized_enriched,max,0.20306318998336792,0.15932582318782806,1.2745152711868286,1.2745152711868286,75,27
2024,13445,specialized_enriched,max,0.2575529217720032,0.20210517942905426,1.274350881576538,1.274350881576538,38,27
2025,1224,base_enriched,active_fraction,-0.0036924337036907673,0.0028976555913686752,-1.2742831707000732,1.2742831707000732,68,27
2026,12071,base_enriched,mean,-0.011892970651388168,0.00935140997171402,-1.271783709526062,1.271783709526062,49,27
2027,12553,specialized_enriched,max,0.3333168625831604,0.26220861077308655,1.271189570426941,1.271189570426941,57,27
2028,10136,specialized_enriched,max,0.31623318791389465,0.24880646169185638,1.2710007429122925,1.2710007429122925,122,27
2029,2903,specialized_enriched,max,0.5074045658111572,0.3995823860168457,1.2698371410369873,1.2698371410369873,50,27
2030,6999,base_enriched,active_fraction,-0.0062606423161923885,0.00493225734680891,-1.2693259716033936,1.2693259716033936,120,27
2031,148,specialized_enriched,max,0.21233126521110535,0.1673559546470642,1.2687404155731201,1.2687404155731201,76,27
2032,16068,base_enriched,mean,-0.03947294130921364,0.031122954562306404,-1.2682902812957764,1.2682902812957764,33,27
2033,5441,specialized_enriched,mean,0.007829111069440842,0.0061742221005260944,1.2680319547653198,1.2680319547653198,35,27
2034,15124,base_enriched,mean,-0.09193015098571777,0.07252413034439087,-1.2675801515579224,1.2675801515579224,196,27
2035,4438,specialized_enriched,mean,0.014270830899477005,0.011259675025939941,1.2674282789230347,1.2674282789230347,64,27
2036,3071,specialized_enriched,max,0.7951938509941101,0.6274864077568054,1.2672686576843262,1.2672686576843262,157,27
2037,8535,specialized_enriched,max,0.15407437086105347,0.12160059809684753,1.2670527696609497,1.2670527696609497,57,27
2038,11010,specialized_enriched,max,0.2476883828639984,0.1955011934041977,1.2669404745101929,1.2669404745101929,101,27
2039,6549,base_enriched,mean,-0.03560551628470421,0.028121547773480415,-1.2661293745040894,1.2661293745040894,107,27
2040,15650,base_enriched,mean,-0.03725481778383255,0.029481714591383934,-1.2636584043502808,1.2636584043502808,188,27
2041,5882,specialized_enriched,max,0.15958762168884277,0.12630324065685272,1.263527512550354,1.263527512550354,56,27
2042,2449,specialized_enriched,max,0.1504029929637909,0.11912338435649872,1.2625815868377686,1.2625815868377686,44,27
2043,996,specialized_enriched,max,0.1399451196193695,0.11089418828487396,1.261969804763794,1.261969804763794,29,27
2044,10039,specialized_enriched,mean,0.027940580621361732,0.022151974961161613,1.2613133192062378,1.2613133192062378,72,27
2045,4632,base_enriched,mean,-0.027735071256756783,0.021989982575178146,-1.2612593173980713,1.2612593173980713,53,27
2046,3543,specialized_enriched,max,0.17487885057926178,0.1387070119380951,1.260778784751892,1.260778784751892,87,27
2047,3461,specialized_enriched,max,0.1956462562084198,0.15518298745155334,1.2607455253601074,1.2607455253601074,68,27
2048,10543,specialized_enriched,max,0.5571103692054749,0.4426686465740204,1.2585268020629883,1.2585268020629883,64,27
2049,13114,base_enriched,active_fraction,-0.0013735807733610272,0.001091670710593462,-1.2582372426986694,1.2582372426986694,34,27
2050,8411,base_enriched,mean,-0.08527500182390213,0.06781009584665298,-1.2575560808181763,1.2575560808181763,54,27
2051,10657,specialized_enriched,max,0.27178722620010376,0.2162056267261505,1.2570774555206299,1.2570774555206299,114,27
2052,12827,specialized_enriched,active_fraction,0.0017876926576718688,0.0014223413309082389,1.2568660974502563,1.2568660974502563,34,27
2053,7638,base_enriched,mean,-0.008609820157289505,0.006864685565233231,-1.2542191743850708,1.2542191743850708,33,27
2054,6114,base_enriched,mean,-0.07252097129821777,0.05782720446586609,-1.254097819328308,1.254097819328308,90,27
2055,28,specialized_enriched,max,0.40215831995010376,0.3210022747516632,1.2528207302093506,1.2528207302093506,83,27
2056,235,specialized_enriched,active_fraction,0.0068045505322515965,0.005438874009996653,1.2510954141616821,1.2510954141616821,118,27
2057,2932,specialized_enriched,max,0.4808766841888428,0.38450556993484497,1.2506364583969116,1.2506364583969116,46,27
2058,7829,base_enriched,active_fraction,-0.009645486250519753,0.007714767474681139,-1.25026273727417,1.25026273727417,136,27
2059,14354,specialized_enriched,max,0.19052858650684357,0.15241435170173645,1.2500698566436768,1.2500698566436768,82,27
2060,10859,specialized_enriched,max,0.7235462665557861,0.5792044997215271,1.2492069005966187,1.2492069005966187,40,27
2061,1206,base_enriched,active_fraction,-0.009965147823095322,0.00797731988132,-1.2491849660873413,1.2491849660873413,122,27
2062,3626,base_enriched,active_fraction,-0.004650743678212166,0.0037237347569316626,-1.2489460706710815,1.2489460706710815,105,27
2063,3638,specialized_enriched,mean,0.018793033435940742,0.015052181668579578,1.2485255002975464,1.2485255002975464,108,27
2064,1966,base_enriched,mean,-0.0665082335472107,0.05328666791319847,-1.2481215000152588,1.2481215000152588,93,27
2065,3228,specialized_enriched,max,0.41842612624168396,0.33538979291915894,1.2475816011428833,1.2475816011428833,112,27
2066,15048,specialized_enriched,max,0.9274005889892578,0.7434924840927124,1.2473570108413696,1.2473570108413696,185,27
2067,8985,base_enriched,active_fraction,-0.005383938085287809,0.004317155573517084,-1.2471030950546265,1.2471030950546265,79,27
2068,7491,specialized_enriched,active_fraction,0.0037364717572927475,0.0029980060644447803,1.2463189363479614,1.2463189363479614,65,27
2069,11411,base_enriched,mean,-0.0648287981748581,0.05201668292284012,-1.2463078498840332,1.2463078498840332,62,27
2070,13370,specialized_enriched,active_fraction,0.0019209656165912747,0.0015414775116369128,1.2461847066879272,1.2461847066879272,42,27
2071,5569,base_enriched,mean,-0.013137624599039555,0.010543114505708218,-1.2460857629776,1.2460857629776,38,27
2072,7445,base_enriched,mean,-0.011937008239328861,0.009583455510437489,-1.2455849647521973,1.2455849647521973,57,27
2073,9514,specialized_enriched,max,0.12291089445352554,0.09869302064180374,1.2453858852386475,1.2453858852386475,64,27
2074,2968,specialized_enriched,max,0.5226587057113647,0.4196799397468567,1.2453745603561401,1.2453745603561401,122,27
2075,8545,specialized_enriched,max,0.09349659085273743,0.0750945657491684,1.245051383972168,1.245051383972168,32,27
2076,433,base_enriched,active_fraction,-0.017835883423686028,0.014331360347568989,-1.2445353269577026,1.2445353269577026,117,27
2077,685,base_enriched,mean,-0.041805025190114975,0.033591460436582565,-1.2445135116577148,1.2445135116577148,203,27
2078,15356,specialized_enriched,max,0.5545700788497925,0.4457227289676666,1.2442041635513306,1.2442041635513306,175,27
2079,15693,specialized_enriched,max,0.07120253145694733,0.05728771165013313,1.2428935766220093,1.2428935766220093,32,27
2080,1635,base_enriched,mean,-0.014848346821963787,0.01194851566106081,-1.2426937818527222,1.2426937818527222,88,27
2081,8586,specialized_enriched,max,0.2991989850997925,0.24079808592796326,1.2425305843353271,1.2425305843353271,136,27
2082,9308,base_enriched,mean,-0.010682697407901287,0.008601076900959015,-1.2420185804367065,1.2420185804367065,50,27
2083,14587,specialized_enriched,max,0.36802807450294495,0.2970031201839447,1.2391387224197388,1.2391387224197388,52,27
2084,11894,specialized_enriched,active_fraction,0.004516118671745062,0.0036467949394136667,1.2383801937103271,1.2383801937103271,89,27
2085,10036,specialized_enriched,max,0.45982494950294495,0.37166208028793335,1.2372124195098877,1.2372124195098877,248,27
2086,13318,specialized_enriched,max,0.6383628249168396,0.5163154006004333,1.2363815307617188,1.2363815307617188,31,27
2087,13563,base_enriched,active_fraction,-0.002941373037174344,0.002379302168264985,-1.2362334728240967,1.2362334728240967,37,27
2088,2087,specialized_enriched,max,0.16000790894031525,0.1294809728860855,1.2357639074325562,1.2357639074325562,76,27
2089,598,base_enriched,active_fraction,-0.01909772679209709,0.015457485802471638,-1.2355002164840698,1.2355002164840698,111,27
2090,11404,base_enriched,mean,-0.03945169597864151,0.031934142112731934,-1.235408067703247,1.235408067703247,43,27
2091,1434,specialized_enriched,max,0.514883279800415,0.41678598523139954,1.2353661060333252,1.2353661060333252,221,27
2092,11401,specialized_enriched,max,0.6852007508277893,0.5549845695495605,1.2346302270889282,1.2346302270889282,128,27
2093,1550,specialized_enriched,max,0.5185176134109497,0.4201764166355133,1.2340474128723145,1.2340474128723145,90,27
2094,5477,base_enriched,active_fraction,-0.008250079117715359,0.006702590733766556,-1.2308791875839233,1.2308791875839233,161,27
2095,7240,specialized_enriched,max,0.7395173907279968,0.6011691093444824,1.2301321029663086,1.2301321029663086,178,27
2096,90,specialized_enriched,max,1.0433210134506226,0.84836345911026,1.229804277420044,1.229804277420044,194,27
2097,2257,specialized_enriched,max,0.24375741183757782,0.1982547640800476,1.2295160293579102,1.2295160293579102,37,27
2098,6153,specialized_enriched,max,0.15110759437084198,0.12290196120738983,1.229496955871582,1.229496955871582,42,27
2099,5271,specialized_enriched,max,0.4384641945362091,0.3566977083683014,1.229231834411621,1.229231834411621,147,27
2100,13271,specialized_enriched,max,1.2365074157714844,1.006298303604126,1.228768229484558,1.228768229484558,121,27
2101,3219,specialized_enriched,max,0.29270297288894653,0.23824170231819153,1.2285966873168945,1.2285966873168945,185,27
2102,11811,specialized_enriched,max,0.5522522926330566,0.4503021836280823,1.2264037132263184,1.2264037132263184,53,27
2103,7239,specialized_enriched,max,0.4638671875,0.37840041518211365,1.2258633375167847,1.2258633375167847,221,27
2104,7953,base_enriched,mean,-0.0031768218614161015,0.002594096353277564,-1.2246352434158325,1.2246352434158325,33,27
2105,11631,specialized_enriched,max,0.2629919946193695,0.21484681963920593,1.2240906953811646,1.2240906953811646,46,27
2106,15698,specialized_enriched,max,0.20774821937084198,0.1697445809841156,1.2238872051239014,1.2238872051239014,75,27
2107,12292,specialized_enriched,max,0.7539557218551636,0.6162843704223633,1.2233893871307373,1.2233893871307373,89,27
2108,11596,specialized_enriched,max,0.36071622371673584,0.29494738578796387,1.222985029220581,1.222985029220581,51,27
2109,5103,base_enriched,mean,-0.0029787474777549505,0.0024369750171899796,-1.2223135232925415,1.2223135232925415,31,27
2110,10767,base_enriched,mean,-0.006415258627384901,0.005250031128525734,-1.2219468355178833,1.2219468355178833,52,27
2111,12809,base_enriched,mean,-0.03016701154410839,0.024689441546797752,-1.2218588590621948,1.2218588590621948,78,27
2112,6065,specialized_enriched,max,0.1542597860097885,0.1263267993927002,1.2211169004440308,1.2211169004440308,46,27
2113,6238,base_enriched,max,-1.2647844552993774,1.0382544994354248,-1.2181833982467651,1.2181833982467651,190,27
2114,883,base_enriched,active_fraction,-0.002845281269401312,0.002337467623874545,-1.2172495126724243,1.2172495126724243,67,27
2115,5889,base_enriched,active_fraction,-0.0025651182513684034,0.0021076747216284275,-1.2170370817184448,1.2170370817184448,38,27
2116,11301,base_enriched,active_fraction,-0.0150532778352499,0.012392107397317886,-1.2147471904754639,1.2147471904754639,112,27
2117,1017,specialized_enriched,max,0.6156299710273743,0.5069162845611572,1.214460849761963,1.214460849761963,83,27
2118,4116,base_enriched,active_fraction,-0.00314504886046052,0.0025932027492672205,-1.2128047943115234,1.2128047943115234,69,27
2119,10955,specialized_enriched,mean,0.008971202187240124,0.007398723624646664,1.212533712387085,1.212533712387085,32,27
2120,1838,base_enriched,active_fraction,-0.00989532470703125,0.00816257018595934,-1.212280511856079,1.212280511856079,51,27
2121,6265,specialized_enriched,mean,0.13134630024433136,0.10843763500452042,1.2112611532211304,1.2112611532211304,131,27
2122,9745,specialized_enriched,max,0.13711431622505188,0.11327873915433884,1.210415244102478,1.210415244102478,69,27
2123,16038,specialized_enriched,max,0.7213459014892578,0.5960400700569153,1.2102305889129639,1.2102305889129639,179,27
2124,9953,specialized_enriched,max,1.3718849420547485,1.135240912437439,1.2084527015686035,1.2084527015686035,92,27
2125,6823,specialized_enriched,max,0.5683964490890503,0.47046563029289246,1.2081571817398071,1.2081571817398071,194,27
2126,16311,specialized_enriched,max,0.8842835426330566,0.7327536940574646,1.2067950963974,1.2067950963974,59,27
2127,11237,base_enriched,active_fraction,-0.002479070331901312,0.0020553311333060265,-1.2061659097671509,1.2061659097671509,62,27
2128,13458,base_enriched,active_fraction,-0.005854353308677673,0.004856766201555729,-1.2054015398025513,1.2054015398025513,32,27
2129,13967,specialized_enriched,max,0.695460855960846,0.5770639181137085,1.2051712274551392,1.2051712274551392,65,27
2130,6893,base_enriched,mean,-0.005232798866927624,0.004342122934758663,-1.2051244974136353,1.2051244974136353,32,27
2131,13137,specialized_enriched,max,0.4140748679637909,0.3437725305557251,1.2045024633407593,1.2045024633407593,67,27
2132,9719,specialized_enriched,max,0.4250395596027374,0.3529123365879059,1.2043771743774414,1.2043771743774414,27,27
2133,14401,specialized_enriched,active_fraction,0.005034144967794418,0.004181426949799061,1.2039299011230469,1.2039299011230469,48,27
2134,15095,specialized_enriched,max,0.6154568791389465,0.5113732814788818,1.2035374641418457,1.2035374641418457,54,27
2135,9531,specialized_enriched,max,0.20971371233463287,0.17451077699661255,1.201723575592041,1.201723575592041,64,27
2136,2494,base_enriched,mean,-0.07719209045171738,0.06424436718225479,-1.2015386819839478,1.2015386819839478,86,27
2137,13525,base_enriched,active_fraction,-0.007275641895830631,0.0060553704388439655,-1.2015188932418823,1.2015188932418823,74,27
2138,2203,specialized_enriched,active_fraction,0.003275231458246708,0.0027263620868325233,1.2013193368911743,1.2013193368911743,101,27
2139,227,base_enriched,active_fraction,-0.006756263319402933,0.005624464713037014,-1.2012277841567993,1.2012277841567993,64,27
2140,8096,base_enriched,mean,-0.010472937487065792,0.008722664788365364,-1.2006580829620361,1.2006580829620361,110,27
2141,5809,specialized_enriched,max,0.13728737831115723,0.1143558993935585,1.200527310371399,1.200527310371399,50,27
2142,2215,base_enriched,active_fraction,-0.00877447985112667,0.00731091620400548,-1.2001887559890747,1.2001887559890747,53,27
2143,3332,specialized_enriched,max,0.4419748783111572,0.36827683448791504,1.2001159191131592,1.2001159191131592,56,27
2144,16069,specialized_enriched,max,0.24312080442905426,0.20302529633045197,1.1974902153015137,1.1974902153015137,59,27
2145,2005,base_enriched,max,-0.8319076299667358,0.6952590942382812,-1.1965433359146118,1.1965433359146118,217,27
2146,16349,base_enriched,active_fraction,-0.0020840801298618317,0.0017460325034335256,-1.1936089992523193,1.1936089992523193,43,27
2147,16144,specialized_enriched,max,0.5252051949501038,0.44011667370796204,1.1933317184448242,1.1933317184448242,55,27
2148,2279,specialized_enriched,active_fraction,0.01142130047082901,0.009572897106409073,1.193087100982666,1.193087100982666,82,27
2149,1038,specialized_enriched,max,0.0934409648180008,0.07863222062587738,1.1883292198181152,1.1883292198181152,47,27
2150,5763,specialized_enriched,max,0.15781991183757782,0.1328338235616684,1.1881003379821777,1.1881003379821777,30,27
2151,6008,base_enriched,mean,-0.09206477552652359,0.0775122120976448,-1.187745451927185,1.187745451927185,102,27
2152,11714,specialized_enriched,max,0.30092957615852356,0.25341469049453735,1.1874985694885254,1.1874985694885254,99,27
2153,2920,specialized_enriched,max,0.22085146605968475,0.18598739802837372,1.1874539852142334,1.1874539852142334,97,27
2154,2439,specialized_enriched,max,0.13962990045547485,0.11768770217895508,1.1864442825317383,1.1864442825317383,99,27
2155,15660,base_enriched,mean,-0.05451463162899017,0.045960962772369385,-1.1861072778701782,1.1861072778701782,96,27
2156,6102,specialized_enriched,max,1.1717884540557861,0.9880130887031555,1.1860049962997437,1.1860049962997437,105,27
2157,57,specialized_enriched,active_fraction,0.00364598142914474,0.0030772644095122814,1.1848125457763672,1.1848125457763672,91,27
2158,2154,base_enriched,mean,-0.030038760975003242,0.025366200134158134,-1.1842042207717896,1.1842042207717896,135,27
2159,7558,specialized_enriched,max,0.3389166295528412,0.28643253445625305,1.1832337379455566,1.1832337379455566,105,27
2160,8934,specialized_enriched,max,0.07903975248336792,0.06681739538908005,1.1829217672348022,1.1829217672348022,37,27
2161,7728,base_enriched,active_fraction,-0.001477398443967104,0.0012490779627114534,-1.1827912330627441,1.1827912330627441,46,27
2162,3298,base_enriched,active_fraction,-0.004281345754861832,0.0036200550384819508,-1.1826741695404053,1.1826741695404053,52,27
2163,3378,specialized_enriched,max,0.2887781858444214,0.24424396455287933,1.1823350191116333,1.1823350191116333,84,27
2164,11623,base_enriched,mean,-0.02240724116563797,0.018964029848575592,-1.1815654039382935,1.1815654039382935,46,27
2165,11128,base_enriched,mean,-0.05403262749314308,0.0458030104637146,-1.1796741485595703,1.1796741485595703,83,27
2166,4712,specialized_enriched,max,0.19155459105968475,0.16242387890815735,1.1793498992919922,1.1793498992919922,91,27
2167,775,base_enriched,active_fraction,-0.0014974860241636634,0.0012705997796729207,-1.1785662174224854,1.1785662174224854,65,27
2168,4700,base_enriched,mean,-0.013518900610506535,0.011477245017886162,-1.177887201309204,1.177887201309204,38,27
2169,8917,base_enriched,mean,-0.11212621629238129,0.0951979011297226,-1.1778223514556885,1.1778223514556885,59,27
2170,5384,specialized_enriched,max,0.12221865355968475,0.10377820581197739,1.1776909828186035,1.1776909828186035,47,27
2171,5055,specialized_enriched,max,0.7786169648170471,0.6613897681236267,1.177243709564209,1.177243709564209,100,27
2172,11858,base_enriched,active_fraction,-0.0014686101349070668,0.0012480802834033966,-1.1766952276229858,1.1766952276229858,38,27
2173,10741,base_enriched,mean,-0.020526740700006485,0.01744728907942772,-1.1765003204345703,1.1765003204345703,183,27
2174,3767,specialized_enriched,max,0.8231000304222107,0.700190007686615,1.1755380630493164,1.1755380630493164,158,27
2175,11186,base_enriched,active_fraction,-0.002847116207703948,0.002424044068902731,-1.1745315790176392,1.1745315790176392,70,27
2176,2588,specialized_enriched,max,0.5102601051330566,0.43459340929985046,1.1741092205047607,1.1741092205047607,64,27
2177,1642,base_enriched,mean,-0.027286384254693985,0.023240596055984497,-1.1740827560424805,1.1740827560424805,62,27
2178,15713,specialized_enriched,max,1.1716524362564087,0.9984431266784668,1.173479437828064,1.173479437828064,86,27
2179,13234,specialized_enriched,max,0.19936709105968475,0.16992324590682983,1.1732773780822754,1.1732773780822754,115,27
2180,9492,base_enriched,mean,-0.09196057170629501,0.07843033969402313,-1.1725127696990967,1.1725127696990967,210,27
2181,14893,specialized_enriched,max,0.10079608112573624,0.08597966283559799,1.1723246574401855,1.1723246574401855,49,27
2182,11,specialized_enriched,max,0.15449465811252594,0.131803959608078,1.1721549034118652,1.1721549034118652,33,27
2183,8228,base_enriched,mean,-0.04200976341962814,0.035844165831804276,-1.172011137008667,1.172011137008667,87,27
2184,9082,specialized_enriched,max,0.4315417408943176,0.36830654740333557,1.1716917753219604,1.1716917753219604,104,27
2185,15900,base_enriched,mean,-0.04748399928212166,0.04053220897912979,-1.1715127229690552,1.1715127229690552,55,27
2186,5854,specialized_enriched,max,0.37957996129989624,0.32430896162986755,1.1704269647598267,1.1704269647598267,72,27
2187,9434,specialized_enriched,max,0.12969738245010376,0.11096404492855072,1.168823480606079,1.168823480606079,46,27
2188,7318,base_enriched,mean,-0.08659536391496658,0.07410524785518646,-1.1685456037521362,1.1685456037521362,47,27
2189,9737,specialized_enriched,max,0.2161169946193695,0.18502609431743622,1.1680352687835693,1.1680352687835693,95,27
2190,16143,specialized_enriched,max,0.2881786525249481,0.24672915041446686,1.1679959297180176,1.1679959297180176,143,27
2191,9826,specialized_enriched,max,0.20647497475147247,0.1768135279417038,1.1677554845809937,1.1677554845809937,83,27
2192,4224,specialized_enriched,max,0.09498615562915802,0.0813671126961708,1.1673777103424072,1.1673777103424072,47,27
2193,14822,base_enriched,max,-0.1728639304637909,0.14810238778591156,-1.1671921014785767,1.1671921014785767,31,27
2194,8396,base_enriched,mean,-0.004462616518139839,0.003824339946731925,-1.166898488998413,1.166898488998413,79,27
2195,13488,base_enriched,mean,-0.005627209786325693,0.00482702162116766,-1.1657726764678955,1.1657726764678955,46,27
2196,517,base_enriched,active_fraction,-0.0025215630885213614,0.002166291931644082,-1.1639996767044067,1.1639996767044067,38,27
2197,13660,specialized_enriched,max,0.3416979908943176,0.29355597496032715,1.1639959812164307,1.1639959812164307,101,27
2198,2262,base_enriched,active_fraction,-0.0038765049539506435,0.003330509876832366,-1.1639373302459717,1.1639373302459717,87,27
2199,6902,specialized_enriched,max,0.2571944296360016,0.22122812271118164,1.162575602531433,1.162575602531433,217,27
2200,11663,base_enriched,mean,-0.06229410320520401,0.05365170165896416,-1.161083459854126,1.161083459854126,116,27
2201,10080,specialized_enriched,max,0.19013918936252594,0.16388337314128876,1.160210371017456,1.160210371017456,184,27
2202,1244,base_enriched,active_fraction,-0.005748121067881584,0.004954592790454626,-1.1601601839065552,1.1601601839065552,165,27
2203,1345,base_enriched,mean,-0.08818517625331879,0.07601690292358398,-1.1600732803344727,1.1600732803344727,133,27
2204,1195,specialized_enriched,max,1.4412331581115723,1.2426632642745972,1.1597938537597656,1.1597938537597656,94,27
2205,7422,specialized_enriched,max,0.1890946328639984,0.16308332979679108,1.1594970226287842,1.1594970226287842,30,27
2206,15172,specialized_enriched,max,0.25992631912231445,0.2242131382226944,1.1592823266983032,1.1592823266983032,101,27
2207,2970,specialized_enriched,max,0.4658573865890503,0.40195971727371216,1.1589653491973877,1.1589653491973877,144,27
2208,3724,specialized_enriched,max,0.3991421163082123,0.34474363923072815,1.1577939987182617,1.1577939987182617,131,27
2209,6918,specialized_enriched,max,0.2669106125831604,0.2309141606092453,1.1558867692947388,1.1558867692947388,219,27
2210,16308,base_enriched,active_fraction,-0.002353426767513156,0.0020392651204019785,-1.1540563106536865,1.1540563106536865,76,27
2211,14169,base_enriched,mean,-0.02068183943629265,0.017960432916879654,-1.1515222787857056,1.1515222787857056,178,27
2212,9688,base_enriched,mean,-0.017301244661211967,0.015036198310554028,-1.150639533996582,1.150639533996582,114,27
2213,8051,specialized_enriched,max,0.34221717715263367,0.29779312014579773,1.1491775512695312,1.1491775512695312,44,27
2214,859,specialized_enriched,max,0.2326938360929489,0.2026805728673935,1.1480815410614014,1.1480815410614014,74,27
2215,7341,base_enriched,mean,-0.014323174022138119,0.012483865022659302,-1.1473349332809448,1.1473349332809448,27,27
2216,16176,specialized_enriched,active_fraction,0.00400900561362505,0.0034958855248987675,1.1467783451080322,1.1467783451080322,100,27
2217,14956,specialized_enriched,max,0.16950158774852753,0.14790195226669312,1.1460402011871338,1.1460402011871338,101,27
2218,9600,specialized_enriched,max,0.06149871274828911,0.05369386076927185,1.1453583240509033,1.1453583240509033,59,27
2219,8600,base_enriched,mean,-0.01957818493247032,0.01710514724254608,-1.1445785760879517,1.1445785760879517,69,27
2220,16103,specialized_enriched,max,0.3889685571193695,0.33984997868537903,1.144530177116394,1.144530177116394,153,27
2221,2771,specialized_enriched,mean,0.14290396869182587,0.12489286810159683,1.1442123651504517,1.1442123651504517,105,27
2222,16368,specialized_enriched,max,0.06949663907289505,0.060800209641456604,1.1430329084396362,1.1430329084396362,31,27
2223,6993,specialized_enriched,max,0.39291808009147644,0.3437759578227997,1.1429481506347656,1.1429481506347656,85,27
2224,2291,specialized_enriched,max,0.3301584720611572,0.28917908668518066,1.141709327697754,1.141709327697754,117,27
2225,11282,specialized_enriched,max,0.6175212860107422,0.5411088466644287,1.1412144899368286,1.1412144899368286,217,27
2226,16118,specialized_enriched,max,0.11201418936252594,0.09823805093765259,1.1402322053909302,1.1402322053909302,66,27
2227,8036,base_enriched,mean,-0.07116950303316116,0.06245650723576546,-1.1395050287246704,1.1395050287246704,115,27
2228,1413,specialized_enriched,max,0.43768543004989624,0.38452261686325073,1.1382566690444946,1.1382566690444946,199,27
2229,16225,specialized_enriched,max,0.11169897019863129,0.09817398339509964,1.1377655267715454,1.1377655267715454,59,27
2230,11880,base_enriched,mean,-0.02412433922290802,0.02121037058532238,-1.1373841762542725,1.1373841762542725,47,27
2231,13297,specialized_enriched,max,0.21194496750831604,0.18637150526046753,1.13721764087677,1.13721764087677,218,27
2232,10388,base_enriched,mean,-0.06373325735330582,0.05608770251274109,-1.1363142728805542,1.1363142728805542,186,27
2233,3048,base_enriched,active_fraction,-0.0015755182830616832,0.001387059222906828,-1.1358695030212402,1.1358695030212402,33,27
2234,10363,base_enriched,mean,-0.004973978735506535,0.004379825666546822,-1.1356568336486816,1.1356568336486816,42,27
2235,12839,specialized_enriched,max,0.10265031456947327,0.0903952419757843,1.135572075843811,1.135572075843811,44,27
2236,16216,specialized_enriched,max,0.6066925525665283,0.5343836545944214,1.1353126764297485,1.1353126764297485,82,27
2237,8066,specialized_enriched,max,0.39016762375831604,0.3436812162399292,1.1352602243423462,1.1352602243423462,47,27
2238,4598,specialized_enriched,active_fraction,0.002850303193554282,0.0025117339100688696,1.134795069694519,1.134795069694519,35,27
2239,14321,specialized_enriched,active_fraction,0.004308097064495087,0.003797314828261733,1.1345114707946777,1.1345114707946777,106,27
2240,13431,specialized_enriched,max,0.10722409188747406,0.09456883370876312,1.133820652961731,1.133820652961731,62,27
2241,12285,specialized_enriched,mean,0.036998119205236435,0.03263441100716591,1.1337149143218994,1.1337149143218994,80,27
2242,6802,base_enriched,active_fraction,-0.0015642190119251609,0.001382355811074376,-1.1315603256225586,1.1315603256225586,39,27
2243,13467,specialized_enriched,max,0.33932456374168396,0.3000490069389343,1.1308971643447876,1.1308971643447876,103,27
2244,12149,base_enriched,active_fraction,-0.016962751746177673,0.015008035115897655,-1.1302447319030762,1.1302447319030762,191,27
2245,3361,base_enriched,mean,-0.04422972351312637,0.039144206792116165,-1.1299175024032593,1.1299175024032593,46,27
2246,11535,base_enriched,mean,-0.018169160932302475,0.01608651503920555,-1.1294653415679932,1.1294653415679932,64,27
2247,5239,base_enriched,mean,-0.030462143942713737,0.026983393356204033,-1.1289218664169312,1.1289218664169312,51,27
2248,9482,specialized_enriched,max,0.04076839238405228,0.03613869100809097,1.1281092166900635,1.1281092166900635,27,27
2249,9012,specialized_enriched,active_fraction,0.0030911602079868317,0.0027431449852883816,1.1268672943115234,1.1268672943115234,54,27
2250,8410,specialized_enriched,mean,0.008427486754953861,0.007485303096473217,1.125871181488037,1.125871181488037,49,27
2251,7269,specialized_enriched,mean,0.03290509432554245,0.029227953404188156,1.1258090734481812,1.1258090734481812,51,27
2252,1005,specialized_enriched,max,0.38307827711105347,0.340488076210022,1.125085711479187,1.125085711479187,216,27
2253,15089,specialized_enriched,max,0.11117978394031525,0.09885693341493607,1.1246533393859863,1.1246533393859863,39,27
2254,11508,base_enriched,active_fraction,-0.006302459165453911,0.005605374928563833,-1.1243599653244019,1.1243599653244019,122,27
2255,3349,base_enriched,mean,-0.09091070294380188,0.08087421953678131,-1.1240999698638916,1.1240999698638916,219,27
2256,5930,base_enriched,mean,-0.13284553587436676,0.11824505031108856,-1.123476505279541,1.123476505279541,76,27
2257,14667,specialized_enriched,max,0.532609760761261,0.4749501347541809,1.1214014291763306,1.1214014291763306,64,27
2258,5371,specialized_enriched,active_fraction,0.0034432713873684406,0.003074859967455268,1.1198140382766724,1.1198140382766724,27,27
2259,13355,base_enriched,mean,-0.05358365178108215,0.047868527472019196,-1.1193921566009521,1.1193921566009521,92,27
2260,4680,base_enriched,mean,-0.05800812318921089,0.051825594156980515,-1.1192948818206787,1.1192948818206787,100,27
2261,14128,specialized_enriched,max,0.08900316804647446,0.07957000285387039,1.1185517311096191,1.1185517311096191,30,27
2262,10405,base_enriched,mean,-0.005946678575128317,0.0053207059390842915,-1.1176483631134033,1.1176483631134033,38,27
2263,12358,specialized_enriched,mean,0.012092879973351955,0.01082183513790369,1.1174519062042236,1.1174519062042236,60,27
2264,6987,base_enriched,active_fraction,-0.010563524439930916,0.009454282000660896,-1.1173269748687744,1.1173269748687744,200,27
2265,7303,base_enriched,mean,-0.005211166106164455,0.004664043430238962,-1.1173064708709717,1.1173064708709717,28,27
2266,13231,specialized_enriched,max,0.14271409809589386,0.12773331999778748,1.1172816753387451,1.1172816753387451,77,27
2267,4624,base_enriched,active_fraction,-0.004823226016014814,0.004321183077991009,-1.1161818504333496,1.1161818504333496,188,27
2268,9393,specialized_enriched,max,0.16032931208610535,0.14364483952522278,1.1161508560180664,1.1161508560180664,57,27
2269,4825,specialized_enriched,max,0.197265625,0.1768370121717453,1.1155222654342651,1.1155222654342651,121,27
2270,6610,specialized_enriched,max,0.2606494724750519,0.233696848154068,1.1153315305709839,1.1153315305709839,157,27
2271,11934,specialized_enriched,max,0.2630290687084198,0.23608803749084473,1.1141142845153809,1.1141142845153809,57,27
2272,7754,specialized_enriched,max,0.16585493087768555,0.14901958405971527,1.1129740476608276,1.1129740476608276,41,27
2273,14941,base_enriched,active_fraction,-0.008840923197567463,0.007953382097184658,-1.1115928888320923,1.1115928888320923,27,27
2274,1976,specialized_enriched,max,0.1539507508277893,0.13856163620948792,1.1110633611679077,1.1110633611679077,27,27
2275,13157,base_enriched,mean,-0.045863863080739975,0.04133293777704239,-1.109620213508606,1.109620213508606,98,27
2276,4305,base_enriched,mean,-0.06112806126475334,0.0550924688577652,-1.1095538139343262,1.1095538139343262,99,27
2277,2067,base_enriched,active_fraction,-0.014677602797746658,0.013249649666249752,-1.107772946357727,1.107772946357727,163,27
2278,10539,specialized_enriched,max,0.1419229656457901,0.12822331488132477,1.1068421602249146,1.1068421602249146,64,27
2279,14750,specialized_enriched,max,0.30708563327789307,0.27763524651527405,1.1060757637023926,1.1060757637023926,46,27
2280,6334,specialized_enriched,max,0.2964794337749481,0.26817604899406433,1.1055402755737305,1.1055402755737305,91,27
2281,14253,specialized_enriched,max,0.2513474225997925,0.22755926847457886,1.1045360565185547,1.1045360565185547,44,27
2282,2578,base_enriched,mean,-0.022097043693065643,0.020015165209770203,-1.1040151119232178,1.1040151119232178,80,27
2283,8163,specialized_enriched,max,0.08653085678815842,0.07838725298643112,1.1038893461227417,1.1038893461227417,63,27
2284,12524,base_enriched,mean,-0.05632134899497032,0.05102255567908287,-1.1038520336151123,1.1038520336151123,178,27
2285,15996,specialized_enriched,max,0.17306171357631683,0.15680187940597534,1.1036967039108276,1.1036967039108276,224,27
2286,9634,base_enriched,active_fraction,-0.00942239910364151,0.008539842441678047,-1.1033457517623901,1.1033457517623901,66,27
2287,1613,base_enriched,mean,-0.046177346259355545,0.04186224564909935,-1.1030786037445068,1.1030786037445068,90,27
2288,15193,specialized_enriched,max,0.07155483216047287,0.06487951427698135,1.1028878688812256,1.1028878688812256,31,27
2289,12542,base_enriched,active_fraction,-0.011227184906601906,0.010181363672018051,-1.1027191877365112,1.1027191877365112,107,27
2290,12021,base_enriched,mean,-0.03519719839096069,0.0319349467754364,-1.1021530628204346,1.1021530628204346,59,27
2291,6249,specialized_enriched,max,0.24128510057926178,0.21892498433589935,1.1021360158920288,1.1021360158920288,139,27
2292,15597,specialized_enriched,max,0.15646015107631683,0.14204277098178864,1.1015002727508545,1.1015002727508545,46,27
2293,4714,base_enriched,active_fraction,-0.013682691380381584,0.012432058341801167,-1.1005973815917969,1.1005973815917969,147,27
2294,11700,specialized_enriched,max,0.4860314428806305,0.44160741567611694,1.1005961894989014,1.1005961894989014,225,27
2295,4587,specialized_enriched,max,0.3216969966888428,0.2923106849193573,1.1005311012268066,1.1005311012268066,117,27
2296,4191,base_enriched,mean,-0.017185356467962265,0.015621368773281574,-1.1001185178756714,1.1001185178756714,68,27
2297,5417,specialized_enriched,mean,0.007526832167059183,0.0068421983160078526,1.1000604629516602,1.1000604629516602,45,27
2298,11420,specialized_enriched,max,0.21771162748336792,0.1979144960641861,1.1000287532806396,1.1000287532806396,76,27
2299,4604,base_enriched,active_fraction,-0.0058727022260427475,0.005344679579138756,-1.0987941026687622,1.0987941026687622,151,27
2300,16306,specialized_enriched,max,0.8460677862167358,0.7706176042556763,1.0979087352752686,1.0979087352752686,64,27
2301,11528,specialized_enriched,max,0.44190070033073425,0.40349018573760986,1.0951956510543823,1.0951956510543823,197,27
2302,1351,specialized_enriched,max,0.5704361200332642,0.5211414694786072,1.0945897102355957,1.0945897102355957,165,27
2303,7920,specialized_enriched,active_fraction,0.0021921470761299133,0.002003720495849848,1.0940383672714233,1.0940383672714233,34,27
2304,3435,base_enriched,mean,-0.03743657097220421,0.03424860164523125,-1.093083143234253,1.093083143234253,68,27
2305,7834,base_enriched,active_fraction,-0.004058644641190767,0.003713097656145692,-1.0930616855621338,1.0930616855621338,72,27
2306,1684,specialized_enriched,max,0.2142133116722107,0.19602647423744202,1.0927774906158447,1.0927774906158447,66,27
2307,4841,specialized_enriched,max,0.41939032077789307,0.38403624296188354,1.0920592546463013,1.0920592546463013,208,27
2308,12384,specialized_enriched,max,0.4262818992137909,0.390455037355423,1.0917567014694214,1.0917567014694214,128,27
2309,13085,specialized_enriched,max,0.1650019735097885,0.15136121213436127,1.090120553970337,1.090120553970337,73,27
2310,12850,specialized_enriched,max,0.3504994213581085,0.32197046279907227,1.0886074304580688,1.0886074304580688,32,27
2311,409,base_enriched,active_fraction,-0.001309551764279604,0.0012032707454636693,-1.0883268117904663,1.0883268117904663,38,27
2312,14655,specialized_enriched,max,0.5686189532279968,0.5224856734275818,1.088295817375183,1.088295817375183,95,27
2313,9850,specialized_enriched,max,0.14244215190410614,0.13089057803153992,1.0882536172866821,1.0882536172866821,66,27
2314,13670,base_enriched,active_fraction,-0.0034885648638010025,0.0032071329187601805,-1.087751865386963,1.087751865386963,97,27
2315,2417,base_enriched,mean,-0.008754875510931015,0.008052240125834942,-1.0872596502304077,1.0872596502304077,63,27
2316,12641,specialized_enriched,max,0.45389142632484436,0.417532354593277,1.0870808362960815,1.0870808362960815,131,27
2317,8327,specialized_enriched,max,0.47130265831947327,0.43401145935058594,1.085922122001648,1.085922122001648,155,27
2318,13828,specialized_enriched,max,0.10039433091878891,0.09246603399515152,1.0857428312301636,1.0857428312301636,61,27
2319,5669,specialized_enriched,max,0.5203841924667358,0.47944948077201843,1.0853785276412964,1.0853785276412964,227,27
2320,11495,specialized_enriched,max,0.08131428062915802,0.07491863518953323,1.0853679180145264,1.0853679180145264,54,27
2321,16342,specialized_enriched,max,0.10240308195352554,0.09440236538648605,1.0847512483596802,1.0847512483596802,46,27
2322,9653,specialized_enriched,max,0.4901725649833679,0.4520294666290283,1.0843819379806519,1.0843819379806519,133,27
2323,11096,base_enriched,mean,-0.10425538569688797,0.09617311507463455,-1.0840387344360352,1.0840387344360352,72,27
2324,3150,base_enriched,mean,-0.020497381687164307,0.018912555649876595,-1.083797574043274,1.083797574043274,126,27
2325,10711,specialized_enriched,max,0.45278504490852356,0.41792622208595276,1.083409070968628,1.083409070968628,43,27
2326,13564,specialized_enriched,max,0.2956635653972626,0.27305203676223755,1.0828102827072144,1.0828102827072144,165,27
2327,8357,base_enriched,mean,-0.011599963530898094,0.010721879079937935,-1.0818965435028076,1.0818965435028076,62,27
2328,14350,base_enriched,mean,-0.1003226786851883,0.09274142235517502,-1.081746220588684,1.081746220588684,51,27
2329,15479,specialized_enriched,max,0.27197882533073425,0.2518409788608551,1.0799624919891357,1.0799624919891357,95,27
2330,7818,specialized_enriched,max,0.2743522524833679,0.25421905517578125,1.0791962146759033,1.0791962146759033,204,27
2331,11171,specialized_enriched,active_fraction,0.004102393053472042,0.0038042354863137007,1.0783751010894775,1.0783751010894775,127,27
2332,8127,base_enriched,active_fraction,-0.005699736997485161,0.0052877250127494335,-1.077918529510498,1.077918529510498,168,27
2333,4220,base_enriched,active_fraction,-0.00392324710264802,0.0036404666025191545,-1.0776770114898682,1.0776770114898682,188,27
2334,13685,specialized_enriched,max,0.439453125,0.4078509509563446,1.0774846076965332,1.0774846076965332,55,27
2335,99,specialized_enriched,max,0.5194447040557861,0.48226141929626465,1.0771019458770752,1.0771019458770752,82,27
2336,10337,specialized_enriched,max,0.562710165977478,0.5226898193359375,1.0765661001205444,1.0765661001205444,163,27
2337,8715,specialized_enriched,max,0.09606160968542099,0.08928389102220535,1.0759119987487793,1.0759119987487793,27,27
2338,16239,specialized_enriched,max,0.14540274441242218,0.13515210151672363,1.0758452415466309,1.0758452415466309,64,27
2339,11913,specialized_enriched,max,0.0898561105132103,0.08355556428432465,1.075405478477478,1.075405478477478,33,27
2340,7873,base_enriched,active_fraction,-0.01098710112273693,0.010235961526632309,-1.0733823776245117,1.0733823776245117,184,27
2341,11418,specialized_enriched,max,0.14657090604305267,0.13661189377307892,1.0729000568389893,1.0729000568389893,28,27
2342,5807,base_enriched,mean,-0.042308371514081955,0.03945043310523033,-1.0724437236785889,1.0724437236785889,184,27
2343,6605,specialized_enriched,max,0.251359760761261,0.23453466594219208,1.0717382431030273,1.0717382431030273,74,27
2344,10580,specialized_enriched,max,0.06529370695352554,0.060938965529203415,1.0714607238769531,1.0714607238769531,43,27
2345,6225,specialized_enriched,max,0.06678945571184158,0.062335457652807236,1.071452021598816,1.071452021598816,39,27
2346,16074,base_enriched,mean,-0.07633122056722641,0.07125167548656464,-1.071290135383606,1.071290135383606,73,27
2347,7982,base_enriched,mean,-0.02831200696527958,0.026438144966959953,-1.070877194404602,1.070877194404602,71,27
2348,14470,base_enriched,mean,-0.06069888174533844,0.05670405924320221,-1.0704504251480103,1.0704504251480103,243,27
2349,10362,base_enriched,active_fraction,-0.0037978931795805693,0.0035480146761983633,-1.070427656173706,1.070427656173706,97,27
2350,11692,base_enriched,mean,-0.012914730235934258,0.012069535441696644,-1.0700271129608154,1.0700271129608154,98,27
2351,14854,specialized_enriched,max,0.4694422483444214,0.43890368938446045,1.0695791244506836,1.0695791244506836,121,27
2352,9167,base_enriched,mean,-0.0711011290550232,0.06652208417654037,-1.068834900856018,1.068834900856018,124,27
2353,15971,base_enriched,active_fraction,-0.0041751135140657425,0.003908134065568447,-1.0683138370513916,1.0683138370513916,151,27
2354,5586,specialized_enriched,mean,0.020997831597924232,0.019678380340337753,1.067050814628601,1.067050814628601,70,27
2355,1441,specialized_enriched,max,0.10199515521526337,0.09564508497714996,1.0663920640945435,1.0663920640945435,56,27
2356,7399,specialized_enriched,max,0.09522102773189545,0.08933524787425995,1.0658842325210571,1.0658842325210571,115,27
2357,7694,base_enriched,active_fraction,-0.004230354446917772,0.003969485405832529,-1.065718650817871,1.065718650817871,140,27
2358,4743,specialized_enriched,mean,0.038089800626039505,0.035748597234487534,1.06549072265625,1.06549072265625,90,27
2359,12031,base_enriched,active_fraction,-0.0014137558173388243,0.0013269888004288077,-1.065386414527893,1.065386414527893,30,27
2360,12474,specialized_enriched,max,0.25050681829452515,0.23527024686336517,1.064761996269226,1.064761996269226,50,27
2361,15428,base_enriched,mean,-0.07624643296003342,0.07161499559879303,-1.064671277999878,1.064671277999878,62,27
2362,4283,base_enriched,active_fraction,-0.00293731689453125,0.0027639782056212425,-1.0627135038375854,1.0627135038375854,66,27
2363,7531,specialized_enriched,max,0.2783852219581604,0.2626139223575592,1.060055136680603,1.060055136680603,48,27
2364,8316,base_enriched,mean,-0.05405937880277634,0.051070913672447205,-1.058516025543213,1.058516025543213,151,27
2365,8543,base_enriched,active_fraction,-0.0070226164534688,0.006635748781263828,-1.058300495147705,1.058300495147705,144,27
2366,13981,specialized_enriched,max,0.32940441370010376,0.3113686740398407,1.0579240322113037,1.0579240322113037,186,27
2367,13250,specialized_enriched,max,0.1259394735097885,0.11907143890857697,1.0576798915863037,1.0576798915863037,49,27
2368,4664,specialized_enriched,max,0.2606618404388428,0.24657975137233734,1.0571097135543823,1.0571097135543823,115,27
2369,10072,specialized_enriched,max,0.13111896812915802,0.12418494373559952,1.0558363199234009,1.0558363199234009,35,27
2370,6911,base_enriched,max,-0.010921429842710495,0.010358305647969246,-1.054364562034607,1.054364562034607,28,27
2371,5352,specialized_enriched,max,0.40124356746673584,0.38056454062461853,1.054337739944458,1.054337739944458,34,27
2372,9792,base_enriched,mean,-0.02169123850762844,0.020593294873833656,-1.0533156394958496,1.0533156394958496,68,27
2373,8029,specialized_enriched,max,0.22212471067905426,0.21168939769268036,1.049295425415039,1.049295425415039,117,27
2374,4960,base_enriched,active_fraction,-0.001476722420193255,0.0014079505344852805,-1.0488454103469849,1.0488454103469849,35,27
2375,888,base_enriched,active_fraction,-0.004202734213322401,0.004008396062999964,-1.0484827756881714,1.0484827756881714,62,27
2376,2715,base_enriched,active_fraction,-0.00462167477235198,0.004410889465361834,-1.0477874279022217,1.0477874279022217,181,27
2377,2068,base_enriched,max,-0.10941208153963089,0.10444018989801407,-1.0476051568984985,1.0476051568984985,36,27
2378,1673,base_enriched,mean,-0.03357744961977005,0.032106563448905945,-1.0458126068115234,1.0458126068115234,97,27
2379,15515,base_enriched,active_fraction,-0.005754108540713787,0.0055090864188969135,-1.04447603225708,1.04447603225708,53,27
2380,5402,specialized_enriched,max,0.12826962769031525,0.12299072742462158,1.0429210662841797,1.0429210662841797,96,27
2381,2870,specialized_enriched,max,0.49846717715263367,0.4781000018119812,1.0426002740859985,1.0426002740859985,55,27
2382,408,specialized_enriched,max,0.13754697144031525,0.13198521733283997,1.0421391725540161,1.0421391725540161,51,27
2383,11471,specialized_enriched,max,0.673061728477478,0.6468212604522705,1.0405683517456055,1.0405683517456055,119,27
2384,5685,base_enriched,active_fraction,-0.0036878949031233788,0.0035477878991514444,-1.0394914150238037,1.0394914150238037,47,27
2385,12273,base_enriched,active_fraction,-0.0024438207037746906,0.0023519699461758137,-1.0390527248382568,1.0390527248382568,73,27
2386,6929,base_enriched,active_fraction,-0.0035067207645624876,0.0033763707615435123,-1.0386065244674683,1.0386065244674683,114,27
2387,11813,base_enriched,active_fraction,-0.004498928319662809,0.004336660727858543,-1.0374176502227783,1.0374176502227783,37,27
2388,7134,base_enriched,mean,-0.0060073272325098515,0.0057923682034015656,-1.037110686302185,1.037110686302185,28,27
2389,8978,base_enriched,active_fraction,-0.012174485251307487,0.01175026223063469,-1.0361032485961914,1.0361032485961914,190,27
2390,12581,specialized_enriched,max,0.32894086837768555,0.3174889385700226,1.0360703468322754,1.0360703468322754,47,27
2391,7404,specialized_enriched,max,0.24177956581115723,0.23347122967243195,1.0355861186981201,1.0355861186981201,61,27
2392,12294,base_enriched,mean,-0.031901877373456955,0.030806582421064377,-1.0355539321899414,1.0355539321899414,31,27
2393,15370,specialized_enriched,max,0.11291040480136871,0.10905543714761734,1.035348653793335,1.035348653793335,49,27
2394,3731,base_enriched,max,-0.1536664366722107,0.1485668122768402,-1.0343254804611206,1.0343254804611206,71,27
2395,13080,base_enriched,active_fraction,-0.012291823513805866,0.011884337291121483,-1.034287691116333,1.034287691116333,223,27
2396,1852,base_enriched,mean,-0.04547930508852005,0.04397699609398842,-1.0341612100601196,1.0341612100601196,85,27
2397,4190,specialized_enriched,max,0.4598620533943176,0.44492271542549133,1.0335773229599,1.0335773229599,77,27
2398,8345,specialized_enriched,max,0.667165219783783,0.6456226110458374,1.0333671569824219,1.0333671569824219,211,27
2399,815,base_enriched,mean,-0.06954086571931839,0.06735727936029434,-1.0324180126190186,1.0324180126190186,103,27
2400,4094,base_enriched,active_fraction,-0.0034763964358717203,0.0033681015484035015,-1.0321531295776367,1.0321531295776367,58,27
2401,10564,specialized_enriched,max,0.6532214283943176,0.6328917741775513,1.0321218967437744,1.0321218967437744,155,27
2402,12876,base_enriched,active_fraction,-0.005681194830685854,0.005505771841853857,-1.031861662864685,1.031861662864685,176,27
2403,12101,specialized_enriched,active_fraction,0.0019160403171554208,0.0018576764268800616,1.031417727470398,1.031417727470398,71,27
2404,16249,base_enriched,mean,-0.04428873211145401,0.042986467480659485,-1.0302947759628296,1.0302947759628296,151,27
2405,12328,specialized_enriched,max,0.12101957947015762,0.11762627214193344,1.0288481712341309,1.0288481712341309,65,27
2406,5238,specialized_enriched,max,0.10168611258268356,0.09887812286615372,1.0283985137939453,1.0283985137939453,90,27
2407,5018,base_enriched,active_fraction,-0.0014802956720814109,0.0014397342456504703,-1.0281728506088257,1.0281728506088257,36,27
2408,11681,specialized_enriched,max,0.13258999586105347,0.1290988028049469,1.0270427465438843,1.0270427465438843,59,27
2409,12595,specialized_enriched,max,0.6859795451164246,0.6679193377494812,1.0270395278930664,1.0270395278930664,39,27
2410,14280,base_enriched,max,-1.01027250289917,0.9842666983604431,-1.0264215469360352,1.0264215469360352,83,27
2411,14997,specialized_enriched,max,0.532374918460846,0.5188854932785034,1.0259969234466553,1.0259969234466553,162,27
2412,3961,base_enriched,mean,-0.03870903700590134,0.03776731714606285,-1.0249347686767578,1.0249347686767578,91,27
2413,5859,specialized_enriched,max,0.49820756912231445,0.48616546392440796,1.0247695446014404,1.0247695446014404,235,27
2414,13717,base_enriched,mean,-0.024057894945144653,0.023504097014665604,-1.023561716079712,1.023561716079712,65,27
2415,9468,base_enriched,active_fraction,-0.009579622186720371,0.009359986521303654,-1.0234653949737549,1.0234653949737549,234,27
2416,9759,specialized_enriched,max,0.2500865161418915,0.24436725676059723,1.0234043598175049,1.0234043598175049,43,27
2417,11614,specialized_enriched,max,0.17789506912231445,0.17390188574790955,1.0229623317718506,1.0229623317718506,67,27
2418,2893,specialized_enriched,max,0.3984869420528412,0.38955554366111755,1.022927165031433,1.022927165031433,44,27
2419,10463,specialized_enriched,max,0.361402302980423,0.3535861670970917,1.02210533618927,1.02210533618927,111,27
2420,1526,base_enriched,active_fraction,-0.004382555838674307,0.00428818492218852,-1.0220072269439697,1.0220072269439697,147,27
2421,9642,specialized_enriched,max,0.42338311672210693,0.41441985964775085,1.021628499031067,1.021628499031067,53,27
2422,15373,specialized_enriched,max,0.10002966970205307,0.0980985164642334,1.0196858644485474,1.0196858644485474,46,27
2423,4144,base_enriched,mean,-0.03196696937084198,0.031362004578113556,-1.0192897319793701,1.0192897319793701,171,27
2424,10664,specialized_enriched,max,0.10810176283121109,0.10607115179300308,1.01914381980896,1.01914381980896,78,27
2425,7120,specialized_enriched,max,0.3633059859275818,0.356486439704895,1.0191298723220825,1.0191298723220825,89,27
2426,12936,base_enriched,mean,-0.012364640831947327,0.012143758125603199,-1.0181889533996582,1.0181889533996582,50,27
2427,15696,specialized_enriched,max,0.5658190846443176,0.556005597114563,1.0176500082015991,1.0176500082015991,50,27
2428,2577,specialized_enriched,max,0.1755772829055786,0.17274104058742523,1.0164190530776978,1.0164190530776978,128,27
2429,14809,base_enriched,mean,-0.004397235345095396,0.004328950308263302,-1.0157740116119385,1.0157740116119385,42,27
2430,776,specialized_enriched,max,0.4405100345611572,0.43389037251472473,1.0152565240859985,1.0152565240859985,52,27
2431,604,base_enriched,active_fraction,-0.004981415346264839,0.004907672293484211,-1.0150260925292969,1.0150260925292969,80,27
2432,10459,base_enriched,mean,-0.011617539450526237,0.011467729695141315,-1.0130635499954224,1.0130635499954224,160,27
2433,13908,specialized_enriched,max,0.836679220199585,0.8266892433166504,1.0120843648910522,1.0120843648910522,76,27
2434,3224,specialized_enriched,active_fraction,0.0020469955634325743,0.0020225674379616976,1.012077808380127,1.012077808380127,28,27
2435,3019,specialized_enriched,active_fraction,0.0069647678174078465,0.00688816886395216,1.011120319366455,1.011120319366455,159,27
2436,4039,base_enriched,mean,-0.07557658851146698,0.07482542842626572,-1.0100388526916504,1.0100388526916504,51,27
2437,5032,specialized_enriched,max,0.1049557477235794,0.10391651839017868,1.0100005865097046,1.0100005865097046,67,27
2438,8484,specialized_enriched,max,0.08771756291389465,0.08693766593933105,1.0089707374572754,1.0089707374572754,68,27
2439,4252,specialized_enriched,max,0.5417696833610535,0.5376843214035034,1.0075980424880981,1.0075980424880981,59,27
2440,9189,specialized_enriched,max,0.2725783586502075,0.27087441086769104,1.0062905550003052,1.0062905550003052,130,27
2441,11672,base_enriched,active_fraction,-0.008323959074914455,0.008289029821753502,-1.0042139291763306,1.0042139291763306,118,27
2442,14972,specialized_enriched,max,0.5194941759109497,0.518104612827301,1.0026819705963135,1.0026819705963135,86,27
2443,4357,base_enriched,mean,-0.0227437075227499,0.022696565836668015,-1.0020769834518433,1.0020769834518433,87,27
2444,795,specialized_enriched,max,0.09578965604305267,0.0956357792019844,1.001608967781067,1.001608967781067,28,27
2445,3853,base_enriched,active_fraction,-0.0039681545458734035,0.00396676966920495,-1.0003491640090942,1.0003491640090942,85,27
2446,14171,base_enriched,active_fraction,-0.0013002805644646287,0.0013040447374805808,-0.9971134662628174,0.9971134662628174,32,27
2447,6404,specialized_enriched,max,0.4222458600997925,0.4242192506790161,0.9953481554985046,0.9953481554985046,38,27
2448,2576,base_enriched,active_fraction,-0.011003711260855198,0.01106228120625019,-0.9947054386138916,0.9947054386138916,178,27
2449,7029,specialized_enriched,max,0.3069743812084198,0.3087446689605713,0.994266152381897,0.994266152381897,54,27
2450,9376,base_enriched,active_fraction,-0.004337359219789505,0.0043709599412977695,-0.9923127293586731,0.9923127293586731,71,27
2451,1349,specialized_enriched,max,0.3518344461917877,0.35456833243370056,0.9922895431518555,0.9922895431518555,45,27
2452,7157,base_enriched,max,-0.22284168004989624,0.22504614293575287,-0.990204393863678,0.990204393863678,47,27
2453,1860,specialized_enriched,max,0.3521311283111572,0.35627391934394836,0.9883719086647034,0.9883719086647034,158,27
2454,10407,specialized_enriched,max,0.1624802201986313,0.1644633412361145,0.9879418611526489,0.9879418611526489,102,27
2455,1647,specialized_enriched,max,0.9672913551330566,0.9791688323020935,0.9878698587417603,0.9878698587417603,72,27
2456,12077,base_enriched,mean,-0.0407562255859375,0.041259828954935074,-0.9877943396568298,0.9877943396568298,80,27
2457,10410,specialized_enriched,max,0.08770520240068436,0.08885723352432251,0.9870350360870361,0.9870350360870361,50,27
2458,11649,specialized_enriched,max,0.10973348468542099,0.11129917204380035,0.9859326481819153,0.9859326481819153,66,27
2459,13977,specialized_enriched,active_fraction,0.0051758200861513615,0.00525754364207387,0.984455943107605,0.984455943107605,79,27
2460,4504,base_enriched,mean,-0.005251534283161163,0.005336638540029526,-0.984052836894989,0.984052836894989,62,27
2461,2336,base_enriched,mean,-0.028096258640289307,0.028586741536855698,-0.9828422665596008,0.9828422665596008,34,27
2462,11088,specialized_enriched,max,0.41678205132484436,0.42474186420440674,0.9812596440315247,0.9812596440315247,198,27
2463,8661,specialized_enriched,max,0.0787925273180008,0.0803021714091301,0.9812004566192627,0.9812004566192627,40,27
2464,9958,specialized_enriched,max,0.09154964238405228,0.09345721453428268,0.9795888066291809,0.9795888066291809,44,27
2465,4617,specialized_enriched,max,0.32931169867515564,0.33657723665237427,0.978413462638855,0.978413462638855,55,27
2466,5478,specialized_enriched,max,0.5146979093551636,0.5263990759849548,0.9777712821960449,0.9777712821960449,67,27
2467,13746,base_enriched,mean,-0.09486041218042374,0.0971624031662941,-0.9763078093528748,0.9763078093528748,146,27
2468,7400,specialized_enriched,max,0.3183964490890503,0.3262002766132355,0.976076602935791,0.976076602935791,92,27
2469,3413,base_enriched,mean,-0.044452715665102005,0.04557395353913307,-0.9753974080085754,0.9753974080085754,161,27
2470,15269,base_enriched,active_fraction,-0.008584903553128242,0.008809084072709084,-0.9745512008666992,0.9745512008666992,85,27
2471,9415,specialized_enriched,max,0.09823724627494812,0.10082893818616867,0.9742961525917053,0.9742961525917053,55,27
2472,2926,specialized_enriched,max,0.23795366287231445,0.24431253969669342,0.9739723801612854,0.9739723801612854,103,27
2473,4758,specialized_enriched,max,0.07950949668884277,0.0817485973238945,0.9726099371910095,0.9726099371910095,37,27
2474,12357,specialized_enriched,max,0.12843650579452515,0.13249918818473816,0.969338059425354,0.969338059425354,104,27
2475,12081,specialized_enriched,max,0.41950157284736633,0.43300142884254456,0.9688225984573364,0.9688225984573364,63,27
2476,545,base_enriched,active_fraction,-0.007300268393009901,0.007537518627941608,-0.9685240983963013,0.9685240983963013,85,27
2477,15027,base_enriched,active_fraction,-0.0031646534334868193,0.0032677045091986656,-0.9684637784957886,0.9684637784957886,80,27
2478,9440,base_enriched,mean,-0.029170362278819084,0.030125519260764122,-0.968294084072113,0.968294084072113,97,27
2479,3366,base_enriched,mean,-0.016385814175009727,0.016924027353525162,-0.968198299407959,0.968198299407959,86,27
2480,14599,base_enriched,active_fraction,-0.004340738989412785,0.004484332632273436,-0.967978835105896,0.967978835105896,87,27
2481,1758,specialized_enriched,max,0.08837272226810455,0.09133383631706238,0.9675792455673218,0.9675792455673218,41,27
2482,5159,base_enriched,mean,-0.02178839221596718,0.022540811449289322,-0.9666196703910828,0.9666196703910828,94,27
2483,9765,base_enriched,mean,-0.01022686529904604,0.010584944859147072,-0.9661708474159241,0.9661708474159241,44,27
2484,9140,specialized_enriched,max,0.19439774751663208,0.20126491785049438,0.9658799171447754,0.9658799171447754,27,27
2485,6520,specialized_enriched,max,0.5976809859275818,0.6208670139312744,0.9626554250717163,0.9626554250717163,218,27
2486,27,specialized_enriched,max,0.21175336837768555,0.22000709176063538,0.9624843001365662,0.9624843001365662,170,27
2487,1680,specialized_enriched,active_fraction,0.0027071796357631683,0.0028133385349065065,0.9622658491134644,0.9622658491134644,74,27
2488,13589,specialized_enriched,max,0.1122799664735794,0.11671143770217896,0.9620305299758911,0.9620305299758911,72,27
2489,9083,specialized_enriched,active_fraction,0.008421982638537884,0.0087712612003088,0.9601792097091675,0.9601792097091675,216,27
2490,5967,base_enriched,active_fraction,-0.0041152373887598515,0.004286626353859901,-0.960017740726471,0.960017740726471,206,27
2491,5326,base_enriched,active_fraction,-0.009844719432294369,0.010259808972477913,-0.9595421552658081,0.9595421552658081,113,27
2492,16177,base_enriched,mean,-0.0217604823410511,0.022700417786836624,-0.9585939049720764,0.9585939049720764,105,27
2493,191,base_enriched,active_fraction,-0.0014456254430115223,0.0015106730861589313,-0.9569413065910339,0.9569413065910339,32,27
2494,4469,specialized_enriched,max,0.5439329743385315,0.569143533706665,0.955704391002655,0.955704391002655,63,27
2495,13033,specialized_enriched,max,0.5715857148170471,0.5983879566192627,0.9552092552185059,0.9552092552185059,58,27
2496,5624,base_enriched,active_fraction,-0.0011923102429136634,0.0012495035771280527,-0.9542271494865417,0.9542271494865417,27,27
2497,15843,specialized_enriched,max,0.19155459105968475,0.20083317160606384,0.9537995457649231,0.9537995457649231,128,27
2498,7352,specialized_enriched,max,0.1453285664319992,0.1524360626935959,0.953373908996582,0.953373908996582,61,27
2499,16348,specialized_enriched,max,0.06390921771526337,0.06704317778348923,0.9532545804977417,0.9532545804977417,43,27
2500,6419,specialized_enriched,max,0.41094738245010376,0.43136221170425415,0.9526735544204712,0.9526735544204712,160,27
2501,15434,specialized_enriched,max,0.8345282673835754,0.876948356628418,0.9516276121139526,0.9516276121139526,107,27
2502,15748,base_enriched,active_fraction,-0.00234396243467927,0.0024674618616700172,-0.949948787689209,0.949948787689209,50,27
2503,9182,base_enriched,max,-0.5631675124168396,0.5930402278900146,-0.9496278166770935,0.9496278166770935,208,27
2504,10931,base_enriched,active_fraction,-0.0033565473277121782,0.003537987358868122,-0.9487165808677673,0.9487165808677673,159,27
2505,4315,specialized_enriched,max,0.2510136365890503,0.2648555040359497,0.9477380514144897,0.9477380514144897,57,27
2506,11009,base_enriched,mean,-0.028774598613381386,0.0304391048848629,-0.9453168511390686,0.9453168511390686,75,27
2507,5657,base_enriched,mean,-0.005884484387934208,0.006226908881217241,-0.9450089335441589,0.9450089335441589,53,27
2508,4833,specialized_enriched,max,0.653598427772522,0.6943421363830566,0.9413204193115234,0.9413204193115234,184,27
2509,7683,specialized_enriched,max,0.07107891887426376,0.07552444189786911,0.941137969493866,0.941137969493866,32,27
2510,3660,base_enriched,mean,-0.0025491835549473763,0.0027100348379462957,-0.9406460523605347,0.9406460523605347,38,27
2511,499,specialized_enriched,max,0.4502818286418915,0.47896885871887207,0.9401066899299622,0.9401066899299622,99,27
2512,15216,specialized_enriched,max,0.10799050331115723,0.11487260460853577,0.9400892853736877,0.9400892853736877,62,27
2513,14560,base_enriched,mean,-0.1124906912446022,0.11970312893390656,-0.9397472739219666,0.9397472739219666,42,27
2514,10669,base_enriched,mean,-0.004838001914322376,0.005150382407009602,-0.9393481016159058,0.9393481016159058,45,27
2515,9109,specialized_enriched,max,0.036281149834394455,0.03868679329752922,0.9378174543380737,0.9378174543380737,29,27
2516,11269,specialized_enriched,max,0.5924025774002075,0.6317238211631775,0.9377556443214417,0.9377556443214417,150,27
2517,8956,specialized_enriched,max,0.1329546570777893,0.14187686145305634,0.9371130466461182,0.9371130466461182,112,27
2518,4254,specialized_enriched,max,0.3708341717720032,0.3962068259716034,0.9359610676765442,0.9359610676765442,98,27
2519,15001,base_enriched,mean,-0.05095605179667473,0.0544685497879982,-0.9355132579803467,0.9355132579803467,80,27
2520,5068,specialized_enriched,max,0.30744412541389465,0.3294910788536072,0.9330878853797913,0.9330878853797913,136,27
2521,2559,specialized_enriched,max,0.21036887168884277,0.22567451000213623,0.932178258895874,0.932178258895874,72,27
2522,6711,base_enriched,mean,-0.020680101588368416,0.02219252474606037,-0.9318498969078064,0.9318498969078064,157,27
2523,11340,specialized_enriched,max,0.09253238886594772,0.0993225947022438,0.9316348433494568,0.9316348433494568,81,27
2524,9740,specialized_enriched,max,0.4356086850166321,0.46788057684898376,0.9310253858566284,0.9310253858566284,134,27
2525,2145,base_enriched,active_fraction,-0.0021105415653437376,0.002268268261104822,-0.9304638504981995,0.9304638504981995,42,27
2526,962,specialized_enriched,max,0.17249925434589386,0.18547724187374115,0.9300292134284973,0.9300292134284973,48,27
2527,11872,base_enriched,mean,-0.11503620445728302,0.12369289249181747,-0.9300146698951721,0.9300146698951721,59,27
2528,3492,specialized_enriched,max,0.4014289975166321,0.43220245838165283,0.928798496723175,0.928798496723175,154,27
2529,5953,base_enriched,mean,-0.06762386113405228,0.07287562638521194,-0.9279352426528931,0.9279352426528931,178,27
2530,2156,specialized_enriched,max,0.5553920865058899,0.5988675355911255,0.9274039268493652,0.9274039268493652,127,27
2531,6720,base_enriched,mean,-0.03290393576025963,0.03550240024924278,-0.926808774471283,0.926808774471283,158,27
2532,6253,specialized_enriched,max,0.35388028621673584,0.38185790181159973,0.9267328977584839,0.9267328977584839,173,27
2533,6915,specialized_enriched,active_fraction,0.001767122303135693,0.0019076848402619362,0.9263177514076233,0.9263177514076233,47,27
2534,12467,base_enriched,active_fraction,-0.008443808183073997,0.00915112067013979,-0.9227075576782227,0.9227075576782227,184,27
2535,12322,specialized_enriched,mean,0.015857744961977005,0.017258699983358383,0.918826162815094,0.918826162815094,60,27
2536,63,base_enriched,mean,-0.0019106321269646287,0.0020819741766899824,-0.9177021384239197,0.9177021384239197,37,27
2537,1686,specialized_enriched,active_fraction,0.00840711034834385,0.009162956848740578,0.9175106287002563,0.9175106287002563,196,27
2538,12588,base_enriched,active_fraction,-0.005117875058203936,0.005578304175287485,-0.9174607396125793,0.9174607396125793,160,27
2539,1058,specialized_enriched,max,0.2858608663082123,0.31159645318984985,0.9174073338508606,0.9174073338508606,62,27
2540,11796,base_enriched,active_fraction,-0.00817948393523693,0.008916902355849743,-0.9173010587692261,0.9173010587692261,178,27
2541,363,base_enriched,active_fraction,-0.001814250717870891,0.0019807731732726097,-0.9159305691719055,0.9159305691719055,45,27
2542,12711,base_enriched,mean,-0.02928818389773369,0.03199905529618263,-0.9152827858924866,0.9152827858924866,96,27
2543,3664,specialized_enriched,active_fraction,0.008917699567973614,0.009744337759912014,0.9151673316955566,0.9151673316955566,195,27
2544,12911,specialized_enriched,max,0.10604974627494812,0.11596014350652695,0.91453617811203,0.91453617811203,76,27
2545,9991,base_enriched,mean,-0.055682796984910965,0.06088709086179733,-0.9145255088806152,0.9145255088806152,84,27
2546,7584,base_enriched,active_fraction,-0.0028537798207253218,0.0031241741962730885,-0.9134509563446045,0.9134509563446045,88,27
2547,389,base_enriched,mean,-0.008252686820924282,0.009038561023771763,-0.9130531549453735,0.9130531549453735,64,27
2548,11622,specialized_enriched,max,0.09889240562915802,0.10833678394556046,0.9128239154815674,0.9128239154815674,30,27
2549,11185,specialized_enriched,max,0.05835888162255287,0.06396797299385071,0.9123140573501587,0.9123140573501587,35,27
2550,11405,specialized_enriched,active_fraction,0.0014274694258347154,0.0015651625581085682,0.9120262861251831,0.9120262861251831,57,27
2551,37,specialized_enriched,max,0.6735808849334717,0.7412946224212646,0.9086547493934631,0.9086547493934631,61,27
2552,14387,specialized_enriched,max,0.1279544085264206,0.14107614755630493,0.906988263130188,0.906988263130188,119,27
2553,15611,specialized_enriched,mean,0.008911519311368465,0.009837416931986809,0.9058800339698792,0.9058800339698792,40,27
2554,50,base_enriched,mean,-0.0038768912199884653,0.004282053094357252,-0.9053813815116882,0.9053813815116882,47,27
2555,9013,specialized_enriched,max,0.07983089238405228,0.08833523839712143,0.9037264585494995,0.9037264585494995,36,27
2556,13453,specialized_enriched,max,0.5279989242553711,0.5844690799713135,0.9033821225166321,0.9033821225166321,45,27
2557,14464,specialized_enriched,max,0.2633381187915802,0.2921198308467865,0.9014729261398315,0.9014729261398315,178,27
2558,8988,base_enriched,max,-0.24877621233463287,0.27601727843284607,-0.901306688785553,0.901306688785553,36,27
2559,6910,specialized_enriched,max,0.5630686283111572,0.6250717043876648,0.9008064866065979,0.9008064866065979,151,27
2560,10688,base_enriched,mean,-0.010974159464240074,0.012187526561319828,-0.9004418849945068,0.9004418849945068,60,27
2561,5529,base_enriched,active_fraction,-0.005109569523483515,0.005678372923284769,-0.8998298645019531,0.8998298645019531,200,27
2562,531,specialized_enriched,max,0.6167795658111572,0.685560405254364,0.8996720910072327,0.8996720910072327,41,27
2563,8969,base_enriched,mean,-0.013505380600690842,0.015042119659483433,-0.8978375792503357,0.8978375792503357,64,27
2564,9475,specialized_enriched,max,0.8974609375,1.0001438856124878,0.8973318338394165,0.8973318338394165,37,27
2565,8912,base_enriched,active_fraction,-0.005687279161065817,0.006343652494251728,-0.8965306878089905,0.8965306878089905,79,27
2566,4905,specialized_enriched,max,0.23814527690410614,0.26656556129455566,0.8933835029602051,0.8933835029602051,106,27
2567,3833,specialized_enriched,max,0.1458663046360016,0.16358183324337006,0.8917023539543152,0.8917023539543152,97,27
2568,6930,base_enriched,mean,-0.03706948831677437,0.04165462777018547,-0.8899248242378235,0.8899248242378235,65,27
2569,8497,specialized_enriched,active_fraction,0.0031085435766726732,0.003498522797599435,0.8885303139686584,0.8885303139686584,71,27
2570,4906,base_enriched,mean,-0.011474416591227055,0.012924685142934322,-0.8877907991409302,0.8877907991409302,29,27
2571,9962,base_enriched,mean,-0.022550173103809357,0.02540764957666397,-0.8875347971916199,0.8875347971916199,129,27
2572,14104,base_enriched,active_fraction,-0.0024506773333996534,0.002762547926977277,-0.8871076107025146,0.8871076107025146,91,27
2573,5439,base_enriched,active_fraction,-0.0077712624333798885,0.008765505626797676,-0.8865731954574585,0.8865731954574585,174,27
2574,14895,base_enriched,active_fraction,-0.0013577424688264728,0.0015316152712330222,-0.8864774703979492,0.8864774703979492,49,27
2575,13984,specialized_enriched,active_fraction,0.002166265156120062,0.0024454479571431875,0.8858357071876526,0.8858357071876526,95,27
2576,2168,specialized_enriched,max,0.0465536005795002,0.052556511014699936,0.8857817649841309,0.8857817649841309,27,27
2577,1621,specialized_enriched,max,0.2619103491306305,0.2958982288837433,0.885136604309082,0.885136604309082,170,27
2578,2778,specialized_enriched,max,0.4201938211917877,0.4748832881450653,0.884835958480835,0.884835958480835,185,27
2579,5462,base_enriched,mean,-0.016496488824486732,0.01866139844059944,-0.8839899301528931,0.8839899301528931,45,27
2580,5341,specialized_enriched,max,0.1306554079055786,0.14803370833396912,0.882605791091919,0.882605791091919,71,27
2581,10844,base_enriched,max,-0.891836404800415,1.0125306844711304,-0.880799412727356,0.880799412727356,146,27
2582,768,base_enriched,mean,-0.04677823185920715,0.053116053342819214,-0.880679726600647,0.880679726600647,55,27
2583,15957,base_enriched,active_fraction,-0.0023272549733519554,0.0026431612204760313,-0.8804816603660583,0.8804816603660583,69,27
2584,7260,specialized_enriched,mean,0.019511163234710693,0.022165192291140556,0.8802614212036133,0.8802614212036133,92,27
2585,4362,specialized_enriched,max,0.10431912541389465,0.11855750530958176,0.8799031972885132,0.8799031972885132,55,27
2586,13459,base_enriched,mean,-0.044338177889585495,0.05042024329304695,-0.8793725371360779,0.8793725371360779,143,27
2587,7188,base_enriched,mean,-0.026714758947491646,0.030380025506019592,-0.8793527483940125,0.8793527483940125,178,27
2588,2405,specialized_enriched,max,0.35498663783073425,0.40398868918418884,0.8787043690681458,0.8787043690681458,35,27
2589,8640,specialized_enriched,max,0.5152912139892578,0.5867743492126465,0.8781760931015015,0.8781760931015015,62,27
2590,5827,base_enriched,active_fraction,-0.0015137104783207178,0.0017244442133232951,-0.8777961134910583,0.8777961134910583,57,27
2591,2059,base_enriched,active_fraction,-0.0055816262029111385,0.006362104322761297,-0.8773239254951477,0.8773239254951477,128,27
2592,841,specialized_enriched,max,0.04299347475171089,0.049109235405921936,0.8754661679267883,0.8754661679267883,42,27
2593,7792,base_enriched,mean,-0.026250138878822327,0.02999800443649292,-0.8750628232955933,0.8750628232955933,101,27
2594,2418,base_enriched,active_fraction,-0.0027826044242829084,0.0031806165352463722,-0.8748632073402405,0.8748632073402405,29,27
2595,9214,specialized_enriched,active_fraction,0.002427982399240136,0.002781274262815714,0.8729748129844666,0.8729748129844666,105,27
2596,11552,base_enriched,mean,-0.01094132475554943,0.012540697120130062,-0.8724654316902161,0.8724654316902161,41,27
2597,10401,specialized_enriched,max,0.11925806105136871,0.1369955688714981,0.8705249428749084,0.8705249428749084,74,27
2598,4723,specialized_enriched,max,0.1887855976819992,0.21692915260791779,0.8702638149261475,0.8702638149261475,98,27
2599,10686,base_enriched,max,-0.3626631796360016,0.4170253872871399,-0.8696429133415222,0.8696429133415222,65,27
2600,7004,specialized_enriched,max,0.44483038783073425,0.512055516242981,0.8687151670455933,0.8687151670455933,205,27
2601,13341,specialized_enriched,active_fraction,0.008497890084981918,0.009807270020246506,0.8664888739585876,0.8664888739585876,50,27
2602,15184,specialized_enriched,max,0.08748269081115723,0.10116387158632278,0.8647621870040894,0.8647621870040894,29,27
2603,16217,base_enriched,mean,-0.01478171069175005,0.017170948907732964,-0.860855758190155,0.860855758190155,58,27
2604,10648,specialized_enriched,active_fraction,0.005025646183639765,0.005838986951857805,0.8607051372528076,0.8607051372528076,66,27
2605,15071,specialized_enriched,max,0.1224040761590004,0.14234741032123566,0.8598967790603638,0.8598967790603638,29,27
2606,1927,specialized_enriched,max,0.12217538803815842,0.1421055793762207,0.8597508072853088,0.8597508072853088,107,27
2607,2942,base_enriched,active_fraction,-0.0026767586823552847,0.0031138756312429905,-0.8596228361129761,0.8596228361129761,75,27
2608,735,specialized_enriched,max,0.3935176134109497,0.45780274271965027,0.8595789670944214,0.8595789670944214,165,27
2609,8457,base_enriched,mean,-0.028204036876559258,0.032821036875247955,-0.859328031539917,0.859328031539917,238,27
2610,2322,specialized_enriched,active_fraction,0.0018694914178922772,0.0021756428759545088,0.8592823147773743,0.8592823147773743,43,27
2611,896,specialized_enriched,max,0.42883455753326416,0.49912315607070923,0.8591758608818054,0.8591758608818054,86,27
2612,6304,base_enriched,mean,-0.0024334872141480446,0.0028337209951132536,-0.8587603569030762,0.8587603569030762,45,27
2613,14239,specialized_enriched,active_fraction,0.0013338886201381683,0.0015547622460871935,0.8579373359680176,0.8579373359680176,65,27
2614,16331,base_enriched,mean,-0.00368412840180099,0.004294499754905701,-0.8578713536262512,0.8578713536262512,27,27
2615,280,base_enriched,active_fraction,-0.0012686041882261634,0.0014808649430051446,-0.8566643595695496,0.8566643595695496,40,27
2616,4829,base_enriched,mean,-0.03274613246321678,0.038234297186136246,-0.8564596176147461,0.8564596176147461,213,27
2617,4720,specialized_enriched,max,0.08374950289726257,0.09787315130233765,0.8556943535804749,0.8556943535804749,45,27
2618,158,specialized_enriched,max,0.19067691266536713,0.2235569804906845,0.8529230952262878,0.8529230952262878,182,27
2619,5536,specialized_enriched,max,0.4026033282279968,0.4720509648323059,0.8528810739517212,0.8528810739517212,149,27
2620,9102,base_enriched,mean,-0.03341694176197052,0.03927253931760788,-0.8508984446525574,0.8508984446525574,71,27
2621,932,specialized_enriched,max,0.2490605264902115,0.293115496635437,0.8497009873390198,0.8497009873390198,73,27
2622,12670,base_enriched,mean,-0.01401577703654766,0.016511473804712296,-0.8488507866859436,0.8488507866859436,99,27
2623,4200,base_enriched,active_fraction,-0.006075315643101931,0.007173004560172558,-0.8469694256782532,0.8469694256782532,93,27
2624,15385,specialized_enriched,active_fraction,0.0016226466977968812,0.0019176513887941837,0.8461635708808899,0.8461635708808899,41,27
2625,11947,specialized_enriched,max,0.322648823261261,0.3820989429950714,0.8444117307662964,0.8444117307662964,228,27
2626,10720,base_enriched,mean,-0.0441918671131134,0.052353762090206146,-0.844101071357727,0.844101071357727,96,27
2627,16209,specialized_enriched,max,0.05995352193713188,0.0711495578289032,0.8426408171653748,0.8426408171653748,64,27
2628,14772,specialized_enriched,max,0.05796331167221069,0.06879555433988571,0.842544436454773,0.842544436454773,39,27
2629,1238,base_enriched,mean,-0.006379718892276287,0.007588746026158333,-0.8406815528869629,0.8406815528869629,58,27
2630,9432,specialized_enriched,active_fraction,0.002346763154491782,0.002792932791635394,0.8402504920959473,0.8402504920959473,50,27
2631,6364,specialized_enriched,active_fraction,0.0016204254934564233,0.0019331237999722362,0.8382419943809509,0.8382419943809509,50,27
2632,1274,base_enriched,mean,-0.011311591602861881,0.013498345389962196,-0.8379983901977539,0.8379983901977539,57,27
2633,6254,base_enriched,active_fraction,-0.001797639881260693,0.002150941174477339,-0.8357456922531128,0.8357456922531128,33,27
2634,8959,specialized_enriched,max,0.05866174027323723,0.07022788375616074,0.8353055119514465,0.8353055119514465,47,27
2635,3310,base_enriched,mean,-0.048633817583322525,0.05825098603963852,-0.8349012136459351,0.8349012136459351,155,27
2636,14938,specialized_enriched,max,0.08867558091878891,0.10621650516986847,0.8348568677902222,0.8348568677902222,84,27
2637,12126,specialized_enriched,max,0.24716921150684357,0.2968178987503052,0.8327301144599915,0.8327301144599915,153,27
2638,9940,base_enriched,active_fraction,-0.005645558703690767,0.006781266536563635,-0.8325227499008179,0.8325227499008179,198,27
2639,2856,specialized_enriched,max,0.2878139913082123,0.34601134061813354,0.8318051099777222,0.8318051099777222,237,27
2640,9096,specialized_enriched,max,0.3820831775665283,0.4595330059528351,0.8314597010612488,0.8314597010612488,61,27
2641,14221,specialized_enriched,max,0.416089802980423,0.5012335181236267,0.8301316499710083,0.8301316499710083,72,27
2642,3764,base_enriched,mean,-0.0354289785027504,0.04269004613161087,-0.8299119472503662,0.8299119472503662,40,27
2643,14075,specialized_enriched,max,0.5130290985107422,0.6195234656333923,0.8281027674674988,0.8281027674674988,37,27
2644,13529,base_enriched,mean,-0.014117083512246609,0.017072133719921112,-0.8269079923629761,0.8269079923629761,30,27
2645,13932,base_enriched,mean,-0.01660861261188984,0.020086467266082764,-0.8268558382987976,0.8268558382987976,80,27
2646,11424,specialized_enriched,mean,0.009432249702513218,0.011407772079110146,0.8268266320228577,0.8268266320228577,65,27
2647,14777,base_enriched,mean,-0.018038785085082054,0.02181694656610489,-0.8268244862556458,0.8268244862556458,46,27
2648,9040,base_enriched,active_fraction,-0.0013657582458108664,0.00165466102771461,-0.8254006505012512,0.8254006505012512,79,27
2649,9477,specialized_enriched,max,0.257886677980423,0.3126790225505829,0.8247649073600769,0.8247649073600769,238,27
2650,4149,specialized_enriched,max,0.8044279217720032,0.9756364226341248,0.8245160579681396,0.8245160579681396,95,27
2651,2779,specialized_enriched,max,0.3869536221027374,0.4695722758769989,0.8240554928779602,0.8240554928779602,122,27
2652,13830,specialized_enriched,max,0.16883406043052673,0.2049858272075653,0.8236377239227295,0.8236377239227295,65,27
2653,10178,base_enriched,max,-0.40722039341926575,0.4959569573402405,-0.8210800886154175,0.8210800886154175,218,27
2654,8750,base_enriched,mean,-0.015325811691582203,0.018731189891695976,-0.8181974291801453,0.8181974291801453,63,27
2655,12615,specialized_enriched,max,0.38066157698631287,0.46532177925109863,0.8180609345436096,0.8180609345436096,200,27
2656,8026,specialized_enriched,max,0.14984053373336792,0.18321558833122253,0.8178372383117676,0.8178372383117676,122,27
2657,8998,specialized_enriched,mean,0.06263481825590134,0.07660876214504242,0.8175933957099915,0.8175933957099915,198,27
2658,11481,base_enriched,mean,-0.03106032684445381,0.03802400827407837,-0.8168609142303467,0.8168609142303467,83,27
2659,13658,base_enriched,active_fraction,-0.00314417970366776,0.0038531282916665077,-0.8160070180892944,0.8160070180892944,203,27
2660,6416,base_enriched,mean,-0.008803162723779678,0.010800160467624664,-0.8150955438613892,0.8150955438613892,117,27
2661,9540,base_enriched,mean,-0.07473445683717728,0.09179618209600449,-0.8141347169876099,0.8141347169876099,170,27
2662,14608,base_enriched,max,-0.05052165687084198,0.06205648556351662,-0.8141236901283264,0.8141236901283264,28,27
2663,6142,base_enriched,active_fraction,-0.0025265850126743317,0.0031036161817610264,-0.8140777945518494,0.8140777945518494,68,27
2664,5549,base_enriched,mean,-0.01727275550365448,0.021224435418844223,-0.8138145804405212,0.8138145804405212,142,27
2665,9396,base_enriched,active_fraction,-0.000857196282595396,0.0010534117463976145,-0.8137333393096924,0.8137333393096924,28,27
2666,5915,specialized_enriched,max,0.3458901047706604,0.4255407750606537,0.8128248453140259,0.8128248453140259,133,27
2667,9918,specialized_enriched,mean,0.005308899562805891,0.006532732862979174,0.812661349773407,0.812661349773407,99,27
2668,12970,base_enriched,mean,-0.05879153311252594,0.07234536111354828,-0.8126510381698608,0.8126510381698608,61,27
2669,8190,specialized_enriched,active_fraction,0.0027252391446381807,0.0033653457649052143,0.8097947239875793,0.8097947239875793,52,27
2670,8855,specialized_enriched,max,0.2588508725166321,0.3199968636035919,0.8089169263839722,0.8089169263839722,72,27
2671,4670,base_enriched,active_fraction,-0.007582266349345446,0.009376861155033112,-0.8086145520210266,0.8086145520210266,76,27
2672,5799,base_enriched,mean,-0.04213994741439819,0.0521693229675293,-0.8077533841133118,0.8077533841133118,203,27
2673,8983,specialized_enriched,max,0.20788419246673584,0.25760915875434875,0.8069751858711243,0.8069751858711243,60,27
2674,6874,specialized_enriched,max,0.10103713721036911,0.12545374035835266,0.8053736686706543,0.8053736686706543,102,27
2675,15715,specialized_enriched,max,0.10477650165557861,0.13050289452075958,0.8028672337532043,0.8028672337532043,86,27
2676,13928,specialized_enriched,max,0.46333563327789307,0.5776185393333435,0.802148163318634,0.802148163318634,69,27
2677,3668,base_enriched,active_fraction,-0.0012021608417853713,0.0014989894116297364,-0.8019808530807495,0.8019808530807495,47,27
2678,7066,specialized_enriched,max,0.14823971688747406,0.18511728942394257,0.8007880449295044,0.8007880449295044,176,27
2679,9335,base_enriched,active_fraction,-0.0037854351103305817,0.004730446729809046,-0.8002278208732605,0.8002278208732605,69,27
2680,15339,specialized_enriched,max,0.05148585885763168,0.0643976554274559,0.799498975276947,0.799498975276947,34,27
2681,15175,base_enriched,mean,-0.016994813457131386,0.021263016387820244,-0.7992663383483887,0.7992663383483887,71,27
2682,13265,specialized_enriched,max,0.28793761134147644,0.36104103922843933,0.7975204586982727,0.7975204586982727,88,27
2683,173,base_enriched,active_fraction,-0.0027616475708782673,0.003464199835434556,-0.7971963882446289,0.7971963882446289,82,27
2684,12291,specialized_enriched,max,0.29609623551368713,0.37159720063209534,0.7968204021453857,0.7968204021453857,70,27
2685,12433,base_enriched,mean,-0.04151839390397072,0.05210932716727257,-0.7967554926872253,0.7967554926872253,135,27
2686,5957,specialized_enriched,max,0.08703767508268356,0.10963986814022064,0.7938506007194519,0.7938506007194519,127,27
2687,15402,specialized_enriched,active_fraction,0.0029882118105888367,0.003764853347092867,0.7937126755714417,0.7937126755714417,267,27
2688,8467,base_enriched,active_fraction,-0.004294093698263168,0.005417611449956894,-0.7926174998283386,0.7926174998283386,50,27
2689,4182,base_enriched,active_fraction,-0.0055800811387598515,0.007042973767966032,-0.7922905087471008,0.7922905087471008,186,27
2690,7128,specialized_enriched,max,0.10863330960273743,0.137160986661911,0.7920131683349609,0.7920131683349609,46,27
2691,4082,base_enriched,active_fraction,-0.0020640892907977104,0.00261122127994895,-0.7904689311981201,0.7904689311981201,36,27
2692,13720,specialized_enriched,max,0.48386818170547485,0.6130226850509644,0.7893152832984924,0.7893152832984924,204,27
2693,2167,base_enriched,active_fraction,-0.007225712761282921,0.009171389043331146,-0.7878537178039551,0.7878537178039551,118,27
2694,532,specialized_enriched,max,0.11322562396526337,0.14376311004161835,0.787584662437439,0.787584662437439,129,27
2695,4301,specialized_enriched,active_fraction,0.0029639715794473886,0.0037660289090126753,0.7870283722877502,0.7870283722877502,78,27
2696,1945,specialized_enriched,max,0.2730666399002075,0.34739410877227783,0.7860428094863892,0.7860428094863892,257,27
2697,5875,base_enriched,mean,-0.06067724898457527,0.07725232094526291,-0.7854424118995667,0.7854424118995667,153,27
2698,217,specialized_enriched,active_fraction,0.007607955019921064,0.009694891050457954,0.7847386002540588,0.7847386002540588,111,27
2699,2459,specialized_enriched,active_fraction,0.001639643800444901,0.002090764231979847,0.7842317819595337,0.7842317819595337,69,27
2700,14234,specialized_enriched,max,0.1832723468542099,0.23383469879627228,0.7837688326835632,0.7837688326835632,146,27
2701,2981,base_enriched,mean,-0.01988355442881584,0.025374477729201317,-0.7836045026779175,0.7836045026779175,253,27
2702,13188,specialized_enriched,max,0.45235857367515564,0.577565610408783,0.7832158803939819,0.7832158803939819,124,27
2703,9971,specialized_enriched,max,0.27037182450294495,0.3452274799346924,0.7831700444221497,0.7831700444221497,100,27
2704,11739,specialized_enriched,max,0.41850030422210693,0.5344029664993286,0.7831174731254578,0.7831174731254578,159,27
2705,481,base_enriched,mean,-0.04822830110788345,0.061753664165735245,-0.780978798866272,0.780978798866272,100,27
2706,4933,specialized_enriched,mean,0.032954636961221695,0.042199406772851944,0.780926525592804,0.780926525592804,105,27
2707,12994,specialized_enriched,max,0.7150909900665283,0.9164718389511108,0.7802650928497314,0.7802650928497314,118,27
2708,5126,specialized_enriched,max,0.6004685163497925,0.7713372707366943,0.7784772515296936,0.7784772515296936,44,27
2709,10265,specialized_enriched,max,0.4008541703224182,0.5158441662788391,0.7770838737487793,0.7770838737487793,56,27
2710,1668,base_enriched,mean,-0.029111258685588837,0.03752199187874794,-0.7758452296257019,0.7758452296257019,110,27
2711,8488,base_enriched,active_fraction,-0.004061155486851931,0.005242464132606983,-0.774665355682373,0.774665355682373,69,27
2712,10860,specialized_enriched,max,0.3454682528972626,0.44717711210250854,0.7725535035133362,0.7725535035133362,89,27
2713,8363,base_enriched,active_fraction,-0.0011561912251636386,0.0015002739382907748,-0.7706534266471863,0.7706534266471863,34,27
2714,16099,specialized_enriched,max,0.05771607905626297,0.07489807158708572,0.7705950140953064,0.7705950140953064,65,27
2715,14502,specialized_enriched,mean,0.03235452249646187,0.042180418968200684,0.7670507431030273,0.7670507431030273,47,27
2716,8289,specialized_enriched,max,0.512930154800415,0.6698369979858398,0.7657536864280701,0.7657536864280701,161,27
2717,1078,specialized_enriched,max,0.04372280463576317,0.057245101779699326,0.7637824416160583,0.7637824416160583,30,27
2718,2204,specialized_enriched,max,0.08103614300489426,0.10640987008810043,0.7615472674369812,0.7615472674369812,38,27
2719,7380,base_enriched,mean,-0.00585000729188323,0.007685741409659386,-0.7611506581306458,0.7611506581306458,32,27
2720,6498,base_enriched,max,-0.589077353477478,0.7759608030319214,-0.7591586709022522,0.7591586709022522,192,27
2721,3305,specialized_enriched,max,0.05139932781457901,0.06774129718542099,0.7587591409683228,0.7587591409683228,27,27
2722,14080,base_enriched,mean,-0.029057370498776436,0.0383467860519886,-0.7577524185180664,0.7577524185180664,34,27
2723,7724,specialized_enriched,max,0.0999431386590004,0.13194943964481354,0.7574350833892822,0.7574350833892822,216,27
2724,1537,specialized_enriched,max,0.1132688894867897,0.14957568049430847,0.7572680711746216,0.7572680711746216,114,27
2725,8250,base_enriched,active_fraction,-0.003688184544444084,0.004881362430751324,-0.7555645704269409,0.7555645704269409,61,27
2726,13277,specialized_enriched,max,0.1545935571193695,0.2046828716993332,0.7552832961082458,0.7552832961082458,64,27
2727,9293,specialized_enriched,max,0.569162905216217,0.7542868256568909,0.7545709013938904,0.7545709013938904,201,27
2728,4768,base_enriched,mean,-0.018756141886115074,0.024863818660378456,-0.7543548345565796,0.7543548345565796,34,27
2729,2422,specialized_enriched,max,0.30587419867515564,0.4076043367385864,0.7504193782806396,0.7504193782806396,157,27
2730,9711,specialized_enriched,max,0.2040768414735794,0.27214351296424866,0.7498868703842163,0.7498868703842163,61,27
2731,8446,specialized_enriched,max,0.10302115976810455,0.13757726550102234,0.7488240003585815,0.7488240003585815,102,27
2732,2564,base_enriched,mean,-0.004093025345355272,0.005470344331115484,-0.7482208013534546,0.7482208013534546,53,27
2733,9449,specialized_enriched,max,0.10472087562084198,0.14032892882823944,0.7462529540061951,0.7462529540061951,93,27
2734,13252,specialized_enriched,max,0.5844541192054749,0.7855258584022522,0.7440291047096252,0.7440291047096252,99,27
2735,5056,base_enriched,mean,-0.02999839372932911,0.040320511907339096,-0.7439983487129211,0.7439983487129211,215,27
2736,10444,specialized_enriched,max,0.5046355724334717,0.6793836951255798,0.742784321308136,0.742784321308136,199,27
2737,8870,base_enriched,mean,-0.05988446995615959,0.08072755485773087,-0.7418095469474792,0.7418095469474792,178,27
2738,1615,base_enriched,active_fraction,-0.0027015781961381435,0.003648076904937625,-0.7405486106872559,0.7405486106872559,82,27
2739,12826,specialized_enriched,max,0.16015006601810455,0.21636927127838135,0.7401701211929321,0.7401701211929321,70,27
2740,6159,base_enriched,mean,-0.030599279329180717,0.04138392210006714,-0.7394001483917236,0.7394001483917236,104,27
2741,8202,specialized_enriched,max,0.46143195033073425,0.6244838237762451,0.7389013767242432,0.7389013767242432,219,27
2742,6891,specialized_enriched,max,0.1528073102235794,0.20685328543186188,0.7387231588363647,0.7387231588363647,115,27
2743,10718,base_enriched,mean,-0.012120500206947327,0.016427382826805115,-0.737822949886322,0.737822949886322,47,27
2744,1586,specialized_enriched,max,0.32761818170547485,0.4446180760860443,0.7368530631065369,0.7368530631065369,63,27
2745,10210,base_enriched,mean,-0.025302549824118614,0.03435685858130455,-0.7364628314971924,0.7364628314971924,146,27
2746,12505,specialized_enriched,max,0.38299793004989624,0.52723628282547,0.7264255881309509,0.7264255881309509,43,27
2747,640,base_enriched,active_fraction,-0.004393855109810829,0.006057655904442072,-0.7253391742706299,0.7253391742706299,210,27
2748,7097,base_enriched,mean,-0.005652125924825668,0.007819218561053276,-0.722850501537323,0.722850501537323,58,27
2749,1916,specialized_enriched,active_fraction,0.002803078154101968,0.0038876913022249937,0.7210135459899902,0.7210135459899902,134,27
2750,14362,base_enriched,mean,-0.0036147877108305693,0.005021469667553902,-0.7198664546012878,0.7198664546012878,45,27
2751,2846,specialized_enriched,max,0.12758664786815643,0.17747794091701508,0.7188873291015625,0.7188873291015625,75,27
2752,12657,specialized_enriched,max,0.30838361382484436,0.4321875274181366,0.7135412096977234,0.7135412096977234,64,27
2753,14442,base_enriched,mean,-0.018216097727417946,0.02554558590054512,-0.7130820155143738,0.7130820155143738,215,27
2754,10192,base_enriched,active_fraction,-0.0025321864522993565,0.0035707014612853527,-0.7091565728187561,0.7091565728187561,72,27
2755,10027,base_enriched,active_fraction,-0.0060608298517763615,0.008546737022697926,-0.7091396450996399,0.7091396450996399,87,27
2756,10751,specialized_enriched,max,0.12865902483463287,0.1815323829650879,0.7087386846542358,0.7087386846542358,138,27
2757,14606,specialized_enriched,max,0.697117269039154,0.9867731332778931,0.7064615488052368,0.7064615488052368,194,27
2758,4681,specialized_enriched,mean,0.025807248428463936,0.03656243532896042,0.705840528011322,0.705840528011322,68,27
2759,13754,specialized_enriched,max,0.49944373965263367,0.7078250050544739,0.7056034207344055,0.7056034207344055,79,27
2760,11975,specialized_enriched,max,0.7055355310440063,1.0007418394088745,0.7050125002861023,0.7050125002861023,144,27
2761,1985,specialized_enriched,mean,0.009625977836549282,0.013654731214046478,0.704955518245697,0.704955518245697,37,27
2762,16286,base_enriched,mean,-0.01347756665199995,0.019178194925189018,-0.7027546763420105,0.7027546763420105,63,27
2763,11227,specialized_enriched,max,0.10952334105968475,0.1560618281364441,0.7017945647239685,0.7017945647239685,51,27
2764,1932,specialized_enriched,mean,0.004662525840103626,0.0066451216116547585,0.7016464471817017,0.7016464471817017,53,27
2765,9959,specialized_enriched,max,0.10588286072015762,0.15116438269615173,0.7004484534263611,0.7004484534263611,99,27
2766,14983,base_enriched,mean,-0.005689983256161213,0.008124998770654202,-0.7003057599067688,0.7003057599067688,31,27
2767,2549,base_enriched,active_fraction,-0.0008091021445579827,0.001156120328232646,-0.6998425126075745,0.6998425126075745,36,27
2768,9878,base_enriched,mean,-0.039775606244802475,0.05688541382551193,-0.6992232799530029,0.6992232799530029,72,27
2769,12593,base_enriched,mean,-0.0024294310715049505,0.0034760732669383287,-0.6989009976387024,0.6989009976387024,44,27
2770,10805,specialized_enriched,max,0.20365653932094574,0.2914879322052002,0.6986791491508484,0.6986791491508484,135,27
2771,9448,base_enriched,max,-0.18904519081115723,0.27092060446739197,-0.6977881789207458,0.6977881789207458,55,27
2772,9559,specialized_enriched,max,0.565812885761261,0.8110564351081848,0.6976245641708374,0.6976245641708374,170,27
2773,7594,base_enriched,mean,-0.0633201152086258,0.09084241092205048,-0.6970325112342834,0.6970325112342834,109,27
2774,4135,base_enriched,active_fraction,-0.005077796522527933,0.007306407671421766,-0.6949785351753235,0.6949785351753235,158,27
2775,7914,base_enriched,mean,-0.03192389756441116,0.0459475964307785,-0.6947892904281616,0.6947892904281616,182,27
2776,12355,specialized_enriched,active_fraction,0.00141230714507401,0.002034732373431325,0.6940997242927551,0.6940997242927551,53,27
2777,1209,specialized_enriched,active_fraction,0.0018825290026143193,0.002714940346777439,0.6933960914611816,0.6933960914611816,28,27
2778,14922,specialized_enriched,max,0.12521015107631683,0.1808161586523056,0.6924721598625183,0.6924721598625183,51,27
2779,593,specialized_enriched,max,0.19185127317905426,0.27711814641952515,0.6923086047172546,0.6923086047172546,130,27
2780,4390,specialized_enriched,max,0.4186115562915802,0.6055098176002502,0.6913373470306396,0.6913373470306396,145,27
2781,9539,base_enriched,active_fraction,-0.006661716848611832,0.00963815301656723,-0.6911818981170654,0.6911818981170654,103,27
2782,1311,specialized_enriched,max,0.04886521026492119,0.07083511352539062,0.6898444294929504,0.6898444294929504,33,27
2783,10321,specialized_enriched,max,0.5967291593551636,0.8656167984008789,0.689368724822998,0.689368724822998,100,27
2784,7390,base_enriched,mean,-0.07326353341341019,0.10630359500646591,-0.6891915202140808,0.6891915202140808,79,27
2785,3536,specialized_enriched,max,0.1345493048429489,0.19538167119026184,0.688648521900177,0.688648521900177,106,27
2786,3130,specialized_enriched,mean,0.0027446504682302475,0.003995723556727171,0.6868969798088074,0.6868969798088074,40,27
2787,9354,specialized_enriched,max,0.6671281456947327,0.9721588492393494,0.6862336993217468,0.6862336993217468,99,27
2788,770,specialized_enriched,max,0.2665891945362091,0.3888188898563385,0.6856384873390198,0.6856384873390198,119,27
2789,2077,specialized_enriched,max,0.28815391659736633,0.4213402569293976,0.683898389339447,0.683898389339447,81,27
2790,7033,base_enriched,active_fraction,-0.002486506709828973,0.003647442674264312,-0.6817123293876648,0.6817123293876648,147,27
2791,13307,specialized_enriched,max,0.1149253398180008,0.16889655590057373,0.6804481148719788,0.6804481148719788,54,27
2792,3183,base_enriched,mean,-0.015013296157121658,0.022071795538067818,-0.6802027821540833,0.6802027821540833,62,27
2793,4852,base_enriched,active_fraction,-0.0021134389098733664,0.0031089491676539183,-0.679792046546936,0.679792046546936,47,27
2794,1874,base_enriched,mean,-0.0170064028352499,0.025111446157097816,-0.6772370934486389,0.6772370934486389,158,27
2795,10970,specialized_enriched,max,0.4583786725997925,0.6781442165374756,0.6759309768676758,0.6759309768676758,198,27
2796,9499,specialized_enriched,max,0.09781695157289505,0.1447824090719223,0.675613522529602,0.675613522529602,45,27
2797,12820,specialized_enriched,max,0.5469120740890503,0.815313994884491,0.6707993149757385,0.6707993149757385,90,27
2798,7227,base_enriched,active_fraction,-0.0049254982732236385,0.007349009625613689,-0.6702261567115784,0.6702261567115784,87,27
2799,1437,base_enriched,active_fraction,-0.0015553341945633292,0.0023399346973747015,-0.6646912693977356,0.6646912693977356,39,27
2800,1969,base_enriched,mean,-0.03543071448802948,0.05332336202263832,-0.6644501090049744,0.6644501090049744,94,27
2801,8642,base_enriched,mean,-0.016910601407289505,0.025461537763476372,-0.6641626358032227,0.6641626358032227,114,27
2802,11432,specialized_enriched,active_fraction,0.001475370372645557,0.0022226758301258087,0.6637811660766602,0.6637811660766602,66,27
2803,5045,specialized_enriched,max,0.3499554991722107,0.5299925804138184,0.6603026390075684,0.6603026390075684,95,27
2804,1572,specialized_enriched,active_fraction,0.0007949056453071535,0.0012039574794471264,0.6602439284324646,0.6602439284324646,46,27
2805,15546,base_enriched,mean,-0.01493062824010849,0.022628599777817726,-0.6598122715950012,0.6598122715950012,75,27
2806,1573,specialized_enriched,max,0.08053550124168396,0.12214187532663345,0.6593602895736694,0.6593602895736694,71,27
2807,9753,specialized_enriched,max,0.053272102028131485,0.08100675046443939,0.6576254367828369,0.6576254367828369,34,27
2808,14680,specialized_enriched,active_fraction,0.004379465710371733,0.006684730760753155,0.6551446914672852,0.6551446914672852,102,27
2809,8952,specialized_enriched,max,0.7037431001663208,1.074622392654419,0.6548748016357422,0.6548748016357422,28,27
2810,2590,base_enriched,active_fraction,-0.0020950897596776485,0.0032027671113610268,-0.6541498899459839,0.6541498899459839,40,27
2811,808,base_enriched,mean,-0.004204858560115099,0.006434895563870668,-0.6534462571144104,0.6534462571144104,51,27
2812,11972,base_enriched,active_fraction,-0.0016500739147886634,0.002529231598600745,-0.6524012684822083,0.6524012684822083,49,27
2813,4528,specialized_enriched,max,0.46277937293052673,0.7098336219787598,0.651954710483551,0.651954710483551,151,27
2814,6772,specialized_enriched,max,0.10648239403963089,0.1634102165699005,0.6516262888908386,0.6516262888908386,70,27
2815,2712,base_enriched,mean,-0.020388059318065643,0.03144412860274315,-0.648389995098114,0.648389995098114,36,27
2816,12728,specialized_enriched,max,0.10143888741731644,0.15672357380390167,0.6472471356391907,0.6472471356391907,87,27
2817,15161,specialized_enriched,active_fraction,0.003216417506337166,0.004970536567270756,0.6470966339111328,0.6470966339111328,191,27
2818,8078,base_enriched,mean,-0.015283511951565742,0.023658648133277893,-0.6460010409355164,0.6460010409355164,82,27
2819,15186,base_enriched,mean,-0.024591760709881783,0.03807392343878746,-0.6458951234817505,0.6458951234817505,43,27
2820,14562,specialized_enriched,max,0.14020471274852753,0.21803916990756989,0.6430253386497498,0.6430253386497498,126,27
2821,11177,specialized_enriched,max,0.07122725248336792,0.1108170822262764,0.6427461504936218,0.6427461504936218,34,27
2822,7153,base_enriched,mean,-0.03547359257936478,0.055422261357307434,-0.6400603652000427,0.6400603652000427,170,27
2823,8900,base_enriched,active_fraction,-0.006967858411371708,0.01092286966741085,-0.6379146575927734,0.6379146575927734,203,27
2824,1233,specialized_enriched,max,0.24598249793052673,0.38723137974739075,0.6352338790893555,0.6352338790893555,104,27
2825,15015,specialized_enriched,max,0.054409366101026535,0.0859047919511795,0.6333682537078857,0.6333682537078857,54,27
2826,10763,specialized_enriched,max,0.057567741721868515,0.09095689654350281,0.6329123377799988,0.6329123377799988,105,27
2827,1644,base_enriched,mean,-0.006192460656166077,0.009805288165807724,-0.631542980670929,0.631542980670929,44,27
2828,3732,base_enriched,mean,-0.004509068559855223,0.007149999495595694,-0.6306390166282654,0.6306390166282654,66,27
2829,8783,specialized_enriched,max,0.4404173195362091,0.6984550356864929,0.6305593252182007,0.6305593252182007,108,27
2830,4388,specialized_enriched,max,0.5526045560836792,0.8790664672851562,0.6286265850067139,0.6286265850067139,112,27
2831,13797,specialized_enriched,max,0.08211778104305267,0.13068169355392456,0.6283801198005676,0.6283801198005676,70,27
2832,3558,base_enriched,mean,-0.01619063690304756,0.025848284363746643,-0.6263718008995056,0.6263718008995056,78,27
2833,14009,specialized_enriched,max,0.15502621233463287,0.2475627213716507,0.6262098550796509,0.6262098550796509,79,27
2834,436,base_enriched,mean,-0.025302452966570854,0.040609318763017654,-0.6230701208114624,0.6230701208114624,61,27
2835,10427,specialized_enriched,max,0.2583811283111572,0.42010045051574707,0.6150460839271545,0.6150460839271545,117,27
2836,11457,specialized_enriched,active_fraction,0.0009416025131940842,0.0015358843374997377,0.6130686402320862,0.6130686402320862,44,27
2837,8152,base_enriched,active_fraction,-0.005479064304381609,0.008943988010287285,-0.6125974655151367,0.6125974655151367,237,27
2838,12428,specialized_enriched,mean,0.004143050871789455,0.00676390528678894,0.6125234961509705,0.6125234961509705,73,27
2839,10912,specialized_enriched,max,0.09630884230136871,0.15756230056285858,0.611242949962616,0.611242949962616,101,27
2840,16242,base_enriched,max,-0.30999061465263367,0.5097619295120239,-0.6081085801124573,0.6081085801124573,40,27
2841,12745,base_enriched,mean,-0.009672333486378193,0.015928493812680244,-0.6072346568107605,0.6072346568107605,59,27
2842,10676,specialized_enriched,mean,0.02866479381918907,0.04724232852458954,0.6067607998847961,0.6067607998847961,36,27
2843,15101,base_enriched,active_fraction,-0.004014606587588787,0.006621991284191608,-0.6062536835670471,0.6062536835670471,241,27
2844,2652,base_enriched,mean,-0.03555433079600334,0.058801647275686264,-0.6046485304832458,0.6046485304832458,75,27
2845,14312,base_enriched,active_fraction,-0.0034171962179243565,0.00570669723674655,-0.5988045334815979,0.5988045334815979,139,27
2846,3752,base_enriched,mean,-0.0031933363061398268,0.00533559825271368,-0.5984963774681091,0.5984963774681091,48,27
2847,6904,specialized_enriched,max,0.5157053470611572,0.863153338432312,0.5974666476249695,0.5974666476249695,52,27
2848,13336,base_enriched,max,-0.2679489850997925,0.4491870105266571,-0.5965198874473572,0.5965198874473572,57,27
2849,13164,base_enriched,active_fraction,-0.008258771151304245,0.013915291987359524,-0.5935032367706299,0.5935032367706299,155,27
2850,8907,specialized_enriched,max,0.4505043625831604,0.7608989477157593,0.592068612575531,0.592068612575531,202,27
2851,1246,base_enriched,mean,-0.019529124721884727,0.033062972128391266,-0.5906645059585571,0.5906645059585571,160,27
2852,12254,base_enriched,mean,-0.0412873849272728,0.06999571621417999,-0.5898559093475342,0.5898559093475342,147,27
2853,10303,specialized_enriched,max,0.0569743886590004,0.096644327044487,0.5895264744758606,0.5895264744758606,43,27
2854,4817,specialized_enriched,max,0.13366544246673584,0.22683513164520264,0.5892625451087952,0.5892625451087952,127,27
2855,6509,specialized_enriched,max,0.0870809406042099,0.14816173911094666,0.5877424478530884,0.5877424478530884,35,27
2856,14283,base_enriched,mean,-0.0010204074205830693,0.0017367012333124876,-0.587554931640625,0.587554931640625,33,27
2857,6603,specialized_enriched,max,0.09040001779794693,0.154025599360466,0.5869155526161194,0.5869155526161194,54,27
2858,12105,base_enriched,active_fraction,-0.0004870257689617574,0.0008317198371514678,-0.5855646729469299,0.5855646729469299,34,27
2859,6399,base_enriched,active_fraction,-0.00445151049643755,0.007633082568645477,-0.5831864476203918,0.5831864476203918,113,27
2860,10101,base_enriched,max,-0.10012856125831604,0.17170605063438416,-0.5831393599510193,0.5831393599510193,41,27
2861,12909,specialized_enriched,max,0.12019135802984238,0.2062557488679886,0.5827297568321228,0.5827297568321228,72,27
2862,8520,base_enriched,mean,-0.003365915035828948,0.005776134319603443,-0.5827279686927795,0.5827279686927795,49,27
2863,2896,base_enriched,mean,-0.01879728212952614,0.03227880969643593,-0.5823412537574768,0.5823412537574768,54,27
2864,15498,specialized_enriched,max,0.12617434561252594,0.21715828776359558,0.5810247659683228,0.5810247659683228,78,27
2865,13905,specialized_enriched,max,0.1591549664735794,0.274046927690506,0.5807580947875977,0.5807580947875977,59,27
2866,14498,specialized_enriched,max,0.3554811179637909,0.6142453551292419,0.578728199005127,0.578728199005127,96,27
2867,9774,base_enriched,active_fraction,-0.0033532637171447277,0.0058016590774059296,-0.577983558177948,0.577983558177948,59,27
2868,11271,base_enriched,active_fraction,-0.0012490960070863366,0.0021633480209857225,-0.5773902535438538,0.5773902535438538,30,27
2869,8126,specialized_enriched,mean,0.01884421892464161,0.03270065411925316,0.5762642621994019,0.5762642621994019,42,27
2870,8606,base_enriched,mean,-0.012266714125871658,0.021298687905073166,-0.5759375691413879,0.5759375691413879,108,27
2871,25,specialized_enriched,max,0.06572636216878891,0.115568608045578,0.5687215924263,0.5687215924263,63,27
2872,3711,base_enriched,mean,-0.020343443378806114,0.035958532243967056,-0.5657473206520081,0.5657473206520081,232,27
2873,6714,base_enriched,mean,-0.0014194536488503218,0.0025238709058612585,-0.562411367893219,0.562411367893219,35,27
2874,6089,specialized_enriched,max,0.16780805587768555,0.29896312952041626,0.5613001585006714,0.5613001585006714,72,27
2875,12642,specialized_enriched,mean,0.011840433813631535,0.021208874881267548,0.5582773089408875,0.5582773089408875,167,27
2876,13690,base_enriched,mean,-0.04724352806806564,0.08463917672634125,-0.5581756830215454,0.5581756830215454,59,27
2877,9504,base_enriched,mean,-0.011975059285759926,0.021492179483175278,-0.5571821928024292,0.5571821928024292,140,27
2878,10918,base_enriched,mean,-0.0369863398373127,0.06657157838344574,-0.5555875301361084,0.5555875301361084,84,27
2879,16031,base_enriched,active_fraction,-0.0027737196069210768,0.004993722774088383,-0.5554412603378296,0.5554412603378296,120,27
2880,11533,specialized_enriched,max,0.10273684561252594,0.18557003140449524,0.5536284446716309,0.5536284446716309,107,27
2881,11243,specialized_enriched,active_fraction,0.0026745374780148268,0.004835435189306736,0.5531120300292969,0.5531120300292969,203,27
2882,1112,base_enriched,mean,-0.00769448559731245,0.014014609158039093,-0.5490331649780273,0.5490331649780273,76,27
2883,14727,specialized_enriched,max,0.34450405836105347,0.6277301907539368,0.5488091111183167,0.5488091111183167,113,27
2884,8382,base_enriched,mean,-0.051464032381772995,0.09496650099754333,-0.5419177412986755,0.5419177412986755,48,27
2885,1522,base_enriched,active_fraction,-0.003679396118968725,0.006793753243982792,-0.5415852069854736,0.5415852069854736,122,27
2886,14267,specialized_enriched,active_fraction,0.0008474422502331436,0.001567111350595951,0.5407670736312866,0.5407670736312866,56,27
2887,9645,specialized_enriched,active_fraction,0.0018273848108947277,0.003393148770555854,0.5385513305664062,0.5385513305664062,75,27
2888,3011,base_enriched,mean,-0.02413206547498703,0.04489661008119583,-0.5375030636787415,0.5375030636787415,219,27
2889,12263,base_enriched,mean,-0.007918345741927624,0.014762314967811108,-0.536389172077179,0.536389172077179,150,27
2890,3410,specialized_enriched,max,0.18154172599315643,0.33995091915130615,0.5340233445167542,0.5340233445167542,109,27
2891,10376,specialized_enriched,max,0.3105592429637909,0.5848466753959656,0.5310096740722656,0.5310096740722656,69,27
2892,12812,specialized_enriched,max,0.05981754511594772,0.11294025927782059,0.5296388268470764,0.5296388268470764,182,27
2893,2650,specialized_enriched,max,0.30677661299705505,0.5851200222969055,0.5242968797683716,0.5242968797683716,77,27
2894,6528,base_enriched,max,-0.3337124288082123,0.6399866938591003,-0.5214365124702454,0.5214365124702454,221,27
2895,16326,base_enriched,active_fraction,-0.0026736680883914232,0.005162830464541912,-0.5178686380386353,0.5178686380386353,141,27
2896,3135,specialized_enriched,active_fraction,0.002459852024912834,0.004756445065140724,0.5171618461608887,0.5171618461608887,94,27
2897,11756,specialized_enriched,max,0.04033574089407921,0.07864443957805634,0.5128873586654663,0.5128873586654663,49,27
2898,11367,base_enriched,mean,-0.01623496599495411,0.031677063554525375,-0.5125148892402649,0.5125148892402649,80,27
2899,14190,specialized_enriched,max,0.07088112831115723,0.13865093886852264,0.5112199783325195,0.5112199783325195,38,27
2900,4954,base_enriched,mean,-0.009026442654430866,0.017725322395563126,-0.5092399716377258,0.5092399716377258,27,27
2901,1316,base_enriched,mean,-0.0025379809085279703,0.0050443983636796474,-0.5031285881996155,0.5031285881996155,27,27
2902,12404,base_enriched,mean,-0.0020672762766480446,0.004109065514057875,-0.5031012892723083,0.5031012892723083,37,27
2903,12460,base_enriched,mean,-0.002161339856684208,0.00432825880125165,-0.4993554949760437,0.4993554949760437,83,27
2904,14659,specialized_enriched,active_fraction,0.002483126474544406,0.004990796092897654,0.4975411593914032,0.4975411593914032,40,27
2905,5410,specialized_enriched,max,0.3222408890724182,0.6490228772163391,0.4965015947818756,0.4965015947818756,39,27
2906,10622,base_enriched,active_fraction,-0.0009031657828018069,0.0018220319179818034,-0.49569153785705566,0.49569153785705566,42,27
2907,10654,base_enriched,active_fraction,-0.0032746519427746534,0.006614593788981438,-0.49506470561027527,0.49506470561027527,79,27
2908,7992,base_enriched,mean,-0.007229961920529604,0.014722389169037342,-0.4910861849784851,0.4910861849784851,66,27
2909,1910,specialized_enriched,active_fraction,0.0031269893515855074,0.006368768867105246,0.4909880459308624,0.4909880459308624,103,27
2910,2537,base_enriched,mean,-0.0010953493183478713,0.0022349765058606863,-0.4900943338871002,0.4900943338871002,43,27
2911,6105,specialized_enriched,max,0.34651899337768555,0.708717942237854,0.4889377951622009,0.4889377951622009,126,27
2912,14838,base_enriched,mean,-0.020764894783496857,0.04248527064919472,-0.48875513672828674,0.48875513672828674,73,27
2913,9388,specialized_enriched,active_fraction,0.001471797120757401,0.003028838662430644,0.48592787981033325,0.48592787981033325,47,27
2914,6497,base_enriched,mean,-0.00283639645203948,0.005848929286003113,-0.48494285345077515,0.48494285345077515,38,27
2915,5561,specialized_enriched,max,0.11106853187084198,0.22921888530254364,0.484552264213562,0.484552264213562,106,27
2916,8667,specialized_enriched,max,0.057048555463552475,0.11812844127416611,0.48293665051460266,0.48293665051460266,45,27
2917,16257,specialized_enriched,max,0.6258158683776855,1.2969486713409424,0.4825294017791748,0.4825294017791748,65,27
2918,11029,specialized_enriched,max,0.22113578021526337,0.4596075713634491,0.4811404347419739,0.4811404347419739,57,27
2919,9233,base_enriched,active_fraction,-0.0034815147519111633,0.007242253515869379,-0.480722576379776,0.480722576379776,132,27
2920,12989,specialized_enriched,max,0.053822193294763565,0.11235292255878448,0.4790457785129547,0.4790457785129547,61,27
2921,5916,base_enriched,active_fraction,-0.0008283204515464604,0.0017438334180042148,-0.4749997556209564,0.4749997556209564,46,27
2922,3065,base_enriched,mean,-0.008757192641496658,0.018656425178050995,-0.469392865896225,0.469392865896225,111,27
2923,14343,base_enriched,mean,-0.010218270123004913,0.02181899920105934,-0.468319833278656,0.468319833278656,105,27
2924,4781,base_enriched,mean,-0.030041465535759926,0.064357690513134,-0.4667890667915344,0.4667890667915344,109,27
2925,143,base_enriched,mean,-0.02038516290485859,0.04369283467531204,-0.466556191444397,0.466556191444397,55,27
2926,10356,base_enriched,mean,-0.02951706573367119,0.06364968419075012,-0.46374252438545227,0.46374252438545227,183,27
2927,11070,base_enriched,mean,-0.008573700673878193,0.018748899921774864,-0.4572908580303192,0.4572908580303192,88,27
2928,8449,base_enriched,mean,-0.0016282480210065842,0.003576983930543065,-0.4552013874053955,0.4552013874053955,39,27
2929,3785,base_enriched,max,-0.29343849420547485,0.6481767296791077,-0.4527137279510498,0.4527137279510498,97,27
2930,6825,base_enriched,mean,-0.0019304299494251609,0.004271619021892548,-0.4519199728965759,0.4519199728965759,37,27
2931,15561,base_enriched,active_fraction,-0.0018219766207039356,0.004044538363814354,-0.4504782557487488,0.4504782557487488,66,27
2932,5175,specialized_enriched,max,0.015600277110934258,0.03487766161561012,0.44728565216064453,0.44728565216064453,30,27
2933,13732,specialized_enriched,max,0.19148041307926178,0.43273651599884033,0.44248729944229126,0.44248729944229126,135,27
2934,1588,base_enriched,mean,-0.007665899582207203,0.01747439242899418,-0.4386933445930481,0.4386933445930481,67,27
2935,11593,base_enriched,mean,-0.008115357719361782,0.018534034490585327,-0.43786245584487915,0.43786245584487915,79,27
2936,5173,base_enriched,mean,-0.002354295924305916,0.005386602133512497,-0.43706512451171875,0.43706512451171875,56,27
2937,21,base_enriched,mean,-0.014095451682806015,0.03260564059019089,-0.43230101466178894,0.43230101466178894,102,27
2938,4379,base_enriched,mean,-0.0024394746869802475,0.00566887529566884,-0.43032780289649963,0.43032780289649963,27,27
2939,2627,base_enriched,active_fraction,-0.0023794053122401237,0.005930939223617315,-0.4011852443218231,0.4011852443218231,180,27
2940,4464,specialized_enriched,mean,0.006614974699914455,0.016659071668982506,0.3970794379711151,0.3970794379711151,69,27
2941,1025,specialized_enriched,active_fraction,0.0022855347488075495,0.005825588945299387,0.39232680201530457,0.39232680201530457,196,27
2942,15203,specialized_enriched,max,0.16779568791389465,0.43036603927612305,0.3898906409740448,0.3898906409740448,208,27
2943,15178,base_enriched,active_fraction,-0.0029725665226578712,0.007782509550452232,-0.38195475935935974,0.38195475935935974,198,27
2944,12347,specialized_enriched,max,0.03453817218542099,0.09118010103702545,0.3787906765937805,0.3787906765937805,66,27
2945,16319,base_enriched,mean,-0.01947021484375,0.051549192517995834,-0.37770164012908936,0.37770164012908936,211,27
2946,6936,specialized_enriched,max,0.18448378145694733,0.4965125620365143,0.37155914306640625,0.37155914306640625,175,27
2947,14307,base_enriched,mean,-0.017912080511450768,0.048286665230989456,-0.37095293402671814,0.37095293402671814,49,27
2948,4980,base_enriched,active_fraction,-0.000749032711610198,0.002037885133177042,-0.3675539493560791,0.3675539493560791,47,27
2949,317,base_enriched,mean,-0.01334043126553297,0.036456286907196045,-0.365929514169693,0.365929514169693,55,27
2950,8033,specialized_enriched,max,0.031064577400684357,0.08657927066087723,0.3587992489337921,0.3587992489337921,67,27
2951,3605,specialized_enriched,active_fraction,0.0007661264389753342,0.0021507844794541597,0.3562079071998596,0.3562079071998596,30,27
2952,11414,specialized_enriched,active_fraction,0.001184101332910359,0.0033292826265096664,0.35566261410713196,0.35566261410713196,44,27
2953,4067,specialized_enriched,max,0.060565415769815445,0.1732730269432068,0.3495374619960785,0.3495374619960785,117,27
2954,1602,specialized_enriched,mean,0.007646778132766485,0.021922824904322624,0.34880441427230835,0.34880441427230835,50,27
2955,14909,base_enriched,mean,-0.020099688321352005,0.06023964285850525,-0.33366215229034424,0.33366215229034424,40,27
2956,8991,base_enriched,max,-0.23325009644031525,0.7022963166236877,-0.33212488889694214,0.33212488889694214,204,27
2957,8509,specialized_enriched,max,0.04528035968542099,0.13692206144332886,0.33070170879364014,0.33070170879364014,82,27
2958,91,specialized_enriched,max,0.01563118025660515,0.04754270985722542,0.3287818431854248,0.3287818431854248,28,27
2959,14740,specialized_enriched,mean,0.001488407957367599,0.004549229517579079,0.327178031206131,0.327178031206131,29,27
2960,5088,base_enriched,active_fraction,-0.0008099713013507426,0.0024999259039759636,-0.3239981234073639,0.3239981234073639,41,27
2961,5221,specialized_enriched,mean,0.025507673621177673,0.07900910079479218,0.3228447437286377,0.3228447437286377,203,27
2962,617,specialized_enriched,max,0.02971716783940792,0.09472858905792236,0.3137085437774658,0.3137085437774658,30,27
2963,10139,specialized_enriched,max,0.041843850165605545,0.13917551934719086,0.3006552457809448,0.3006552457809448,147,27
2964,1276,base_enriched,active_fraction,-0.0021446323953568935,0.0072131347842514515,-0.29732319712638855,0.29732319712638855,93,27
2965,5613,specialized_enriched,mean,0.01189065258949995,0.0406314954161644,0.292646199464798,0.292646199464798,163,27
2966,14375,base_enriched,active_fraction,-0.0014234132831916213,0.005065845791250467,-0.2809823453426361,0.2809823453426361,74,27
2967,10684,specialized_enriched,max,0.025242285802960396,0.09166909754276276,0.27536308765411377,0.27536308765411377,45,27
2968,5836,base_enriched,active_fraction,-0.0007473909645341337,0.0027176551520824432,-0.27501317858695984,0.27501317858695984,39,27
2969,1777,specialized_enriched,max,0.054539162665605545,0.20041409134864807,0.27213236689567566,0.27213236689567566,54,27
2970,12891,base_enriched,active_fraction,-0.0010520837968215346,0.003957314416766167,-0.2658580243587494,0.2658580243587494,79,27
2971,5321,base_enriched,active_fraction,-0.0008157657575793564,0.0032330662943422794,-0.2523195147514343,0.2523195147514343,52,27
2972,8587,base_enriched,mean,-0.0028743501752614975,0.011626379564404488,-0.24722659587860107,0.24722659587860107,38,27
2973,7895,specialized_enriched,mean,0.0008761248900555074,0.003572915680706501,0.2452128678560257,0.2452128678560257,31,27
2974,5085,base_enriched,active_fraction,-0.0009528051596134901,0.004271381068974733,-0.2230672389268875,0.2230672389268875,106,27
2975,1089,base_enriched,mean,-0.003967478405684233,0.018789254128932953,-0.21115678548812866,0.21115678548812866,172,27
2976,5819,base_enriched,max,-0.0185546875,0.08799632638692856,-0.21085752546787262,0.21085752546787262,45,27
2977,11965,base_enriched,mean,-0.009206071496009827,0.04426259547472,-0.20798760652542114,0.20798760652542114,220,27
2978,8729,base_enriched,mean,-0.00817040540277958,0.04184193164110184,-0.19526836276054382,0.19526836276054382,105,27
2979,9985,specialized_enriched,max,0.009549298323690891,0.05348186939954758,0.1785520613193512,0.1785520613193512,27,27
2980,10013,specialized_enriched,max,0.037678007036447525,0.3711058497428894,0.10152900218963623,0.10152900218963623,97,27
2981,14327,base_enriched,mean,-0.00027195410802960396,0.003492912510409951,-0.0778588354587555,0.0778588354587555,47,27
2982,13674,specialized_enriched,max,0.006118967663496733,0.08141131699085236,0.07516114413738251,0.07516114413738251,32,27
