rank,feature_id,mean_task_normalized_attribution,attribution_to_task_sd,mean_raw_attribution,support_tasks,positive_attribution_tasks,positive_sign_fraction,mean_active_tokens,mean_max_activation
1,13428,0.00957922451198101,0.857975959777832,0.07691884785890579,37,36,0.972972972972973,33.475,7.560044288635254
2,7915,0.008779140189290047,1.0298237800598145,0.07545508444309235,32,31,0.96875,19.325,3.293224334716797
3,6023,0.008404938504099846,0.4463564157485962,0.04593169689178467,19,17,0.8947368421052632,1.65,8.914402961730957
4,8167,0.008136659860610962,0.663190484046936,0.05231595039367676,30,29,0.9666666666666667,5.25,3.5075926780700684
5,2203,0.007984780706465244,0.5753359198570251,0.07021146267652512,24,22,0.9166666666666666,7.875,6.271873474121094
6,5642,0.007761781103909016,0.7617696523666382,0.03985343128442764,40,30,0.75,11.225,8.777705192565918
7,5566,0.007651562336832285,0.416519433259964,0.03732456639409065,25,19,0.76,2.425,6.25551700592041
8,9608,0.007606574799865484,0.621816098690033,0.075929656624794,24,23,0.9583333333333334,3.95,6.025459289550781
9,7744,0.007456614635884762,0.6828153729438782,0.03785369545221329,39,34,0.8717948717948718,5.05,8.112249374389648
10,15852,0.007228930946439505,0.4717767536640167,0.03705737367272377,20,17,0.85,2.375,5.157402992248535
11,14364,0.006027110852301121,0.2504939138889313,0.010215732268989086,40,17,0.425,4.425,10.825441360473633
12,1651,0.005873739719390869,0.7445029020309448,0.03151579201221466,40,38,0.95,6.075,8.516489028930664
13,3680,0.005738040432333946,0.5264669060707092,0.06661190092563629,21,20,0.9523809523809523,4.9,2.792985200881958
14,7879,0.005580534227192402,0.530365526676178,0.02627517655491829,40,30,0.75,3.975,10.47661018371582
15,5411,0.005413508042693138,0.9593561291694641,0.04529855400323868,39,33,0.8461538461538461,45.05,12.847099304199219
16,447,0.00485078664496541,0.399275004863739,0.021042298525571823,40,23,0.575,2.525,17.03164291381836
17,13702,0.004772956948727369,0.1778773069381714,0.0062113674357533455,19,6,0.3157894736842105,0.475,15.126629829406738
18,16263,0.004748762585222721,0.5818086862564087,0.02826855704188347,20,17,0.85,1.375,4.076834678649902
19,3380,0.003806236432865262,0.6543015837669373,0.02547743357717991,19,18,0.9473684210526315,1.775,4.216214179992676
20,12544,0.003740355372428894,0.3124033212661743,0.029967155307531357,13,9,0.6923076923076923,0.925,5.441416263580322
21,2258,0.0036586832720786333,0.5555440783500671,0.018747881054878235,36,33,0.9166666666666666,4.475,6.045039176940918
22,5784,0.0035418670158833265,0.4581693112850189,0.017962589859962463,38,36,0.9473684210526315,3.825,3.415217161178589
23,8364,0.0033238574396818876,0.6637070178985596,0.024894384667277336,18,18,1.0,1.425,5.561525821685791
24,6934,0.0031923833303153515,0.5458998084068298,0.017989274114370346,20,19,0.95,1.375,4.151845455169678
25,15148,0.0030602538026869297,0.36669597029685974,0.015182731673121452,18,14,0.7777777777777778,0.725,12.328904151916504
26,15522,0.0030112985987216234,0.14008992910385132,0.007232727017253637,40,16,0.4,4.175,7.183143615722656
27,1362,0.002889391500502825,0.3474019467830658,0.02711249515414238,14,13,0.9285714285714286,1.325,7.511647701263428
28,11864,0.002767469733953476,0.46816959977149963,0.028254251927137375,18,17,0.9444444444444444,3.65,4.935391902923584
29,10777,0.002609089482575655,0.20997503399848938,0.014606486074626446,30,15,0.5,1.7,5.773237705230713
30,12748,0.0025832834653556347,0.3698233664035797,0.010505099780857563,10,9,0.9,0.7,1.516696572303772
31,14673,0.002555397804826498,0.7939836978912354,0.020228255540132523,39,33,0.8461538461538461,40.775,8.331258773803711
32,6204,0.0025418747682124376,0.48462527990341187,0.026551097631454468,12,12,1.0,6.625,2.4879703521728516
33,15150,0.0025015254504978657,0.41363751888275146,0.024971740320324898,14,12,0.8571428571428571,1.9,3.2749075889587402
34,3097,0.0024201807100325823,0.2828232944011688,0.021356504410505295,14,10,0.7142857142857143,2.525,2.9764657020568848
35,12573,0.0022408748045563698,0.29707127809524536,0.018844198435544968,21,17,0.8095238095238095,2.575,3.638934373855591
36,11252,0.002159387106075883,0.37287160754203796,0.022028818726539612,18,17,0.9444444444444444,7.2,1.7665475606918335
37,7184,0.0021039266139268875,0.40463006496429443,0.009666582569479942,19,17,0.8947368421052632,1.475,3.249558925628662
38,6532,0.002034551464021206,0.3328447937965393,0.016560446470975876,10,9,0.9,3.7,2.7436108589172363
39,2446,0.0020099061075598,0.3564004600048065,0.015862425789237022,16,13,0.8125,1.825,2.717132091522217
40,2445,0.0019227362936362624,0.42427822947502136,0.01735038124024868,13,12,0.9230769230769231,1.325,2.0755603313446045
41,1010,0.001832950278185308,0.36455225944519043,0.020752834156155586,15,13,0.8666666666666667,11.65,2.65968918800354
42,8662,0.001745913759805262,0.3495160639286041,0.013737904839217663,10,9,0.9,1.5,3.4023399353027344
43,12002,0.0017360846977680922,0.5848984122276306,0.008316254243254662,20,18,0.9,1.65,2.5330188274383545
44,2551,0.001731081516481936,0.666573166847229,0.012886954471468925,20,20,1.0,0.775,3.1614136695861816
45,6314,0.0017249512020498514,0.5911415815353394,0.01298612356185913,20,20,1.0,3.4,5.988451957702637
46,3233,0.0017117293318733573,0.3468203544616699,0.011422323063015938,19,16,0.8421052631578947,2.575,2.9395835399627686
47,1239,0.0016695022350177169,0.5255651473999023,0.016171487048268318,17,14,0.8235294117647058,1.15,4.200030326843262
48,2223,0.0016681881388649344,0.28189659118652344,0.007928846403956413,19,14,0.7368421052631579,1.8,5.226353168487549
49,15021,0.001637078239582479,0.27993473410606384,0.014317120425403118,22,20,0.9090909090909091,5.1,4.121224403381348
50,6372,0.001630201586522162,0.2534494698047638,0.020531482994556427,19,12,0.631578947368421,1.75,4.836284637451172
51,2704,0.0016260428819805384,0.5307849049568176,0.01424902118742466,17,14,0.8235294117647058,2.5,4.337893486022949
52,2916,0.0016109024873003364,0.5603692531585693,0.016334980726242065,17,17,1.0,2.975,2.5574707984924316
53,9746,0.001599268289282918,0.5069485306739807,0.012332795187830925,19,17,0.8947368421052632,1.6,3.695406436920166
54,3060,0.0015630887355655432,0.6739298105239868,0.013685556128621101,26,26,1.0,3.125,4.548148155212402
55,14969,0.0015545543283224106,0.3113173842430115,0.008555179461836815,15,10,0.6666666666666666,1.225,3.3991973400115967
56,14088,0.0015156961744651198,0.3907303214073181,0.013963788747787476,15,14,0.9333333333333333,1.325,2.0284273624420166
57,13789,0.001510408939793706,0.5206071138381958,0.0113768819719553,34,30,0.8823529411764706,7.975,2.3916454315185547
58,11125,0.0014903910923749208,0.3484778106212616,0.011340104043483734,18,17,0.9444444444444444,1.225,3.0540478229522705
59,12895,0.0014822283992543817,0.25799015164375305,0.015154461376369,22,16,0.7272727272727273,2.45,2.8541839122772217
60,14711,0.00147891859523952,0.3373817205429077,0.01430539321154356,11,8,0.7272727272727273,0.3,1.5470422506332397
61,10219,0.00146689813118428,0.39731356501579285,0.007514526601880789,19,19,1.0,0.975,4.553328514099121
62,354,0.0014667200157418847,0.44676673412323,0.013028202578425407,18,16,0.8888888888888888,4.25,2.7106757164001465
63,8309,0.0014442726969718933,0.30401909351348877,0.022341186180710793,21,18,0.8571428571428571,20.475,4.0709638595581055
64,5617,0.0014259021263569593,0.34561964869499207,0.014243312180042267,14,8,0.5714285714285714,0.575,3.481701612472534
65,11890,0.0014150533825159073,0.3308101296424866,0.011097026988863945,12,10,0.8333333333333334,3.45,3.5993237495422363
66,4907,0.001378639368340373,0.4337363839149475,0.008965016342699528,21,17,0.8095238095238095,2.4,3.178675651550293
67,2131,0.0013565222034230828,0.4377201795578003,0.012183213606476784,15,14,0.9333333333333333,1.525,2.4800381660461426
68,8341,0.0013390900567173958,0.15403446555137634,0.004900728818029165,7,4,0.5714285714285714,0.675,2.8397645950317383
69,12229,0.0013166285352781415,0.56076580286026,0.012761296704411507,21,18,0.8571428571428571,2.35,3.7768454551696777
70,16047,0.0012971481774002314,0.5179938673973083,0.007333060260862112,33,30,0.9090909090909091,2.275,3.996173143386841
71,3369,0.0012791408225893974,0.1753634363412857,0.002474402543157339,19,12,0.631578947368421,2.4,6.694798469543457
72,3893,0.001272274530492723,0.47699493169784546,0.010042060166597366,18,17,0.9444444444444444,1.075,4.72198486328125
73,6717,0.001257766387425363,0.3281729817390442,0.007517700549215078,15,14,0.9333333333333333,1.725,5.623828887939453
74,11306,0.0012529055820778012,0.2726796269416809,0.012923005037009716,16,14,0.875,10.275,3.609269618988037
75,1017,0.0012446918990463018,0.3833540678024292,0.010791055858135223,11,9,0.8181818181818182,1.5,3.5307228565216064
76,13462,0.0012249458814039826,0.6498478651046753,0.009983746334910393,30,29,0.9666666666666667,3.9,3.4961001873016357
77,5463,0.001216289820149541,0.317315012216568,0.010170969180762768,22,17,0.7727272727272727,1.675,5.585865020751953
78,10262,0.0012002185685560107,0.423797607421875,0.008450496010482311,20,16,0.8,1.375,2.4883365631103516
79,1639,0.0012000283459201455,0.33479049801826477,0.009904165752232075,15,10,0.6666666666666666,0.8,5.890838623046875
80,8313,0.001199222169816494,0.10756334662437439,0.0062894136644899845,39,25,0.6410256410256411,26.925,7.027918815612793
81,10020,0.0011927109444513917,0.2892052233219147,0.013787019066512585,10,9,0.9,2.975,2.1624557971954346
82,14639,0.001185636967420578,0.2754090130329132,0.010847379453480244,18,17,0.9444444444444444,1.075,5.056363105773926
83,10337,0.0011728685349225998,0.31552010774612427,0.009525995701551437,20,13,0.65,2.325,2.707570791244507
84,9736,0.001149254385381937,0.5974501371383667,0.00795784406363964,31,24,0.7741935483870968,4.1,3.0889530181884766
85,11057,0.0011387413833290339,0.2813512086868286,0.009007113985717297,13,7,0.5384615384615384,1.8,4.870453834533691
86,2832,0.0011181365698575974,0.4461115896701813,0.010831217281520367,14,11,0.7857142857142857,0.575,2.5077319145202637
87,16207,0.0010894816368818283,0.5469114184379578,0.009679116308689117,21,19,0.9047619047619048,3.65,3.0663647651672363
88,7839,0.0010688204783946276,0.2379416674375534,0.0035358264576643705,19,8,0.42105263157894735,2.7,1.7627207040786743
89,13348,0.0010552022140473127,0.5077680945396423,0.009413929656147957,32,27,0.84375,12.075,2.3969902992248535
90,4284,0.0010404190979897976,0.5400292277336121,0.011218537576496601,13,13,1.0,2.025,3.539508104324341
91,15336,0.0010394540149718523,0.5278716087341309,0.011675299145281315,16,15,0.9375,1.65,3.4606080055236816
92,1180,0.0010350474622100592,0.34247443079948425,0.00827048160135746,12,11,0.9166666666666666,2.675,5.8054094314575195
93,4484,0.0010219616815447807,0.25817349553108215,0.0040677255019545555,16,12,0.75,0.7,1.3746273517608643
94,9812,0.0010095929028466344,0.5090173482894897,0.009454434737563133,18,17,0.9444444444444444,2.55,3.035102128982544
95,13859,0.0009800938423722982,0.305856317281723,0.008207663893699646,27,21,0.7777777777777778,1.35,2.939033269882202
96,3769,0.0009677362395450473,0.21588899195194244,0.016842816025018692,7,5,0.7142857142857143,4.575,1.2055132389068604
97,91,0.0009366187150590122,0.40582576394081116,0.009602757170796394,25,23,0.92,3.5,2.214164972305298
98,3178,0.000933269620873034,0.3320128321647644,0.01124584674835205,28,18,0.6428571428571429,7.825,4.194303035736084
99,9,0.0009274220210500062,0.16557280719280243,0.0057812463492155075,5,5,1.0,0.5,1.136705756187439
100,14496,0.0009182877838611603,0.2567826211452484,0.002054126001894474,20,11,0.55,0.525,1.2275669574737549
101,8070,0.0009017048287205398,0.4913513660430908,0.00554858660325408,34,26,0.7647058823529411,4.05,3.870678424835205
102,10693,0.0008989250054582953,0.37751489877700806,0.004185398109257221,19,16,0.8421052631578947,1.725,2.3290560245513916
103,13760,0.0008952019852586091,0.17971675097942352,0.00814659334719181,5,5,1.0,0.2,2.4820892810821533
104,13384,0.0008861285750754178,0.22036567330360413,0.00477893790230155,25,11,0.44,4.05,5.719192981719971
105,4253,0.0008816791814751923,0.42717787623405457,0.007540839724242687,13,12,0.9230769230769231,2.175,2.9112114906311035
106,1058,0.0008804150857031345,0.3564901351928711,0.012315602041780949,14,12,0.8571428571428571,3.9,2.5865345001220703
107,975,0.0008612842066213489,0.27642202377319336,0.005179327446967363,25,19,0.76,4.6,2.1527862548828125
108,3495,0.0008606050396338105,0.33740878105163574,0.012629449367523193,14,12,0.8571428571428571,3.3,2.6531708240509033
109,1104,0.0008381488732993603,0.3868909180164337,0.00803377851843834,12,11,0.9166666666666666,1.225,1.3363902568817139
110,5930,0.0008380294893868268,0.45787879824638367,0.00555365439504385,21,17,0.8095238095238095,3.3,3.02755069732666
111,1373,0.0008325117523781955,0.34053152799606323,0.004260971210896969,31,18,0.5806451612903226,19.775,3.3276305198669434
112,7126,0.0008301853085868061,0.3578238785266876,0.005849143490195274,26,20,0.7692307692307693,3.55,5.0568060874938965
113,1777,0.0008261848124675453,0.39725804328918457,0.005643119569867849,28,18,0.6428571428571429,3.95,3.827929973602295
114,16088,0.0008133070659823716,0.44177985191345215,0.009449861012399197,19,17,0.8947368421052632,4.45,2.7464773654937744
115,7354,0.0008109324844554067,0.21556328237056732,0.009368236176669598,17,10,0.5882352941176471,1.2,1.8948723077774048
116,6983,0.0008060504915192723,0.27083778381347656,0.005206930451095104,12,8,0.6666666666666666,2.55,2.1055474281311035
117,8111,0.0008058147504925728,0.24914589524269104,0.0038900822401046753,13,10,0.7692307692307693,1.625,2.8609707355499268
118,5225,0.0008048688760027289,0.5095893740653992,0.005684280302375555,22,20,0.9090909090909091,9.75,2.2230210304260254
119,15654,0.0007789140217937529,0.5753069519996643,0.006631332449615002,19,18,0.9473684210526315,2.025,1.4754459857940674
120,11576,0.0007715028477832675,0.39234068989753723,0.006872390862554312,12,12,1.0,1.425,1.6659778356552124
121,10648,0.0007666470482945442,0.4959801733493805,0.005890890955924988,22,19,0.8636363636363636,5.725,5.4817633628845215
122,6294,0.0007382031762972474,0.2338312715291977,0.0045014433562755585,7,6,0.8571428571428571,0.6,2.6294288635253906
123,9006,0.0007371982792392373,0.13775207102298737,0.006685330532491207,11,6,0.5454545454545454,2.6,2.8058714866638184
124,14027,0.0007295190589502454,0.3359982371330261,0.0024570287205278873,20,18,0.9,1.025,1.2693785429000854
125,3211,0.0007251747883856297,0.5485829710960388,0.006245257332921028,24,22,0.9166666666666666,2.8,4.817352294921875
126,14974,0.0007229889743030071,0.21743661165237427,0.007744898553937674,15,14,0.9333333333333333,1.925,3.076261043548584
127,15095,0.0007154991617426276,0.28874313831329346,0.005625338293612003,19,12,0.631578947368421,1.225,3.5396342277526855
128,367,0.0007132680038921535,0.35844969749450684,0.004957293160259724,22,20,0.9090909090909091,1.775,4.347383975982666
129,11621,0.0007124546682462096,0.40193256735801697,0.006481052841991186,15,13,0.8666666666666667,4.375,2.3604116439819336
130,2055,0.000707881641574204,0.4257119297981262,0.006630680523812771,12,12,1.0,2.2,1.948512315750122
131,8105,0.0007008248940110207,0.3728853166103363,0.006212317384779453,12,10,0.8333333333333334,1.6,2.8525383472442627
132,11784,0.0007006869418546557,0.5095220804214478,0.006299769971519709,30,24,0.8,9.775,3.3113207817077637
133,4535,0.0007002762868069112,0.20675839483737946,0.0033551231026649475,18,14,0.7777777777777778,3.6,2.026402711868286
134,11208,0.0006918260478414595,0.49912551045417786,0.0050270636565983295,32,26,0.8125,3.25,3.164241075515747
135,114,0.0006716657080687582,0.3744550943374634,0.0038201450370252132,21,18,0.8571428571428571,5.65,1.952284574508667
136,7958,0.0006619791965931654,0.26186054944992065,0.01002160832285881,7,7,1.0,4.525,0.7698405385017395
137,16117,0.0006604164955206215,0.4610631465911865,0.00608811154961586,23,19,0.8260869565217391,5.55,2.274785280227661
138,4239,0.0006577640888281167,0.6073436141014099,0.006121185142546892,21,19,0.9047619047619048,1.525,3.569624423980713
139,4668,0.0006521515897475183,0.25914087891578674,0.007869089022278786,11,7,0.6363636363636364,2.575,4.818380832672119
140,14859,0.0006520407041534781,0.3742716312408447,0.005879695061594248,33,23,0.696969696969697,6.55,3.618504285812378
141,2889,0.0006513665430247784,0.3974190652370453,0.0074499743059277534,24,16,0.6666666666666666,9.7,3.5153679847717285
142,9451,0.0006474798428826034,0.37635597586631775,0.004338169936090708,17,14,0.8235294117647058,0.725,4.172430515289307
143,11244,0.000646611035335809,0.40966129302978516,0.008112343028187752,13,11,0.8461538461538461,6.725,2.587109327316284
144,538,0.0006447260966524482,0.4411124885082245,0.005254937801510096,25,19,0.76,5.375,3.1685500144958496
145,14674,0.000634641561191529,0.3342076241970062,0.005553182680159807,9,8,0.8888888888888888,0.675,3.9030442237854004
146,8131,0.0006308602751232684,0.5288527011871338,0.004439673852175474,22,20,0.9090909090909091,1.425,3.092215061187744
147,5541,0.000628334644716233,0.3968677222728729,0.00280482554808259,20,16,0.8,3.65,1.788352608680725
148,12445,0.0006226733094081283,0.3530418276786804,0.0038351942785084248,16,12,0.75,5.125,2.4761853218078613
149,1280,0.0006163858924992383,0.2971385419368744,0.005475583020597696,15,11,0.7333333333333333,2.9,3.628645658493042
150,14521,0.0006140742916613817,0.37796837091445923,0.006332505494356155,14,13,0.9285714285714286,1.675,2.5351479053497314
151,6101,0.0006105754291638732,0.19158698618412018,0.007036889903247356,17,12,0.7058823529411765,3.0,2.0802807807922363
152,12794,0.0006054755067452788,0.42290979623794556,0.008692052215337753,16,15,0.9375,1.625,2.505223274230957
153,4698,0.0006023686146363616,0.6077175140380859,0.00634011160582304,19,19,1.0,4.45,4.356842994689941
154,15457,0.0005966871976852417,0.4104189872741699,0.003518950892612338,26,22,0.8461538461538461,2.4,3.030806303024292
155,10009,0.0005965981399640441,0.2691647410392761,0.002746105194091797,27,18,0.6666666666666666,6.475,6.622189998626709
156,11729,0.0005943338619545102,0.41601064801216125,0.006650167517364025,14,13,0.9285714285714286,1.35,2.8227791786193848
157,9337,0.0005910446052439511,0.41859692335128784,0.005301510449498892,22,18,0.8181818181818182,4.7,1.846887230873108
158,15323,0.0005907544982619584,0.35738471150398254,0.00529149454087019,14,11,0.7857142857142857,2.225,5.309359550476074
159,144,0.0005903980927541852,0.4074098765850067,0.004484663717448711,29,20,0.6896551724137931,4.9,1.9301154613494873
160,15908,0.0005877155344933271,0.35851436853408813,0.003558454569429159,19,17,0.8947368421052632,1.8,3.8396315574645996
161,8284,0.0005859226803295314,0.24211010336875916,0.0026385581586509943,10,9,0.9,0.725,2.068052291870117
162,10946,0.000583075569011271,0.30444154143333435,0.0024234014563262463,24,19,0.7916666666666666,5.075,2.468477964401245
163,4289,0.0005717919557355344,0.4334709048271179,0.004480393603444099,17,15,0.8823529411764706,2.45,4.348631858825684
164,2134,0.0005633997498080134,0.15342600643634796,0.002554373349994421,12,9,0.75,0.85,2.326165199279785
165,1797,0.0005626584170386195,0.5374894738197327,0.0065755220130085945,34,28,0.8235294117647058,5.925,4.318700313568115
166,14849,0.0005610004300251603,0.28235742449760437,0.006068273447453976,11,7,0.6363636363636364,2.75,2.2060599327087402
167,4614,0.0005589722422882915,0.4392031729221344,0.003301706165075302,25,20,0.8,2.7,2.8489511013031006
168,5534,0.0005523908766917884,0.5375975966453552,0.0037251084577292204,19,18,0.9473684210526315,1.825,3.3635852336883545
169,3561,0.0005498527316376567,0.2572995722293854,0.004112916998565197,14,7,0.5,7.35,2.658879518508911
170,1731,0.0005443652044050395,0.3468567132949829,0.002892980817705393,19,15,0.7894736842105263,1.725,2.920285940170288
171,7386,0.000539651489816606,0.39634981751441956,0.005467784591019154,14,12,0.8571428571428571,2.325,2.6028847694396973
172,7363,0.0005359310889616609,0.5665498375892639,0.004220865201205015,17,17,1.0,3.5,2.1620430946350098
173,4210,0.0005322780925780535,0.4555814862251282,0.005140847060829401,21,16,0.7619047619047619,5.0,1.6507976055145264
174,8999,0.0005301492055878043,0.3012053668498993,0.009055991657078266,9,8,0.8888888888888888,2.45,1.4381752014160156
175,4339,0.0005301044438965619,0.40657785534858704,0.0036264497321099043,30,22,0.7333333333333333,6.325,2.5201075077056885
176,404,0.0005299306940287352,0.1837758868932724,0.0038022298831492662,14,8,0.5714285714285714,0.925,8.167390823364258
177,10123,0.0005291751585900784,0.13469645380973816,0.002538368571549654,12,7,0.5833333333333334,0.825,2.112281322479248
178,1415,0.0005269790417514741,0.13852228224277496,0.005786385852843523,12,4,0.3333333333333333,1.325,2.1532974243164062
179,4740,0.0005263641942292452,0.28325629234313965,0.005118291825056076,12,10,0.8333333333333334,1.65,3.840848207473755
180,860,0.0005236361757852137,0.3415367305278778,0.001927249482832849,17,9,0.5294117647058824,1.375,1.7354224920272827
181,631,0.0005226236535236239,0.16051194071769714,0.007773999124765396,28,13,0.4642857142857143,3.825,8.201021194458008
182,13768,0.0005221661413088441,0.13779398798942566,0.007268078625202179,14,9,0.6428571428571429,1.2,2.468543529510498
183,7065,0.0005167695926502347,0.161515474319458,0.0021241353824734688,5,4,0.8,1.2,0.748813271522522
184,10234,0.0005161631270311773,0.25162363052368164,0.006966511253267527,12,11,0.9166666666666666,2.6,3.112949848175049
185,2619,0.0005157148698344827,0.35516828298568726,0.004834289196878672,9,8,0.8888888888888888,0.225,0.5349966883659363
186,1985,0.0005130633362568915,0.14568564295768738,0.007610934320837259,20,11,0.55,2.025,5.216926574707031
187,10029,0.0005130070494487882,0.25136861205101013,0.0021849058102816343,10,7,0.7,0.575,1.5431597232818604
188,14280,0.0005110651254653931,0.278949111700058,0.006829558406025171,7,7,1.0,3.175,0.851138710975647
189,4470,0.0005075871595181525,0.5604302883148193,0.004450555890798569,26,24,0.9230769230769231,9.825,2.215294361114502
190,3819,0.0005048252060078084,0.15750962495803833,0.002611306495964527,12,6,0.5,2.7,1.9524719715118408
191,3030,0.0005005020648241043,0.31056755781173706,0.006378432270139456,10,9,0.9,3.025,2.612546443939209
192,14555,0.0004996983334422112,0.2808082103729248,0.004530289210379124,25,17,0.68,5.625,3.2007484436035156
193,14937,0.0004996840143576264,0.539543867111206,0.0037833894602954388,24,20,0.8333333333333334,13.725,2.44108247756958
194,610,0.0004985647974535823,0.2551158666610718,0.0016183285042643547,23,8,0.34782608695652173,1.25,5.117295742034912
195,9578,0.0004924916429445148,0.35518205165863037,0.0032317929435521364,23,20,0.8695652173913043,3.85,3.281991481781006
196,13912,0.00049057905562222,0.4093048572540283,0.0045264046639204025,19,17,0.8947368421052632,1.65,3.581347942352295
197,807,0.0004898649058304727,0.4039316475391388,0.004844479262828827,16,13,0.8125,1.4,2.556687116622925
198,11396,0.00048607782809995115,0.4521225690841675,0.004519084468483925,20,18,0.9,7.75,3.4225659370422363
199,11233,0.00048528931802138686,0.23717500269412994,0.0056381006725132465,15,10,0.6666666666666666,3.375,2.63521146774292
200,15326,0.0004839850007556379,0.22731561958789825,0.005799270235002041,17,11,0.6470588235294118,4.8,2.607739210128784
201,1293,0.00048085040180012584,0.3160759210586548,0.00351092335768044,17,11,0.6470588235294118,2.025,1.7265169620513916
202,615,0.0004794991109520197,0.30098041892051697,0.0031731906346976757,17,8,0.47058823529411764,1.725,2.571523904800415
203,9597,0.0004788591177202761,0.45937779545783997,0.0031238673254847527,22,19,0.8636363636363636,1.275,4.072340965270996
204,9281,0.0004734823014587164,0.1467307209968567,0.004794280044734478,18,7,0.3888888888888889,2.725,4.015775203704834
205,6086,0.00047238176921382546,0.18784268200397491,0.0013867010129615664,17,13,0.7647058823529411,1.025,0.7507813572883606
206,9533,0.0004704777675215155,0.3496777415275574,0.00387865724042058,14,10,0.7142857142857143,3.725,1.8239609003067017
207,8145,0.0004691235371865332,0.3018532991409302,0.0061628674156963825,7,7,1.0,5.875,1.1862835884094238
208,13678,0.0004671003553085029,0.48513296246528625,0.0026642733719199896,23,20,0.8695652173913043,2.8,2.0425286293029785
209,9158,0.0004669792833738029,0.3955998122692108,0.005580034106969833,25,20,0.8,5.225,2.019239902496338
210,5498,0.00045942654833197594,0.4411735236644745,0.0034243441186845303,17,12,0.7058823529411765,1.175,3.6016440391540527
211,10654,0.00045891726040281355,0.37242233753204346,0.004169813822954893,19,18,0.9473684210526315,1.075,2.143542766571045
212,8585,0.0004571780445985496,0.33791595697402954,0.0036438037641346455,15,10,0.6666666666666666,1.525,3.3022964000701904
213,4805,0.0004564776027109474,0.16216877102851868,0.005589766427874565,5,5,1.0,0.15,0.3694349229335785
214,9675,0.00045064184814691544,0.31094974279403687,0.00361260655336082,13,10,0.7692307692307693,2.2,1.2761037349700928
215,6324,0.00045002001570537686,0.4691164195537567,0.004060911014676094,13,11,0.8461538461538461,1.325,1.5894770622253418
216,4849,0.00044475687900558114,0.37054818868637085,0.0036335617769509554,17,15,0.8823529411764706,4.175,1.4742571115493774
217,3360,0.0004441357159521431,0.34124067425727844,0.0035430309362709522,14,11,0.7857142857142857,1.775,2.9562900066375732
218,14460,0.0004437516035977751,0.29313331842422485,0.003232588991522789,33,21,0.6363636363636364,16.65,3.21535062789917
219,13562,0.0004430278204381466,0.23711198568344116,0.002065853914245963,18,13,0.7222222222222222,1.2,3.5569674968719482
220,13264,0.0004427552630659193,0.3666180670261383,0.0039873323403298855,6,6,1.0,0.15,0.3334759771823883
221,7710,0.0004420828481670469,0.2585604190826416,0.003673733677715063,10,7,0.7,1.425,2.1255290508270264
222,120,0.00044144183630123734,0.14777186512947083,0.00417529558762908,11,6,0.5454545454545454,1.35,2.364420175552368
223,1874,0.0004408603417687118,0.2010219842195511,0.0010767916683107615,38,20,0.5263157894736842,1.675,5.586512088775635
224,1882,0.0004404254141263664,0.37307149171829224,0.006762092467397451,15,14,0.9333333333333333,13.825,2.586599826812744
225,5928,0.00043698804802261293,0.2261427938938141,0.0020060143433511257,12,7,0.5833333333333334,2.525,2.5629749298095703
226,15517,0.0004363930784165859,0.2600705921649933,0.004346134606748819,19,12,0.631578947368421,3.9,4.874326229095459
227,14013,0.0004352203686721623,0.312762588262558,0.004055011086165905,17,15,0.8823529411764706,1.525,2.686211109161377
228,10710,0.00043334942893125117,0.4127030372619629,0.0034743372816592455,17,12,0.7058823529411765,3.275,2.7117998600006104
229,105,0.0004303242021705955,0.33288833498954773,0.006167066749185324,11,9,0.8181818181818182,5.675,2.7943458557128906
230,885,0.0004301715234760195,0.3363300859928131,0.0017163163283839822,10,9,0.9,0.275,0.6619609594345093
231,16376,0.00042967614717781544,0.25946059823036194,0.001973105128854513,9,9,1.0,0.575,1.2170196771621704
232,14997,0.00042704009683802724,0.38691288232803345,0.004015113227069378,18,14,0.7777777777777778,3.175,2.8725714683532715
233,11862,0.0004248279728926718,0.25262191891670227,0.0040863147005438805,14,7,0.5,1.8,4.620875358581543
234,10100,0.00042152017704211175,0.2741933763027191,0.0018484571482986212,23,17,0.7391304347826086,2.65,4.3920135498046875
235,12431,0.0004212423227727413,0.39529237151145935,0.004664604086428881,18,14,0.7777777777777778,3.3,2.883065700531006
236,9650,0.00041945333941839635,0.13951875269412994,0.005422016140073538,20,11,0.55,2.575,2.747004985809326
237,11760,0.0004188009479548782,0.40934041142463684,0.003334625856950879,11,11,1.0,0.65,4.151341438293457
238,7984,0.0004165820428170264,0.1867833435535431,0.00463643716648221,21,15,0.7142857142857143,2.925,3.3871428966522217
239,11868,0.0004163358244113624,0.4165450632572174,0.0029099781531840563,20,14,0.7,3.1,5.376902103424072
240,15943,0.00041425172821618617,0.2474282681941986,0.002778492169454694,14,12,0.8571428571428571,1.55,1.3612501621246338
241,8965,0.0004135083290748298,0.22377395629882812,0.004534854553639889,14,6,0.42857142857142855,5.5,3.2505500316619873
242,12282,0.00040876545244827867,0.38120391964912415,0.0030704678501933813,22,16,0.7272727272727273,4.375,3.9213643074035645
243,8726,0.00040859231376089156,0.34104838967323303,0.0037523596547544003,9,9,1.0,2.425,1.6517359018325806
244,1549,0.00040652515599504113,0.21799054741859436,0.002670184476301074,13,11,0.8461538461538461,0.85,4.182149887084961
245,14817,0.00040556807653047144,0.32255885004997253,0.0043527777306735516,15,14,0.9333333333333333,1.225,3.008452892303467
246,1996,0.000400955235818401,0.24157677590847015,0.0039117480628192425,8,7,0.875,0.95,2.821741819381714
247,10733,0.0003982532653026283,0.38047805428504944,0.002756724366918206,25,15,0.6,7.525,2.042346239089966
248,10309,0.00039474526420235634,0.3002810776233673,0.0018841966520994902,16,10,0.625,5.125,1.2177326679229736
249,8412,0.00039308262057602406,0.48887789249420166,0.0029988479800522327,26,19,0.7307692307692307,4.475,3.396242618560791
250,2358,0.00039080315036699176,0.3389178514480591,0.0025610767770558596,11,10,0.9090909090909091,0.45,4.061007976531982
251,9011,0.00039057323010638356,0.2951687276363373,0.002848571166396141,23,16,0.6956521739130435,1.6,6.530754089355469
252,11016,0.00039046816527843475,0.1996830701828003,0.003572281450033188,11,8,0.7272727272727273,7.625,1.7483230829238892
253,10331,0.0003903515753336251,0.21801352500915527,0.0033203389029949903,16,11,0.6875,2.5,4.066643714904785
254,1895,0.0003880780714098364,0.36391279101371765,0.0035936650820076466,22,16,0.7272727272727273,7.15,3.050464153289795
255,12332,0.0003868912172038108,0.16691900789737701,0.005255809985101223,21,8,0.38095238095238093,2.225,2.771271228790283
256,1241,0.00038651679642498493,0.21253180503845215,0.001978043233975768,35,23,0.6571428571428571,3.375,4.6051530838012695
257,7883,0.00038450706051662564,0.26733091473579407,0.004131999332457781,24,20,0.8333333333333334,4.65,2.19549822807312
258,11308,0.0003829406632576138,0.19644096493721008,0.001949866651557386,8,7,0.875,1.0,0.5027269721031189
259,5584,0.00038131733890622854,0.2215176373720169,-5.666366632794961e-05,35,21,0.6,3.35,5.673069953918457
260,194,0.0003810137859545648,0.34554818272590637,0.0032998837996274233,13,12,0.9230769230769231,0.625,3.0158534049987793
261,14818,0.0003809230402112007,0.20839951932430267,0.0023210460785776377,17,12,0.7058823529411765,1.125,2.5180537700653076
262,4246,0.0003774453070946038,0.30005815625190735,0.0028830990195274353,13,10,0.7692307692307693,2.35,2.6334309577941895
263,5583,0.00037685601273551583,0.33239901065826416,0.002371785696595907,16,12,0.75,1.55,1.3601857423782349
264,7882,0.00037491763941943645,0.2688589096069336,0.0029170126654207706,15,13,0.8666666666666667,1.225,1.2402034997940063
265,1526,0.0003744038112927228,0.3403441905975342,0.002356689190492034,19,18,0.9473684210526315,3.1,1.7956340312957764
266,8045,0.0003738332015927881,0.2162340134382248,0.003965729381889105,17,13,0.7647058823529411,4.15,3.0201351642608643
267,3963,0.0003720669774338603,0.35093849897384644,0.0032676446717232466,9,7,0.7777777777777778,1.75,2.6582767963409424
268,13139,0.00037171135772950947,0.19271354377269745,0.007273687981069088,11,11,1.0,8.4,1.8108241558074951
269,15753,0.0003702926333062351,0.3743338882923126,0.0021975671406835318,28,23,0.8214285714285714,1.35,2.3173365592956543
270,8321,0.0003700543602462858,0.2273842990398407,0.006363388150930405,5,5,1.0,1.55,0.8586951494216919
271,15598,0.000369873596355319,0.3824412226676941,0.0029600143898278475,13,12,0.9230769230769231,3.3,1.6701099872589111
272,7979,0.00036804587580263615,0.08101571351289749,0.0033791568130254745,14,4,0.2857142857142857,1.4,1.867314338684082
273,4897,0.0003674807958304882,0.34616339206695557,0.003966283984482288,15,11,0.7333333333333333,3.625,1.026129126548767
274,4351,0.0003673166502267122,0.276619017124176,0.005733839236199856,15,13,0.8666666666666667,5.65,1.4541499614715576
275,15633,0.00036710166023112833,0.26060453057289124,0.0017827765550464392,11,9,0.8181818181818182,3.475,2.4877467155456543
276,10679,0.0003659331414382905,0.23407335579395294,0.006340469233691692,4,4,1.0,2.1,0.5830456018447876
277,12745,0.0003636536712292582,0.2210325002670288,0.003601495176553726,10,7,0.7,1.725,3.634106397628784
278,2755,0.0003629260172601789,0.18202736973762512,0.006966553628444672,6,4,0.6666666666666666,4.925,0.8848816752433777
279,71,0.0003622645162977278,0.14622455835342407,0.0007888564141467214,12,8,0.6666666666666666,0.925,0.9287418127059937
280,4334,0.00035786436637863517,0.27508971095085144,0.004243317060172558,20,18,0.9,3.95,1.7480013370513916
281,1879,0.00035755897988565266,0.13915002346038818,0.0047299559228122234,15,3,0.2,0.7,1.9343757629394531
282,11046,0.0003573941357899457,0.09433199465274811,0.0041146306321024895,22,9,0.4090909090909091,3.525,6.660772800445557
283,254,0.0003519622841849923,0.2550664246082306,0.0014486515428870916,21,13,0.6190476190476191,3.0,1.8133490085601807
284,113,0.00035023834789171815,0.47901657223701477,0.004406999796628952,14,12,0.8571428571428571,11.55,1.3383870124816895
285,9425,0.0003489544033072889,0.3580916225910187,0.0030281951185315847,23,20,0.8695652173913043,3.85,4.059525966644287
286,4861,0.0003483837645035237,0.26095837354660034,0.003467060159891844,9,6,0.6666666666666666,0.875,4.858651161193848
287,6896,0.0003479175502434373,0.3368004858493805,0.002372316550463438,14,11,0.7857142857142857,1.35,1.8131980895996094
288,10888,0.0003458498977124691,0.12036415189504623,0.0035572212655097246,15,6,0.4,2.55,2.124401569366455
289,6117,0.0003431925142649561,0.3262769281864166,0.0024859446566551924,8,8,1.0,0.95,1.47633957862854
290,5408,0.00034298471291549504,0.25959649682044983,0.0025306157767772675,8,6,0.75,0.95,1.6768137216567993
291,10854,0.0003422448062337935,0.15550842881202698,0.0014258942101150751,7,5,0.7142857142857143,0.825,1.5285711288452148
292,5626,0.00034132631844840944,0.2691938281059265,0.002975418698042631,32,18,0.5625,2.075,5.645438194274902
293,12853,0.00034053385024890304,0.14750118553638458,0.007338518742471933,8,4,0.5,3.075,1.1943703889846802
294,14086,0.00033506061299704015,0.18114620447158813,0.0021100244484841824,18,11,0.6111111111111112,2.35,1.319711446762085
295,4586,0.00033385047572664917,0.24678859114646912,0.001887734280899167,21,15,0.7142857142857143,0.825,1.7200438976287842
296,1582,0.0003332599007990211,0.16371935606002808,0.0012804347788915038,9,6,0.6666666666666666,0.575,3.2101891040802
297,15579,0.0003332565538585186,0.3701878488063812,0.002116893883794546,17,14,0.8235294117647058,3.35,0.9865797162055969
298,5012,0.00033188285306096077,0.33032411336898804,0.001763241016305983,9,8,0.8888888888888888,1.15,1.840884804725647
299,15207,0.0003309278981760144,0.2114170640707016,0.001326588448137045,11,5,0.45454545454545453,0.75,1.6037219762802124
300,12026,0.00032673851819708943,0.1653285026550293,0.0013977556955069304,6,3,0.5,0.575,0.8339442014694214
301,15247,0.0003263740218244493,0.28076255321502686,0.002830466954037547,11,6,0.5454545454545454,1.375,5.737700462341309
302,1118,0.00032538443338125944,0.15619155764579773,0.004075886681675911,12,6,0.5,1.2,2.7997307777404785
303,3287,0.0003243677201680839,0.3029210865497589,0.0019944082014262676,21,17,0.8095238095238095,1.175,3.3818297386169434
304,9246,0.0003166257811244577,0.20541955530643463,0.0051632048562169075,10,9,0.9,1.75,1.2128405570983887
305,11495,0.00031357299303635955,0.1978435069322586,0.003225594060495496,17,12,0.7058823529411765,5.125,2.894453525543213
306,11669,0.00031312095234170556,0.16104169189929962,0.0013575812336057425,5,3,0.6,0.725,0.5007970929145813
307,6797,0.0003127413510810584,0.3289705514907837,0.004282004665583372,8,8,1.0,1.25,1.1937341690063477
308,15632,0.00031264053541235626,0.16236095130443573,0.006101036444306374,7,5,0.7142857142857143,1.375,1.0905587673187256
309,15185,0.0003102489572484046,0.2740802466869354,0.002405551727861166,11,11,1.0,1.875,2.318310022354126
310,7072,0.00030917819822207093,0.26453274488449097,0.004002508707344532,9,9,1.0,3.625,0.9584417343139648
311,10460,0.00030820988467894495,0.13470378518104553,0.0014437719946727157,6,4,0.6666666666666666,0.325,1.3695929050445557
312,5234,0.0003081287140958011,0.2670759856700897,0.0015454728854820132,8,8,1.0,0.6,0.4169697165489197
313,10867,0.0003055755514651537,0.4390685260295868,0.003151479410007596,14,12,0.8571428571428571,1.05,1.0570460557937622
314,11507,0.0003054612025152892,0.1113341748714447,-0.0009507721988484263,27,7,0.25925925925925924,2.75,3.1111559867858887
315,5609,0.00030541527667082846,0.35407283902168274,0.0027167729567736387,13,10,0.7692307692307693,5.625,2.3439533710479736
316,8663,0.00030349305598065257,0.30255869030952454,0.004034922458231449,18,15,0.8333333333333334,5.875,3.6218032836914062
317,9660,0.0003024077450390905,0.2746144235134125,0.001968566793948412,26,14,0.5384615384615384,7.025,5.758546352386475
318,12967,0.0003011872759088874,0.17690519988536835,0.0012033949606120586,13,6,0.46153846153846156,0.5,1.8938934803009033
319,12673,0.00030107537168078125,0.29505693912506104,0.0029941496904939413,14,8,0.5714285714285714,1.3,2.0026819705963135
320,485,0.00030026788590475917,0.15316994488239288,0.003115149214863777,19,12,0.631578947368421,2.3,3.359187602996826
321,11840,0.00030024629086256027,0.14929422736167908,0.003218162339180708,11,4,0.36363636363636365,2.05,3.5816028118133545
322,9182,0.00030019445694051683,0.17818523943424225,0.001058412017300725,24,12,0.5,7.325,2.76103138923645
323,4975,0.0003000946016982198,0.20438969135284424,0.001284884405322373,8,7,0.875,0.45,0.7976710796356201
324,10643,0.0002986079780384898,0.19051913917064667,0.0027419968973845243,14,9,0.6428571428571429,2.075,2.500704765319824
325,9682,0.00029583508148789406,0.323294460773468,0.0025248753372579813,15,12,0.8,1.625,2.846412420272827
326,15714,0.0002932368661276996,0.10470522195100784,0.0007819801685400307,13,6,0.46153846153846156,1.375,4.201916694641113
327,14371,0.00029254070250317454,0.42732715606689453,0.002960702171549201,15,12,0.8,1.725,3.4737823009490967
328,8631,0.0002900470281019807,0.31595534086227417,0.004217923618853092,8,8,1.0,6.6,1.512289047241211
329,6551,0.0002887831360567361,0.16245444118976593,0.002831702586263418,14,9,0.6428571428571429,1.675,2.2293434143066406
330,6119,0.0002851952740456909,0.2500535547733307,0.0014337673783302307,14,11,0.7857142857142857,1.275,0.899416446685791
331,929,0.0002829493023455143,0.3747151494026184,0.0029000849463045597,13,13,1.0,1.525,1.8587760925292969
332,895,0.00028291536727920175,0.4020325839519501,0.002219764981418848,17,14,0.8235294117647058,1.525,1.6697582006454468
333,13371,0.000281931075733155,0.22784307599067688,0.001754227327182889,14,12,0.8571428571428571,2.025,1.790670394897461
334,16170,0.00028100464260205626,0.4179578125476837,0.0019248572643846273,17,14,0.8235294117647058,1.4,2.6405739784240723
335,9786,0.0002786613185890019,0.2942224442958832,0.0032725452911108732,17,10,0.5882352941176471,3.05,1.5021227598190308
336,2292,0.00027782938559539616,0.19273465871810913,0.0036788855213671923,22,13,0.5909090909090909,1.95,2.8565497398376465
337,14833,0.00027695466997101903,0.32434067130088806,0.0042068385519087315,11,11,1.0,1.85,1.2070471048355103
338,9591,0.0002760997449513525,0.30737611651420593,0.003749848809093237,12,12,1.0,1.625,1.7388111352920532
339,2572,0.0002757668262347579,0.22421231865882874,0.0013325582258403301,18,14,0.7777777777777778,4.85,1.294240951538086
340,9104,0.00027486245380714536,0.3218511641025543,0.0021399413235485554,8,7,0.875,0.725,1.2856357097625732
341,4021,0.0002743630320765078,0.13429875671863556,0.002886379137635231,13,8,0.6153846153846154,0.925,3.1560776233673096
342,1083,0.00027374940691515803,0.24570053815841675,0.0018246641848236322,22,15,0.6818181818181818,1.525,5.0448455810546875
343,6653,0.0002727737301029265,0.2195284366607666,0.003046790836378932,8,5,0.625,0.4,0.6310793161392212
344,14765,0.0002723428187891841,0.2712954878807068,0.001499477424658835,16,12,0.75,0.675,2.5246872901916504
345,10247,0.00027216714806854725,0.19793590903282166,0.0027622831985354424,5,5,1.0,0.525,3.385349750518799
346,10937,0.0002713981084525585,0.18872010707855225,0.002568328520283103,13,11,0.8461538461538461,1.5,2.0444509983062744
347,974,0.0002679309400264174,0.2730827033519745,0.0019547264091670513,9,7,0.7777777777777778,0.775,5.567831993103027
348,5916,0.00026684784097597003,0.44853147864341736,0.0029808213002979755,16,14,0.875,4.525,2.9485063552856445
349,5395,0.00026611328939907253,0.37709692120552063,0.0024083848111331463,13,9,0.6923076923076923,1.225,4.477573394775391
350,7175,0.0002648401423357427,0.18831472098827362,0.0026990182232111692,23,12,0.5217391304347826,3.4,3.770829439163208
351,10430,0.00026324717327952385,0.2926936745643616,0.0026967895682901144,8,7,0.875,1.3,2.3675403594970703
352,12595,0.0002623508626129478,0.3831839859485626,0.00246314681135118,24,19,0.7916666666666666,3.45,3.4614129066467285
353,3782,0.000261524022789672,0.33277058601379395,0.003134625032544136,7,7,1.0,1.275,0.8859102129936218
354,2695,0.0002601089945528656,0.11928672343492508,0.0020188624039292336,14,4,0.2857142857142857,4.425,2.2182600498199463
355,204,0.0002584305766504258,0.3572726249694824,0.002052600961178541,16,13,0.8125,1.075,3.7671844959259033
356,16154,0.00025842199102044106,0.5049087405204773,0.0015448092017322779,26,20,0.7692307692307693,2.125,2.714534282684326
357,3531,0.0002574646787252277,0.38659051060676575,0.0016284659504890442,18,17,0.9444444444444444,1.075,2.14693021774292
358,13614,0.00025533116422593594,0.43198105692863464,0.0024739443324506283,21,15,0.7142857142857143,2.35,5.107810974121094
359,6072,0.0002548794145695865,0.2982390224933624,0.0025084400549530983,22,18,0.8181818181818182,5.75,3.5411248207092285
360,4433,0.00024909069179557264,0.1833541840314865,0.001729469047859311,16,8,0.5,0.75,4.905284881591797
361,4990,0.00024810206377878785,0.31854069232940674,0.0016091216821223497,12,10,0.8333333333333334,0.45,0.9162099957466125
362,6607,0.00024784667766653,0.17956028878688812,0.0011041718535125256,8,6,0.75,0.6,0.574806809425354
363,4126,0.0002466282749082893,0.2496783435344696,0.0030836910009384155,11,9,0.8181818181818182,2.225,2.4237146377563477
364,9658,0.00024655964807607234,0.42173320055007935,0.002401414094492793,16,15,0.9375,0.625,2.472287654876709
365,5047,0.000245843140874058,0.2061166614294052,0.0006467937491834164,28,18,0.6428571428571429,5.35,2.429539680480957
366,4759,0.00024548982037231326,0.2956268787384033,0.0018961075693368912,18,16,0.8888888888888888,7.175,1.5734261274337769
367,11569,0.00024440811830572784,0.13124744594097137,0.00014339908375404775,6,2,0.3333333333333333,0.7,2.4584014415740967
368,10549,0.00024051053333096206,0.41697096824645996,0.0021893929224461317,23,19,0.8260869565217391,4.9,3.0362586975097656
369,12932,0.0002380241348873824,0.1904035061597824,0.004484839737415314,5,4,0.8,1.65,0.6934643983840942
370,7267,0.00023790595878381282,0.15149244666099548,0.0045377351343631744,11,4,0.36363636363636365,1.225,1.84540593624115
371,1502,0.00023663190950173885,0.05274546518921852,0.007914440706372261,33,22,0.6666666666666666,21.35,3.665074586868286
372,188,0.00023501126270275563,0.18556678295135498,0.0019420820754021406,10,7,0.7,1.1,3.0174942016601562
373,3345,0.00023467982828151435,0.23381873965263367,0.0029373590368777514,13,8,0.6153846153846154,1.725,4.590334415435791
374,634,0.00023352797143161297,0.18939293920993805,0.0031625982373952866,8,7,0.875,4.275,0.9967695474624634
375,10378,0.00023267543292604387,0.2807149291038513,0.0021380302496254444,14,14,1.0,1.4,1.5415831804275513
376,6548,0.00023164355661720037,0.14135287702083588,0.0006801107665523887,16,9,0.5625,2.7,4.698403358459473
377,2289,0.000230274599744007,0.2550205886363983,0.0031259157694876194,13,12,0.9230769230769231,9.925,1.7915303707122803
378,12817,0.0002279228501720354,0.33613884449005127,0.0024022781290113926,14,12,0.8571428571428571,3.075,3.6420912742614746
379,5635,0.00022682004782836884,0.26372891664505005,0.0020351633429527283,22,18,0.8181818181818182,2.225,1.8878955841064453
380,13746,0.00022585972328670323,0.20027607679367065,0.0026391358114778996,13,10,0.7692307692307693,0.85,1.806709885597229
381,5409,0.0002255074941786006,0.20993995666503906,0.0023520649410784245,11,7,0.6363636363636364,2.65,1.557341456413269
382,2182,0.00022212202020455152,0.08177009224891663,0.00365126202814281,19,4,0.21052631578947367,1.125,4.862860202789307
383,4092,0.0002217072033090517,0.4047284722328186,0.002385771833360195,12,9,0.75,1.05,3.425581693649292
384,6432,0.0002202918694820255,0.26436591148376465,0.0018763762200251222,11,9,0.8181818181818182,1.875,4.017122745513916
385,8336,0.0002197771391365677,0.3496181070804596,0.0012454927200451493,20,17,0.85,1.725,4.8159356117248535
386,3803,0.00021878520783502609,0.1582910567522049,0.0018655661260709167,6,4,0.6666666666666666,8.075,1.3662433624267578
387,6877,0.00021729213767684996,0.20008233189582825,0.0027188414242118597,11,9,0.8181818181818182,3.775,1.9707263708114624
388,11142,0.0002170374646084383,0.2745724320411682,0.001501054153777659,14,9,0.6428571428571429,1.475,2.277409315109253
389,7201,0.00021699038916267455,0.2641370892524719,0.0021062702871859074,5,5,1.0,0.7,0.5141228437423706
390,15477,0.0002169771323679015,0.29035064578056335,0.0019241893896833062,11,7,0.6363636363636364,3.1,1.8410403728485107
391,332,0.00021650537382811308,0.25826871395111084,0.0028768323827534914,13,9,0.6923076923076923,1.45,2.8805408477783203
392,2031,0.00021646411914844066,0.3389870226383209,0.0030102164018899202,13,12,0.9230769230769231,2.0,2.732367753982544
393,7299,0.00021578886662609875,0.14794538915157318,-0.0007271235226653516,27,16,0.5925925925925926,3.75,8.300264358520508
394,8860,0.0002147932245861739,0.32630592584609985,0.0011714973952621222,23,17,0.7391304347826086,3.675,2.2046971321105957
395,10162,0.00021427329920697957,0.2860526442527771,0.0007148830918595195,19,16,0.8421052631578947,2.7,3.004467487335205
396,10342,0.00021088130597490817,0.1626536101102829,0.0012473659589886665,5,3,0.6,0.625,0.8007149696350098
397,14950,0.00020991414203308523,0.33476072549819946,0.0015897161792963743,15,11,0.7333333333333333,2.325,4.080763339996338
398,10980,0.0002099140838254243,0.5357111692428589,0.0015027488116174936,24,19,0.7916666666666666,1.125,1.7719509601593018
399,9900,0.00020977889653295279,0.31161150336265564,0.00243213027715683,13,10,0.7692307692307693,2.15,1.2748115062713623
400,13127,0.00020931409380864352,0.32062622904777527,0.002093604300171137,17,12,0.7058823529411765,3.25,2.0945332050323486
401,4660,0.00020891835447400808,0.2458609640598297,0.0015129991807043552,13,8,0.6153846153846154,1.275,1.5954281091690063
402,6296,0.00020888829021714628,0.31384506821632385,0.001722504384815693,21,16,0.7619047619047619,5.05,2.545125722885132
403,6494,0.00020858128846157342,0.06237197294831276,-0.0032449502032250166,37,20,0.5405405405405406,45.125,7.945272922515869
404,9402,0.0002070694463327527,0.18017730116844177,0.0024653614964336157,13,7,0.5384615384615384,2.275,3.905607223510742
405,12589,0.0002070570772048086,0.22467850148677826,0.0015370405744761229,4,4,1.0,0.45,1.3015356063842773
406,1351,0.00020703002519439906,0.2693786323070526,0.002353271469473839,5,5,1.0,1.025,2.62190842628479
407,5825,0.00020637917623389512,0.2923887073993683,0.002048977417871356,12,10,0.8333333333333334,1.575,2.281812906265259
408,12797,0.00020587693143170327,0.10673079639673233,0.0024839122779667377,23,18,0.782608695652174,3.775,4.786563396453857
409,6279,0.000205402888241224,0.3010838031768799,0.0020712006371468306,14,13,0.9285714285714286,4.25,2.3131794929504395
410,990,0.0002041245170403272,0.32461005449295044,0.001210788730531931,13,10,0.7692307692307693,1.175,2.118887424468994
411,4550,0.00020366717944853008,0.21228232979774475,0.001401945250108838,8,7,0.875,2.075,2.997187614440918
412,12753,0.00020331001724116504,0.2132529616355896,0.0020823446102440357,10,8,0.8,1.425,1.3321750164031982
413,1727,0.00020206812769174576,0.163083016872406,-7.656733214389533e-05,11,10,0.9090909090909091,1.25,1.9442081451416016
414,9380,0.00020164248417131603,0.15946877002716064,0.004157354589551687,4,2,0.5,4.1,0.594393253326416
415,3890,0.00020136128296144307,0.2429327666759491,0.003326383652165532,9,9,1.0,0.825,0.8665527105331421
416,8003,0.00020032204338349402,0.3731522560119629,0.0016513848677277565,12,10,0.8333333333333334,1.525,0.7993059158325195
417,12911,0.00020019181829411536,0.3483789265155792,0.0015445408644154668,11,9,0.8181818181818182,0.375,0.796053409576416
418,7169,0.00019808008801192045,0.20141734182834625,0.0014840869698673487,8,5,0.625,0.45,5.443251132965088
419,5542,0.0001958101347554475,0.24168352782726288,0.0017241541063413024,9,5,0.5555555555555556,0.875,5.470198631286621
420,7232,0.00019546211115084589,0.3907625377178192,0.0018569796811789274,11,10,0.9090909090909091,2.325,4.584611892700195
421,5819,0.00019507565593812615,0.14426159858703613,0.0001578475785208866,37,18,0.4864864864864865,3.275,3.53422474861145
422,7818,0.00019484295626170933,0.16956482827663422,0.002214753534644842,11,7,0.6363636363636364,1.925,3.3775455951690674
423,11207,0.00019417222938500345,0.43929019570350647,0.0017677390715107322,17,14,0.8235294117647058,5.45,3.7243850231170654
424,4058,0.0001929831923916936,0.21874432265758514,0.0036906092427670956,13,10,0.7692307692307693,4.05,1.6422710418701172
425,12533,0.00019288012117613107,0.16201317310333252,0.001657575136050582,5,3,0.6,4.375,0.5798226594924927
426,12116,0.00019216840155422688,0.1528075933456421,0.0022895806469023228,9,6,0.6666666666666666,1.35,2.484219551086426
427,11954,0.00019157161295879632,0.16932763159275055,0.0008477328228764236,6,4,0.6666666666666666,0.325,0.8083083033561707
428,15219,0.00019149697618559003,0.18065233528614044,0.0009230502764694393,12,8,0.6666666666666666,5.5,1.8540855646133423
429,11272,0.00019135000184178352,0.33493494987487793,0.0008817423367872834,17,13,0.7647058823529411,0.9,3.2747440338134766
430,5242,0.0001909419079311192,0.37254464626312256,0.0018167641246691346,13,11,0.8461538461538461,1.375,1.0734827518463135
431,7714,0.00019041189807467163,0.1636246144771576,0.0013203888665884733,9,5,0.5555555555555556,2.85,2.340719699859619
432,13252,0.00019033110584132373,0.3974258005619049,0.0014045387506484985,12,8,0.6666666666666666,1.475,2.9131243228912354
433,8834,0.00018993651610799134,0.13799342513084412,0.004460492171347141,11,7,0.6363636363636364,7.75,1.4993921518325806
434,14736,0.0001874860899988562,0.2104804962873459,0.0014211719390004873,10,8,0.8,1.2,1.069629430770874
435,13313,0.00018652965081855655,0.17185436189174652,0.0007792656542733312,7,4,0.5714285714285714,0.25,0.49944448471069336
436,5388,0.00018626944802235812,0.20931965112686157,0.0010196715593338013,20,13,0.65,2.65,2.2695794105529785
437,15164,0.00018548841762822121,0.33777686953544617,0.0012418241240084171,12,12,1.0,0.825,1.3916529417037964
438,1419,0.0001854085858212784,0.1970384120941162,0.001710178330540657,17,11,0.6470588235294118,1.575,1.921038031578064
439,6,0.00018484216707292944,0.17473657429218292,0.000854306563269347,13,6,0.46153846153846156,1.4,3.060161590576172
440,3101,0.0001846104860305786,0.31785616278648376,0.0011643592733889818,19,13,0.6842105263157895,1.275,4.890763759613037
441,7469,0.00018449765047989786,0.13997972011566162,0.0015076770214363933,13,7,0.5384615384615384,2.275,3.6191468238830566
442,6629,0.0001844207727117464,0.1812809556722641,0.0010525960242375731,32,19,0.59375,11.2,2.7164011001586914
443,5921,0.00018428085604682565,0.30300378799438477,0.0011862332466989756,17,13,0.7647058823529411,2.0,2.318424701690674
444,15163,0.00018371528130955994,0.2467842549085617,0.001963057555258274,28,15,0.5357142857142857,5.625,3.2814688682556152
445,12058,0.00018283021927345544,0.3493633270263672,0.0017992559587582946,13,13,1.0,2.275,2.527149200439453
446,13617,0.00018162373453378677,0.22468510270118713,0.0029866311233490705,11,8,0.7272727272727273,3.7,1.7464187145233154
447,4113,0.00017946676234714687,0.20400896668434143,0.0016380824381485581,11,10,0.9090909090909091,0.625,3.2748513221740723
448,11580,0.00017933757044374943,0.16413339972496033,0.002564158756285906,23,12,0.5217391304347826,9.975,4.315424919128418
449,13839,0.00017908024892676622,0.2830018401145935,0.0015194526640698314,12,7,0.5833333333333334,2.0,3.1438581943511963
450,6819,0.0001789685629773885,0.37709444761276245,0.0015968868974596262,16,13,0.8125,2.1,2.6486785411834717
451,15742,0.00017878264770843089,0.19466708600521088,0.0021159236785024405,11,9,0.8181818181818182,1.45,0.9192875027656555
452,1078,0.0001780151651473716,0.2542791962623596,0.0008807890117168427,15,12,0.8,0.775,2.158912181854248
453,6403,0.00017726735677570105,0.37323176860809326,0.002625406952574849,11,10,0.9090909090909091,9.025,2.1652960777282715
454,5076,0.00017673838010523468,0.41900163888931274,0.001236543757840991,18,16,0.8888888888888888,2.2,1.3918468952178955
455,4618,0.00017626225599087775,0.25063052773475647,0.0015051848022267222,14,9,0.6428571428571429,2.85,2.7016069889068604
456,8509,0.00017562424181960523,0.31291717290878296,0.0007131339516490698,21,14,0.6666666666666666,5.6,2.8864355087280273
457,13584,0.00017552613280713558,0.15741071105003357,0.0020040771923959255,27,16,0.5925925925925926,4.125,3.1706957817077637
458,6880,0.0001754332915879786,0.2883819043636322,0.002016563666984439,11,8,0.7272727272727273,3.2,1.5730260610580444
459,765,0.0001751059462549165,0.11151312291622162,0.0015825011068955064,14,6,0.42857142857142855,0.925,2.058889865875244
460,1369,0.00017439261137042195,0.28140750527381897,0.001418414292857051,20,11,0.55,2.075,3.440690517425537
461,13877,0.00017331389244645834,0.1777726262807846,0.00037611054722219706,7,6,0.8571428571428571,0.425,0.31669431924819946
462,13947,0.00017264709458686411,0.3669220209121704,0.0014113947981968522,9,9,1.0,0.8,3.8015074729919434
463,11119,0.00017219629080500454,0.3381316363811493,0.0014048583107069135,19,15,0.7894736842105263,5.075,1.5617389678955078
464,2630,0.00017202984599862248,0.19728976488113403,0.0006778840906918049,8,6,0.75,6.075,1.1135497093200684
465,1711,0.00017186193144880235,0.20147094130516052,0.0006417360273189843,8,5,0.625,0.3,0.5155350565910339
466,6141,0.00017169512284453958,0.4102726876735687,0.001471003983169794,9,9,1.0,0.775,3.5085785388946533
467,12809,0.00017148700135294348,0.28525346517562866,0.0009595121955499053,16,11,0.6875,2.45,4.0295186042785645
468,7507,0.00017108606698457152,0.15651164948940277,0.003288672072812915,10,5,0.5,1.55,1.4359339475631714
469,4099,0.00017056225624401122,0.31902316212654114,0.0017993779620155692,10,8,0.8,0.8,1.7426151037216187
470,11905,0.00017040586681105196,0.17439422011375427,0.0012188318651169538,9,6,0.6666666666666666,0.8,2.4226737022399902
471,3812,0.00017003413813654333,0.17983776330947876,0.0009260494261980057,16,11,0.6875,1.9,2.333761215209961
472,3874,0.0001693676458671689,0.20310147106647491,0.0007230003247968853,8,6,0.75,1.6,1.6342986822128296
473,11604,0.00016917637549340725,0.21539880335330963,0.0031816307455301285,8,7,0.875,1.25,0.7105873227119446
474,10741,0.0001687516487436369,0.12568260729312897,0.0029662796296179295,15,7,0.4666666666666667,2.65,2.461442232131958
475,11509,0.00016850014799274504,0.30046355724334717,0.0014752005226910114,17,13,0.7647058823529411,1.2,2.6357381343841553
476,14631,0.00016723597946111113,0.36702466011047363,0.002056877361610532,17,15,0.8823529411764706,4.175,1.8420149087905884
477,3136,0.0001670894998824224,0.2398017793893814,0.0018330598250031471,8,6,0.75,0.6,3.321873903274536
478,160,0.0001667184114921838,0.2069178968667984,0.0019126825500279665,17,14,0.8235294117647058,4.425,2.5938706398010254
479,10507,0.0001666338212089613,0.23685544729232788,0.0008514849469065666,12,7,0.5833333333333334,0.55,1.8730005025863647
480,13220,0.00016635068459436297,0.2024797648191452,0.0012457126285880804,11,10,0.9090909090909091,0.6,1.1775703430175781
481,14803,0.00016600180242676288,0.15510177612304688,0.0009294134797528386,7,2,0.2857142857142857,0.375,1.0322742462158203
482,4620,0.0001641894195927307,0.18527640402317047,0.0007694076630286872,5,3,0.6,0.475,2.9115207195281982
483,2257,0.00016388930089306086,0.569831907749176,0.0014545746380463243,18,16,0.8888888888888888,1.7,3.2927749156951904
484,1367,0.00016342017624992877,0.07975202798843384,-0.001479818020015955,11,9,0.8181818181818182,0.975,8.480391502380371
485,4359,0.00016336959379259497,0.3763826787471771,0.0012406839523464441,17,16,0.9411764705882353,1.55,1.3002893924713135
486,3477,0.00016336279804818332,0.18297021090984344,0.0024211800191551447,10,5,0.5,0.725,1.2313587665557861
487,169,0.00016232272901106626,0.14036965370178223,0.0005072270287200809,5,1,0.2,0.175,0.9886096715927124
488,14356,0.00016074185259640217,0.2740825414657593,0.0016101133078336716,14,12,0.8571428571428571,3.8,2.2630531787872314
489,1613,0.00016072753351181746,0.26599082350730896,0.00190839939750731,10,9,0.9,1.9,2.491914987564087
490,1350,0.00016072657308541238,0.4821828007698059,0.0018200402846559882,14,13,0.9285714285714286,2.3,3.130254030227661
491,10790,0.0001597108639543876,0.27339431643486023,0.002187400823459029,18,14,0.7777777777777778,4.725,2.2371156215667725
492,4263,0.00015963971964083612,0.26794108748435974,0.0012598850298672915,13,12,0.9230769230769231,2.2,1.0164740085601807
493,3366,0.00015924512990750372,0.19097387790679932,0.001929043442942202,6,5,0.8333333333333334,0.675,2.7485692501068115
494,4173,0.0001590884494362399,0.32373449206352234,0.0011014023330062628,8,8,1.0,0.375,1.2040716409683228
495,13158,0.00015898895799182355,0.240552619099617,0.0011534366058185697,17,11,0.6470588235294118,3.675,2.8856022357940674
496,11277,0.00015847552276682109,0.30744609236717224,0.0015173431020230055,21,16,0.7619047619047619,2.275,3.550846815109253
497,4089,0.0001571367320138961,0.4807550311088562,0.0016087049152702093,24,21,0.875,2.175,3.2557742595672607
498,1159,0.00015585207438562065,0.29292795062065125,0.0016469934489578009,9,8,0.8888888888888888,1.9,1.3729171752929688
499,9367,0.0001554217451484874,0.24025003612041473,0.0025765406899154186,5,4,0.8,0.45,0.5315874814987183
500,609,0.00015453033847734332,0.2085324078798294,0.00042765872785821557,8,7,0.875,0.25,0.340057909488678
501,9189,0.00015392449859064072,0.19809050858020782,0.0016210147878155112,8,6,0.75,2.125,0.7473074793815613
502,12858,0.00015367423475254327,0.2524070143699646,0.0022554737515747547,10,8,0.8,3.8,1.3316612243652344
503,12682,0.00015320473175961524,0.35803475975990295,0.0012708866270259023,16,12,0.75,1.775,3.95080828666687
504,7246,0.00015282841923180968,0.32403138279914856,0.0017686535138636827,14,10,0.7142857142857143,3.075,2.9787590503692627
505,1673,0.00015280841034837067,0.25337690114974976,0.0009099902817979455,7,5,0.7142857142857143,0.775,1.158995270729065
506,2359,0.00015133216220419854,0.3318937122821808,0.001043661148287356,13,11,0.8461538461538461,1.075,5.79270076751709
507,5791,0.00015123654156923294,0.17674994468688965,0.002436094218865037,7,6,0.8571428571428571,3.0,1.9537155628204346
508,6214,0.00015036760305520147,0.04001497104763985,0.003155843820422888,17,7,0.4117647058823529,4.6,4.138440132141113
509,4627,0.00014918894157744944,0.2004421353340149,0.0012879191199317575,4,3,0.75,0.925,0.42001819610595703
510,6476,0.00014829174324404448,0.18255247175693512,0.002413984853774309,15,10,0.6666666666666666,2.4,2.9351446628570557
511,6371,0.0001471662981202826,0.3375494182109833,0.0015398422256112099,14,12,0.8571428571428571,1.825,0.9932448267936707
512,3653,0.00014667540381196886,0.20485730469226837,0.0006305804708972573,8,5,0.625,0.55,0.9646093249320984
513,8658,0.00014608490164391696,0.31865015625953674,0.0010978549253195524,12,11,0.9166666666666666,1.775,1.1895586252212524
514,13365,0.00014579086564481258,0.30964136123657227,0.0020711994729936123,10,8,0.8,3.2,3.1731350421905518
515,12406,0.00014560780255123973,0.3467763066291809,0.001321881776675582,7,7,1.0,1.375,2.1511118412017822
516,11885,0.00014556327369064093,0.1325514018535614,0.0006081146420910954,7,4,0.5714285714285714,0.85,1.2508283853530884
517,5188,0.00014489998284261674,0.257316917181015,0.0018958833534270525,15,10,0.6666666666666666,1.675,1.6324975490570068
518,14433,0.00014397451013792306,0.1427614539861679,0.0008820282528176904,7,3,0.42857142857142855,0.675,0.9679087400436401
519,9686,0.00014319045294541866,0.2574620842933655,0.0015517534920945764,7,6,0.8571428571428571,0.975,0.6715871691703796
520,3355,0.00014267652295529842,0.13395999372005463,0.0006184496451169252,18,9,0.5,3.275,1.7404216527938843
521,15919,0.00014227311476133764,0.5182833075523376,0.0012649402488023043,19,19,1.0,1.4,1.6504533290863037
522,11472,0.00014167875633575022,0.3247640132904053,0.0008096587844192982,17,12,0.7058823529411765,2.7,3.5612404346466064
523,1230,0.00014111041673459113,0.22319011390209198,0.0014809516724199057,18,12,0.6666666666666666,1.775,1.288145661354065
524,13162,0.0001407660311087966,0.060815054923295975,0.002292263088747859,13,8,0.6153846153846154,1.125,3.9185729026794434
525,3718,0.00014065048890188336,0.4056456983089447,0.0012056020786985755,10,8,0.8,0.675,4.532488822937012
526,12402,0.00014027855650056154,0.30147191882133484,0.0018319289665669203,15,13,0.8666666666666667,7.925,2.2577707767486572
527,5219,0.00013894283620174974,0.3674629330635071,0.0011349745327606797,12,10,0.8333333333333334,0.6,0.7409005165100098
528,5725,0.00013893043796997517,0.11924929171800613,0.0013232264900580049,8,3,0.375,0.575,2.04771089553833
529,10494,0.00013875904551241547,0.09387478977441788,-0.00011518801329657435,14,8,0.5714285714285714,3.7,3.6404953002929688
530,10073,0.00013855626457370818,0.1746872514486313,0.0017433479661121964,9,6,0.6666666666666666,2.425,2.232316732406616
531,2187,0.00013854246935807168,0.08445565402507782,0.0032557151280343533,14,12,0.8571428571428571,3.6,1.915829062461853
532,8301,0.000138292190968059,0.4033621847629547,0.0013083743397146463,16,15,0.9375,1.775,3.4882149696350098
533,14862,0.00013821685570292175,0.1314786970615387,0.0010570089798420668,21,12,0.5714285714285714,2.25,2.500065803527832
534,10367,0.00013782791211269796,0.18572822213172913,0.0012313894694671035,5,4,0.8,0.4,1.3959221839904785
535,6341,0.00013711194333154708,0.26529228687286377,0.0010155787458643317,8,8,1.0,0.45,2.7115745544433594
536,13408,0.0001369537494610995,0.23117777705192566,0.0015408823965117335,25,13,0.52,3.8,1.8906269073486328
537,7725,0.00013650240725837648,0.21340318024158478,0.0009349950705654919,13,10,0.7692307692307693,1.25,1.8899074792861938
538,4696,0.00013618603406939656,0.30673399567604065,0.0016224866267293692,7,6,0.8571428571428571,4.45,0.8092435598373413
539,7009,0.00013535493053495884,0.24840639531612396,0.0009511648677289486,9,8,0.8888888888888888,0.5,1.1448745727539062
540,843,0.00013505436072591692,0.2879534363746643,0.0011178107233718038,7,5,0.7142857142857143,0.975,0.5472398996353149
541,4902,0.00013483436487149447,0.20486891269683838,0.001564347418025136,8,6,0.75,1.425,1.7267370223999023
542,8194,0.00013483341899700463,0.43962788581848145,0.0011224504560232162,18,15,0.8333333333333334,1.7,1.4957926273345947
543,4436,0.00013434872380457819,0.21867865324020386,0.0009411735227331519,7,5,0.7142857142857143,0.95,5.741340160369873
544,10229,0.00013399883755482733,0.41117578744888306,0.0012079601874575019,19,15,0.7894736842105263,5.825,1.6183278560638428
545,2005,0.0001329215883743018,0.21238864958286285,0.00219557317905128,15,6,0.4,1.825,1.814083456993103
546,11958,0.00013248034520074725,0.2330661118030548,0.0005104822339490056,13,10,0.7692307692307693,1.05,0.8483088612556458
547,5993,0.00013240482076071203,0.4596785008907318,0.0014313225401565433,19,14,0.7368421052631579,2.95,3.090571880340576
548,14323,0.0001321942690992728,0.33033815026283264,0.0015851635253056884,9,7,0.7777777777777778,6.8,1.338349461555481
549,775,0.00013218089588917792,0.16749295592308044,0.000824577989988029,10,7,0.7,1.45,1.52423095703125
550,14811,0.00013211058103479445,0.37654319405555725,0.0011643253965303302,10,8,0.8,0.775,3.8188183307647705
551,1268,0.00013192681944929063,0.20982955396175385,0.0009700492955744267,8,5,0.625,0.8,2.0236809253692627
552,5226,0.00013192118785809726,0.23216724395751953,0.0011221787426620722,12,7,0.5833333333333334,1.575,2.5198960304260254
553,1385,0.00013186114665586501,0.28573623299598694,0.0007604702259413898,17,11,0.6470588235294118,0.975,2.625669002532959
554,11128,0.00013072212459519506,0.1435055285692215,0.0011989767663180828,19,9,0.47368421052631576,1.6,2.288144826889038
555,7758,0.00013033115828875452,0.29886192083358765,0.0008818755159154534,8,7,0.875,0.275,2.2065465450286865
556,4525,0.00013032846618443727,0.21309037506580353,0.0006443920428864658,18,13,0.7222222222222222,4.6,1.9205503463745117
557,4143,0.00013030314585193992,0.29578185081481934,0.0010065350215882063,6,5,0.8333333333333334,0.5,1.8815101385116577
558,4342,0.00012989329115953296,0.19117732346057892,0.00026705232448875904,10,7,0.7,1.5,0.869292140007019
559,11839,0.00012929140939377248,0.23173969984054565,0.000645466847345233,18,11,0.6111111111111112,2.4,1.2074302434921265
560,12218,0.0001280611613765359,0.19625583291053772,0.002232200000435114,5,4,0.8,1.15,0.7034122943878174
561,10489,0.0001279801654163748,0.2587239444255829,0.0012138301972299814,5,4,0.8,0.325,1.7764551639556885
562,12230,0.00012653652811422944,0.228605717420578,0.0008646419155411422,9,5,0.5555555555555556,0.275,2.4264426231384277
563,2017,0.00012642412912100554,0.16349679231643677,0.0016029283870011568,5,2,0.4,0.275,1.8490384817123413
564,11059,0.00012638242333196104,0.2502284049987793,0.0006469840882346034,5,4,0.8,0.3,1.0532331466674805
565,11028,0.00012616239837370813,0.2839433550834656,0.001045971759594977,16,10,0.625,1.425,5.537222862243652
566,12362,0.00012601612252183259,0.05525398626923561,0.0018223092192783952,17,8,0.47058823529411764,7.75,3.7065346240997314
567,10904,0.00012482462625484914,0.1435495764017105,0.00243191746994853,7,6,0.8571428571428571,1.325,2.5041956901550293
568,7712,0.00012419832637533545,0.3071647584438324,0.0012980542378500104,15,11,0.7333333333333333,2.275,3.3439300060272217
569,15041,0.00012380495900288224,0.35218510031700134,0.0007702868315391243,18,14,0.7777777777777778,1.575,1.940079689025879
570,18,0.00012371662887744606,0.18940864503383636,0.00031932772253639996,11,6,0.5454545454545454,1.125,1.0695416927337646
571,7287,0.00012320358655415475,0.02346462942659855,-0.00597564410418272,21,10,0.47619047619047616,4.0,6.220128059387207
572,553,0.0001229999033967033,0.1457565873861313,0.00015653413720428944,17,8,0.47058823529411764,0.975,1.1051958799362183
573,5528,0.00012228584091644734,0.15913653373718262,0.0025562888476997614,5,4,0.8,6.2,0.8781160116195679
574,7504,0.0001222331338794902,0.16252921521663666,0.0025417893193662167,4,3,0.75,2.075,0.4991178512573242
575,7820,0.0001216641758219339,0.2537941634654999,0.0007052092114463449,5,5,1.0,0.45,0.7622432112693787
576,5714,0.00012166277883807197,0.1918395757675171,0.0012337781954556704,13,9,0.6923076923076923,1.3,2.312277317047119
577,5733,0.00012161451013525948,0.2851998507976532,0.0009853130904957652,12,8,0.6666666666666666,0.825,2.1670217514038086
578,13913,0.0001214541625813581,0.263403058052063,0.0005669345846399665,10,6,0.6,0.725,1.977171540260315
579,11279,0.00012109897943446413,0.206320658326149,0.0013782661408185959,7,5,0.7142857142857143,0.95,2.6318411827087402
580,10922,0.00012082186003681272,0.29621291160583496,0.0011664843186736107,11,7,0.6363636363636364,0.7,3.153366804122925
581,16060,0.00012071820674464107,0.23859331011772156,0.0008017512154765427,13,9,0.6923076923076923,2.025,1.180519700050354
582,10818,0.000119901800644584,0.2466808706521988,0.0011276525910943747,9,7,0.7777777777777778,0.95,1.4793466329574585
583,6890,0.00011878814257215708,0.14208143949508667,0.0007377010770142078,15,7,0.4666666666666667,1.2,2.5000998973846436
584,14194,0.00011856434866786003,0.2651659846305847,0.0006984624778851867,13,9,0.6923076923076923,7.775,2.441767692565918
585,1287,0.0001179115497507155,0.20725387334823608,0.0008057019440457225,12,8,0.6666666666666666,0.975,1.9901500940322876
586,10553,0.00011745799565687776,0.08486443758010864,0.002260933630168438,12,6,0.5,0.9,4.577081680297852
587,4352,0.0001173040727735497,0.21313658356666565,0.000706249033100903,15,9,0.6,1.475,1.0298916101455688
588,10688,0.00011700052709784359,0.15131327509880066,0.00041154399514198303,11,5,0.45454545454545453,0.875,0.9074093699455261
589,13524,0.00011680610623443499,0.17906172573566437,0.0020933884661644697,7,5,0.7142857142857143,0.55,1.5382988452911377
590,10250,0.00011651962995529175,0.23929333686828613,0.0015738094225525856,10,8,0.8,2.725,2.265307903289795
591,11617,0.00011645288032013923,0.19307848811149597,0.000864918518345803,8,6,0.75,1.125,1.7400678396224976
592,6992,0.00011639764124993235,0.17364510893821716,0.0013556962367147207,5,4,0.8,0.9,1.2258402109146118
593,7890,0.00011638941941782832,0.22928522527217865,0.0016183151165023446,14,9,0.6428571428571429,2.85,1.5757520198822021
594,6184,0.00011594218813115731,0.18395794928073883,0.0005904188146814704,11,7,0.6363636363636364,2.025,1.27951979637146
595,16002,0.00011546780297067016,0.24088726937770844,0.0019059231271967292,8,7,0.875,1.3,0.6449412703514099
596,570,0.00011515029473230243,0.10421556979417801,0.0014966480666771531,23,13,0.5652173913043478,1.5,2.4727044105529785
597,14359,0.00011513564822962508,0.21096310019493103,0.000584632798563689,22,10,0.45454545454545453,2.375,4.001406669616699
598,14636,0.00011452832404756919,0.2582533359527588,0.0008933215285651386,6,6,1.0,0.5,0.5450621843338013
599,3575,0.0001141373286372982,0.16418786346912384,0.0005772585864178836,13,7,0.5384615384615384,2.225,2.100437879562378
600,9204,0.00011402675590943545,0.1481785923242569,0.0004145579878240824,4,1,0.25,0.35,1.1846120357513428
601,16205,0.00011386982805561274,0.12084530293941498,0.001173530938103795,8,5,0.625,0.8,3.354940891265869
602,10828,0.00011366313265170902,0.06985553354024887,0.0005377324414439499,17,8,0.47058823529411764,1.175,2.625584125518799
603,11433,0.00011267302033957094,0.2059248685836792,0.002068318659439683,13,10,0.7692307692307693,3.225,1.593719244003296
604,231,0.00011266142973909155,0.2572537064552307,0.0007131967577151954,18,13,0.7222222222222222,3.4,3.338026762008667
605,14375,0.0001126114948419854,0.2479339838027954,0.0009923662291839719,6,5,0.8333333333333334,0.3,0.6181677579879761
606,10283,0.00011260685278102756,0.17601265013217926,0.001244684332050383,13,8,0.6153846153846154,3.1,2.7705752849578857
607,4966,0.00011204097245354205,0.4135272204875946,0.00101370585616678,12,12,1.0,1.575,1.7677679061889648
608,11316,0.00011126951721962541,0.16052722930908203,0.0006000552675686777,13,8,0.6153846153846154,1.0,1.9095672369003296
609,10141,0.0001111364908865653,0.16298691928386688,0.0009545095381326973,8,5,0.625,3.1,0.7000582814216614
610,11551,0.00011107866885140538,0.19196872413158417,0.0013808604562655091,9,7,0.7777777777777778,2.1,1.7172355651855469
611,7080,0.00011061591794714332,0.09367050975561142,-0.001241688965819776,20,13,0.65,3.7,3.332606554031372
612,8858,0.0001104903276427649,0.2359933704137802,0.0010272791841998696,20,11,0.55,1.425,3.667600631713867
613,7145,0.00010993869364028797,0.13338761031627655,0.0008593856473453343,15,6,0.4,3.875,2.4133238792419434
614,5687,0.00010979940270772204,0.17976374924182892,0.0003919891023542732,8,4,0.5,0.425,2.2251017093658447
615,4293,0.00010958579514408484,0.20112904906272888,0.00045592026435770094,12,8,0.6666666666666666,0.75,1.193966269493103
616,9701,0.00010943441884592175,0.29379749298095703,0.0011503554414957762,12,9,0.75,1.325,3.6249606609344482
617,8113,0.00010850293620023876,0.27918604016304016,0.00089336431119591,11,8,0.7272727272727273,1.875,3.0996031761169434
618,13218,0.00010783983452711254,0.37697479128837585,0.0011324025690555573,15,12,0.8,0.55,1.4129348993301392
619,11078,0.0001077535780495964,0.26140207052230835,0.0009345711441710591,11,8,0.7272727272727273,0.55,1.9157516956329346
620,981,0.00010770468361442909,0.2363041192293167,0.0010113116586580873,8,7,0.875,2.15,1.9439048767089844
621,6398,0.00010752064554253593,0.20674008131027222,0.0015095823910087347,10,6,0.6,3.775,2.3384621143341064
622,12665,0.00010751404624897987,0.27167418599128723,0.001233296818099916,15,11,0.7333333333333333,4.875,1.6502368450164795
623,3600,0.00010744629253167659,0.2383597046136856,0.0008448071894235909,9,5,0.5555555555555556,0.95,0.5812746286392212
624,13969,0.00010708323679864407,0.2534067928791046,0.001181108644232154,26,14,0.5384615384615384,4.85,3.3765270709991455
625,14570,0.00010635630314936861,0.16335320472717285,0.0006291711470112205,12,8,0.6666666666666666,0.5,0.9093238711357117
626,7753,0.0001053042578860186,0.20628441870212555,0.0006949923699721694,8,7,0.875,0.375,0.6001778841018677
627,1171,0.00010514658788451925,0.20137037336826324,0.0011026179417967796,8,5,0.625,2.35,1.5591579675674438
628,10176,0.00010509845742490143,0.23522192239761353,0.0014673013938590884,7,4,0.5714285714285714,2.35,1.5852056741714478
629,13668,0.00010501335782464594,0.09336144477128983,0.0011650205124169588,18,11,0.6111111111111112,2.65,3.4138717651367188
630,12762,0.00010469071276020259,0.33958688378334045,0.000760710914619267,21,14,0.6666666666666666,1.475,2.297307014465332
631,6724,0.00010453114373376593,0.11189918965101242,0.00027374140336178243,7,3,0.42857142857142855,0.325,1.5338811874389648
632,13519,0.00010443121573189273,0.2704601287841797,0.0007109616999514401,10,9,0.9,0.7,1.6736812591552734
633,13144,0.00010361582826590165,0.11147063970565796,0.0016594206681475043,12,9,0.75,1.7,0.9322342872619629
634,16290,0.00010359285806771368,0.1148402988910675,0.0009697398054413497,16,8,0.5,2.675,2.117347002029419
635,12031,0.00010255271627102047,0.36224043369293213,0.0008635103586129844,13,12,0.9230769230769231,0.725,0.6433451771736145
636,7109,0.00010233974171569571,0.12008709460496902,0.0013238124083727598,17,8,0.47058823529411764,2.2,2.649343490600586
637,7740,0.00010228783503407612,0.16528548300266266,0.0009720935486257076,16,11,0.6875,2.2,3.197218418121338
638,12405,0.00010223835852229968,0.10932286083698273,0.0012702331878244877,19,12,0.631578947368421,2.05,1.1453592777252197
639,15063,0.00010158286750083789,0.14522364735603333,0.000512395694386214,13,7,0.5384615384615384,1.725,1.5281461477279663
640,1548,0.00010156686039408669,0.36261609196662903,0.001215057447552681,21,17,0.8095238095238095,2.925,2.2736587524414062
641,4033,0.00010154725896427408,0.278053879737854,0.0012623828370124102,17,12,0.7058823529411765,4.35,2.033567190170288
642,16308,0.00010152703907806426,0.2232564240694046,0.0015429607592523098,6,4,0.6666666666666666,2.175,1.5772100687026978
643,15958,0.00010134801414096728,0.23147864639759064,0.0005282482597976923,9,8,0.8888888888888888,0.65,0.4880886971950531
644,12697,0.00010130680311704054,0.34558042883872986,0.0008477118681184947,19,15,0.7894736842105263,1.875,3.4213624000549316
645,3085,0.00010117983765667304,0.2620178461074829,0.0008072194759733975,10,9,0.9,1.55,1.4501872062683105
646,12678,0.0001006807287922129,0.21577376127243042,0.00040214555338025093,5,4,0.8,0.15,0.3112937808036804
647,7860,0.000100554374512285,0.35572221875190735,0.0007390478858724236,16,12,0.75,0.625,1.5413970947265625
648,3513,0.0001004038131213747,0.14899280667304993,0.00045738896005786955,8,5,0.625,0.2,1.4280292987823486
649,890,9.948066144715995e-05,0.17251917719841003,0.00041577586671337485,4,3,0.75,0.15,1.3341761827468872
650,4972,9.89667241810821e-05,0.16060826182365417,0.0020505893044173717,13,8,0.6153846153846154,2.425,1.6471208333969116
651,377,9.87494713626802e-05,0.16537486016750336,0.0009422602015547454,5,4,0.8,3.5,0.8408727645874023
652,11261,9.865917672868818e-05,0.07876250147819519,0.0008295240695588291,14,9,0.6428571428571429,3.4,3.4479403495788574
653,12669,9.858072735369205e-05,0.1522597223520279,0.00039810314774513245,10,6,0.6,0.65,2.2333486080169678
654,811,9.827352914726362e-05,0.20078642666339874,0.0005208496586419642,8,4,0.5,0.5,0.7957926988601685
655,3021,9.789247997105122e-05,0.22053773701190948,0.0005210990784689784,13,8,0.6153846153846154,3.625,1.5372511148452759
656,14840,9.779640095075592e-05,0.04162753373384476,0.0036931964568793774,24,10,0.4166666666666667,5.725,2.4903039932250977
657,14409,9.756996587384492e-05,0.32774004340171814,0.0009341559489257634,14,12,0.8571428571428571,1.375,1.3877785205841064
658,11394,9.745491115609184e-05,0.23535335063934326,0.0007841469487175345,8,5,0.625,1.2,1.2768628597259521
659,2632,9.68236054177396e-05,0.2452385425567627,0.0012565391371026635,8,5,0.625,1.375,1.0727704763412476
660,8875,9.677540219854563e-05,0.40610790252685547,0.0009124797070398927,10,9,0.9,1.55,1.353295087814331
661,9844,9.653929009800777e-05,0.2804746627807617,0.0010970704024657607,5,5,1.0,2.2,0.9369624853134155
662,489,9.649441199144349e-05,0.1583809107542038,0.0008209524676203728,15,9,0.6,1.625,2.042536735534668
663,6845,9.642498480388895e-05,0.21289527416229248,0.0013544848188757896,22,15,0.6818181818181818,3.05,2.812431573867798
664,10417,9.637546463636681e-05,0.1439962387084961,0.0009594174334779382,14,7,0.5,0.675,1.8445491790771484
665,4833,9.525304631097242e-05,0.16301961243152618,0.00041334499837830663,9,6,0.6666666666666666,0.325,1.3256269693374634
666,16249,9.520033199805766e-05,0.16006207466125488,0.0004222853167448193,16,10,0.625,1.425,1.3391727209091187
667,6913,9.495397534919903e-05,0.3417183756828308,0.0004717828705906868,19,14,0.7368421052631579,1.325,1.6531152725219727
668,2991,9.489639342064038e-05,0.29333725571632385,0.0009267803397960961,18,15,0.8333333333333334,2.275,2.213536500930786
669,13556,9.415635577170178e-05,0.4003949761390686,0.0012227857951074839,14,12,0.8571428571428571,3.275,2.44950795173645
670,7616,9.406488243257627e-05,0.2403080314397812,0.0006956026772968471,10,9,0.9,2.325,1.2041728496551514
671,15049,9.355137444799766e-05,0.18154464662075043,0.0018818285316228867,4,3,0.75,3.35,0.5526324510574341
672,5539,9.32946422835812e-05,0.33712685108184814,0.0010620016837492585,16,14,0.875,2.675,2.3584461212158203
673,15945,9.325569408247247e-05,0.21331608295440674,0.0006020821747370064,10,6,0.6,0.75,3.094785213470459
674,4452,9.322876576334238e-05,0.25104275345802307,0.0006363093270920217,13,9,0.6923076923076923,1.675,3.814915180206299
675,7442,9.292633330915123e-05,0.1600881963968277,0.0008796742185950279,4,4,1.0,0.225,0.5034402012825012
676,4595,9.286410931963474e-05,0.30565038323402405,0.0007898245239630342,10,9,0.9,2.225,2.5504915714263916
677,414,9.272654278902337e-05,0.3274260461330414,0.0008389105787500739,9,8,0.8888888888888888,0.45,2.5927011966705322
678,12408,9.252107702195644e-05,0.09833890199661255,0.0010489613050594926,6,5,0.8333333333333334,0.9,3.3006751537323
679,2401,9.166898962575942e-05,0.20817503333091736,0.0011027904693037271,13,10,0.7692307692307693,1.625,1.8716011047363281
680,11630,9.12379618966952e-05,0.0780276507139206,6.0002807003911585e-05,17,8,0.47058823529411764,3.3,3.025542736053467
681,3501,9.022725134855136e-05,0.23590373992919922,0.0010035799350589514,6,5,0.8333333333333334,1.75,0.7104564905166626
682,8483,9.020620200317353e-05,0.22247876226902008,0.0008669407106935978,9,7,0.7777777777777778,0.6,1.3736696243286133
683,4111,8.994811651064083e-05,0.19416439533233643,0.0004884799127466977,13,8,0.6153846153846154,2.625,1.8609365224838257
684,13837,8.974435331765562e-05,0.16695453226566315,-0.00030038494151085615,12,8,0.6666666666666666,1.05,1.5921592712402344
685,10927,8.887013245839626e-05,0.1856224685907364,0.0007476058672182262,10,5,0.5,1.65,1.5941340923309326
686,12943,8.840115333441645e-05,0.42751023173332214,0.0008665939094498754,12,9,0.75,2.125,2.15613055229187
687,2463,8.758098556427285e-05,0.15691892802715302,0.0007420502952300012,11,7,0.6363636363636364,1.175,2.9283370971679688
688,5215,8.754613372730091e-05,0.1379651129245758,0.00013404157652985305,7,4,0.5714285714285714,0.775,1.8817927837371826
689,14471,8.736040763324127e-05,0.27260029315948486,0.0011606841580942273,4,4,1.0,0.7,0.4128337800502777
690,6022,8.70072835823521e-05,0.18016037344932556,0.0010927615221589804,11,9,0.8181818181818182,1.25,0.8467520475387573
691,13893,8.687213266966864e-05,0.11414914578199387,0.00022323502344079316,24,18,0.75,2.8,1.8841861486434937
692,12527,8.647061622468755e-05,0.27283602952957153,0.00045972218504175544,9,8,0.8888888888888888,0.75,2.469968318939209
693,4922,8.619778964202851e-05,0.13147500157356262,0.0006302896654233336,8,5,0.625,1.15,0.7455299496650696
694,8732,8.610684017185122e-05,0.3292323350906372,0.0004070793220307678,11,9,0.8181818181818182,1.125,1.2832566499710083
695,15301,8.593476377427578e-05,0.22952434420585632,0.0011756318854168057,5,5,1.0,0.15,0.46333256363868713
696,4043,8.571508806198835e-05,0.2861039936542511,0.0006506646750494838,9,6,0.6666666666666666,0.85,4.898575782775879
697,10315,8.526120655005798e-05,0.23285874724388123,0.0006719419034197927,13,8,0.6153846153846154,1.775,1.9840269088745117
698,11870,8.502994751324877e-05,0.28652751445770264,0.0006977674784138799,9,7,0.7777777777777778,0.55,2.120434284210205
699,8530,8.467822044622153e-05,0.12221068143844604,-0.0005431940080597997,12,8,0.6666666666666666,1.55,2.342292070388794
700,3324,8.463575795758516e-05,0.2827737033367157,0.0010654011275619268,11,6,0.5454545454545454,0.6,3.353107452392578
701,12555,8.453171176370233e-05,0.17514289915561676,0.0006452589295804501,9,5,0.5555555555555556,1.575,3.022252082824707
702,4634,8.43040324980393e-05,0.2976294457912445,0.0007383126649074256,18,14,0.7777777777777778,3.85,1.4175677299499512
703,11928,8.427757711615413e-05,0.21031096577644348,0.00040062464540824294,10,8,0.8,1.35,1.8593391180038452
704,2357,8.413728937739506e-05,0.2316846251487732,0.0006399747217074037,13,11,0.8461538461538461,3.1,1.7789218425750732
705,2453,8.372966840397567e-05,0.39118966460227966,0.0007409898680634797,12,10,0.8333333333333334,0.65,1.5042527914047241
706,4989,8.350588177563623e-05,0.3560670018196106,0.0009601389756426215,12,7,0.5833333333333334,2.225,2.452237606048584
707,2383,8.325212547788396e-05,0.19379927217960358,0.0007455829763785005,6,4,0.6666666666666666,0.575,0.678573489189148
708,11475,8.316502498928457e-05,0.23948273062705994,0.0009234986500814557,15,10,0.6666666666666666,3.375,2.2703158855438232
709,4653,8.286899537779391e-05,0.25244057178497314,0.0004390261019580066,11,7,0.6363636363636364,0.975,1.4937149286270142
710,955,8.280052861664444e-05,0.2427014410495758,0.0010131151648238301,15,14,0.9333333333333333,1.55,1.3662745952606201
711,1840,8.258526941062883e-05,0.13832101225852966,0.0007973111351020634,18,7,0.3888888888888889,1.15,2.3426899909973145
712,13457,8.228801016230136e-05,0.15448588132858276,0.0003415002138353884,18,8,0.4444444444444444,1.9,1.2962418794631958
713,13269,8.210200758185238e-05,0.1193484216928482,0.0009476956911385059,20,9,0.45,1.0,1.9479234218597412
714,7696,8.173390233423561e-05,0.09642493724822998,0.000650412286631763,5,4,0.8,1.0,1.4572789669036865
715,6067,8.159525168593973e-05,0.18898187577724457,0.0007171356701292098,13,9,0.6923076923076923,3.075,3.4252705574035645
716,5494,8.153521048370749e-05,0.16300077736377716,0.0007084346143528819,5,4,0.8,4.3,0.6228939294815063
717,9224,8.128620538627729e-05,0.26393362879753113,0.0008230697130784392,7,5,0.7142857142857143,1.1,2.6268398761749268
718,4687,8.058615640038624e-05,0.18543922901153564,0.00047235720558092,8,5,0.625,1.4,1.1249604225158691
719,5837,8.052981138462201e-05,0.3447589576244354,0.0010495614260435104,17,12,0.7058823529411765,2.275,1.7754631042480469
720,945,8.047411392908543e-05,0.12488595396280289,8.387905108975247e-05,9,4,0.4444444444444444,1.15,1.0867445468902588
721,4962,8.032277401071042e-05,0.34790441393852234,0.0005986806354485452,13,11,0.8461538461538461,1.375,1.0667474269866943
722,3763,8.013679325813428e-05,0.20179852843284607,0.00048465601867064834,9,7,0.7777777777777778,0.525,0.5662384033203125
723,2945,7.86676027928479e-05,0.07949366420507431,0.0015931617235764861,12,9,0.75,1.675,3.7924838066101074
724,8611,7.823172200005502e-05,0.1623130887746811,0.0016294103115797043,7,4,0.5714285714285714,0.8,1.1518946886062622
725,3394,7.822192856110632e-05,0.12102147936820984,0.00015156547306105494,5,2,0.4,1.05,0.6638399362564087
726,10133,7.819430902600288e-05,0.2147602140903473,0.0011438603978604078,10,7,0.7,2.25,0.7860130071640015
727,4991,7.792954420438036e-05,0.11374407261610031,9.670685540186241e-05,16,7,0.4375,3.95,2.1422791481018066
728,12298,7.786058267811313e-05,0.1611701101064682,0.00031799933640286326,4,2,0.5,0.125,0.36394554376602173
729,5192,7.708636985626072e-05,0.040057674050331116,0.00020520875114016235,22,12,0.5454545454545454,7.425,2.384383201599121
730,6135,7.665104203624651e-05,0.2528514564037323,0.0005408365977928042,8,5,0.625,0.3,0.6116828918457031
731,14664,7.634361099917442e-05,0.30418649315834045,0.0011369951535016298,10,7,0.7,1.625,4.18203592300415
732,15250,7.633138011442497e-05,0.17834670841693878,0.001428299001418054,9,5,0.5555555555555556,5.25,1.5707676410675049
733,13864,7.619561074534431e-05,0.3123757839202881,0.0008706417866051197,4,4,1.0,0.1,1.2410573959350586
734,11510,7.584733975818381e-05,0.2808744013309479,0.0006736054201610386,12,9,0.75,0.875,1.10702383518219
735,6050,7.543664833065122e-05,0.1999497264623642,0.0006611071294173598,9,5,0.5555555555555556,2.975,3.3675589561462402
736,9607,7.497100887121633e-05,0.18547983467578888,0.0012822200078517199,13,6,0.46153846153846156,6.2,2.178704023361206
737,14730,7.437511521857232e-05,0.07350645959377289,0.000597480102442205,13,12,0.9230769230769231,2.85,1.7095979452133179
738,15346,7.436760643031448e-05,0.2648485600948334,0.001151583855971694,9,7,0.7777777777777778,3.95,1.354702353477478
739,1126,7.433846622006968e-05,0.10301218181848526,0.0006982379709370434,25,12,0.48,5.375,4.249447822570801
740,2701,7.420464680762962e-05,0.29190951585769653,0.0006805510492995381,9,7,0.7777777777777778,1.35,1.064396858215332
741,2608,7.412380364257842e-05,0.21861734986305237,0.0004674307128880173,13,9,0.6923076923076923,1.775,1.5996901988983154
742,14884,7.406742952298373e-05,0.22800028324127197,0.0008214936824515462,6,5,0.8333333333333334,0.975,0.5466506481170654
743,4188,7.381589966826141e-05,0.2784891128540039,0.0006829448393546045,12,8,0.6666666666666666,1.8,1.571993112564087
744,4029,7.342596654780209e-05,0.23850511014461517,0.000348900503013283,18,8,0.4444444444444444,9.0,1.3253669738769531
745,3978,7.325589831452817e-05,0.27665671706199646,0.0007286312757059932,6,5,0.8333333333333334,0.425,3.0024330615997314
746,2870,7.30861138436012e-05,0.14386284351348877,0.0007318179123103619,5,2,0.4,1.375,1.3317903280258179
747,6496,7.272975926753134e-05,0.19931112229824066,0.0006025953916832805,14,12,0.8571428571428571,1.675,1.2135083675384521
748,9203,7.272748916875571e-05,0.12466449290513992,0.0010864569339901209,14,8,0.5714285714285714,2.125,1.8013858795166016
749,2015,7.259808626258746e-05,0.17499177157878876,0.0014570343773812056,6,6,1.0,1.7,0.5786432027816772
750,16027,7.239162368932739e-05,0.2356662154197693,0.0007867672247812152,14,7,0.5,0.675,0.7750005722045898
751,7436,7.212291529867798e-05,0.3020864725112915,0.0007784501649439335,7,6,0.8571428571428571,1.525,1.1712205410003662
752,5671,7.192775228759274e-05,0.22809630632400513,0.0008879243396222591,6,4,0.6666666666666666,0.85,3.376208543777466
753,10400,7.17509028618224e-05,0.2388356626033783,0.0010406903456896544,6,5,0.8333333333333334,1.325,1.2240219116210938
754,13,7.170654862420633e-05,0.16412828862667084,-4.850627010455355e-05,10,5,0.5,1.0,1.512437343597412
755,15436,7.165917486418039e-05,0.14882305264472961,0.0012021319707855582,7,2,0.2857142857142857,0.2,1.8317512273788452
756,14800,7.148874283302575e-05,0.3230515122413635,0.0006594188744202256,10,6,0.6,1.65,3.1802000999450684
757,8334,7.148168515414e-05,0.21655724942684174,0.0003738470550160855,4,4,1.0,1.75,0.4121496081352234
758,4752,7.076020847307518e-05,0.06311947107315063,-0.00030273402808234096,17,7,0.4117647058823529,2.05,2.382197380065918
759,14710,7.001013000262901e-05,0.18532294034957886,0.0013242081040516496,4,2,0.5,1.075,1.0130409002304077
760,15747,6.987030792515725e-05,0.19578026235103607,0.0004217164241708815,8,7,0.875,1.525,1.3269975185394287
761,5627,6.980235775699839e-05,0.3688608407974243,0.0006460788426920772,16,10,0.625,2.8,2.196225643157959
762,1769,6.978945020819083e-05,0.2287028580904007,0.0005763362860307097,9,7,0.7777777777777778,1.1,1.0030112266540527
763,730,6.916845450177789e-05,0.18797148764133453,0.00032234948594123125,11,6,0.5454545454545454,0.45,0.8001695871353149
764,1469,6.90476517775096e-05,0.28759923577308655,0.0007696902612224221,12,7,0.5833333333333334,1.45,2.8251025676727295
765,12790,6.88134750816971e-05,0.15708866715431213,0.00029195344541221857,4,3,0.75,0.375,0.45929354429244995
766,879,6.873492384329438e-05,0.25624367594718933,0.0007998968358151615,8,7,0.875,1.2,0.9836565256118774
767,11698,6.863551971036941e-05,0.17666716873645782,0.0003184682864230126,14,10,0.7142857142857143,4.025,3.573108673095703
768,4187,6.833481893409044e-05,0.10641627013683319,0.00048736055032350123,15,6,0.4,1.3,1.9115495681762695
769,12376,6.829149060649797e-05,0.14923974871635437,0.0005904685240238905,10,5,0.5,0.7,1.5545399188995361
770,5069,6.825251330155879e-05,0.23349152505397797,0.0004628330934792757,15,12,0.8,3.2,1.2858070135116577
771,9543,6.802428106311709e-05,0.20768707990646362,0.0006763093406334519,10,8,0.8,2.05,1.346149206161499
772,3564,6.776848749723285e-05,0.27087417244911194,0.0005809197900816798,14,8,0.5714285714285714,5.125,2.1604726314544678
773,7303,6.768985622329637e-05,0.14568622410297394,0.0013207030715420842,5,3,0.6,0.7,0.5628147125244141
774,4479,6.765020225429907e-05,0.15455931425094604,0.0006925418274477124,25,11,0.44,3.85,2.8104710578918457
775,11772,6.737178046023473e-05,0.39692896604537964,0.0005570705980062485,11,10,0.9090909090909091,1.45,2.108515977859497
776,13115,6.705553823849186e-05,0.09628216177225113,0.0008519617840647697,20,15,0.75,4.55,2.014538526535034
777,5751,6.704634142806754e-05,0.08910923451185226,0.00033114809775725007,19,14,0.7368421052631579,2.225,1.8490064144134521
778,8649,6.699792720610276e-05,0.24011707305908203,0.0007904929225333035,6,4,0.6666666666666666,0.45,1.4374973773956299
779,10532,6.690279406029731e-05,0.16273638606071472,0.0004214180225972086,18,8,0.4444444444444444,2.2,2.7081475257873535
780,14491,6.646742258453742e-05,0.07010097056627274,0.0004188557213637978,27,13,0.48148148148148145,11.2,2.336271286010742
781,7192,6.58686039969325e-05,0.15465889871120453,0.00036702200304716825,12,7,0.5833333333333334,1.35,2.5442655086517334
782,785,6.578127067768946e-05,0.14352773129940033,0.0002944566949736327,22,12,0.5454545454545454,4.5,1.633548378944397
783,15899,6.538440356962383e-05,0.1287325620651245,0.0015454915119335055,21,12,0.5714285714285714,2.325,1.6372134685516357
784,8719,6.53194947517477e-05,0.19302114844322205,0.0006860753637738526,14,11,0.7857142857142857,2.7,3.1897976398468018
785,2786,6.517690053442493e-05,0.3120996356010437,0.0008608101052232087,17,12,0.7058823529411765,5.025,1.842651605606079
786,3416,6.500208837678656e-05,0.08325240761041641,0.0008828275604173541,6,2,0.3333333333333333,0.65,2.5576765537261963
787,13360,6.495920388260856e-05,0.4205688238143921,0.0006655579200014472,15,12,0.8,1.925,2.9188270568847656
788,5911,6.461102020693943e-05,0.1608736366033554,0.001215580152347684,6,4,0.6666666666666666,0.25,0.6865520477294922
789,13299,6.451869558077306e-05,0.17743369936943054,0.0005845110863447189,9,7,0.7777777777777778,0.8,1.4268242120742798
790,12368,6.446619227062911e-05,0.07136861234903336,0.0010042386129498482,17,4,0.23529411764705882,1.925,1.684107780456543
791,12042,6.42950544715859e-05,0.011599445715546608,0.005680751521140337,14,9,0.6428571428571429,1.8,2.701033592224121
792,10238,6.379631668096408e-05,0.2217603176832199,0.0005707120290026069,10,6,0.6,3.5,2.052311420440674
793,14461,6.345160363707691e-05,0.1340096890926361,0.0008303840877488256,15,10,0.6666666666666666,3.825,2.3205535411834717
794,2939,6.301212852122262e-05,0.1151914894580841,0.0006139486795291305,12,6,0.5,1.725,1.8594491481781006
795,508,6.263632531045005e-05,0.2750084102153778,0.0006982071208767593,15,12,0.8,1.975,3.017031669616699
796,2268,6.261818634811789e-05,0.26183924078941345,0.0006608733674511313,20,13,0.65,2.775,3.032759189605713
797,1317,6.256172491703182e-05,0.018231535330414772,-0.0027723959647119045,28,6,0.21428571428571427,9.0,1.8088607788085938
798,6919,6.255702464841306e-05,0.2895644009113312,0.0005168087081983685,11,8,0.7272727272727273,0.625,1.0065176486968994
799,6681,6.218043563421816e-05,0.15605133771896362,0.0002665261272341013,15,9,0.6,1.25,2.9874320030212402
800,8618,6.177903560455889e-05,0.3566000461578369,0.0006004197057336569,8,8,1.0,0.575,0.43551620841026306
801,5284,6.17155892541632e-05,0.11182083189487457,0.00124847621191293,14,12,0.8571428571428571,1.725,2.5616962909698486
802,6491,6.165989907458425e-05,0.40030404925346375,0.0003205308457836509,15,11,0.7333333333333333,0.65,1.965494155883789
803,15330,6.13292504567653e-05,0.20024903118610382,0.0006184677476994693,11,6,0.5454545454545454,1.125,3.0961813926696777
804,5787,6.127909000497311e-05,0.19392596185207367,0.001185881206765771,6,4,0.6666666666666666,1.825,0.7016290426254272
805,1641,6.0830054280813783e-05,0.21958453953266144,0.0005384430405683815,9,7,0.7777777777777778,7.05,1.7154290676116943
806,14272,6.080095045035705e-05,0.17539231479167938,0.00046233474859036505,11,8,0.7272727272727273,3.625,1.1182507276535034
807,673,6.0175207181600854e-05,0.097352035343647,0.001036336412653327,16,12,0.75,2.775,4.902500152587891
808,11222,5.9941736253676936e-05,0.06796401739120483,0.000775046763010323,14,7,0.5,11.425,2.013221025466919
809,10127,5.964683441561647e-05,0.23781567811965942,0.00027834298089146614,12,8,0.6666666666666666,0.5,1.6318296194076538
810,2419,5.960794442216866e-05,0.25770723819732666,0.0003145505324937403,12,8,0.6666666666666666,1.25,1.5225269794464111
811,14756,5.95109086134471e-05,0.2162771373987198,0.0007647544261999428,5,4,0.8,1.0,0.4117771089076996
812,5459,5.944937583990395e-05,0.2640388011932373,0.0007011293200775981,11,8,0.7272727272727273,2.0,1.3337905406951904
813,737,5.935144145041704e-05,0.35755613446235657,0.0007384975906461477,9,8,0.8888888888888888,1.325,1.1306968927383423
814,14968,5.928763494011946e-05,0.28186193108558655,0.0005835125339217484,7,6,0.8571428571428571,0.6,1.8527053594589233
815,5578,5.911059633945115e-05,0.2754991948604584,0.0006776563241146505,13,8,0.6153846153846154,2.475,2.7560434341430664
816,107,5.903186320210807e-05,0.333572655916214,0.0006773120840080082,10,9,0.9,1.225,0.681503415107727
817,2038,5.898896051803604e-05,0.18808719515800476,0.00023816879547666758,11,7,0.6363636363636364,0.525,1.0130659341812134
818,8420,5.8857793192146346e-05,0.12160200625658035,0.0005038549425080419,20,12,0.6,3.975,3.072299003601074
819,11527,5.867359504918568e-05,0.24725104868412018,0.00035330886021256447,10,7,0.7,1.15,0.601751446723938
820,11325,5.848777436767705e-05,0.18090470135211945,0.00041806866647675633,11,5,0.45454545454545453,2.65,2.7185940742492676
821,7393,5.8230441936757416e-05,0.1535218358039856,0.00027606289950199425,7,4,0.5714285714285714,0.5,2.6361846923828125
822,15685,5.805033288197592e-05,0.0519803911447525,-0.0006631133728660643,12,6,0.5,0.95,3.7264485359191895
823,6687,5.785390385426581e-05,0.13352514803409576,0.00044860324123874307,16,8,0.5,1.975,0.9992198944091797
824,4279,5.756830069003627e-05,0.10996943712234497,0.0010017325403168797,11,9,0.8181818181818182,2.65,2.5094332695007324
825,5595,5.75199956074357e-05,0.2424762099981308,0.0004892585566267371,8,7,0.875,1.575,1.0695486068725586
826,10210,5.719018372474238e-05,0.27273544669151306,0.0005368559504859149,6,5,0.8333333333333334,1.85,0.6704371571540833
827,13621,5.695774598279968e-05,0.15632280707359314,0.0005901096155866981,16,9,0.5625,2.575,2.050447940826416
828,4471,5.693309867638163e-05,0.13531231880187988,0.0005256749573163688,15,10,0.6666666666666666,3.725,2.346297025680542
829,16293,5.6820041208993644e-05,0.2324485033750534,0.0008627623319625854,9,6,0.6666666666666666,1.275,1.1600440740585327
830,6077,5.659258386003785e-05,0.10257906466722488,0.0007169352611526847,12,3,0.25,1.05,2.076457977294922
831,14322,5.6559052609372884e-05,0.22540141642093658,0.0007517861085943878,10,8,0.8,5.275,1.0994521379470825
832,10458,5.626011989079416e-05,0.07980675995349884,-4.975360934622586e-05,6,3,0.5,1.3,1.4932634830474854
833,1327,5.624349068966694e-05,0.19689281284809113,0.0006715869531035423,7,6,0.8571428571428571,0.8,1.1438570022583008
834,7362,5.617085116682574e-05,0.35614505410194397,0.0006087534129619598,9,9,1.0,0.425,2.0724573135375977
835,3109,5.61321503482759e-05,0.1081213504076004,0.00010293254308635369,4,2,0.5,0.8,0.7694355249404907
836,15591,5.60650005354546e-05,0.13102753460407257,0.0001492172887083143,13,5,0.38461538461538464,1.275,0.8925970792770386
837,1794,5.596574192168191e-05,0.23719511926174164,0.000825537194032222,5,4,0.8,1.6,0.313500314950943
838,7003,5.581662480835803e-05,0.15126033127307892,0.0010858646128326654,8,4,0.5,4.225,1.3832929134368896
839,3895,5.566397521761246e-05,0.27493876218795776,0.0006489624502137303,19,12,0.631578947368421,2.85,2.3223049640655518
840,14149,5.5579293984919786e-05,0.12082049995660782,0.0004316281119827181,17,6,0.35294117647058826,1.35,1.4455547332763672
841,7531,5.529067857423797e-05,0.1807268112897873,0.0002478508686181158,9,7,0.7777777777777778,0.55,0.7147645950317383
842,13110,5.515882367035374e-05,0.27714672684669495,0.00036844488931819797,10,7,0.7,1.075,1.2214255332946777
843,4534,5.510119808604941e-05,0.2351132482290268,0.00027411076007410884,16,9,0.5625,1.025,1.308490514755249
844,12902,5.508407048182562e-05,0.31712961196899414,0.000478450208902359,7,6,0.8571428571428571,0.225,1.2890359163284302
845,7241,5.49264186702203e-05,0.21408602595329285,0.000638039200566709,17,8,0.47058823529411764,1.2,1.3417530059814453
846,8599,5.4805663239676505e-05,0.2026013731956482,0.0006765267462469637,8,6,0.75,0.825,0.5655183792114258
847,10441,5.475624857353978e-05,0.07273150235414505,0.0002455245703458786,18,5,0.2777777777777778,1.125,3.0170297622680664
848,84,5.456311191665009e-05,0.2728741466999054,0.0005329758278094232,10,7,0.7,0.575,0.8444334864616394
849,15043,5.448230149340816e-05,0.15007002651691437,0.00030887656612321734,8,5,0.625,1.725,1.1877189874649048
850,9090,5.4460579121951014e-05,0.18773153424263,0.0002591762167867273,6,5,0.8333333333333334,1.7,1.7122246026992798
851,1903,5.43536662007682e-05,0.17123639583587646,0.0005954744992777705,6,4,0.6666666666666666,0.175,1.3540704250335693
852,13970,5.4252053814707324e-05,0.232173889875412,0.0005010532913729548,12,9,0.75,1.725,1.211631178855896
853,3079,5.3535022743744776e-05,0.2032664269208908,0.0009773182682693005,15,10,0.6666666666666666,4.2,2.5679848194122314
854,15167,5.319538831827231e-05,0.08791523426771164,0.0003749944444280118,11,7,0.6363636363636364,2.1,0.9815592765808105
855,10961,5.296726158121601e-05,0.21447119116783142,0.0004243909497745335,12,8,0.6666666666666666,1.35,2.3417611122131348
856,15153,5.291150955599733e-05,0.11148801445960999,0.00022148962307255715,13,8,0.6153846153846154,3.275,3.1200473308563232
857,11428,5.2590119594242424e-05,0.44539132714271545,0.00047099468065425754,13,12,0.9230769230769231,1.85,1.6355518102645874
858,3069,5.242586485110223e-05,0.09048223495483398,0.0004041799402330071,12,6,0.5,6.475,1.3062087297439575
859,9741,5.211238021729514e-05,0.3320153057575226,0.000407032115617767,16,11,0.6875,2.125,1.9846900701522827
860,9282,5.170574877411127e-05,0.3177167773246765,0.0005315638845786452,8,7,0.875,1.4,2.588022470474243
861,9207,5.155823237146251e-05,0.14837639033794403,0.0002919348480645567,4,3,0.75,0.15,1.3456552028656006
862,11216,5.12480728502851e-05,0.10141149908304214,0.0009541792678646743,12,7,0.5833333333333334,1.075,2.3576254844665527
863,2375,5.1189046644140035e-05,0.1771395057439804,0.00048074149526655674,11,8,0.7272727272727273,0.925,0.8669748306274414
864,2536,5.1144328608643264e-05,0.036415375769138336,0.0002450799220241606,20,13,0.65,8.675,3.3715758323669434
865,9898,5.110449274070561e-05,0.17688199877738953,0.0008315520244650543,11,6,0.5454545454545454,2.025,1.3526886701583862
866,6262,5.108748882776126e-05,0.22519606351852417,0.0007228602189570665,8,5,0.625,0.525,1.9054731130599976
867,3200,5.091294224257581e-05,0.2243366241455078,0.0002556461840867996,9,7,0.7777777777777778,0.775,1.7322118282318115
868,479,5.018150477553718e-05,0.050688985735177994,0.00070590601535514,7,1,0.14285714285714285,1.775,0.8564874529838562
869,6300,4.994963455828838e-05,0.2595754861831665,0.000388064217986539,11,9,0.8181818181818182,0.65,0.9495655298233032
870,16270,4.98430454172194e-05,0.3341987729072571,0.0005946784513071179,14,11,0.7857142857142857,1.1,0.8794519305229187
871,13407,4.936522600473836e-05,0.22956214845180511,0.0005365160177461803,8,4,0.5,0.8,1.071463942527771
872,14125,4.9284113629255444e-05,0.09068457782268524,0.0005087948520667851,10,5,0.5,1.125,2.728519916534424
873,7371,4.9252616008743644e-05,0.138873890042305,0.00036578174331225455,19,12,0.631578947368421,3.175,1.816428780555725
874,15441,4.9192545702680945e-05,0.12433090060949326,0.0003712009056471288,15,5,0.3333333333333333,2.85,2.7140860557556152
875,14689,4.914087912766263e-05,0.2123306840658188,0.0004406108637340367,8,7,0.875,0.9,0.5483255386352539
876,5909,4.8847898142412305e-05,0.4100794196128845,0.0006504571065306664,15,13,0.8666666666666667,3.875,2.520724296569824
877,3699,4.8774207243695855e-05,0.1181919202208519,0.0005741303903050721,8,4,0.5,0.525,1.0590399503707886
878,7692,4.8769441491458565e-05,0.12576518952846527,0.0004250040801707655,10,3,0.3,0.7,2.188232421875
879,6875,4.864848597208038e-05,0.07085994631052017,0.0006937687867321074,20,11,0.55,4.05,4.191235542297363
880,1374,4.8246663936879486e-05,0.03446793556213379,-0.0002602419990580529,15,9,0.6,3.625,1.3620843887329102
881,2750,4.8180878366110846e-05,0.08522266894578934,0.00019676277588587254,19,13,0.6842105263157895,8.075,2.262502908706665
882,8112,4.801139948540367e-05,0.23880091309547424,0.00034730651532299817,10,6,0.6,1.325,1.148555040359497
883,13805,4.785141572938301e-05,0.07334975153207779,-0.00011046639701817185,13,8,0.6153846153846154,1.625,3.3234527111053467
884,10820,4.7729143261676654e-05,0.17278540134429932,0.00010349437070544809,20,15,0.75,4.425,2.825932264328003
885,14008,4.746039485326037e-05,0.1442551165819168,0.00013689586194232106,8,5,0.625,0.625,0.6329635381698608
886,6747,4.741323209600523e-05,0.3151249885559082,0.0005012891488149762,16,14,0.875,2.975,1.5309982299804688
887,13499,4.726599945570342e-05,0.17254993319511414,0.0006235899636521935,8,6,0.75,1.7,1.7623640298843384
888,13568,4.714157694252208e-05,0.15587127208709717,0.0002732410212047398,4,3,0.75,0.4,0.39912301301956177
889,7897,4.704331877292134e-05,0.06979463249444962,-0.00019226573931518942,15,7,0.4666666666666667,1.0,1.3257039785385132
890,10931,4.6931079850764945e-05,0.31007280945777893,0.0006683411775156856,4,4,1.0,1.075,1.292823076248169
891,14465,4.6690343879163265e-05,0.24820034205913544,0.0003695855848491192,7,5,0.7142857142857143,0.775,0.4494568705558777
892,15912,4.657588942791335e-05,0.2417716532945633,0.00032713753171265125,7,4,0.5714285714285714,0.55,1.796731948852539
893,15439,4.656882811104879e-05,0.12659667432308197,0.0006297287764027715,11,6,0.5454545454545454,1.55,0.8230562210083008
894,10495,4.652590359910391e-05,0.17407995462417603,0.0004302975139580667,6,4,0.6666666666666666,0.85,1.6776483058929443
895,16239,4.6260433009592816e-05,0.10024400055408478,0.0001504198444308713,13,6,0.46153846153846156,1.975,1.7422975301742554
896,10991,4.6145803935360163e-05,0.3329100012779236,0.0004485488752834499,21,15,0.7142857142857143,4.25,3.1720566749572754
897,7428,4.6084256609901786e-05,0.055122260004282,-0.00032513137557543814,13,8,0.6153846153846154,0.675,1.1071363687515259
898,866,4.607260780176148e-05,0.10565653443336487,0.0006389493937604129,15,8,0.5333333333333333,2.1,1.2118573188781738
899,740,4.60645132989157e-05,0.30587688088417053,0.000576007878407836,5,4,0.8,0.15,0.7364996671676636
900,2812,4.6039425797061995e-05,0.2782611548900604,0.00051173783140257,11,7,0.6363636363636364,2.925,1.2664636373519897
901,11751,4.6033710532356054e-05,0.08343100547790527,0.0006082184845581651,5,4,0.8,3.025,0.5819320678710938
902,14874,4.5894495997345075e-05,0.22167453169822693,0.0004675739910453558,10,9,0.9,0.6,0.6769543290138245
903,9470,4.587098374031484e-05,0.07366832345724106,0.00042073443182744086,15,10,0.6666666666666666,2.4,3.8594932556152344
904,2774,4.58186877949629e-05,0.1443401724100113,0.00018551167158875614,14,9,0.6428571428571429,0.7,2.6238555908203125
905,27,4.572537000058219e-05,0.3030620217323303,0.0004210507613606751,11,8,0.7272727272727273,1.875,1.683403730392456
906,9981,4.547358548734337e-05,0.154213085770607,0.0008266318473033607,8,4,0.5,0.625,0.6006485223770142
907,7185,4.533317405730486e-05,0.12479353696107864,0.0005418240325525403,10,7,0.7,0.85,2.631201982498169
908,11426,4.524465839494951e-05,0.2449003905057907,0.0005888115265406668,14,9,0.6428571428571429,2.575,1.5412348508834839
909,7443,4.507805351749994e-05,0.1230693981051445,-2.87395032501081e-05,14,9,0.6428571428571429,1.975,3.1659634113311768
910,8124,4.493074811762199e-05,0.09044189006090164,0.0005641188472509384,8,4,0.5,0.45,0.4741196036338806
911,14337,4.486338730202988e-05,0.16956132650375366,0.00025561603251844645,5,4,0.8,0.425,0.5128819942474365
912,11625,4.482929580262862e-05,0.2727041244506836,0.00040438189171254635,6,6,1.0,1.075,1.1194263696670532
913,13742,4.4748368964064866e-05,0.29112470149993896,0.00027978167054243386,5,5,1.0,0.2,1.1939959526062012
914,3235,4.473150329431519e-05,0.11441191285848618,0.0002990791108459234,14,4,0.2857142857142857,1.225,1.1841518878936768
915,14129,4.4703701860271394e-05,0.08031850308179855,0.000676545372698456,20,13,0.65,2.35,2.4711556434631348
916,11314,4.4575823267223313e-05,0.1316356062889099,0.000389876717235893,4,3,0.75,0.15,0.5621466636657715
917,11342,4.433456342667341e-05,0.14647461473941803,0.0005423893453553319,4,3,0.75,0.1,1.9545875787734985
918,4811,4.388158049550839e-05,0.246196448802948,0.00031068871612660587,15,9,0.6,0.9,2.2182765007019043
919,2767,4.3690022721420974e-05,0.2461831122636795,0.0004784778575412929,6,5,0.8333333333333334,1.175,0.8337885737419128
920,14404,4.356897989055142e-05,0.15656505525112152,0.00042839543311856687,4,3,0.75,0.1,0.16834989190101624
921,1424,4.3524090870050713e-05,0.412171870470047,0.0003826288739219308,11,9,0.8181818181818182,0.725,1.2842384576797485
922,16058,4.314864781918004e-05,0.1064860001206398,0.00019037163292523474,15,10,0.6666666666666666,0.8,1.5381762981414795
923,7815,4.279079439584166e-05,0.25625431537628174,0.00036256833118386567,6,4,0.6666666666666666,0.525,1.1138588190078735
924,535,4.274981256457977e-05,0.09948673099279404,0.0003754741046577692,17,9,0.5294117647058824,0.9,2.1607909202575684
925,14049,4.2614723497536033e-05,0.22891086339950562,0.0002799037320073694,14,11,0.7857142857142857,0.7,1.4883898496627808
926,16099,4.2536627006484196e-05,0.13890552520751953,0.0007200668915174901,5,2,0.4,0.8,3.742764711380005
927,8947,4.224364965921268e-05,0.2385430485010147,0.0003848736232612282,4,3,0.75,0.125,0.9696642756462097
928,14310,4.224303847877309e-05,0.10868779569864273,0.0010371766984462738,13,3,0.23076923076923078,2.3,1.3870669603347778
929,1638,4.2220774048473686e-05,0.2824021875858307,0.0005694931605830789,7,5,0.7142857142857143,0.55,1.162199854850769
930,13704,4.194493158138357e-05,0.21823148429393768,0.0004099463694728911,12,8,0.6666666666666666,0.975,2.871833324432373
931,5782,4.1497653000988066e-05,0.11394932866096497,-0.000101083169283811,11,7,0.6363636363636364,0.725,1.9691368341445923
932,285,4.144146805629134e-05,0.11032158136367798,3.024295438081026e-05,8,3,0.375,1.175,0.8340495824813843
933,12169,4.141501267440617e-05,0.13547855615615845,0.00022585902479477227,12,9,0.75,1.1,0.8493521809577942
934,9728,4.0733379137236625e-05,0.16485291719436646,0.0007490750285796821,9,7,0.7777777777777778,1.875,1.3221766948699951
935,12623,4.064158565597609e-05,0.28646793961524963,0.00028407637728378177,7,5,0.7142857142857143,1.025,1.764634370803833
936,1994,4.0581020584795624e-05,0.20391397178173065,0.00047176837688311934,17,9,0.5294117647058824,3.025,2.643425464630127
937,8108,4.033387085655704e-05,0.07475437223911285,0.0009484495967626572,15,8,0.5333333333333333,2.55,2.919492244720459
938,6758,4.031474600196816e-05,0.07989522069692612,1.1871457900269888e-05,15,7,0.4666666666666667,4.9,2.5023725032806396
939,6090,4.019001062260941e-05,0.14037048816680908,0.0005859628436155617,4,3,0.75,0.675,0.2615271508693695
940,8897,4.017894752905704e-05,0.1005932092666626,0.00021379759709816426,23,14,0.6086956521739131,5.25,2.612597703933716
941,6868,3.99614182242658e-05,0.17240285873413086,0.00017801635840442032,6,5,0.8333333333333334,0.675,0.8039697408676147
942,8542,3.990620461991057e-05,0.33538615703582764,0.00021221725910436362,12,10,0.8333333333333334,3.025,1.2930928468704224
943,16190,3.966242729802616e-05,0.21848835051059723,0.00027948530623689294,5,5,1.0,0.525,0.9773113131523132
944,6541,3.954486601287499e-05,0.20409667491912842,0.000463052507257089,5,5,1.0,0.2,0.3864469528198242
945,8825,3.9505619497504085e-05,0.193311870098114,0.00026008934946730733,20,10,0.5,1.6,1.4818395376205444
946,11375,3.9377100620185956e-05,0.21349890530109406,0.00034265604335814714,6,4,0.6666666666666666,0.175,0.3713688254356384
947,6271,3.928216392523609e-05,0.1019773930311203,-3.4227319702040404e-05,12,9,0.75,0.45,1.8794867992401123
948,15117,3.911956082447432e-05,0.048751719295978546,-0.0003785660956054926,14,6,0.42857142857142855,0.775,3.8990752696990967
949,5106,3.90304448956158e-05,0.11821869760751724,0.00012412777869030833,4,3,0.75,0.475,0.28822988271713257
950,14788,3.902607204508968e-05,0.1463349163532257,0.0002423372061457485,12,7,0.5833333333333334,4.025,1.194101095199585
951,7940,3.891168307745829e-05,0.15006311237812042,0.0008236005669459701,7,5,0.7142857142857143,1.9,1.6483514308929443
952,10736,3.890307561960071e-05,0.3230283856391907,0.00037802738370373845,10,10,1.0,0.475,0.6205479502677917
953,14897,3.871969965985045e-05,0.14947856962680817,0.00084018858615309,7,4,0.5714285714285714,1.025,0.6954065561294556
954,935,3.8604972360190004e-05,0.16383565962314606,0.00046651772572658956,15,10,0.6666666666666666,4.5,1.784288763999939
955,5568,3.856219336739741e-05,0.15518403053283691,9.155376756098121e-05,4,3,0.75,0.2,1.3600096702575684
956,14302,3.8365462387446314e-05,0.08609021455049515,0.0004246195894666016,5,3,0.6,0.475,2.9234108924865723
957,3375,3.835624738712795e-05,0.1635923981666565,0.0002098984841722995,6,5,0.8333333333333334,0.3,0.32459965348243713
958,1109,3.8203270378289744e-05,0.18121102452278137,0.00043456032290123403,5,4,0.8,0.45,2.8427295684814453
959,1521,3.8143887650221586e-05,0.14393220841884613,0.00024527573259547353,17,7,0.4117647058823529,1.65,2.640176296234131
960,13306,3.803034996963106e-05,0.18646012246608734,0.00037293319473974407,7,6,0.8571428571428571,1.4,0.7645251154899597
961,16080,3.790049595409073e-05,0.1662749946117401,0.0004830865655094385,6,3,0.5,0.5,0.5078796744346619
962,11501,3.7765916204079986e-05,0.1821555346250534,0.00027868503821082413,7,4,0.5714285714285714,3.425,0.5244141817092896
963,14180,3.756476871785708e-05,0.21679118275642395,0.0003806264721788466,8,7,0.875,0.4,0.837664783000946
964,9139,3.754747012862936e-05,0.15714415907859802,0.0003118711174465716,11,7,0.6363636363636364,0.75,1.7896324396133423
965,11681,3.748482413357124e-05,0.2864050269126892,0.00042844872223213315,6,5,0.8333333333333334,1.225,1.391914963722229
966,15565,3.7167021218920127e-05,0.1549021154642105,0.0002132230147253722,13,9,0.6923076923076923,1.625,1.0572919845581055
967,8717,3.711717727128416e-05,0.21430285274982452,0.00039274623850360513,4,3,0.75,0.225,3.27111554145813
968,5048,3.6919394915457815e-05,0.1865634173154831,0.0002477463858667761,10,5,0.5,0.95,1.3823950290679932
969,2024,3.687520438688807e-05,0.1949934959411621,0.000502605689689517,10,8,0.8,1.1,0.9897642135620117
970,11091,3.6840123357251287e-05,0.15472346544265747,0.00047935283510014415,13,9,0.6923076923076923,4.325,1.3694826364517212
971,1546,3.671129888971336e-05,0.24192564189434052,0.000300740881357342,4,3,0.75,0.1,0.8931894302368164
972,9901,3.658675268525258e-05,0.13035187125205994,0.0004055021854583174,6,5,0.8333333333333334,0.3,1.27902090549469
973,1075,3.654203828773461e-05,0.3073853552341461,0.00036388711305335164,11,10,0.9090909090909091,1.275,0.9491695165634155
974,11861,3.6267989344196394e-05,0.10621513426303864,0.000778659014031291,5,1,0.2,0.3,0.4481385350227356
975,10908,3.624334203777835e-05,0.0582677461206913,0.0011153386440128088,15,7,0.4666666666666667,1.425,2.909529209136963
976,15914,3.6195797292748466e-05,0.17554202675819397,3.240732621634379e-05,15,9,0.6,1.5,3.05177640914917
977,2792,3.612287764553912e-05,0.23443564772605896,0.0003940816968679428,6,6,1.0,1.475,2.405778646469116
978,1789,3.6035507946508005e-05,0.13913781940937042,0.0002764324308373034,5,1,0.2,0.65,0.8977414965629578
979,7790,3.583925717975944e-05,0.045000191777944565,0.0002898075326811522,11,8,0.7272727272727273,1.775,1.076757788658142
980,9307,3.56600976374466e-05,0.19985413551330566,0.00040284395799972117,8,5,0.625,0.675,1.040771245956421
981,16041,3.563135032891296e-05,0.07452702522277832,0.0009737725486047566,7,3,0.42857142857142855,1.125,1.2646719217300415
982,9157,3.55497541022487e-05,0.12223102152347565,0.00039997967542149127,7,4,0.5714285714285714,0.6,0.8709375262260437
983,4493,3.540518810041249e-05,0.12275194376707077,0.00048533306107856333,6,3,0.5,0.675,1.3401674032211304
984,7745,3.531940819812007e-05,0.13049869239330292,0.0004393589624669403,13,6,0.46153846153846156,1.625,4.369430065155029
985,1920,3.514248601277359e-05,0.22464455664157867,0.0002866532595362514,5,4,0.8,0.2,0.8796104192733765
986,11008,3.494591510389e-05,0.36611413955688477,0.0003006576152984053,12,11,0.9166666666666666,3.925,1.4686753749847412
987,11668,3.488354923320003e-05,0.21033351123332977,0.000300535379210487,5,4,0.8,0.3,2.6650030612945557
988,3049,3.46717206411995e-05,0.07018707692623138,-0.00010652779747033492,10,4,0.4,1.175,2.0914924144744873
989,1069,3.440688306000084e-05,0.1688995063304901,0.00011170624202350155,9,7,0.7777777777777778,0.4,0.767814040184021
990,15411,3.440114596742205e-05,0.03638962656259537,0.0010928574483841658,5,4,0.8,0.275,3.034135341644287
991,9068,3.412735168240033e-05,0.06417680531740189,-9.368940663989633e-05,14,3,0.21428571428571427,1.225,2.75787615776062
992,1773,3.411387660889886e-05,0.23220384120941162,0.00038314337143674493,5,5,1.0,0.625,1.4100276231765747
993,9862,3.410080898902379e-05,0.27623698115348816,0.0004680589772760868,4,4,1.0,0.425,0.33899998664855957
994,7063,3.4022585168713704e-05,0.20351088047027588,0.00023878909996710718,9,6,0.6666666666666666,1.375,2.470686435699463
995,10466,3.390425627003424e-05,0.02987726591527462,-0.0005642430623993278,35,14,0.4,9.0,2.9277491569519043
996,12921,3.373934669070877e-05,0.1809469312429428,0.000581119442358613,10,6,0.6,1.05,1.1686166524887085
997,251,3.34259239025414e-05,0.20005583763122559,0.00016779570432845503,10,7,0.7,1.85,1.4999144077301025
998,8857,3.3290030842181295e-05,0.4011382460594177,0.00024183797359000891,12,11,0.9166666666666666,3.1,1.2364994287490845
999,15980,3.326875594211742e-05,0.04818369448184967,-0.00017020980885718018,9,4,0.4444444444444444,4.675,1.602627158164978
1000,15955,3.304519850644283e-05,0.05066290870308876,-9.967689038603567e-06,13,7,0.5384615384615384,3.6,2.0709853172302246
1001,7953,3.277598079876043e-05,0.2709748148918152,0.0003691573510877788,12,9,0.75,1.175,1.1923223733901978
1002,12491,3.2463183742947876e-05,0.17023025453090668,0.00014867025311104953,13,6,0.46153846153846156,1.15,0.9029974937438965
1003,1675,3.237635610275902e-05,0.08145808428525925,6.501543975900859e-05,10,3,0.3,0.675,1.1051229238510132
1004,4075,3.224244210286997e-05,0.10410776734352112,0.0001609010942047462,16,7,0.4375,1.075,2.4317662715911865
1005,329,3.182001819368452e-05,0.2974526584148407,0.0003022223827429116,11,8,0.7272727272727273,0.6,1.494545340538025
1006,4300,3.161515996907838e-05,0.11813945323228836,4.238406108925119e-05,6,3,0.5,4.15,0.6318021416664124
1007,11535,3.158441177220084e-05,0.02441728115081787,0.0012097698636353016,17,5,0.29411764705882354,6.1,2.1607613563537598
1008,4933,3.127128002233803e-05,0.14191116392612457,0.00018935263506136835,17,7,0.4117647058823529,2.275,1.4694366455078125
1009,13452,3.126099181827158e-05,0.15135355293750763,0.0001364685158478096,8,3,0.375,1.2,0.4090953767299652
1010,11579,3.125904549960978e-05,0.24487291276454926,0.0004994501359760761,10,9,0.9,2.875,2.2625293731689453
1011,14426,3.114570426987484e-05,0.06046437472105026,0.00017622952873352915,16,11,0.6875,1.6,1.847735047340393
1012,11549,3.113662751275115e-05,0.16044339537620544,0.00016422693443018943,7,6,0.8571428571428571,0.575,0.9070432782173157
1013,11469,3.1099203624762595e-05,0.26949039101600647,0.0004219736438244581,10,7,0.7,5.125,1.2265088558197021
1014,5018,3.0922652513254434e-05,0.18668007850646973,0.00020398173364810646,4,2,0.5,1.325,0.33838245272636414
1015,11368,3.090565951424651e-05,0.1833093911409378,0.00036176646244712174,10,6,0.6,1.475,1.6692911386489868
1016,13752,3.0896459065843374e-05,0.15814971923828125,0.00023923958360683173,6,4,0.6666666666666666,0.25,0.36911889910697937
1017,16134,3.081800605286844e-05,0.07905630022287369,0.0005022769910283387,11,7,0.6363636363636364,3.7,1.6690425872802734
1018,1202,3.079651287407614e-05,0.31621283292770386,0.00030557523132301867,9,7,0.7777777777777778,0.5,1.8716109991073608
1019,2998,3.0760496883885935e-05,0.09642629325389862,0.0005126021569594741,13,10,0.7692307692307693,1.45,2.2004952430725098
1020,15784,3.071345417993143e-05,0.053372085094451904,0.0010711285285651684,18,8,0.4444444444444444,2.025,1.8750715255737305
1021,13674,3.0672759748995304e-05,0.20065592229366302,0.00022120182984508574,6,5,0.8333333333333334,1.25,0.6711796522140503
1022,14456,3.0666127713629976e-05,0.19180721044540405,8.573405648348853e-05,10,8,0.8,0.425,0.9063272476196289
1023,3402,3.0569808586733416e-05,0.2560206353664398,0.0003586573584470898,7,4,0.5714285714285714,0.225,0.3548814654350281
1024,863,3.0332248570630327e-05,0.06178545951843262,0.0009102605399675667,12,4,0.3333333333333333,2.675,3.4480063915252686
1025,14244,3.01796208077576e-05,0.17197495698928833,0.0001931232400238514,4,4,1.0,0.1,0.40359458327293396
1026,2208,2.9870756407035515e-05,0.08154810220003128,0.00013582105748355389,18,13,0.7222222222222222,1.3,3.285393476486206
1027,4666,2.9851853469153866e-05,0.1487526148557663,9.497743747033383e-08,10,6,0.6,1.9,0.9614750742912292
1028,5688,2.981065154017415e-05,0.22186803817749023,0.00029279652517288923,7,6,0.8571428571428571,0.975,1.0766593217849731
1029,16219,2.9809471016051248e-05,0.17502066493034363,0.00013237589155323803,5,2,0.4,0.25,0.24264879524707794
1030,2371,2.960729761980474e-05,0.05926985293626785,0.0003632134757936001,19,14,0.7368421052631579,2.25,3.235349178314209
1031,10321,2.955661875603255e-05,0.3116091787815094,0.00021555488638114184,9,7,0.7777777777777778,1.075,0.8492355346679688
1032,4929,2.9421285944408737e-05,0.11999993771314621,0.00017012099851854146,10,7,0.7,0.55,2.926896810531616
1033,13825,2.9232463930384256e-05,0.1905931681394577,0.0001573683402966708,6,5,0.8333333333333334,0.3,0.3186318874359131
1034,8393,2.922033309005201e-05,0.24017727375030518,0.000263460970018059,6,4,0.6666666666666666,0.15,0.34549301862716675
1035,4159,2.898577440646477e-05,0.09413427859544754,0.00018762145191431046,16,10,0.625,1.6,2.568242311477661
1036,9571,2.8976579415029846e-05,0.04592546820640564,0.0005315708112902939,24,13,0.5416666666666666,5.625,5.247931480407715
1037,10280,2.8968095648451708e-05,0.07527574151754379,0.000250094075454399,14,8,0.5714285714285714,3.025,2.520397663116455
1038,6668,2.8887658118037507e-05,0.19506743550300598,0.0005561109283007681,7,6,0.8571428571428571,1.7,1.278451919555664
1039,457,2.867303555831313e-05,0.12491782009601593,0.0006670687580481172,7,3,0.42857142857142855,1.125,2.3910508155822754
1040,6100,2.8626207495108247e-05,0.18901938199996948,0.00020525010768324137,7,4,0.5714285714285714,0.5,0.40186548233032227
1041,2858,2.8579150239238515e-05,0.035859063267707825,0.00029515597270801663,14,9,0.6428571428571429,2.975,4.075189113616943
1042,9098,2.8491052944445983e-05,0.2558315098285675,0.0002686446823645383,10,9,0.9,0.875,1.1459534168243408
1043,6097,2.8447157092159614e-05,0.23412664234638214,0.0002562704321462661,6,5,0.8333333333333334,3.7,1.443848967552185
1044,8369,2.83017179754097e-05,0.28419575095176697,0.00029942821129225194,5,5,1.0,0.775,0.7662187814712524
1045,6113,2.8204842237755656e-05,0.10911759734153748,2.599514482426457e-05,6,3,0.5,0.475,0.476134717464447
1046,3587,2.8183820177218877e-05,0.15577396750450134,0.00015259477368090302,9,5,0.5555555555555556,0.775,1.1587697267532349
1047,13343,2.812319144140929e-05,0.07012558728456497,0.0002021183754550293,19,9,0.47368421052631576,2.05,4.152337074279785
1048,14083,2.8007416403852403e-05,0.07303622364997864,0.00047497753985226154,27,13,0.48148148148148145,2.775,4.3713459968566895
1049,16264,2.783452146104537e-05,0.23389606177806854,0.00027383919223211706,4,3,0.75,0.225,2.045969009399414
1050,6602,2.7748315915232524e-05,0.21714051067829132,0.00034805291215889156,4,3,0.75,0.725,0.25749874114990234
1051,1848,2.766803117992822e-05,0.15955479443073273,0.00023138042888604105,4,3,0.75,0.75,0.7760900259017944
1052,1060,2.742436481639743e-05,0.05060048773884773,-0.00012299932132009417,27,14,0.5185185185185185,2.1,1.903369665145874
1053,10113,2.7150195819558576e-05,0.16302677989006042,0.00014098596875555813,8,6,0.75,2.15,1.1563141345977783
1054,12201,2.706857048906386e-05,0.14176517724990845,7.826727960491553e-05,5,3,0.6,0.225,1.3537451028823853
1055,4730,2.6970601538778283e-05,0.36219021677970886,0.00019716199312824756,7,5,0.7142857142857143,0.225,0.4620407223701477
1056,4834,2.6888801585300826e-05,0.16091084480285645,0.00021285729599185288,7,4,0.5714285714285714,1.95,1.1521739959716797
1057,8826,2.6828754926100373e-05,0.1609572470188141,0.0004488005652092397,5,4,0.8,0.975,0.7248576879501343
1058,628,2.678182499948889e-05,0.17588695883750916,0.00023629609495401382,13,6,0.46153846153846156,1.125,0.9636892080307007
1059,2381,2.6739366148831323e-05,0.20336167514324188,0.0003854230453725904,5,4,0.8,0.45,0.9043415188789368
1060,15873,2.65601156570483e-05,0.16637364029884338,0.00024926112382672727,6,4,0.6666666666666666,0.45,0.9103649258613586
1061,8094,2.6450619770912454e-05,0.23041270673274994,0.000220424379222095,12,7,0.5833333333333334,1.5,0.7150163650512695
1062,6480,2.6377354515716434e-05,0.19407320022583008,0.0002964709419757128,13,9,0.6923076923076923,0.825,1.3956598043441772
1063,14821,2.608833347039763e-05,0.04652049392461777,0.00037083326606079936,32,13,0.40625,6.125,3.379648208618164
1064,5886,2.5864657800411806e-05,0.0449705570936203,0.00032765575451776385,13,6,0.46153846153846156,3.35,1.3288991451263428
1065,283,2.567959927546326e-05,0.08715058118104935,9.204873640555888e-05,13,4,0.3076923076923077,1.225,1.3115663528442383
1066,242,2.561653127486352e-05,0.07337600737810135,0.00013703144213650376,12,5,0.4166666666666667,0.875,3.390881061553955
1067,1705,2.5560468202456832e-05,0.1915663629770279,0.00030877135577611625,12,11,0.9166666666666666,0.95,2.0379419326782227
1068,11558,2.551932993810624e-05,0.21485622227191925,8.625547343399376e-05,13,7,0.5384615384615384,0.85,1.48899245262146
1069,7843,2.5278257453464903e-05,0.13165467977523804,0.00011691560212057084,7,4,0.5714285714285714,0.625,0.3889326751232147
1070,4054,2.5256798835471272e-05,0.22540947794914246,0.0002788952551782131,6,4,0.6666666666666666,0.875,1.1459312438964844
1071,9638,2.5160548830172047e-05,0.1672741025686264,0.000136809641844593,4,3,0.75,0.275,0.28733062744140625
1072,13003,2.5061464839382097e-05,0.05168921872973442,-0.00012772614718414843,10,4,0.4,1.1,0.8062340021133423
1073,15069,2.4889577616704628e-05,0.07089906185865402,0.0004120805242564529,16,13,0.8125,3.775,1.6320174932479858
1074,7596,2.482457239239011e-05,0.15811583399772644,0.0003055817214772105,5,4,0.8,0.875,0.7299945950508118
1075,14101,2.4820390535751358e-05,0.12321005016565323,-8.098881517071277e-05,6,3,0.5,0.2,0.3924686312675476
1076,4944,2.4740505978115834e-05,0.13519155979156494,0.00013059304910711944,13,8,0.6153846153846154,1.45,2.5371716022491455
1077,1456,2.4589322492829524e-05,0.06004966050386429,0.0003975417057517916,8,7,0.875,0.9,1.2453969717025757
1078,15561,2.454815876262728e-05,0.13636650145053864,9.998843597713858e-05,7,4,0.5714285714285714,1.3,0.8272911310195923
1079,6537,2.441559627186507e-05,0.1956556737422943,0.00021458975970745087,8,5,0.625,0.375,0.4811204969882965
1080,13389,2.4246255634352565e-05,0.13382796943187714,0.0004881813074462116,10,3,0.3,1.05,1.930712342262268
1081,6818,2.416484130662866e-05,0.30787932872772217,0.0002642455219756812,6,4,0.6666666666666666,1.1,0.5731477737426758
1082,2102,2.4134902560035698e-05,0.1478791981935501,0.00030154731939546764,12,6,0.5,0.65,1.1953823566436768
1083,1054,2.4084863980533555e-05,0.14687679708003998,0.0005470603937283158,9,6,0.6666666666666666,2.225,0.786928117275238
1084,12471,2.3994820367079228e-05,0.2010897547006607,0.0002368241548538208,8,5,0.625,1.1,1.4598209857940674
1085,15390,2.3951604816829786e-05,0.18482768535614014,0.0002269442193210125,13,7,0.5384615384615384,0.875,1.1879522800445557
1086,15026,2.38642496697139e-05,0.1771705597639084,0.00011660598829621449,13,7,0.5384615384615384,2.75,1.3910071849822998
1087,5108,2.3723438062006608e-05,0.17979887127876282,0.00020480537205003202,9,6,0.6666666666666666,3.125,1.9996073246002197
1088,15793,2.3682485334575176e-05,0.267852783203125,0.00028222278342582285,5,4,0.8,0.3,1.4255056381225586
1089,14334,2.366653279750608e-05,0.3717159628868103,0.0002099020202877,9,7,0.7777777777777778,1.15,1.0530312061309814
1090,4724,2.3548225726699457e-05,0.21742983162403107,0.00021666384418495,16,9,0.5625,0.9,2.4357292652130127
1091,11026,2.3543301722384058e-05,0.27213776111602783,0.00022421314497478306,15,12,0.8,2.65,1.6629998683929443
1092,6839,2.3507400328526273e-05,0.06879185140132904,0.0001924140378832817,22,11,0.5,4.45,1.9798959493637085
1093,10894,2.343006599403452e-05,0.08885659277439117,0.00029471825109794736,6,3,0.5,0.2,4.028992176055908
1094,10161,2.33787559409393e-05,0.13130465149879456,0.00027672963915392756,10,8,0.8,1.025,3.034989833831787
1095,15567,2.3319025785895064e-05,0.013308851048350334,-0.0004755576082970947,13,5,0.38461538461538464,2.05,5.298670291900635
1096,3640,2.309954652446322e-05,0.04002423956990242,0.0003824418527074158,11,4,0.36363636363636365,1.0,4.516611576080322
1097,13967,2.2931226340006106e-05,0.14954246580600739,7.86981254350394e-05,4,3,0.75,0.8,0.5696088075637817
1098,12210,2.288305950060021e-05,0.27589601278305054,0.00032619276316836476,10,5,0.5,2.2,1.5920722484588623
1099,5355,2.2867005100124516e-05,0.008251700550317764,-0.004233146086335182,15,6,0.4,3.1,1.8168004751205444
1100,1742,2.2858352167531848e-05,0.13283377885818481,0.00011421854287618771,12,4,0.3333333333333333,0.45,0.5153908729553223
1101,548,2.2833834009361453e-05,0.21192871034145355,0.00011725352669600397,7,5,0.7142857142857143,0.375,0.45178860425949097
1102,5814,2.2822470782557502e-05,0.17005813121795654,0.0003275587223470211,8,4,0.5,1.025,1.9906104803085327
1103,1622,2.2438041924033314e-05,0.13243836164474487,0.0002960569108836353,8,7,0.875,0.35,0.8409320712089539
1104,1862,2.236838554381393e-05,0.09996205568313599,0.0003621648356784135,11,8,0.7272727272727273,1.025,2.022475242614746
1105,9291,2.2363970856531523e-05,0.1806907057762146,0.00029408890986815095,7,6,0.8571428571428571,0.4,1.1574445962905884
1106,2910,2.1950854716124013e-05,0.23413097858428955,0.0001232092472491786,7,6,0.8571428571428571,1.05,0.5916175842285156
1107,429,2.1946565539110452e-05,0.2576916813850403,0.00027840008260682225,4,3,0.75,0.975,0.308377206325531
1108,2155,2.180732917622663e-05,0.2604483962059021,0.00021630532864946872,5,5,1.0,0.25,0.9892618060112
1109,2824,2.17288779822411e-05,0.152812197804451,0.00023314348072744906,14,9,0.6428571428571429,3.225,1.6736701726913452
1110,12170,2.166710328310728e-05,0.1682870090007782,0.00021039237617515028,6,4,0.6666666666666666,0.925,3.2641685009002686
1111,2757,2.1514306354220025e-05,0.07767827808856964,0.0003006138722412288,12,8,0.6666666666666666,1.35,1.3493845462799072
1112,7384,2.1498079149750993e-05,0.023043569177389145,-0.0006699974765069783,11,2,0.18181818181818182,2.125,1.3800899982452393
1113,415,2.1380565158324316e-05,0.32507050037384033,0.00019273233192507178,12,9,0.75,1.925,2.610335111618042
1114,9808,2.1239986381260678e-05,0.07010714709758759,0.00027423116262070835,16,10,0.625,0.85,2.6990227699279785
1115,14386,2.1239091438474134e-05,0.14899538457393646,0.000356145144905895,11,9,0.8181818181818182,4.85,1.5549513101577759
1116,15808,2.121884244843386e-05,0.20491072535514832,0.000213862003874965,14,9,0.6428571428571429,1.125,1.9225285053253174
1117,5895,2.1005011149100028e-05,0.25392138957977295,0.0002430771419312805,13,10,0.7692307692307693,1.925,3.610269069671631
1118,9052,2.098079312418122e-05,0.15200357139110565,0.00012601251364685595,7,4,0.5714285714285714,0.75,0.5212880373001099
1119,14307,2.0938516172464006e-05,0.14644743502140045,0.00027318409411236644,6,3,0.5,0.275,0.5425131320953369
1120,13172,2.0895120542263612e-05,0.04577825218439102,-0.0001379452005494386,6,4,0.6666666666666666,1.6,0.5657159686088562
1121,9570,2.0803834559046663e-05,0.15919291973114014,0.0001524741091998294,11,7,0.6363636363636364,3.65,1.933972716331482
1122,10514,2.0736351871164516e-05,0.11324001848697662,0.00022084130614530295,7,5,0.7142857142857143,1.1,0.8396394848823547
1123,12340,2.0678238797700033e-05,0.03992437943816185,-0.0003261210222262889,16,8,0.5,0.675,2.625145196914673
1124,9212,2.0654715626733378e-05,0.14367640018463135,0.00015775166684761643,7,4,0.5714285714285714,0.25,1.212308645248413
1125,6466,2.0629802747862414e-05,0.14740251004695892,7.638052193215117e-05,5,2,0.4,0.4,0.4160541594028473
1126,3552,2.053104981314391e-05,0.15387821197509766,0.00014863988326396793,9,5,0.5555555555555556,0.8,0.8795797228813171
1127,13955,2.052596209978219e-05,0.26523664593696594,0.00014195615949574858,6,4,0.6666666666666666,1.125,0.6449697613716125
1128,11229,2.0495632270467468e-05,0.05099194869399071,-1.3780692825093865e-05,19,12,0.631578947368421,5.1,2.3234970569610596
1129,8494,2.02796800294891e-05,0.17519481480121613,0.00024868856417015195,13,11,0.8461538461538461,1.3,2.343168258666992
1130,2326,2.0234345356584527e-05,0.3012937903404236,0.00018136082508135587,9,8,0.8888888888888888,1.225,1.5840421915054321
1131,10040,2.0161241991445422e-05,0.059902507811784744,-0.00035875686444342136,19,14,0.7368421052631579,1.775,3.447080135345459
1132,6150,2.016109283431433e-05,0.22308488190174103,0.00028087873943150043,5,4,0.8,0.6,1.6554473638534546
1133,12132,2.0139375919825397e-05,0.10607704520225525,0.00014713042764924467,14,10,0.7142857142857143,5.6,1.647149682044983
1134,12495,2.0107328964513727e-05,0.14212103188037872,7.970364822540432e-05,9,8,0.8888888888888888,1.525,1.21865975856781
1135,3878,2.006619979511015e-05,0.03321989253163338,0.00013092723384033889,9,5,0.5555555555555556,0.65,1.5265705585479736
1136,6716,1.9983221136499196e-05,0.1429709643125534,0.0001952003949554637,8,5,0.625,0.25,1.4511513710021973
1137,13607,1.988850999623537e-05,0.29118797183036804,0.00028089285478927195,5,4,0.8,1.025,1.7907450199127197
1138,15471,1.9829703887808137e-05,0.16921435296535492,9.643076919019222e-05,5,3,0.6,0.125,0.2963024079799652
1139,14048,1.9794111722148955e-05,0.061228424310684204,0.0003042572643607855,15,9,0.6,2.125,1.6523383855819702
1140,11690,1.978508589672856e-05,0.10066927969455719,6.50740330456756e-05,16,9,0.5625,2.375,2.297240734100342
1141,3503,1.9772367522818968e-05,0.1483907252550125,0.0003653038293123245,11,8,0.7272727272727273,2.15,1.7088096141815186
1142,13731,1.968057949852664e-05,0.21989260613918304,0.00011369108688086271,17,11,0.6470588235294118,2.25,1.8929660320281982
1143,7737,1.9654751667985693e-05,0.2845371961593628,8.58246348798275e-05,8,6,0.75,0.375,0.49964118003845215
1144,12090,1.9461182091617957e-05,0.17067871987819672,0.00025997593184001744,4,3,0.75,0.35,0.6265179514884949
1145,13474,1.942051312653348e-05,0.24653325974941254,0.000208125842618756,7,6,0.8571428571428571,1.325,0.6308771371841431
1146,16038,1.9418290321482345e-05,0.1867145150899887,0.00015203547081910074,5,3,0.6,0.75,0.9866002202033997
1147,13479,1.9392049580346793e-05,0.13657459616661072,0.00026874226750805974,6,3,0.5,2.075,0.5966471433639526
1148,11037,1.930379767145496e-05,0.09754987061023712,-5.9005174989579245e-05,18,8,0.4444444444444444,1.425,3.205109119415283
1149,7741,1.9196735593141057e-05,0.16965103149414062,0.0003437280538491905,4,3,0.75,0.325,0.4944305419921875
1150,2277,1.9151302694808692e-05,0.24927642941474915,0.00022647281002718955,5,5,1.0,0.475,1.1464288234710693
1151,14535,1.9139977666782215e-05,0.09644383192062378,0.00034402820165269077,10,9,0.9,1.625,3.2086853981018066
1152,9552,1.9085682652075775e-05,0.2272268831729889,0.00023334077559411526,4,3,0.75,0.375,0.3479935824871063
1153,7085,1.9070575945079327e-05,0.07359106093645096,0.00017504364950582385,12,7,0.5833333333333334,1.15,1.1214818954467773
1154,5813,1.9059170881519094e-05,0.2637128233909607,0.00024891895009204745,6,5,0.8333333333333334,0.75,0.5363066792488098
1155,5765,1.903384327306412e-05,0.3122270703315735,0.00018901821749750525,4,4,1.0,0.825,0.4207848608493805
1156,7101,1.9014787540072575e-05,0.15205837786197662,0.00016522096120752394,8,4,0.5,0.475,0.37510138750076294
1157,13422,1.8871174688683823e-05,0.11342932283878326,0.00014593047671951354,6,2,0.3333333333333333,0.3,0.4312472343444824
1158,7164,1.8853266738005914e-05,0.15225626528263092,0.0003769993199966848,10,5,0.5,1.55,1.0993659496307373
1159,15482,1.8676841136766598e-05,0.1283094435930252,0.0003441335866227746,6,4,0.6666666666666666,1.175,0.3573341965675354
1160,577,1.86289798875805e-05,0.06012554094195366,0.0003016859700437635,16,6,0.375,4.675,1.4477382898330688
1161,14851,1.8447832189849578e-05,0.1519477516412735,0.00022003965568728745,7,4,0.5714285714285714,1.375,0.7628799080848694
1162,5065,1.8408694813842885e-05,0.14767399430274963,0.000229667013627477,6,3,0.5,0.725,0.7076067924499512
1163,6207,1.8161506886826828e-05,0.18673913180828094,0.00022623268887400627,9,6,0.6666666666666666,0.5,0.954022228717804
1164,6824,1.8160993931815028e-05,0.1569821685552597,0.00021300747175700963,4,2,0.5,0.3,0.2719131112098694
1165,14515,1.784298729035072e-05,0.24893073737621307,0.0001179575192509219,5,5,1.0,0.375,0.5913424491882324
1166,15831,1.7838487110566348e-05,0.0509222149848938,0.0004228186735417694,24,13,0.5416666666666666,7.925,2.585693359375
1167,15485,1.7801261492422782e-05,0.17059838771820068,0.00021784580894745886,4,3,0.75,0.175,0.26997482776641846
1168,12792,1.771535062289331e-05,0.24798227846622467,9.604617662262172e-05,13,10,0.7692307692307693,0.975,1.2316020727157593
1169,3408,1.7707638107822277e-05,0.14345701038837433,0.00015217013424262404,17,8,0.47058823529411764,4.0,1.3321021795272827
1170,13137,1.767705543898046e-05,0.09106376022100449,0.0001616030785953626,13,11,0.8461538461538461,1.025,2.321781635284424
1171,5269,1.7655902411206625e-05,0.08569174259901047,0.0001296895497944206,15,12,0.8,0.9,1.5824552774429321
1172,9452,1.7587844922672957e-05,0.12652593851089478,0.00017073223716579378,5,3,0.6,0.625,2.164234161376953
1173,1290,1.7577984181116335e-05,0.21311712265014648,0.0001557105133542791,5,4,0.8,0.2,0.7184780836105347
1174,10054,1.754188269842416e-05,0.2466946244239807,0.0002538031549192965,8,6,0.75,1.1,0.7447463274002075
1175,14868,1.7495345673523843e-05,0.06071499362587929,7.867773092584684e-05,12,6,0.5,1.975,1.6063289642333984
1176,4935,1.7459806258557364e-05,0.17484164237976074,0.00023996953677851707,5,4,0.8,1.0,1.2566907405853271
1177,13324,1.7260488675674424e-05,0.3323611915111542,0.00015173650172073394,12,8,0.6666666666666666,1.725,0.8791883587837219
1178,8046,1.7225909687113017e-05,0.1673019677400589,0.0001536090421723202,21,12,0.5714285714285714,2.125,1.8522322177886963
1179,14186,1.72194377228152e-05,0.19770367443561554,0.00012971385149285197,6,4,0.6666666666666666,0.9,0.8924810290336609
1180,5478,1.7058027879102156e-05,0.10988105833530426,0.00027545273769646883,6,3,0.5,0.5,1.4851106405258179
1181,216,1.69610957527766e-05,0.15268376469612122,0.00028400239534676075,4,1,0.25,1.3,0.8565901517868042
1182,6939,1.6931735444813967e-05,0.294585645198822,0.00015958104631863534,7,7,1.0,0.5,0.9079235792160034
1183,8764,1.6844793208292685e-05,0.06913451850414276,0.00022253950010053813,7,6,0.8571428571428571,1.0,1.2660272121429443
1184,15548,1.665533272898756e-05,0.07851338386535645,0.00013638762175105512,19,6,0.3157894736842105,3.75,2.2966792583465576
1185,8400,1.6547806808375753e-05,0.2693433463573456,0.00014782448124606162,10,7,0.7,2.2,1.8205420970916748
1186,6016,1.6531626897631213e-05,0.040892962366342545,0.0003646044642664492,11,4,0.36363636363636365,1.25,1.8160486221313477
1187,3964,1.6451933333883062e-05,0.17012432217597961,0.0001725531037664041,5,3,0.6,0.4,1.1624171733856201
1188,10651,1.6432979464298114e-05,0.08877686411142349,0.00041709342622198164,12,5,0.4166666666666667,2.5,2.5446884632110596
1189,7210,1.630899350857362e-05,0.24301376938819885,9.62071426329203e-05,7,5,0.7142857142857143,0.45,0.5588377714157104
1190,102,1.6236077499343082e-05,0.1485884040594101,0.00018002948490902781,7,6,0.8571428571428571,1.725,0.5679455995559692
1191,13522,1.622400486667175e-05,0.2328590750694275,0.0001552261528559029,7,6,0.8571428571428571,0.275,0.49109405279159546
1192,9941,1.6116209735628217e-05,0.15676617622375488,0.00018622129573486745,4,2,0.5,0.45,0.6430293321609497
1193,878,1.6018781025195494e-05,0.07628835737705231,0.0003155200101900846,10,6,0.6,2.375,1.9912124872207642
1194,6985,1.601124859007541e-05,0.1945321261882782,9.507597133051604e-05,7,4,0.5714285714285714,0.7,2.08271861076355
1195,5387,1.5876194083830342e-05,0.06039780005812645,2.108362241415307e-05,9,4,0.4444444444444444,0.7,1.8508968353271484
1196,2410,1.5861525753280148e-05,0.2730962932109833,0.0001698690903140232,9,8,0.8888888888888888,0.65,0.7706290483474731
1197,5630,1.583232733537443e-05,0.0711640864610672,-4.162237382843159e-05,8,5,0.625,0.9,0.7548375129699707
1198,2486,1.5668192645534873e-05,0.12902912497520447,2.4595519789727405e-05,7,2,0.2857142857142857,0.625,0.38551783561706543
1199,11572,1.56429669004865e-05,0.15722332894802094,0.0001654923107707873,16,10,0.625,2.05,1.241226077079773
1200,12121,1.5562312910333276e-05,0.19821418821811676,0.00024283766106236726,6,4,0.6666666666666666,3.025,0.8675892949104309
1201,12453,1.5521387467742898e-05,0.1406400203704834,0.00013496141764335334,4,2,0.5,0.125,0.9152717590332031
1202,3189,1.546695057186298e-05,0.0815434679389,-1.9813471226370893e-05,8,5,0.625,0.8,0.6615301966667175
1203,9423,1.5425730452989228e-05,0.16098694503307343,7.268770423252136e-05,4,3,0.75,0.35,1.4672954082489014
1204,14319,1.5413941582664847e-05,0.1262434422969818,0.0003621357318479568,8,3,0.375,1.1,2.264906644821167
1205,6693,1.523829996585846e-05,0.05235966295003891,0.00048479315591976047,8,4,0.5,1.125,2.08301043510437
1206,3996,1.5108309526112862e-05,0.2611091732978821,0.0001941194641403854,7,7,1.0,0.775,0.47575491666793823
1207,10751,1.5081898709468078e-05,0.17154261469841003,0.00021213767467997968,4,2,0.5,0.1,0.5797897577285767
1208,965,1.4891784303472377e-05,0.04229529947042465,0.0005102594150230289,22,11,0.5,6.3,2.898399829864502
1209,10011,1.4618732166127302e-05,0.24232248961925507,0.00011678996088448912,12,9,0.75,2.3,1.092331051826477
1210,12980,1.4584855307475664e-05,0.1971893161535263,0.00010361998283769935,9,6,0.6666666666666666,0.4,0.5246855616569519
1211,15479,1.4434970580623485e-05,0.12116886675357819,5.926375888520852e-05,22,14,0.6363636363636364,2.15,1.9562385082244873
1212,3099,1.4431672752834857e-05,0.1910049170255661,0.00012524031626526266,4,3,0.75,0.275,0.31710585951805115
1213,6061,1.4391627701115794e-05,0.058419037610292435,0.00047768588410690427,13,8,0.6153846153846154,1.6,1.2831990718841553
1214,12644,1.4308850040833931e-05,0.13067542016506195,0.0001329675578745082,11,6,0.5454545454545454,2.0,3.7059738636016846
1215,12832,1.4306007869890891e-05,0.1562645584344864,0.00011144822929054499,6,3,0.5,0.525,1.3343132734298706
1216,10257,1.4268419363361318e-05,0.06682756543159485,0.0001318423601333052,9,8,0.8888888888888888,1.55,1.1884173154830933
1217,11416,1.4203309547156096e-05,0.2464393973350525,9.696410415926948e-05,4,4,1.0,0.8,1.7089630365371704
1218,7343,1.4161727449391037e-05,0.12431306391954422,8.217191498260945e-05,13,8,0.6153846153846154,0.6,1.2197530269622803
1219,6670,1.399248321831692e-05,0.29225048422813416,0.00016529002459719777,9,8,0.8888888888888888,0.625,2.432311534881592
1220,9670,1.3991450941830408e-05,0.18807069957256317,0.00012569042155519128,11,5,0.45454545454545453,0.85,2.751613140106201
1221,11326,1.3946360923000611e-05,0.19230812788009644,0.00010161702812183648,8,6,0.75,0.375,0.773343563079834
1222,15361,1.3911591850046534e-05,0.24595405161380768,0.00011111640924355015,9,6,0.6666666666666666,0.475,1.9572594165802002
1223,4877,1.3791480341751594e-05,0.1537196934223175,0.00013627481530420482,7,4,0.5714285714285714,0.675,0.9511914253234863
1224,13081,1.3757700799033046e-05,0.11818648129701614,0.00026530821924097836,7,3,0.42857142857142855,1.0,0.6751055717468262
1225,16013,1.3645885701407678e-05,0.23582002520561218,0.00019902158237528056,4,4,1.0,0.225,0.22386035323143005
1226,10196,1.358761073788628e-05,0.03611794859170914,0.00031383585883304477,23,10,0.43478260869565216,2.0,1.8715375661849976
1227,6558,1.357420114800334e-05,0.18784943222999573,0.00016215535288210958,5,2,0.4,0.575,0.6212829947471619
1228,15210,1.35068767121993e-05,0.1685267984867096,5.666272045345977e-05,11,6,0.5454545454545454,0.975,1.97955322265625
1229,1433,1.347561010334175e-05,0.18373434245586395,0.00015579006867483258,4,2,0.5,0.125,0.18551599979400635
1230,12520,1.3471793863573112e-05,0.10765514522790909,9.163883805740625e-05,5,2,0.4,1.55,1.0168672800064087
1231,3636,1.3431739716907032e-05,0.11530085653066635,0.0001613746426301077,17,8,0.47058823529411764,4.05,2.3868377208709717
1232,5267,1.3319297067937441e-05,0.16393478214740753,0.00018660465138964355,14,6,0.42857142857142855,3.1,2.501535415649414
1233,11465,1.330925715592457e-05,0.12740854918956757,5.6606822909088805e-05,6,2,0.3333333333333333,0.175,0.5539264678955078
1234,7934,1.3292352377902716e-05,0.1041770800948143,8.303108916152269e-05,13,4,0.3076923076923077,0.625,1.2024558782577515
1235,10843,1.3271467651065905e-05,0.17245806753635406,0.00010196660878136754,5,3,0.6,0.325,0.3255743384361267
1236,4569,1.3242485692899209e-05,0.11250700056552887,0.00013984585530124605,7,3,0.42857142857142855,0.35,0.3441048264503479
1237,7500,1.3173834304325283e-05,0.09314519166946411,0.0003334731445647776,12,10,0.8333333333333334,2.125,1.6244173049926758
1238,237,1.3133106222085189e-05,0.25001323223114014,9.247177513316274e-05,13,6,0.46153846153846156,1.35,1.7012913227081299
1239,3999,1.3122796190145891e-05,0.2904283404350281,0.0001723288296489045,4,4,1.0,0.15,0.3858165144920349
1240,3442,1.3029777619522065e-05,0.1081063449382782,3.7855443224543706e-05,8,2,0.25,0.3,1.4950295686721802
1241,6887,1.3025839507463388e-05,0.0967583954334259,0.00021090944937895983,6,2,0.3333333333333333,0.625,1.6008743047714233
1242,15674,1.299564064538572e-05,0.07661974430084229,-1.9946786778746173e-05,6,4,0.6666666666666666,0.575,0.3701283931732178
1243,10687,1.296624122915091e-05,0.1768506020307541,0.00012102234177291393,5,3,0.6,0.475,0.8330802917480469
1244,4837,1.2900729416287504e-05,0.04042893648147583,-0.00021052741794846952,6,2,0.3333333333333333,0.575,1.2159411907196045
1245,14030,1.2857160072599072e-05,0.22691494226455688,9.950989624485373e-05,7,4,0.5714285714285714,0.9,0.43412017822265625
1246,14327,1.2699149010586552e-05,0.11053004115819931,0.00012545468052849174,6,4,0.6666666666666666,0.525,2.1465964317321777
1247,855,1.2616057574632578e-05,0.06906470656394958,-4.270823410479352e-05,12,8,0.6666666666666666,1.0,1.7782001495361328
1248,11369,1.2570621038321406e-05,0.2695241868495941,0.00010716069664340466,5,4,0.8,0.425,0.682284951210022
1249,12942,1.2526745194918476e-05,0.1617317497730255,8.972412615548819e-05,5,2,0.4,0.275,0.3185681402683258
1250,1407,1.1992454346909653e-05,0.050685685127973557,-0.00010898827167693526,9,4,0.4444444444444444,0.575,0.5253236293792725
1251,12353,1.198908739752369e-05,0.05265789106488228,0.00013500021304935217,14,8,0.5714285714285714,1.55,1.2987364530563354
1252,5815,1.1966238162131049e-05,0.07034263759851456,-2.534919258323498e-05,8,3,0.375,0.275,0.8265208005905151
1253,9558,1.1899899618583731e-05,0.05390353873372078,0.0004449277766980231,11,3,0.2727272727272727,1.1,0.6353451609611511
1254,14395,1.1849941074615344e-05,0.20505067706108093,0.0001752285024849698,8,6,0.75,2.65,0.7851172089576721
1255,15146,1.1788021765823942e-05,0.1728903353214264,0.00011610773799475282,4,3,0.75,0.2,0.67393958568573
1256,10302,1.173220243799733e-05,0.1676049679517746,5.7236349675804377e-05,7,3,0.42857142857142855,2.45,1.0177958011627197
1257,11380,1.1680822353810072e-05,0.1357472985982895,0.0001437286555301398,6,2,0.3333333333333333,0.325,0.7019497752189636
1258,10244,1.1654607078526169e-05,0.08369258046150208,5.630662940347975e-07,8,4,0.5,0.925,0.9375052452087402
1259,14016,1.1640259799605701e-05,0.15931466221809387,0.00011079046089434996,7,6,0.8571428571428571,0.175,0.36852115392684937
1260,6151,1.1485588402138092e-05,0.056840091943740845,0.0002780359354801476,9,4,0.4444444444444444,1.025,0.8501359820365906
1261,286,1.143313420470804e-05,0.1711006462574005,0.00010183170525124297,7,6,0.8571428571428571,0.6,1.086321473121643
1262,9492,1.1349527994752862e-05,0.1889740526676178,8.567994518671185e-05,6,3,0.5,0.575,0.6289852261543274
1263,13132,1.1291562259430066e-05,0.07554078102111816,1.943543247762136e-05,5,1,0.2,0.325,2.3868165016174316
1264,9299,1.1224812624277547e-05,0.06117791309952736,0.00021620611369144171,5,2,0.4,0.225,4.3228654861450195
1265,1820,1.1199766959180124e-05,0.08896785229444504,0.0001703148300293833,4,2,0.5,0.1,1.6964162588119507
1266,7261,1.1162984264956322e-05,0.07534486055374146,7.349668157985434e-05,9,6,0.6666666666666666,3.3,1.1261496543884277
1267,14176,1.1098482900706585e-05,0.10427521914243698,0.00013335580297280103,7,4,0.5714285714285714,0.45,2.2680206298828125
1268,2981,1.1027510481653735e-05,0.1659100204706192,0.00013255274097900838,4,3,0.75,0.125,0.9833347201347351
1269,15875,1.0647872841218486e-05,0.22181889414787292,7.99419212853536e-05,7,6,0.8571428571428571,0.375,0.6001623272895813
1270,9012,1.049840466293972e-05,0.12052515894174576,0.00015715720655862242,12,10,0.8333333333333334,1.275,1.0460585355758667
1271,11783,1.0480971468496136e-05,0.07042161375284195,6.641553773079067e-05,13,4,0.3076923076923077,1.425,2.156618595123291
1272,13002,1.0337107596569695e-05,0.21196912229061127,0.00010102034138981253,6,5,0.8333333333333334,1.125,1.252048373222351
1273,5941,1.0324935828975867e-05,0.05611415207386017,0.0003889989457093179,11,5,0.45454545454545453,4.05,1.0677452087402344
1274,11653,1.0238831237074919e-05,0.0678049772977829,1.7332622519461438e-05,14,8,0.5714285714285714,1.025,1.8446029424667358
1275,10392,1.0192146874032915e-05,0.1551864743232727,8.443783008260652e-05,8,6,0.75,2.9,1.0739578008651733
1276,7419,1.0147505236091092e-05,0.15299277007579803,8.639726729597896e-05,5,2,0.4,1.375,1.1166982650756836
1277,16139,1.0056288374471478e-05,0.19986969232559204,5.3490868594963104e-05,4,2,0.5,0.15,0.2524149715900421
1278,13466,9.968201993615367e-06,0.1717749387025833,0.000164629818755202,8,5,0.625,0.575,1.3805055618286133
1279,5582,9.796294762054458e-06,0.16240128874778748,0.00012184605293441564,5,3,0.6,0.625,0.30496352910995483
1280,15516,9.788275747268926e-06,0.24322988092899323,7.404439384117723e-05,5,5,1.0,0.15,0.5030755996704102
1281,13376,9.741185749589931e-06,0.1885366439819336,8.099824481178075e-05,4,4,1.0,0.525,0.5379672050476074
1282,2737,9.738889275467955e-06,0.08993878960609436,1.2888017408840824e-05,10,6,0.6,1.55,1.0695440769195557
1283,9811,9.627071449358482e-06,0.2578832507133484,0.0001443752844352275,7,6,0.8571428571428571,0.775,0.7923123240470886
1284,3961,9.610381312086247e-06,0.0607093870639801,9.552024130243808e-05,13,4,0.3076923076923077,3.625,1.814016342163086
1285,11282,9.536928700981662e-06,0.2660192847251892,0.00011507283488754183,5,4,0.8,0.675,0.8639208078384399
1286,6906,9.471514204051346e-06,0.1372085064649582,0.0001558750809635967,8,4,0.5,2.025,1.132509469985962
1287,8799,9.400222552358173e-06,0.14629463851451874,5.571740257437341e-05,5,4,0.8,0.525,0.31449365615844727
1288,11435,9.37123240873916e-06,0.030446650460362434,0.00016309072088915855,17,11,0.6470588235294118,2.75,1.1026805639266968
1289,2710,9.325153769168537e-06,0.2167215496301651,0.00015248350973706692,9,7,0.7777777777777778,1.075,1.108996868133545
1290,14583,9.286363820137922e-06,0.25095394253730774,0.000115484137495514,4,3,0.75,0.4,0.25425952672958374
1291,10570,9.258751560992096e-06,0.07243246585130692,0.00013581148232333362,5,3,0.6,0.2,0.47110670804977417
1292,12083,9.188095646095462e-06,0.0830303505063057,5.309033440425992e-06,4,1,0.25,0.225,0.6392231583595276
1293,7834,9.161697562376503e-06,0.09755783528089523,0.00011496125807752833,15,10,0.6666666666666666,0.8,1.3718799352645874
1294,9135,9.157467502518557e-06,0.15097135305404663,3.992668280261569e-05,10,4,0.4,0.9,0.5704870223999023
1295,7181,9.156845408142544e-06,0.03902866691350937,0.0002789842546917498,10,7,0.7,1.725,1.4661954641342163
1296,1323,9.142082490143366e-06,0.15923897922039032,7.437937892973423e-05,7,4,0.5714285714285714,1.775,1.3091639280319214
1297,5118,9.12276482267771e-06,0.11239524185657501,7.838126475689933e-05,6,2,0.3333333333333333,0.425,0.6447114944458008
1298,10586,9.089479135582224e-06,0.05155115947127342,-8.097104000626132e-05,11,8,0.7272727272727273,0.925,1.3910048007965088
1299,3441,9.048082574736327e-06,0.22319281101226807,7.302987796720117e-05,6,5,0.8333333333333334,0.675,0.3258812725543976
1300,6212,9.044581020134501e-06,0.2750750184059143,9.040856821229681e-05,12,9,0.75,1.95,1.0132405757904053
1301,746,9.036461051437072e-06,0.1882026195526123,7.110432488843799e-05,5,4,0.8,0.325,0.5194286108016968
1302,14318,8.80869174579857e-06,0.05667760223150253,-0.00010711534559959546,9,4,0.4444444444444444,1.35,2.1775553226470947
1303,7950,8.64027788338717e-06,0.1326538473367691,0.00015452200022991747,6,3,0.5,0.825,1.3534986972808838
1304,1423,8.298909961013123e-06,0.02080901339650154,0.0003692610771395266,14,11,0.7857142857142857,1.675,1.583871841430664
1305,16322,8.208150575228501e-06,0.1457553207874298,4.17842275055591e-05,11,6,0.5454545454545454,0.825,0.98064124584198
1306,13892,8.19374508864712e-06,0.2532501220703125,5.7129585911752656e-05,8,7,0.875,1.05,1.0300472974777222
1307,12893,8.107364919851534e-06,0.15095092356204987,0.00014243862824514508,5,4,0.8,0.25,1.103874921798706
1308,12062,8.081789019342978e-06,0.2664050757884979,6.272795872064307e-05,6,5,0.8333333333333334,0.225,0.6242080330848694
1309,13276,8.065521797107067e-06,0.19472037255764008,7.897843897808343e-05,5,4,0.8,0.525,0.583142101764679
1310,11280,8.043580237426795e-06,0.01735563762485981,1.028468795993831e-05,13,4,0.3076923076923077,1.125,3.720034122467041
1311,10845,8.008008990145754e-06,0.04327670857310295,6.61504891468212e-05,14,7,0.5,3.325,1.389624834060669
1312,1084,7.901430763013195e-06,0.07134906202554703,9.030141518451273e-05,11,7,0.6363636363636364,0.625,1.310189127922058
1313,9863,7.88192392064957e-06,0.11637449264526367,0.0001714604877633974,7,4,0.5714285714285714,0.55,0.44159454107284546
1314,7062,7.712123988312669e-06,0.2233981043100357,3.904365439666435e-05,6,5,0.8333333333333334,0.275,0.7780026793479919
1315,8152,7.712101250945125e-06,0.15391895174980164,8.860499656293541e-05,4,3,0.75,0.275,0.9226648211479187
1316,15449,7.664055374334566e-06,0.023453129455447197,0.00014087490853853524,14,9,0.6428571428571429,0.55,3.3689589500427246
1317,12529,7.655144145246595e-06,0.10566536337137222,0.00010562748502707109,7,3,0.42857142857142855,1.325,0.6396231651306152
1318,4060,7.550165719294455e-06,0.11886442452669144,2.656046490301378e-05,5,2,0.4,1.2,0.38171905279159546
1319,15254,7.501874733861769e-06,0.1883089542388916,0.00012205397797515616,5,3,0.6,1.1,0.9275447726249695
1320,4308,7.500750598410377e-06,0.1375543475151062,3.067918441956863e-05,5,2,0.4,0.125,0.3568286895751953
1321,14704,7.378956979664508e-06,0.20799313485622406,7.877890311647207e-05,9,4,0.4444444444444444,0.425,1.397503137588501
1322,1174,7.335477675951552e-06,0.03393738716840744,-0.0001307567290496081,12,6,0.5,5.725,0.8862079381942749
1323,6828,7.153255864977837e-06,0.12891484797000885,5.9594487538561225e-05,5,2,0.4,2.475,0.5028362274169922
1324,2063,7.112369530659635e-06,0.17936323583126068,8.996091492008418e-05,5,3,0.6,0.325,0.2827536165714264
1325,903,7.092393843777245e-06,0.031783390790224075,0.00028933989233337343,17,10,0.5882352941176471,1.7,2.31207537651062
1326,4844,7.073961114656413e-06,0.23375636339187622,4.561657988233492e-05,5,5,1.0,0.225,0.9299604296684265
1327,8134,7.0680312092008535e-06,0.20128920674324036,6.452522211475298e-05,4,3,0.75,0.375,0.8322882652282715
1328,13978,7.034375357761746e-06,0.008207068778574467,-0.0004389466193970293,19,8,0.42105263157894735,3.0,2.362295150756836
1329,606,6.967079571040813e-06,0.04255685210227966,4.255842213751748e-05,10,6,0.6,1.325,1.6996437311172485
1330,11846,6.862609552626964e-06,0.06474775820970535,2.177031637984328e-05,6,4,0.6666666666666666,0.45,0.5012895464897156
1331,8486,6.7389823925623205e-06,0.1845732480287552,6.101168764871545e-05,5,4,0.8,0.5,0.32787418365478516
1332,15675,6.714192750223447e-06,0.17026346921920776,6.359765393426642e-05,5,3,0.6,0.275,0.974449634552002
1333,4519,6.701712209178368e-06,0.14231239259243011,2.339984530408401e-05,4,2,0.5,0.775,0.3803178369998932
1334,12765,6.62637557979906e-06,0.194235697388649,5.8684971008915454e-05,4,2,0.5,1.85,0.4334034025669098
1335,14214,6.455571565311402e-06,0.1480286717414856,0.00010943217057501897,8,5,0.625,0.525,0.7014563083648682
1336,4130,6.405402473319555e-06,0.04781942814588547,0.00022270958288572729,9,6,0.6666666666666666,2.3,0.8522013425827026
1337,13830,6.375802513503004e-06,0.03537491336464882,0.00011641239689197391,10,7,0.7,0.95,4.566596984863281
1338,15938,6.354895504045999e-06,0.2833203375339508,5.102321665617637e-05,7,6,0.8571428571428571,0.375,0.6976145505905151
1339,15321,6.353368917189073e-06,0.16295704245567322,8.580687426729128e-05,5,3,0.6,0.525,1.2600247859954834
1340,9027,6.322226454358315e-06,0.23613397777080536,6.506796489702538e-05,5,5,1.0,0.7,0.45391836762428284
1341,13506,6.3083425629884005e-06,0.010644149035215378,3.283687328803353e-05,15,10,0.6666666666666666,0.975,3.9779601097106934
1342,15467,6.30694194114767e-06,0.17945988476276398,3.550971086951904e-05,6,4,0.6666666666666666,0.225,0.24458451569080353
1343,4450,6.293221758824075e-06,0.19964808225631714,6.420227873604745e-05,10,7,0.7,0.4,0.7071033120155334
1344,5376,6.248864337976556e-06,0.11958451569080353,3.6204193747835234e-05,8,5,0.625,0.75,2.5175139904022217
1345,7202,6.193941317178542e-06,0.16268470883369446,4.1158946260111406e-05,5,4,0.8,0.15,0.3610188364982605
1346,12766,6.1775208450853825e-06,0.07976237684488297,-3.6375852232595207e-06,9,4,0.4444444444444444,0.325,0.9378494024276733
1347,2346,6.103410669311415e-06,0.019551247358322144,0.0004274327657185495,10,3,0.3,0.45,0.9381824731826782
1348,9833,5.96536756347632e-06,0.22421982884407043,6.546745134983212e-05,4,3,0.75,0.325,0.21149888634681702
1349,2855,5.961651822872227e-06,0.07878261804580688,1.4936032130208332e-05,7,4,0.5714285714285714,2.35,0.7287038564682007
1350,8262,5.935392437095288e-06,0.14387013018131256,0.0001022989017656073,4,2,0.5,0.4,0.6039606332778931
1351,11627,5.9150083870918024e-06,0.08501745015382767,3.425766044529155e-05,7,3,0.42857142857142855,0.475,1.0336806774139404
1352,808,5.860822966496926e-06,0.13642707467079163,3.323235432617366e-05,4,3,0.75,0.125,0.22891083359718323
1353,10676,5.827581844641827e-06,0.241735577583313,6.411292997654527e-05,10,8,0.8,0.425,0.7287935018539429
1354,1672,5.79546485823812e-06,0.04111560806632042,-4.774325498146936e-05,10,6,0.6,1.325,1.692946195602417
1355,2745,5.683552444679663e-06,0.18397273123264313,9.444043826078996e-05,9,7,0.7777777777777778,1.525,0.8332047462463379
1356,3490,5.668603989761323e-06,0.31887680292129517,7.07704748492688e-05,4,4,1.0,1.6,0.2718360424041748
1357,10808,5.626671281788731e-06,0.12402654439210892,4.7580335376551375e-05,8,4,0.5,1.7,0.6357675790786743
1358,471,5.619655439659255e-06,0.3148840069770813,8.247518417192623e-05,6,6,1.0,0.625,0.32796043157577515
1359,43,5.6057492656691466e-06,0.049882397055625916,5.36728766746819e-05,8,3,0.375,0.475,0.7959537506103516
1360,13259,5.5858349696791265e-06,0.12374810874462128,6.820634007453918e-05,7,4,0.5714285714285714,2.425,0.5271837711334229
1361,11825,5.560472345678136e-06,0.09414324164390564,5.941584095126018e-05,4,1,0.25,0.225,0.5808910131454468
1362,11575,5.554930339712882e-06,0.08998621255159378,4.434415677678771e-05,7,4,0.5714285714285714,0.45,0.8191846013069153
1363,8087,5.53940617464832e-06,0.04849554970860481,0.00012106123904231936,8,6,0.75,0.325,0.6205308437347412
1364,1559,5.5364203035424e-06,0.025095762684941292,0.0002807185228448361,12,6,0.5,1.475,3.598839521408081
1365,6415,5.532828254217748e-06,0.05926264077425003,3.7671612517442554e-05,12,6,0.5,1.2,1.3824436664581299
1366,6200,5.5309783419943415e-06,0.2268541008234024,3.8393241993617266e-05,7,4,0.5714285714285714,0.225,0.4911075532436371
1367,1931,5.49452943232609e-06,0.050868622958660126,8.451377652818337e-05,7,4,0.5714285714285714,0.525,0.5638560056686401
1368,12305,5.4362967603083234e-06,0.09913806617259979,4.670850466936827e-05,6,3,0.5,0.225,0.384009450674057
1369,12302,5.3562380344374105e-06,0.14765822887420654,5.042627526563592e-05,7,3,0.42857142857142855,0.975,0.43852972984313965
1370,9896,5.220188086241251e-06,0.06020072102546692,7.903991354396567e-05,8,5,0.625,1.4,2.0495738983154297
1371,9213,5.173465524421772e-06,0.16672053933143616,5.487423186423257e-05,4,3,0.75,0.2,0.3960019648075104
1372,10328,5.053710992797278e-06,0.11137653142213821,1.440117739548441e-05,5,3,0.6,0.2,0.33379992842674255
1373,10554,5.042546490585664e-06,0.015546878799796104,1.0469279004610144e-05,16,7,0.4375,0.875,3.1065785884857178
1374,4547,5.02668763147085e-06,0.029972808435559273,-4.940154212818015e-06,7,2,0.2857142857142857,1.65,2.0541653633117676
1375,7579,4.90891534354887e-06,0.06539652496576309,3.8386526284739375e-05,10,6,0.6,1.125,1.435405969619751
1376,9781,4.8648134907125495e-06,0.15466754138469696,7.120781810954213e-05,7,4,0.5714285714285714,0.275,0.5520321130752563
1377,5163,4.86416729472694e-06,0.058467838913202286,0.00011060243559768423,10,5,0.5,1.225,1.171565294265747
1378,3303,4.7959460971469525e-06,0.2099037617444992,9.232737647835165e-05,8,6,0.75,0.95,0.8093490600585938
1379,1391,4.77354251415818e-06,0.05810073763132095,7.317196286749095e-05,4,2,0.5,0.275,0.4506298899650574
1380,6359,4.727275609184289e-06,0.033906836062669754,-6.244688120204955e-05,9,5,0.5555555555555556,0.75,0.6853135824203491
1381,759,4.727028681372758e-06,0.19712300598621368,5.6505588872823864e-05,5,3,0.6,0.225,0.3179914057254791
1382,168,4.717904175777221e-06,0.07984130829572678,-2.2781114239478484e-05,10,6,0.6,1.775,1.4627292156219482
1383,5181,4.65839684693492e-06,0.010168901644647121,-0.00029039138462394476,15,6,0.4,3.05,3.248344898223877
1384,14731,4.622806500265142e-06,0.03583931922912598,-6.273815961321816e-05,4,2,0.5,0.65,0.3541501462459564
1385,10829,4.618826096702833e-06,0.19650305807590485,1.8258568161400035e-05,6,3,0.5,0.375,0.6652132272720337
1386,8804,4.617123522621114e-06,0.2899657189846039,6.414969539036974e-05,5,5,1.0,1.325,0.9712749719619751
1387,14235,4.591151537169935e-06,0.2374177873134613,3.1264811696019024e-05,5,4,0.8,0.15,0.22522930800914764
1388,7997,4.423322479851777e-06,0.1514742523431778,9.312359179602936e-05,8,5,0.625,5.375,0.8706977963447571
1389,588,4.389625246403739e-06,0.1074628159403801,4.213954889564775e-05,7,4,0.5714285714285714,0.3,0.9984664916992188
1390,10107,4.383658051665407e-06,0.0756019875407219,5.8308960433350876e-05,14,8,0.5714285714285714,1.975,1.4204216003417969
1391,12154,4.2964311433024704e-06,0.06656331568956375,5.814533869852312e-05,4,3,0.75,0.35,1.7079709768295288
1392,8523,4.251513928466011e-06,0.018880926072597504,-6.961595499888062e-05,5,3,0.6,0.35,0.34810930490493774
1393,15723,4.246202479407657e-06,0.053929537534713745,2.221276008640416e-05,6,4,0.6666666666666666,0.825,1.9373142719268799
1394,13177,4.21120785176754e-06,0.051410216838121414,4.0048234950518236e-05,9,3,0.3333333333333333,0.675,1.0118212699890137
1395,14442,4.146392711845692e-06,0.07763725519180298,1.4272984117269516e-05,10,4,0.4,0.95,1.4149013757705688
1396,4269,4.114804141863715e-06,0.08585124462842941,8.004182018339634e-05,6,3,0.5,0.45,0.49946433305740356
1397,6369,4.111113867111271e-06,0.1563461869955063,3.423325324547477e-05,4,3,0.75,0.125,0.3066299557685852
1398,13294,4.0976992750074714e-06,0.05151485651731491,0.00010821422620210797,14,9,0.6428571428571429,1.125,1.1566824913024902
1399,9606,4.0243457988253795e-06,0.04557397961616516,0.0001241347927134484,11,7,0.6363636363636364,1.125,1.915652871131897
1400,12280,4.009482836409006e-06,0.17427745461463928,3.0013630748726428e-05,7,4,0.5714285714285714,0.275,0.9262897372245789
1401,8621,3.897724127455149e-06,0.32006844878196716,5.8625177189242095e-05,7,6,0.8571428571428571,0.75,0.6946803331375122
1402,7200,3.7739932849945035e-06,0.28272148966789246,4.2453779315110296e-05,6,5,0.8333333333333334,0.9,1.7682087421417236
1403,7107,3.747251412278274e-06,0.10768572241067886,1.5606850865879096e-05,4,2,0.5,0.2,1.622471809387207
1404,10633,3.7128218082216335e-06,0.14413894712924957,4.093805546290241e-05,6,3,0.5,0.25,2.1738877296447754
1405,2685,3.6803958209929988e-06,0.14457501471042633,8.178974530892447e-05,4,3,0.75,0.4,0.35306376218795776
1406,5314,3.676767619253951e-06,0.18148860335350037,5.2016905101481825e-05,4,2,0.5,0.775,0.7988709211349487
1407,14941,3.647907306003617e-06,0.03903823345899582,3.223626845283434e-05,14,10,0.7142857142857143,3.1,2.6608047485351562
1408,4662,3.573931053324486e-06,0.18470163643360138,5.195673293201253e-05,11,7,0.6363636363636364,2.4,1.3871190547943115
1409,3057,3.5334203403181164e-06,0.00841747410595417,-0.0005494262441061437,20,4,0.2,5.025,1.711146593093872
1410,5159,3.479279257589951e-06,0.05005940794944763,-2.4299308279296383e-05,7,5,0.7142857142857143,0.325,1.1649733781814575
1411,5971,3.4532240533735603e-06,0.033075787127017975,5.6500597565900534e-05,10,5,0.5,1.175,1.9940464496612549
1412,12823,3.4093743579433067e-06,0.10672127455472946,2.2239995814743452e-05,8,4,0.5,0.65,1.7645313739776611
1413,128,3.3854441880976083e-06,0.024940237402915955,0.00018607047968544066,10,5,0.5,0.95,0.7091012597084045
1414,14740,3.353655529281241e-06,0.16322006285190582,1.251065987162292e-05,6,3,0.5,0.275,1.158605694770813
1415,6729,3.292860128567554e-06,0.1717219352722168,3.418990672798827e-05,7,4,0.5714285714285714,0.325,0.7320748567581177
1416,5756,3.2007683330448344e-06,0.19976504147052765,4.1086685087066144e-05,5,4,0.8,0.35,0.526899516582489
1417,11384,3.136775148959714e-06,0.06923798471689224,6.540959293488413e-05,5,1,0.2,0.85,0.7134760618209839
1418,257,3.10495238409203e-06,0.024413403123617172,4.917220394418109e-06,14,9,0.6428571428571429,0.875,2.6773552894592285
1419,12369,3.1020499591249973e-06,0.17826992273330688,6.511415995191783e-05,5,3,0.6,1.3,0.7005326747894287
1420,6552,3.0904343475413043e-06,0.10756590962409973,9.023244729178259e-08,12,6,0.5,0.75,0.778121829032898
1421,6947,3.047308609893662e-06,0.004850288853049278,-0.00014754415315110236,22,11,0.5,10.325,2.0397777557373047
1422,568,3.0365156362677226e-06,0.12600572407245636,2.1712150555686094e-05,6,2,0.3333333333333333,0.425,0.5573603510856628
1423,279,3.035004510820727e-06,0.17600911855697632,5.519663682207465e-05,7,6,0.8571428571428571,1.275,1.1246598958969116
1424,9325,3.0274115943029756e-06,0.009851602837443352,5.541426799027249e-05,16,9,0.5625,1.6,2.781620502471924
1425,14629,3.0024955322005553e-06,0.047602083534002304,-8.75118075782666e-06,12,5,0.4166666666666667,0.85,0.697736918926239
1426,8074,2.8996523724345025e-06,0.01571708358824253,-2.8651556931436062e-05,11,6,0.5454545454545454,1.625,4.55865478515625
1427,5085,2.889102006520261e-06,0.30381569266319275,2.9995935619808733e-05,6,5,0.8333333333333334,0.35,0.6688275337219238
1428,1800,2.8807480703108013e-06,0.11694347858428955,6.356721860356629e-05,6,3,0.5,0.4,0.5818914175033569
1429,9377,2.872447794288746e-06,0.014586526900529861,0.00010899621702264994,12,9,0.75,1.3,0.8116990923881531
1430,2391,2.8452677724999376e-06,0.03495211526751518,8.850476297084242e-05,8,4,0.5,0.425,0.5647686123847961
1431,9855,2.830614448612323e-06,0.03865640237927437,8.456508112431038e-06,4,2,0.5,0.2,3.2478790283203125
1432,1466,2.7548035177460406e-06,0.06297050416469574,0.00010022132482845336,11,6,0.5454545454545454,0.675,1.4951378107070923
1433,11574,2.6105722099600825e-06,0.020203150808811188,-4.566419011098333e-05,7,3,0.42857142857142855,2.175,0.8233358263969421
1434,8432,2.59098237620492e-06,0.14268338680267334,9.145247531705536e-06,7,3,0.42857142857142855,0.325,0.7415936589241028
1435,1827,2.574627160356613e-06,0.041459254920482635,-7.382505373243475e-06,12,4,0.3333333333333333,1.175,0.7108270525932312
1436,10780,2.4854773528204532e-06,0.02463820017874241,3.4624918043846264e-05,18,7,0.3888888888888889,1.95,3.43268084526062
1437,630,2.424084186714026e-06,0.033422861248254776,5.016694103687769e-06,10,5,0.5,0.425,1.4593169689178467
1438,3558,2.372272092543426e-06,0.005540770944207907,0.0001036819739965722,6,1,0.16666666666666666,0.625,4.402722358703613
1439,12597,2.364203737670323e-06,0.1558394432067871,8.798625458439346e-06,4,2,0.5,0.2,0.19816672801971436
1440,14138,2.3282846086658537e-06,0.01617463491857052,1.2013706509605981e-05,8,5,0.625,0.5,0.45122337341308594
1441,10552,2.245817540824646e-06,0.03773586452007294,7.562582322861999e-05,6,3,0.5,0.75,0.5458928346633911
1442,556,2.1664452560798964e-06,0.12219442427158356,2.9102118787704967e-05,7,3,0.42857142857142855,1.45,0.7156445384025574
1443,6092,2.1615287550957873e-06,0.1783098578453064,1.0582612958387472e-05,4,2,0.5,0.275,0.7819759249687195
1444,13175,2.1413436570583144e-06,0.025346102192997932,1.8158500097342767e-05,11,6,0.5454545454545454,2.5,1.3029916286468506
1445,5068,2.1118826225574594e-06,0.016192112118005753,-9.191709250444546e-05,16,8,0.5,6.5,1.9755160808563232
1446,6683,1.9297044673294295e-06,0.12235509604215622,1.0830598512256984e-05,7,4,0.5714285714285714,0.4,0.8193761110305786
1447,2147,1.8455933741279296e-06,0.17020294070243835,2.003455847443547e-05,5,4,0.8,0.35,0.8536777496337891
1448,11990,1.8112259567715228e-06,0.16240178048610687,1.1720859220076818e-05,4,3,0.75,0.175,0.1954488754272461
1449,11457,1.7863976609078236e-06,0.11639562249183655,3.7753459764644504e-05,5,3,0.6,0.275,0.40539607405662537
1450,10598,1.7425481928512454e-06,0.08413462340831757,1.6238034731941298e-05,9,6,0.6666666666666666,0.325,0.627555251121521
1451,3697,1.736059175527771e-06,0.1363890916109085,2.4144817871274427e-05,5,2,0.4,0.25,1.2055957317352295
1452,1223,1.7302839978583506e-06,0.09299834817647934,3.1422896427102387e-06,5,3,0.6,0.925,0.6999208331108093
1453,14952,1.7119770063800388e-06,0.021957652643322945,5.099146437714808e-05,4,1,0.25,0.325,0.5922871828079224
1454,15722,1.6766801991252578e-06,0.22264599800109863,2.0078610759810545e-05,4,3,0.75,0.25,0.4469444751739502
1455,15660,1.6730898551031714e-06,0.14282669126987457,8.171123226929922e-06,5,2,0.4,0.525,0.8125198483467102
1456,5321,1.6658334516250761e-06,0.031670376658439636,8.459163655061275e-05,11,7,0.6363636363636364,1.5,2.4097812175750732
1457,16354,1.6567252032473334e-06,0.09624241292476654,4.9038633733289316e-05,4,2,0.5,0.775,0.5481878519058228
1458,7902,1.650942294872948e-06,0.14886868000030518,1.0730666872404981e-05,7,5,0.7142857142857143,0.475,0.6006156206130981
1459,10964,1.648961188038811e-06,0.09434665739536285,4.5614829105034005e-06,4,3,0.75,0.25,0.4609169065952301
1460,6355,1.6255204400295042e-06,0.1649167686700821,1.6019583199522458e-05,8,6,0.75,0.55,0.582981288433075
1461,8175,1.610606886970345e-06,0.03796648234128952,9.4165498012444e-06,7,4,0.5714285714285714,0.725,0.4121968150138855
1462,7233,1.593352294548822e-06,0.15102216601371765,6.38814299236401e-06,5,3,0.6,0.2,0.3313099443912506
1463,8590,1.5660627923352877e-06,0.02197735197842121,-8.92344269232126e-06,14,7,0.5,0.85,1.624704360961914
1464,15203,1.53294786287006e-06,0.13465678691864014,4.3363079385017045e-06,5,2,0.4,0.125,0.20818066596984863
1465,9589,1.5325600770665915e-06,0.04104366898536682,-2.3342417989624664e-05,4,3,0.75,0.1,1.1265195608139038
1466,14543,1.5081474202816025e-06,0.004771675914525986,-0.00010328295320505276,12,8,0.6666666666666666,5.325,1.2516411542892456
1467,6227,1.4882236882840516e-06,0.013647300191223621,5.263352068141103e-05,10,5,0.5,0.475,0.7226724624633789
1468,4979,1.4503823422273854e-06,0.14943379163742065,1.2842460819229018e-05,6,3,0.5,0.225,0.3527147173881531
1469,7563,1.4466725133388536e-06,0.005750304087996483,0.00012359539687167853,10,6,0.6,1.35,1.16396963596344
1470,2429,1.4117036926108995e-06,0.10409056395292282,4.347300091467332e-06,4,2,0.5,0.35,0.4021669030189514
1471,11597,1.4008325024406076e-06,0.07567527145147324,2.9994083888595924e-05,4,3,0.75,0.2,0.6349419951438904
1472,1472,1.3892946526539163e-06,0.0006695566698908806,-0.0011547919129952788,20,9,0.45,1.85,4.799564361572266
1473,4685,1.3551941719924798e-06,0.05253564566373825,3.295306669315323e-05,4,2,0.5,0.225,0.4849368631839752
1474,15402,1.3159160516806878e-06,0.07602652907371521,2.945028245449066e-05,7,4,0.5714285714285714,0.575,1.0296649932861328
1475,6421,1.3056200032224297e-06,0.02409861981868744,3.922097312170081e-05,4,3,0.75,0.25,2.3521735668182373
1476,7777,1.3055571344011696e-06,0.001664968323893845,1.3475352716341149e-05,17,9,0.5294117647058824,4.125,2.346527338027954
1477,1459,1.207976652040088e-06,0.15503564476966858,2.5606947019696236e-05,5,4,0.8,0.3,0.30906790494918823
1478,6685,1.204273871735495e-06,0.010800042189657688,-0.0001661209244048223,7,4,0.5714285714285714,0.925,0.9097379446029663
1479,16210,1.2026778222207213e-06,0.13943059742450714,2.092490285576787e-05,7,5,0.7142857142857143,0.3,0.4221368730068207
1480,15526,1.077691990758467e-06,0.2649197578430176,9.083290024136659e-06,4,4,1.0,0.625,0.26502999663352966
1481,3721,1.0307887805538485e-06,0.23113133013248444,7.315773927984992e-06,6,3,0.5,0.35,0.4715351462364197
1482,15229,1.0302362625225214e-06,0.06229333207011223,-8.86445377545897e-06,5,4,0.8,0.375,0.4097899794578552
1483,3273,1.006408979264961e-06,0.03006887435913086,-1.0280540664098226e-05,4,3,0.75,0.125,0.27046850323677063
1484,12508,1.0006367574533215e-06,0.09446574002504349,5.655505447066389e-06,4,2,0.5,0.125,0.27497798204421997
1485,4350,9.811335530685028e-07,0.006868160329759121,3.1294381187763065e-05,11,4,0.36363636363636365,0.8,0.7844417691230774
1486,569,9.687428246252239e-07,0.12947633862495422,1.2586836419359315e-05,4,2,0.5,0.325,0.9957141876220703
1487,14693,9.504612421551428e-07,0.006619068793952465,-5.781056643172633e-06,9,6,0.6666666666666666,1.075,1.9511139392852783
1488,15374,8.803443733995664e-07,0.026785381138324738,1.0364163244958036e-05,4,1,0.25,0.15,0.18905752897262573
1489,8458,8.247968139585282e-07,0.05983097106218338,6.914619007147849e-06,4,3,0.75,0.575,0.5967378616333008
1490,3083,7.0277661734508e-07,0.015383913181722164,-1.1752904356399085e-05,6,4,0.6666666666666666,0.35,1.1867902278900146
1491,5723,6.742687901351019e-07,0.0017356640892103314,-3.975501749664545e-05,11,4,0.36363636363636365,0.625,5.01701021194458
1492,13925,6.386835593730211e-07,0.11460113525390625,-6.625123205594718e-07,4,3,0.75,0.325,0.18226461112499237
1493,2345,5.530819180421531e-07,0.003542874474078417,-0.0001482038787798956,9,4,0.4444444444444444,0.6,0.7951146364212036
1494,11468,5.522151695913635e-07,0.08283555507659912,1.3120699804858305e-05,6,2,0.3333333333333333,0.375,0.37387457489967346
1495,4481,4.24892277806066e-07,0.16216595470905304,3.956471118726768e-06,4,3,0.75,0.325,0.38954272866249084
1496,11789,4.142689249420073e-07,0.041198547929525375,1.1821100997622125e-05,6,4,0.6666666666666666,0.35,0.6825012564659119
1497,6730,3.4762214795591717e-07,0.03318369761109352,7.849745088606142e-06,6,4,0.6666666666666666,0.45,0.5249284505844116
1498,13508,3.158822892146418e-07,0.07003500312566757,9.34102172323037e-06,7,3,0.42857142857142855,0.25,0.6361231207847595
1499,3788,3.1242706199918757e-07,0.009832673706114292,-2.0737248632940464e-05,5,3,0.6,0.375,0.3450886309146881
1500,14416,3.059198263599683e-07,0.0004844364884775132,-0.0005729194963350892,21,10,0.47619047619047616,3.85,2.0087597370147705
1501,10120,3.0076370194365154e-07,0.02001817710697651,-2.2645078843197552e-06,7,3,0.42857142857142855,1.05,1.3028018474578857
1502,3898,2.936418752597092e-07,0.0577547512948513,7.618068593728822e-06,4,2,0.5,0.25,0.33837923407554626
1503,11892,2.918168888754735e-07,0.006267846096307039,5.112048165756278e-05,5,4,0.8,0.15,0.24967634677886963
1504,9860,2.8925660444656387e-07,0.019299207255244255,8.451999633507512e-07,4,2,0.5,0.175,1.0501015186309814
1505,13028,2.759816197794862e-07,0.022032150998711586,2.0106817544274236e-07,4,2,0.5,0.325,0.3347298502922058
1506,10906,2.1698743069009652e-07,0.008008599281311035,-4.0372669900534675e-05,5,2,0.4,0.55,0.482973575592041
1507,3764,1.9649277760436235e-07,0.0050885858945548534,2.6651188818505034e-05,5,4,0.8,0.45,1.1081091165542603
1508,2587,8.050437649842479e-09,0.0019084486411884427,3.8164857869560365e-06,4,3,0.75,0.15,1.364121913909912
1509,5365,-4.8336175950680627e-08,-0.001130853546783328,4.777711183123756e-06,9,5,0.5555555555555556,0.875,0.47263240814208984
1510,9722,-1.0542862582951784e-07,-0.0009341539698652923,8.527190948370844e-05,4,2,0.5,0.2,0.7489455342292786
1511,13766,-1.506963371866732e-07,-0.0036475732922554016,-5.325828169588931e-05,9,5,0.5555555555555556,1.65,2.5453288555145264
1512,4495,-1.9396665607018804e-07,-0.006898821331560612,4.308885399950668e-05,6,4,0.6666666666666666,0.775,0.7553080916404724
1513,13577,-2.0675652478985285e-07,-0.013642442412674427,-1.1431666280259378e-05,4,3,0.75,0.15,1.3867191076278687
1514,13493,-2.214861467564333e-07,-0.04302894324064255,-5.076667548564728e-06,4,2,0.5,0.15,0.26963889598846436
1515,9546,-2.512524588382803e-07,-0.007710502482950687,6.32149522061809e-06,9,5,0.5555555555555556,0.425,0.7923323512077332
1516,14648,-3.1147112622420536e-07,-0.09388943761587143,-1.4439558526646579e-06,5,2,0.4,0.375,0.5750495791435242
1517,10419,-4.0952909330371767e-07,-0.048902858048677444,-3.597680461098207e-06,5,3,0.6,0.4,0.37096309661865234
1518,3919,-5.158915996616997e-07,-0.0056545315310359,-4.503530726651661e-05,10,4,0.4,0.625,0.906001091003418
1519,11421,-5.222187269282585e-07,-0.19199593365192413,-8.985947715700604e-06,4,1,0.25,0.1,0.22336788475513458
1520,10892,-5.469787538459059e-07,-0.18108029663562775,-2.3427630821970524e-06,4,1,0.25,0.125,0.16566143929958344
1521,13609,-6.617337930947542e-07,-0.011461867950856686,-4.3204785470152274e-05,11,6,0.5454545454545454,0.475,1.6221563816070557
1522,3022,-6.681717081846728e-07,-0.22052323818206787,-9.117847184825223e-06,4,1,0.25,0.125,0.1954016387462616
1523,13948,-6.816541713305924e-07,-0.0007347826031036675,-0.0001180828403448686,19,11,0.5789473684210527,2.325,3.4451897144317627
1524,6236,-7.047376016089402e-07,-0.001230999012477696,0.0005761533975601196,6,4,0.6666666666666666,2.4,0.8824551701545715
1525,2028,-7.474357630599116e-07,-0.11746455729007721,-2.722751105466159e-06,4,1,0.25,0.125,0.1676625907421112
1526,6708,-7.865573934395798e-07,-0.1552652269601822,-7.142292361095315e-06,5,2,0.4,0.9,0.4696134924888611
1527,11852,-7.991047823452391e-07,-0.04769004136323929,-3.504857886582613e-06,4,3,0.75,0.225,0.362920343875885
1528,9142,-8.316790740536817e-07,-0.06481611728668213,-6.984767878748244e-06,5,3,0.6,0.85,0.32476815581321716
1529,2149,-8.638122608317644e-07,-0.11634271591901779,-1.3881192899134476e-05,7,2,0.2857142857142857,0.825,0.6005524396896362
1530,7657,-8.898008445612504e-07,-0.010886634700000286,-7.441719935741276e-05,7,2,0.2857142857142857,0.95,0.557929515838623
1531,12325,-8.999994633995811e-07,-0.20821769535541534,-1.0828325684997253e-05,4,1,0.25,0.475,0.30850428342819214
1532,4044,-9.709192454465665e-07,-0.16015836596488953,-2.7291866899759043e-06,4,2,0.5,0.175,0.22465991973876953
1533,1857,-9.746536306920461e-07,-0.052024368196725845,-2.010888465520111e-06,5,3,0.6,0.3,0.448329359292984
1534,2213,-9.778377716429532e-07,-0.013298356905579567,4.0260976675199345e-05,4,1,0.25,0.375,1.7505677938461304
1535,14589,-9.932257398759248e-07,-0.06408504396677017,-3.958970046369359e-05,4,2,0.5,0.75,0.3398345708847046
1536,933,-1.0152004961128114e-06,-0.011437318287789822,2.7642317945719697e-05,5,1,0.2,0.55,1.305519938468933
1537,3691,-1.0657761322363513e-06,-0.013563074171543121,-9.829863847699016e-05,11,7,0.6363636363636364,2.775,1.3308734893798828
1538,11066,-1.0996411674568662e-06,-0.058652862906455994,-1.2275471817702055e-05,7,3,0.42857142857142855,0.525,0.42331966757774353
1539,12157,-1.1682607237162301e-06,-0.06138588488101959,-1.041244831867516e-05,7,2,0.2857142857142857,0.7,0.8697038888931274
1540,8255,-1.1793845260399394e-06,-0.0224983599036932,-7.854744035284966e-05,10,4,0.4,1.525,1.7772411108016968
1541,3092,-1.1998687341474579e-06,-0.005273577757179737,-0.0001527892454760149,13,3,0.23076923076923078,3.275,2.1417224407196045
1542,12212,-1.2280390819796594e-06,-0.3125164806842804,-1.2648806659854017e-05,4,0,0.0,0.15,0.2948700487613678
1543,6129,-1.239036123479309e-06,-0.08538524061441422,-1.017820613924414e-05,7,2,0.2857142857142857,0.35,0.49510955810546875
1544,15642,-1.26048473703122e-06,-0.004265618044883013,-4.3111340346513316e-05,8,3,0.375,0.35,1.2913949489593506
1545,16081,-1.2614534625754459e-06,-0.06032205745577812,-1.9275832528364845e-05,4,2,0.5,0.175,0.3086826801300049
1546,7601,-1.2723446616291767e-06,-0.02549378015100956,-5.713095742976293e-05,4,2,0.5,0.25,1.046513319015503
1547,11608,-1.3028737839704263e-06,-0.06957250833511353,-3.8216454413486645e-05,8,4,0.5,0.5,0.6795056462287903
1548,11941,-1.3359432387005654e-06,-0.0543946847319603,-1.9652798073366284e-05,6,4,0.6666666666666666,0.35,0.6260396242141724
1549,1603,-1.4851837022433756e-06,-0.04795072600245476,6.483130164269824e-06,10,5,0.5,1.05,0.6452425718307495
1550,9903,-1.5112788105398067e-06,-0.17771673202514648,-1.3779225810139906e-05,5,2,0.4,0.325,0.24421581625938416
1551,2085,-1.553789161334862e-06,-0.11187344789505005,-3.185771447533625e-06,5,2,0.4,0.375,0.39721766114234924
1552,3326,-1.6004921690182528e-06,-0.09277083724737167,-2.1277292034938e-05,6,3,0.5,0.4,0.7365419268608093
1553,1320,-1.6073383903858485e-06,-0.04441974684596062,3.010182990692556e-05,10,3,0.3,0.55,0.8368247747421265
1554,9994,-1.6333139001289965e-06,-0.07641510665416718,-7.330735570576508e-06,4,3,0.75,0.45,0.2346772700548172
1555,452,-1.6551981616430567e-06,-0.041531890630722046,-7.094836473697796e-05,6,2,0.3333333333333333,0.925,1.1687694787979126
1556,14137,-1.6562613609494292e-06,-0.017964104190468788,5.0534763431642205e-05,9,5,0.5555555555555556,0.975,0.8620039820671082
1557,617,-1.6871715615707217e-06,-0.2807229161262512,-2.3903177861939184e-05,5,0,0.0,0.125,0.44723567366600037
1558,13289,-1.6928024706430733e-06,-0.0008615409606136382,0.0009791654301807284,9,4,0.4444444444444444,0.35,1.8632395267486572
1559,7474,-1.7391321307513863e-06,-0.07596930861473083,-2.5860033929347992e-05,7,4,0.5714285714285714,1.0,1.2961676120758057
1560,10440,-1.7454269709560322e-06,-0.05377640947699547,-2.5990608264692128e-05,5,1,0.2,0.875,2.8215572834014893
1561,5998,-1.7679727761787944e-06,-0.06282330304384232,8.491357220918871e-06,4,2,0.5,0.225,0.4248863160610199
1562,12331,-1.836059141169244e-06,-0.1561286896467209,-1.665948730078526e-05,5,1,0.2,0.275,0.22267603874206543
1563,6232,-1.8519298237151816e-06,-0.2607439160346985,-2.460574614815414e-05,5,0,0.0,0.2,0.2781127989292145
1564,15627,-1.8573045963421464e-06,-0.0016466722590848804,-0.0009080648305825889,25,14,0.56,4.775,2.863065719604492
1565,13848,-1.9118133423035033e-06,-0.08121941983699799,-1.5341851394623518e-05,6,3,0.5,0.8,0.7154554128646851
1566,5421,-1.9304620764160063e-06,-0.013286189176142216,-4.80793351016473e-05,12,7,0.5833333333333334,2.325,2.1263914108276367
1567,2207,-1.9447047634457704e-06,-0.05634258687496185,1.0515684152778704e-05,6,2,0.3333333333333333,0.375,0.9657459259033203
1568,7509,-2.0019087969558313e-06,-0.08107241988182068,-3.597899922169745e-05,6,3,0.5,0.775,0.5847243070602417
1569,13695,-2.019834482780425e-06,-0.009252594783902168,-1.9421711840550415e-05,12,9,0.75,0.625,0.8772940635681152
1570,15243,-2.0227003005857114e-06,-0.00817699171602726,-0.00013190615572966635,20,10,0.5,2.45,2.4990432262420654
1571,8910,-2.0404963834153023e-06,-0.13479083776474,-1.1277681551291607e-05,4,1,0.25,3.05,0.3751206398010254
1572,3719,-2.0500010577961802e-06,-0.006578634027391672,-5.1948707550764084e-05,11,5,0.45454545454545453,1.85,3.456942319869995
1573,11379,-2.068424464596319e-06,-0.03434988856315613,2.2595613700104877e-05,9,4,0.4444444444444444,3.125,1.59053373336792
1574,4205,-2.0779175429197494e-06,-0.13461340963840485,-1.7417176422895864e-05,4,3,0.75,0.425,0.40729475021362305
1575,4918,-2.110382865794236e-06,-0.17727531492710114,-1.828062886488624e-05,4,1,0.25,0.225,0.49018603563308716
1576,1283,-2.1322546217561467e-06,-0.022298073396086693,9.654740279074758e-05,8,4,0.5,1.325,0.582011342048645
1577,3451,-2.149065039702691e-06,-0.05532483011484146,1.4939083712306456e-06,4,2,0.5,0.175,0.8979452252388
1578,15364,-2.162010787287727e-06,-0.039106905460357666,-2.9277678549988195e-05,4,2,0.5,0.3,2.4635770320892334
1579,1301,-2.253517550343531e-06,-0.10598326474428177,-2.0294661226216704e-05,4,1,0.25,0.175,0.3028620183467865
1580,13637,-2.2893348159414018e-06,-0.05919460207223892,2.9944954803795554e-05,8,5,0.625,0.9,0.9027723073959351
1581,4503,-2.3409825189446565e-06,-0.16072696447372437,-2.1136331270099618e-05,6,3,0.5,0.675,0.46357011795043945
1582,4192,-2.3627676455362234e-06,-0.010966775007545948,-0.00017215234402101487,6,3,0.5,0.425,1.7753556966781616
1583,711,-2.3762181626807433e-06,-0.11090301722288132,-1.5591485862387344e-05,5,2,0.4,1.15,0.3877781927585602
1584,14264,-2.383448645559838e-06,-0.12628483772277832,-2.7560879971133545e-05,5,2,0.4,0.125,0.4382421374320984
1585,9046,-2.5456538423895836e-06,-0.061508260667324066,2.031052099482622e-05,8,6,0.75,0.75,1.0164501667022705
1586,15092,-2.5836052373051643e-06,-0.13003872334957123,-3.583853322197683e-05,4,1,0.25,0.15,1.318772554397583
1587,6063,-2.611667241581017e-06,-0.009791776537895203,-0.00017564646259415895,12,4,0.3333333333333333,3.925,1.4765150547027588
1588,13133,-2.616197889437899e-06,-0.223225936293602,-1.825059371185489e-05,5,1,0.2,0.225,0.22297239303588867
1589,6400,-2.6524896838964196e-06,-0.2488502711057663,-2.1354155251174234e-05,7,2,0.2857142857142857,0.325,0.5895679593086243
1590,11586,-2.7627415875031147e-06,-0.15895292162895203,-2.236199361504987e-05,8,3,0.375,0.6,0.49331483244895935
1591,11744,-2.766494844763656e-06,-0.02184171974658966,4.0645689296070486e-05,7,4,0.5714285714285714,0.55,3.1717774868011475
1592,6519,-2.789816335280193e-06,-0.22216498851776123,-2.8756214305758476e-05,5,1,0.2,0.25,0.5253300666809082
1593,13883,-2.797223487505107e-06,-0.056524816900491714,-5.4993335652397946e-05,8,4,0.5,0.575,0.5886953473091125
1594,2950,-2.802935114232241e-06,-0.07621283084154129,-1.2727039575111121e-05,6,2,0.3333333333333333,0.325,0.6005431413650513
1595,13148,-2.804569476211327e-06,-0.1017763689160347,-3.993534846813418e-05,7,2,0.2857142857142857,0.35,0.48931384086608887
1596,3050,-2.8083263714506757e-06,-0.12773875892162323,-3.6281701341067674e-06,4,3,0.75,0.25,0.3699887692928314
1597,460,-2.834854740285664e-06,-0.04144313186407089,-0.00013881540508009493,10,6,0.6,1.15,1.245025396347046
1598,13665,-2.8480230866989587e-06,-0.18855684995651245,-3.117688902420923e-05,8,3,0.375,1.2,1.8800407648086548
1599,773,-2.853928890544921e-06,-0.10103404521942139,-1.2439797501428984e-05,6,4,0.6666666666666666,0.5,0.5011579990386963
1600,15224,-2.8960544113942888e-06,-0.08001553267240524,-8.334606718563009e-06,4,3,0.75,0.8,0.37671658396720886
1601,9583,-3.0131436687952373e-06,-0.2263956069946289,-2.2264073777478188e-05,7,2,0.2857142857142857,0.35,0.60160893201828
1602,9375,-3.0409894407057436e-06,-0.022186804562807083,-0.00026425134274177253,11,7,0.6363636363636364,1.35,0.7839034199714661
1603,5552,-3.2329560326616047e-06,-0.07412216067314148,-5.511211202247068e-05,4,1,0.25,0.175,1.7058229446411133
1604,1698,-3.526121872710064e-06,-0.020758114755153656,-5.692358172382228e-05,18,11,0.6111111111111112,3.8,1.8444980382919312
1605,2310,-3.5541186207410647e-06,-0.018280548974871635,0.00011862019164254889,12,6,0.5,0.925,1.3949682712554932
1606,8545,-3.5735320125240833e-06,-0.056151460856199265,-8.469430758850649e-05,6,1,0.16666666666666666,0.575,0.8097360730171204
1607,7416,-3.602631750254659e-06,-0.039974410086870193,-4.713528687716462e-05,9,4,0.4444444444444444,0.6,0.7603529095649719
1608,3676,-3.6054159409104614e-06,-0.026289837434887886,-7.368189835688099e-05,12,5,0.4166666666666667,1.95,2.058323383331299
1609,15442,-3.6433586956263753e-06,-0.17214083671569824,-3.332396590849385e-05,4,0,0.0,1.1,0.33106258511543274
1610,8254,-3.780537326747435e-06,-0.13723798096179962,-3.233034658478573e-05,7,4,0.5714285714285714,0.35,0.789761483669281
1611,1666,-3.898248451150721e-06,-0.08496911823749542,-7.41120456950739e-05,6,3,0.5,2.725,0.4663631021976471
1612,13270,-3.942250714317197e-06,-0.12536095082759857,-6.428519554901868e-05,4,3,0.75,0.225,1.0150249004364014
1613,6281,-3.952771749027306e-06,-0.06716842949390411,-6.631021096836776e-05,4,2,0.5,0.1,1.109034776687622
1614,3917,-3.959209607273806e-06,-0.0375233069062233,4.659835212805774e-06,5,1,0.2,0.8,0.7139695882797241
1615,2405,-3.9617466427444015e-06,-0.0785464197397232,-5.1954422815470025e-05,4,1,0.25,0.4,1.7040554285049438
1616,8009,-3.989325250586262e-06,-0.16519518196582794,-4.5719705667579547e-05,6,3,0.5,1.075,1.7651517391204834
1617,15105,-3.994803591922391e-06,-0.03390815854072571,6.722856778651476e-05,9,4,0.4444444444444444,1.525,0.9074169397354126
1618,14116,-4.067556801601313e-06,-0.1777181625366211,-4.634907963918522e-05,4,1,0.25,0.1,0.1407364457845688
1619,5968,-4.072624960826943e-06,-0.1563383936882019,-7.040439959382638e-05,4,1,0.25,0.125,0.2316240817308426
1620,1744,-4.088425157533493e-06,-0.07063142210245132,-7.7618591603823e-05,7,4,0.5714285714285714,0.85,2.1422667503356934
1621,4272,-4.132001777179539e-06,-0.12824520468711853,-2.1572330297203735e-05,6,4,0.6666666666666666,0.15,0.21775969862937927
1622,9060,-4.144515060033882e-06,-0.1222611591219902,-5.897113442188129e-05,5,3,0.6,0.35,0.420244038105011
1623,4745,-4.145763341512065e-06,-0.09277324378490448,-1.90595837921137e-05,9,5,0.5555555555555556,3.125,1.3943777084350586
1624,12081,-4.183146756986389e-06,-0.20185500383377075,-3.984410432167351e-05,4,0,0.0,0.1,0.22274069488048553
1625,121,-4.215377430227818e-06,-0.0237564817070961,-5.804851389257237e-05,14,6,0.42857142857142855,0.75,1.6813621520996094
1626,496,-4.278331289242487e-06,-0.12092747539281845,-7.625672878930345e-05,9,3,0.3333333333333333,1.8,0.6428173184394836
1627,594,-4.3215241021243855e-06,-0.12410712987184525,-6.755081267328933e-05,7,3,0.42857142857142855,1.425,2.5188095569610596
1628,8407,-4.351149073045235e-06,-0.0769679844379425,-5.0999620725633577e-05,6,3,0.5,1.35,1.097926378250122
1629,11218,-4.421063749759924e-06,-0.14921562373638153,-2.1885110982111655e-05,11,4,0.36363636363636365,0.85,0.6493298411369324
1630,14488,-4.437905772647355e-06,-0.21296222507953644,-6.350254989229143e-05,4,1,0.25,0.275,1.5125409364700317
1631,2935,-4.493178494158201e-06,-0.16556185483932495,-1.785520726116374e-05,9,1,0.1111111111111111,1.75,0.8408578634262085
1632,15534,-4.5035180846753065e-06,-0.23842372000217438,-7.490764983231202e-05,4,0,0.0,0.85,0.4274819791316986
1633,13662,-4.554091901809443e-06,-0.01799600012600422,0.00032191607169806957,15,10,0.6666666666666666,2.025,2.159857988357544
1634,9934,-4.5704910007771105e-06,-0.2927645146846771,-4.4233711378183216e-05,6,0,0.0,0.725,0.7155119776725769
1635,6809,-4.593235644279048e-06,-0.07712291181087494,-4.3350188207114115e-05,5,2,0.4,0.35,0.5767161250114441
1636,8491,-4.677125616581179e-06,-0.10039031505584717,-1.153903122030897e-05,4,2,0.5,0.225,0.7465610504150391
1637,5497,-4.682477083406411e-06,-0.1999286264181137,-3.129664037260227e-05,10,3,0.3,0.5,0.7661738991737366
1638,6920,-4.685542990046088e-06,-0.012669160030782223,-0.0006408175686374307,14,8,0.5714285714285714,2.05,3.3659539222717285
1639,2646,-4.735508355224738e-06,-0.18074029684066772,-3.7085916119394824e-05,4,1,0.25,0.175,0.16201038658618927
1640,12246,-4.9093368943431415e-06,-0.2324703484773636,-5.5419153795810416e-05,5,1,0.2,0.3,1.2138198614120483
1641,3090,-4.94590221933322e-06,-0.006356664467602968,0.0007191395270638168,8,5,0.625,1.325,2.759265184402466
1642,15473,-5.04686886415584e-06,-0.13536159694194794,-9.756067447597161e-05,5,1,0.2,0.775,0.6372372508049011
1643,9875,-5.052502274338622e-06,-0.021290499716997147,0.00011944681318709627,9,3,0.3333333333333333,2.275,3.122147798538208
1644,2722,-5.101947863295209e-06,-0.14052745699882507,-9.500467058387585e-06,8,3,0.375,0.55,0.9344526529312134
1645,46,-5.2477339522738475e-06,-0.0942443385720253,-6.249669240787625e-05,5,2,0.4,0.125,0.2817925810813904
1646,5536,-5.256916665530298e-06,-0.06415356695652008,-1.296554364671465e-05,9,3,0.3333333333333333,1.225,1.4428553581237793
1647,10886,-5.27859174326295e-06,-0.015030128881335258,0.0002291721320943907,8,3,0.375,0.5,1.3244922161102295
1648,9430,-5.284266990202013e-06,-0.10285550355911255,-0.000123422039905563,5,2,0.4,1.6,1.6307651996612549
1649,784,-5.348089871404227e-06,-0.03048003278672695,-0.00012343509297352284,12,8,0.6666666666666666,1.625,1.0801146030426025
1650,13369,-5.353080723580206e-06,-0.2059994488954544,-5.546000465983525e-05,5,3,0.6,0.575,0.6459938883781433
1651,3330,-5.3659432524000295e-06,-0.015693260356783867,-7.918081973912194e-05,5,2,0.4,0.35,2.775786876678467
1652,8203,-5.427765700005693e-06,-0.06463734060525894,-5.926392532273894e-06,9,5,0.5555555555555556,0.525,0.7023493051528931
1653,11386,-5.573102953349007e-06,-0.08694285899400711,-5.9503723605303094e-05,4,3,0.75,0.25,0.267572820186615
1654,15960,-5.614422661892604e-06,-0.029320446774363518,-1.9044176951865666e-05,14,10,0.7142857142857143,1.725,2.02254056930542
1655,1259,-5.724817128793802e-06,-0.2561187446117401,-7.365048804786056e-05,6,1,0.16666666666666666,0.6,0.42207375168800354
1656,5207,-5.7373363233637065e-06,-0.04499993845820427,4.484166765905684e-06,12,7,0.5833333333333334,1.225,1.4271454811096191
1657,5588,-5.806707576994086e-06,-0.1672602742910385,-2.4611033950350247e-05,4,2,0.5,0.475,0.287112295627594
1658,6339,-5.857734777237056e-06,-0.08919908851385117,1.7388341802870855e-05,9,6,0.6666666666666666,0.475,0.5423629879951477
1659,14931,-5.869957021786831e-06,-0.1704922914505005,-5.108556797495112e-05,5,2,0.4,0.275,1.1845042705535889
1660,13124,-5.8711616475193296e-06,-0.1966381072998047,-6.249940634006634e-05,6,2,0.3333333333333333,0.925,1.1882133483886719
1661,15648,-5.90548597756424e-06,-0.023400045931339264,2.861157918232493e-05,6,3,0.5,1.125,1.066780924797058
1662,15998,-6.0302772908471525e-06,-0.2834206521511078,-4.935315882903524e-05,5,0,0.0,0.475,0.5111407041549683
1663,7153,-6.10839424552978e-06,-0.09677641093730927,-5.8103476476389915e-05,8,6,0.75,0.3,0.6370922923088074
1664,13400,-6.153994945634622e-06,-0.030876340344548225,8.315971354022622e-05,11,6,0.5454545454545454,1.425,0.6552664041519165
1665,3349,-6.252937509998446e-06,-0.12153862416744232,-8.592971425969154e-05,9,4,0.4444444444444444,3.975,0.6685798168182373
1666,1832,-6.256542746996274e-06,-0.19796870648860931,-0.0001261859288206324,9,3,0.3333333333333333,1.675,1.2889628410339355
1667,12475,-6.259590008994564e-06,-0.16989445686340332,-3.7136102037038654e-05,8,4,0.5,0.625,0.9108952283859253
1668,131,-6.396808203135151e-06,-0.06450893729925156,1.227943448611768e-05,6,3,0.5,0.775,0.8792972564697266
1669,8587,-6.401502560038352e-06,-0.007544845808297396,0.00021078900317661464,25,8,0.32,4.75,1.6650822162628174
1670,12504,-6.419833425752586e-06,-0.11583436280488968,-4.775646448251791e-05,6,3,0.5,0.55,3.407424211502075
1671,12035,-6.509827471745666e-06,-0.08077765256166458,-0.00015376729425042868,8,3,0.375,0.575,0.9000170826911926
1672,2734,-6.643989763688296e-06,-0.1993846893310547,-0.00012072734534740448,8,4,0.5,0.6,0.48529282212257385
1673,7588,-6.783083335903939e-06,-0.14248599112033844,-0.00011162958981003612,6,2,0.3333333333333333,0.4,1.3267767429351807
1674,2109,-6.795820809202269e-06,-0.025606919080018997,-6.201448559295386e-05,8,3,0.375,1.05,1.90839421749115
1675,13550,-6.8624381128756795e-06,-0.09697479754686356,-7.555379124823958e-05,5,4,0.8,0.275,0.9627206921577454
1676,4688,-6.863440830784384e-06,-0.061566755175590515,-5.188968498259783e-05,17,9,0.5294117647058824,7.825,1.956404685974121
1677,13480,-7.062156328174751e-06,-0.16962559521198273,-6.146335363155231e-05,4,1,0.25,3.0,0.7703553438186646
1678,10369,-7.06998889654642e-06,-0.21922461688518524,-0.0001224465959239751,7,3,0.42857142857142855,0.725,0.4912867546081543
1679,8558,-7.082112460921053e-06,-0.08030035346746445,-1.3159095942683052e-05,4,2,0.5,0.4,0.38291221857070923
1680,15410,-7.0869164119358175e-06,-0.07619840651750565,7.026696403045207e-05,12,6,0.5,0.575,0.7615488767623901
1681,2185,-7.106048542482313e-06,-0.0678742304444313,-0.00020882580429315567,10,6,0.6,3.25,1.0961759090423584
1682,11183,-7.131390248105163e-06,-0.1241559237241745,-4.8739657358964905e-05,5,3,0.6,0.85,0.41883784532546997
1683,10644,-7.133910003176425e-06,-0.26392245292663574,-6.616020255023614e-05,6,1,0.16666666666666666,0.425,0.507723331451416
1684,8324,-7.145552899601171e-06,-0.13843309879302979,-0.00015656175673939288,10,4,0.4,1.175,0.6179415583610535
1685,6722,-7.21581682228134e-06,-0.12669451534748077,-4.705605533672497e-05,6,1,0.16666666666666666,0.2,0.3397451937198639
1686,10877,-7.313534297281876e-06,-0.2705534100532532,-6.831948121543974e-05,5,1,0.2,0.15,0.339629590511322
1687,13000,-7.3302712735312525e-06,-0.1405535787343979,-5.35182080056984e-05,5,2,0.4,0.225,0.6159268617630005
1688,2417,-7.333738722081762e-06,-0.044725216925144196,7.297844604181591e-06,10,3,0.3,3.675,2.4923336505889893
1689,8755,-7.41193298381404e-06,-0.018329212442040443,-0.0007574377814307809,6,3,0.5,1.45,1.103690266609192
1690,13581,-7.531652954639867e-06,-0.16838696599006653,-5.0757575081661344e-05,11,4,0.36363636363636365,0.5,0.952235996723175
1691,11109,-7.533885309385369e-06,-0.18311353027820587,-0.00013929717533756047,4,1,0.25,0.2,0.33801740407943726
1692,3681,-7.5586308412312064e-06,-0.19793541729450226,-5.375851833377965e-05,6,3,0.5,0.55,2.259761095046997
1693,1537,-7.589143933728337e-06,-0.11916235089302063,-0.00012753040937241167,7,2,0.2857142857142857,0.45,1.0593204498291016
1694,10773,-7.686502613069024e-06,-0.12485530972480774,-2.6605732273310423e-05,4,3,0.75,0.25,0.4984028935432434
1695,11269,-7.71297618484823e-06,-0.06879785656929016,-0.00012094093108316883,5,2,0.4,0.525,1.4962736368179321
1696,7084,-7.840399121050723e-06,-0.04827577993273735,-0.00011360833013895899,17,7,0.4117647058823529,2.75,2.23455810546875
1697,11525,-7.901866410975344e-06,-0.1524181365966797,-4.109591100132093e-05,6,3,0.5,0.325,1.0340259075164795
1698,11503,-7.90424928709399e-06,-0.15030352771282196,-0.00010556388588156551,6,3,0.5,0.175,0.3561636209487915
1699,5105,-7.917446055216715e-06,-0.017949627712368965,-0.00014268860104493797,13,9,0.6923076923076923,4.775,1.1099183559417725
1700,6390,-8.021453140827361e-06,-0.13449521362781525,5.680884441972012e-06,6,2,0.3333333333333333,0.525,0.5864458680152893
1701,6846,-8.05930631031515e-06,-0.16105197370052338,-0.00010871367703657597,4,1,0.25,0.275,0.9866980314254761
1702,10254,-8.387823982047848e-06,-0.0951610803604126,-3.39788239216432e-05,5,2,0.4,0.4,0.4938046336174011
1703,942,-8.409064321313053e-06,-0.017510320991277695,-0.0001182513078674674,17,11,0.6470588235294118,2.0,1.3169403076171875
1704,6222,-8.492444976582192e-06,-0.018488826230168343,0.00014356427709572017,6,4,0.6666666666666666,0.9,1.0403428077697754
1705,2938,-8.63876903167693e-06,-0.038196783512830734,0.0001745900954119861,8,4,0.5,1.075,1.2322022914886475
1706,14225,-8.661132596898824e-06,-0.013508998788893223,-0.0006773758796043694,20,8,0.4,5.625,3.719428300857544
1707,8035,-8.674162017996423e-06,-0.07614273577928543,-0.00014900910900905728,10,5,0.5,1.4,1.0488932132720947
1708,11959,-8.758206604397856e-06,-0.04651236906647682,-0.0003713585319928825,8,5,0.625,0.3,1.3237833976745605
1709,4959,-8.836725100991316e-06,-0.21713058650493622,-0.0001255499228136614,4,0,0.0,0.125,0.2404368817806244
1710,11362,-8.845959200698417e-06,-0.1839609593153,-6.584035145351663e-05,6,2,0.3333333333333333,0.725,0.41087284684181213
1711,4739,-8.894738130038604e-06,-0.1964438259601593,-7.867701060604304e-05,6,2,0.3333333333333333,0.325,0.33458200097084045
1712,6268,-8.912450539355632e-06,-0.28373846411705017,-8.221741882152855e-05,7,2,0.2857142857142857,0.55,0.39567676186561584
1713,9531,-8.943041393649764e-06,-0.14253979921340942,-2.0748670067405328e-05,7,4,0.5714285714285714,0.525,1.5543019771575928
1714,13684,-8.975065611593891e-06,-0.13592787086963654,-8.76880221767351e-05,9,2,0.2222222222222222,0.6,0.7317309379577637
1715,13985,-8.998669727589004e-06,-0.15680749714374542,-2.1982215912430547e-05,7,3,0.42857142857142855,0.275,0.5550054311752319
1716,3511,-9.013781891553663e-06,-0.08176770806312561,-0.00013410810788627714,7,4,0.5714285714285714,0.275,0.6314338445663452
1717,5611,-9.263339052267838e-06,-0.19355995953083038,-4.546965647023171e-05,15,6,0.4,3.85,1.415258526802063
1718,4051,-9.281559869123157e-06,-0.08308548480272293,1.3812847100780345e-05,4,2,0.5,0.35,1.920427918434143
1719,4164,-9.308115295425523e-06,-0.16510464251041412,-0.00011954136425629258,4,1,0.25,0.375,0.3125033974647522
1720,14400,-9.36810829443857e-06,-0.1835571825504303,-5.34927639819216e-05,6,3,0.5,0.325,0.5130846500396729
1721,1113,-9.422075891052373e-06,-0.12213390320539474,-0.00021634696167893708,10,5,0.5,0.575,0.9833396673202515
1722,5759,-9.47584067034768e-06,-0.0809924304485321,-3.7993304431438446e-06,5,2,0.4,0.475,0.9671609997749329
1723,6524,-9.5151972345775e-06,-0.14438976347446442,-4.738079951494001e-05,8,4,0.5,1.375,1.2452068328857422
1724,7000,-9.637336916057393e-06,-0.009809856303036213,7.624689169460908e-05,22,11,0.5,2.125,2.211681842803955
1725,12643,-9.744497219799086e-06,-0.08661691099405289,-0.00010965004184981808,6,1,0.16666666666666666,0.325,0.4100549817085266
1726,6990,-9.799367035157047e-06,-0.14184258878231049,-3.500048478599638e-05,7,4,0.5714285714285714,0.225,0.5125247240066528
1727,9456,-9.804782166611403e-06,-0.10877609997987747,-4.415307193994522e-05,7,5,0.7142857142857143,3.25,1.101373314857483
1728,12160,-9.95725167740602e-06,-0.04054494574666023,0.00012564634380396456,11,5,0.45454545454545453,1.675,2.2647013664245605
1729,10473,-9.979933565773536e-06,-0.08545389026403427,-0.00031212184694595635,11,6,0.5454545454545454,2.675,1.7657310962677002
1730,5783,-1.0080891115649138e-05,-0.13362835347652435,-0.00019120653450954705,11,5,0.45454545454545453,2.2,3.509188175201416
1731,5701,-1.0148133696930017e-05,-0.07843215018510818,-0.00014778232434764504,19,11,0.5789473684210527,2.775,2.232666492462158
1732,10572,-1.0167883374379016e-05,-0.20805123448371887,-8.72780365170911e-05,4,1,0.25,0.225,0.3009737432003021
1733,16213,-1.0345183909521438e-05,-0.15862344205379486,-0.00012026457989122719,4,2,0.5,0.275,0.3427588641643524
1734,7941,-1.0352768185839523e-05,-0.04215534031391144,0.00013142339594196528,16,8,0.5,2.85,2.7915642261505127
1735,12390,-1.0376532372902147e-05,-0.1885596066713333,-0.00013053625298198313,5,2,0.4,0.45,1.8825080394744873
1736,4857,-1.0425870641483925e-05,-0.07227063924074173,-8.445560524705797e-05,15,8,0.5333333333333333,1.575,2.892984390258789
1737,12075,-1.0482113793841563e-05,-0.23937773704528809,-0.0001098777647712268,10,4,0.4,0.675,0.6800185441970825
1738,386,-1.0936239050352015e-05,-0.1761494278907776,-0.00023934015189297497,6,3,0.5,0.25,0.8060483932495117
1739,12512,-1.0936802937067114e-05,-0.08942054957151413,-4.074289608979598e-05,14,7,0.5,2.725,2.635082483291626
1740,11935,-1.0960986401187256e-05,-0.0660216361284256,-0.0002217345463577658,11,3,0.2727272727272727,1.975,0.6485157012939453
1741,9007,-1.1113948858110234e-05,-0.20127229392528534,-6.060293526388705e-05,4,1,0.25,0.15,0.45834317803382874
1742,5038,-1.1137365618196782e-05,-0.07471724599599838,-0.0001500699872849509,5,3,0.6,0.4,1.0149290561676025
1743,6239,-1.1140491551486775e-05,-0.11969270557165146,-0.00013742181181441993,15,5,0.3333333333333333,1.425,1.1017913818359375
1744,12926,-1.118242562370142e-05,-0.23311133682727814,-0.00015712967433501035,4,1,0.25,0.2,0.3314118981361389
1745,5029,-1.1229132724110968e-05,-0.024629740044474602,-0.0005833433824591339,11,5,0.45454545454545453,1.4,2.5744521617889404
1746,6665,-1.1278125384706073e-05,-0.12864910066127777,-3.279709198977798e-05,6,2,0.3333333333333333,0.4,0.6936074495315552
1747,15716,-1.137301205744734e-05,-0.3103538751602173,-0.00015911889204289764,7,1,0.14285714285714285,0.275,0.6158296465873718
1748,3540,-1.1376453585398849e-05,-0.03436088189482689,-0.0005328371771611273,7,4,0.5714285714285714,2.3,0.5812805891036987
1749,7573,-1.1433117833803408e-05,-0.0782865434885025,8.938224345911294e-05,6,4,0.6666666666666666,0.875,1.2337220907211304
1750,374,-1.148577757703606e-05,-0.05419563129544258,2.783967829600442e-06,10,8,0.8,1.825,1.7847011089324951
1751,16156,-1.1623003047134262e-05,-0.28600454330444336,-0.00010249674960505217,7,1,0.14285714285714285,0.6,0.44203248620033264
1752,8022,-1.163891556643648e-05,-0.1753731071949005,-0.0001324220938840881,6,2,0.3333333333333333,1.7,0.5645791292190552
1753,10880,-1.1667958460748196e-05,-0.23800794780254364,-0.00012765833525918424,4,1,0.25,0.475,0.3190948963165283
1754,6039,-1.1686671314237174e-05,-0.19084425270557404,-0.00022364465985447168,4,1,0.25,0.55,0.49145740270614624
1755,8594,-1.1693401575030293e-05,-0.06932204216718674,-7.482348883058876e-05,14,6,0.42857142857142855,0.75,1.5626282691955566
1756,3739,-1.1709722457453609e-05,-0.009152166545391083,0.0005540366983041167,16,8,0.5,3.625,1.9216430187225342
1757,10357,-1.1782814908656292e-05,-0.26128992438316345,-8.675035496708006e-05,11,2,0.18181818181818182,0.625,0.8187912106513977
1758,4822,-1.1846425877592992e-05,-0.15043596923351288,-8.051192708080634e-05,12,6,0.5,0.4,1.3214982748031616
1759,10581,-1.2067873285559472e-05,-0.1315743774175644,-5.994837192702107e-05,5,2,0.4,0.55,1.68392014503479
1760,15837,-1.2087120921933092e-05,-0.20793311297893524,-7.547374116256833e-05,9,4,0.4444444444444444,0.95,1.6107972860336304
1761,6389,-1.2098809747840278e-05,-0.07854490727186203,-7.993045437615365e-05,13,4,0.3076923076923077,2.675,1.9917844533920288
1762,10103,-1.2127895388402976e-05,-0.20891840755939484,-0.0001281108270632103,7,1,0.14285714285714285,0.8,3.565504789352417
1763,13103,-1.2333890481386334e-05,-0.16053427755832672,-0.00010085998655995354,6,2,0.3333333333333333,1.925,0.513889729976654
1764,716,-1.2346705261734314e-05,-0.046783000230789185,-0.0006288384902291,20,10,0.5,2.825,2.973799467086792
1765,2234,-1.2422713552950881e-05,-0.16904395818710327,-9.042791498359293e-05,8,3,0.375,2.225,0.6932898759841919
1766,16126,-1.2547958249342628e-05,-0.12331893295049667,-8.718900062376633e-05,7,3,0.42857142857142855,1.225,0.791694700717926
1767,7982,-1.2592980056069791e-05,-0.25576189160346985,-7.093405292835087e-05,8,1,0.125,0.45,0.8511141538619995
1768,10726,-1.2597304703376722e-05,-0.10193338245153427,1.4771509086131118e-05,7,6,0.8571428571428571,0.45,0.6933081150054932
1769,10096,-1.2635519851755816e-05,-0.02014746516942978,0.0005480998079292476,15,9,0.6,2.1,1.5721670389175415
1770,3713,-1.2747934306389652e-05,-0.03887219727039337,-0.0002571081859059632,7,6,0.8571428571428571,0.45,1.032339096069336
1771,8028,-1.2833492291974835e-05,-0.045571938157081604,-5.9222180425422266e-05,14,7,0.5,0.75,3.4498627185821533
1772,3867,-1.2952217730344273e-05,-0.03520641848444939,-0.0003677701170090586,13,7,0.5384615384615384,0.775,2.927198886871338
1773,7933,-1.2981457985006273e-05,-0.2682556211948395,-0.00012356792285572737,5,1,0.2,0.45,1.0776962041854858
1774,3851,-1.3190035133447964e-05,-0.07798085361719131,-0.0003771164920181036,11,8,0.7272727272727273,2.65,0.7812002301216125
1775,801,-1.3311281691130716e-05,-0.12972307205200195,-0.00013204172137193382,10,4,0.4,0.7,1.5559271574020386
1776,4207,-1.3343489627004601e-05,-0.14556872844696045,-3.567191379261203e-05,5,2,0.4,0.625,1.0335174798965454
1777,15367,-1.3345581464818679e-05,-0.038934748619794846,-0.00023203404271043837,20,10,0.5,3.75,3.0260016918182373
1778,7123,-1.3374841728364117e-05,-0.18564914166927338,-7.515802280977368e-05,4,1,0.25,0.2,0.8675654530525208
1779,1182,-1.3497467080014758e-05,-0.24877868592739105,-7.224317960208282e-05,6,0,0.0,0.85,0.7429409027099609
1780,3312,-1.3777922504232265e-05,-0.16862693428993225,-5.3058716730447486e-05,6,2,0.3333333333333333,0.35,0.8210042119026184
1781,15033,-1.409151627740357e-05,-0.048211053013801575,8.082437852863222e-05,5,4,0.8,0.175,0.3140415549278259
1782,12601,-1.4204616491042543e-05,-0.050907332450151443,-6.86153071001172e-05,16,7,0.4375,2.925,2.691521167755127
1783,705,-1.4211020243237726e-05,-0.15643563866615295,-0.00015743188851047307,8,3,0.375,0.65,1.6234371662139893
1784,6808,-1.4407274647965096e-05,-0.05721203237771988,-0.0003006179176736623,6,4,0.6666666666666666,0.3,1.612249732017517
1785,4408,-1.4494798961095512e-05,-0.08970551192760468,2.856519495253451e-05,16,6,0.375,2.225,1.5363558530807495
1786,14242,-1.464383694838034e-05,-0.26019883155822754,-0.00015468357014469802,7,1,0.14285714285714285,0.575,0.575576901435852
1787,4148,-1.4688283954455983e-05,-0.07314030826091766,-0.00010186693543801084,26,14,0.5384615384615384,3.25,3.0862629413604736
1788,5371,-1.4702619409945328e-05,-0.08519233018159866,0.00010760498844319955,9,3,0.3333333333333333,1.05,1.825282335281372
1789,6354,-1.4827017366769724e-05,-0.17737354338169098,-5.868808875675313e-05,6,2,0.3333333333333333,0.7,0.32902640104293823
1790,6933,-1.5290668670786545e-05,-0.07102546840906143,-0.00011585232277866453,22,10,0.45454545454545453,2.9,3.006340503692627
1791,1810,-1.5301722669391893e-05,-0.10912203043699265,-0.00013088915147818625,4,2,0.5,0.3,1.144339919090271
1792,7619,-1.5304813132388517e-05,-0.2468474805355072,-9.355243673780933e-05,4,0,0.0,0.525,0.34892454743385315
1793,13711,-1.533180329715833e-05,-0.1400226652622223,-0.0003196663164999336,8,3,0.375,1.025,0.7903209924697876
1794,1127,-1.5438608897966333e-05,-0.18384578824043274,-0.0001423130015609786,6,1,0.16666666666666666,0.975,0.8264659643173218
1795,5800,-1.5535730199189857e-05,-0.22027835249900818,-0.00018472637748345733,7,1,0.14285714285714285,0.825,1.2902193069458008
1796,3315,-1.5578028978779912e-05,-0.007495887111872435,0.0010114072356373072,14,3,0.21428571428571427,4.025,2.202369213104248
1797,4725,-1.5594723663525656e-05,-0.11037086695432663,-0.00020249630324542522,10,6,0.6,1.1,1.7079318761825562
1798,11561,-1.5673784218961373e-05,-0.2263443022966385,-0.00023415130272042006,10,3,0.3,1.025,2.6783108711242676
1799,10621,-1.580666685185861e-05,-0.30519840121269226,-0.00018937571439892054,6,1,0.16666666666666666,1.025,0.4538215696811676
1800,10853,-1.586219332239125e-05,-0.2530769407749176,-0.00017777150787878782,10,4,0.4,1.175,1.7989890575408936
1801,7167,-1.599925963091664e-05,-0.07387375831604004,-0.00025279889814555645,16,6,0.375,0.625,1.5879948139190674
1802,9280,-1.619436443434097e-05,-0.16048046946525574,-0.00013404650962911546,10,6,0.6,1.65,0.9677373766899109
1803,2228,-1.6201067410293035e-05,-0.03214305266737938,-4.0025995986070484e-05,19,6,0.3157894736842105,1.525,1.0606764554977417
1804,13298,-1.625466757104732e-05,-0.029447047039866447,0.00035827577812597156,15,9,0.6,2.15,0.8605765104293823
1805,8610,-1.633327701711096e-05,-0.020114149898290634,-5.710972618544474e-05,7,4,0.5714285714285714,0.9,1.3341155052185059
1806,15803,-1.6370229786843993e-05,-0.12349154055118561,-0.00035409920383244753,7,4,0.5714285714285714,1.05,0.861592173576355
1807,9723,-1.644821350055281e-05,-0.06272755563259125,-5.793858235847438e-06,6,4,0.6666666666666666,0.7,1.3241527080535889
1808,14586,-1.6546207916690037e-05,-0.16722320020198822,-0.00021430442575365305,5,1,0.2,0.425,1.2601665258407593
1809,5596,-1.6680485714459792e-05,-0.13894984126091003,-0.00020240239973645657,8,3,0.375,1.55,0.6176484227180481
1810,8797,-1.6781510566943325e-05,-0.05886363238096237,-0.0004106560372747481,5,2,0.4,0.85,1.8138904571533203
1811,11866,-1.6843843695824035e-05,-0.160116508603096,-0.00019660317047964782,11,4,0.36363636363636365,0.475,1.0989551544189453
1812,14678,-1.6862646589288488e-05,-0.225707545876503,-0.00018289743456989527,5,0,0.0,0.3,1.5955113172531128
1813,2105,-1.687166513875127e-05,-0.19290795922279358,-0.0001837175223045051,9,4,0.4444444444444444,0.775,0.8653196096420288
1814,13194,-1.7191636288771406e-05,-0.13136328756809235,5.343649536371231e-05,5,2,0.4,1.5,0.5107691287994385
1815,14837,-1.743748362059705e-05,-0.1222563236951828,-9.115278226090595e-05,6,3,0.5,0.275,1.5306205749511719
1816,9065,-1.7528947864775546e-05,-0.06425125896930695,-6.91167497279821e-06,11,5,0.45454545454545453,2.4,1.4028756618499756
1817,15047,-1.7557191313244402e-05,-0.09403817355632782,-0.0003148493415210396,4,3,0.75,0.9,2.532445192337036
1818,12787,-1.7664293409325182e-05,-0.19619174301624298,-0.00013456278247758746,10,6,0.6,0.75,0.8058265447616577
1819,4248,-1.7798447515815496e-05,-0.16880449652671814,-0.00016169836453627795,9,4,0.4444444444444444,0.5,1.0699161291122437
1820,3044,-1.7871327145257965e-05,-0.03166390210390091,-0.000364603940397501,11,5,0.45454545454545453,0.675,1.5804975032806396
1821,1687,-1.8012713553616777e-05,-0.14684100449085236,-0.0002586246991995722,10,5,0.5,1.2,1.362841010093689
1822,6002,-1.8051559891318902e-05,-0.2893684208393097,-0.00022268990869633853,11,3,0.2727272727272727,2.675,2.244819402694702
1823,5957,-1.80628449015785e-05,-0.15451198816299438,-6.207594560692087e-05,4,3,0.75,0.125,0.2545629143714905
1824,15342,-1.808040360629093e-05,-0.2286423295736313,-0.00021344826382119209,11,3,0.2727272727272727,1.525,0.9019368886947632
1825,9237,-1.8251728761242703e-05,-0.26943209767341614,-0.00019781850278377533,6,1,0.16666666666666666,0.675,1.7391345500946045
1826,2607,-1.8311318854102865e-05,-0.138682022690773,-7.918687333585694e-05,4,1,0.25,0.275,0.4713056683540344
1827,8088,-1.844909093051683e-05,-0.2622924745082855,-0.00011327193351462483,7,2,0.2857142857142857,0.35,0.446481317281723
1828,13713,-1.8560396711109206e-05,-0.19445934891700745,-0.00016661276458762586,7,1,0.14285714285714285,0.775,1.4822475910186768
1829,6122,-1.8616110537550412e-05,-0.23228752613067627,-0.00011531391646713018,10,3,0.3,0.975,0.7149431109428406
1830,13855,-1.871806125564035e-05,-0.045907240360975266,-0.00013175145431887358,8,3,0.375,0.675,2.9602668285369873
1831,3009,-1.873385008366313e-05,-0.15570729970932007,-0.0003569756809156388,8,4,0.5,0.525,0.9087535738945007
1832,15528,-1.885511119326111e-05,-0.017158634960651398,0.00021757166541647166,10,4,0.4,2.45,2.2554993629455566
1833,4676,-1.8953240214614198e-05,-0.3175988793373108,-0.0001859721087384969,6,1,0.16666666666666666,1.925,2.1302783489227295
1834,1375,-1.8965503841172904e-05,-0.04357817396521568,0.00019303856242913753,16,10,0.625,1.075,2.501370668411255
1835,4506,-1.9032413547392935e-05,-0.15705454349517822,-8.226210775319487e-05,4,2,0.5,0.15,0.24494123458862305
1836,3203,-1.9083599909208715e-05,-0.35445141792297363,-0.00016105241957120597,11,4,0.36363636363636365,0.475,0.6358492970466614
1837,3847,-1.909763341245707e-05,-0.10943647474050522,-2.5510918931104243e-05,4,2,0.5,0.725,1.145211935043335
1838,14690,-1.9104943930869922e-05,-0.06359099596738815,-0.000420682888943702,7,2,0.2857142857142857,1.7,0.8069804310798645
1839,10753,-1.9234132196288556e-05,-0.042450953274965286,9.036605479195714e-05,12,9,0.75,3.3,1.3160765171051025
1840,12040,-1.9268949472461827e-05,-0.1647310107946396,-0.0001039238995872438,11,6,0.5454545454545454,0.45,2.1812918186187744
1841,13762,-1.927154153236188e-05,-0.15614700317382812,-0.00031711492920294404,8,4,0.5,0.4,0.5646591186523438
1842,6213,-1.92820680240402e-05,-0.24626006186008453,-0.0001375821593683213,10,6,0.6,0.425,1.481398344039917
1843,2254,-1.9330573195475154e-05,-0.13876323401927948,-0.00023533213243354112,13,6,0.46153846153846156,1.375,1.6321808099746704
1844,6149,-1.9405546481721103e-05,-0.1833619624376297,-0.0002175814879592508,7,3,0.42857142857142855,2.65,0.6712970733642578
1845,4502,-1.9604991393862292e-05,-0.08583113551139832,-0.00029106339206919074,15,8,0.5333333333333333,1.625,2.2093448638916016
1846,11963,-1.9716633687494323e-05,-0.12800529599189758,-0.00017187737103085965,4,2,0.5,0.175,0.7012258768081665
1847,6698,-1.9793407773249783e-05,-0.21294602751731873,-0.0001370878890156746,9,1,0.1111111111111111,0.575,0.870113730430603
1848,9710,-1.9852008335874416e-05,-0.06613452732563019,-0.00033978180726990104,12,3,0.25,3.525,2.991703748703003
1849,384,-1.9892229829565622e-05,-0.27367907762527466,-0.00017770103295333683,6,1,0.16666666666666666,0.5,0.5612298250198364
1850,10291,-2.005193891818635e-05,-0.2448473423719406,-0.00025832076789811254,6,1,0.16666666666666666,0.6,0.5741698145866394
1851,6290,-2.0075240172445774e-05,-0.2649023234844208,-0.0002135208051186055,7,2,0.2857142857142857,2.125,1.361437439918518
1852,12251,-2.0482524632825516e-05,-0.08215954154729843,-0.0005010503227822483,10,8,0.8,0.9,0.875735878944397
1853,3160,-2.0790370399481617e-05,-0.22749298810958862,-9.454294195165858e-05,6,2,0.3333333333333333,1.475,0.544966995716095
1854,9957,-2.089109693770297e-05,-0.1343730092048645,-0.0002193226682720706,13,4,0.3076923076923077,0.65,5.718925476074219
1855,5454,-2.091556234518066e-05,-0.06090151146054268,0.0002078907855320722,12,8,0.6666666666666666,1.825,1.0479753017425537
1856,4895,-2.0944888092344627e-05,-0.1974208801984787,-0.00013711577048525214,8,3,0.375,0.85,0.7899186015129089
1857,9219,-2.0964751456631348e-05,-0.12758076190948486,-6.390206544892862e-05,13,5,0.38461538461538464,1.7,1.2739824056625366
1858,7755,-2.101406062138267e-05,-0.09783978015184402,-6.856438267277554e-05,14,6,0.42857142857142855,1.575,1.5187265872955322
1859,11827,-2.1197305613895878e-05,-0.07106199115514755,-0.0003244003455620259,7,3,0.42857142857142855,1.75,1.2942531108856201
1860,4738,-2.1293617464834824e-05,-0.1106337457895279,-0.00010385629866505042,14,6,0.42857142857142855,2.2,3.5713958740234375
1861,159,-2.1419085896923207e-05,-0.29183676838874817,-0.0002697835734579712,9,4,0.4444444444444444,2.05,0.8517075777053833
1862,12038,-2.1425908926175907e-05,-0.1907968372106552,-0.00024626514641568065,19,9,0.47368421052631576,2.45,1.0781548023223877
1863,9788,-2.151523221982643e-05,-0.18438181281089783,-0.0003289947344455868,5,2,0.4,0.2,0.30193161964416504
1864,3446,-2.1781414034194313e-05,-0.13528820872306824,-0.00016716457321308553,8,5,0.625,1.475,0.7532740831375122
1865,5692,-2.206298267992679e-05,-0.027932319790124893,0.00025742765865288675,19,12,0.631578947368421,7.85,2.558251142501831
1866,13790,-2.2111484213382937e-05,-0.10778212547302246,-6.843142728030216e-06,7,1,0.14285714285714285,0.65,2.5000288486480713
1867,3907,-2.213433981523849e-05,-0.17668084800243378,-0.00017471099272370338,7,3,0.42857142857142855,1.925,0.9483440518379211
1868,14220,-2.2181142412591726e-05,-0.18555660545825958,-0.00032993892091326416,14,6,0.42857142857142855,3.75,1.3146932125091553
1869,15177,-2.22305807255907e-05,-0.15935279428958893,-0.00047043641097843647,5,2,0.4,2.1,0.8671585321426392
1870,6632,-2.229779420304112e-05,-0.0895991176366806,-0.0005095332744531333,9,4,0.4444444444444444,1.275,1.9035327434539795
1871,7484,-2.256929292343557e-05,-0.09673408418893814,-0.0006079114973545074,8,5,0.625,0.675,0.7399362921714783
1872,8475,-2.269992728543002e-05,-0.08386988192796707,-0.00021627379464916885,16,3,0.1875,3.15,1.8897559642791748
1873,1974,-2.2788739443058148e-05,-0.043058570474386215,0.0005114722298458219,20,5,0.25,6.4,2.964466094970703
1874,8447,-2.2969732526689768e-05,-0.16303028166294098,-0.00010367585491621867,4,2,0.5,0.725,0.5933619737625122
1875,1819,-2.3039056031848304e-05,-0.19358940422534943,-0.00021183028002269566,9,4,0.4444444444444444,5.325,1.2620632648468018
1876,6918,-2.310994386789389e-05,-0.06318853050470352,0.00014633969112765044,20,8,0.4,7.85,2.7845873832702637
1877,873,-2.3147511456045322e-05,-0.2302912324666977,-0.00023754473659209907,7,3,0.42857142857142855,2.975,0.6298607587814331
1878,10199,-2.3229489670484327e-05,-0.10693272948265076,-0.00039207740337587893,12,7,0.5833333333333334,1.275,4.186753749847412
1879,7769,-2.3313183191930875e-05,-0.11192793399095535,-8.803331002127379e-05,12,5,0.4166666666666667,3.175,1.3113977909088135
1880,8459,-2.339940328965895e-05,-0.10043565928936005,0.00010751378431450576,8,3,0.375,2.575,0.6998306512832642
1881,7694,-2.354334355914034e-05,-0.06565693020820618,5.6745797337498516e-05,4,3,0.75,0.4,1.4000228643417358
1882,15655,-2.3706990759819746e-05,-0.018289240077137947,-0.0001304427278228104,22,15,0.6818181818181818,17.2,2.746394634246826
1883,13037,-2.3745091311866418e-05,-0.061045803129673004,-0.00037851755041629076,9,4,0.4444444444444444,2.175,1.7298845052719116
1884,595,-2.3794633307261392e-05,-0.2332988977432251,-0.00024810226750560105,4,0,0.0,0.55,0.3832719922065735
1885,14233,-2.38348548009526e-05,-0.06289105117321014,-0.0001040924689732492,11,9,0.8181818181818182,2.65,3.1659579277038574
1886,9636,-2.3909871742944233e-05,-0.17818127572536469,-0.0004826266667805612,8,3,0.375,2.075,1.5384891033172607
1887,2925,-2.4138569642673247e-05,-0.12984585762023926,-0.00017748434038367122,7,4,0.5714285714285714,0.25,1.1237766742706299
1888,6405,-2.430477434245404e-05,-0.07655663788318634,-2.8544431188493036e-05,11,6,0.5454545454545454,1.925,1.1915600299835205
1889,12118,-2.434061752865091e-05,-0.09058381617069244,-0.0006090000970289111,6,2,0.3333333333333333,0.825,0.806296169757843
1890,12992,-2.4350727471755818e-05,-0.12001563608646393,-4.619730680133216e-05,11,3,0.2727272727272727,0.925,2.0348308086395264
1891,1251,-2.439885793137364e-05,-0.1404273957014084,-9.123255586018786e-05,5,3,0.6,0.15,0.33273157477378845
1892,7561,-2.440542448312044e-05,-0.12051094323396683,-0.00044253948726691306,4,2,0.5,0.1,2.2380197048187256
1893,1349,-2.453706656524446e-05,-0.047204192727804184,-0.000395212322473526,9,3,0.3333333333333333,0.975,1.1468123197555542
1894,567,-2.457069967931602e-05,-0.1942775994539261,-0.00018012018699664623,4,0,0.0,1.4,1.0209802389144897
1895,12059,-2.4649070837767795e-05,-0.15853342413902283,-0.0005184648907743394,4,2,0.5,3.425,0.5227675437927246
1896,13229,-2.4825450964272022e-05,-0.06780649721622467,-0.0003570622648112476,10,3,0.3,0.6,1.0510660409927368
1897,4166,-2.4840881451382302e-05,-0.09731375426054001,1.7763883079169318e-05,11,7,0.6363636363636364,1.325,1.342872142791748
1898,7821,-2.489185681042727e-05,-0.16007952392101288,-0.00035365993971936405,15,8,0.5333333333333333,3.775,2.178701162338257
1899,3859,-2.5052644559764303e-05,-0.13326190412044525,-0.00023731768305879086,10,5,0.5,2.25,1.4994043111801147
1900,11260,-2.5832938263192773e-05,-0.1321088820695877,-0.0001949542056536302,9,4,0.4444444444444444,1.075,0.7762924432754517
1901,5514,-2.5966301109292544e-05,-0.31478404998779297,-0.0003816397802438587,7,1,0.14285714285714285,0.725,2.755891799926758
1902,10887,-2.6225277906632982e-05,-0.17408666014671326,-0.00027081152074970305,11,4,0.36363636363636365,5.675,1.4020023345947266
1903,13287,-2.6241719751851633e-05,-0.3092963695526123,-0.0003983816714026034,10,2,0.2,1.6,1.149099588394165
1904,3225,-2.6381367206340656e-05,-0.061580412089824677,-0.00021354776981752366,13,9,0.6923076923076923,1.55,1.346618413925171
1905,8259,-2.64190948655596e-05,-0.2003278285264969,-0.00015341045218519866,5,0,0.0,0.325,0.3579378128051758
1906,6950,-2.642375693540089e-05,-0.2316206842660904,-0.00037435273407027125,9,3,0.3333333333333333,1.1,2.235907554626465
1907,3660,-2.6706160497269593e-05,-0.2516644597053528,-0.0003682435490190983,12,3,0.25,1.875,1.061401605606079
1908,15481,-2.671854781510774e-05,-0.28481119871139526,-0.00031618724460713565,8,2,0.25,0.75,1.1437989473342896
1909,8428,-2.700680124689825e-05,-0.1765993982553482,-0.0003229275462217629,14,3,0.21428571428571427,3.225,1.7811315059661865
1910,1555,-2.7258583941147663e-05,-0.31192153692245483,-0.0002290996490046382,11,4,0.36363636363636365,0.825,1.15122389793396
1911,12944,-2.726215825532563e-05,-0.03527162969112396,0.0003872861561831087,20,9,0.45,4.375,1.5324151515960693
1912,10091,-2.7282838345854543e-05,-0.10363176465034485,-0.00040241400711238384,12,5,0.4166666666666667,5.1,1.6826152801513672
1913,14104,-2.7627527742879465e-05,-0.11912505328655243,-0.00010098003258462995,12,7,0.5833333333333334,2.35,2.260465145111084
1914,5935,-2.772497282421682e-05,-0.2195441722869873,-0.0002573562378529459,4,1,0.25,0.15,0.17082270979881287
1915,9334,-2.7785019483417273e-05,-0.13188436627388,-0.0003839715209323913,10,3,0.3,1.1,1.0197464227676392
1916,9491,-2.7851037884829566e-05,-0.09432917088270187,-0.0003371828352101147,6,2,0.3333333333333333,1.4,0.9121338129043579
1917,10478,-2.7948079150519334e-05,-0.17167165875434875,-0.00013199527165852487,5,2,0.4,0.15,0.22963428497314453
1918,7581,-2.801781738526188e-05,-0.08970371633768082,-0.0005392861203290522,19,8,0.42105263157894735,2.025,2.4885382652282715
1919,3169,-2.8139922505943105e-05,-0.06668724864721298,-0.0003187104593962431,11,7,0.6363636363636364,0.9,3.5882887840270996
1920,10217,-2.8317503165453672e-05,-0.10271655023097992,-0.00020311609841883183,10,5,0.5,0.625,3.0797057151794434
1921,11521,-2.833535836543888e-05,-0.13310159742832184,-0.0001322264433838427,4,1,0.25,0.4,0.9787341952323914
1922,11724,-2.834601946233306e-05,-0.18899661302566528,-0.00017089590255636722,4,0,0.0,0.175,0.24296292662620544
1923,2969,-2.84504840237787e-05,-0.33817893266677856,-0.0002314787998329848,7,2,0.2857142857142857,0.375,0.44516611099243164
1924,3631,-2.852239049389027e-05,-0.02750559337437153,-0.0009187359246425331,13,8,0.6153846153846154,3.4,2.287139415740967
1925,14305,-2.8527865651994944e-05,-0.1431865692138672,-0.00010206845763605088,6,2,0.3333333333333333,0.25,0.39181026816368103
1926,11023,-2.8646096325246617e-05,-0.23097611963748932,-0.00021764783014077693,9,3,0.3333333333333333,0.45,1.6602897644042969
1927,3154,-2.8660997486440465e-05,-0.1779075711965561,-0.000348530535120517,15,6,0.4,1.55,1.637062668800354
1928,14410,-2.8744369046762586e-05,-0.07751966267824173,-0.00022500354680232704,16,7,0.4375,4.35,1.679390549659729
1929,12500,-2.8860100428573787e-05,-0.04018443077802658,-0.00036112804082222283,22,10,0.45454545454545453,1.325,3.889322280883789
1930,4028,-2.8886697691632435e-05,-0.10311491042375565,-0.00010941468644887209,9,5,0.5555555555555556,1.1,1.2544418573379517
1931,9725,-2.8942746212123893e-05,-0.1440417766571045,-0.00028653096524067223,8,1,0.125,1.675,0.8121808767318726
1932,8843,-2.896798287110869e-05,-0.23417939245700836,-0.00027902828878723085,9,3,0.3333333333333333,0.35,1.2891943454742432
1933,14467,-2.925122134911362e-05,-0.11294319480657578,-0.0002397419448243454,10,7,0.7,1.1,0.9417874217033386
1934,2058,-2.938579382316675e-05,-0.15043821930885315,-0.00016647393931634724,16,7,0.4375,0.825,2.366377353668213
1935,9194,-2.9486482162610628e-05,-0.11562946438789368,-5.807831257698126e-05,7,2,0.2857142857142857,1.1,1.6437797546386719
1936,14725,-2.9708811780437827e-05,-0.34397754073143005,-0.00023101724218577147,10,3,0.3,1.15,1.7023404836654663
1937,828,-2.9711989554925822e-05,-0.06178857386112213,-0.000579357729293406,14,7,0.5,0.925,2.435957431793213
1938,11084,-2.985312312375754e-05,-0.09654746949672699,-0.00011934425856452435,24,14,0.5833333333333334,2.15,3.079620599746704
1939,521,-2.9956421712995507e-05,-0.32417377829551697,-0.00028370454674586654,5,0,0.0,0.4,0.3924996852874756
1940,10218,-3.0024099032743834e-05,-0.0851355567574501,-0.0002937766257673502,20,7,0.35,1.275,2.774651288986206
1941,10596,-3.0087161576375365e-05,-0.15237204730510712,-0.0002012810145970434,11,5,0.45454545454545453,1.725,3.1620373725891113
1942,13314,-3.0226854505599476e-05,-0.08510484546422958,-0.00012459277058951557,23,11,0.4782608695652174,2.125,1.0509573221206665
1943,12016,-3.071743049076758e-05,-0.10188204795122147,-0.00015846216410864145,9,6,0.6666666666666666,0.95,0.49453526735305786
1944,11069,-3.0820603569736704e-05,-0.13216611742973328,-0.0002908162132371217,7,4,0.5714285714285714,2.65,0.78355872631073
1945,7070,-3.0996543500805274e-05,-0.14522342383861542,-0.0003316971706226468,11,6,0.5454545454545454,1.575,1.0597410202026367
1946,3554,-3.1055958970682696e-05,-0.20171909034252167,-0.00024050431966315955,13,5,0.38461538461538464,1.825,1.7522300481796265
1947,16019,-3.141347406199202e-05,-0.02841663360595703,0.00039733684388920665,13,7,0.5384615384615384,1.9,4.844171524047852
1948,11667,-3.158196705044247e-05,-0.1683121770620346,-0.0005944384029135108,5,1,0.2,0.6,0.6434938907623291
1949,1835,-3.1677718652645126e-05,-0.15914765000343323,-0.00027227139798924327,7,4,0.5714285714285714,0.6,0.5398846864700317
1950,12264,-3.1777482945472e-05,-0.12453625351190567,-0.00036521683796308935,6,3,0.5,0.35,0.4012438654899597
1951,15866,-3.179258419550024e-05,-0.13098721206188202,-0.0004368585650809109,11,5,0.45454545454545453,4.075,1.3760404586791992
1952,5966,-3.1810290238354355e-05,-0.2010963261127472,-0.0002720523625612259,11,4,0.36363636363636365,2.35,1.3583495616912842
1953,10446,-3.1930576369632035e-05,-0.1675444394350052,-0.00013837599544785917,5,3,0.6,0.225,0.4889051914215088
1954,13390,-3.195969111402519e-05,-0.16290223598480225,-0.0006582934875041246,6,3,0.5,0.675,0.5302443504333496
1955,4451,-3.233183088013902e-05,-0.21095170080661774,-0.00041096931090578437,6,3,0.5,1.2,0.3910866379737854
1956,11141,-3.253277100156993e-05,-0.2496417760848999,-0.00023202132433652878,15,6,0.4,1.15,1.5734010934829712
1957,2688,-3.2552401535212994e-05,-0.1805853247642517,-0.00031895138090476394,5,0,0.0,0.3,0.3168402314186096
1958,10522,-3.25908804370556e-05,-0.20952443778514862,-0.00044289929792284966,10,4,0.4,0.85,0.8380275964736938
1959,14330,-3.2866075343918055e-05,-0.2817994952201843,-0.00045176089042797685,16,5,0.3125,4.7,1.4519771337509155
1960,13426,-3.294440102763474e-05,-0.2713249623775482,-0.00022116168111097068,6,0,0.0,0.575,0.39977574348449707
1961,15244,-3.307809674879536e-05,-0.3115515112876892,-0.00035256979754194617,9,3,0.3333333333333333,0.75,0.5116260051727295
1962,4661,-3.3084281312767416e-05,-0.29863059520721436,-0.00024630228290334344,9,1,0.1111111111111111,0.375,0.6043304204940796
1963,9622,-3.311425825813785e-05,-0.14955493807792664,-0.00021802033006679267,9,3,0.3333333333333333,1.075,0.7089450359344482
1964,16167,-3.323554847156629e-05,-0.10295004397630692,-0.00031432235846295953,10,4,0.4,3.025,1.0818771123886108
1965,1659,-3.354909858899191e-05,-0.02224363386631012,-0.000338151294272393,10,5,0.5,0.625,1.0603837966918945
1966,9997,-3.369859041413292e-05,-0.27941691875457764,-0.0003145941882394254,10,2,0.2,1.925,2.1078414916992188
1967,7578,-3.375659434823319e-05,-0.24772045016288757,-0.00047336326679214835,4,1,0.25,0.45,1.0928105115890503
1968,1626,-3.379374174983241e-05,-0.18780460953712463,-0.0006601415807381272,9,4,0.4444444444444444,1.25,1.3790383338928223
1969,9651,-3.4097349271178246e-05,-0.04469556733965874,-0.0014655434060841799,10,6,0.6,1.225,2.1986441612243652
1970,10214,-3.447948984103277e-05,-0.24482715129852295,-0.000453786866273731,8,0,0.0,0.3,0.45276373624801636
1971,475,-3.459076469880529e-05,-0.15542776882648468,-8.52942539495416e-05,6,3,0.5,0.225,0.3574686050415039
1972,6954,-3.476224810583517e-05,-0.10064978897571564,-0.0008150276844389737,18,10,0.5555555555555556,4.55,2.471226453781128
1973,2202,-3.5030221624765545e-05,-0.21239131689071655,-0.00027371704345569015,9,4,0.4444444444444444,1.075,2.131366729736328
1974,12598,-3.528524757712148e-05,-0.13784633576869965,-9.6038835181389e-05,6,3,0.5,1.175,0.5139667391777039
1975,220,-3.5317214496899396e-05,-0.1491311639547348,-0.0004026851966045797,12,3,0.25,1.175,4.1701340675354
1976,5243,-3.537215161486529e-05,-0.21942377090454102,-0.0002781942894216627,6,0,0.0,0.3,0.30820730328559875
1977,8993,-3.557941090548411e-05,-0.1669466346502304,-0.00029565030126832426,8,2,0.25,0.725,0.9599584341049194
1978,8928,-3.561919947969727e-05,-0.1773577779531479,-0.00031369138741865754,6,2,0.3333333333333333,0.25,0.5716899633407593
1979,12763,-3.6134042602498084e-05,-0.059852808713912964,-0.000285904883639887,14,8,0.5714285714285714,1.85,4.67332649230957
1980,1418,-3.623381053330377e-05,-0.16438069939613342,-0.0007410232210531831,10,2,0.2,4.65,1.6132152080535889
1981,5290,-3.6476540117291734e-05,-0.2109525501728058,-0.0004571320896502584,6,1,0.16666666666666666,0.45,1.566681146621704
1982,15432,-3.651827137218788e-05,-0.21663479506969452,-0.0003202728112228215,12,2,0.16666666666666666,0.85,1.1130393743515015
1983,7571,-3.666569682536647e-05,-0.17131417989730835,-0.00033491349313408136,4,0,0.0,0.2,0.22678542137145996
1984,7620,-3.686059426399879e-05,-0.2582336664199829,-0.00025641598040238023,8,2,0.25,0.9,0.6668301820755005
1985,12025,-3.710281816893257e-05,-0.09738694876432419,-0.00015302437532227486,22,7,0.3181818181818182,2.025,2.879202365875244
1986,8752,-3.719125743373297e-05,-0.3338575065135956,-0.00014278209710028023,16,3,0.1875,1.475,1.390305519104004
1987,2411,-3.726718932739459e-05,-0.23119963705539703,-0.0002461088006384671,10,4,0.4,0.95,1.192073106765747
1988,4313,-3.7331064959289506e-05,-0.2517458498477936,-0.00025279930559918284,13,3,0.23076923076923078,0.55,1.4970698356628418
1989,3470,-3.7428362702485174e-05,-0.21548952162265778,-0.0002525073941797018,4,1,0.25,0.1,0.1754303276538849
1990,7486,-3.75311792595312e-05,-0.11844044178724289,-0.0003300276293884963,13,9,0.6923076923076923,2.025,0.9766335487365723
1991,10068,-3.753942291950807e-05,-0.14999257028102875,-0.00013504666276276112,5,2,0.4,0.475,1.4203338623046875
1992,13530,-3.754090721486136e-05,-0.1848340779542923,-0.0002214120904682204,5,0,0.0,0.825,1.3946282863616943
1993,6938,-3.769630711758509e-05,-0.08799794316291809,0.00021139571617823094,22,10,0.45454545454545453,6.075,1.3873023986816406
1994,11596,-3.775578079512343e-05,-0.028884584084153175,0.0016211901092901826,25,13,0.52,10.525,2.0861802101135254
1995,10256,-3.797707540798001e-05,-0.2743036150932312,-0.0003156299644615501,7,2,0.2857142857142857,0.575,0.9984962344169617
1996,5366,-3.819291669060476e-05,-0.199615016579628,-0.00024238205514848232,5,3,0.6,0.2,0.5955678224563599
1997,12683,-3.8617443351540715e-05,-0.09017498046159744,-0.00025912918499670923,11,5,0.45454545454545453,1.1,3.935800075531006
1998,6093,-3.87726649933029e-05,-0.14032283425331116,-0.0008105491288006306,18,9,0.5,2.775,1.712196707725525
1999,13449,-3.880762233166024e-05,-0.17778469622135162,-0.00032418020418845117,12,4,0.3333333333333333,2.625,1.275525450706482
2000,3405,-3.8841415516799316e-05,-0.3732396364212036,-0.00035504967672750354,9,1,0.1111111111111111,1.175,0.5838879942893982
2001,1101,-3.886032573063858e-05,-0.34730225801467896,-0.00028377288253977895,8,1,0.125,1.25,0.8088315725326538
2002,6789,-3.888523133355193e-05,-0.25741368532180786,-0.00042691887938417494,7,1,0.14285714285714285,0.325,1.3898589611053467
2003,5124,-3.888936043949798e-05,-0.30060890316963196,-0.0004607078153640032,4,0,0.0,0.125,0.43816524744033813
2004,8720,-3.8983129343250766e-05,-0.04655276611447334,0.00042569806100800633,19,8,0.42105263157894735,5.1,2.2206568717956543
2005,13173,-3.904696859535761e-05,-0.18212346732616425,-0.00039336629561148584,10,4,0.4,1.575,0.7071760892868042
2006,7926,-3.915305569535121e-05,-0.21549378335475922,-0.0002374262985540554,13,4,0.3076923076923077,1.425,0.7817045450210571
2007,3809,-3.924680277123116e-05,-0.3038710355758667,-0.00023969502944964916,11,2,0.18181818181818182,1.6,0.6907088160514832
2008,14262,-3.948905214201659e-05,-0.2146860957145691,-0.0006104630883783102,9,1,0.1111111111111111,0.95,2.0413286685943604
2009,3871,-3.9529062632936984e-05,-0.1645444631576538,-0.00022194103803485632,4,2,0.5,0.475,0.7554886937141418
2010,6436,-3.9653350540902466e-05,-0.12039691209793091,-0.0010023253271356225,11,6,0.5454545454545454,2.175,4.835749626159668
2011,15002,-3.9865855796961114e-05,-0.29877060651779175,-0.0002988711930811405,7,0,0.0,2.225,1.5053373575210571
2012,3914,-3.990954428445548e-05,-0.2102794051170349,-0.0005119246779941022,20,7,0.35,5.125,2.2064368724823
2013,13080,-4.0489605453331023e-05,-0.20898690819740295,-0.00022747449111193419,16,9,0.5625,2.025,1.6736778020858765
2014,10512,-4.059584898641333e-05,-0.4363466501235962,-0.00035945442505180836,15,2,0.13333333333333333,2.225,1.9001801013946533
2015,14902,-4.068700218340382e-05,-0.2705119252204895,-0.0003477468271739781,8,3,0.375,0.425,0.9621821641921997
2016,5227,-4.072123920195736e-05,-0.24549150466918945,-0.00027521359152160585,9,2,0.2222222222222222,1.325,0.6668475866317749
2017,12905,-4.084072133991867e-05,-0.27518394589424133,-0.00038833776488900185,16,5,0.3125,1.25,2.1133575439453125
2018,15140,-4.108556458959356e-05,-0.30147475004196167,-0.0003390494384802878,6,1,0.16666666666666666,0.275,0.3516671061515808
2019,2026,-4.12837543990463e-05,-0.11722621321678162,-3.412814476178028e-05,10,5,0.5,1.625,0.6761425733566284
2020,15922,-4.171977343503386e-05,-0.3722807466983795,-0.00043777478276751935,6,0,0.0,0.425,0.468771368265152
2021,438,-4.191766129224561e-05,-0.13784253597259521,-0.0008592467638663948,5,2,0.4,0.5,0.9109867811203003
2022,2525,-4.2045085137942806e-05,-0.3150586783885956,-0.00029266870114952326,9,1,0.1111111111111111,0.625,0.37280410528182983
2023,5862,-4.2329476855229586e-05,-0.22870399057865143,-0.0003152625577058643,9,0,0.0,0.4,1.1776994466781616
2024,3740,-4.2422721890034154e-05,-0.14617134630680084,-0.0006397300167009234,9,3,0.3333333333333333,0.75,1.7338085174560547
2025,6976,-4.264985182089731e-05,-0.2672135829925537,-0.0003932300896849483,9,3,0.3333333333333333,1.85,1.03385329246521
2026,15423,-4.26777514803689e-05,-0.04355040565133095,0.00013216813385952264,15,9,0.6,1.075,3.256953477859497
2027,14728,-4.275452010915615e-05,-0.2281738668680191,-0.0004049271810799837,10,4,0.4,1.975,3.275294780731201
2028,2004,-4.318555147619918e-05,-0.02969958446919918,3.280165765318088e-05,20,12,0.6,4.05,2.222111225128174
2029,938,-4.321870437706821e-05,-0.27073243260383606,-0.00021750382438767701,5,0,0.0,0.25,0.2960154414176941
2030,8049,-4.325565532781184e-05,-0.22770337760448456,-0.0004353070689830929,16,6,0.375,1.675,2.363184928894043
2031,10694,-4.339950828580186e-05,-0.25934043526649475,-0.0003169185947626829,7,2,0.2857142857142857,0.45,0.7251321077346802
2032,10890,-4.35947222285904e-05,-0.26285243034362793,-0.0004685456515289843,13,3,0.23076923076923078,2.25,1.3187878131866455
2033,14014,-4.4426476961234584e-05,-0.13959409296512604,-0.0007425857475027442,10,5,0.5,4.25,2.101365327835083
2034,3377,-4.514476313488558e-05,-0.18431347608566284,-0.0003645420365501195,8,3,0.375,0.4,0.9353391528129578
2035,649,-4.515562250162475e-05,-0.2135494500398636,-0.000749338767491281,5,1,0.2,1.475,0.6636644601821899
2036,9566,-4.520276706898585e-05,-0.2102607935667038,-0.0003927664365619421,6,2,0.3333333333333333,0.675,0.7747158408164978
2037,16304,-4.5289358240552247e-05,-0.3267771303653717,-0.000405084720114246,15,5,0.3333333333333333,1.1,1.5097929239273071
2038,15155,-4.540912777883932e-05,-0.21569733321666718,-0.0002877553924918175,4,0,0.0,0.125,0.4744543433189392
2039,11824,-4.555479245027527e-05,-0.21448557078838348,-0.0005687422817572951,15,5,0.3333333333333333,2.525,1.2077882289886475
2040,13565,-4.598500891006552e-05,-0.1674637496471405,-0.00019205066200811416,5,0,0.0,0.225,0.3160296082496643
2041,6304,-4.6138022298691794e-05,-0.16216227412223816,-0.00022229182650335133,5,3,0.6,0.325,1.9467194080352783
2042,1591,-4.6143562940414995e-05,-0.19766515493392944,-0.0002860855311155319,6,1,0.16666666666666666,0.5,1.1569548845291138
2043,14547,-4.616867227014154e-05,-0.17473459243774414,-0.00044516249909065664,4,1,0.25,0.25,1.7197387218475342
2044,4606,-4.645206354325637e-05,-0.2137439101934433,-0.00023749316460452974,5,0,0.0,0.25,0.7136539816856384
2045,2224,-4.65838129457552e-05,-0.06616463512182236,-0.00041770157986320555,17,11,0.6470588235294118,2.175,3.754552125930786
2046,6901,-4.716304101748392e-05,-0.04285191744565964,0.00019854176207445562,20,10,0.5,3.425,5.1862921714782715
2047,8941,-4.724163591163233e-05,-0.2851654291152954,-0.0004078787751495838,13,4,0.3076923076923077,2.3,1.5050334930419922
2048,5492,-4.737858034786768e-05,-0.23989005386829376,-0.00027755016344599426,15,6,0.4,3.175,1.4406049251556396
2049,10502,-4.7544272092636675e-05,-0.09755242615938187,-0.0002969331690110266,22,13,0.5909090909090909,2.2,2.902068614959717
2050,15762,-4.7960395022528246e-05,-0.04965636879205704,4.466660175239667e-05,14,10,0.7142857142857143,3.425,2.9184627532958984
2051,15839,-4.8207286454271525e-05,-0.11984944343566895,-0.001247856649570167,7,3,0.42857142857142855,0.725,1.9148029088974
2052,15444,-4.8851252358872443e-05,-0.09276782721281052,-0.00011316215386614203,10,6,0.6,2.675,0.9830129742622375
2053,16125,-4.9156697059515864e-05,-0.2613134980201721,-0.0005556336836889386,17,6,0.35294117647058826,2.875,2.374427318572998
2054,12934,-4.972946408088319e-05,-0.04223095625638962,-0.0007181015680544078,14,9,0.6428571428571429,1.125,1.5741780996322632
2055,1853,-4.980611993232742e-05,-0.016520816832780838,0.00040911469841375947,18,11,0.6111111111111112,2.15,5.994898319244385
2056,16336,-5.063718344899826e-05,-0.13945652544498444,9.370093903271481e-05,17,4,0.23529411764705882,1.925,0.9342449903488159
2057,10661,-5.076409433968365e-05,-0.24201825261116028,-0.000304647081065923,26,7,0.2692307692307692,4.2,3.8966667652130127
2058,1755,-5.110278652864508e-05,-0.14125272631645203,-0.0006891336524859071,5,3,0.6,0.175,0.34723004698753357
2059,16276,-5.1206483476562425e-05,-0.13134247064590454,-0.0005886361468583345,6,3,0.5,0.225,0.33446481823921204
2060,3181,-5.154045720701106e-05,-0.3603951632976532,-0.00038241472793743014,17,4,0.23529411764705882,1.65,1.284245491027832
2061,7787,-5.188268914935179e-05,-0.19212336838245392,-0.0004946931730955839,4,2,0.5,3.875,0.8395068049430847
2062,10459,-5.207054709899239e-05,-0.08686502277851105,-0.00010363466572016478,16,7,0.4375,1.825,1.0080857276916504
2063,2941,-5.210932431509718e-05,-0.1575842946767807,-0.00012551383406389505,10,4,0.4,1.6,0.6389123201370239
2064,7022,-5.237829827819951e-05,-0.23982873558998108,-0.0005023658741265535,5,1,0.2,0.175,0.6764692068099976
2065,15828,-5.267990127322264e-05,-0.22606143355369568,-0.0005715698935091496,5,1,0.2,0.175,1.8802940845489502
2066,8749,-5.3182156989350915e-05,-0.15879057347774506,-0.0008791593136265874,5,2,0.4,0.65,1.1583588123321533
2067,9654,-5.361515286494978e-05,-0.2287968099117279,-0.0005595083348453045,8,4,0.5,0.525,1.7730964422225952
2068,14007,-5.3711475629825145e-05,-0.21991658210754395,-0.0006262263050302863,10,3,0.3,2.175,1.3826208114624023
2069,10387,-5.376450644689612e-05,-0.22295191884040833,-0.00036980994627811015,6,1,0.16666666666666666,0.925,0.6018189191818237
2070,1924,-5.3788295190315694e-05,-0.1367374211549759,-0.0007898770272731781,11,6,0.5454545454545454,2.125,1.482519507408142
2071,5101,-5.3913747251499444e-05,-0.06648112088441849,-0.0006749339518137276,21,8,0.38095238095238093,3.725,4.139483451843262
2072,9059,-5.4050957260187715e-05,-0.4599769115447998,-0.0004352904506959021,12,0,0.0,0.8,1.1320126056671143
2073,8338,-5.4105534218251705e-05,-0.07907553762197495,-0.0005637895665131509,15,6,0.4,3.7,3.587441921234131
2074,13834,-5.456207873066887e-05,-0.1977505385875702,-0.00025066547095775604,6,1,0.16666666666666666,1.375,0.6460292935371399
2075,16351,-5.4634252592222765e-05,-0.19982828199863434,-0.0004480189527384937,14,5,0.35714285714285715,1.125,2.981661796569824
2076,12723,-5.472612247103825e-05,-0.20962820947170258,-0.0006254848558455706,12,6,0.5,2.95,1.5629618167877197
2077,4835,-5.481063999468461e-05,-0.2800169289112091,-0.0005098989931866527,9,2,0.2222222222222222,4.475,1.7042856216430664
2078,1551,-5.4834283218951896e-05,-0.2222156524658203,-0.00037488233647309244,12,5,0.4166666666666667,0.95,1.9395586252212524
2079,13403,-5.51744997210335e-05,-0.14350169897079468,-0.0005075288354419172,15,6,0.4,1.55,2.7892823219299316
2080,8148,-5.532181239686906e-05,-0.12450580298900604,-0.000491160259116441,25,13,0.52,2.65,4.050145149230957
2081,8820,-5.533901276066899e-05,-0.2172175943851471,-0.0003890451043844223,9,3,0.3333333333333333,1.8,1.8965883255004883
2082,5690,-5.554933886742219e-05,-0.14657935500144958,-0.0003581603232305497,13,3,0.23076923076923078,1.875,1.2092047929763794
2083,10082,-5.576479452429339e-05,-0.13628284633159637,-0.0009663854725658894,11,5,0.45454545454545453,3.925,1.2870757579803467
2084,3744,-5.5812339269323274e-05,-0.38380569219589233,-0.0004254680243320763,10,0,0.0,1.1,2.5174498558044434
2085,874,-5.585625331150368e-05,-0.30625277757644653,-0.0004314445541240275,8,2,0.25,0.4,0.6226599216461182
2086,6388,-5.590412183664739e-05,-0.22130492329597473,-0.0003371006459929049,16,5,0.3125,2.25,1.87740957736969
2087,9162,-5.615609552478418e-05,-0.21271269023418427,-0.00033305538818240166,4,2,0.5,2.0,0.6357178688049316
2088,6710,-5.6225235312012956e-05,-0.1494627743959427,-0.0009798365645110607,18,6,0.3333333333333333,2.075,3.3281121253967285
2089,840,-5.6512781156925485e-05,-0.13374215364456177,-0.0007498212507925928,16,4,0.25,1.825,1.2074625492095947
2090,5336,-5.67185998079367e-05,-0.19200745224952698,5.7839271903503686e-05,17,3,0.17647058823529413,1.7,2.1403658390045166
2091,7483,-5.7436809584032744e-05,-0.09320244193077087,-0.001221205573529005,25,12,0.48,7.625,4.450796127319336
2092,16203,-5.7730521803023294e-05,-0.11802362650632858,-3.855873364955187e-05,14,5,0.35714285714285715,2.825,0.8499773144721985
2093,2306,-5.7950615882873535e-05,-0.11880321800708771,-0.0013350497465580702,9,2,0.2222222222222222,0.525,0.9174760580062866
2094,10941,-5.800884173368104e-05,-0.16295689344406128,-0.0010793037945404649,6,2,0.3333333333333333,0.925,0.5986952781677246
2095,2253,-5.818635690957308e-05,-0.16138401627540588,-0.0005627396749332547,15,8,0.5333333333333333,1.7,2.7162747383117676
2096,9037,-5.823770334245637e-05,-0.1660941243171692,-0.00015113750123418868,12,3,0.25,4.675,1.0749603509902954
2097,9306,-5.8337183872936293e-05,-0.26134032011032104,-0.000693688984028995,9,2,0.2222222222222222,1.9,1.1264829635620117
2098,4686,-5.847477586939931e-05,-0.10465820878744125,-0.00021374705829657614,8,5,0.625,0.95,1.2464072704315186
2099,14338,-5.8490015362622216e-05,-0.11999049782752991,-0.0012337586376816034,12,5,0.4166666666666667,3.05,2.140166997909546
2100,12907,-5.862064426764846e-05,-0.2207149863243103,-0.00048599191359244287,9,3,0.3333333333333333,1.725,1.3900163173675537
2101,10879,-5.87133108638227e-05,-0.14158914983272552,-0.00011983852891717106,12,6,0.5,2.575,0.7950509190559387
2102,9604,-5.874577254871838e-05,-0.12573029100894928,-0.0002483737771399319,4,1,0.25,0.675,1.2974443435668945
2103,4257,-5.9173908084630966e-05,-0.2403307408094406,-0.000681552046444267,12,3,0.25,0.975,1.1156585216522217
2104,4179,-5.9239177062409e-05,-0.15209810435771942,-0.001292205648496747,11,5,0.45454545454545453,7.7,1.2683392763137817
2105,3574,-5.926864832872525e-05,-0.2012709528207779,-0.0002980194112751633,5,1,0.2,0.3,0.34382492303848267
2106,243,-5.957220491836779e-05,-0.1223132461309433,-0.0010846551740542054,5,4,0.8,0.475,1.6175340414047241
2107,9390,-5.973518273094669e-05,-0.1665530800819397,-0.0006696244818158448,5,1,0.2,0.975,2.5365684032440186
2108,4750,-5.9768924984382465e-05,-0.12819123268127441,-0.00017024466069415212,7,5,0.7142857142857143,1.175,0.8298357725143433
2109,13165,-6.041577580617741e-05,-0.2130952626466751,-0.0009878515265882015,14,7,0.5,3.925,2.2333984375
2110,13715,-6.055686390027404e-05,-0.31490370631217957,-0.0006804397562518716,23,7,0.30434782608695654,2.475,2.048551082611084
2111,6691,-6.096480501582846e-05,-0.18575657904148102,-0.0002775149478111416,5,0,0.0,0.575,0.8968976736068726
2112,8668,-6.11426803516224e-05,-0.1912059783935547,-0.00029934727353975177,9,3,0.3333333333333333,0.3,0.9144935607910156
2113,5974,-6.140932237030938e-05,-0.15593819320201874,-0.0002637593715917319,12,5,0.4166666666666667,1.425,1.431748867034912
2114,1970,-6.156066956464201e-05,-0.14117875695228577,-0.0005871065659448504,6,3,0.5,0.275,2.386620044708252
2115,1854,-6.175984162837267e-05,-0.14567309617996216,-0.0005475773941725492,11,5,0.45454545454545453,1.575,1.862786889076233
2116,13595,-6.193862645886838e-05,-0.03671590983867645,-0.0015236618928611279,15,12,0.8,2.2,3.4827938079833984
2117,4729,-6.203562952578068e-05,-0.3257052004337311,-0.0006601294735446572,12,3,0.25,1.05,3.26342511177063
2118,9216,-6.204929377418011e-05,-0.3044986128807068,-0.0005832173046655953,10,1,0.1,1.25,0.7631263136863708
2119,4340,-6.219382339622825e-05,-0.19097772240638733,-0.0011212200624868274,6,2,0.3333333333333333,0.75,1.1045325994491577
2120,9560,-6.2917111790739e-05,-0.2100132256746292,-0.0008310476550832391,14,7,0.5,1.2,1.1899734735488892
2121,10035,-6.332846533041447e-05,-0.09295543283224106,-0.0004840057226829231,12,4,0.3333333333333333,0.95,2.8072307109832764
2122,2046,-6.334550562314689e-05,-0.09171351045370102,8.837867426336743e-06,14,10,0.7142857142857143,3.475,1.7722969055175781
2123,10079,-6.379505794029683e-05,-0.22247961163520813,-0.0005331991706043482,11,5,0.45454545454545453,1.625,1.6164880990982056
2124,2994,-6.398362893378362e-05,-0.2131498008966446,-0.0005065412842668593,14,4,0.2857142857142857,2.125,0.9181954264640808
2125,9739,-6.428526830859482e-05,-0.21312792599201202,-0.0007255302625708282,17,6,0.35294117647058826,1.25,2.7675671577453613
2126,6974,-6.440922879846767e-05,-0.28639382123947144,-0.00033885074662975967,14,3,0.21428571428571427,1.075,1.2574437856674194
2127,11533,-6.443790334742516e-05,-0.38012683391571045,-0.0005656700814142823,13,3,0.23076923076923078,0.825,0.922558605670929
2128,2156,-6.455056427512318e-05,-0.14144650101661682,-0.0005168291972950101,7,4,0.5714285714285714,1.2,1.1023675203323364
2129,13204,-6.523279444081709e-05,-0.15169548988342285,-0.00021699361968785524,6,2,0.3333333333333333,1.025,0.518592357635498
2130,10307,-6.546075746882707e-05,-0.1277119517326355,-0.001517732860520482,9,5,0.5555555555555556,3.225,1.1667324304580688
2131,8234,-6.550127000082284e-05,-0.05388936400413513,-0.001017038943246007,23,18,0.782608695652174,4.175,4.063342094421387
2132,8372,-6.576318992301822e-05,-0.19137459993362427,-0.00041335279820486903,11,4,0.36363636363636365,3.05,1.570904016494751
2133,5992,-6.587227835552767e-05,-0.1553502082824707,-3.0347257052198984e-05,19,7,0.3684210526315789,3.4,1.4259530305862427
2134,7502,-6.608238618355244e-05,-0.15817870199680328,-0.00027903117006644607,4,2,0.5,0.125,1.0426915884017944
2135,7398,-6.656160985585302e-05,-0.2097501903772354,-0.0006757518276572227,8,1,0.125,0.775,0.46489810943603516
2136,14378,-6.684257095912471e-05,-0.14312781393527985,-0.0004963328829035163,19,11,0.5789473684210527,2.525,1.8028618097305298
2137,11365,-6.695394404232502e-05,-0.21850702166557312,-0.0010314261307939887,7,1,0.14285714285714285,1.9,0.9539433717727661
2138,14230,-6.702309474349022e-05,-0.10129217058420181,-0.0004963069222867489,21,13,0.6190476190476191,3.2,2.799226760864258
2139,1907,-6.76859199302271e-05,-0.1942395567893982,-0.0006782372947782278,13,4,0.3076923076923077,1.5,1.8698437213897705
2140,1420,-6.80390585330315e-05,-0.37498828768730164,-0.0004906840622425079,9,0,0.0,0.375,0.6244844198226929
2141,7053,-6.815660162828863e-05,-0.008202743716537952,0.0019375123083591461,22,10,0.45454545454545453,1.125,4.671839714050293
2142,4590,-6.834560917923227e-05,-0.18413309752941132,-0.00035686424234881997,13,7,0.5384615384615384,0.85,2.4677188396453857
2143,1691,-6.881933950353414e-05,-0.2485675811767578,-0.0006063075270503759,11,0,0.0,1.95,0.6911066770553589
2144,9616,-6.894398393342271e-05,-0.1856268048286438,-0.0007193633355200291,11,4,0.36363636363636365,4.275,1.552746295928955
2145,4375,-6.90153829054907e-05,-0.12664559483528137,-0.0008253018604591489,14,3,0.21428571428571427,1.425,2.3279452323913574
2146,11845,-6.902652967255563e-05,-0.21961620450019836,-0.0005621534073725343,7,1,0.14285714285714285,0.475,0.970841109752655
2147,912,-6.920500163687393e-05,-0.23055963218212128,-0.0006709962617605925,12,3,0.25,0.875,1.5164276361465454
2148,4282,-6.922253669472411e-05,-0.16101035475730896,-0.0003011388180311769,4,1,0.25,0.425,0.31751298904418945
2149,15491,-6.927804497536272e-05,-0.18251153826713562,-0.0004988968721590936,13,5,0.38461538461538464,3.95,0.920364499092102
2150,13358,-6.932524411240593e-05,-0.047686345875263214,-0.0015361348632723093,14,8,0.5714285714285714,2.0,1.8473854064941406
2151,6498,-6.946052599232644e-05,-0.22283302247524261,-0.0008188218926079571,13,2,0.15384615384615385,2.3,2.0371108055114746
2152,5868,-6.946166104171425e-05,-0.26630955934524536,-0.0006376574747264385,15,5,0.3333333333333333,4.475,2.6428720951080322
2153,15151,-6.953677075216547e-05,-0.16755017638206482,-0.0006356519879773259,9,1,0.1111111111111111,0.575,0.49657392501831055
2154,12526,-6.955036951694638e-05,-0.19336101412773132,-0.0009737905347719789,4,2,0.5,0.65,1.0296776294708252
2155,8908,-6.972796109039336e-05,-0.1397550255060196,-0.0014472468756139278,7,5,0.7142857142857143,0.45,0.4100133776664734
2156,3471,-6.9830370193813e-05,-0.10038644820451736,-0.0012809287291020155,8,3,0.375,2.775,1.1684156656265259
2157,14918,-7.010906119830906e-05,-0.2645619511604309,-0.0005708001554012299,9,2,0.2222222222222222,0.7,0.6266135573387146
2158,442,-7.013385038590059e-05,-0.07837803661823273,-0.0007842639461159706,15,10,0.6666666666666666,1.05,3.6716361045837402
2159,14659,-7.06148857716471e-05,-0.2005687803030014,-0.0010988087160512805,8,2,0.25,2.55,1.906739592552185
2160,7597,-7.069722778396681e-05,-0.16395293176174164,-0.0012953977566212416,13,7,0.5384615384615384,1.25,2.0395495891571045
2161,15137,-7.139096123864874e-05,-0.15902481973171234,-0.0006308144656941295,25,10,0.4,4.875,3.7179348468780518
2162,10245,-7.190070755314082e-05,-0.21406395733356476,-0.0012503595789894462,7,0,0.0,0.7,0.43066662549972534
2163,44,-7.2164271841757e-05,-0.19700489938259125,-0.0005618189461529255,7,2,0.2857142857142857,4.425,1.4264109134674072
2164,14789,-7.22677432349883e-05,-0.2829201817512512,-0.0006867560441605747,14,4,0.2857142857142857,1.025,1.832265853881836
2165,3854,-7.266316242748871e-05,-0.14177995920181274,-0.0002419434895273298,4,2,0.5,0.175,0.19263559579849243
2166,10287,-7.276387623278424e-05,-0.16504128277301788,-0.001100769848562777,17,8,0.47058823529411764,6.35,1.8776851892471313
2167,7097,-7.2929855377879e-05,-0.07848668098449707,0.00020322851196397096,21,3,0.14285714285714285,3.85,1.908942461013794
2168,1500,-7.299886783584952e-05,-0.2376462072134018,-0.001110670855268836,16,5,0.3125,5.25,3.942430019378662
2169,2822,-7.30379979358986e-05,-0.2770290672779083,-0.0006752420449629426,10,1,0.1,0.75,1.2496507167816162
2170,11790,-7.336487033171579e-05,-0.1627824902534485,-0.0014252813998609781,6,1,0.16666666666666666,2.25,0.45246925950050354
2171,8068,-7.350603118538857e-05,-0.18202689290046692,-0.0006627477123402059,6,1,0.16666666666666666,0.2,3.271935224533081
2172,5979,-7.368860678980127e-05,-0.2168038785457611,-0.0008008239674381912,11,2,0.18181818181818182,1.025,2.063115358352661
2173,13814,-7.422432827297598e-05,-0.2362404465675354,-0.0004203999415040016,12,3,0.25,1.825,1.360111951828003
2174,10985,-7.605135760968551e-05,-0.09500041604042053,-0.0008298857137560844,13,9,0.6923076923076923,1.875,1.6471977233886719
2175,764,-7.665711018489674e-05,-0.0774780735373497,-0.0012468252098187804,4,3,0.75,2.025,1.5650441646575928
2176,2827,-7.74498694227077e-05,-0.12761181592941284,-0.0012806713348254561,19,8,0.42105263157894735,3.8,3.4776482582092285
2177,528,-7.766416820231825e-05,-0.13081000745296478,-0.00022267822350841016,30,16,0.5333333333333333,2.475,3.7660419940948486
2178,10381,-7.805660425219685e-05,-0.2249220311641693,-0.000370221387129277,19,4,0.21052631578947367,0.9,2.393004894256592
2179,565,-7.827427907614037e-05,-0.18259687721729279,-0.00043039824231527746,17,8,0.47058823529411764,1.05,1.5221246480941772
2180,2086,-7.828693196643144e-05,-0.29353582859039307,-0.0004710888606496155,9,2,0.2222222222222222,0.3,0.7353650331497192
2181,2643,-7.832293340470642e-05,-0.1384386271238327,-0.0009501955355517566,7,4,0.5714285714285714,2.275,1.6998577117919922
2182,5211,-7.84321382525377e-05,-0.24181658029556274,-0.0007412153645418584,12,4,0.3333333333333333,1.0,0.8559564352035522
2183,4267,-7.850187830626965e-05,-0.24349434673786163,-0.0005491370102390647,17,9,0.5294117647058824,1.775,2.2539005279541016
2184,13813,-7.895768067101017e-05,-0.14414022862911224,-0.001599578419700265,6,5,0.8333333333333334,1.0,1.144270658493042
2185,5700,-7.897288742242381e-05,-0.3936353921890259,-0.0007148213335312903,20,3,0.15,2.85,1.6644645929336548
2186,11322,-7.912443106761202e-05,-0.12076278775930405,-0.0008336788159795105,13,5,0.38461538461538464,2.5,1.9721596240997314
2187,9460,-7.916327012935653e-05,-0.1599528193473816,-0.0004538101202342659,4,1,0.25,0.225,0.35176581144332886
2188,1235,-7.973703759489581e-05,-0.24134454131126404,-0.0005652228719554842,11,2,0.18181818181818182,3.75,1.1960408687591553
2189,12071,-7.993318286025897e-05,-0.19750243425369263,-0.0010495962342247367,13,5,0.38461538461538464,0.85,1.5279461145401
2190,9372,-8.006548159755766e-05,-0.08342782407999039,-0.00022149854339659214,10,9,0.9,0.825,1.107884168624878
2191,7402,-8.029502350836992e-05,-0.14081409573554993,-0.0005574565730057657,24,8,0.3333333333333333,4.5,2.231224536895752
2192,14622,-8.086407615337521e-05,-0.16756469011306763,-0.0003641631337814033,4,2,0.5,0.175,0.8838084936141968
2193,5663,-8.10858400654979e-05,-0.21395863592624664,-0.000980677199549973,8,3,0.375,1.025,1.457990288734436
2194,7399,-8.147241896949708e-05,-0.22843046486377716,-0.0006449915235862136,7,1,0.14285714285714285,0.725,1.2782961130142212
2195,2825,-8.168022031895816e-05,-0.21200759708881378,-0.0006177750183269382,6,1,0.16666666666666666,0.2,0.3067892789840698
2196,13986,-8.188981155399233e-05,-0.15823780000209808,-0.000556616229005158,7,2,0.2857142857142857,0.675,0.8703457117080688
2197,4152,-8.267171506304294e-05,-0.14390704035758972,-0.0005880590761080384,13,3,0.23076923076923078,1.225,0.9842450022697449
2198,8140,-8.279774192487821e-05,-0.29187026619911194,-0.0009107782389037311,7,1,0.14285714285714285,2.875,1.4539623260498047
2199,13487,-8.285297371912748e-05,-0.2662826478481293,-0.0012236351612955332,4,1,0.25,1.25,2.5058560371398926
2200,8564,-8.308414544444531e-05,-0.19081880152225494,-0.0008349184063263237,8,4,0.5,0.925,0.552738606929779
2201,16277,-8.389217691728845e-05,-0.15160442888736725,-0.0012148647801950574,10,2,0.2,0.625,0.9140116572380066
2202,6673,-8.465218706987798e-05,-0.16490952670574188,-0.0002841810055542737,14,9,0.6428571428571429,1.175,1.5947824716567993
2203,2169,-8.510817133355886e-05,-0.28708988428115845,-0.0006543813506141305,9,4,0.4444444444444444,0.325,0.9451584815979004
2204,2325,-8.531120693078265e-05,-0.2709675431251526,-0.0009496110724285245,11,3,0.2727272727272727,2.45,1.4477622509002686
2205,5121,-8.541072747902945e-05,-0.3905628025531769,-0.0006502505857497454,15,2,0.13333333333333333,2.3,0.9162960052490234
2206,8709,-8.58829589560628e-05,-0.22949601709842682,-0.0008314700680784881,5,1,0.2,1.0,0.6424590945243835
2207,13228,-8.64483808982186e-05,-0.15863089263439178,-0.0003324106801301241,4,2,0.5,1.1,1.4394361972808838
2208,4631,-8.69138166308403e-05,-0.149929478764534,-0.00087502331007272,7,3,0.42857142857142855,1.75,1.127815842628479
2209,954,-8.817802154226229e-05,-0.15606766939163208,-0.0007028171676211059,11,3,0.2727272727272727,0.975,1.957726240158081
2210,16286,-8.876128413248807e-05,-0.17208155989646912,-0.001613033702597022,8,3,0.375,0.35,0.9940637350082397
2211,10968,-8.955255907494575e-05,-0.1253216564655304,-0.0014057598309591413,28,7,0.25,2.325,3.189734697341919
2212,1625,-8.969537157099694e-05,-0.1817873865365982,-0.00040324131259694695,6,1,0.16666666666666666,1.4,0.7503052949905396
2213,768,-8.987660839920864e-05,-0.20201006531715393,-0.000812952988781035,6,2,0.3333333333333333,3.35,0.6826773881912231
2214,13488,-9.002582373796031e-05,-0.4205097258090973,-0.0006853583035990596,19,4,0.21052631578947367,1.9,1.9918218851089478
2215,8295,-9.013400267576799e-05,-0.22179487347602844,-0.00037328252801671624,15,6,0.4,0.975,1.8590606451034546
2216,3589,-9.024510654853657e-05,-0.18500752747058868,-0.0004119554068893194,8,2,0.25,1.725,1.1968425512313843
2217,7781,-9.024520113598555e-05,-0.06330785155296326,-0.0004774426924996078,15,9,0.6,0.725,9.689657211303711
2218,3072,-9.033350215759128e-05,-0.22440364956855774,-0.0006436366820707917,4,2,0.5,0.8,0.5770890116691589
2219,6892,-9.087595390155911e-05,-0.1825070083141327,-0.000691422144882381,21,8,0.38095238095238093,1.025,1.803428292274475
2220,205,-9.166137897409499e-05,-0.18395107984542847,-0.0005400578957051039,5,0,0.0,0.175,0.2799450159072876
2221,9577,-9.187868272420019e-05,-0.2504774034023285,-0.0011518301907926798,11,3,0.2727272727272727,1.75,1.4618028402328491
2222,10088,-9.240487997885793e-05,-0.20242087543010712,-0.0008888664888218045,10,4,0.4,2.275,2.5066633224487305
2223,13349,-9.326013969257474e-05,-0.28601911664009094,-0.0009089518571272492,4,0,0.0,0.1,1.535666823387146
2224,7076,-9.389354090671986e-05,-0.4858708679676056,-0.0011143891606479883,19,5,0.2631578947368421,3.25,2.4617514610290527
2225,7705,-9.482849418418482e-05,-0.2118968665599823,-0.00033459553378634155,10,2,0.2,1.875,1.7237228155136108
2226,14698,-9.484114707447588e-05,-0.12279577553272247,-0.00043897322029806674,11,5,0.45454545454545453,4.025,2.4231858253479004
2227,13439,-9.518735168967396e-05,-0.03270505368709564,-0.001045214245095849,8,4,0.5,0.3,1.9168447256088257
2228,12272,-9.520175808575004e-05,-0.05976826697587967,-0.0010317097185179591,20,13,0.65,1.45,1.1909617185592651
2229,13236,-9.562709601595998e-05,-0.1537751853466034,-0.001420988468453288,6,3,0.5,1.65,1.2912486791610718
2230,8944,-9.568339737597853e-05,-0.14130565524101257,-0.0008189947111532092,20,8,0.4,1.475,3.7566630840301514
2231,2167,-9.576413140166551e-05,-0.1952439844608307,-0.0004968078574165702,8,3,0.375,0.925,0.8739433288574219
2232,5239,-9.648449486121535e-05,-0.15556278824806213,-0.002031042706221342,4,2,0.5,0.55,1.148481011390686
2233,9849,-9.770611359272152e-05,-0.1319248229265213,-0.00022170008742250502,17,7,0.4117647058823529,0.725,3.3336310386657715
2234,7133,-9.805809531826526e-05,-0.11531930416822433,-0.0010779763106256723,14,9,0.6428571428571429,2.125,2.5939698219299316
2235,2020,-9.824780136113986e-05,-0.22179456055164337,-0.0005682114860974252,25,9,0.36,2.45,2.484358310699463
2236,5903,-9.829890041146427e-05,-0.17151451110839844,-0.0002857646904885769,15,8,0.5333333333333333,1.4,1.5440819263458252
2237,13329,-9.836749086389318e-05,-0.19647598266601562,-0.0017037056386470795,19,6,0.3157894736842105,5.4,4.0125885009765625
2238,260,-9.866109030554071e-05,-0.21739763021469116,-0.0015469114296138287,7,3,0.42857142857142855,0.475,0.8258073925971985
2239,2537,-9.871636575553566e-05,-0.06816044449806213,0.00012836918176617473,15,9,0.6,4.475,1.7708015441894531
2240,3951,-9.94698639260605e-05,-0.07318662852048874,-0.0010331557132303715,21,8,0.38095238095238093,1.575,3.6586785316467285
2241,1214,-9.969895472750068e-05,-0.07323681563138962,-0.00040353467920795083,15,11,0.7333333333333333,1.5,2.2599403858184814
2242,8358,-9.981280891224742e-05,-0.12281825393438339,-0.0011892796028405428,9,4,0.4444444444444444,1.8,2.4098613262176514
2243,10187,-0.00010150697926292196,-0.3651544451713562,-0.0006787957390770316,17,4,0.23529411764705882,1.425,2.5181243419647217
2244,6128,-0.00010150896559935063,-0.04916275292634964,0.0010043702786788344,29,22,0.7586206896551724,6.1,3.2786319255828857
2245,15680,-0.00010184790880884975,-0.21233417093753815,-0.0007287400076165795,19,3,0.15789473684210525,4.925,1.654746413230896
2246,6697,-0.00010191793262492865,-0.35615992546081543,-0.0007499248604290187,19,3,0.15789473684210525,3.85,2.3332133293151855
2247,14072,-0.00010197077790508047,-0.06672675162553787,0.00025747992913238704,12,5,0.4166666666666667,0.8,1.8981720209121704
2248,495,-0.00010201290569966659,-0.3262334167957306,-0.0011823594104498625,11,4,0.36363636363636365,1.65,1.7475557327270508
2249,7051,-0.0001022286232910119,-0.26015955209732056,-0.0008837717468850315,16,7,0.4375,1.85,0.9819631576538086
2250,3122,-0.00010233473585685715,-0.2016010731458664,-0.0015839362749829888,15,4,0.26666666666666666,2.5,5.343493938446045
2251,1401,-0.00010242945427307859,-0.13949653506278992,-0.0018574189161881804,6,4,0.6666666666666666,0.35,1.4096407890319824
2252,1525,-0.00010281874710926786,-0.17183464765548706,-0.0008690391550771892,11,3,0.2727272727272727,0.85,2.1929659843444824
2253,9556,-0.00010299931454937905,-0.24177978932857513,-0.0014466257998719811,15,5,0.3333333333333333,4.45,2.114614486694336
2254,1897,-0.0001031451829476282,-0.167918860912323,-0.00027872921782545745,7,4,0.5714285714285714,1.025,0.5195899605751038
2255,9381,-0.00010500113421585411,-0.24078643321990967,-0.0016714383382350206,7,1,0.14285714285714285,2.425,0.7127809524536133
2256,4674,-0.00010506187391001731,-0.13346202671527863,-0.0010268233017995954,7,3,0.42857142857142855,1.075,1.6699597835540771
2257,9247,-0.00010542762174736708,-0.3591625988483429,-0.0010328462813049555,18,2,0.1111111111111111,2.4,3.7557616233825684
2258,12226,-0.00010614310303935781,-0.2637685537338257,-0.0006874826503917575,13,3,0.23076923076923078,2.525,0.9870562553405762
2259,2857,-0.00010674518125597388,-0.15761840343475342,-0.0022401302121579647,4,3,0.75,4.225,0.4630001187324524
2260,3317,-0.00010683948494261131,-0.26026657223701477,-0.001002731965854764,9,2,0.2222222222222222,0.675,4.660449028015137
2261,6005,-0.00010714183008531108,-0.08004836738109589,-0.0004153680638410151,22,11,0.5,1.15,3.593945264816284
2262,1796,-0.0001071660517482087,-0.23966781795024872,-0.0011480586836114526,13,5,0.38461538461538464,1.65,1.2192656993865967
2263,585,-0.0001085297335521318,-0.21152031421661377,-0.0006796520901843905,9,2,0.2222222222222222,0.725,0.9981273412704468
2264,12785,-0.00010886896779993549,-0.41172176599502563,-0.0010164185659959912,9,0,0.0,1.0,2.526597738265991
2265,10859,-0.00010892337013501674,-0.18178154528141022,-0.0017038934165611863,10,3,0.3,1.325,1.2910685539245605
2266,6882,-0.00010894555452978238,-0.18276983499526978,-0.0014282400952652097,16,4,0.25,8.125,2.1779274940490723
2267,1110,-0.00010915355233009905,-0.15010125935077667,-0.0010422320337966084,14,8,0.5714285714285714,3.575,2.505887985229492
2268,12694,-0.00010981047671521083,-0.1496584266424179,-0.0014563440345227718,11,6,0.5454545454545454,2.425,1.5721938610076904
2269,478,-0.00010990507144015282,-0.16641172766685486,-0.000679266988299787,5,1,0.2,0.5,0.9387683868408203
2270,2541,-0.00011050338798668236,-0.27233320474624634,-0.001070465543307364,15,6,0.4,1.9,1.7197555303573608
2271,552,-0.00011109686602139845,-0.28686967492103577,-0.0008404593681916595,13,6,0.46153846153846156,1.15,1.388120412826538
2272,6778,-0.00011111050844192505,-0.25644388794898987,-0.0006045639747753739,13,3,0.23076923076923078,1.0,2.58280611038208
2273,11841,-0.0001111370074795559,-0.2459702342748642,-0.0005978105473332107,12,1,0.08333333333333333,2.8,0.672609806060791
2274,2387,-0.0001112102618208155,-0.35551443696022034,-0.000660786172375083,17,3,0.17647058823529413,1.45,2.347806453704834
2275,9929,-0.0001118448781198822,-0.46282264590263367,-0.0011480010580271482,17,3,0.17647058823529413,2.5,2.580535411834717
2276,8013,-0.00011252212425461039,-0.15927879512310028,-0.0007676061941310763,8,6,0.75,1.55,0.624982476234436
2277,4211,-0.00011256905418122187,-0.16572415828704834,-0.0009477666462771595,4,1,0.25,2.95,1.287618637084961
2278,15981,-0.00011261070903856307,-0.5529508590698242,-0.0010608803713694215,16,1,0.0625,1.1,2.3841912746429443
2279,10311,-0.00011287788220215589,-0.13974064588546753,-0.002496289787814021,16,8,0.5,4.65,2.0023193359375
2280,7592,-0.0001140072854468599,-0.21730230748653412,-0.0019288690527901053,11,3,0.2727272727272727,1.85,0.6354678869247437
2281,7154,-0.00011438088404247537,-0.3617502450942993,-0.0011390706058591604,18,8,0.4444444444444444,2.825,3.9270503520965576
2282,2327,-0.00011441561946412548,-0.15065240859985352,-0.0005685844225808978,10,3,0.3,0.625,0.8550227880477905
2283,9683,-0.00011476515646791086,-0.26610174775123596,-0.0005075911176390946,8,2,0.25,0.225,0.3118267059326172
2284,11592,-0.0001148482333519496,-0.3636154234409332,-0.0013975873589515686,10,1,0.1,1.05,3.8983314037323
2285,9910,-0.00011514720972627401,-0.420395165681839,-0.0009599702316336334,19,4,0.21052631578947367,3.6,1.5223468542099
2286,7580,-0.00011597223056014627,-0.19492653012275696,-0.00043275830103084445,18,8,0.4444444444444444,1.125,2.199242115020752
2287,7731,-0.00011694894783431664,-0.2825567126274109,-0.0008211196400225163,14,5,0.35714285714285715,2.175,1.7135956287384033
2288,15097,-0.00011743219511117786,-0.21201790869235992,-0.0007932690787129104,6,2,0.3333333333333333,0.675,0.2771034240722656
2289,7545,-0.00011765178351197392,-0.2502201795578003,-0.0017314786091446877,4,0,0.0,0.575,0.5848597288131714
2290,5499,-0.00011795383034041151,-0.30927780270576477,-0.0009878266137093306,8,2,0.25,0.475,3.4407992362976074
2291,3272,-0.00011802309745689854,-0.07656294852495193,-0.0012377206003293395,15,7,0.4666666666666667,0.65,3.0147156715393066
2292,6133,-0.00011806085240095854,-0.16514064371585846,-0.0005121334688737988,4,1,0.25,0.2,0.24203157424926758
2293,15279,-0.00011809752322733402,-0.2927064001560211,-0.0005922111449763179,18,6,0.3333333333333333,3.25,1.870375394821167
2294,10396,-0.0001187303350889124,-0.194290429353714,-0.0017017818754538894,14,4,0.2857142857142857,0.85,3.15100359916687
2295,13404,-0.0001190124312415719,-0.3174043297767639,-0.000729284540284425,10,2,0.2,0.925,0.6105769276618958
2296,4554,-0.0001190579860121943,-0.22678102552890778,-0.0016240822151303291,9,2,0.2222222222222222,2.875,1.5075863599777222
2297,2924,-0.00011973812797805294,-0.2812165319919586,-0.0006212785956449807,19,11,0.5789473684210527,1.8,1.8227800130844116
2298,8508,-0.00011991306382697076,-0.3046669661998749,-0.001532011548988521,6,1,0.16666666666666666,1.75,1.6226623058319092
2299,9419,-0.00011994133092230186,-0.2861258089542389,-0.0008495049551129341,11,2,0.18181818181818182,0.575,1.8620761632919312
2300,7329,-0.0001200915066874586,-0.166827991604805,-0.00048197497380897403,4,1,0.25,0.4,0.3862220346927643
2301,14973,-0.00012024055467918515,-0.2101777344942093,-0.0005803296226076782,25,8,0.32,2.55,3.353286027908325
2302,9099,-0.00012115306162741035,-0.2923273742198944,-0.0009090317180380225,10,3,0.3,1.2,0.8817833065986633
2303,9137,-0.00012117240112274885,-0.23748746514320374,-0.0009283176623284817,8,1,0.125,1.7,1.1303527355194092
2304,12671,-0.00012133513519074768,-0.07163331657648087,-0.0012280864175409079,19,7,0.3684210526315789,2.825,2.851121664047241
2305,2567,-0.00012177042663097382,-0.4064406752586365,-0.0006701354868710041,14,3,0.21428571428571427,0.825,1.5656265020370483
2306,4321,-0.00012191619316581637,-0.17901703715324402,-0.0006569462129846215,7,1,0.14285714285714285,0.175,1.0322304964065552
2307,5954,-0.00012311858881730586,-0.10400893539190292,-0.0016723467269912362,20,11,0.55,2.925,2.7856993675231934
2308,16018,-0.00012385168520268053,-0.39760392904281616,-0.0008223479380831122,20,4,0.2,1.975,2.871234655380249
2309,5537,-0.00012426104512996972,-0.27196985483169556,-0.0006895799888297915,13,1,0.07692307692307693,1.075,1.0469655990600586
2310,3579,-0.0001245496387127787,-0.12364780157804489,-0.0007704703020863235,8,4,0.5,0.875,1.3054351806640625
2311,15975,-0.00012480330769903958,-0.36323320865631104,-0.0009164955699816346,14,2,0.14285714285714285,0.675,0.8898273706436157
2312,5044,-0.00012529180094134063,-0.1676812618970871,-0.0004549164732452482,18,7,0.3888888888888889,2.3,1.9530515670776367
2313,15559,-0.00012530227832030505,-0.44652825593948364,-0.000904184125829488,15,1,0.06666666666666667,1.1,1.6243505477905273
2314,13949,-0.00012555821740534157,-0.3347027599811554,-0.0007410047692246735,9,1,0.1111111111111111,2.3,0.668199896812439
2315,2194,-0.00012592002167366445,-0.1421661227941513,-0.0025384840555489063,5,2,0.4,1.325,0.41174522042274475
2316,14126,-0.00012668242561630905,-0.24312278628349304,-0.0009815646335482597,17,7,0.4117647058823529,3.125,3.312107801437378
2317,6951,-0.0001270844368264079,-0.19541029632091522,-0.0013269048649817705,9,4,0.4444444444444444,1.175,2.9459404945373535
2318,10193,-0.0001272132503800094,-0.26566261053085327,-0.0017479343805462122,21,7,0.3333333333333333,4.325,4.658689975738525
2319,5780,-0.00012809319014195353,-0.14441440999507904,-0.00024379021488130093,4,1,0.25,0.75,1.550392746925354
2320,11318,-0.0001283600286114961,-0.36826562881469727,-0.0009352731285616755,18,4,0.2222222222222222,1.05,2.182926893234253
2321,7191,-0.0001290114305447787,-0.22294935584068298,-0.0012879226123914123,10,1,0.1,1.975,2.109945774078369
2322,15320,-0.00012903028982691467,-0.09541559964418411,2.8104986995458603e-06,28,18,0.6428571428571429,11.4,2.5586485862731934
2323,14829,-0.00012965171481482685,-0.17898209393024445,-0.0014050607569515705,27,9,0.3333333333333333,8.35,1.7502886056900024
2324,6865,-0.00013083107478450984,-0.04698656499385834,-0.0009765953291207552,23,4,0.17391304347826086,3.6,3.0949008464813232
2325,2108,-0.00013155720080249012,-0.37102794647216797,-0.0008633583784103394,24,4,0.16666666666666666,2.875,3.0838258266448975
2326,13303,-0.00013232725905254483,-0.2689938545227051,-0.001650105812586844,11,4,0.36363636363636365,1.975,1.0341157913208008
2327,173,-0.00013244905858300626,-0.1257142871618271,-0.0005984714371152222,19,7,0.3684210526315789,1.7,2.9999287128448486
2328,5953,-0.0001324984332313761,-0.3542947769165039,-0.0006687109125778079,15,2,0.13333333333333333,2.675,1.645200490951538
2329,4709,-0.00013414665590971708,-0.31307587027549744,-0.0009470093064010143,18,9,0.5,2.2,2.017033338546753
2330,4182,-0.0001341875467915088,-0.27475595474243164,-0.0012391393538564444,17,8,0.47058823529411764,5.8,2.7570712566375732
2331,11992,-0.0001344160409644246,-0.3293074071407318,-0.0015315072378143668,16,4,0.25,4.875,1.5564546585083008
2332,2636,-0.00013476413732860237,-0.11356654018163681,-0.0029051394667476416,16,3,0.1875,1.325,2.9079489707946777
2333,4037,-0.00013605410640593618,-0.21882936358451843,-0.00044426353997550905,8,2,0.25,0.575,0.2514740526676178
2334,9757,-0.00013753581151831895,-0.12316077202558517,-0.0029777418822050095,16,11,0.6875,4.55,1.6584059000015259
2335,8582,-0.0001381510664941743,-0.3630582094192505,-0.0018939422443509102,20,12,0.6,4.675,2.179495334625244
2336,7392,-0.00013832698459737003,-0.17924284934997559,-0.0025908576790243387,10,5,0.5,1.5,4.475498199462891
2337,9459,-0.0001384902570862323,-0.16761739552021027,-0.0008158078417181969,11,4,0.36363636363636365,2.625,0.7433100938796997
2338,10194,-0.00013851947733201087,-0.24125230312347412,-0.0006085231434553862,11,5,0.45454545454545453,1.775,1.2393810749053955
2339,8909,-0.00014009194273967296,-0.25645503401756287,-0.0011743828654289246,17,7,0.4117647058823529,1.825,1.0260002613067627
2340,15777,-0.00014016273780725896,-0.110897496342659,-0.00037646060809493065,5,1,0.2,0.15,2.0078158378601074
2341,10177,-0.00014168210327625275,-0.3063560426235199,-0.001967205200344324,8,1,0.125,0.4,1.862931489944458
2342,4955,-0.00014334886509459466,-0.271255761384964,-0.0012518997536972165,14,4,0.2857142857142857,2.5,2.1373677253723145
2343,13231,-0.0001434590813005343,-0.280238538980484,-0.0012879760470241308,7,1,0.14285714285714285,0.9,1.9172967672348022
2344,1366,-0.00014377526531461626,-0.19567300379276276,-0.0007022795034572482,11,4,0.36363636363636365,0.9,2.0116474628448486
2345,8384,-0.00014518789248540998,-0.07268626987934113,-0.0016442022752016783,14,5,0.35714285714285715,0.9,4.653473854064941
2346,9948,-0.00014619773719459772,-0.21171627938747406,-0.0016698107356205583,17,4,0.23529411764705882,1.675,0.9409724473953247
2347,14294,-0.00014649708464276046,-0.15057392418384552,-0.00040230597369372845,14,7,0.5,1.875,3.133439779281616
2348,1231,-0.0001469053386244923,-0.041989218443632126,0.0002551595971453935,38,21,0.5526315789473685,13.8,6.442172050476074
2349,3618,-0.00014690918033011258,-0.21899527311325073,-0.0008833759347908199,28,8,0.2857142857142857,3.575,3.3592312335968018
2350,10623,-0.00014702891348861158,-0.16133332252502441,-0.00024107164063025266,16,9,0.5625,1.525,1.1164557933807373
2351,11088,-0.00014724086213391274,-0.14538997411727905,-0.0012206460814923048,9,7,0.7777777777777778,3.075,0.9836219549179077
2352,809,-0.00014758776524104178,-0.32665225863456726,-0.0009114956483244896,14,2,0.14285714285714285,2.7,1.108001470565796
2353,3487,-0.0001490781723987311,-0.3016878664493561,-0.002559749409556389,17,5,0.29411764705882354,8.4,1.728549599647522
2354,8183,-0.00014990774798206985,-0.21210728585720062,-0.0005368910497054458,19,4,0.21052631578947367,1.7,1.649127721786499
2355,3701,-0.00015029373753350228,-0.24365773797035217,-0.0008124032174237072,9,1,0.1111111111111111,0.525,1.9032230377197266
2356,2099,-0.0001505363470641896,-0.2790791094303131,-0.0010756740812212229,16,5,0.3125,0.975,1.1312906742095947
2357,13502,-0.0001507936103735119,-0.1685221791267395,-0.0005279766628518701,12,5,0.4166666666666667,1.15,1.1907761096954346
2358,7738,-0.00015103760233614594,-0.3789108991622925,-0.001594817265868187,17,2,0.11764705882352941,2.3,1.8102718591690063
2359,14672,-0.00015311154129449278,-0.36246198415756226,-0.0014264562632888556,14,2,0.14285714285714285,1.325,1.735917329788208
2360,894,-0.00015317727229557931,-0.05871002748608589,0.0021309680305421352,32,26,0.8125,3.65,3.4064292907714844
2361,14419,-0.00015345457359217107,-0.05968523398041725,-0.0010435982840135694,11,5,0.45454545454545453,2.8,2.1258931159973145
2362,522,-0.00015346668078564107,-0.21860145032405853,-0.0009401378920301795,7,1,0.14285714285714285,0.5,0.5144091844558716
2363,7852,-0.00015409760817419738,-0.16575758159160614,-0.0012859937269240618,5,2,0.4,0.35,1.4133970737457275
2364,9769,-0.00015430524945259094,-0.28257524967193604,-0.0012412494979798794,11,5,0.45454545454545453,0.975,5.477978706359863
2365,11241,-0.00015499076107516885,-0.39879950881004333,-0.0019213196355849504,14,0,0.0,1.925,2.2623794078826904
2366,12396,-0.00015546174836345017,-0.35738518834114075,-0.000779828114900738,14,4,0.2857142857142857,0.5,1.3374145030975342
2367,10065,-0.00015571911353617907,-0.2692413926124573,-0.0016467993846163154,8,0,0.0,1.55,0.9902652502059937
2368,311,-0.00015599442122038454,-0.09639733284711838,-0.00046278248191811144,23,6,0.2608695652173913,7.85,3.5986380577087402
2369,13151,-0.0001563196419738233,-0.15947897732257843,-0.0006210012943483889,6,2,0.3333333333333333,0.8,0.7100733518600464
2370,10080,-0.00015670609718654305,-0.31645306944847107,-0.0010981560917571187,12,1,0.08333333333333333,1.775,2.6973814964294434
2371,15238,-0.00015852942306082696,-0.20205125212669373,-0.0006811261409893632,9,2,0.2222222222222222,1.0,0.8421023488044739
2372,4236,-0.0001590486353961751,-0.3563542366027832,-0.000958373595494777,11,1,0.09090909090909091,0.825,0.9534516334533691
2373,59,-0.00016136965132318437,-0.27138015627861023,-0.0011439442168921232,13,7,0.5384615384615384,1.225,2.7097179889678955
2374,12271,-0.00016527430852875113,-0.24022053182125092,-0.0008213362889364362,16,6,0.375,0.95,2.4821829795837402
2375,14832,-0.00016624780255369842,-0.4142566919326782,-0.0012164217187091708,22,6,0.2727272727272727,1.65,2.072011947631836
2376,1956,-0.00016677087114658207,-0.1314559429883957,-0.0035146865993738174,7,5,0.7142857142857143,1.225,0.5952261686325073
2377,9293,-0.00016677465464454144,-0.16086938977241516,-0.00013113755267113447,22,4,0.18181818181818182,1.775,2.714385986328125
2378,462,-0.0001667810429353267,-0.189521923661232,-0.0014139374252408743,7,1,0.14285714285714285,0.675,0.7125499844551086
2379,5126,-0.00016714356024749577,-0.1071789562702179,-0.000705836049746722,15,8,0.5333333333333333,2.05,1.5801923274993896
2380,15340,-0.0001677189429756254,-0.3529726266860962,-0.0012010857462882996,10,1,0.1,1.25,0.7207412719726562
2381,3945,-0.0001677697291597724,-0.4352121651172638,-0.0010490252170711756,15,2,0.13333333333333333,2.55,1.726569414138794
2382,1032,-0.00016825154307298362,-0.2521666884422302,-0.0012423519510775805,5,0,0.0,0.45,0.36879998445510864
2383,13211,-0.00016844304627738893,-0.15722252428531647,-0.0022705215960741043,5,1,0.2,2.975,1.1433659791946411
2384,1963,-0.00016899348702281713,-0.17741726338863373,-0.0019171051681041718,4,1,0.25,1.85,1.2745065689086914
2385,3664,-0.0001690549252089113,-0.537845253944397,-0.0013412353582680225,17,2,0.11764705882352941,1.375,1.7591686248779297
2386,6572,-0.0001692057412583381,-0.13925237953662872,-0.0018584942445158958,14,6,0.42857142857142855,3.025,1.4523563385009766
2387,9342,-0.00016934849554672837,-0.22691728174686432,-0.000798310327809304,9,3,0.3333333333333333,1.1,0.5990545153617859
2388,2286,-0.00016974644677247852,-0.32670333981513977,-0.0011979880509898067,16,5,0.3125,1.275,1.337358832359314
2389,9827,-0.00016977329505607486,-0.1963444948196411,-0.0007597224321216345,9,3,0.3333333333333333,2.625,1.2996842861175537
2390,4741,-0.00017155212117359042,-0.16120409965515137,-0.0010063834488391876,4,1,0.25,0.225,0.7279711365699768
2391,1852,-0.00017198655405081809,-0.24866467714309692,-0.0008595961844548583,16,5,0.3125,3.4,1.6938308477401733
2392,5556,-0.0001729958748910576,-0.3771169185638428,-0.001471909461542964,13,2,0.15384615384615385,0.825,2.3563730716705322
2393,15504,-0.0001740403240546584,-0.25965166091918945,-0.001185503089800477,13,5,0.38461538461538464,0.95,2.3752167224884033
2394,14105,-0.0001744933833833784,-0.37869200110435486,-0.001460919389501214,11,3,0.2727272727272727,1.375,1.862433671951294
2395,9468,-0.00017524910799693316,-0.41802820563316345,-0.0016575964400544763,15,3,0.2,3.6,2.5301647186279297
2396,8753,-0.0001784562336979434,-0.09794779866933823,-0.0021593973506242037,19,12,0.631578947368421,2.35,2.683295488357544
2397,9921,-0.000179898866917938,-0.3516061007976532,-0.0016588388243690133,14,5,0.35714285714285715,1.775,2.8052420616149902
2398,5942,-0.00018054843530990183,-0.2508850395679474,-0.0009723423281684518,15,5,0.3333333333333333,1.4,1.0152359008789062
2399,4507,-0.00018373840430285782,-0.17260326445102692,-0.0010708741610869765,9,2,0.2222222222222222,1.0,1.81745183467865
2400,11766,-0.0001851969864219427,-0.12904943525791168,-0.0015129627427086234,10,4,0.4,0.25,1.2242883443832397
2401,12546,-0.00018537495634518564,-0.38203009963035583,-0.0011997099500149488,17,6,0.35294117647058826,1.25,2.971374273300171
2402,12115,-0.00018550550157669932,-0.28900739550590515,-0.000983703532256186,13,6,0.46153846153846156,1.8,0.8894284963607788
2403,5469,-0.00018553364498075098,-0.2472420334815979,-0.0014758453471586108,14,4,0.2857142857142857,1.0,2.004476547241211
2404,5441,-0.00018729035218711942,-0.3437759280204773,-0.0012340310495346785,24,5,0.20833333333333334,2.3,3.891024351119995
2405,4136,-0.00018765119602903724,-0.2387448102235794,-0.0025713625364005566,12,3,0.25,1.575,0.8941774368286133
2406,15764,-0.00018774882482830435,-0.2681289315223694,-0.001108938711695373,13,0,0.0,1.15,1.013866662979126
2407,5146,-0.0001879034098237753,-0.3173304796218872,-0.0015920648584142327,13,2,0.15384615384615385,5.025,2.1069254875183105
2408,10509,-0.00018823999562300742,-0.11522221565246582,-0.0007407517405226827,10,6,0.6,0.6,2.3576722145080566
2409,7966,-0.00018848436593543738,-0.3614748418331146,-0.0011767263058573008,21,3,0.14285714285714285,1.475,2.54209303855896
2410,1345,-0.00019043413340114057,-0.25152304768562317,-0.0019076874013990164,9,4,0.4444444444444444,2.1,2.1428749561309814
2411,7617,-0.0001904877572087571,-0.10723141580820084,-0.0017965633887797594,11,5,0.45454545454545453,2.475,2.519408702850342
2412,3770,-0.00019114928727503866,-0.19469928741455078,-0.0018570336978882551,16,4,0.25,1.375,2.770228147506714
2413,12534,-0.0001912189763970673,-0.3632805049419403,-0.001490354654379189,11,1,0.09090909090909091,1.125,1.8924894332885742
2414,6218,-0.00019221410911995918,-0.34883642196655273,-0.0018364336574450135,25,9,0.36,4.1,3.724367618560791
2415,533,-0.00019250372133683413,-0.41177448630332947,-0.0014621498994529247,22,3,0.13636363636363635,3.4,2.6232457160949707
2416,16347,-0.0001939796784427017,-0.14713118970394135,-0.0009757696534506977,12,4,0.3333333333333333,2.225,1.7785015106201172
2417,5201,-0.00019406111096031964,-0.1609434187412262,-0.0027443915605545044,15,8,0.5333333333333333,2.55,1.514065146446228
2418,6422,-0.00019502095528878272,-0.33331093192100525,-0.0010509283747524023,12,0,0.0,1.0,1.7479803562164307
2419,3457,-0.00019507887191139162,-0.14762599766254425,-0.001612311927601695,6,4,0.6666666666666666,0.575,1.9605381488800049
2420,2845,-0.00019558201893232763,-0.12608282268047333,-0.004474559333175421,4,1,0.25,0.525,1.6713588237762451
2421,3257,-0.00019590501324273646,-0.3073830306529999,-0.003054616739973426,20,8,0.4,9.0,2.840846300125122
2422,14691,-0.0001961159287020564,-0.2611904740333557,-0.0026587757747620344,9,1,0.1111111111111111,1.875,2.008878231048584
2423,3170,-0.00019708166655618697,-0.27018019556999207,-0.0015564269851893187,20,8,0.4,2.075,1.6235755681991577
2424,14243,-0.00019711647473741323,-0.15143898129463196,-0.0017867663409560919,8,6,0.75,0.95,2.9046149253845215
2425,11896,-0.00019798155699390918,-0.10827822238206863,-0.0036502659786492586,9,6,0.6666666666666666,1.025,1.7713348865509033
2426,5270,-0.00020255238632671535,-0.22785860300064087,-0.0009464641916565597,15,1,0.06666666666666667,1.6,1.150522232055664
2427,206,-0.00020339436014182866,-0.29263654351234436,-0.0012403263244777918,8,1,0.125,0.6,0.4352889955043793
2428,5120,-0.0002034494827967137,-0.12247579544782639,-0.0024755035992711782,31,9,0.2903225806451613,3.925,5.004975318908691
2429,12862,-0.00020360371854621917,-0.2167108952999115,-0.0029742647893726826,22,8,0.36363636363636365,7.725,3.773841142654419
2430,16281,-0.00020475147175602615,-0.1914054900407791,-0.0016929593402892351,24,9,0.375,7.05,5.2262282371521
2431,6363,-0.00020482091349549592,-0.335926353931427,-0.0017289528623223305,8,2,0.25,0.775,5.714236259460449
2432,13956,-0.0002057430538116023,-0.2406644970178604,-0.002772489096969366,10,0,0.0,1.675,0.7756087183952332
2433,11939,-0.00020624685566872358,-0.3971501290798187,-0.0014740900369361043,23,6,0.2608695652173913,2.35,2.807081937789917
2434,14944,-0.0002076074742944911,-0.47624868154525757,-0.0020681966561824083,14,0,0.0,1.075,1.3307729959487915
2435,14676,-0.00020785941160283983,-0.20763848721981049,-0.0011489628814160824,10,1,0.1,0.775,1.1823396682739258
2436,10407,-0.0002082331629935652,-0.1969108283519745,-0.0013848909875378013,18,10,0.5555555555555556,4.7,3.0199387073516846
2437,13215,-0.0002092838112730533,-0.3615577518939972,-0.0018934791442006826,14,5,0.35714285714285715,1.125,1.8498729467391968
2438,209,-0.00021262606605887413,-0.13726885616779327,-0.0022954880259931087,21,13,0.6190476190476191,2.275,1.9572288990020752
2439,5238,-0.00021448777988553047,-0.3388619124889374,-0.0017569528426975012,9,1,0.1111111111111111,1.125,2.2787418365478516
2440,13402,-0.00021897249098401517,-0.1807771623134613,-0.0010174668859690428,10,1,0.1,1.65,0.853066623210907
2441,9353,-0.0002199724840465933,-0.49497464299201965,-0.002133917296305299,23,5,0.21739130434782608,6.575,2.4112226963043213
2442,742,-0.00022060210176277906,-0.1774720698595047,-0.0011958939721807837,4,1,0.25,0.475,0.419705867767334
2443,2953,-0.00022077390167396516,-0.26601865887641907,-0.0010934591991826892,16,2,0.125,1.625,1.8785896301269531
2444,13057,-0.00022143707610666752,-0.27374330163002014,-0.00298630865290761,6,1,0.16666666666666666,0.6,0.6230652928352356
2445,6210,-0.0002229796227766201,-0.244575634598732,-0.0018811507616192102,9,2,0.2222222222222222,1.15,0.7422815561294556
2446,12754,-0.00022387620992958546,-0.2101963311433792,-0.0011295551666989923,6,1,0.16666666666666666,0.725,0.907563328742981
2447,324,-0.0002246148360427469,-0.23051072657108307,-0.0023849946446716785,13,6,0.46153846153846156,0.8,1.3517249822616577
2448,2741,-0.00022472781711257994,-0.19604818522930145,-0.0031786994077265263,6,1,0.16666666666666666,0.55,1.038916826248169
2449,11275,-0.00022473325952887535,-0.3004485070705414,-0.0020393640734255314,10,1,0.1,0.975,4.298357963562012
2450,10863,-0.0002248058735858649,-0.17836295068264008,-0.0025649587623775005,7,0,0.0,2.425,0.7447693943977356
2451,5232,-0.00022568560962099582,-0.08619468659162521,-0.002034140983596444,17,13,0.7647058823529411,12.825,2.7340874671936035
2452,10380,-0.0002260934270452708,-0.15194441378116608,-0.0016766417538747191,16,10,0.625,7.725,3.4788200855255127
2453,8977,-0.0002264214272145182,-0.19740712642669678,-0.003558226628229022,8,2,0.25,3.275,1.8505537509918213
2454,3630,-0.00022686051670461893,-0.18158340454101562,-0.002068402012810111,20,7,0.35,2.825,3.3599801063537598
2455,16102,-0.00022693071514368057,-0.2888928949832916,-0.0015077991411089897,7,1,0.14285714285714285,1.25,1.0006977319717407
2456,1602,-0.00022701411216985434,-0.3701384961605072,-0.0014111078344285488,19,5,0.2631578947368421,4.45,3.455298662185669
2457,12940,-0.0002289550902787596,-0.15586215257644653,-0.0009601358324289322,8,2,0.25,0.675,2.1548547744750977
2458,5204,-0.00022986852854955941,-0.165591761469841,-0.000945114647038281,8,1,0.125,0.7,1.6781524419784546
2459,8346,-0.00023011324810795486,-0.28130125999450684,-0.002099500736221671,27,14,0.5185185185185185,1.75,3.6915335655212402
2460,1712,-0.000230713005294092,-0.09863380342721939,-0.0007389099337160587,25,7,0.28,6.325,2.7359368801116943
2461,6051,-0.00023250053345691413,-0.19464430212974548,-0.0021496869157999754,17,6,0.35294117647058826,2.5,1.5333720445632935
2462,10173,-0.000234670820645988,-0.29270148277282715,-0.00245867227204144,11,1,0.09090909090909091,2.0,1.0794579982757568
2463,15088,-0.0002351430302951485,-0.20263808965682983,-0.0013398653827607632,12,0,0.0,1.675,1.1789735555648804
2464,13546,-0.0002354432363063097,-0.2319173514842987,-0.002649485832080245,6,0,0.0,1.125,1.309924840927124
2465,16338,-0.0002355262404307723,-0.34681734442710876,-0.0014223158359527588,20,3,0.15,1.075,2.0656301975250244
2466,16353,-0.0002364935353398323,-0.44828546047210693,-0.0019493981963023543,15,2,0.13333333333333333,1.1,1.776842713356018
2467,7893,-0.00023664100444875658,-0.25220775604248047,-0.0018299805233255029,8,3,0.375,0.875,1.5952813625335693
2468,8915,-0.00023714909912087023,-0.4251346290111542,-0.0015580197796225548,26,5,0.19230769230769232,4.325,2.7428581714630127
2469,4938,-0.00023901295207906514,-0.21322542428970337,-0.0022901645861566067,16,5,0.3125,1.875,3.9341723918914795
2470,5210,-0.0002400077210040763,-0.4301353693008423,-0.0029594488441944122,10,1,0.1,1.325,1.2134164571762085
2471,7344,-0.00024103219038806856,-0.15967893600463867,-0.0030525873880833387,18,6,0.3333333333333333,2.9,3.045006275177002
2472,11671,-0.00024220316845458,-0.18607477843761444,-0.001929696649312973,7,2,0.2857142857142857,1.1,2.8599469661712646
2473,8533,-0.00024419435067102313,-0.22365723550319672,-0.0011958146933466196,4,1,0.25,0.375,0.9120937585830688
2474,14928,-0.00024443224538117647,-0.29908204078674316,-0.0020213075913488865,14,5,0.35714285714285715,0.925,2.3357720375061035
2475,713,-0.00024488093913532794,-0.11133499443531036,-0.0025774757377803326,17,6,0.35294117647058826,1.75,2.87753963470459
2476,14357,-0.00024543036124669015,-0.2537573575973511,-0.0021616395097225904,13,5,0.38461538461538464,1.275,4.776938438415527
2477,8244,-0.00024586039944551885,-0.42591747641563416,-0.0020180242136120796,14,2,0.14285714285714285,1.2,2.2185375690460205
2478,1370,-0.00024600038887001574,-0.14502906799316406,-0.0013897535391151905,13,2,0.15384615384615385,1.225,2.520814895629883
2479,14481,-0.0002473906788509339,-0.25389364361763,-0.0013266172027215362,18,4,0.2222222222222222,3.7,1.5092190504074097
2480,1529,-0.0002476978115737438,-0.2661253809928894,-0.0036029641050845385,17,4,0.23529411764705882,2.05,3.5628795623779297
2481,15532,-0.0002485216537024826,-0.3393586575984955,-0.0012948856456205249,18,6,0.3333333333333333,1.45,2.5545687675476074
2482,13934,-0.0002489384787622839,-0.1086767390370369,0.0002163053723052144,32,10,0.3125,14.0,5.267955303192139
2483,7468,-0.00024957465939223766,-0.37042707204818726,-0.0013981254305690527,18,2,0.1111111111111111,1.35,2.728764772415161
2484,1444,-0.0002496871748007834,-0.17552250623703003,-0.004519158508628607,12,3,0.25,1.5,1.3907060623168945
2485,4942,-0.0002498547837603837,-0.307216614484787,-0.0020030036102980375,12,4,0.3333333333333333,2.625,0.9857595562934875
2486,15382,-0.0002521476417314261,-0.18909691274166107,-0.004939429461956024,4,1,0.25,2.0,0.7259150147438049
2487,10418,-0.00025223364355042577,-0.15642224252223969,-0.00240684044547379,11,3,0.2727272727272727,1.225,3.576868772506714
2488,11445,-0.000253803504165262,-0.36002975702285767,-0.00179950799793005,20,5,0.25,7.45,1.9274489879608154
2489,9178,-0.0002543852315284312,-0.15347671508789062,-0.004183265380561352,13,6,0.46153846153846156,4.325,2.348830461502075
2490,12044,-0.000254801067057997,-0.1692599207162857,-0.0023932787589728832,19,10,0.5263157894736842,1.725,2.618957996368408
2491,3507,-0.00025534877204336226,-0.17869414389133453,-0.0015003985026851296,5,0,0.0,0.375,0.8777359127998352
2492,2497,-0.00025781465228646994,-0.35777437686920166,-0.0030155747663229704,13,2,0.15384615384615385,1.575,3.5636146068573
2493,4184,-0.0002587525232229382,-0.2865379750728607,-0.0029986666049808264,13,2,0.15384615384615385,11.9,2.5977556705474854
2494,8249,-0.0002587973140180111,-0.2118375450372696,-0.0004109126457478851,30,11,0.36666666666666664,5.125,4.778207302093506
2495,507,-0.0002590311341919005,-0.6452752351760864,-0.0029225873295217752,26,2,0.07692307692307693,3.575,3.9855618476867676
2496,15740,-0.00025945648667402565,-0.16833831369876862,-0.004016476683318615,16,5,0.3125,2.025,4.863616466522217
2497,13631,-0.00026177559630014,-0.25602132081985474,-0.0028249025344848633,14,2,0.14285714285714285,5.75,1.215118408203125
2498,13359,-0.000261845241766423,-0.32922759652137756,-0.002213610801845789,11,3,0.2727272727272727,0.7,0.8559646606445312
2499,29,-0.0002621764724608511,-0.2904375493526459,-0.0020384404342621565,12,4,0.3333333333333333,1.175,1.066921591758728
2500,11264,-0.0002690888359211385,-0.37789976596832275,-0.002461480675265193,14,1,0.07142857142857142,1.525,1.2892184257507324
2501,15744,-0.0002693989663384855,-0.28752103447914124,-0.002003828762099147,26,9,0.34615384615384615,9.875,2.4359729290008545
2502,9868,-0.00026953633641824126,-0.17237259447574615,-0.0018432704964652658,17,6,0.35294117647058826,3.15,1.3156427145004272
2503,6288,-0.00027041969588026404,-0.243490532040596,-0.002748576458543539,6,2,0.3333333333333333,1.4,0.6765128970146179
2504,2772,-0.0002712156274355948,-0.15530304610729218,-0.0014992000069469213,5,3,0.6,0.4,1.9609771966934204
2505,4381,-0.0002728222752921283,-0.2250661998987198,-0.000704488658811897,21,3,0.14285714285714285,1.725,2.985304594039917
2506,13845,-0.00027429847978055477,-0.30495399236679077,-0.0032173071522265673,10,1,0.1,1.825,0.5472601652145386
2507,4672,-0.00027472927467897534,-0.24692930281162262,-0.002013063756749034,19,5,0.2631578947368421,3.5,3.4848053455352783
2508,11339,-0.0002747903054114431,-0.4773743152618408,-0.002794592408463359,15,2,0.13333333333333333,9.275,2.2132411003112793
2509,9163,-0.00027678144397214055,-0.32087960839271545,-0.001635127468034625,18,3,0.16666666666666666,3.7,3.9408633708953857
2510,11683,-0.0002805621479637921,-0.3693361282348633,-0.0031573432497680187,10,0,0.0,3.7,1.051501750946045
2511,15031,-0.00028334048693068326,-0.18781596422195435,-0.001607636222615838,18,5,0.2777777777777778,1.625,1.1394859552383423
2512,10802,-0.0002840686938725412,-0.4433274269104004,-0.0018048894125968218,18,1,0.05555555555555555,1.65,2.0482094287872314
2513,9311,-0.0002841610985342413,-0.2371191531419754,-0.0024233083240687847,10,1,0.1,1.275,2.345881938934326
2514,14739,-0.00028615613700821996,-0.3457909822463989,-0.0017262697219848633,15,3,0.2,1.6,1.8630567789077759
2515,827,-0.00028617389034479856,-0.11167695373296738,0.0016684479778632522,32,16,0.5,13.775,3.0675740242004395
2516,15818,-0.00028773609665222466,-0.20552261173725128,-0.0035638646222651005,16,7,0.4375,2.625,4.300076484680176
2517,12173,-0.0002891159674618393,-0.3347107768058777,-0.0045049479231238365,13,5,0.38461538461538464,13.325,2.1359782218933105
2518,10615,-0.0002891878830268979,-0.4124477803707123,-0.0017708450322970748,23,4,0.17391304347826086,1.975,4.1984148025512695
2519,9559,-0.0002902316045947373,-0.5036165118217468,-0.0034628610592335463,22,2,0.09090909090909091,4.275,2.882153034210205
2520,1262,-0.00029064618865959346,-0.26885053515434265,-0.0032963480334728956,17,2,0.11764705882352941,1.575,3.5930538177490234
2521,12900,-0.00029246561462059617,-0.17212800681591034,-0.002789206337183714,10,5,0.5,2.3,3.4545722007751465
2522,12103,-0.0002945272426586598,-0.12226662039756775,-0.0028018399607390165,11,5,0.45454545454545453,0.775,1.7520854473114014
2523,161,-0.00029506688588298857,-0.1916041374206543,-0.004591206554323435,14,2,0.14285714285714285,4.475,1.416485071182251
2524,14951,-0.0002974543604068458,-0.26217690110206604,-0.002660352736711502,5,1,0.2,0.625,0.2729157507419586
2525,970,-0.00029891880694776773,-0.3636121153831482,-0.0023269527591764927,16,1,0.0625,1.35,1.8349841833114624
2526,14752,-0.00030354171758517623,-0.43100205063819885,-0.0027963307220488787,12,1,0.08333333333333333,1.25,1.3568651676177979
2527,9605,-0.00030389620224013925,-0.36156749725341797,-0.002796633169054985,23,3,0.13043478260869565,3.3,1.6848080158233643
2528,4581,-0.0003158756298944354,-0.22491993010044098,-0.0010465476661920547,16,4,0.25,0.95,2.154053211212158
2529,14454,-0.0003180956409778446,-0.3152594566345215,-0.0027519618161022663,11,2,0.18181818181818182,0.65,1.4135704040527344
2530,4309,-0.00031961750937625766,-0.4647138714790344,-0.002485505770891905,12,0,0.0,1.05,2.23150897026062
2531,5691,-0.00032136906520463526,-0.1360604614019394,-0.002007824368774891,17,6,0.35294117647058826,6.85,2.5562660694122314
2532,8474,-0.00032146251760423183,-0.3029356002807617,-0.002750147832557559,8,3,0.375,0.25,5.443864345550537
2533,1030,-0.00032172311330214143,-0.24993674457073212,-0.0035934143234044313,10,2,0.2,3.1,0.8327109217643738
2534,2526,-0.00032234896207228303,-0.15503555536270142,-0.000865020789206028,16,7,0.4375,1.7,1.2460705041885376
2535,3774,-0.0003224527754355222,-0.4507821500301361,-0.0022029089741408825,18,1,0.05555555555555555,1.8,2.206608295440674
2536,11812,-0.00032779262983240187,-0.13167326152324677,-0.005473454017192125,19,7,0.3684210526315789,2.1,2.5178921222686768
2537,9005,-0.000328093214193359,-0.13865800201892853,-0.005496243946254253,14,9,0.6428571428571429,4.15,2.188927173614502
2538,7481,-0.0003313376219011843,-0.5110713839530945,-0.0026375059969723225,23,3,0.13043478260869565,4.25,1.8081680536270142
2539,10278,-0.00033336380147375166,-0.25257155299186707,-0.0011694042477756739,18,9,0.5,1.325,1.5233107805252075
2540,8973,-0.00033619365422055125,-0.2560639977455139,-0.001585210906341672,9,2,0.2222222222222222,1.95,0.7287231683731079
2541,16173,-0.0003416098770685494,-0.2731398940086365,-0.00391253549605608,10,3,0.3,2.4,0.9201557040214539
2542,11485,-0.000342656800057739,-0.32245534658432007,-0.0026282428298145533,8,1,0.125,0.55,1.627989411354065
2543,4603,-0.00034347298787906766,-0.19222161173820496,-0.0016836042050272226,13,2,0.15384615384615385,1.35,1.9622571468353271
2544,4598,-0.00034451563260518014,-0.18415729701519012,-0.000517680193297565,17,10,0.5882352941176471,0.8,0.8446817398071289
2545,8539,-0.0003494616539683193,-0.11391394585371017,0.0010918445186689496,19,10,0.5263157894736842,7.175,1.4826749563217163
2546,4426,-0.00035018654307350516,-0.23290866613388062,-0.0028095305897295475,6,0,0.0,0.75,0.42796212434768677
2547,7349,-0.0003564366197679192,-0.5394225120544434,-0.002681275364011526,22,4,0.18181818181818182,9.2,2.293320417404175
2548,11686,-0.00036375157651491463,-0.17650136351585388,-0.001604595803655684,19,6,0.3157894736842105,2.15,1.980245590209961
2549,2471,-0.0003648664860520512,-0.12080683559179306,-0.0005791028961539268,9,6,0.6666666666666666,2.475,1.0470082759857178
2550,1808,-0.00036618829471990466,-0.41513121128082275,-0.002861329587176442,16,0,0.0,3.875,1.9058338403701782
2551,6414,-0.0003665363765321672,-0.4723913371562958,-0.002844111993908882,28,7,0.25,6.475,2.5256402492523193
2552,11227,-0.0003721746907103807,-0.2159639149904251,-0.002451139036566019,11,2,0.18181818181818182,0.525,1.6769516468048096
2553,9321,-0.00037388308555819094,-0.3338066637516022,-0.0037069381214678288,13,3,0.23076923076923078,1.025,1.0413095951080322
2554,5923,-0.0003815886448137462,-0.25968289375305176,-0.001259691547602415,25,15,0.6,7.4,2.7864062786102295
2555,12274,-0.0003842292935587466,-0.19514276087284088,-0.005740500520914793,19,8,0.42105263157894735,12.05,2.2595736980438232
2556,8996,-0.00038819541805423796,-0.2846441864967346,-0.002028034534305334,18,3,0.16666666666666666,2.625,1.200728178024292
2557,15602,-0.0003915858396794647,-0.1993878334760666,-0.004420486278831959,23,5,0.21739130434782608,3.9,2.769055128097534
2558,14040,-0.0003992639831267297,-0.21810396015644073,-0.0063287848606705666,13,3,0.23076923076923078,4.475,2.235929012298584
2559,2407,-0.00040055313729681075,-0.0963970497250557,-0.0014230693923309445,12,4,0.3333333333333333,0.775,2.6725831031799316
2560,11115,-0.0004009653930552304,-0.4755152463912964,-0.004826669581234455,15,1,0.06666666666666667,2.125,1.4671375751495361
2561,2516,-0.0004025868547614664,-0.2027730792760849,-0.003371289698407054,14,6,0.42857142857142855,2.775,3.1299023628234863
2562,2622,-0.0004072136653121561,-0.2906484603881836,-0.0017239945009350777,32,13,0.40625,6.325,3.6524767875671387
2563,4817,-0.00041078426875174046,-0.31059616804122925,-0.003512957599014044,17,8,0.47058823529411764,1.325,4.552860260009766
2564,1094,-0.00041562673868611455,-0.2424228936433792,-0.006372188683599234,12,4,0.3333333333333333,0.575,3.568927049636841
2565,771,-0.0004188584571238607,-0.2966257333755493,-0.003602355718612671,17,7,0.4117647058823529,2.125,1.5055971145629883
2566,7321,-0.0004189474566373974,-0.3357241153717041,-0.0048193312250077724,9,3,0.3333333333333333,1.75,1.5463571548461914
2567,13062,-0.0004206249432172626,-0.17726178467273712,-0.0027148521039634943,21,10,0.47619047619047616,1.325,3.8651108741760254
2568,14700,-0.0004283928428776562,-0.3656962513923645,-0.0035406663082540035,8,0,0.0,0.45,4.609065055847168
2569,13818,-0.00043415193795226514,-0.3304988145828247,-0.003928381949663162,10,0,0.0,0.875,1.2889127731323242
2570,12243,-0.000434758432675153,-0.20482830703258514,-0.005285953171551228,5,1,0.2,3.125,1.2054352760314941
2571,461,-0.00044106817222200334,-0.22634558379650116,-0.001951980171725154,9,3,0.3333333333333333,0.975,2.581123113632202
2572,11353,-0.0004433617868926376,-0.34682270884513855,-0.0033176522701978683,21,2,0.09523809523809523,7.475,1.6288793087005615
2573,1899,-0.00044555854401551187,-0.4911018908023834,-0.004702460952103138,16,2,0.125,2.15,1.9285364151000977
2574,10119,-0.00044768472434952855,-0.26775264739990234,-0.0023348131217062473,20,3,0.15,1.475,2.3545002937316895
2575,16164,-0.0004481312935240567,-0.09035743027925491,-0.010031730867922306,31,17,0.5483870967741935,13.025,2.770251750946045
2576,7222,-0.0004521631635725498,-0.2086275964975357,-0.004759421572089195,11,2,0.18181818181818182,2.275,1.6892297267913818
2577,7905,-0.0004534669278655201,-0.2670370042324066,-0.00433950824663043,20,9,0.45,2.95,3.2973098754882812
2578,1833,-0.0004540617228485644,-0.3936474025249481,-0.0036729127168655396,14,2,0.14285714285714285,2.675,4.745287895202637
2579,8665,-0.0004575935599859804,-0.28408971428871155,-0.002842895919457078,19,4,0.21052631578947367,1.8,2.875298023223877
2580,2746,-0.0004597335064318031,-0.3689044117927551,-0.004596458747982979,13,3,0.23076923076923078,1.2,6.516305446624756
2581,1229,-0.0004637941310647875,-0.18454794585704803,-0.0038555979263037443,15,7,0.4666666666666667,1.925,1.9178638458251953
2582,8471,-0.00046602310612797737,-0.17855361104011536,-0.0022229799069464207,6,0,0.0,2.575,0.9061633944511414
2583,11610,-0.00046998338075354695,-0.2300182729959488,-0.004088104702532291,24,8,0.3333333333333333,7.35,2.4770350456237793
2584,6832,-0.00047234143130481243,-0.39350301027297974,-0.0039654942229390144,22,3,0.13636363636363635,4.6,5.023203372955322
2585,3832,-0.0004840868932660669,-0.21196621656417847,-0.007956014946103096,14,6,0.42857142857142855,3.625,3.335972547531128
2586,4177,-0.0004936602199450135,-0.24292051792144775,-0.006007376126945019,11,5,0.45454545454545453,4.025,1.498952865600586
2587,10860,-0.0004992777830921113,-0.1884947419166565,-0.0031706325244158506,14,3,0.21428571428571427,4.25,3.318051815032959
2588,7403,-0.0005055229412391782,-0.329784631729126,-0.0028632846660912037,16,3,0.1875,2.325,2.2486729621887207
2589,5057,-0.0005172366509214044,-0.35718464851379395,-0.006249256897717714,31,6,0.1935483870967742,2.925,4.9348344802856445
2590,13416,-0.0005202183383516967,-0.331626832485199,-0.0027633351273834705,20,5,0.25,2.775,1.7848209142684937
2591,2911,-0.0005222804611548781,-0.2920987010002136,-0.0048267715610563755,15,0,0.0,3.7,1.4329683780670166
2592,15736,-0.0005227096262387931,-0.5560896396636963,-0.003663246287032962,27,6,0.2222222222222222,4.05,3.353752851486206
2593,4670,-0.0005241244216449559,-0.17312836647033691,-0.004540839232504368,15,5,0.3333333333333333,1.8,2.334240436553955
2594,12423,-0.0005273320712149143,-0.25089916586875916,-0.008446323685348034,6,1,0.16666666666666666,3.4,2.4587295055389404
2595,4364,-0.0005372972809709609,-0.23984870314598083,-0.005867987405508757,11,2,0.18181818181818182,1.85,2.475771427154541
2596,13414,-0.0005411234451457858,-0.1013408973813057,0.0010144562693312764,21,19,0.9047619047619048,0.55,1.97723388671875
2597,11003,-0.0005412023747339845,-0.35052913427352905,-0.006795050110667944,26,4,0.15384615384615385,10.9,4.883050441741943
2598,1700,-0.0005433589103631675,-0.3562794327735901,-0.004572221077978611,18,2,0.1111111111111111,1.325,1.962152123451233
2599,2360,-0.0005450864555314183,-0.19789697229862213,-0.005805341526865959,8,4,0.5,1.625,3.65960955619812
2600,1346,-0.0005611478118225932,-0.1946834772825241,-0.004659035708755255,19,12,0.631578947368421,2.95,1.8294798135757446
2601,15890,-0.0005726752569898963,-0.43236783146858215,-0.00429500499740243,12,0,0.0,1.625,1.9626893997192383
2602,16193,-0.000575217476580292,-0.34319624304771423,-0.006175695918500423,18,8,0.4444444444444444,3.05,4.282391548156738
2603,3255,-0.0005765960668213665,-0.33349141478538513,-0.0024676232133060694,25,3,0.12,2.975,2.049304246902466
2604,15595,-0.0005792781594209373,-0.17208419740200043,-0.00523142796009779,9,3,0.3333333333333333,3.475,1.2827211618423462
2605,11094,-0.000581293017603457,-0.1612347662448883,-0.0025414442643523216,6,1,0.16666666666666666,0.5,0.7463676333427429
2606,4950,-0.0005834728362970054,-0.16514046490192413,-0.005667252000421286,9,2,0.2222222222222222,0.425,1.529197335243225
2607,8220,-0.0005845528794452548,-0.40333062410354614,-0.004252268932759762,10,0,0.0,1.1,1.3090450763702393
2608,179,-0.0005846497952006757,-0.28485509753227234,-0.007257706020027399,5,0,0.0,5.775,1.2631990909576416
2609,7302,-0.0005861668614670634,-0.3604818284511566,-0.005334208719432354,18,4,0.2222222222222222,3.925,3.878741502761841
2610,13280,-0.0005905013531446457,-0.23611019551753998,-0.0026809449773281813,20,7,0.35,1.9,1.9430997371673584
2611,3078,-0.0005993047379888594,-0.22262921929359436,-0.002690819790586829,8,1,0.125,0.3,0.4675804674625397
2612,7496,-0.0006029531941749156,-0.26814407110214233,-0.005246326792985201,11,6,0.5454545454545454,0.375,6.158186435699463
2613,13514,-0.0006107288063503802,-0.22356921434402466,-0.0015916426200419664,19,12,0.631578947368421,0.55,1.815934181213379
2614,7453,-0.0006161152268759906,-0.20730888843536377,-0.00638789776712656,16,2,0.125,2.2,2.256680965423584
2615,9077,-0.00064229650888592,-0.2593892812728882,-0.004086942411959171,9,1,0.1111111111111111,3.625,1.4848403930664062
2616,788,-0.0006454797694459558,-0.31385383009910583,-0.0031900745816528797,18,2,0.1111111111111111,1.05,3.454148530960083
2617,2742,-0.0006528276717290282,-0.5096670985221863,-0.004335806705057621,21,3,0.14285714285714285,1.7,3.343179225921631
2618,15888,-0.0006705097621306777,-0.25280895829200745,-0.004722894169390202,13,4,0.3076923076923077,6.35,3.066274642944336
2619,6285,-0.0006788991158828139,-0.3969488739967346,-0.005064480938017368,24,8,0.3333333333333333,5.575,2.9505727291107178
2620,4958,-0.0006867108168080449,-0.3633612096309662,-0.005443876143544912,10,0,0.0,1.8,1.2151594161987305
2621,3350,-0.0006966035580262542,-0.14816881716251373,-0.0021667620167136192,12,4,0.3333333333333333,1.9,2.662940263748169
2622,5039,-0.0007001465419307351,-0.1798374205827713,-0.008202063851058483,8,1,0.125,0.8,1.4118660688400269
2623,4490,-0.000700721109751612,-0.7022016048431396,-0.007069251500070095,21,1,0.047619047619047616,1.25,2.3903908729553223
2624,3298,-0.000710147200152278,-0.24781031906604767,-0.005996122024953365,16,2,0.125,2.075,3.607318162918091
2625,15454,-0.0007139657391235232,-0.14840148389339447,-0.01086433045566082,17,5,0.29411764705882354,1.425,4.090734004974365
2626,6329,-0.0007254569209180772,-0.5165574550628662,-0.004503585863858461,19,0,0.0,1.825,3.2114996910095215
2627,14881,-0.0007303697057068348,-0.28816333413124084,-0.0061256010085344315,18,4,0.2222222222222222,2.0,2.282557964324951
2628,9966,-0.0007313435198739171,-0.45968666672706604,-0.004867435432970524,23,3,0.13043478260869565,3.625,3.625112533569336
2629,9930,-0.0007392553379759192,-0.4283958971500397,-0.004509865306317806,19,5,0.2631578947368421,3.85,2.3224987983703613
2630,2374,-0.0007446394301950932,-0.47501105070114136,-0.004920759238302708,17,0,0.0,1.05,2.4878759384155273
2631,15968,-0.0007462698849849403,-0.4014425575733185,-0.006696878466755152,13,0,0.0,1.575,2.3468449115753174
2632,15507,-0.0007553620962426066,-0.11094222217798233,0.0013644099235534668,40,19,0.475,5.325,6.929920196533203
2633,1059,-0.0007659553666599095,-0.5121178030967712,-0.005072849802672863,24,1,0.041666666666666664,4.4,1.9203901290893555
2634,13271,-0.0007698634872213006,-0.3876618444919586,-0.007269811816513538,11,0,0.0,0.875,2.067805767059326
2635,2579,-0.000770321290474385,-0.5517682433128357,-0.00842758733779192,17,0,0.0,0.975,1.4321635961532593
2636,3993,-0.0007751751109026372,-0.5348602533340454,-0.007941248826682568,25,4,0.16,10.75,3.6618666648864746
2637,9961,-0.0008148824563249946,-0.2718062698841095,-0.004862412344664335,14,5,0.35714285714285715,2.75,4.081055641174316
2638,7088,-0.000814885541331023,-0.3049484193325043,-0.0027259383350610733,23,12,0.5217391304347826,3.4,4.451820373535156
2639,1296,-0.000859822437632829,-0.10842692852020264,0.003946089185774326,22,14,0.6363636363636364,2.5,3.3242557048797607
2640,14204,-0.0008649923838675022,-0.2313775271177292,-0.002814717125147581,19,7,0.3684210526315789,4.85,4.052569389343262
2641,10749,-0.0008730372646823525,-0.15827998518943787,-0.005597315728664398,36,5,0.1388888888888889,3.9,4.901500701904297
2642,4331,-0.0008850438753142953,-0.17138293385505676,-0.0021996700670570135,21,16,0.7619047619047619,1.4,5.369719505310059
2643,9579,-0.0009045183542184532,-0.34919145703315735,-0.007009489927440882,18,4,0.2222222222222222,4.425,3.356311798095703
2644,14916,-0.0009048915235325694,-0.4547514319419861,-0.007924624718725681,14,0,0.0,1.15,1.3352434635162354
2645,2368,-0.0009172246791422367,-0.3385998010635376,-0.003544612554833293,19,4,0.21052631578947367,0.95,1.2088629007339478
2646,5402,-0.000921602186281234,-0.3291492462158203,-0.006579328328371048,22,4,0.18181818181818182,1.725,2.6592721939086914
2647,2408,-0.0009305714629590511,-0.4559246003627777,-0.009210401214659214,12,1,0.08333333333333333,1.1,0.9311733245849609
2648,15533,-0.0009427029872313142,-0.7970486879348755,-0.0069102151319384575,36,2,0.05555555555555555,3.325,3.5649731159210205
2649,4180,-0.000989193213172257,-0.3179020583629608,-0.00804135762155056,11,5,0.45454545454545453,2.075,2.6687934398651123
2650,743,-0.0009918855503201485,-0.3536849319934845,-0.008363323286175728,10,2,0.2,0.975,2.9657022953033447
2651,3754,-0.0009949052473530173,-0.41002988815307617,-0.005798506550490856,21,1,0.047619047619047616,1.775,2.332059144973755
2652,8142,-0.001014687935821712,-0.37733134627342224,-0.007645203731954098,27,8,0.2962962962962963,2.7,5.157625675201416
2653,9405,-0.001026747515425086,-0.5106580853462219,-0.007829038426280022,35,6,0.17142857142857143,30.4,4.563333034515381
2654,13354,-0.0010369943920522928,-0.4506571590900421,-0.008751628920435905,15,0,0.0,0.9,2.525568723678589
2655,12047,-0.0010421935003250837,-0.13913024961948395,-0.012187030166387558,13,10,0.7692307692307693,1.875,1.6699779033660889
2656,6275,-0.0010535585461184382,-0.3239994943141937,-0.00833110511302948,8,2,0.25,1.675,2.545403242111206
2657,4084,-0.001062055234797299,-0.5762504935264587,-0.005756626836955547,27,1,0.037037037037037035,3.625,1.6464688777923584
2658,4185,-0.0010772666428238153,-0.28109899163246155,-0.0019317809492349625,35,10,0.2857142857142857,4.7,4.406020641326904
2659,12863,-0.0010841416660696268,-0.5319101214408875,-0.006403005216270685,18,3,0.16666666666666666,0.9,2.8193459510803223
2660,10085,-0.0010917948093265295,-0.4607865512371063,-0.005207033362239599,23,2,0.08695652173913043,1.425,1.3847215175628662
2661,11618,-0.001094967476092279,-0.24007214605808258,-0.0031844396144151688,34,14,0.4117647058823529,3.7,6.374680519104004
2662,13844,-0.0010984259424731135,-0.3112543523311615,-0.008583525195717812,11,4,0.36363636363636365,3.825,4.087793350219727
2663,3612,-0.0011403552489355206,-0.4443110227584839,-0.008979806676506996,23,2,0.08695652173913043,13.7,3.105102300643921
2664,9659,-0.0011574027594178915,-0.3649931848049164,-0.007478130515664816,21,5,0.23809523809523808,4.725,2.39994215965271
2665,2653,-0.0011880445526912808,-0.4105953574180603,-0.010456916876137257,13,1,0.07692307692307693,0.975,2.5006728172302246
2666,13425,-0.0011942305136471987,-0.3898000717163086,-0.004355688579380512,22,2,0.09090909090909091,0.725,5.077592849731445
2667,15735,-0.0012242641532793641,-0.7104162573814392,-0.008942199870944023,30,0,0.0,3.225,2.5014781951904297
2668,12929,-0.0013286324683576822,-0.19995321333408356,-0.0020176093094050884,9,5,0.5555555555555556,0.375,1.0221797227859497
2669,7746,-0.001329413615167141,-0.4011448919773102,-0.007645347621291876,20,7,0.35,5.225,3.3393988609313965
2670,469,-0.0013496022438630462,-0.17057642340660095,-0.001909493817947805,15,9,0.6,0.975,4.678074836730957
2671,16142,-0.0013786677736788988,-0.32477885484695435,-0.01202075369656086,10,2,0.2,1.9,4.9264726638793945
2672,619,-0.0014651356032118201,-0.5176844596862793,-0.014959843829274178,28,3,0.10714285714285714,7.05,3.591421604156494
2673,11449,-0.0015157507732510567,-0.2174265831708908,-0.016289010643959045,17,2,0.11764705882352941,3.15,2.624225378036499
2674,13545,-0.0015353166963905096,-0.21068213880062103,-0.018231496214866638,6,0,0.0,1.75,2.1314611434936523
2675,8138,-0.0016053023282438517,-0.499298632144928,-0.010882323607802391,19,1,0.05263157894736842,3.875,1.9382174015045166
2676,5643,-0.001639260328374803,-0.28538358211517334,-0.010723651386797428,27,8,0.2962962962962963,4.25,2.7818496227264404
2677,13922,-0.0016834696289151907,-0.5343005061149597,-0.009317232295870781,31,6,0.1935483870967742,4.725,5.00866174697876
2678,3037,-0.0017194527899846435,-0.3254733979701996,-0.01366647519171238,13,5,0.38461538461538464,1.2,5.617600440979004
2679,13286,-0.0017299570608884096,-0.4485885202884674,-0.017446817830204964,25,3,0.12,9.0,4.513389587402344
2680,2657,-0.0017619009595364332,-0.5616220831871033,-0.02027331478893757,15,0,0.0,1.375,2.886636734008789
2681,1108,-0.0018010211642831564,-0.5595381259918213,-0.019060520455241203,15,0,0.0,1.6,3.603193759918213
2682,8109,-0.0018274986650794744,-0.5280507802963257,-0.011902114376425743,28,7,0.25,2.8,5.861733913421631
2683,8144,-0.0018584365025162697,-0.38232821226119995,-0.018576940521597862,16,3,0.1875,2.95,4.913743019104004
2684,4863,-0.001867649145424366,-0.8031659126281738,-0.013748737052083015,36,1,0.027777777777777776,8.0,3.7326114177703857
2685,3583,-0.001917824731208384,-0.4763794541358948,-0.0064519369043409824,20,3,0.15,0.725,3.1294312477111816
2686,12725,-0.0021378747187554836,-0.5081983208656311,-0.012206455692648888,27,6,0.2222222222222222,9.8,2.2275474071502686
2687,8724,-0.0022409853991121054,-0.18952442705631256,-0.026300067082047462,5,0,0.0,0.525,2.201352596282959
2688,2318,-0.002317362930625677,-0.4514975845813751,-0.021753668785095215,10,1,0.1,0.275,1.5972923040390015
2689,1236,-0.003098884830251336,-0.3010273873806,-0.03496969863772392,21,10,0.47619047619047616,2.25,2.908837080001831
2690,14518,-0.0033766054548323154,-0.6904507875442505,-0.0300374086946249,32,1,0.03125,24.975,5.09116268157959
2691,11710,-0.003624157514423132,-0.22397629916667938,-0.0038136616349220276,26,17,0.6538461538461539,1.4,15.45697021484375
2692,2393,-0.003723183646798134,-0.2047216296195984,-0.044175319373607635,14,7,0.5,1.75,3.410142421722412
2693,14960,-0.003914737142622471,-0.1674361526966095,-0.03644994646310806,11,4,0.36363636363636365,0.675,10.783541679382324
2694,13012,-0.004259743727743626,-0.3471066355705261,-0.012084213085472584,20,4,0.2,0.55,5.522840976715088
2695,12551,-0.004992694593966007,-0.44782140851020813,-0.046616993844509125,12,0,0.0,0.825,3.6464104652404785
2696,11953,-0.005100436508655548,-0.29020950198173523,-0.01623188517987728,18,9,0.5,0.975,8.458081245422363
2697,4761,-0.006464515812695026,-0.4184727370738983,-0.0317624993622303,19,3,0.15789473684210525,3.05,5.494102954864502
2698,6245,-0.008534403517842293,-0.27846822142601013,-0.02886309288442135,21,4,0.19047619047619047,0.525,7.579854488372803
2699,1664,-0.03609362989664078,-1.850748896598816,-0.2656889855861664,40,1,0.025,49.675,13.575872421264648
