case_id,category_rank,feature_id,selected_category,selected_pr_auc,selected_normalized_effect,selected_effect_to_variability,p_maxT,support_ok,difference_count,difference_proportion,unique_differential_values,base_contribution_mean,variant_contribution_mean,differential_mean,differential_median,regression_differential_mean,regression_differential_median,preserved_success_differential_mean,preserved_success_differential_median,improvement_differential_mean,improvement_differential_median,persistent_failure_differential_mean,persistent_failure_differential_median,variant_increase_associated_with_regression_pr_auc,variant_increase_associated_with_regression_baseline,variant_increase_associated_with_regression_normalized_effect,variant_increase_associated_with_regression_effect_to_variability,variant_decrease_associated_with_regression_pr_auc,variant_decrease_associated_with_regression_baseline,variant_decrease_associated_with_regression_normalized_effect,variant_decrease_associated_with_regression_effect_to_variability,variant_increase_associated_with_improvement_pr_auc,variant_increase_associated_with_improvement_baseline,variant_increase_associated_with_improvement_normalized_effect,variant_increase_associated_with_improvement_effect_to_variability,variant_decrease_associated_with_improvement_pr_auc,variant_decrease_associated_with_improvement_baseline,variant_decrease_associated_with_improvement_normalized_effect,variant_decrease_associated_with_improvement_effect_to_variability
deepseek_base_finetuned_layer16__humanevalplus__layer16__paired_transitions,1,5619,variant_increase_associated_with_regression,1.0,1.0,6.722794651399608,1.0,True,10,0.11764705882352941,11,0.011184577830135822,0.027804991230368614,0.016620416194200516,0.0,0.28746095299720764,0.28746095299720764,0.001202335930429399,0.0,-0.01523591484874487,0.0,0.0384056456387043,0.0,1.0,0.0625,1.0,6.722794651399608,0.047379032258064516,0.0625,-0.016129032258064516,-0.49086789143048143,0.41322165264162075,0.4339622641509434,-0.03664174699980337,-1.5309557464163515,0.5069565217391304,0.4339622641509434,0.1289565217391304,2.196220927423446
deepseek_base_finetuned_layer16__humanevalplus__layer16__paired_transitions,2,4216,variant_increase_associated_with_regression,1.0,1.0,6.375958057315476,1.0,True,12,0.1411764705882353,13,0.008310929872095585,0.01941182278096676,0.0111008919775486,0.0,0.09476247429847717,0.09476247429847717,-0.018459530547261238,0.0,7.873805770941544e-06,0.0,0.04358852282166481,0.0,1.0,0.0625,1.0,6.375958057315476,0.047379032258064516,0.0625,-0.016129032258064516,-0.4971768672775391,0.43861892583120204,0.4339622641509434,0.00822676896845692,-0.6116347160590164,0.4685669133518347,0.4339622641509434,0.06113488025490795,0.656918521581788
deepseek_base_finetuned_layer16__humanevalplus__layer16__paired_transitions,3,13909,variant_increase_associated_with_regression,1.0,1.0,6.3728269780301146,1.0,True,16,0.18823529411764706,17,0.027863362804055214,0.012973339296877384,-0.01489002164453268,0.0,0.40947675704956055,0.40947675704956055,-0.010142176412045956,0.0,-0.04120040312409401,0.0,-0.027757694944739342,0.0,1.0,0.0625,1.0,6.3728269780301146,0.047379032258064516,0.0625,-0.016129032258064516,-0.5107378516945645,0.45786748829157076,0.4339622641509434,0.04223256264844164,0.07514809452583114,0.47935499283325367,0.4339622641509434,0.08019382067208146,0.280926877417761
deepseek_base_finetuned_layer16__humanevalplus__layer16__paired_transitions,4,2536,variant_increase_associated_with_regression,1.0,1.0,5.971005509682782,1.0,True,85,1.0,85,2.0422775745391846,2.2913413047790527,0.24906374514102936,0.7940239310264587,1.6446888446807861,1.6446888446807861,0.6463052034378052,0.7471898794174194,0.9398038983345032,1.0072665214538574,-0.7707868218421936,0.7115955948829651,1.0,0.0625,1.0,5.971005509682782,0.047379032258064516,0.0625,-0.016129032258064516,-0.7798262423978131,0.6158314653480833,0.4339622641509434,0.3213022554482805,2.1982582966475492,0.3452573302986006,0.4339622641509434,-0.1567120498058056,-1.852996433978006
deepseek_base_finetuned_layer16__humanevalplus__layer16__paired_transitions,5,8484,variant_increase_associated_with_regression,1.0,1.0,5.968462814430459,1.0,True,85,1.0,85,1.730810523033142,2.6070189476013184,0.876208484172821,0.9339752197265625,2.3631722927093506,2.3631722927093506,0.6266167163848877,0.7552439570426941,1.0651739835739136,1.060737133026123,0.8817957043647766,0.6811048984527588,1.0,0.0625,1.0,5.968462814430459,0.047379032258064516,0.0625,-0.016129032258064516,-0.7056221068826092,0.48456013265257836,0.4339622641509434,0.08938956768622174,0.2536643523474442,0.39189904188350805,0.4339622641509434,-0.07431169267246915,-1.363438879464773
deepseek_base_finetuned_layer16__humanevalplus__layer16__paired_transitions,1,12072,variant_decrease_associated_with_regression,1.0,1.0,6.211684510261095,1.0,True,41,0.4823529411764706,42,0.1704528033733368,0.0099501246586442,-0.16050268709659576,0.0,-0.8086143732070923,-0.8086143732070923,-0.0909540206193924,0.0,-0.13829241693019867,0.0,-0.20387175679206848,-0.16660699248313904,0.047379032258064516,0.0625,-0.016129032258064516,-0.49497627970008895,1.0,0.0625,1.0,6.211684510261095,0.4938617360899969,0.4339622641509434,0.10582240042566116,0.867940987904027,0.4102856413950866,0.4339622641509434,-0.04182870020201369,-1.0159736689500647
deepseek_base_finetuned_layer16__humanevalplus__layer16__paired_transitions,2,12679,variant_decrease_associated_with_regression,1.0,1.0,5.998386250988543,1.0,True,76,0.8941176470588236,77,0.5769057869911194,0.0,-0.5769057869911194,-0.5112153887748718,-1.4373865127563477,-1.4373865127563477,-0.48644116520881653,-0.4156365990638733,-0.4648746848106384,-0.344961553812027,-0.6958951950073242,-0.5214381217956543,0.047379032258064516,0.0625,-0.016129032258064516,-0.8499814336357288,1.0,0.0625,1.0,5.998386250988543,0.5763697221604129,0.4339622641509434,0.2515865091500628,1.8682871623157224,0.37092493381926356,0.4339622641509434,-0.1113659502526344,-1.4857036066020208
deepseek_base_finetuned_layer16__humanevalplus__layer16__paired_transitions,3,11020,variant_decrease_associated_with_regression,1.0,1.0,5.82079346625183,1.0,True,85,1.0,85,1.7972657680511475,2.1093015670776367,0.3120356500148773,0.3827488422393799,-1.1926658153533936,-1.1926658153533936,0.34767577052116394,0.4155832529067993,0.2604992985725403,0.1858079433441162,0.416220098733902,0.48898929357528687,0.047379032258064516,0.0625,-0.016129032258064516,-0.6765194151878708,1.0,0.0625,1.0,5.82079346625183,0.40597858974334927,0.4339622641509434,-0.04943782478674965,-0.9899514812049919,0.4968228580443706,0.4339622641509434,0.11105371587838803,0.3134197995051257
deepseek_base_finetuned_layer16__humanevalplus__layer16__paired_transitions,4,14761,variant_decrease_associated_with_regression,1.0,1.0,5.736993633123114,1.0,True,22,0.25882352941176473,23,0.06754284352064133,0.01694103702902794,-0.05060180649161339,0.0,-0.27307289838790894,-0.27307289838790894,-0.0024449005722999573,0.0,-0.02462650090456009,0.0,-0.10384170711040497,0.0,0.047379032258064516,0.0625,-0.016129032258064516,-0.4532085278235044,1.0,0.0625,1.0,5.736993633123114,0.48803278641391495,0.4339622641509434,0.09552458933124973,0.9108339944680562,0.4049174497000584,0.4339622641509434,-0.05131250552989688,-1.270249642032525
deepseek_base_finetuned_layer16__humanevalplus__layer16__paired_transitions,5,12317,variant_decrease_associated_with_regression,1.0,1.0,5.6010611545508615,1.0,True,41,0.4823529411764706,42,0.12721331417560577,0.012247784063220024,-0.1149655282497406,0.0,-0.5577268004417419,-0.5577268004417419,-0.027594339102506638,0.0,-0.13541175425052643,0.0,-0.15714381635189056,-0.018453791737556458,0.047379032258064516,0.0625,-0.016129032258064516,-0.6183006388517793,1.0,0.0625,1.0,5.6010611545508615,0.5014932417508676,0.4339622641509434,0.11930472709319945,1.0286031121373058,0.43923030993308876,0.4339622641509434,0.009306880881790115,-0.6122650883150652
deepseek_base_finetuned_layer16__humanevalplus__layer16__paired_transitions,1,13680,variant_increase_associated_with_improvement,0.7989007006422447,0.6447245711346323,5.397856835567278,1.0,True,85,1.0,85,2.016268253326416,3.063683271408081,1.0474153757095337,0.7554931640625,-0.26739227771759033,-0.26739227771759033,1.159193515777588,0.8200744390487671,2.0196542739868164,1.2076640129089355,0.2779078185558319,0.16644489765167236,0.05399719495091164,0.0625,-0.009069658719027585,-0.6898327151100295,0.35,0.0625,0.30666666666666664,1.126032689780532,0.7989007006422447,0.4339622641509434,0.6447245711346323,5.397856835567278,0.2979977844866948,0.4339622641509434,-0.24020391407350591,-2.8702148938679057
deepseek_base_finetuned_layer16__humanevalplus__layer16__paired_transitions,2,7355,variant_increase_associated_with_improvement,0.7896548859216462,0.628390298461575,5.309476656335,1.0,True,85,1.0,85,2.15236234664917,2.5546975135803223,0.40233513712882996,0.6519143581390381,0.4041346311569214,0.4041346311569214,0.6379500031471252,0.6097146272659302,1.0233441591262817,1.144343376159668,-0.3095066249370575,0.2145499587059021,0.07738095238095238,0.0625,0.015873015873015876,-0.5480514580238471,0.14761904761904762,0.0625,0.0907936507936508,-0.17693325559093695,0.7896548859216462,0.4339622641509434,0.628390298461575,5.309476656335,0.3060601516059402,0.4339622641509434,-0.2259603988295057,-2.602885500189015
deepseek_base_finetuned_layer16__humanevalplus__layer16__paired_transitions,3,2149,variant_increase_associated_with_improvement,0.7969446748084479,0.6412689254949245,5.230947761531413,1.0,True,85,1.0,85,2.052063465118408,3.067754030227661,1.0156902074813843,1.1395373344421387,-0.5955045819282532,-0.5955045819282532,0.8132581114768982,0.6479053497314453,1.7105728387832642,1.6515698432922363,0.7927917838096619,0.7814908027648926,0.048924731182795694,0.0625,-0.014480286738351259,-0.741934849992892,0.5833333333333333,0.0625,0.5555555555555555,2.601972349807117,0.7969446748084479,0.4339622641509434,0.6412689254949245,5.230947761531413,0.29736301245551006,0.4339622641509434,-0.24132534466193226,-2.569618695958893
deepseek_base_finetuned_layer16__humanevalplus__layer16__paired_transitions,4,3320,variant_increase_associated_with_improvement,0.8022246395945883,0.6505968632837728,5.193082928840072,1.0,True,85,1.0,85,1.9015311002731323,2.9158897399902344,1.0143582820892334,1.0005183219909668,0.8196152448654175,0.8196152448654175,1.0558409690856934,1.0175836086273193,1.544569969177246,1.3967525959014893,0.5793627500534058,0.5742478370666504,0.07417582417582418,0.0625,0.012454212454212455,-0.5167366128230244,0.12406015037593984,0.0625,0.0656641604010025,-0.2307881070007964,0.8022246395945883,0.4339622641509434,0.6505968632837728,5.193082928840072,0.28581908888328433,0.4339622641509434,-0.26171960963953106,-2.867989048624099
deepseek_base_finetuned_layer16__humanevalplus__layer16__paired_transitions,5,10076,variant_increase_associated_with_improvement,0.7889667467412804,0.6271745859095954,4.970402625493854,1.0,True,85,1.0,85,2.526885509490967,3.9815661907196045,1.4546810388565063,1.3530192375183105,2.2801129817962646,2.2801129817962646,1.2820181846618652,1.2611536979675293,2.3220033645629883,2.2641289234161377,0.9073678255081177,0.9561762809753418,0.2,0.0625,0.14666666666666667,0.3638451740005332,0.05745341614906832,0.0625,-0.005383022774327125,-0.6900393495260678,0.7889667467412804,0.4339622641509434,0.6271745859095954,4.970402625493854,0.29906243734304944,0.4339622641509434,-0.2383230273606127,-2.631182091853734
deepseek_base_finetuned_layer16__humanevalplus__layer16__paired_transitions,1,15907,variant_decrease_associated_with_improvement,0.6200392975883874,0.32873609240615104,2.50142363891911,1.0,True,85,1.0,85,6.134260654449463,2.851607084274292,-3.282654285430908,-0.6537017822265625,0.47480130195617676,0.47480130195617676,0.0010625362629070878,0.13925302028656006,-7.180419921875,-1.4259648323059082,-3.828580617904663,-0.974609375,0.10882352941176471,0.0625,0.049411764705882356,-0.2985824007147899,0.07472826086956522,0.0625,0.013043478260869565,-0.6433983210909244,0.45397855425082795,0.4339622641509434,0.03536211250979602,-0.23495422199175248,0.6200392975883874,0.4339622641509434,0.32873609240615104,2.50142363891911
deepseek_base_finetuned_layer16__humanevalplus__layer16__paired_transitions,2,13921,variant_decrease_associated_with_improvement,0.6308596460724447,0.3478520413946523,2.256047685771839,1.0,True,85,1.0,85,2.564762592315674,2.0631332397460938,-0.501629114151001,-0.5027716159820557,-1.1303191184997559,-1.1303191184997559,-0.4365007281303406,-0.430370569229126,-0.6906919479370117,-0.8999936580657959,-0.37989646196365356,-0.3869146704673767,0.05877616747181964,0.0625,-0.003972088030059048,-0.6441158215734778,0.18333333333333335,0.0625,0.12888888888888891,0.1918722405445568,0.3763374057354233,0.4339622641509434,-0.10180391653408555,-1.406090031421049,0.6308596460724447,0.4339622641509434,0.3478520413946523,2.256047685771839
deepseek_base_finetuned_layer16__humanevalplus__layer16__paired_transitions,3,4175,variant_decrease_associated_with_improvement,0.6273169472241182,0.34159327342927553,2.179499543618279,1.0,True,55,0.6470588235294118,56,0.26838448643684387,0.0,-0.26838448643684387,-0.1543676257133484,-0.16561195254325867,-0.16561195254325867,-0.16357727348804474,0.0,-0.43254145979881287,-0.39668965339660645,-0.2541894316673279,-0.18940255045890808,0.06777777777777777,0.0625,0.005629629629629622,-0.4945502422847368,0.09375,0.0625,0.03333333333333333,-0.4112746611201932,0.394828342516003,0.4339622641509434,-0.0691365948883947,-0.8806483898714784,0.6273169472241182,0.4339622641509434,0.34159327342927553,2.179499543618279
deepseek_base_finetuned_layer16__humanevalplus__layer16__paired_transitions,4,5438,variant_decrease_associated_with_improvement,0.6136009083627448,0.3173616047741825,2.1353289801990436,1.0,True,85,1.0,85,2.812638998031616,2.8079450130462646,-0.0046938140876591206,-0.11128556728363037,-1.4561946392059326,-1.4561946392059326,-0.618176281452179,-0.7298828363418579,0.2799740135669708,-0.06324911117553711,0.4873100817203522,0.2776607275009155,0.0707196029776675,0.0625,0.008767576509511994,-0.6071953764528814,0.3,0.0625,0.2533333333333333,0.9721467441687657,0.5046270122177128,0.4339622641509434,0.12484105491795922,0.3892694054960402,0.6136009083627448,0.4339622641509434,0.3173616047741825,2.1353289801990436
deepseek_base_finetuned_layer16__humanevalplus__layer16__paired_transitions,5,5073,variant_decrease_associated_with_improvement,0.6115055745636501,0.31365984839578176,2.130875949297123,1.0,True,85,1.0,85,2.571681022644043,1.9569673538208008,-0.6147138476371765,-0.602025032043457,-1.0152838230133057,-1.0152838230133057,-0.2894587516784668,-0.19483983516693115,-0.936211884021759,-0.9546101093292236,-0.6667824983596802,-0.5603799819946289,0.05626780626780627,0.0625,-0.006647673314339982,-0.7047666033351858,0.22619047619047616,0.0625,0.17460317460317457,0.4405611304064123,0.4175724498865057,0.4339622641509434,-0.02895533853383993,-0.7785881068890268,0.6115055745636501,0.4339622641509434,0.31365984839578176,2.130875949297123
deepseek_base_finetuned_layer16__bigcodebench__layer16__paired_transitions,1,2562,variant_increase_associated_with_regression,0.5977607980538702,0.38932775704542105,5.786147099119672,0.04477611940298507,True,802,1.0,802,2.221184015274048,3.018301486968994,0.797117292881012,0.841011643409729,1.1195495128631592,1.1497207880020142,0.7121708989143372,0.7735427021980286,0.7556071877479553,0.8530418872833252,0.791035532951355,0.8325545787811279,0.5977607980538702,0.3413173652694611,0.38932775704542105,5.786147099119672,0.2834786870932265,0.3413173652694611,-0.08780962959482892,-1.9644472345665265,0.23249329128569224,0.22992125984251968,0.003339959031522645,-0.20834171219285152,0.2517888720503054,0.22992125984251968,0.02839659253976267,0.7644204762973804
deepseek_base_finetuned_layer16__bigcodebench__layer16__paired_transitions,2,3446,variant_increase_associated_with_regression,0.5895479994264047,0.37685923549281436,5.277489987791398,0.05472636815920398,True,802,1.0,802,3.150531768798828,4.345310211181641,1.1947782039642334,1.0563173294067383,1.7375332117080688,1.9614431858062744,0.7938750982284546,0.7725391387939453,1.124725341796875,0.9475517272949219,1.2426105737686157,1.1483895778656006,0.5895479994264047,0.3413173652694611,0.37685923549281436,5.277489987791398,0.27221401465026346,0.3413173652694611,-0.10491145048550915,-2.1915924130101034,0.23252877968298508,0.22992125984251968,0.003386043146616616,-0.2375382049519441,0.24779329633946995,0.22992125984251968,0.023208063753708423,0.5562867657001328
deepseek_base_finetuned_layer16__bigcodebench__layer16__paired_transitions,3,16289,variant_increase_associated_with_regression,0.5770707783828092,0.3579165453629921,5.489661126216323,0.12437810945273632,True,802,1.0,802,1.9219359159469604,3.5456275939941406,1.6236916780471802,1.5438525676727295,2.041612148284912,1.8604254722595215,1.4890334606170654,1.4878568649291992,1.5266427993774414,1.4917519092559814,1.6342438459396362,1.5109378099441528,0.5770707783828092,0.3413173652694611,0.3579165453629921,5.489661126216323,0.29878991742976063,0.3413173652694611,-0.0645643980839089,-1.695885123954658,0.2195847257636261,0.22992125984251968,-0.01342269762801111,-0.9461574581961294,0.24687848456978562,0.22992125984251968,0.022020117999619362,0.5711503278532036
deepseek_base_finetuned_layer16__bigcodebench__layer16__paired_transitions,4,302,variant_increase_associated_with_regression,0.5765306828859735,0.3570965821996143,5.566096305897863,0.12935323383084577,True,802,1.0,802,2.540947914123535,3.132305860519409,0.5913577079772949,0.5942268371582031,0.9237273931503296,0.951789379119873,0.38871508836746216,0.40574562549591064,0.4878409802913666,0.5454126596450806,0.629106342792511,0.6077091693878174,0.5765306828859735,0.3413173652694611,0.3570965821996143,5.566096305897863,0.2661415648510541,0.3413173652694611,-0.11413053336249061,-2.502647563855523,0.206484930687868,0.22992125984251968,-0.030433678963606995,-1.5916188267396536,0.2683028385403253,0.22992125984251968,0.04984110935195613,1.8259223693029978
deepseek_base_finetuned_layer16__bigcodebench__layer16__paired_transitions,5,1403,variant_increase_associated_with_regression,0.5747216793628503,0.35435018594178186,4.884340646758314,0.14925373134328357,True,802,1.0,802,2.656498432159424,4.756109237670898,2.099611282348633,1.1094666719436646,3.280820369720459,2.015775680541992,1.3544869422912598,0.723557710647583,1.9321932792663574,1.0977120399475098,2.1795246601104736,1.1560206413269043,0.5747216793628503,0.3413173652694611,0.35435018594178186,4.884340646758314,0.2667326182743487,0.3413173652694611,-0.11323320680167068,-2.306451851460228,0.23611117053310648,0.22992125984251968,0.008038023084913333,0.07680739409435708,0.24528849533186786,0.22992125984251968,0.01995540804854007,0.41145312652410426
deepseek_base_finetuned_layer16__bigcodebench__layer16__paired_transitions,1,3656,variant_decrease_associated_with_regression,0.5664534302454357,0.3417974804635251,6.17320112541878,0.23383084577114427,True,658,0.8204488778054863,659,0.4311526119709015,0.0,-0.4311526119709015,-0.3674854040145874,-0.4757893681526184,-0.3995700478553772,-0.22500675916671753,-0.07448005676269531,-0.4543617069721222,-0.40371936559677124,-0.4653923213481903,-0.41885989904403687,0.24370938680506657,0.3413173652694611,-0.14818665821412624,-3.180065944802507,0.5664534302454357,0.3413173652694611,0.3417974804635251,6.17320112541878,0.24056358364620214,0.22992125984251968,0.013819786534434282,0.5184409993426999,0.22960771517376724,0.22992125984251968,-0.0004071592324290392,-0.5179151403569615
deepseek_base_finetuned_layer16__bigcodebench__layer16__paired_transitions,2,6126,variant_decrease_associated_with_regression,0.5419896838307414,0.30465706545212556,5.479208842271371,0.6368159203980099,True,606,0.7556109725685786,607,0.23943838477134705,0.0022594362962991,-0.2371789515018463,-0.17601919174194336,-0.25707027316093445,-0.1863187551498413,-0.12586504220962524,-0.03342350944876671,-0.22858186066150665,-0.17447081208229065,-0.26246708631515503,-0.20707035064697266,0.2621592883374498,0.3413173652694611,-0.1201763531604172,-3.2879110640410265,0.5419896838307414,0.3413173652694611,0.30465706545212556,5.479208842271371,0.2507937093249301,0.22992125984251968,0.0271043055650933,1.133989639867514,0.2128474307723508,0.22992125984251968,-0.022171536727110922,-1.3479887404084627
deepseek_base_finetuned_layer16__bigcodebench__layer16__paired_transitions,3,9882,variant_decrease_associated_with_regression,0.5412107935000733,0.3034745683137476,4.618157108429332,0.6567164179104478,True,736,0.9177057356608479,737,0.4114214777946472,0.00020330434199422598,-0.41121819615364075,-0.37244439125061035,-0.498648077249527,-0.4923180341720581,-0.33837252855300903,-0.30892008543014526,-0.37832358479499817,-0.3597638010978699,-0.42723479866981506,-0.38846203684806824,0.28101184022303005,0.3413173652694611,-0.09155475166139987,-2.0589062701166982,0.5412107935000733,0.3413173652694611,0.3034745683137476,4.618157108429332,0.2425467254931187,0.22992125984251968,0.016395032082066212,0.5884159016020581,0.20437786557171994,0.22992125984251968,-0.03316984736596694,-1.8182036920266447
deepseek_base_finetuned_layer16__bigcodebench__layer16__paired_transitions,4,2909,variant_decrease_associated_with_regression,0.5407368960219018,0.3027551057787054,4.9766844875604335,0.681592039800995,True,801,0.9987531172069826,802,1.0991885662078857,0.0,-1.0991885662078857,-1.0784915685653687,-1.1869051456451416,-1.1865358352661133,-0.9910016059875488,-0.9697389602661133,-1.0655479431152344,-1.0504937171936035,-1.1233444213867188,-1.0988335609436035,0.2512772833594595,0.3413173652694611,-0.13669721526336612,-2.6808387340579127,0.5407368960219018,0.3413173652694611,0.3027551057787054,4.9766844875604335,0.2523924900265323,0.22992125984251968,0.029180431834045017,0.8570590467213415,0.20237964435956035,0.22992125984251968,-0.0357646745024114,-1.9208146644069986
deepseek_base_finetuned_layer16__bigcodebench__layer16__paired_transitions,5,13592,variant_decrease_associated_with_regression,0.5392286052872265,0.3004652462087893,4.868501633589457,0.7064676616915423,True,698,0.8703241895261845,699,0.4140368402004242,1.6096226318040863e-05,-0.4140208065509796,-0.37215977907180786,-0.38733357191085815,-0.33745476603507996,-0.23983299732208252,-0.20274212956428528,-0.4101070165634155,-0.36725884675979614,-0.4574834108352661,-0.4400997459888458,0.2994106475300425,0.3413173652694611,-0.06362201693166282,-1.5767494799400863,0.5392286052872265,0.3413173652694611,0.3004652462087893,4.868501633589457,0.25649903832447374,0.22992125984251968,0.034513066126872854,1.5271939494226836,0.21885806062646018,0.22992125984251968,-0.014366322090384012,-1.0449362798059514
deepseek_base_finetuned_layer16__bigcodebench__layer16__paired_transitions,1,14959,variant_increase_associated_with_improvement,0.33135736735680804,0.13172173470669346,5.632864231402975,1.0,True,802,1.0,802,2.782055139541626,8.631097793579102,5.849043369293213,7.727329730987549,5.760817527770996,7.75961446762085,5.329071521759033,7.840060234069824,6.578026294708252,8.045114517211914,5.758641242980957,7.65069580078125,0.34422677291446235,0.3413173652694611,0.004417009788320079,-0.31481003856597467,0.3512928840664071,0.3413173652694611,0.015144651264454337,-0.2277628958548349,0.33135736735680804,0.22992125984251968,0.13172173470669346,5.632864231402975,0.18960597000775198,0.22992125984251968,-0.05235216573635479,-3.0205059405351196
deepseek_base_finetuned_layer16__bigcodebench__layer16__paired_transitions,2,1047,variant_increase_associated_with_improvement,0.3304042009146325,0.130483982782805,5.463783307159974,1.0,True,802,1.0,802,3.1611552238464355,4.4526190757751465,1.291463851928711,1.5863975286483765,1.3508051633834839,1.4828624725341797,1.207230567932129,1.4534255266189575,1.5354118347167969,1.8038276433944702,1.2306597232818604,1.5719027519226074,0.3473211516022596,0.3413173652694611,0.009114839250703211,-0.2796932339286385,0.3197173550720492,0.3413173652694611,-0.032792742754252646,-1.0286474372145995,0.3304042009146325,0.22992125984251968,0.130483982782805,5.463783307159974,0.20076149871424687,0.22992125984251968,-0.037865947477409484,-2.1824511129431685
deepseek_base_finetuned_layer16__bigcodebench__layer16__paired_transitions,3,2260,variant_increase_associated_with_improvement,0.3271415002845397,0.12624714249628366,5.4494694304918045,1.0,True,802,1.0,802,2.4806790351867676,6.436063289642334,3.955383777618408,4.386852264404297,3.904118299484253,4.485428810119629,3.7260239124298096,4.366291046142578,4.311352729797363,4.760887622833252,3.906672954559326,4.27112340927124,0.3696893696813023,0.3413173652694611,0.043073861243431606,0.2354470953508211,0.3322522660392655,0.3413173652694611,-0.013762468831296965,-0.7377226377646002,0.3271415002845397,0.22992125984251968,0.12624714249628366,5.4494694304918045,0.19559446870129593,0.22992125984251968,-0.04457568992776499,-2.530263148701896
deepseek_base_finetuned_layer16__bigcodebench__layer16__paired_transitions,4,1734,variant_increase_associated_with_improvement,0.32569938758838396,0.12437446036528388,5.173559839699449,1.0,True,802,1.0,802,3.006578207015991,4.370682716369629,1.3641047477722168,1.5196235179901123,1.0295757055282593,1.0590755939483643,1.2239513397216797,1.3012725114822388,1.72041654586792,1.7885100841522217,1.3282426595687866,1.4937043190002441,0.3121353539928243,0.3413173652694611,-0.044303598938166745,-1.2269460958024168,0.3753531819138645,0.3413173652694611,0.05167255799650337,0.5029887585589351,0.32569938758838396,0.22992125984251968,0.12437446036528388,5.173559839699449,0.19349591154946982,0.22992125984251968,-0.04730081015559644,-2.583094071818099
deepseek_base_finetuned_layer16__bigcodebench__layer16__paired_transitions,5,1408,variant_increase_associated_with_improvement,0.31475526140506416,0.11016276276526736,5.058523676286181,1.0,True,802,1.0,802,2.9463579654693604,7.606234550476074,4.659876346588135,5.728642463684082,4.475515842437744,5.600247383117676,4.160796642303467,5.585310459136963,5.151272296905518,5.984715938568115,4.646918296813965,5.689032554626465,0.36139918973008056,0.3413173652694611,0.030487860772031358,0.02898470772966067,0.3253653861904834,0.3413173652694611,-0.02421800460172072,-0.8759092986826893,0.31475526140506416,0.22992125984251968,0.11016276276526736,5.058523676286181,0.1949963492844482,0.22992125984251968,-0.04535238896600284,-2.6792608238832636
deepseek_base_finetuned_layer16__bigcodebench__layer16__paired_transitions,1,637,variant_decrease_associated_with_improvement,0.3775335047698591,0.1916846125334571,7.717057921462761,1.0,True,802,1.0,802,2.817389488220215,2.9082562923431396,0.09086683392524719,0.041487932205200195,0.44482678174972534,0.3419327735900879,0.3140344023704529,0.2691061496734619,-0.23019623756408691,-0.24207580089569092,0.09526572376489639,0.04191946983337402,0.3809689093161309,0.3413173652694611,0.060198253234489636,0.4968873166941822,0.318874227809963,0.3413173652694611,-0.03407276323396531,-1.020863684516833,0.2025304396747858,0.22992125984251968,-0.035568856455032764,-1.9607235763153201,0.3775335047698591,0.22992125984251968,0.1916846125334571,7.717057921462761
deepseek_base_finetuned_layer16__bigcodebench__layer16__paired_transitions,2,15494,variant_decrease_associated_with_improvement,0.35681724450162006,0.16478312936304446,6.693667130876782,1.0,True,802,1.0,802,3.9608261585235596,2.770394802093506,-1.1904312372207642,-0.2745962142944336,0.2675462067127228,0.17818832397460938,0.14555908739566803,0.07889223098754883,-2.271017074584961,-2.8409557342529297,-1.3382800817489624,-0.42052698135375977,0.3922982038978673,0.3413173652694611,0.07739818228130758,0.9255937712502424,0.32291887805566855,0.3413173652694611,-0.027932248770030522,-0.8880768537240311,0.20414632347925055,0.22992125984251968,-0.033470520635329036,-1.7988290876330222,0.35681724450162006,0.22992125984251968,0.16478312936304446,6.693667130876782
deepseek_base_finetuned_layer16__bigcodebench__layer16__paired_transitions,3,12140,variant_decrease_associated_with_improvement,0.3474200332764796,0.1525802068109704,6.467115418446733,1.0,True,802,1.0,802,3.5483548641204834,3.572031021118164,0.023676307871937752,0.12524449825286865,0.7018239498138428,0.6945085525512695,0.49691155552864075,0.4203113317489624,-0.4832887053489685,-0.506045937538147,-0.01046155858784914,0.05770564079284668,0.3695607869055346,0.3413173652694611,0.0428786492111298,0.28209689672879895,0.29541349675007417,0.3413173652694611,-0.06969041857034199,-1.777365255257589,0.19949895072272372,0.22992125984251968,-0.03950545253797635,-2.1786280407667378,0.3474200332764796,0.22992125984251968,0.1525802068109704,6.467115418446733
deepseek_base_finetuned_layer16__bigcodebench__layer16__paired_transitions,4,11382,variant_decrease_associated_with_improvement,0.3594434870108851,0.1681934851777342,6.402201199160016,1.0,True,802,1.0,802,3.5202648639678955,3.9314725399017334,0.41120797395706177,0.4546208381652832,0.9997556805610657,1.1933555603027344,0.8284147381782532,0.8506367206573486,-0.15452325344085693,-0.24224376678466797,0.41766357421875,0.418137788772583,0.3912420769958472,0.3413173652694611,0.07579478962096795,0.7538661596440537,0.33301808964470325,0.3413173652694611,-0.01259980935758692,-0.6521902700687736,0.19145235423394263,0.22992125984251968,-0.049954509328111296,-2.5448575136921763,0.3594434870108851,0.22992125984251968,0.1681934851777342,6.402201199160016
deepseek_base_finetuned_layer16__bigcodebench__layer16__paired_transitions,5,4883,variant_decrease_associated_with_improvement,0.34830624996067994,0.1537310198875905,6.260392052784721,1.0,True,802,1.0,802,3.694505453109741,3.6509077548980713,-0.04359748214483261,0.03833150863647461,0.30890870094299316,0.5002725124359131,0.3253413438796997,0.24910104274749756,-0.5028510689735413,-0.5243384838104248,-0.03056090883910656,-0.003545045852661133,0.34486205419552995,0.3413173652694611,0.005381482278668165,-0.35975565849763447,0.3792564581870359,0.3413173652694611,0.05759844106577266,0.5822529195624906,0.19597819179152354,0.22992125984251968,-0.04407739920732628,-2.2138833812200898,0.34830624996067994,0.22992125984251968,0.1537310198875905,6.260392052784721
deepseek_base_merged_layer16__humanevalplus__layer16__paired_transitions,1,11238,variant_increase_associated_with_regression,1.0,1.0,5.25085107338707,1.0,True,11,0.13414634146341464,12,0.003783281659707427,0.029442008584737778,0.02565872296690941,0.0,0.09624607861042023,0.09624607861042023,0.0,0.0,0.025331895798444748,0.0,0.06650825589895248,0.0,1.0,0.03125,1.0,5.25085107338707,0.03125,0.03125,0.0,-5.250846023720851,0.6228982426303856,0.64,-0.047504881582262196,-1.181902799992536,0.6900177828620844,0.64,0.13893828572801212,1.3839100221357712
deepseek_base_merged_layer16__humanevalplus__layer16__paired_transitions,2,3617,variant_increase_associated_with_regression,1.0,1.0,5.250850532140079,1.0,True,10,0.12195121951219512,11,0.01223970577120781,0.01710686646401882,0.004867159761488438,0.0,0.04359149932861328,0.04359149932861328,-0.01257477980107069,0.0,0.019702954217791557,0.0,0.006379955913871527,0.0,1.0,0.03125,1.0,5.250850532140079,0.03125,0.03125,0.0,-0.18174818033504464,0.6709353741496599,0.64,0.08593159486016627,0.6300706706134748,0.640751329293169,0.64,0.0020870258143583665,-0.4406086685948534
deepseek_base_merged_layer16__humanevalplus__layer16__paired_transitions,3,6398,variant_increase_associated_with_regression,1.0,1.0,5.250850532140079,1.0,True,14,0.17073170731707318,15,0.0036372297909110785,0.02557208202779293,0.02193484827876091,0.0,0.2581268548965454,0.2581268548965454,-0.006851866375654936,0.0,0.044511839747428894,0.0,0.018253318965435028,0.0,1.0,0.03125,1.0,5.250850532140079,0.03125,0.03125,0.0,-0.18174818033504464,0.6811534992784993,0.64,0.11431527577360921,0.6510334349359381,0.6115216546743069,0.64,-0.0791065147935921,-0.9643923991264376
deepseek_base_merged_layer16__humanevalplus__layer16__paired_transitions,4,4949,variant_increase_associated_with_regression,1.0,1.0,5.250849242485361,1.0,True,12,0.14634146341463414,13,0.006017566658556461,0.012967337854206562,0.006949770729988813,0.0,0.09266752004623413,0.09266752004623413,-0.007787507493048906,0.0,0.012944490648806095,0.0,0.01691126450896263,0.0,1.0,0.03125,1.0,5.250849242485361,0.03125,0.03125,0.0,-0.1500315049656812,0.657494572297004,0.64,0.0485960341583445,0.12540600315753278,0.6723172012968255,0.64,0.08977000360229298,0.46919538908993275
deepseek_base_merged_layer16__humanevalplus__layer16__paired_transitions,5,331,variant_increase_associated_with_regression,1.0,1.0,5.25082004496887,1.0,True,17,0.2073170731707317,18,0.06744960695505142,0.0024641226045787334,-0.0649854838848114,0.0,0.04720933735370636,0.04720933735370636,-0.014339582994580269,0.0,-0.09199154376983643,0.0,-0.1104312390089035,0.0,1.0,0.03125,1.0,5.25082004496887,0.03125,0.03125,0.0,-0.22927450013392278,0.6466837039636505,0.64,0.01856584434347355,-0.14500025343537748,0.6372396799628943,0.64,-0.007667555658626917,-0.5431996029469502
deepseek_base_merged_layer16__humanevalplus__layer16__paired_transitions,1,1312,variant_decrease_associated_with_regression,1.0,1.0,5.25085107338707,1.0,True,7,0.08536585365853659,8,0.0022129674907773733,0.008222696371376514,0.0060097286477684975,0.0,-0.09013772010803223,-0.09013772010803223,0.0,0.0,-0.0004142469260841608,0.0,0.0331217423081398,0.0,0.03125,0.03125,0.0,-5.250846023720851,1.0,0.03125,1.0,5.25085107338707,0.631328125,0.64,-0.024088541666666654,-1.0695588476475428,0.6637276441566452,0.64,0.06591012265734775,0.5722446754796389
deepseek_base_merged_layer16__humanevalplus__layer16__paired_transitions,2,1430,variant_decrease_associated_with_regression,1.0,1.0,5.25085107338707,1.0,True,9,0.10975609756097561,10,0.003106486052274704,0.012067161500453949,0.008960675448179245,0.0,-0.10833252966403961,-0.10833252966403961,0.0,0.0,0.024029146879911423,0.0,0.004120843950659037,0.0,0.03125,0.03125,0.0,-5.250846023720851,1.0,0.03125,1.0,5.25085107338707,0.6858375850340136,0.64,0.12732662509448217,0.9662653591151907,0.6212570468581005,0.64,-0.052063758727498764,-1.0354096889456543
deepseek_base_merged_layer16__humanevalplus__layer16__paired_transitions,3,2703,variant_decrease_associated_with_regression,1.0,1.0,5.25085107338707,1.0,True,6,0.07317073170731707,7,0.0037695688661187887,0.008375179022550583,0.004605610854923725,0.0,-0.30910465121269226,-0.30910465121269226,0.0,0.0,0.017623532563447952,0.0,0.00682287011295557,0.0,0.03125,0.03125,0.0,-5.250846023720851,1.0,0.03125,1.0,5.25085107338707,0.6659375,0.64,0.07204861111111097,0.5481959040723337,0.6437449944516815,0.64,0.01040276236578202,0.006986658867660051
deepseek_base_merged_layer16__humanevalplus__layer16__paired_transitions,4,4849,variant_decrease_associated_with_regression,1.0,1.0,5.25085107338707,1.0,True,11,0.13414634146341464,12,0.21299897134304047,0.0017121158307418227,-0.21128684282302856,0.0,-0.5227653384208679,-0.5227653384208679,0.0,0.0,-0.4177737236022949,0.0,-0.19077767431735992,0.0,0.03125,0.03125,0.0,-5.250846023720851,1.0,0.03125,1.0,5.25085107338707,0.6137864719022377,0.64,-0.07281535582711761,-1.2372255363164666,0.7027388038548753,0.64,0.17427445515243137,1.3759842024941464
deepseek_base_merged_layer16__humanevalplus__layer16__paired_transitions,5,7051,variant_decrease_associated_with_regression,1.0,1.0,5.25085107338707,1.0,True,10,0.12195121951219512,11,0.02876448631286621,0.0006726158899255097,-0.028091872110962868,0.0,-0.23642490804195404,-0.23642490804195404,0.0,0.0,-0.049352049827575684,0.0,-0.027102384716272354,0.0,0.03125,0.03125,0.0,-5.250846023720851,1.0,0.03125,1.0,5.25085107338707,0.6346573981067657,0.64,-0.014840560814539784,-0.44935264847108836,0.656373299319728,0.64,0.04548138699924437,-0.1278743998052485
deepseek_base_merged_layer16__humanevalplus__layer16__paired_transitions,1,14219,variant_increase_associated_with_improvement,0.8560899733905492,0.6002499260848587,3.2152825340920552,1.0,True,82,1.0,82,2.490030527114868,2.212735176086426,-0.27729517221450806,-0.2016984224319458,-0.37935876846313477,-0.37935876846313477,-0.41383233666419983,-0.35747528076171875,0.07620421051979065,0.10336172580718994,-0.6649207472801208,-0.7264364361763,0.058823529411764705,0.03125,0.028462998102466792,-0.3745079532986152,0.0625,0.03125,0.03225806451612903,-0.26799380287607244,0.8560899733905492,0.64,0.6002499260848587,3.2152825340920552,0.499341015800523,0.64,-0.39071940055410287,-2.8128880159830922
deepseek_base_merged_layer16__humanevalplus__layer16__paired_transitions,2,3440,variant_increase_associated_with_improvement,0.8420249600934491,0.5611804447040252,3.0982241651843094,1.0,True,82,1.0,82,3.1690688133239746,3.209563732147217,0.04049528390169144,0.026549458503723145,-0.43115830421447754,-0.43115830421447754,-0.259391188621521,-0.4657931327819824,0.584307074546814,0.31337249279022217,-0.3836071789264679,-0.551340639591217,0.0625,0.03125,0.03225806451612903,-0.39314237893529164,0.058823529411764705,0.03125,0.028462998102466792,-0.2880935833479848,0.8420249600934491,0.64,0.5611804447040252,3.0982241651843094,0.511011066042952,0.64,-0.3583025943251334,-2.5039292847249226
deepseek_base_merged_layer16__humanevalplus__layer16__paired_transitions,3,11887,variant_increase_associated_with_improvement,0.8128697327863392,0.4801937021842756,2.8907716682178544,1.0,True,50,0.6097560975609756,51,0.0,0.23105226457118988,0.23105226457118988,0.0954316258430481,0.27092230319976807,0.27092230319976807,0.16632749140262604,0.005865171551704407,0.3431251049041748,0.3660353720188141,0.14106710255146027,0.04826727882027626,0.09090909090909091,0.03125,0.06158357771260997,-0.17793548670561668,0.045454545454545456,0.03125,0.01466275659824047,-0.6216452192851635,0.8128697327863392,0.64,0.4801937021842756,2.8907716682178544,0.5578065868266606,0.64,-0.22831503659260943,-1.8748831630578904
deepseek_base_merged_layer16__humanevalplus__layer16__paired_transitions,4,13402,variant_increase_associated_with_improvement,0.8352526698550367,0.5423685273751018,2.8871433308508263,1.0,True,82,1.0,82,1.9487009048461914,2.5758492946624756,0.6271482110023499,0.6334870457649231,0.42298924922943115,0.42298924922943115,0.5940418839454651,0.5952153205871582,0.8697820901870728,0.8207871317863464,0.264157772064209,0.3820021152496338,0.05,0.03125,0.019354838709677424,-0.41105475447408435,0.07692307692307693,0.03125,0.04714640198511167,-0.26653011283906536,0.8352526698550367,0.64,0.5423685273751018,2.8871433308508263,0.5186510894067466,0.64,-0.3370803072034816,-2.398578714197873
deepseek_base_merged_layer16__humanevalplus__layer16__paired_transitions,5,8267,variant_increase_associated_with_improvement,0.8327685145087189,0.5354680958575525,2.720014618397903,1.0,True,82,1.0,82,2.356381416320801,2.893368721008301,0.5369871854782104,0.5582882165908813,-0.8139939308166504,-0.8139939308166504,0.5326323509216309,0.5393915176391602,0.740148663520813,0.7770474553108215,0.25836557149887085,0.22005903720855713,0.03225806451612903,0.03125,0.001040582726326742,-0.5125655234454728,0.5,0.03125,0.4838709677419355,2.085869019183367,0.8327685145087189,0.64,0.5354680958575525,2.720014618397903,0.5626049772767965,0.64,-0.21498617423112093,-1.5619455223456358
deepseek_base_merged_layer16__humanevalplus__layer16__paired_transitions,1,15145,variant_decrease_associated_with_improvement,0.8813291288462861,0.6703586912396836,3.5340333550280363,1.0,True,82,1.0,82,2.8043437004089355,9.3732328414917,6.568889141082764,-0.1789115071296692,-0.4367852210998535,-0.4367852210998535,3.95194411277771,-0.2814420461654663,2.433121681213379,-0.40659451484680176,18.81753158569336,0.9064911603927612,0.058823529411764705,0.03125,0.028462998102466792,-0.3874167020299781,0.0625,0.03125,0.03225806451612903,-0.32565797839333105,0.4867505115334926,0.64,-0.4256930235180762,-3.025501442565951,0.8813291288462861,0.64,0.6703586912396836,3.5340333550280363
deepseek_base_merged_layer16__humanevalplus__layer16__paired_transitions,2,10949,variant_decrease_associated_with_improvement,0.8655358107257586,0.6264883631271072,3.195085448953218,1.0,True,82,1.0,82,2.710146903991699,1.7038527727127075,-1.0062942504882812,-0.9772406220436096,-0.7827866077423096,-0.7827866077423096,-0.9843062162399292,-1.0086135864257812,-1.297769546508789,-1.1530216932296753,-0.5384013056755066,-0.5571755766868591,0.07142857142857142,0.03125,0.04147465437788018,-0.28370372291611395,0.05263157894736842,0.03125,0.022071307300509335,-0.40099813902683296,0.5293123015215194,0.64,-0.3074658291068905,-2.1452895872148714,0.8655358107257586,0.64,0.6264883631271072,3.195085448953218
deepseek_base_merged_layer16__humanevalplus__layer16__paired_transitions,3,4204,variant_decrease_associated_with_improvement,0.8667838106736849,0.6299550296491248,3.186711254648674,1.0,True,82,1.0,82,2.94590163230896,2.4306695461273193,-0.5152322053909302,-0.674453616142273,0.26953792572021484,0.26953792572021484,-0.6548280119895935,-0.6917791366577148,-0.8420813679695129,-0.8473144173622131,0.2626493573188782,0.28847944736480713,0.25,0.03125,0.22580645161290322,0.7215476037258848,0.034482758620689655,0.03125,0.0033370411568409337,-0.4888585075957918,0.5074914300954977,0.64,-0.3680793608458398,-2.468183381454342,0.8667838106736849,0.64,0.6299550296491248,3.186711254648674
deepseek_base_merged_layer16__humanevalplus__layer16__paired_transitions,4,6885,variant_decrease_associated_with_improvement,0.8572715665681194,0.6035321293558873,3.101908960511401,1.0,True,82,1.0,82,2.787571430206299,6.092139720916748,3.304568290710449,0.12678825855255127,1.4138636589050293,1.4138636589050293,1.8891072273254395,-0.287722110748291,1.0528520345687866,-0.4797126054763794,9.850398063659668,1.1940323114395142,0.3333333333333333,0.03125,0.3118279569892473,0.7242473283074113,0.03333333333333333,0.03125,0.0021505376344086017,-0.46011746976474915,0.4980542258032801,0.64,-0.3942938172131108,-2.8311169018733553,0.8572715665681194,0.64,0.6035321293558873,3.101908960511401
deepseek_base_merged_layer16__humanevalplus__layer16__paired_transitions,5,4957,variant_decrease_associated_with_improvement,0.8525799746512919,0.5904999295869219,3.0611304260687104,1.0,True,82,1.0,82,2.504824638366699,1.9558064937591553,-0.5490183234214783,-0.6295627355575562,-0.8156332969665527,-0.8156332969665527,-0.6064143180847168,-0.5769531726837158,-0.7809982299804688,-0.8880317807197571,-0.02294924482703209,-0.2634671926498413,0.047619047619047616,0.03125,0.016897081413210443,-0.44938861206228753,0.08333333333333333,0.03125,0.05376344086021505,-0.23048074009348363,0.5108593314144918,0.64,-0.3587240794041895,-2.5648004336456647,0.8525799746512919,0.64,0.5904999295869219,3.0611304260687104
deepseek_base_merged_layer16__bigcodebench__layer16__paired_transitions,1,10786,variant_increase_associated_with_regression,0.5986093297438813,0.3935510525478206,5.062109742193898,0.19402985074626866,True,564,0.8221574344023324,565,0.0,0.4141536056995392,0.4141536056995392,0.3730246126651764,0.5131950974464417,0.5173389315605164,0.23883618414402008,0.14383724331855774,0.39468270540237427,0.34895721077919006,0.453840047121048,0.41362136602401733,0.5986093297438813,0.3381294964028777,0.3935510525478206,5.062109742193898,0.2557826461115715,0.3381294964028777,-0.12441534989664746,-2.506548986698319,0.28374235049880603,0.3162705667276051,-0.04757469058062327,-1.8865988855518316,0.33275692235568394,0.3162705667276051,0.024112397135184798,0.798175778141315
deepseek_base_merged_layer16__bigcodebench__layer16__paired_transitions,2,6865,variant_increase_associated_with_regression,0.5821233075915743,0.36864282342640026,5.994133750235036,0.417910447761194,True,306,0.446064139941691,307,0.0034491957630962133,0.11454309523105621,0.11109388619661331,0.0,0.18798811733722687,0.10895681381225586,0.052565984427928925,0.0,0.09120215475559235,0.0,0.12502920627593994,0.0,0.5821233075915743,0.3381294964028777,0.36864282342640026,5.994133750235036,0.2493318919014413,0.3381294964028777,-0.13416159810543107,-3.4622216563470114,0.29449944917214893,0.3162705667276051,-0.031841714713461325,-1.673300037765485,0.3466359675129642,0.3162705667276051,0.04441142842136745,1.8670386850483742
deepseek_base_merged_layer16__bigcodebench__layer16__paired_transitions,3,15943,variant_increase_associated_with_regression,0.5765597489016487,0.360237011927491,5.1230664989599966,0.5174129353233831,True,488,0.7113702623906706,489,0.0013472465798258781,0.2659800946712494,0.26463282108306885,0.17560845613479614,0.3610835373401642,0.3366677165031433,0.15655779838562012,0.04880952090024948,0.2314627468585968,0.14926749467849731,0.29444068670272827,0.23311281204223633,0.5765597489016487,0.3381294964028777,0.360237011927491,5.1230664989599966,0.24149145297064592,0.3381294964028777,-0.14600747866391542,-2.962916863314894,0.2834871022960792,0.3162705667276051,-0.04794800813915688,-2.189597761327655,0.35230305519156824,0.3162705667276051,0.05269992296734713,1.9109305831454728
deepseek_base_merged_layer16__bigcodebench__layer16__paired_transitions,4,8406,variant_increase_associated_with_regression,0.565840737296795,0.34404198352450543,6.565824949546736,0.6865671641791045,True,399,0.5816326530612245,400,0.00031764275627210736,0.17317400872707367,0.17285636067390442,0.08847751468420029,0.20771647989749908,0.11251769959926605,0.07333157956600189,0.0,0.16202297806739807,0.050040341913700104,0.19796870648860931,0.13999611139297485,0.565840737296795,0.3381294964028777,0.34404198352450543,6.565824949546736,0.2568231925488871,0.3381294964028777,-0.12284321995331192,-3.3299493898085912,0.2967782137120709,0.3162705667276051,-0.028508869249992536,-1.3373454739110677,0.352253858943635,0.3162705667276051,0.052627970166225495,2.091766821414838
deepseek_base_merged_layer16__bigcodebench__layer16__paired_transitions,5,4634,variant_increase_associated_with_regression,0.5548531687531554,0.32744120061618043,4.632182741287065,0.8606965174129353,True,453,0.6603498542274052,454,0.0028736128006130457,0.2163058966398239,0.21343229711055756,0.12226151674985886,0.31690746545791626,0.18061316013336182,0.13426543772220612,0.029933378100395203,0.1963452845811844,0.09649773687124252,0.22780680656433105,0.16491100192070007,0.5548531687531554,0.3381294964028777,0.32744120061618043,4.632182741287065,0.27629970243845,0.3381294964028777,-0.0934167539245158,-1.9535453128590967,0.3032006669991577,0.3162705667276051,-0.019115602009253295,-0.986521008430897,0.34372690529751165,0.3162705667276051,0.040156730475237636,1.2977744289245006
deepseek_base_merged_layer16__bigcodebench__layer16__paired_transitions,1,10589,variant_decrease_associated_with_regression,0.574537783485506,0.35718208591831885,5.606506529994548,0.5373134328358209,True,686,1.0,686,2.8354074954986572,2.2629592418670654,-0.572448194026947,-0.5598405599594116,-0.6257619857788086,-0.5349135398864746,-0.3401997685432434,-0.44005322456359863,-0.6198194026947021,-0.6365234851837158,-0.6009665727615356,-0.5627424716949463,0.3072133244525165,0.3381294964028777,-0.04671030327282837,-1.3064373884377516,0.574537783485506,0.3381294964028777,0.35718208591831885,5.606506529994548,0.316871901158371,0.3162705667276051,0.0008794918011468834,-0.24445188962643796,0.33338239511187895,0.3162705667276051,0.02502719285079622,0.3739550895063009
deepseek_base_merged_layer16__bigcodebench__layer16__paired_transitions,2,8844,variant_decrease_associated_with_regression,0.573927050844443,0.35625934855845187,4.930903419200707,0.5422885572139303,True,634,0.924198250728863,635,0.5137835144996643,0.00011582468141568825,-0.5136677622795105,-0.4976864457130432,-0.5390357971191406,-0.48696330189704895,-0.32910892367362976,-0.3271934986114502,-0.5127134919166565,-0.5305559039115906,-0.5563206672668457,-0.5429937839508057,0.2643043532761295,0.3381294964028777,-0.11154016189802174,-2.0386984975862292,0.573927050844443,0.3381294964028777,0.35625934855845187,4.930903419200707,0.32812966819557593,0.3162705667276051,0.017344728617593674,0.4734644347645223,0.2866964271960507,0.3162705667276051,-0.043254155945883055,-1.8988474518038794
deepseek_base_merged_layer16__bigcodebench__layer16__paired_transitions,3,7162,variant_decrease_associated_with_regression,0.5735005901997049,0.35561502214955415,4.759665143319124,0.5422885572139303,True,686,1.0,686,2.6825039386749268,2.427643299102783,-0.2548607885837555,-0.243544340133667,-0.47332683205604553,-0.529120922088623,-0.04885098710656166,-0.15053826570510864,-0.32519933581352234,-0.31184983253479004,-0.24554641544818878,-0.22506976127624512,0.267724091897553,0.3381294964028777,-0.10637338289391454,-2.0849585021583397,0.5735005901997049,0.3381294964028777,0.35561502214955415,4.759665143319124,0.2861981613040394,0.3162705667276051,-0.04398290311949316,-1.924133246006712,0.33401727568967526,0.3162705667276051,0.025955748134364624,0.4864593870277112
deepseek_base_merged_layer16__bigcodebench__layer16__paired_transitions,4,10634,variant_decrease_associated_with_regression,0.5704750472116611,0.35104382133066186,5.2520306306102915,0.6019900497512438,True,686,1.0,686,2.769958734512329,2.810256004333496,0.04029737785458565,0.02854621410369873,0.041162557899951935,-0.013232707977294922,0.46430015563964844,0.3540734052658081,-0.028552221134305,-0.03611469268798828,-0.03226395323872566,-0.056307196617126465,0.2781620844325832,0.3381294964028777,-0.09060293765077101,-1.9883616765575403,0.5704750472116611,0.3381294964028777,0.35104382133066186,5.2520306306102915,0.3199271026454293,0.3162705667276051,0.005347928200667965,-0.12177339233159525,0.3121859858003475,0.3162705667276051,-0.0059739726395986945,-0.6863243871210642
deepseek_base_merged_layer16__bigcodebench__layer16__paired_transitions,5,8178,variant_decrease_associated_with_regression,0.5685717632844118,0.3481682075710135,4.585264921913211,0.6318407960199005,True,645,0.9402332361516035,646,0.5186024308204651,0.0,-0.5186024308204651,-0.4844808280467987,-0.5973550081253052,-0.5561834573745728,-0.3663772940635681,-0.3685510754585266,-0.5049940347671509,-0.44199293851852417,-0.5524462461471558,-0.5260753631591797,0.23929321097048717,0.3381294964028777,-0.1493287355989379,-2.9794966378473884,0.5685717632844118,0.3381294964028777,0.3481682075710135,4.585264921913211,0.3500766381131878,0.3162705667276051,0.04944363916554471,1.5240245750533543,0.29449171326916695,0.3162705667276051,-0.03185302898867828,-1.5230186777476806
deepseek_base_merged_layer16__bigcodebench__layer16__paired_transitions,1,15967,variant_increase_associated_with_improvement,0.3830660623800581,0.09769287733126142,3.1777322111865796,1.0,True,686,1.0,686,2.6333799362182617,2.63661527633667,0.0032352686394006014,0.01237332820892334,-0.06690160930156708,-0.13087868690490723,0.09702470153570175,0.08842158317565918,0.05989719554781914,0.005510807037353516,-0.03723187372088432,0.009717941284179688,0.322153579628022,0.3381294964028777,-0.02413752643157548,-0.9807516049163788,0.4342333207408064,0.3381294964028777,0.14520034329317488,1.893909987526898,0.3830660623800581,0.3162705667276051,0.09769287733126142,3.1777322111865796,0.304960391274749,0.3162705667276051,-0.01654188762757299,-0.947616801772884
deepseek_base_merged_layer16__bigcodebench__layer16__paired_transitions,2,10705,variant_increase_associated_with_improvement,0.3842264493929235,0.09939002090355388,3.1554099908251514,1.0,True,686,1.0,686,4.112307548522949,3.8866496086120605,-0.22565771639347076,-0.08834433555603027,-0.3624863624572754,-0.331817626953125,0.0029066463466733694,0.17433607578277588,0.0360596589744091,0.0158233642578125,-0.38574883341789246,-0.21080434322357178,0.3418898097392618,0.3381294964028777,0.005681342975623807,-0.3028196254231474,0.4297548540171557,0.3381294964028777,0.13843396422157217,1.5077905271436554,0.3842264493929235,0.3162705667276051,0.09939002090355388,3.1554099908251514,0.2676400974822698,0.3162705667276051,-0.07112531197111877,-2.584648323553045
deepseek_base_merged_layer16__bigcodebench__layer16__paired_transitions,3,10241,variant_increase_associated_with_improvement,0.3823916685171792,0.09670653122699739,2.9917849645608814,1.0,True,686,1.0,686,2.756009817123413,2.9636731147766113,0.20766344666481018,0.23524951934814453,0.44311627745628357,0.484050989151001,0.2349228858947754,0.24010872840881348,0.29617059230804443,0.31883835792541504,0.13042843341827393,0.14157140254974365,0.43482237443380406,0.3381294964028777,0.14609032659020396,1.9052203871045212,0.3435766746028582,0.3381294964028777,0.008229975758666151,-0.4152758751780269,0.3823916685171792,0.3162705667276051,0.09670653122699739,2.9917849645608814,0.2858123667885418,0.3162705667276051,-0.04454715338681182,-1.8931033877667502
deepseek_base_merged_layer16__bigcodebench__layer16__paired_transitions,4,2773,variant_increase_associated_with_improvement,0.3848404174987189,0.10028799029892843,2.959993124126409,1.0,True,686,1.0,686,4.048348426818848,3.7914693355560303,-0.2568792700767517,0.032998085021972656,-0.7209394574165344,-0.5533630847930908,-0.06397412717342377,0.376448392868042,0.05074954032897949,0.2105395793914795,-0.3883129954338074,-0.10721659660339355,0.2709600505455063,0.3381294964028777,-0.10148427145841982,-1.994441270691566,0.4645257015429635,0.3381294964028777,0.19096817950512965,2.1537200221332315,0.3848404174987189,0.3162705667276051,0.10028799029892843,2.959993124126409,0.2669838771305294,0.3162705667276051,-0.07208507810053587,-2.687305321287491
deepseek_base_merged_layer16__bigcodebench__layer16__paired_transitions,5,7690,variant_increase_associated_with_improvement,0.38145743366994045,0.09534015031405729,2.9290056717593393,1.0,True,686,1.0,684,2.825033664703369,3.2275142669677734,0.40248024463653564,0.3898404836654663,0.466632604598999,0.41693830490112305,0.6046034097671509,0.601442813873291,0.4726410210132599,0.4518747329711914,0.3122440576553345,0.2963402271270752,0.3127659027006697,0.3381294964028777,-0.03832108178920561,-1.0126593172485292,0.4156018862481933,0.3381294964028777,0.11705067596194418,1.035261001844311,0.38145743366994045,0.3162705667276051,0.09534015031405729,2.9290056717593393,0.28016102361818995,0.3162705667276051,-0.05281262053703234,-2.1173241780376006
deepseek_base_merged_layer16__bigcodebench__layer16__paired_transitions,1,1437,variant_decrease_associated_with_improvement,0.4351818031528119,0.17391563188392545,5.792663221497223,1.0,True,686,1.0,686,4.543386936187744,3.4572126865386963,-1.0861741304397583,-0.9378397464752197,0.008046964183449745,-0.11800742149353027,-0.3680279850959778,-0.23130011558532715,-1.5925729274749756,-1.5446789264678955,-1.1660962104797363,-1.0927941799163818,0.4527508828771686,0.3381294964028777,0.17317796434702643,1.9409795983637501,0.2868479080992877,0.3381294964028777,-0.07747979102390233,-1.601304708170567,0.2865682560024766,0.3162705667276051,-0.04344161488407835,-1.8354802200265283,0.4351818031528119,0.3162705667276051,0.17391563188392545,5.792663221497223
deepseek_base_merged_layer16__bigcodebench__layer16__paired_transitions,2,6378,variant_decrease_associated_with_improvement,0.4467008664699642,0.19076303197612413,5.740617673968898,1.0,True,686,1.0,686,3.9688220024108887,2.5721611976623535,-1.3966609239578247,-0.6544114351272583,-0.36500298976898193,-0.21587038040161133,-0.3826722800731659,-0.1864997148513794,-2.3847286701202393,-1.2048115730285645,-1.3186907768249512,-0.6534149646759033,0.3202388738135516,0.3381294964028777,-0.02703039717300358,-0.9389585785105432,0.3404218876563738,0.3381294964028777,0.0034635041764778302,-0.37484388900561855,0.27286563239879075,0.3162705667276051,-0.06348261785524455,-2.343070086617437,0.4467008664699642,0.3162705667276051,0.19076303197612413,5.740617673968898
deepseek_base_merged_layer16__bigcodebench__layer16__paired_transitions,3,6700,variant_decrease_associated_with_improvement,0.4369912220819391,0.17656202801823712,5.555726620176969,1.0,True,686,1.0,686,7.064682483673096,2.0262880325317383,-5.038393974304199,-4.478877067565918,-3.0397727489471436,-3.4340760707855225,-2.817030191421509,-3.5658183097839355,-6.31742525100708,-8.219581604003906,-5.2443528175354,-4.680634498596191,0.3459961964667088,0.3381294964028777,0.011885557705136135,-0.35411873094152424,0.3405998366036127,0.3381294964028777,0.0037323618250235317,-0.34131587780130906,0.2893168360421159,0.3162705667276051,-0.03942163284749361,-1.659215242760177,0.4369912220819391,0.3162705667276051,0.17656202801823712,5.555726620176969
deepseek_base_merged_layer16__bigcodebench__layer16__paired_transitions,4,9408,variant_decrease_associated_with_improvement,0.4214974973244519,0.15390141988362352,5.2884686452937775,1.0,True,686,1.0,686,5.700422286987305,2.6969187259674072,-3.0035037994384766,-3.2225637435913086,-1.9054490327835083,-1.3618366718292236,-2.3805506229400635,-2.934993267059326,-3.7178843021392822,-4.140981674194336,-2.9642856121063232,-3.0471346378326416,0.43325122578891645,0.3381294964028777,0.14371652592021072,1.4841897930338364,0.3414339798620578,0.3381294964028777,0.004992643487239511,-0.27001393733336765,0.267131723260639,0.3162705667276051,-0.07186884325248788,-2.8585591597718514,0.4214974973244519,0.3162705667276051,0.15390141988362352,5.2884686452937775
deepseek_base_merged_layer16__bigcodebench__layer16__paired_transitions,5,2174,variant_decrease_associated_with_improvement,0.42195048278972236,0.15456394140635865,5.151911365659433,1.0,True,686,1.0,686,4.707889080047607,3.2042107582092285,-1.5036780834197998,-1.2397609949111938,-0.4990413784980774,-0.4840378761291504,-0.6770644187927246,-0.8287612199783325,-2.109541893005371,-2.462197780609131,-1.553014874458313,-1.275121808052063,0.37105371305654067,0.3381294964028777,0.049744196900642954,0.17803439819124556,0.32807679254544986,0.3381294964028777,-0.015188324306331205,-0.6850386919374803,0.2842342165559337,0.3162705667276051,-0.046855303593326875,-2.0106278663313755,0.42195048278972236,0.3162705667276051,0.15456394140635865,5.151911365659433
codellama_base_finetuned_layer16__humanevalplus__layer16__paired_transitions,1,8847,variant_increase_associated_with_regression,0.7630281851818855,0.6511248281844425,6.080889404521005,0.15920398009950248,True,153,1.0,153,1.4001809358596802,1.8373929262161255,0.4372120797634125,0.5287333726882935,0.6636325120925903,0.8720853328704834,0.08926699310541153,0.23751488327980042,0.5421271324157715,0.5566869974136353,0.5199975371360779,0.5729172825813293,0.7630281851818855,0.32075471698113206,0.6511248281844425,6.080889404521005,0.2430193684688961,0.32075471698113206,-0.11444370753190293,-1.7419921093160613,0.21592714384301231,0.18,0.04381359005245405,-0.0235160422504967,0.1933770298923506,0.18,0.01631345108823243,-0.4458987588700262
codellama_base_finetuned_layer16__humanevalplus__layer16__paired_transitions,2,4187,variant_increase_associated_with_regression,0.721767591045346,0.5903800645945372,5.123555134069438,0.5422885572139303,True,153,1.0,153,1.9345113039016724,1.9731543064117432,0.038642942905426025,0.11265647411346436,0.3037996292114258,0.24178862571716309,-0.29026350378990173,-0.3306177258491516,0.2616595923900604,0.34947335720062256,0.07911451160907745,0.12067639827728271,0.721767591045346,0.32075471698113206,0.5903800645945372,5.123555134069438,0.22455767284254352,0.32075471698113206,-0.141623426092922,-2.029517392289118,0.2827733758372979,0.18,0.12533338516743645,1.0780594985735343,0.15395501918243343,0.18,-0.03176217172873971,-1.2365292564619959
codellama_base_finetuned_layer16__humanevalplus__layer16__paired_transitions,3,659,variant_increase_associated_with_regression,0.6926234089822928,0.5474733521128199,5.250525828738107,0.8756218905472637,True,153,1.0,153,1.494278073310852,1.7382110357284546,0.2439330816268921,0.2647709846496582,0.3047875463962555,0.394611120223999,-0.12760910391807556,-0.12543118000030518,0.6304076910018921,0.6238306164741516,0.30959707498550415,0.3009449243545532,0.6926234089822928,0.32075471698113206,0.5474733521128199,5.250525828738107,0.25041419012316324,0.32075471698113206,-0.10355688676312075,-1.536628177460731,0.34406651091650736,0.18,0.20008111087378946,2.382646936197013,0.13416763465127238,0.18,-0.055893128474058064,-1.5107620194511862
codellama_base_finetuned_layer16__humanevalplus__layer16__paired_transitions,4,7950,variant_increase_associated_with_regression,0.6752498802650885,0.5218956570569357,4.855293885271109,0.9751243781094527,True,153,1.0,153,1.6908413171768188,2.4333910942077637,0.7425495982170105,0.7503818273544312,1.0240776538848877,0.968402624130249,0.3554259240627289,0.46528923511505127,1.0262165069580078,1.0782363414764404,0.7918724417686462,0.7611727714538574,0.6752498802650885,0.32075471698113206,0.5218956570569357,4.855293885271109,0.22670990525356377,0.32075471698113206,-0.13845486171003107,-2.024970048761662,0.24526882831389984,0.18,0.07959613209012176,0.7925967024757862,0.14348597720568984,0.18,-0.04452929609062213,-1.4014027106124836
codellama_base_finetuned_layer16__humanevalplus__layer16__paired_transitions,5,4122,variant_increase_associated_with_regression,0.6708966147922863,0.5154866828886437,4.369023089564769,0.9850746268656716,True,153,1.0,153,1.6976202726364136,1.8474085330963135,0.14978837966918945,0.16762423515319824,0.18527813255786896,0.36138951778411865,-0.1512671560049057,-0.14843863248825073,0.3738172650337219,0.5256180167198181,0.2254243642091751,0.25939011573791504,0.6708966147922863,0.32075471698113206,0.5154866828886437,4.369023089564769,0.33971058250552194,0.32075471698113206,0.02790724646646288,-0.4092334656339226,0.21346629624424202,0.18,0.040812556395417095,-0.03102270995521989,0.15594701081657458,0.18,-0.02933291363832367,-1.1834762610418545
codellama_base_finetuned_layer16__humanevalplus__layer16__paired_transitions,1,7993,variant_decrease_associated_with_regression,0.7544483724893757,0.6384934372760253,5.142257452031999,0.23880597014925373,True,153,1.0,153,1.7317544221878052,1.8698359727859497,0.13808174431324005,0.2021578550338745,-0.2989828586578369,-0.3251185417175293,0.34419217705726624,0.3270171880722046,0.2143939733505249,0.2687593102455139,0.12145371735095978,0.20227116346359253,0.2155575500920876,0.32075471698113206,-0.154873606808871,-1.9221542439244506,0.7544483724893757,0.32075471698113206,0.6384934372760253,5.142257452031999,0.2029962121445739,0.18,0.028044161151919385,-0.28231791166250975,0.16520859358914822,0.18,-0.01803830050103875,-0.9791461341097089
codellama_base_finetuned_layer16__humanevalplus__layer16__paired_transitions,2,2674,variant_decrease_associated_with_regression,0.7357856082979536,0.6110177011053205,5.062436488354297,0.4129353233830846,True,153,1.0,153,1.8071787357330322,1.5661952495574951,-0.2409835308790207,-0.21198761463165283,-0.659055769443512,-0.6260689496994019,-0.07725203037261963,-0.09778225421905518,-0.1673620045185089,-0.1864415407180786,-0.2423529475927353,-0.20646071434020996,0.24689482621409925,0.32075471698113206,-0.10873817251813163,-1.6623834940632118,0.7357856082979536,0.32075471698113206,0.6110177011053205,5.062436488354297,0.21737044784341575,0.18,0.04557371688221433,0.013673448429868769,0.1767137110832033,0.18,-0.004007669410727673,-0.7076375931752525
codellama_base_finetuned_layer16__humanevalplus__layer16__paired_transitions,3,4843,variant_decrease_associated_with_regression,0.7133649245091752,0.5780094721940635,5.166872089263916,0.6517412935323383,True,153,1.0,153,2.280804395675659,1.8093270063400269,-0.4714774191379547,-0.5464456081390381,-0.8262303471565247,-0.9652000665664673,0.07920261472463608,0.14703428745269775,-0.47810283303260803,-0.5206427574157715,-0.638238787651062,-0.7159504890441895,0.2278079538692509,0.32075471698113206,-0.13683829013693613,-2.075724633643722,0.7133649245091752,0.32075471698113206,0.5780094721940635,5.166872089263916,0.21910471015993466,0.18,0.04768867092674959,0.11181658164350171,0.17281967928759803,0.18,-0.008756488673660927,-0.8305999105274297
codellama_base_finetuned_layer16__humanevalplus__layer16__paired_transitions,4,7552,variant_decrease_associated_with_regression,0.7014487589871455,0.5604662285088531,4.664664457135268,0.7910447761194029,True,153,1.0,153,1.509548306465149,1.6273783445358276,0.11783016473054886,0.13180947303771973,-0.3134174346923828,-0.17178106307983398,0.31052181124687195,0.29259049892425537,0.1584552377462387,0.04529803991317749,0.11372111737728119,0.09984719753265381,0.23232400179525947,0.32075471698113206,-0.13018966402364573,-1.7985714087161446,0.7014487589871455,0.32075471698113206,0.5604662285088531,4.664664457135268,0.2462124262638637,0.18,0.08074686129739475,0.5158857179449199,0.18376083491966994,0.18,0.004586384048377978,-0.5863947317724407
codellama_base_finetuned_layer16__humanevalplus__layer16__paired_transitions,5,14588,variant_decrease_associated_with_regression,0.700332781607595,0.5588232618111816,4.544755609841138,0.8159203980099502,True,153,1.0,153,1.7694987058639526,1.691672682762146,-0.07782615721225739,-0.09607768058776855,-0.3014757037162781,-0.37166833877563477,0.12705956399440765,0.07542085647583008,-0.11789549887180328,-0.08802300691604614,-0.11261390894651413,-0.1502072811126709,0.2545487047044076,0.32075471698113206,-0.09746996251851099,-1.610368353842789,0.700332781607595,0.32075471698113206,0.5588232618111816,4.544755609841138,0.19782428878010372,0.18,0.021736937536711857,-0.32850621549989567,0.20103294686256712,0.18,0.02564993519825259,-0.19571131921113452
codellama_base_finetuned_layer16__humanevalplus__layer16__paired_transitions,1,3238,variant_increase_associated_with_improvement,0.5223464963565552,0.4174957272640916,6.003179579906615,1.0,True,153,1.0,153,1.395259141921997,1.9329283237457275,0.5376694202423096,0.5889774560928345,0.3977046310901642,0.3685636520385742,0.7038220763206482,0.745551586151123,0.8198500275611877,0.8104315996170044,0.4317992925643921,0.4735673666000366,0.2475578781352359,0.32075471698113206,-0.10776201274534714,-1.7504055489653623,0.5110543744848429,0.32075471698113206,0.280163384658241,2.08629402071166,0.5223464963565552,0.18,0.4174957272640916,6.003179579906615,0.13240149106046523,0.18,-0.058046962121383855,-1.7273058672624748
codellama_base_finetuned_layer16__humanevalplus__layer16__paired_transitions,2,8877,variant_increase_associated_with_improvement,0.47283902904866654,0.35712076713252017,5.392782429167674,1.0,True,153,1.0,153,1.3754081726074219,1.6210169792175293,0.24560873210430145,0.19286644458770752,0.16695858538150787,0.12972652912139893,0.19532756507396698,0.13541537523269653,0.5516590476036072,0.6057034134864807,0.21680715680122375,0.21804195642471313,0.3251108466659558,0.32075471698113206,0.006413190924879394,-0.5673867489026724,0.35092349430756803,0.32075471698113206,0.04441514439725295,-0.26967337257208157,0.47283902904866654,0.18,0.35712076713252017,5.392782429167674,0.13711373395504287,0.18,-0.052300324445069664,-1.5905469527398743
codellama_base_finetuned_layer16__humanevalplus__layer16__paired_transitions,3,1076,variant_increase_associated_with_improvement,0.4867285226769377,0.3740591739962655,5.2891316653378615,1.0,True,153,1.0,153,1.5269083976745605,1.7487514019012451,0.22184297442436218,0.16236090660095215,0.0931808352470398,0.1451488733291626,-0.034585244953632355,-0.10001850128173828,0.7876519560813904,0.8331220149993896,0.23689307272434235,0.19440138339996338,0.3818482641798513,0.32075471698113206,0.08994327782033663,0.24394792610395116,0.31635191408383095,0.32075471698113206,-0.0064819042654710715,-0.7833383987608511,0.4867285226769377,0.18,0.3740591739962655,5.2891316653378615,0.11816014385499998,0.18,-0.07541445871341464,-1.8757782363106397
codellama_base_finetuned_layer16__humanevalplus__layer16__paired_transitions,4,4171,variant_increase_associated_with_improvement,0.43334543831737027,0.3089578516065491,4.873431906531974,1.0,True,153,1.0,153,1.6354291439056396,1.7018851041793823,0.06645597517490387,0.07256484031677246,-0.08666203171014786,0.011936545372009277,0.06005779281258583,-0.04774051904678345,0.30453217029571533,0.23998039960861206,0.04874827712774277,0.07902306318283081,0.2895377990280149,0.32075471698113206,-0.045958240319866915,-1.098551897847127,0.3751632517484845,0.32075471698113206,0.08010145396304669,0.12994137866341482,0.43334543831737027,0.18,0.3089578516065491,4.873431906531974,0.1433721465163026,0.18,-0.04466811400450903,-1.4787161039437642
codellama_base_finetuned_layer16__humanevalplus__layer16__paired_transitions,5,6315,variant_increase_associated_with_improvement,0.44815380931622817,0.32701684062954656,4.851000931885186,1.0,True,153,1.0,153,1.5210446119308472,1.6833220720291138,0.16227759420871735,0.14622020721435547,0.05991861969232559,0.02295386791229248,0.03276200592517853,0.06374871730804443,0.5256984233856201,0.6269295811653137,0.16058357059955597,0.21042412519454956,0.34376772668545535,0.32075471698113206,0.033880264286920404,-0.2729768776090427,0.3296925741742173,0.32075471698113206,0.013158511978708858,-0.521636666044341,0.44815380931622817,0.18,0.32701684062954656,4.851000931885186,0.12696229732077877,0.18,-0.06468012521856246,-1.8858662982531276
codellama_base_finetuned_layer16__humanevalplus__layer16__paired_transitions,1,6681,variant_decrease_associated_with_improvement,0.3806727085610187,0.24472281531831547,3.215253410354696,1.0,True,153,1.0,153,2.0205509662628174,1.4995967149734497,-0.5209543108940125,-0.5360846519470215,-0.7792385220527649,-0.8083698749542236,-0.5239269137382507,-0.5168988108634949,-0.6991762518882751,-0.6379383206367493,-0.4269806444644928,-0.4736231565475464,0.2522720139478307,0.32075471698113206,-0.10082175724347141,-1.547579799595153,0.4443094445387522,0.32075471698113206,0.18190001557094077,0.9397545019816329,0.14493879970938034,0.18,-0.042757561330023966,-1.4115131390657862,0.3806727085610187,0.18,0.24472281531831547,3.215253410354696
codellama_base_finetuned_layer16__humanevalplus__layer16__paired_transitions,2,4685,variant_decrease_associated_with_improvement,0.3587285993007526,0.21796170646433247,3.1181268414872116,1.0,True,52,0.33986928104575165,53,0.03174604848027229,0.0061164312064647675,-0.025629619136452675,0.0,-0.021778961643576622,0.0,-0.012075413018465042,0.0,-0.08113573491573334,-0.004983395338058472,-0.0201942827552557,0.0,0.3251417527313868,0.32075471698113206,0.006458691521208353,-0.5649787599887461,0.4049650300371721,0.32075471698113206,0.12397629422139227,1.0185883681099797,0.14802350098744585,0.18,-0.038995730503114806,-1.4449464049941039,0.3587285993007526,0.18,0.21796170646433247,3.1181268414872116
codellama_base_finetuned_layer16__humanevalplus__layer16__paired_transitions,3,6047,variant_decrease_associated_with_improvement,0.3480583668083668,0.2049492278150815,3.07420739767472,1.0,True,68,0.4444444444444444,69,0.04679503291845322,0.004121121950447559,-0.04267390817403793,0.0,-0.04710736870765686,0.0,-0.018295029178261757,0.0,-0.0884174257516861,-0.01291702687740326,-0.042416445910930634,0.0,0.29943963246653893,0.32075471698113206,-0.03138054109092877,-1.037713738827839,0.41445778311324527,0.32075471698113206,0.13795173625005555,0.9602626218460453,0.16140598802879683,0.18,-0.022675624355125813,-1.1365407560515477,0.3480583668083668,0.18,0.2049492278150815,3.07420739767472
codellama_base_finetuned_layer16__humanevalplus__layer16__paired_transitions,4,9947,variant_decrease_associated_with_improvement,0.36884117370520414,0.2302941142746392,3.027568461509174,1.0,True,153,1.0,153,1.9188579320907593,1.8589178323745728,-0.05994000285863876,-0.061955928802490234,-0.06878223270177841,-0.05419719219207764,-0.2923717200756073,-0.25266700983047485,-0.0654071718454361,-0.11701333522796631,0.045136451721191406,0.004181981086730957,0.38062284059883184,0.32075471698113206,0.08813918199272466,0.2342209777848498,0.2677609676517039,0.32075471698113206,-0.07801857540165816,-1.5041738646741099,0.23648745540666155,0.18,0.06888714073983117,0.4205235903306136,0.36884117370520414,0.18,0.2302941142746392,3.027568461509174
codellama_base_finetuned_layer16__humanevalplus__layer16__paired_transitions,5,2176,variant_decrease_associated_with_improvement,0.35906925960572444,0.21837714586063955,2.9874507262202794,1.0,True,153,1.0,153,0.45076677203178406,0.1529117226600647,-0.29785510897636414,-0.3543142080307007,-0.264733225107193,-0.3288426995277405,-0.28784921765327454,-0.3571391999721527,-0.3836580812931061,-0.4791417717933655,-0.2902798354625702,-0.3386140465736389,0.3818509466536503,0.32075471698113206,0.08994722701787411,0.14772889614527074,0.3498437753786183,0.32075471698113206,0.04282555819629922,-0.14359647344843174,0.14921578158781756,0.18,-0.03754172977095418,-1.223715600670547,0.35906925960572444,0.18,0.21837714586063955,2.9874507262202794
codellama_base_finetuned_layer16__bigcodebench__layer16__paired_transitions,1,7288,variant_increase_associated_with_regression,0.4706032368706408,0.1754244356106345,3.68483526376078,1.0,True,519,0.5242424242424243,520,0.0023786472156643867,0.07001045346260071,0.0676318109035492,0.007223510183393955,0.07785898447036743,0.026041261851787567,0.042541347444057465,0.0,0.07381927967071533,0.02094675600528717,0.07167419046163559,0.010816007852554321,0.4706032368706408,0.35797665369649806,0.1754244356106345,3.68483526376078,0.3109738690577685,0.35797665369649806,-0.07321039789183933,-2.3397698229370185,0.15511084037800238,0.15006821282401092,0.0059329791285324856,-0.1710625628778986,0.14659124409011628,0.15006821282401092,-0.004090879746299789,-0.5924872848328435
codellama_base_finetuned_layer16__bigcodebench__layer16__paired_transitions,2,15192,variant_increase_associated_with_regression,0.4721105288706736,0.17777215708947347,3.4531548719771568,1.0,True,990,1.0,990,2.1044602394104004,2.0294063091278076,-0.07505393028259277,-0.06622505187988281,0.07711105048656464,0.08455526828765869,-0.045184142887592316,-0.03608667850494385,-0.05792970955371857,-0.05477774143218994,-0.1084589958190918,-0.10666656494140625,0.4721105288706736,0.35797665369649806,0.17777215708947347,3.4531548719771568,0.32176954941754354,0.35797665369649806,-0.05639530787691704,-1.749251830968437,0.1872348623455484,0.15006821282401092,0.043728979292595456,1.8564220219956358,0.15000405198318786,0.15006821282401092,-7.54894001979153e-05,-0.4346527947318125
codellama_base_finetuned_layer16__bigcodebench__layer16__paired_transitions,3,4387,variant_increase_associated_with_regression,0.4824931330189108,0.19394384961127317,3.439545583433057,1.0,True,990,1.0,990,1.965224266052246,2.504784107208252,0.5395601391792297,0.5327524542808533,0.6390519738197327,0.5921045541763306,0.4852857291698456,0.5043947696685791,0.5959089398384094,0.5314719676971436,0.5292931199073792,0.5349583625793457,0.4824931330189108,0.35797665369649806,0.19394384961127317,3.439545583433057,0.3240868625052902,0.35797665369649806,-0.05278591718872986,-1.4276093414718833,0.20260381548513173,0.15006821282401092,0.06181155176661566,2.908298745753729,0.15111627544447892,0.15006821282401092,0.0012331138054623486,-0.37046134012090887
codellama_base_finetuned_layer16__bigcodebench__layer16__paired_transitions,4,14199,variant_increase_associated_with_regression,0.4742491919193972,0.18110328680778834,3.4381056114784214,1.0,True,990,1.0,990,1.4141206741333008,1.6109009981155396,0.19678020477294922,0.19566959142684937,0.24346224963665009,0.24455362558364868,0.13385482132434845,0.15978264808654785,0.23017746210098267,0.19234830141067505,0.20065543055534363,0.20329272747039795,0.4742491919193972,0.35797665369649806,0.18110328680778834,3.4381056114784214,0.3222259749812622,0.35797665369649806,-0.055684390483731,-1.7557746977405175,0.1648356052886967,0.15006821282401092,0.017374797233731424,0.4102354706480788,0.14253374096971114,0.15006821282401092,-0.008864795937723503,-0.8718277551197273
codellama_base_finetuned_layer16__bigcodebench__layer16__paired_transitions,5,3982,variant_increase_associated_with_regression,0.47071720739267986,0.17560195333284076,3.4303457879332147,1.0,True,598,0.604040404040404,599,0.0017680268501862884,0.08934005349874496,0.08757203072309494,0.036776844412088394,0.09774040430784225,0.048816144466400146,0.05344235524535179,0.0,0.0825732871890068,0.029143858700990677,0.09599220007658005,0.05387204885482788,0.47071720739267986,0.35797665369649806,0.17560195333284076,3.4303457879332147,0.3022527676757122,0.35797665369649806,-0.08679417398389074,-2.708373783118305,0.14211368571996427,0.15006821282401092,-0.009359018246013153,-1.0963417889911755,0.16472140651617248,0.15006821282401092,0.017240434954019942,1.0502600547020238
codellama_base_finetuned_layer16__bigcodebench__layer16__paired_transitions,1,12529,variant_decrease_associated_with_regression,0.5407070669737548,0.2846164618924545,5.308457063871041,0.15422885572139303,True,990,1.0,990,2.080918073654175,1.746286153793335,-0.334632009267807,-0.3383514881134033,-0.44496437907218933,-0.5145418643951416,-0.21902664005756378,-0.2300403118133545,-0.3060683310031891,-0.32164525985717773,-0.354000061750412,-0.3623940944671631,0.27773760639979594,0.35797665369649806,-0.12497839488031785,-2.8301225064960875,0.5407070669737548,0.35797665369649806,0.2846164618924545,5.308457063871041,0.17654295193448083,0.15006821282401092,0.031149251633987872,1.3612395880806876,0.15303936563831783,0.15006821282401092,0.003495754434810531,-0.31835305969138966
codellama_base_finetuned_layer16__bigcodebench__layer16__paired_transitions,2,11225,variant_decrease_associated_with_regression,0.5258486398847273,0.2614733360628783,4.987188965920923,0.39800995024875624,True,792,0.8,793,0.16680452227592468,6.062045940780081e-05,-0.1667439043521881,-0.15274500846862793,-0.17575927078723907,-0.14989474415779114,-0.10825209319591522,-0.09789907187223434,-0.14554649591445923,-0.14097920060157776,-0.18464671075344086,-0.17743515968322754,0.2828000961588024,0.35797665369649806,-0.11709318355871383,-3.307211495393386,0.5258486398847273,0.35797665369649806,0.2614733360628783,4.987188965920923,0.18555331102068887,0.15006821282401092,0.04175052484456651,2.6328821662014965,0.12617594800866436,0.15006821282401092,-0.028110802744219957,-2.1170550200864744
codellama_base_finetuned_layer16__bigcodebench__layer16__paired_transitions,3,12694,variant_decrease_associated_with_regression,0.5239602086820248,0.25853196140169915,6.0094309641264765,0.43283582089552236,True,553,0.5585858585858586,554,0.060564517974853516,0.0052603972144424915,-0.05530412495136261,-0.005107974633574486,-0.07359742373228073,-0.036598674952983856,-0.02893131785094738,0.0,-0.034122858196496964,0.0,-0.06332734227180481,-0.01861952245235443,0.28580034919703895,0.35797665369649806,-0.11242006215976359,-3.6724129702262243,0.5239602086820248,0.35797665369649806,0.25853196140169915,6.0094309641264765,0.18403705128559364,0.15006821282401092,0.03996654669717517,2.4112910334291264,0.12851678480897752,0.15006821282401092,-0.02535665607547269,-2.098078840136403
codellama_base_finetuned_layer16__bigcodebench__layer16__paired_transitions,4,12582,variant_decrease_associated_with_regression,0.5202490034791324,0.252751478146285,4.67957673225715,0.5223880597014925,True,990,1.0,990,1.7819839715957642,1.8554027080535889,0.07341863214969635,0.05712997913360596,-0.034746188670396805,-0.04590320587158203,0.1378529816865921,0.13813912868499756,0.08258634805679321,0.019973278045654297,0.07070763409137726,0.058487772941589355,0.30781416615959917,0.35797665369649806,-0.0781318745271698,-2.0461078196800107,0.5202490034791324,0.35797665369649806,0.252751478146285,4.67957673225715,0.17554401479938597,0.15006821282401092,0.029973937155617837,1.1945509321722405,0.1621860816864104,0.15006821282401092,0.01425746047534322,0.2699365670773921
codellama_base_finetuned_layer16__bigcodebench__layer16__paired_transitions,5,13990,variant_decrease_associated_with_regression,0.518837954582021,0.2505536625913903,4.684704313071812,0.5522388059701493,True,874,0.8828282828282829,875,0.16689209640026093,7.046515383990481e-05,-0.16682162880897522,-0.14667558670043945,-0.18715079128742218,-0.1692398488521576,-0.12431060522794724,-0.10925702005624771,-0.1537722647190094,-0.13136205077171326,-0.17738257348537445,-0.15655606985092163,0.28772340289682474,0.35797665369649806,-0.10942476033646087,-2.7797327738228543,0.518837954582021,0.35797665369649806,0.2505536625913903,4.684704313071812,0.17294341952631997,0.15006821282401092,0.026914167757291392,1.6630484355957762,0.13337800077020012,0.15006821282401092,-0.01963711947904224,-1.5907059606946865
codellama_base_finetuned_layer16__bigcodebench__layer16__paired_transitions,1,10663,variant_increase_associated_with_improvement,0.26415251019480956,0.13422759225167802,8.8011549902411,1.0,True,990,1.0,989,2.0527021884918213,2.049013137817383,-0.0036890304181724787,-0.011475861072540283,-0.05799484625458717,-0.02031177282333374,0.05631108582019806,0.02670741081237793,0.14754347503185272,0.09966176748275757,-0.03826279565691948,-0.03571200370788574,0.3032278592737617,0.35797665369649806,-0.08527539494935296,-2.1709716374433334,0.40162769164353507,0.35797665369649806,0.06798979849932432,1.1205908233879922,0.26415251019480956,0.15006821282401092,0.13422759225167802,8.8011549902411,0.11901142234089476,0.15006821282401092,-0.036540332944019496,-2.6566826690139047
codellama_base_finetuned_layer16__bigcodebench__layer16__paired_transitions,2,5688,variant_increase_associated_with_improvement,0.25369604853429567,0.12192488535415526,6.7795155280463195,1.0,True,990,1.0,990,1.9986217021942139,2.123591423034668,0.12496954202651978,0.1309996247291565,0.1520446240901947,0.2276085615158081,0.19743262231349945,0.21425604820251465,0.23560521006584167,0.1907951831817627,0.08224526792764664,0.10705947875976562,0.33327081421129023,0.35797665369649806,-0.03848121665271765,-1.2144086193060448,0.36980354351533623,0.35797665369649806,0.01842127686934188,-0.16912926192371955,0.25369604853429567,0.15006821282401092,0.12192488535415526,6.7795155280463195,0.13293620353662172,0.15006821282401092,-0.020156922644713134,-1.5825111676569115
codellama_base_finetuned_layer16__bigcodebench__layer16__paired_transitions,3,6623,variant_increase_associated_with_improvement,0.2551372311353419,0.12362053037272172,6.4289128715043224,1.0,True,990,1.0,990,2.312918186187744,2.3068995475769043,-0.006018609739840031,-0.021305322647094727,-0.027897441759705544,0.05079066753387451,0.19260747730731964,0.21861493587493896,0.17792905867099762,0.2187560796737671,-0.08787205815315247,-0.11104941368103027,0.28778587645541165,0.35797665369649806,-0.10932745303611642,-2.749678031555873,0.4823428956085384,0.35797665369649806,0.19370984346299616,3.41139923532323,0.2551372311353419,0.15006821282401092,0.12362053037272172,6.4289128715043224,0.11663172907133773,0.15006821282401092,-0.039340196774814526,-2.561122999528056
codellama_base_finetuned_layer16__bigcodebench__layer16__paired_transitions,4,1773,variant_increase_associated_with_improvement,0.2418587475746093,0.10799753125551943,6.319526135292307,1.0,True,990,1.0,990,1.8532911539077759,1.8966518640518188,0.043360721319913864,0.038797736167907715,-0.011201931163668633,0.019787847995758057,0.08919239789247513,0.0972898006439209,0.16673003137111664,0.15488982200622559,0.017497019842267036,0.002987384796142578,0.30951436918915776,0.35797665369649806,-0.07548367950537248,-1.92697633215191,0.4228973172070254,0.35797665369649806,0.10111885164973046,1.5127503210071487,0.2418587475746093,0.15006821282401092,0.10799753125551943,6.319526135292307,0.12399244552861846,0.15006821282401092,-0.03067983535717925,-2.28194329945701
codellama_base_finetuned_layer16__bigcodebench__layer16__paired_transitions,5,692,variant_increase_associated_with_improvement,0.24057822650396798,0.10649091497176329,6.273057586085322,1.0,True,990,1.0,990,2.0928752422332764,2.285588264465332,0.19271281361579895,0.19240540266036987,0.17159470915794373,0.1494830846786499,0.35406434535980225,0.368328332901001,0.2587277591228485,0.25129812955856323,0.14144189655780792,0.12602019309997559,0.3046140619417005,0.35797665369649806,-0.08311627927868472,-1.9501106721747248,0.44770903884141794,0.35797665369649806,0.13976498777117824,2.396137978656915,0.24057822650396798,0.15006821282401092,0.10649091497176329,6.273057586085322,0.1631749903635159,0.15006821282401092,0.015420975820958511,0.2444105035622472
codellama_base_finetuned_layer16__bigcodebench__layer16__paired_transitions,1,366,variant_decrease_associated_with_improvement,0.22964679116568193,0.09362937066524053,4.983753210498082,1.0,True,990,1.0,990,1.9313993453979492,1.700168490409851,-0.2312309294939041,-0.21729987859725952,-0.23332610726356506,-0.20825189352035522,-0.18790826201438904,-0.2038271427154541,-0.34148484468460083,-0.3146730065345764,-0.2229284644126892,-0.2157580852508545,0.35865142647189513,0.35797665369649806,0.001051009716830588,-0.3592100180955678,0.4068305528072085,0.35797665369649806,0.07609364891789441,1.1217174884769143,0.1525655486022229,0.15006821282401092,0.002938277889934807,-0.1662407415657282,0.22964679116568193,0.15006821282401092,0.09362937066524053,4.983753210498082
codellama_base_finetuned_layer16__bigcodebench__layer16__paired_transitions,2,10698,variant_decrease_associated_with_improvement,0.2269714070681273,0.09048160735302938,4.672028476517869,1.0,True,990,1.0,990,2.015648603439331,2.0233380794525146,0.0076895481906831264,0.006195962429046631,-0.04020024091005325,-0.08611297607421875,-0.018108302727341652,-0.03633618354797363,-0.06252951920032501,-0.022940397262573242,0.033992283046245575,0.025147676467895508,0.34304600104137134,0.35797665369649806,-0.023255622620409498,-0.938852242915903,0.3628074120210079,0.35797665369649806,0.007524272056963834,-0.2944874472202148,0.13753070718224356,0.15006821282401092,-0.014751190426028057,-1.138942277805762,0.2269714070681273,0.15006821282401092,0.09048160735302938,4.672028476517869
codellama_base_finetuned_layer16__bigcodebench__layer16__paired_transitions,3,6983,variant_decrease_associated_with_improvement,0.21629840388090266,0.0779241252723943,4.483170970311605,1.0,True,990,1.0,990,2.0160601139068604,1.6831645965576172,-0.3328952491283417,-0.32644122838974,-0.35763874650001526,-0.3549391031265259,-0.27017444372177124,-0.2994842529296875,-0.4556843936443329,-0.43673038482666016,-0.3241724967956543,-0.3209724426269531,0.31841272085858446,0.35797665369649806,-0.06162382266268967,-1.8414140221294044,0.4271255477365009,0.35797665369649806,0.10770464101988324,2.0164018935540438,0.12269346366588062,0.15006821282401092,-0.03220817196293662,-2.266303712627721,0.21629840388090266,0.15006821282401092,0.0779241252723943,4.483170970311605
codellama_base_finetuned_layer16__bigcodebench__layer16__paired_transitions,4,3511,variant_decrease_associated_with_improvement,0.2154025429346987,0.07687008663103395,4.302218457997986,1.0,True,990,1.0,990,2.231538772583008,1.7247965335845947,-0.5067422389984131,-0.496818482875824,-0.4965134859085083,-0.4583095908164978,-0.4755198061466217,-0.5118294954299927,-0.5791077613830566,-0.5462614893913269,-0.5037447214126587,-0.4854443073272705,0.3672519841133493,0.35797665369649806,0.014447029800792549,-0.07059306644097653,0.39946689310978106,0.35797665369649806,0.06462419108614384,0.9081664560301472,0.15149254592278907,0.15006821282401092,0.0016758204837951614,-0.46650866366372984,0.2154025429346987,0.15006821282401092,0.07687008663103395,4.302218457997986
codellama_base_finetuned_layer16__bigcodebench__layer16__paired_transitions,5,3249,variant_decrease_associated_with_improvement,0.22299028510882382,0.08579755856303027,4.2743288034234945,1.0,True,990,1.0,990,2.0003299713134766,1.8435776233673096,-0.15675249695777893,-0.1462598443031311,-0.14440682530403137,-0.17413932085037231,-0.1421303004026413,-0.14332950115203857,-0.2341613918542862,-0.17438745498657227,-0.14878056943416595,-0.13262152671813965,0.34355704342851023,0.35797665369649806,-0.022459635387108313,-0.9519366973599154,0.3515175797387541,0.35797665369649806,-0.010060497012970923,-0.7070312829788141,0.13976092188520794,0.15006821282401092,-0.012127197846135767,-1.124319341659607,0.22299028510882382,0.15006821282401092,0.08579755856303027,4.2743288034234945
codellama_base_merged_layer16__humanevalplus__layer16__paired_transitions,1,1754,variant_increase_associated_with_regression,0.895729890764647,0.6315789473684196,3.467106820095489,1.0,True,79,0.5096774193548387,80,0.0,0.06058294698596001,0.06058294698596001,0.005850151181221008,0.08100464940071106,0.014501214027404785,0.0,0.0,0.0,0.0,0.062496837228536606,0.011450152844190598,0.895729890764647,0.7169811320754716,0.6315789473684196,3.467106820095489,0.5744670927651255,0.7169811320754716,-0.5035496055632228,-3.59833841289366,0.00980392156862745,0.00980392156862745,0.0,-0.43606849053323393,0.02127659574468085,0.00980392156862745,0.01158626500947967,0.9633379489307042
codellama_base_merged_layer16__humanevalplus__layer16__paired_transitions,2,1494,variant_increase_associated_with_regression,0.8898823028911649,0.6109174702154493,3.4641962309742866,1.0,True,95,0.6129032258064516,96,0.0,0.10301945358514786,0.10301945358514786,0.03881058841943741,0.11114096641540527,0.07371106743812561,0.011994030326604843,0.0,0.2039019614458084,0.2039019614458084,0.11248362064361572,0.048367954790592194,0.8898823028911649,0.7169811320754716,0.6109174702154493,3.4641962309742866,0.5796914220685799,0.7169811320754716,-0.4850903086910173,-3.2466304637092334,0.03571428571428571,0.00980392156862745,0.026166902404526165,-0.10845623808736513,0.013333333333333334,0.00980392156862745,0.0035643564356435654,-0.9159585790631576
codellama_base_merged_layer16__humanevalplus__layer16__paired_transitions,3,7713,variant_increase_associated_with_regression,0.8584905660377355,0.499999999999999,3.3446639403925436,1.0,True,71,0.45806451612903226,72,0.0007094842731021345,0.04200140759348869,0.04129192605614662,0.0,0.04754002019762993,0.002280423417687416,0.0,0.0,0.0,0.0,0.04548245295882225,0.010387890972197056,0.8584905660377355,0.7169811320754716,0.499999999999999,3.3446639403925436,0.6062399680820724,0.7169811320754716,-0.39128544611001076,-3.2203787649263163,0.009900990099009901,0.00980392156862745,9.802960494069234e-05,-0.3628628797325207,0.0196078431372549,0.00980392156862745,0.009900990099009901,-0.02738817200248344
codellama_base_merged_layer16__humanevalplus__layer16__paired_transitions,4,5565,variant_increase_associated_with_regression,0.865938430983118,0.5263157894736835,3.3348541918104875,1.0,True,50,0.3225806451612903,51,0.0012488213833421469,0.028654009103775024,0.027405187487602234,0.0,0.056164395064115524,0.011299699544906616,0.0,0.0,0.09749406576156616,0.09749406576156616,0.01996101811528206,0.0,0.865938430983118,0.7169811320754716,0.5263157894736835,3.3348541918104875,0.5999072914707579,0.7169811320754716,-0.41366090346998835,-3.3107621290900044,0.14285714285714285,0.00980392156862745,0.13437057991513437,0.6393035013695242,0.010416666666666666,0.00980392156862745,0.0006188118811881184,-0.1424700319441678
codellama_base_merged_layer16__humanevalplus__layer16__paired_transitions,5,3813,variant_increase_associated_with_regression,0.9112367245055769,0.6863697599197052,3.322248343323691,1.0,True,137,0.8838709677419355,138,0.0013819721061736345,0.14307011663913727,0.14168813824653625,0.12321057170629501,0.14418722689151764,0.14351043105125427,0.043674129992723465,0.01714591681957245,0.0,0.0,0.1567072719335556,0.12568111717700958,0.9112367245055769,0.7169811320754716,0.6863697599197052,3.322248343323691,0.57529402969058,0.7169811320754716,-0.5006277617599505,-3.103711315056488,0.009900990099009901,0.00980392156862745,9.802960494069234e-05,-0.38278464547406105,0.14285714285714285,0.00980392156862745,0.13437057991513437,0.9663168979204597
codellama_base_merged_layer16__humanevalplus__layer16__paired_transitions,1,10418,variant_decrease_associated_with_regression,0.9521224586408918,0.8308326871978179,4.017392363703796,1.0,True,155,1.0,155,0.9264218211174011,0.6688158512115479,-0.25760596990585327,-0.2866617441177368,-0.38754692673683167,-0.4100038409233093,0.010896177962422371,-0.029155850410461426,-0.5639086961746216,-0.5639086961746216,-0.2455611228942871,-0.2784263491630554,0.5413956560424539,0.7169811320754716,-0.6204020153166627,-3.8416442128277786,0.9521224586408918,0.7169811320754716,0.8308326871978179,4.017392363703796,0.011494252873563218,0.00980392156862745,0.0017070672584499828,-0.3447014518090799,0.0625,0.00980392156862745,0.053217821782178217,0.2223841322261459
codellama_base_merged_layer16__humanevalplus__layer16__paired_transitions,2,1326,variant_decrease_associated_with_regression,0.9527135911795225,0.8329213555009795,3.9996556517377786,1.0,True,155,1.0,155,1.645635724067688,0.6730614900588989,-0.9725741744041443,-0.9327488541603088,-0.8530449867248535,-0.9072418212890625,-0.21660250425338745,-0.2869730591773987,-0.57570481300354,-0.57570481300354,-1.133747935295105,-1.0705480575561523,0.5424061105452269,0.7169811320754716,-0.6168317427401979,-3.7424276948426707,0.9527135911795225,0.7169811320754716,0.8329213555009795,3.9996556517377786,0.0625,0.00980392156862745,0.053217821782178217,-0.02582839058652284,0.011494252873563218,0.00980392156862745,0.0017070672584499828,-0.2976259420106027
codellama_base_merged_layer16__humanevalplus__layer16__paired_transitions,3,349,variant_decrease_associated_with_regression,0.9397926964146485,0.787267527331758,3.926358423042017,1.0,True,155,1.0,155,1.3360400199890137,0.7923238277435303,-0.5437161326408386,-0.5947452783584595,-0.6488393545150757,-0.7022532224655151,-0.29515141248703003,-0.34518319368362427,-0.8282171487808228,-0.8282171487808228,-0.5382635593414307,-0.5947452783584595,0.5603794133547034,0.7169811320754716,-0.553326072813381,-3.392387314578112,0.9397926964146485,0.7169811320754716,0.787267527331758,3.926358423042017,0.012345679012345678,0.00980392156862745,0.0025669233590025664,-0.3144073777409773,0.045454545454545456,0.00980392156862745,0.036003600360036005,-0.07063155495528657
codellama_base_merged_layer16__humanevalplus__layer16__paired_transitions,4,6549,variant_decrease_associated_with_regression,0.927482803936642,0.7437725739094683,3.916592718238988,1.0,True,155,1.0,155,1.3091691732406616,0.9002788066864014,-0.4088904559612274,-0.40367209911346436,-0.5071806907653809,-0.5704076886177063,-0.1265290528535843,-0.14128464460372925,-0.6831284761428833,-0.6831284761428833,-0.4111296534538269,-0.40065300464630127,0.5629826617107739,0.7169811320754716,-0.5441279286219318,-3.3812104936247187,0.927482803936642,0.7169811320754716,0.7437725739094683,3.916592718238988,0.0125,0.00980392156862745,0.0027227722772277235,-0.35364938360700354,0.043478260869565216,0.00980392156862745,0.034007748600947046,-0.031000407231275836
codellama_base_merged_layer16__humanevalplus__layer16__paired_transitions,5,4338,variant_decrease_associated_with_regression,0.9480319267655578,0.8163794745716376,3.8991476157040545,1.0,True,155,1.0,155,1.5498100519180298,1.0616161823272705,-0.48819369077682495,-0.48335397243499756,-0.5883439183235168,-0.5347132682800293,-0.1712466925382614,-0.25040608644485474,-0.6413184404373169,-0.6413184404373169,-0.4960685968399048,-0.519107460975647,0.5525000743628502,0.7169811320754716,-0.5811664039179291,-3.15103122283272,0.9480319267655578,0.7169811320754716,0.8163794745716376,3.8991476157040545,0.015384615384615385,0.00980392156862745,0.005635948210205637,-0.31249450351943747,0.02631578947368421,0.00980392156862745,0.016675351745700884,-0.1577912387749198
codellama_base_merged_layer16__humanevalplus__layer16__paired_transitions,1,2531,variant_increase_associated_with_improvement,1.0,1.0,7.000002848305732,1.0,True,9,0.05806451612903226,10,0.0012372436467558146,0.0027356017380952835,0.001498358091339469,0.0,0.008357325568795204,0.0,0.0043241907842457294,0.0,0.04157704859972,0.04157704859972,-0.0018987403018400073,0.0,0.7327457795431975,0.7169811320754716,0.05570175438596476,0.2894280248235608,0.7144347261477351,0.7169811320754716,-0.008997300944669261,-0.08811345569666752,1.0,0.00980392156862745,1.0,7.000002848305732,0.00980392156862745,0.00980392156862745,0.0,-0.19409453949008904
codellama_base_merged_layer16__humanevalplus__layer16__paired_transitions,2,9859,variant_increase_associated_with_improvement,0.5,0.495049504950495,6.640409665487901,1.0,True,13,0.08387096774193549,14,0.0018131493125110865,0.0038081512320786715,0.0019950016867369413,0.0,0.011403861455619335,0.0,0.0,0.0,0.009398244321346283,0.009398244321346283,-0.0013219767715781927,0.0,0.769116186693148,0.7169811320754716,0.1842105263157896,1.7040558241201527,0.6786298660324049,0.7169811320754716,-0.13550780668550236,-1.777623615291604,0.5,0.00980392156862745,0.495049504950495,6.640409665487901,0.009900990099009901,0.00980392156862745,9.802960494069234e-05,-0.15016697373633964
codellama_base_merged_layer16__humanevalplus__layer16__paired_transitions,3,7023,variant_increase_associated_with_improvement,1.0,1.0,6.578666780754538,1.0,True,40,0.25806451612903225,41,0.010199562646448612,0.07110156118869781,0.06090199202299118,0.0,0.09295087307691574,0.0,-0.01045240554958582,0.0,1.4845364093780518,1.4845364093780518,0.045345794409513474,0.0,0.7612547891497025,0.7169811320754716,0.15643358832894882,1.207019692883632,0.6839468848746075,0.7169811320754716,-0.11672100677638654,-1.8948784853387792,1.0,0.00980392156862745,1.0,6.578666780754538,0.00980392156862745,0.00980392156862745,0.0,-0.24111205047030937
codellama_base_merged_layer16__humanevalplus__layer16__paired_transitions,4,1255,variant_increase_associated_with_improvement,1.0,1.0,6.514481161157897,1.0,True,39,0.25161290322580643,40,0.0022279485128819942,0.02235119603574276,0.020123247057199478,0.0,0.039111822843551636,0.0,0.03476742282509804,0.0,0.2582551836967468,0.2582551836967468,0.008446414023637772,0.0,0.7326354607416585,0.7169811320754716,0.05531196128719363,-0.025410252601911765,0.7090947781817977,0.7169811320754716,-0.027865117090981394,-0.4513981724138504,1.0,0.00980392156862745,1.0,6.514481161157897,0.00980392156862745,0.00980392156862745,0.0,-0.11790383081846922
codellama_base_merged_layer16__humanevalplus__layer16__paired_transitions,5,10608,variant_increase_associated_with_improvement,1.0,1.0,6.498290841883011,1.0,True,9,0.05806451612903226,10,0.0019340949365869164,0.002433349611237645,0.000499254441820085,0.0,0.0009577086893841624,0.0,0.0,0.0,0.08141497522592545,0.08141497522592545,-0.000400232122046873,0.0,0.7268638759453059,0.7169811320754716,0.03491902834008095,0.15532551738812855,0.7140632091198713,0.7169811320754716,-0.010309994443121194,-0.6792093223180498,1.0,0.00980392156862745,1.0,6.498290841883011,0.00980392156862745,0.00980392156862745,0.0,-0.1387313134920627
codellama_base_merged_layer16__humanevalplus__layer16__paired_transitions,1,4437,variant_decrease_associated_with_improvement,1.0,1.0,6.756097409074807,1.0,True,155,1.0,155,1.5020232200622559,1.1013774871826172,-0.4006457030773163,-0.42735183238983154,-0.4749807119369507,-0.5172338485717773,-0.42120271921157837,-0.46335285902023315,-1.0106606483459473,-1.0106606483459473,-0.3635852634906769,-0.38123559951782227,0.7149113234749102,0.7169811320754716,-0.00731332372198395,-0.3849831662479744,0.7522954184221938,0.7169811320754716,0.12477714509175168,0.32063977874572364,0.00980392156862745,0.00980392156862745,0.0,-0.36429550285475104,1.0,0.00980392156862745,1.0,6.756097409074807
codellama_base_merged_layer16__humanevalplus__layer16__paired_transitions,2,13010,variant_decrease_associated_with_improvement,1.0,1.0,6.754515102548636,1.0,True,155,1.0,155,1.684828281402588,0.9022132158279419,-0.7826151251792908,-0.7955477237701416,-0.8813657164573669,-0.893932580947876,-0.6501061916351318,-0.529720664024353,-2.0426723957061768,-2.0426723957061768,-0.7526651620864868,-0.791812539100647,0.6502910533475147,0.7169811320754716,-0.23563827817211455,-1.4306236584526975,0.7709448912553042,0.7169811320754716,0.19067194910207494,0.5156950440713813,0.00980392156862745,0.00980392156862745,0.0,-0.35300643915404456,1.0,0.00980392156862745,1.0,6.754515102548636
codellama_base_merged_layer16__humanevalplus__layer16__paired_transitions,3,4149,variant_decrease_associated_with_improvement,1.0,1.0,6.738412544784592,1.0,True,155,1.0,155,1.5745292901992798,0.9092420935630798,-0.6652871966362,-0.7013057470321655,-0.8862264752388,-0.9194971323013306,-0.8273593187332153,-0.7959176301956177,-1.6563373804092407,-1.6563373804092407,-0.5482789874076843,-0.6022825241088867,0.6839685043680017,0.7169811320754716,-0.11664461789972708,-0.9189328421179307,0.7164601017547672,0.7169811320754716,-0.0018409737998225535,-0.4219380911697412,0.00980392156862745,0.00980392156862745,0.0,-0.3595905778363381,1.0,0.00980392156862745,1.0,6.738412544784592
codellama_base_merged_layer16__humanevalplus__layer16__paired_transitions,4,13115,variant_decrease_associated_with_improvement,1.0,1.0,6.632593290987772,1.0,True,155,1.0,155,1.317442536354065,1.0071085691452026,-0.31033414602279663,-0.26753556728363037,-0.4082425534725189,-0.4491344094276428,-0.24340681731700897,-0.17756402492523193,-1.2350518703460693,-1.2350518703460693,-0.27428144216537476,-0.230485200881958,0.6387646817938594,0.7169811320754716,-0.27636479099503003,-1.7003236307364513,0.8059505819670317,0.7169811320754716,0.3143587229501789,1.1954378197710798,0.00980392156862745,0.00980392156862745,0.0,-0.35938817610018653,1.0,0.00980392156862745,1.0,6.632593290987772
codellama_base_merged_layer16__humanevalplus__layer16__paired_transitions,5,14807,variant_decrease_associated_with_improvement,1.0,1.0,6.610792292815949,1.0,True,155,1.0,155,1.5424429178237915,0.8534635305404663,-0.6889792084693909,-0.7200311422348022,-0.8198893070220947,-0.8198146820068359,-0.9184238314628601,-0.8783418536186218,-1.5116384029388428,-1.5116384029388428,-0.5975049138069153,-0.6748490333557129,0.8049346694560199,0.7169811320754716,0.31076916541127036,1.0462905443520638,0.692600579851649,0.7169811320754716,-0.0861446178575066,-0.7175726644745359,0.00980392156862745,0.00980392156862745,0.0,-0.383147391976346,1.0,0.00980392156862745,1.0,6.610792292815949
codellama_base_merged_layer16__bigcodebench__layer16__paired_transitions,1,9475,variant_increase_associated_with_regression,0.9693542802541145,0.4981763391611252,2.28592652336406,1.0,True,1008,1.0,1007,1.305932879447937,1.6749303340911865,0.3689974546432495,0.3375072777271271,0.38753652572631836,0.346551775932312,0.14695905148983002,0.14337414503097534,-0.163834348320961,-0.14711618423461914,0.36979222297668457,0.3396703004837036,0.9693542802541145,0.9389312977099237,0.4981763391611252,2.28592652336406,0.9242137760475772,0.9389312977099237,-0.24099941722092433,-1.2035428702404336,0.0031507128986176924,0.004021447721179625,-0.0008742505755467046,-0.5247538019038783,0.017226581468067534,0.004021447721179625,0.013258451918140486,0.4449118887127025
codellama_base_merged_layer16__bigcodebench__layer16__paired_transitions,2,15912,variant_increase_associated_with_regression,0.9732049111613189,0.5612304202665971,2.280750104981684,1.0,True,1008,1.0,1008,1.4073883295059204,1.4563905000686646,0.04900211840867996,0.051099926233291626,0.060526810586452484,0.056645870208740234,-0.16677787899971008,-0.15846127271652222,-0.38765016198158264,-0.209433913230896,0.05159614235162735,0.05385470390319824,0.9732049111613189,0.9389312977099237,0.5612304202665971,2.280750104981684,0.9122690031470134,0.9389312977099237,-0.4365950734676554,-2.0769510639486795,0.003191582509900338,0.004021447721179625,-0.0008332159456451518,-0.30942671462328464,0.02421270567723657,0.004021447721179625,0.020272783896660138,0.24616145120342064
codellama_base_merged_layer16__bigcodebench__layer16__paired_transitions,3,15488,variant_increase_associated_with_regression,0.9685368445941134,0.4847908302286065,2.2783689356887025,1.0,True,1008,1.0,1008,1.643171787261963,1.6673531532287598,0.02418145351111889,0.05488091707229614,-0.00031196780037134886,0.025251328945159912,-0.3061200976371765,-0.4064459800720215,-0.10014075040817261,-0.25789856910705566,0.03990577906370163,0.06962275505065918,0.9685368445941134,0.9389312977099237,0.4847908302286065,2.2783689356887025,0.919322103241247,0.9389312977099237,-0.3211005594245811,-1.475606364952403,0.004387449918176175,0.004021447721179625,0.000367479998599497,-0.3858323003915455,0.006476695566739703,0.004021447721179625,0.0024651613631060812,-0.23861782700644413
codellama_base_merged_layer16__bigcodebench__layer16__paired_transitions,4,4660,variant_increase_associated_with_regression,0.967033380516376,0.46017160595565687,2.0701645930101047,1.0,True,1008,1.0,1008,1.4594672918319702,1.4334982633590698,-0.025968940928578377,-0.013377249240875244,0.028396323323249817,0.03507411479949951,-0.09053735435009003,-0.039742469787597656,-0.3547087609767914,-0.2332305908203125,-0.041250962764024734,-0.03265845775604248,0.967033380516376,0.9389312977099237,0.46017160595565687,2.0701645930101047,0.9317061302496685,0.9389312977099237,-0.118312117161678,-0.6121551162118114,0.0034107761886620434,0.004021447721179625,-0.0006131372318413401,-0.3423773184088069,0.013306033306033305,0.004021447721179625,0.009322073817363184,-0.027484686069261778
codellama_base_merged_layer16__bigcodebench__layer16__paired_transitions,5,7832,variant_increase_associated_with_regression,0.9677177934260842,0.47137886735212897,1.9915079785508119,1.0,True,1008,1.0,1008,1.57187819480896,1.8232825994491577,0.2514044940471649,0.1080898642539978,0.23594751954078674,0.07419627904891968,-0.19211922585964203,-0.24917396903038025,0.24223703145980835,0.11959284543991089,0.2661101818084717,0.13961386680603027,0.9677177934260842,0.9389312977099237,0.47137886735212897,1.9915079785508119,0.9056668206999263,0.9389312977099237,-0.5447058110387067,-2.4280955532491895,0.005691850670153219,0.004021447721179625,0.0016771475100057895,-0.2925184477097473,0.0051199674692875815,0.004021447721179625,0.001102955224883628,-0.31824304410587545
codellama_base_merged_layer16__bigcodebench__layer16__paired_transitions,1,8994,variant_decrease_associated_with_regression,0.9863953995937184,0.7772246683471381,3.3112278455187094,0.03482587064676617,True,1008,1.0,1008,1.7993615865707397,1.3628588914871216,-0.43650275468826294,-0.37912142276763916,-0.35688912868499756,-0.34203165769577026,0.22634026408195496,0.24827808141708374,-0.4553668797016144,-0.08723151683807373,-0.4770597219467163,-0.4105008840560913,0.8696618146494514,0.9389312977099237,-1.1342877851152344,-4.899767617941442,0.9863953995937184,0.9389312977099237,0.7772246683471381,3.3112278455187094,0.00938926568410069,0.004021447721179625,0.0053894915213177855,-0.10654771867798156,0.009333459364888483,0.004021447721179625,0.00533345987376421,-0.16020125835450258
codellama_base_merged_layer16__bigcodebench__layer16__paired_transitions,2,11586,variant_decrease_associated_with_regression,0.9858355284054465,0.7680567776391868,3.30640030703645,0.04975124378109453,True,1008,1.0,1008,1.8847631216049194,1.2774094343185425,-0.607353687286377,-0.6593843102455139,-0.5728731155395508,-0.6504018306732178,0.16146239638328552,0.18976593017578125,-0.6211632490158081,-0.5731039047241211,-0.6352700591087341,-0.6755393743515015,0.8770869731800941,0.9389312977099237,-1.0127008141759595,-4.822963559892,0.9858355284054465,0.9389312977099237,0.7680567776391868,3.30640030703645,0.005772136790283965,0.004021447721179625,0.0017577578002043576,-0.20055909937689842,0.004770257078160159,0.004021447721179625,0.0007518328133344259,-0.2681490332713559
codellama_base_merged_layer16__bigcodebench__layer16__paired_transitions,3,4789,variant_decrease_associated_with_regression,0.985422105350238,0.7612869751101472,3.481284060195307,0.05970149253731343,True,1008,1.0,1008,1.7345762252807617,1.1294745206832886,-0.6051017642021179,-0.5580345392227173,-0.5561926364898682,-0.5119639039039612,-0.19109757244586945,-0.15581804513931274,-0.6369585394859314,-0.34402036666870117,-0.6300817728042603,-0.5854676961898804,0.8851908413931029,0.9389312977099237,-0.8799999721879405,-4.296121053660424,0.985422105350238,0.9389312977099237,0.7612869751101472,3.481284060195307,0.007469444568019317,0.004021447721179625,0.003461918772197053,-0.15003966672512764,0.010572939205497345,0.004021447721179625,0.0065779443436083706,-0.11870983676715989
codellama_base_merged_layer16__bigcodebench__layer16__paired_transitions,4,11600,variant_decrease_associated_with_regression,0.9850921047160328,0.7558832147250373,3.157275341656798,0.0945273631840796,True,1008,1.0,1008,3.571211576461792,0.8559547066688538,-2.715256929397583,-2.731855630874634,-2.6898927688598633,-2.818337917327881,-1.312401294708252,-1.0893175601959229,-1.7836734056472778,-1.901922345161438,-2.7576255798339844,-2.759042501449585,0.8777866173813775,0.9389312977099237,-1.0012441403799432,-4.598614574286608,0.9850921047160328,0.9389312977099237,0.7558832147250373,3.157275341656798,0.009362256101386534,0.004021447721179625,0.005362372882415012,-0.152227700294366,0.003636883180236825,0.004021447721179625,-0.00038611729144458754,-0.4162330471512381
codellama_base_merged_layer16__bigcodebench__layer16__paired_transitions,5,9150,variant_decrease_associated_with_regression,0.9846185587443211,0.7481288994382586,3.3606477430820263,0.13432835820895522,True,1008,1.0,1008,1.9957470893859863,1.4063374996185303,-0.589409589767456,-0.5541849136352539,-0.5598676800727844,-0.5794684290885925,-0.1478046476840973,-0.16468578577041626,-0.45435404777526855,-0.5282249450683594,-0.6092455387115479,-0.5624914169311523,0.8909936090363795,0.9389312977099237,-0.7849796520292863,-3.9781290661522335,0.9846185587443211,0.9389312977099237,0.7481288994382586,3.3606477430820263,0.0063559537130838005,0.004021447721179625,0.0023439319918714873,-0.19454622242294242,0.004354683927803126,0.004021447721179625,0.00033458170947662423,-0.39062070275543337
codellama_base_merged_layer16__bigcodebench__layer16__paired_transitions,1,1071,variant_increase_associated_with_improvement,0.4459550184625713,0.44371795931773644,73.07156820703132,1.0,True,190,0.1884920634920635,191,0.009518197737634182,0.005947322119027376,-0.003570874687284231,0.0,0.000929769070353359,0.0,0.011563110165297985,0.0,0.1645372062921524,0.18669393658638,-0.006065661087632179,0.0,0.9318640760494199,0.9389312977099237,-0.11572575469074933,-1.4304211652729515,0.9479067933138584,0.9389312977099237,0.14697374051443132,1.6501691098038491,0.4459550184625713,0.004021447721179625,0.44371795931773644,73.07156820703132,0.00273036376236934,0.004021447721179625,-0.0012962969492227086,-0.27273684415231947
codellama_base_merged_layer16__bigcodebench__layer16__paired_transitions,2,9447,variant_increase_associated_with_improvement,0.3014025245441795,0.2985818079541829,43.25394061001689,1.0,True,198,0.19642857142857142,199,0.0034246807917952538,0.013120853342115879,0.0096961734816432,0.0,0.011251354590058327,0.0,0.0022296281531453133,0.0,0.14665824174880981,0.19725871086120605,0.008789045736193657,0.0,0.9467921626031014,0.9389312977099237,0.12872166262578522,1.0457590880445136,0.9334312287068316,0.9389312977099237,-0.0900636299256328,-1.0033504881203046,0.3014025245441795,0.004021447721179625,0.2985818079541829,43.25394061001689,0.002775799954646139,0.004021447721179625,-0.0012506772999111447,-0.23949067519308892
codellama_base_merged_layer16__bigcodebench__layer16__paired_transitions,3,15286,variant_increase_associated_with_improvement,0.3394555146473305,0.3367884440469832,25.936145690513623,1.0,True,1008,1.0,1008,1.740769863128662,1.7037163972854614,-0.03705347329378128,-0.15333479642868042,0.08609124273061752,-0.03303110599517822,0.3694077730178833,-0.03874516487121582,0.7685649394989014,0.2330012321472168,-0.08983117341995239,-0.18880915641784668,0.9177025908999366,0.9389312977099237,-0.3476200740135391,-1.5970498451671502,0.9594574244308729,0.9389312977099237,0.3361153250555436,1.539540557106435,0.3394555146473305,0.004021447721179625,0.3367884440469832,25.936145690513623,0.0033922234221571684,0.004021447721179625,-0.000631764908574364,-0.3638773495417864
codellama_base_merged_layer16__bigcodebench__layer16__paired_transitions,4,5789,variant_increase_associated_with_improvement,0.3379665103544099,0.335293427623674,24.182776479451835,1.0,True,1008,1.0,1008,0.4847671687602997,0.5483680963516235,0.06360097229480743,0.07031525671482086,0.05930241569876671,0.07841937243938446,0.0020905490964651108,0.03726053237915039,0.8148679733276367,0.1462077796459198,0.06331538408994675,0.06755957007408142,0.9586225242351383,0.9389312977099237,0.32244383435038915,1.2160384287714032,0.9317562808608734,0.9389312977099237,-0.11749090090319882,-0.5771499937303478,0.3379665103544099,0.004021447721179625,0.335293427623674,24.182776479451835,0.0043633270737635284,0.004021447721179625,0.00034325975373834745,-0.26654035569291257
codellama_base_merged_layer16__bigcodebench__layer16__paired_transitions,5,13693,variant_increase_associated_with_improvement,0.3394465894465894,0.3367794828090924,19.296434104602422,1.0,True,249,0.24702380952380953,250,0.00045253016287460923,0.016629718244075775,0.016177188605070114,0.0,0.01578298583626747,0.0,0.0336335115134716,0.0,0.09861695766448975,0.021199271082878113,0.015598928555846214,0.0,0.9264843008737351,0.9389312977099237,-0.20381957319258756,-1.4296586777472997,0.9529305884290608,0.9389312977099237,0.22923838552586973,1.9100208633423823,0.3394465894465894,0.004021447721179625,0.3367794828090924,19.296434104602422,0.003026669689164984,0.004021447721179625,-0.000998794632413085,-0.18760259616637207
codellama_base_merged_layer16__bigcodebench__layer16__paired_transitions,1,16290,variant_decrease_associated_with_improvement,0.3425729844199062,0.33991850118068645,36.924459572069885,1.0,True,1008,1.0,1008,0.9216834306716919,0.6267197728157043,-0.2949635982513428,-0.25844451785087585,-0.2844027578830719,-0.2385788857936859,0.099457748234272,0.02610209584236145,-1.2402933835983276,-0.6146408319473267,-0.30313682556152344,-0.26886194944381714,0.8853906965069662,0.9389312977099237,-0.8767273446984284,-4.0432755327509,0.9814972393728063,0.9389312977099237,0.6970172947297032,2.9323926843381702,0.00463522138512613,0.004021447721179625,0.0006162518886999904,-0.42091316430225034,0.3425729844199062,0.004021447721179625,0.33991850118068645,36.924459572069885
codellama_base_merged_layer16__bigcodebench__layer16__paired_transitions,2,3720,variant_decrease_associated_with_improvement,0.3448351821257179,0.34218983292837896,33.748550472333335,1.0,True,1008,1.0,1008,1.6590116024017334,1.0035374164581299,-0.6554741263389587,-0.5207717418670654,-0.5513955354690552,-0.4536662697792053,-0.36704781651496887,-0.24994179606437683,-1.9667564630508423,-1.3321330547332764,-0.6908499598503113,-0.5455240607261658,0.9271225088149182,0.9389312977099237,-0.19336891815571466,-1.0265694056498382,0.9574112111209733,0.9389312977099237,0.3026085821059372,1.3921400435219846,0.0029991097767737324,0.004021447721179625,-0.001026465823050869,-0.2973131640308601,0.3448351821257179,0.004021447721179625,0.34218983292837896,33.748550472333335
codellama_base_merged_layer16__bigcodebench__layer16__paired_transitions,3,8425,variant_decrease_associated_with_improvement,0.3372292747292747,0.3345532152732691,28.039626732894934,1.0,True,1008,1.0,1008,1.8976306915283203,1.0128459930419922,-0.8847846388816833,-0.4675774574279785,-0.8041208982467651,-0.3993648290634155,-0.08666959404945374,0.015933841466903687,-4.219069004058838,-0.5753518342971802,-0.9152156710624695,-0.5080147981643677,0.892475616635052,0.9389312977099237,-0.7607117776010232,-3.464054462279844,0.9723443931964492,0.9389312977099237,0.547139438591855,2.347367653198487,0.004472858547079286,0.004021447721179625,0.0004532334806475738,-0.2517761566923183,0.3372292747292747,0.004021447721179625,0.3345532152732691,28.039626732894934
codellama_base_merged_layer16__bigcodebench__layer16__paired_transitions,4,9008,variant_decrease_associated_with_improvement,0.34154955851262275,0.33889094300190653,22.746338851352075,1.0,True,1008,1.0,1008,1.2822699546813965,0.6529671549797058,-0.6293027400970459,-0.6169683933258057,-0.6056448817253113,-0.5956874489784241,-0.4554640054702759,-0.381589412689209,-1.170143485069275,-0.8089654445648193,-0.6386953592300415,-0.6278181672096252,0.9018335465751466,0.9389312977099237,-0.607475674831975,-2.6556555125535293,0.9641701622436721,0.9389312977099237,0.4132864067401311,1.7190968217376048,0.0031575251802428324,0.004021447721179625,-0.0008674107880738184,-0.27320466254522857,0.34154955851262275,0.004021447721179625,0.33889094300190653,22.746338851352075
codellama_base_merged_layer16__bigcodebench__layer16__paired_transitions,5,7686,variant_decrease_associated_with_improvement,0.392073602264685,0.38961898693062585,18.538585456987807,1.0,True,1008,1.0,1008,1.615350604057312,1.4285191297531128,-0.18683156371116638,-0.17404311895370483,-0.18691076338291168,-0.18046659231185913,-0.18221351504325867,-0.2159995436668396,-1.021762728691101,-1.3806381225585938,-0.18353359401226044,-0.17289131879806519,0.9442043398218971,0.9389312977099237,0.08634606458356503,0.23114585585010403,0.9468658548453563,0.9389312977099237,0.12992837309271005,0.4308566898465082,0.0030081621675885155,0.004021447721179625,-0.0010173768815329306,-0.31814237043621735,0.392073602264685,0.004021447721179625,0.38961898693062585,18.538585456987807
