rank,feature_id,orientation,summary,effect,null_sd,ev,abs_ev,support,minimum_support
1,10111,specialized_enriched,mean,0.16973865032196045,0.03570499271154404,4.7539191246032715,4.7539191246032715,32,30
2,8558,specialized_enriched,mean,0.5646601915359497,0.12043455988168716,4.688522815704346,4.688522815704346,32,30
3,9579,specialized_enriched,mean,0.3713163137435913,0.08247944712638855,4.501925468444824,4.501925468444824,72,30
4,8545,specialized_enriched,mean,0.5249713659286499,0.11894973367452621,4.413388252258301,4.413388252258301,55,30
5,9552,specialized_enriched,mean,0.07088548690080643,0.016788339242339134,4.222304821014404,4.222304821014404,37,30
6,14305,specialized_enriched,mean,0.25044605135917664,0.061723798513412476,4.057528018951416,4.057528018951416,52,30
7,7233,specialized_enriched,mean,0.47077301144599915,0.11772505939006805,3.9989192485809326,3.9989192485809326,68,30
8,12420,specialized_enriched,active_fraction,0.056817661970853806,0.014510366134345531,3.9156601428985596,3.9156601428985596,45,30
9,10734,specialized_enriched,mean,0.355623722076416,0.09349150210618973,3.8038079738616943,3.8038079738616943,42,30
10,3744,specialized_enriched,active_fraction,0.036946091800928116,0.009854132309556007,3.7492992877960205,3.7492992877960205,96,30
11,9811,specialized_enriched,mean,0.6880545616149902,0.18763236701488495,3.6670355796813965,3.6670355796813965,91,30
12,2318,specialized_enriched,active_fraction,0.0733160674571991,0.020117219537496567,3.6444432735443115,3.6444432735443115,48,30
13,9572,specialized_enriched,max,5.048072814941406,1.3921362161636353,3.626134157180786,3.626134157180786,30,30
14,10065,specialized_enriched,mean,0.6903651356697083,0.19330459833145142,3.571384906768799,3.571384906768799,88,30
15,2253,specialized_enriched,mean,0.48707401752471924,0.13642925024032593,3.5701582431793213,3.5701582431793213,141,30
16,2832,specialized_enriched,active_fraction,0.03656071424484253,0.010263433679938316,3.562230348587036,3.562230348587036,93,30
17,4484,specialized_enriched,mean,0.40190261602401733,0.11390432715415955,3.5284228324890137,3.5284228324890137,113,30
18,9137,specialized_enriched,max,1.5047461986541748,0.4305036664009094,3.4953155517578125,3.4953155517578125,60,30
19,9396,specialized_enriched,max,4.6337666511535645,1.3434420824050903,3.4491748809814453,3.4491748809814453,44,30
20,469,specialized_enriched,mean,0.752169668674469,0.22300489246845245,3.3728842735290527,3.3728842735290527,124,30
21,8369,specialized_enriched,mean,0.1342727243900299,0.04037097096443176,3.325972080230713,3.325972080230713,34,30
22,10113,specialized_enriched,mean,0.1483946293592453,0.044730205088853836,3.3175485134124756,3.3175485134124756,78,30
23,10460,specialized_enriched,mean,0.48721426725387573,0.1478859782218933,3.2945263385772705,3.2945263385772705,69,30
24,6537,specialized_enriched,max,1.8023078441619873,0.5489733815193176,3.2830514907836914,3.2830514907836914,82,30
25,145,specialized_enriched,active_fraction,0.06892579048871994,0.02136729657649994,3.2257609367370605,3.2257609367370605,30,30
26,7362,specialized_enriched,active_fraction,0.05473559722304344,0.017279233783483505,3.1677098274230957,3.1677098274230957,135,30
27,3631,specialized_enriched,mean,0.12130972743034363,0.03896147385239601,3.113581657409668,3.113581657409668,120,30
28,11864,specialized_enriched,active_fraction,0.03793825954198837,0.012482144869863987,3.0394022464752197,3.0394022464752197,138,30
29,2825,specialized_enriched,mean,1.2260050773620605,0.4049309492111206,3.027689218521118,3.027689218521118,66,30
30,11318,specialized_enriched,max,2.360318660736084,0.7797791957855225,3.0269064903259277,3.0269064903259277,135,30
31,15839,specialized_enriched,mean,0.24980179965496063,0.08260452002286911,3.024069309234619,3.024069309234619,89,30
32,14711,specialized_enriched,mean,0.4636286199092865,0.15464037656784058,2.998108386993408,2.998108386993408,33,30
33,811,specialized_enriched,active_fraction,0.03844045475125313,0.012836762703955173,2.9945600032806396,2.9945600032806396,69,30
34,3369,specialized_enriched,active_fraction,0.04960712045431137,0.01660461351275444,2.9875504970550537,2.9875504970550537,128,30
35,860,specialized_enriched,active_fraction,0.1090489998459816,0.036691442131996155,2.972055435180664,2.972055435180664,81,30
36,1214,specialized_enriched,active_fraction,0.04520784318447113,0.01527045015245676,2.9604787826538086,2.9604787826538086,142,30
37,6496,specialized_enriched,mean,0.2506173551082611,0.08469963818788528,2.958895206451416,2.958895206451416,179,30
38,5578,specialized_enriched,mean,0.1503620147705078,0.05121702328324318,2.935781955718994,2.935781955718994,161,30
39,15210,specialized_enriched,active_fraction,0.03689590469002724,0.012571921572089195,2.934786319732666,2.934786319732666,109,30
40,10790,specialized_enriched,max,1.6651229858398438,0.5676684975624084,2.9332664012908936,2.9332664012908936,158,30
41,8105,specialized_enriched,max,2.015705108642578,0.6909113526344299,2.9174582958221436,2.9174582958221436,82,30
42,1180,specialized_enriched,active_fraction,0.048316165804862976,0.016564447432756424,2.9168593883514404,2.9168593883514404,56,30
43,15875,specialized_enriched,mean,0.22398433089256287,0.07702744007110596,2.907851219177246,2.907851219177246,53,30
44,2646,specialized_enriched,active_fraction,0.06297926604747772,0.021688299253582954,2.9038360118865967,2.9038360118865967,72,30
45,2396,specialized_enriched,max,0.5360804200172424,0.1862279325723648,2.8786251544952393,2.8786251544952393,55,30
46,10688,specialized_enriched,active_fraction,0.02384980395436287,0.00847392063587904,2.8144946098327637,2.8144946098327637,114,30
47,14242,specialized_enriched,mean,0.2516957223415375,0.08952789008617401,2.811366558074951,2.811366558074951,45,30
48,6372,specialized_enriched,active_fraction,0.041590265929698944,0.014817578718066216,2.806819200515747,2.806819200515747,129,30
49,715,specialized_enriched,active_fraction,0.06331390142440796,0.022746484726667404,2.783458709716797,2.783458709716797,55,30
50,10828,specialized_enriched,max,2.3965978622436523,0.866661012172699,2.7653231620788574,2.7653231620788574,135,30
51,10503,specialized_enriched,active_fraction,0.02310590259730816,0.008363469503819942,2.7627174854278564,2.7627174854278564,33,30
52,6673,specialized_enriched,active_fraction,0.042791806161403656,0.015599314123392105,2.743185043334961,2.743185043334961,121,30
53,216,specialized_enriched,active_fraction,0.042001474648714066,0.015351273119449615,2.73602557182312,2.73602557182312,34,30
54,4426,specialized_enriched,mean,0.26493939757347107,0.09684795886278152,2.735621929168701,2.735621929168701,61,30
55,2207,specialized_enriched,mean,0.18700040876865387,0.06847719103097916,2.730842351913452,2.730842351913452,51,30
56,15002,specialized_enriched,max,1.4670573472976685,0.5384442210197449,2.7246227264404297,2.7246227264404297,57,30
57,13313,specialized_enriched,active_fraction,0.07819180190563202,0.0287869144231081,2.7162272930145264,2.7162272930145264,73,30
58,15762,specialized_enriched,active_fraction,0.02607480064034462,0.009600847028195858,2.7158854007720947,2.7158854007720947,69,30
59,4188,specialized_enriched,active_fraction,0.022949958220124245,0.008456575684249401,2.7138595581054688,2.7138595581054688,134,30
60,5566,specialized_enriched,mean,0.49444299936294556,0.18265533447265625,2.706972599029541,2.706972599029541,146,30
61,10710,specialized_enriched,max,1.4712648391723633,0.5553344488143921,2.6493310928344727,2.6493310928344727,189,30
62,2774,specialized_enriched,max,3.8552873134613037,1.459092378616333,2.6422502994537354,2.6422502994537354,96,30
63,10337,specialized_enriched,active_fraction,0.08085925132036209,0.03066314570605755,2.6370174884796143,2.6370174884796143,235,30
64,168,specialized_enriched,max,1.1778361797332764,0.4503410756587982,2.615431308746338,2.615431308746338,141,30
65,9900,specialized_enriched,max,0.6689384579658508,0.25646358728408813,2.6083173751831055,2.6083173751831055,99,30
66,7442,specialized_enriched,mean,0.15301670134067535,0.058808330446481705,2.6019561290740967,2.6019561290740967,30,30
67,12929,specialized_enriched,mean,0.0485711432993412,0.01869305782020092,2.5983519554138184,2.5983519554138184,57,30
68,6928,specialized_enriched,active_fraction,0.02965361438691616,0.01141659077256918,2.597414255142212,2.597414255142212,41,30
69,13621,specialized_enriched,max,2.1451311111450195,0.8310487270355225,2.5812337398529053,2.5812337398529053,200,30
70,5663,specialized_enriched,mean,0.3247043490409851,0.1260424256324768,2.576151132583618,2.576151132583618,69,30
71,14426,specialized_enriched,max,1.267087697982788,0.4936424791812897,2.566812515258789,2.566812515258789,73,30
72,8915,specialized_enriched,max,1.4455795288085938,0.5640354156494141,2.5629234313964844,2.5629234313964844,261,30
73,9281,specialized_enriched,active_fraction,0.03814230114221573,0.014962594024837017,2.5491769313812256,2.5491769313812256,156,30
74,3225,specialized_enriched,mean,0.20388956367969513,0.08022478222846985,2.5414786338806152,2.5414786338806152,106,30
75,12921,specialized_enriched,max,1.0621798038482666,0.41929954290390015,2.53322434425354,2.53322434425354,85,30
76,11421,specialized_enriched,max,1.5118156671524048,0.597399890422821,2.5306594371795654,2.5306594371795654,92,30
77,2525,specialized_enriched,active_fraction,0.055399853736162186,0.021906422451138496,2.5289320945739746,2.5289320945739746,92,30
78,13805,specialized_enriched,active_fraction,0.015403211116790771,0.006118957884609699,2.5172932147979736,2.5172932147979736,72,30
79,7934,specialized_enriched,max,1.189440131187439,0.4747442901134491,2.5054333209991455,2.5054333209991455,98,30
80,6934,specialized_enriched,active_fraction,0.05598634481430054,0.022408414632081985,2.4984519481658936,2.4984519481658936,146,30
81,1349,specialized_enriched,mean,0.18972253799438477,0.07596619427204132,2.497460126876831,2.497460126876831,96,30
82,13814,specialized_enriched,max,1.7042138576507568,0.6826463341712952,2.496481418609619,2.496481418609619,103,30
83,12116,specialized_enriched,max,2.8776001930236816,1.1541212797164917,2.493325710296631,2.493325710296631,72,30
84,14700,specialized_enriched,active_fraction,0.01282405573874712,0.005190779455006123,2.4705452919006348,2.4705452919006348,37,30
85,5371,specialized_enriched,max,2.6512062549591064,1.0740752220153809,2.4683618545532227,2.4683618545532227,84,30
86,5733,specialized_enriched,max,2.326964855194092,0.9450494050979614,2.4622678756713867,2.4622678756713867,122,30
87,14785,specialized_enriched,mean,0.06156275421380997,0.02501104585826397,2.4614226818084717,2.4614226818084717,30,30
88,1420,specialized_enriched,active_fraction,0.04200161248445511,0.017104240134358406,2.4556257724761963,2.4556257724761963,71,30
89,6824,specialized_enriched,mean,0.11668957769870758,0.047600626945495605,2.4514293670654297,2.4514293670654297,65,30
90,6819,specialized_enriched,mean,0.17747259140014648,0.07246551662683487,2.4490625858306885,2.4490625858306885,134,30
91,173,specialized_enriched,active_fraction,0.017855461686849594,0.007323988247662783,2.4379425048828125,2.4379425048828125,124,30
92,938,specialized_enriched,max,0.4250372648239136,0.17452014982700348,2.435462474822998,2.435462474822998,30,30
93,10238,specialized_enriched,active_fraction,0.03325728327035904,0.01370344590395689,2.4269285202026367,2.4269285202026367,69,30
94,12140,specialized_enriched,active_fraction,0.014676399528980255,0.006060295272618532,2.4217300415039062,2.4217300415039062,34,30
95,7731,specialized_enriched,active_fraction,0.020619647577404976,0.008529244922101498,2.417523145675659,2.417523145675659,128,30
96,8194,specialized_enriched,max,1.307648777961731,0.5429472327232361,2.4084270000457764,2.4084270000457764,130,30
97,855,specialized_enriched,mean,0.4118482172489166,0.17120279371738434,2.405616283416748,2.405616283416748,138,30
98,1280,specialized_enriched,max,2.2319869995117188,0.9278311133384705,2.4055962562561035,2.4055962562561035,97,30
99,1526,specialized_enriched,mean,0.11272630095481873,0.04698323458433151,2.399287700653076,2.399287700653076,188,30
100,6093,specialized_enriched,max,1.293506383895874,0.5391730070114136,2.3990561962127686,2.3990561962127686,160,30
101,4581,specialized_enriched,mean,0.1617017239332199,0.06742938607931137,2.39808988571167,2.39808988571167,147,30
102,15148,specialized_enriched,active_fraction,0.025083322077989578,0.010507641360163689,2.387150526046753,2.387150526046753,119,30
103,2767,specialized_enriched,active_fraction,0.012055863626301289,0.005093806888908148,2.3667688369750977,2.3667688369750977,46,30
104,1659,specialized_enriched,active_fraction,0.024648398160934448,0.010416870936751366,2.3661997318267822,2.3661997318267822,48,30
105,5226,specialized_enriched,mean,0.21821485459804535,0.0931103527545929,2.3436152935028076,2.3436152935028076,80,30
106,1362,specialized_enriched,max,5.1844635009765625,2.221249580383301,2.3340301513671875,2.3340301513671875,92,30
107,9660,specialized_enriched,max,2.2003045082092285,0.9486677050590515,2.3193626403808594,2.3193626403808594,275,30
108,15852,specialized_enriched,active_fraction,0.08190406113862991,0.03543015941977501,2.311704635620117,2.311704635620117,150,30
109,10229,specialized_enriched,max,0.7742880582809448,0.33648499846458435,2.301107168197632,2.301107168197632,181,30
110,5723,specialized_enriched,max,2.7760493755340576,1.2066315412521362,2.3006603717803955,2.3006603717803955,71,30
111,2786,specialized_enriched,max,1.084105134010315,0.47350552678108215,2.289530038833618,2.289530038833618,138,30
112,3181,specialized_enriched,mean,0.05712888762354851,0.024974586442112923,2.2874808311462402,2.2874808311462402,134,30
113,14818,specialized_enriched,max,1.3767166137695312,0.603796660900116,2.280099630355835,2.280099630355835,75,30
114,15410,specialized_enriched,max,0.9741843938827515,0.4278441071510315,2.276961088180542,2.276961088180542,106,30
115,414,specialized_enriched,max,3.9788730144500732,1.7513880729675293,2.2718396186828613,2.2718396186828613,98,30
116,3037,specialized_enriched,mean,0.2829244136810303,0.12465237081050873,2.269707441329956,2.269707441329956,112,30
117,15784,specialized_enriched,max,1.3807655572891235,0.6085259318351746,2.269033193588257,2.269033193588257,132,30
118,10820,specialized_enriched,max,1.458430528640747,0.6430960893630981,2.267826795578003,2.267826795578003,181,30
119,3721,specialized_enriched,mean,0.2201099544763565,0.09767571091651917,2.253476858139038,2.253476858139038,69,30
120,13220,specialized_enriched,max,2.267061710357666,1.0072762966156006,2.250684976577759,2.250684976577759,128,30
121,10598,specialized_enriched,mean,0.10618370771408081,0.04724245145916939,2.247633218765259,2.247633218765259,109,30
122,9746,specialized_enriched,active_fraction,0.04371552914381027,0.019475150853395462,2.244682550430298,2.244682550430298,140,30
123,11862,specialized_enriched,active_fraction,0.015307280234992504,0.006822486408054829,2.2436511516571045,2.2436511516571045,82,30
124,713,specialized_enriched,active_fraction,0.019250672310590744,0.008601930923759937,2.237947702407837,2.237947702407837,70,30
125,3890,specialized_enriched,active_fraction,0.009678858332335949,0.004329385701566935,2.235619306564331,2.235619306564331,54,30
126,7101,specialized_enriched,max,0.5873660445213318,0.26414331793785095,2.2236642837524414,2.2236642837524414,44,30
127,5662,specialized_enriched,active_fraction,0.020640883594751358,0.009321304969489574,2.214376926422119,2.214376926422119,42,30
128,15491,specialized_enriched,mean,0.16238342225551605,0.07336963713169098,2.213223695755005,2.213223695755005,120,30
129,8309,specialized_enriched,max,2.041837453842163,0.9226440191268921,2.2130284309387207,2.2130284309387207,226,30
130,10199,specialized_enriched,max,3.030377149581909,1.3787868022918701,2.197857618331909,2.197857618331909,124,30
131,7753,specialized_enriched,max,0.49802833795547485,0.2266114354133606,2.1977193355560303,2.1977193355560303,78,30
132,2202,specialized_enriched,max,1.016126036643982,0.4645029306411743,2.1875557899475098,2.1875557899475098,38,30
133,6789,specialized_enriched,max,1.807909369468689,0.8274131417274475,2.185014009475708,2.185014009475708,87,30
134,2223,specialized_enriched,active_fraction,0.04308239743113518,0.01984056830406189,2.1714296340942383,2.1714296340942383,105,30
135,5921,specialized_enriched,active_fraction,0.032498061656951904,0.014975222758948803,2.1701221466064453,2.1701221466064453,146,30
136,5238,specialized_enriched,max,1.938411831855774,0.8935326337814331,2.169379949569702,2.169379949569702,65,30
137,1296,specialized_enriched,mean,0.6013604402542114,0.2780005633831024,2.1631627082824707,2.1631627082824707,145,30
138,7287,specialized_enriched,active_fraction,0.024060692638158798,0.011127151548862457,2.1623406410217285,2.1623406410217285,135,30
139,7384,specialized_enriched,active_fraction,0.05817276984453201,0.026907047256827354,2.161990165710449,2.161990165710449,63,30
140,5783,specialized_enriched,max,2.7746429443359375,1.2838478088378906,2.1611931324005127,2.1611931324005127,110,30
141,878,specialized_enriched,mean,0.07441800087690353,0.034448690712451935,2.1602563858032227,2.1602563858032227,79,30
142,2536,specialized_enriched,max,1.8484516143798828,0.8592140674591064,2.1513283252716064,2.1513283252716064,205,30
143,10615,specialized_enriched,active_fraction,0.05450329929590225,0.025353657081723213,2.149721384048462,2.149721384048462,171,30
144,15457,specialized_enriched,mean,0.5622638463973999,0.26176539063453674,2.1479685306549072,2.1479685306549072,168,30
145,1755,specialized_enriched,max,1.1365923881530762,0.5309824347496033,2.1405460834503174,2.1405460834503174,47,30
146,4493,specialized_enriched,max,2.5811662673950195,1.2088091373443604,2.1352968215942383,2.1352968215942383,54,30
147,4111,specialized_enriched,mean,0.33614030480384827,0.15761207044124603,2.132706642150879,2.132706642150879,87,30
148,11016,specialized_enriched,active_fraction,0.04103007912635803,0.019251685589551926,2.1312460899353027,2.1312460899353027,90,30
149,12555,specialized_enriched,max,2.422593593597412,1.1372246742248535,2.1302683353424072,2.1302683353424072,106,30
150,15899,specialized_enriched,max,0.9183879494667053,0.4326774477958679,2.1225695610046387,2.1225695610046387,203,30
151,15565,specialized_enriched,max,0.7242275476455688,0.34195196628570557,2.117921829223633,2.117921829223633,82,30
152,7000,specialized_enriched,mean,0.1116209328174591,0.05291488394141197,2.109442949295044,2.109442949295044,185,30
153,5126,specialized_enriched,active_fraction,0.04586666449904442,0.021769320592284203,2.106940507888794,2.106940507888794,177,30
154,13147,specialized_enriched,active_fraction,0.04901967942714691,0.023273229598999023,2.106268882751465,2.106268882751465,35,30
155,4471,specialized_enriched,max,1.5508991479873657,0.7369592785835266,2.104457139968872,2.104457139968872,112,30
156,10651,specialized_enriched,active_fraction,0.02893650345504284,0.01375362928956747,2.1039175987243652,2.1039175987243652,111,30
157,5837,specialized_enriched,max,1.2398256063461304,0.5902851819992065,2.100383996963501,2.100383996963501,178,30
158,1159,specialized_enriched,active_fraction,0.0251685231924057,0.012007513083517551,2.096064567565918,2.096064567565918,74,30
159,6218,specialized_enriched,active_fraction,0.039125606417655945,0.018724724650382996,2.0895156860351562,2.0895156860351562,216,30
160,11046,specialized_enriched,max,2.679205894470215,1.2899668216705322,2.0769572257995605,2.0769572257995605,228,30
161,13110,specialized_enriched,mean,0.1001855656504631,0.048557180911302567,2.063249111175537,2.063249111175537,100,30
162,13530,specialized_enriched,max,2.206718921661377,1.0773537158966064,2.0482771396636963,2.0482771396636963,46,30
163,12132,specialized_enriched,max,0.89554762840271,0.43725013732910156,2.048135757446289,2.048135757446289,174,30
164,3917,specialized_enriched,mean,0.10019060969352722,0.048945218324661255,2.046994924545288,2.046994924545288,33,30
165,6281,specialized_enriched,max,1.3510644435882568,0.6607126593589783,2.0448594093322754,2.0448594093322754,40,30
166,14931,specialized_enriched,max,1.2679795026779175,0.6206330060958862,2.0430424213409424,2.0430424213409424,36,30
167,4529,specialized_enriched,max,0.40958473086357117,0.20060929656028748,2.041703701019287,2.041703701019287,38,30
168,5409,specialized_enriched,max,1.0210394859313965,0.5003799796104431,2.0405282974243164,2.0405282974243164,84,30
169,14220,specialized_enriched,active_fraction,0.03694844990968704,0.018124479800462723,2.0385937690734863,2.0385937690734863,146,30
170,5714,specialized_enriched,max,1.6969668865203857,0.833588719367981,2.035736322402954,2.035736322402954,157,30
171,4817,specialized_enriched,max,2.5662338733673096,1.2636991739273071,2.030731678009033,2.030731678009033,155,30
172,332,specialized_enriched,mean,0.11417976021766663,0.05623399093747139,2.030440330505371,2.030440330505371,125,30
173,8508,specialized_enriched,active_fraction,0.008615677244961262,0.004253676626831293,2.025465965270996,2.025465965270996,43,30
174,12282,specialized_enriched,mean,0.2569171190261841,0.1270805150270462,2.0216877460479736,2.0216877460479736,226,30
175,13565,specialized_enriched,mean,0.1999359130859375,0.09898703545331955,2.0198192596435547,2.0198192596435547,34,30
176,4182,specialized_enriched,max,1.182939052581787,0.5862628221511841,2.0177624225616455,2.0177624225616455,161,30
177,4672,specialized_enriched,max,2.0401906967163086,1.0149637460708618,2.0101118087768555,2.0101118087768555,172,30
178,7982,specialized_enriched,max,1.6053944826126099,0.7991062998771667,2.0089874267578125,2.0089874267578125,64,30
179,9827,specialized_enriched,mean,0.21142816543579102,0.10540630668401718,2.0058398246765137,2.0058398246765137,88,30
180,11428,specialized_enriched,max,1.4732383489608765,0.7355262041091919,2.002971887588501,2.002971887588501,111,30
181,3579,specialized_enriched,mean,0.05342172831296921,0.026688851416110992,2.0016496181488037,2.0016496181488037,68,30
182,16322,specialized_enriched,active_fraction,0.022074788808822632,0.011042414233088493,1.9990907907485962,1.9990907907485962,101,30
183,13139,specialized_enriched,max,0.8644909858703613,0.4327981770038605,1.9974459409713745,1.9974459409713745,60,30
184,12763,specialized_enriched,active_fraction,0.030844097957015038,0.015474378131330013,1.9932366609573364,1.9932366609573364,152,30
185,11222,specialized_enriched,max,1.5104185342788696,0.7607759833335876,1.9853657484054565,1.9853657484054565,125,30
186,12863,specialized_enriched,active_fraction,0.018186450004577637,0.009167690761387348,1.9837547540664673,1.9837547540664673,124,30
187,13215,specialized_enriched,max,2.9776227474212646,1.5039163827896118,1.9799124002456665,1.9799124002456665,125,30
188,11608,specialized_enriched,active_fraction,0.04104733467102051,0.020767202600836754,1.9765461683273315,1.9765461683273315,77,30
189,9812,specialized_enriched,max,1.8794844150543213,0.9628562331199646,1.9519885778427124,1.9519885778427124,156,30
190,15323,specialized_enriched,max,2.74050235748291,1.4054962396621704,1.949846863746643,1.949846863746643,105,30
191,10586,specialized_enriched,max,1.6188491582870483,0.8308777809143066,1.9483602046966553,1.9483602046966553,107,30
192,13175,specialized_enriched,mean,0.23277077078819275,0.12002818286418915,1.9393010139465332,1.9393010139465332,123,30
193,6869,specialized_enriched,max,1.910494327545166,0.9853397011756897,1.9389194250106812,1.9389194250106812,56,30
194,10100,specialized_enriched,max,2.985705614089966,1.5407452583312988,1.9378321170806885,1.9378321170806885,229,30
195,7184,specialized_enriched,active_fraction,0.028613323345780373,0.014777134172618389,1.9363242387771606,1.9363242387771606,139,30
196,5609,specialized_enriched,max,1.3534108400344849,0.6994813680648804,1.934877634048462,1.934877634048462,90,30
197,13173,specialized_enriched,max,0.7539730668067932,0.389911949634552,1.9337007999420166,1.9337007999420166,96,30
198,8144,specialized_enriched,max,2.3325934410095215,1.2101669311523438,1.9274972677230835,1.9274972677230835,108,30
199,11576,specialized_enriched,max,0.9762970209121704,0.5081738829612732,1.921186923980713,1.921186923980713,110,30
200,10120,specialized_enriched,active_fraction,0.04447093605995178,0.023213151842355728,1.9157646894454956,1.9157646894454956,87,30
201,8364,specialized_enriched,active_fraction,0.02039089985191822,0.010661598294973373,1.9125555753707886,1.9125555753707886,135,30
202,7933,specialized_enriched,mean,0.13003183901309967,0.06808674335479736,1.9097967147827148,1.9097967147827148,65,30
203,796,specialized_enriched,max,0.3585220277309418,0.18805865943431854,1.9064372777938843,1.9064372777938843,35,30
204,204,specialized_enriched,max,1.864227533340454,0.9783074855804443,1.9055639505386353,1.9055639505386353,137,30
205,2203,specialized_enriched,mean,0.36021679639816284,0.18906719982624054,1.9052315950393677,1.9052315950393677,167,30
206,8564,specialized_enriched,mean,0.09209216386079788,0.04836713895201683,1.9040234088897705,1.9040234088897705,54,30
207,3660,specialized_enriched,mean,0.13695462048053741,0.07202925533056259,1.9013749361038208,1.9013749361038208,98,30
208,4334,specialized_enriched,max,0.7686960101127625,0.40466418862342834,1.8995898962020874,1.8995898962020874,160,30
209,13864,specialized_enriched,max,1.4598400592803955,0.7690720558166504,1.8981837034225464,1.8981837034225464,38,30
210,7905,specialized_enriched,max,1.8070346117019653,0.953052818775177,1.8960487842559814,1.8960487842559814,173,30
211,975,specialized_enriched,max,0.9600366353988647,0.5085291266441345,1.8878694772720337,1.8878694772720337,224,30
212,2827,specialized_enriched,max,1.8036426305770874,0.9562342762947083,1.8861932754516602,1.8861932754516602,156,30
213,4660,specialized_enriched,max,0.9883430004119873,0.5248485207557678,1.883101463317871,1.883101463317871,162,30
214,8857,specialized_enriched,max,0.6423729062080383,0.3418690264225006,1.8790029287338257,1.8790029287338257,78,30
215,3963,specialized_enriched,active_fraction,0.024454478174448013,0.013019450008869171,1.8783035278320312,1.8783035278320312,70,30
216,131,specialized_enriched,mean,0.1744343489408493,0.09290263801813126,1.8776038885116577,1.8776038885116577,43,30
217,6141,specialized_enriched,active_fraction,0.022519834339618683,0.01203511655330658,1.871177077293396,1.871177077293396,47,30
218,12402,specialized_enriched,max,1.1175975799560547,0.5979835987091064,1.8689435720443726,1.8689435720443726,131,30
219,15742,specialized_enriched,active_fraction,0.024328242987394333,0.013027485460042953,1.867455005645752,1.867455005645752,119,30
220,6290,specialized_enriched,active_fraction,0.02225382626056671,0.011917400173842907,1.867339015007019,1.867339015007019,60,30
221,10073,specialized_enriched,active_fraction,0.019211305305361748,0.010336309671401978,1.8586232662200928,1.8586232662200928,50,30
222,6214,specialized_enriched,max,2.046792984008789,1.1017175912857056,1.8578200340270996,1.8578200340270996,131,30
223,11244,specialized_enriched,max,1.1766923666000366,0.6334480047225952,1.8575990200042725,1.8575990200042725,129,30
224,1903,specialized_enriched,max,1.633117437362671,0.8796824216842651,1.8564852476119995,1.8564852476119995,51,30
225,14442,specialized_enriched,max,1.729397177696228,0.9320641160011292,1.8554487228393555,1.8554487228393555,53,30
226,13349,specialized_enriched,max,1.7751965522766113,0.9615471363067627,1.846187710762024,1.846187710762024,38,30
227,13519,specialized_enriched,max,1.6410313844680786,0.8903571367263794,1.8431159257888794,1.8431159257888794,142,30
228,11495,specialized_enriched,active_fraction,0.033852171152830124,0.018389297649264336,1.8408626317977905,1.8408626317977905,153,30
229,1058,specialized_enriched,max,1.8557020425796509,1.0084463357925415,1.8401594161987305,1.8401594161987305,119,30
230,7890,specialized_enriched,active_fraction,0.026659350842237473,0.014494314789772034,1.8392970561981201,1.8392970561981201,134,30
231,8585,specialized_enriched,active_fraction,0.03589347377419472,0.019534138962626457,1.8374741077423096,1.8374741077423096,179,30
232,16117,specialized_enriched,active_fraction,0.031206907704472542,0.01699773222208023,1.8359453678131104,1.8359453678131104,122,30
233,13595,specialized_enriched,active_fraction,0.0690174475312233,0.037593066692352295,1.8359088897705078,1.8359088897705078,179,30
234,1852,specialized_enriched,active_fraction,0.04703276604413986,0.02564302086830139,1.8341351747512817,1.8341351747512817,185,30
235,15642,specialized_enriched,max,1.2900333404541016,0.7033588290214539,1.8341041803359985,1.8341041803359985,57,30
236,5492,specialized_enriched,mean,0.13969378173351288,0.07622190564870834,1.8327248096466064,1.8327248096466064,132,30
237,10396,specialized_enriched,max,2.10036039352417,1.14835524559021,1.8290162086486816,1.8290162086486816,116,30
238,10880,specialized_enriched,active_fraction,0.009206498041749,0.005036219488829374,1.8280572891235352,1.8280572891235352,34,30
239,9777,specialized_enriched,active_fraction,0.019826211035251617,0.010846112854778767,1.8279554843902588,1.8279554843902588,68,30
240,8755,specialized_enriched,max,0.521285355091095,0.2864193618297577,1.8200074434280396,1.8200074434280396,64,30
241,3009,specialized_enriched,max,0.6743089556694031,0.3705689311027527,1.819658637046814,1.819658637046814,47,30
242,3513,specialized_enriched,mean,0.09944768249988556,0.05477309599518776,1.8156300783157349,1.8156300783157349,43,30
243,1700,specialized_enriched,max,1.0251129865646362,0.5651404857635498,1.8139082193374634,1.8139082193374634,135,30
244,12047,specialized_enriched,max,1.3174917697906494,0.7266656756401062,1.8130645751953125,1.8130645751953125,88,30
245,9006,specialized_enriched,max,1.1210581064224243,0.6189236044883728,1.811302900314331,1.811302900314331,96,30
246,6954,specialized_enriched,max,0.8965981006622314,0.4954701066017151,1.8095906972885132,1.8095906972885132,128,30
247,10494,specialized_enriched,max,2.196146011352539,1.215704321861267,1.8064804077148438,1.8064804077148438,110,30
248,10961,specialized_enriched,active_fraction,0.033964548259973526,0.018825197592377663,1.8042067289352417,1.8042067289352417,169,30
249,9556,specialized_enriched,max,1.522773027420044,0.846021294593811,1.7999228239059448,1.7999228239059448,151,30
250,9321,specialized_enriched,active_fraction,0.028321456164121628,0.015804801136255264,1.7919527292251587,1.7919527292251587,109,30
251,11233,specialized_enriched,max,2.1464574337005615,1.2005587816238403,1.7878819704055786,1.7878819704055786,93,30
252,13012,specialized_enriched,active_fraction,0.01722625270485878,0.009635351598262787,1.7878177165985107,1.7878177165985107,123,30
253,10160,specialized_enriched,max,1.2124639749526978,0.6783496141433716,1.7873733043670654,1.7873733043670654,35,30
254,1423,specialized_enriched,max,1.307222843170166,0.7320916652679443,1.785599946975708,1.785599946975708,113,30
255,11306,specialized_enriched,active_fraction,0.07684096693992615,0.04316692799329758,1.7800889015197754,1.7800889015197754,179,30
256,10802,specialized_enriched,max,1.3456612825393677,0.7564337849617004,1.7789545059204102,1.7789545059204102,180,30
257,1820,specialized_enriched,max,1.8437516689300537,1.0370556116104126,1.7778716087341309,1.7778716087341309,38,30
258,10283,specialized_enriched,max,1.4728977680206299,0.8321565389633179,1.7699768543243408,1.7699768543243408,122,30
259,13329,specialized_enriched,max,1.7999004125595093,1.017067313194275,1.7696964740753174,1.7696964740753174,168,30
260,6901,specialized_enriched,max,1.8891334533691406,1.0677539110183716,1.7692592144012451,1.7692592144012451,225,30
261,1529,specialized_enriched,max,1.6508840322494507,0.9336779713630676,1.7681514024734497,1.7681514024734497,115,30
262,4282,specialized_enriched,active_fraction,0.018682144582271576,0.010581938549876213,1.7654746770858765,1.7654746770858765,38,30
263,4752,specialized_enriched,max,1.2990210056304932,0.7365731000900269,1.7636009454727173,1.7636009454727173,176,30
264,14030,specialized_enriched,max,0.3650825619697571,0.20709189772605896,1.7629011869430542,1.7629011869430542,57,30
265,935,specialized_enriched,max,0.6485602259635925,0.368059366941452,1.7621076107025146,1.7621076107025146,113,30
266,1777,specialized_enriched,max,1.3944487571716309,0.7914047241210938,1.7619919776916504,1.7619919776916504,251,30
267,15336,specialized_enriched,max,1.7463128566741943,0.991662323474884,1.7609955072402954,1.7609955072402954,117,30
268,4740,specialized_enriched,max,2.0729689598083496,1.181937336921692,1.7538738250732422,1.7538738250732422,158,30
269,10922,specialized_enriched,max,2.8838863372802734,1.6446127891540527,1.7535351514816284,1.7535351514816284,121,30
270,3380,specialized_enriched,mean,0.15235000848770142,0.08719035983085632,1.7473262548446655,1.7473262548446655,138,30
271,15153,specialized_enriched,max,1.7598828077316284,1.0073052644729614,1.747119665145874,1.747119665145874,107,30
272,10127,specialized_enriched,max,1.8176010847091675,1.0411595106124878,1.7457469701766968,1.7457469701766968,104,30
273,4084,specialized_enriched,max,0.5545099973678589,0.31793251633644104,1.744112253189087,1.744112253189087,219,30
274,4185,specialized_enriched,max,0.9029449820518494,0.5180760622024536,1.7428810596466064,1.7428810596466064,251,30
275,6938,specialized_enriched,max,0.3686285614967346,0.21152837574481964,1.7426908016204834,1.7426908016204834,144,30
276,1796,specialized_enriched,max,0.9496989250183105,0.5455504059791565,1.7408087253570557,1.7408087253570557,103,30
277,7261,specialized_enriched,max,0.7971619963645935,0.4595847725868225,1.734526515007019,1.734526515007019,111,30
278,14049,specialized_enriched,active_fraction,0.021630553528666496,0.012473564594984055,1.7341116666793823,1.7341116666793823,118,30
279,13825,specialized_enriched,active_fraction,0.022136026993393898,0.012777000665664673,1.732490062713623,1.732490062713623,59,30
280,7084,specialized_enriched,max,1.3855143785476685,0.7997984886169434,1.7323293685913086,1.7323293685913086,141,30
281,8965,specialized_enriched,max,1.6627554893493652,0.9615068435668945,1.7293225526809692,1.7293225526809692,128,30
282,2945,specialized_enriched,max,2.434898614883423,1.408445119857788,1.7287849187850952,1.7287849187850952,119,30
283,10400,specialized_enriched,max,0.9452017545700073,0.5467668175697327,1.7287108898162842,1.7287108898162842,39,30
284,12529,specialized_enriched,active_fraction,0.011138870380818844,0.0064570168033242226,1.7250800132751465,1.7250800132751465,50,30
285,13614,specialized_enriched,max,2.4690465927124023,1.4319982528686523,1.7241966724395752,1.7241966724395752,204,30
286,3583,specialized_enriched,active_fraction,0.014519390650093555,0.008421597070991993,1.724066138267517,1.724066138267517,117,30
287,14323,specialized_enriched,active_fraction,0.021217286586761475,0.012311517260968685,1.7233690023422241,1.7233690023422241,76,30
288,13452,specialized_enriched,max,0.5875775218009949,0.34098494052886963,1.7231773138046265,1.7231773138046265,65,30
289,13947,specialized_enriched,max,1.5072532892227173,0.8747006058692932,1.7231647968292236,1.7231647968292236,47,30
290,14515,specialized_enriched,max,0.8631284236907959,0.5024796724319458,1.7177380323410034,1.7177380323410034,70,30
291,3763,specialized_enriched,max,0.409290075302124,0.23859740793704987,1.7154003381729126,1.7154003381729126,69,30
292,11535,specialized_enriched,max,0.9261070489883423,0.5403010249137878,1.7140575647354126,1.7140575647354126,175,30
293,11449,specialized_enriched,max,1.271249532699585,0.742587685585022,1.7119184732437134,1.7119184732437134,150,30
294,9012,specialized_enriched,active_fraction,0.02828255668282509,0.016533244401216507,1.710647702217102,1.710647702217102,131,30
295,6403,specialized_enriched,max,0.8377189040184021,0.4898810088634491,1.7100456953048706,1.7100456953048706,95,30
296,13702,specialized_enriched,mean,0.5024383068084717,0.29407769441604614,1.7085223197937012,1.7085223197937012,117,30
297,9571,specialized_enriched,max,1.6920088529586792,0.9903517961502075,1.7084927558898926,1.7084927558898926,196,30
298,10287,specialized_enriched,max,0.7942907810211182,0.4655569791793823,1.7061086893081665,1.7061086893081665,168,30
299,6632,specialized_enriched,mean,0.10865993797779083,0.06380636245012283,1.702963948249817,1.702963948249817,129,30
300,14186,specialized_enriched,max,1.0083993673324585,0.5922041535377502,1.7027901411056519,1.7027901411056519,111,30
301,740,specialized_enriched,max,0.7785276174545288,0.4583050608634949,1.6987104415893555,1.6987104415893555,30,30
302,6828,specialized_enriched,max,1.023013949394226,0.6033943295478821,1.6954318284988403,1.6954318284988403,45,30
303,15482,specialized_enriched,max,0.2583281993865967,0.15260277688503265,1.692814588546753,1.692814588546753,64,30
304,8720,specialized_enriched,max,0.9051283597946167,0.5349330306053162,1.6920405626296997,1.6920405626296997,145,30
305,6365,specialized_enriched,max,2.0759406089782715,1.2279609441757202,1.6905591487884521,1.6905591487884521,45,30
306,3561,specialized_enriched,max,1.3354448080062866,0.7908011078834534,1.6887240409851074,1.6887240409851074,87,30
307,3178,specialized_enriched,max,1.1655961275100708,0.6920997500419617,1.6841447353363037,1.6841447353363037,237,30
308,2657,specialized_enriched,max,1.8112602233886719,1.0757722854614258,1.6836836338043213,1.6836836338043213,142,30
309,9007,specialized_enriched,active_fraction,0.02478300966322422,0.014729107730090618,1.6825872659683228,1.6825872659683228,67,30
310,10218,specialized_enriched,max,1.7577418088912964,1.0447866916656494,1.682392954826355,1.682392954826355,197,30
311,3101,specialized_enriched,active_fraction,0.037517059594392776,0.022305632010102272,1.6819546222686768,1.6819546222686768,151,30
312,15449,specialized_enriched,max,2.34674072265625,1.3956329822540283,1.6814883947372437,1.6814883947372437,83,30
313,16193,specialized_enriched,max,1.8583875894546509,1.1052894592285156,1.6813583374023438,1.6813583374023438,138,30
314,6262,specialized_enriched,mean,0.14743845164775848,0.08770313858985901,1.681107997894287,1.681107997894287,79,30
315,10380,specialized_enriched,max,1.4806535243988037,0.8810824155807495,1.6804938316345215,1.6804938316345215,164,30
316,14811,specialized_enriched,max,1.7543919086456299,1.04399836063385,1.6804546117782593,1.6804546117782593,71,30
317,7617,specialized_enriched,active_fraction,0.04273000732064247,0.025441376492381096,1.6795477867126465,1.6795477867126465,100,30
318,3360,specialized_enriched,max,1.0426312685012817,0.6208022236824036,1.6794902086257935,1.6794902086257935,68,30
319,1985,specialized_enriched,max,2.1306705474853516,1.273889183998108,1.6725713014602661,1.6725713014602661,67,30
320,4014,specialized_enriched,mean,0.19953422248363495,0.11959958076477051,1.6683522462844849,1.6683522462844849,35,30
321,1287,specialized_enriched,max,1.160473346710205,0.6956267952919006,1.668241262435913,1.668241262435913,125,30
322,14496,specialized_enriched,active_fraction,0.01401252020150423,0.008412596769630909,1.6656593084335327,1.6656593084335327,116,30
323,2028,specialized_enriched,mean,0.05970805510878563,0.0358598418533802,1.6650395393371582,1.6650395393371582,88,30
324,3375,specialized_enriched,max,0.5198032259941101,0.3126274645328522,1.6626921892166138,1.6626921892166138,69,30
325,13711,specialized_enriched,active_fraction,0.017972543835639954,0.010818279348313808,1.6613125801086426,1.6613125801086426,80,30
326,4849,specialized_enriched,max,0.5272315740585327,0.31737855076789856,1.6612073183059692,1.6612073183059692,120,30
327,13414,specialized_enriched,active_fraction,0.01380398403853178,0.008319618180394173,1.65920889377594,1.65920889377594,119,30
328,538,specialized_enriched,max,0.9759291410446167,0.5882324576377869,1.6590875387191772,1.6590875387191772,262,30
329,5568,specialized_enriched,max,3.9553372859954834,2.3846819400787354,1.6586434841156006,1.6586434841156006,52,30
330,10877,specialized_enriched,max,0.7746562957763672,0.46728968620300293,1.6577645540237427,1.6577645540237427,45,30
331,6204,specialized_enriched,active_fraction,0.02856849506497383,0.017244853079319,1.6566389799118042,1.6566389799118042,63,30
332,4359,specialized_enriched,max,1.2563148736953735,0.7603262662887573,1.652336597442627,1.652336597442627,152,30
333,354,specialized_enriched,max,1.0276823043823242,0.6237109899520874,1.647689938545227,1.647689938545227,129,30
334,4099,specialized_enriched,active_fraction,0.027360204607248306,0.016638409346342087,1.6444002389907837,1.6444002389907837,108,30
335,1369,specialized_enriched,max,1.659001350402832,1.0108391046524048,1.6412121057510376,1.6412121057510376,143,30
336,14310,specialized_enriched,max,1.0066916942596436,0.6134974360466003,1.6409060955047607,1.6409060955047607,114,30
337,15150,specialized_enriched,active_fraction,0.01666930504143238,0.010199043899774551,1.6343988180160522,1.6343988180160522,102,30
338,1563,specialized_enriched,mean,0.2391595095396042,0.14665131270885468,1.6308037042617798,1.6308037042617798,44,30
339,12879,specialized_enriched,mean,0.05916007608175278,0.03627745062112808,1.6307672262191772,1.6307672262191772,35,30
340,13400,specialized_enriched,active_fraction,0.02011903002858162,0.012370706535875797,1.6263444423675537,1.6263444423675537,75,30
341,10890,specialized_enriched,max,0.5806624889373779,0.3584279716014862,1.620025634765625,1.620025634765625,96,30
342,6388,specialized_enriched,active_fraction,0.01641661673784256,0.010138689540326595,1.6192049980163574,1.6192049980163574,139,30
343,15567,specialized_enriched,max,2.146660804748535,1.3306289911270142,1.6132677793502808,1.6132677793502808,127,30
344,2055,specialized_enriched,max,0.7744633555412292,0.4806537330150604,1.6112709045410156,1.6112709045410156,83,30
345,105,specialized_enriched,active_fraction,0.01457273866981268,0.00905428733676672,1.6094849109649658,1.6094849109649658,85,30
346,3612,specialized_enriched,max,1.1093316078186035,0.6893756985664368,1.6091829538345337,1.6091829538345337,213,30
347,6296,specialized_enriched,max,0.8245285749435425,0.512933611869812,1.6074762344360352,1.6074762344360352,151,30
348,12160,specialized_enriched,max,1.7741694450378418,1.1049647331237793,1.6056344509124756,1.6056344509124756,115,30
349,15837,specialized_enriched,active_fraction,0.019432876259088516,0.012110290117561817,1.6046582460403442,1.6046582460403442,151,30
350,2359,specialized_enriched,active_fraction,0.025329822674393654,0.01580413430929184,1.6027339696884155,1.6027339696884155,156,30
351,11342,specialized_enriched,max,2.1263372898101807,1.3282926082611084,1.6008049249649048,1.6008049249649048,31,30
352,9207,specialized_enriched,max,1.2492976188659668,0.7807613015174866,1.6001018285751343,1.6001018285751343,39,30
353,5514,specialized_enriched,active_fraction,0.011979917995631695,0.00748723978176713,1.60004460811615,1.60004460811615,96,30
354,5528,specialized_enriched,active_fraction,0.022597063332796097,0.014141414314508438,1.5979351997375488,1.5979351997375488,44,30
355,4668,specialized_enriched,max,2.290478229522705,1.4337875843048096,1.5975017547607422,1.5975017547607422,109,30
356,4877,specialized_enriched,active_fraction,0.005408940836787224,0.003386699827387929,1.5971125364303589,1.5971125364303589,41,30
357,3740,specialized_enriched,active_fraction,0.011374806053936481,0.0071279569528996944,1.5958017110824585,1.5958017110824585,59,30
358,9216,specialized_enriched,max,0.7058037519454956,0.44333845376968384,1.5920201539993286,1.5920201539993286,42,30
359,14973,specialized_enriched,active_fraction,0.04679517447948456,0.029442347586154938,1.5893832445144653,1.5893832445144653,210,30
360,10392,specialized_enriched,active_fraction,0.009244591929018497,0.005823952611535788,1.5873398780822754,1.5873398780822754,44,30
361,14639,specialized_enriched,max,2.3934035301208496,1.5106459856033325,1.5843576192855835,1.5843576192855835,199,30
362,12753,specialized_enriched,max,0.7986987829208374,0.5041983127593994,1.5840965509414673,1.5840965509414673,143,30
363,9090,specialized_enriched,mean,0.20007771253585815,0.126618430018425,1.5801626443862915,1.5801626443862915,44,30
364,10194,specialized_enriched,max,0.922920823097229,0.5851083397865295,1.5773502588272095,1.5773502588272095,157,30
365,6023,specialized_enriched,active_fraction,0.028461674228310585,0.01804558001458645,1.5772103071212769,1.5772103071212769,129,30
366,1108,specialized_enriched,max,1.8979414701461792,1.2047619819641113,1.5753663778305054,1.5753663778305054,128,30
367,29,specialized_enriched,active_fraction,0.027993328869342804,0.017821524292230606,1.5707595348358154,1.5707595348358154,86,30
368,9059,specialized_enriched,max,0.6110146045684814,0.38908499479293823,1.5703885555267334,1.5703885555267334,105,30
369,9606,specialized_enriched,max,1.4808344841003418,0.9432989954948425,1.5698463916778564,1.5698463916778564,82,30
370,4028,specialized_enriched,active_fraction,0.012004069983959198,0.0076813772320747375,1.5627497434616089,1.5627497434616089,86,30
371,14378,specialized_enriched,max,1.1990690231323242,0.7673462629318237,1.5626178979873657,1.5626178979873657,163,30
372,12423,specialized_enriched,active_fraction,0.00925515592098236,0.005927788093686104,1.561316967010498,1.561316967010498,42,30
373,10887,specialized_enriched,max,0.6205412149429321,0.3978198170661926,1.5598549842834473,1.5598549842834473,114,30
374,10080,specialized_enriched,max,2.186943531036377,1.4024274349212646,1.5593986511230469,1.5593986511230469,124,30
375,113,specialized_enriched,max,0.44254228472709656,0.28406140208244324,1.557910680770874,1.557910680770874,149,30
376,1500,specialized_enriched,max,1.804133653640747,1.1605818271636963,1.5545079708099365,1.5545079708099365,169,30
377,2182,specialized_enriched,max,2.1306562423706055,1.371974229812622,1.552985668182373,1.552985668182373,210,30
378,13457,specialized_enriched,max,0.47521212697029114,0.30604249238967896,1.552765130996704,1.552765130996704,146,30
379,11115,specialized_enriched,active_fraction,0.01597367599606514,0.010291330516338348,1.5521488189697266,1.5521488189697266,142,30
380,6607,specialized_enriched,max,0.30858245491981506,0.19896243512630463,1.5509583950042725,1.5509583950042725,36,30
381,9325,specialized_enriched,active_fraction,0.018817653879523277,0.012133758515119553,1.5508512258529663,1.5508512258529663,129,30
382,5691,specialized_enriched,max,1.2432571649551392,0.8024460077285767,1.5493344068527222,1.5493344068527222,149,30
383,10780,specialized_enriched,max,1.6974658966064453,1.0958592891693115,1.5489816665649414,1.5489816665649414,194,30
384,4179,specialized_enriched,active_fraction,0.021235765889286995,0.01374268438667059,1.5452414751052856,1.5452414751052856,76,30
385,10176,specialized_enriched,max,0.7018430233001709,0.454896479845047,1.542863130569458,1.542863130569458,37,30
386,8088,specialized_enriched,max,0.33754387497901917,0.2187788337469101,1.5428543090820312,1.5428543090820312,70,30
387,14676,specialized_enriched,active_fraction,0.016246501356363297,0.010540144518017769,1.5413926839828491,1.5413926839828491,73,30
388,565,specialized_enriched,max,0.8736560940742493,0.5683252811431885,1.537246584892273,1.537246584892273,176,30
389,3021,specialized_enriched,max,0.9040970802307129,0.5886242389678955,1.535949468612671,1.535949468612671,126,30
390,12173,specialized_enriched,max,0.8438230752944946,0.5504825115203857,1.5328789949417114,1.5328789949417114,109,30
391,4279,specialized_enriched,active_fraction,0.013841349631547928,0.009032356552779675,1.5324183702468872,1.5324183702468872,95,30
392,3305,specialized_enriched,max,1.1649752855300903,0.7611715197563171,1.5305030345916748,1.5305030345916748,34,30
393,3754,specialized_enriched,max,0.8095370531082153,0.5302911400794983,1.5265898704528809,1.5265898704528809,174,30
394,10777,specialized_enriched,active_fraction,0.015772629529237747,0.010345501825213432,1.5245881080627441,1.5245881080627441,160,30
395,9591,specialized_enriched,max,0.6867990493774414,0.4506688714027405,1.52395498752594,1.52395498752594,47,30
396,7349,specialized_enriched,max,0.8859754800796509,0.5814663171768188,1.5236918926239014,1.5236918926239014,251,30
397,4759,specialized_enriched,max,0.7822144031524658,0.5133766531944275,1.5236656665802002,1.5236656665802002,197,30
398,785,specialized_enriched,mean,0.1751241832971573,0.11530382186174393,1.5188064575195312,1.5188064575195312,225,30
399,5273,specialized_enriched,max,1.2171660661697388,0.8017246723175049,1.5181846618652344,1.5181846618652344,34,30
400,6210,specialized_enriched,max,0.34855782985687256,0.22997404634952545,1.5156399011611938,1.5156399011611938,64,30
401,1236,specialized_enriched,active_fraction,0.0321628712117672,0.02124965563416481,1.5135713815689087,1.5135713815689087,141,30
402,2187,specialized_enriched,max,1.022328495979309,0.6757709980010986,1.512832760810852,1.512832760810852,153,30
403,286,specialized_enriched,max,0.727266788482666,0.48188522458076477,1.5092116594314575,1.5092116594314575,49,30
404,9896,specialized_enriched,max,1.2732458114624023,0.8436641097068787,1.5091856718063354,1.5091856718063354,83,30
405,12595,specialized_enriched,max,1.1822943687438965,0.7838972210884094,1.5082262754440308,1.5082262754440308,221,30
406,12671,specialized_enriched,max,0.9872307181358337,0.6547009348869324,1.507910966873169,1.507910966873169,171,30
407,5269,specialized_enriched,max,1.1592020988464355,0.7695196866989136,1.5063968896865845,1.5063968896865845,116,30
408,3092,specialized_enriched,max,0.923085629940033,0.6130316853523254,1.505771517753601,1.505771517753601,101,30
409,13892,specialized_enriched,max,1.247732162475586,0.8308217525482178,1.5018048286437988,1.5018048286437988,69,30
410,10741,specialized_enriched,max,0.7671002149581909,0.5115042328834534,1.4996947050094604,1.4996947050094604,131,30
411,5542,specialized_enriched,active_fraction,0.019625436514616013,0.013087752275168896,1.499526858329773,1.499526858329773,57,30
412,12002,specialized_enriched,max,0.6953102350234985,0.46438369154930115,1.4972753524780273,1.4972753524780273,128,30
413,1301,specialized_enriched,active_fraction,0.008250175975263119,0.005514696706086397,1.4960343837738037,1.4960343837738037,53,30
414,10217,specialized_enriched,max,2.6921274662017822,1.799633502960205,1.4959309101104736,1.4959309101104736,126,30
415,6845,specialized_enriched,max,1.1579504013061523,0.775153636932373,1.4938334226608276,1.4938334226608276,205,30
416,462,specialized_enriched,max,0.27398014068603516,0.18377447128295898,1.4908498525619507,1.4908498525619507,63,30
417,15890,specialized_enriched,max,0.9290828704833984,0.6241772174835205,1.4884921312332153,1.4884921312332153,175,30
418,7246,specialized_enriched,max,1.6594594717025757,1.1154669523239136,1.4876813888549805,1.4876813888549805,100,30
419,10309,specialized_enriched,active_fraction,0.028990013524889946,0.019515108317136765,1.4855164289474487,1.4855164289474487,136,30
420,1546,specialized_enriched,max,0.8965582251548767,0.6047383546829224,1.482555627822876,1.482555627822876,35,30
421,7009,specialized_enriched,max,2.1646862030029297,1.460982322692871,1.4816648960113525,1.4816648960113525,102,30
422,7191,specialized_enriched,max,1.3399934768676758,0.9051077961921692,1.4804794788360596,1.4804794788360596,68,30
423,11008,specialized_enriched,max,0.4085834324359894,0.2760694622993469,1.4800022840499878,1.4800022840499878,108,30
424,14041,specialized_enriched,max,1.7101589441299438,1.1572186946868896,1.477818250656128,1.477818250656128,34,30
425,13746,specialized_enriched,active_fraction,0.01365366019308567,0.009240207262337208,1.4776357412338257,1.4776357412338257,172,30
426,15914,specialized_enriched,active_fraction,0.01742548495531082,0.011792825534939766,1.4776344299316406,1.4776344299316406,116,30
427,11710,specialized_enriched,active_fraction,0.015872079879045486,0.010745415464043617,1.477102518081665,1.477102518081665,144,30
428,8358,specialized_enriched,active_fraction,0.012238673865795135,0.008308603428304195,1.4730122089385986,1.4730122089385986,66,30
429,15454,specialized_enriched,active_fraction,0.0209567379206419,0.014247638173401356,1.470892071723938,1.470892071723938,129,30
430,6279,specialized_enriched,active_fraction,0.020812829956412315,0.01415800116956234,1.4700400829315186,1.4700400829315186,109,30
431,10867,specialized_enriched,active_fraction,0.013984369114041328,0.009528346359729767,1.467659592628479,1.467659592628479,87,30
432,13562,specialized_enriched,mean,0.10745519399642944,0.07324747741222382,1.4670156240463257,1.4670156240463257,125,30
433,5395,specialized_enriched,active_fraction,0.013065112754702568,0.008931095711886883,1.4628790616989136,1.4628790616989136,77,30
434,8533,specialized_enriched,max,1.1815069913864136,0.8086369037628174,1.4611093997955322,1.4611093997955322,32,30
435,5692,specialized_enriched,max,0.8189218640327454,0.5610405802726746,1.4596481323242188,1.4596481323242188,187,30
436,1675,specialized_enriched,max,0.640783429145813,0.4396112561225891,1.4576138257980347,1.4576138257980347,92,30
437,3203,specialized_enriched,active_fraction,0.02563966065645218,0.017607245594263077,1.4561994075775146,1.4561994075775146,110,30
438,5478,specialized_enriched,mean,0.1546642929315567,0.1062149703502655,1.4561439752578735,1.4561439752578735,51,30
439,14928,specialized_enriched,max,1.6015167236328125,1.100394606590271,1.455402135848999,1.455402135848999,108,30
440,1418,specialized_enriched,active_fraction,0.023020029067993164,0.015825917944312096,1.4545778036117554,1.4545778036117554,126,30
441,4364,specialized_enriched,active_fraction,0.02842920459806919,0.01957928016781807,1.4520045518875122,1.4520045518875122,117,30
442,10522,specialized_enriched,active_fraction,0.010034989565610886,0.0069132000207901,1.4515694379806519,1.4515694379806519,81,30
443,12701,specialized_enriched,max,1.4603468179702759,1.0068358182907104,1.4504319429397583,1.4504319429397583,34,30
444,15368,specialized_enriched,max,1.2183473110198975,0.8400667905807495,1.4502981901168823,1.4502981901168823,34,30
445,4308,specialized_enriched,active_fraction,0.004180934280157089,0.002883411943912506,1.449995517730713,1.449995517730713,32,30
446,13818,specialized_enriched,active_fraction,0.00929959211498499,0.006421706639230251,1.4481496810913086,1.4481496810913086,68,30
447,14007,specialized_enriched,max,0.6158273220062256,0.4252656400203705,1.4481003284454346,1.4481003284454346,42,30
448,2857,specialized_enriched,max,0.7548996210098267,0.5220739841461182,1.445962905883789,1.445962905883789,30,30
449,8665,specialized_enriched,active_fraction,0.0386093445122242,0.02670738659799099,1.4456429481506348,1.4456429481506348,200,30
450,10643,specialized_enriched,max,1.6427520513534546,1.1391878128051758,1.4420379400253296,1.4420379400253296,167,30
451,8621,specialized_enriched,max,0.6916314363479614,0.47968533635139465,1.4418439865112305,1.4418439865112305,61,30
452,3809,specialized_enriched,max,0.5180370807647705,0.3593708872795105,1.4415110349655151,1.4415110349655151,116,30
453,6722,specialized_enriched,active_fraction,0.016200870275497437,0.011254816316068172,1.4394611120224,1.4394611120224,45,30
454,9604,specialized_enriched,mean,0.12697887420654297,0.08829199522733688,1.4381697177886963,1.4381697177886963,52,30
455,2551,specialized_enriched,active_fraction,0.019033461809158325,0.013271154835820198,1.4341979026794434,1.4341979026794434,139,30
456,7344,specialized_enriched,max,0.9984015226364136,0.6966724395751953,1.4331003427505493,1.4331003427505493,173,30
457,12376,specialized_enriched,max,1.266255259513855,0.8840226531028748,1.4323787689208984,1.4323787689208984,80,30
458,14264,specialized_enriched,active_fraction,0.017614111304283142,0.012335517443716526,1.4279183149337769,1.4279183149337769,48,30
459,7329,specialized_enriched,active_fraction,0.01278637908399105,0.00895541999489069,1.427781105041504,1.427781105041504,35,30
460,13,specialized_enriched,max,0.5997387170791626,0.4201023280620575,1.4276014566421509,1.4276014566421509,49,30
461,7200,specialized_enriched,active_fraction,0.014752950519323349,0.010337550193071365,1.4271224737167358,1.4271224737167358,69,30
462,9981,specialized_enriched,max,1.037583589553833,0.727641761302948,1.4259538650512695,1.4259538650512695,41,30
463,4126,specialized_enriched,active_fraction,0.008548326790332794,0.0060031600296497345,1.423971176147461,1.423971176147461,42,30
464,2757,specialized_enriched,active_fraction,0.027894984930753708,0.0195907149463892,1.423888087272644,1.423888087272644,133,30
465,12694,specialized_enriched,active_fraction,0.027443666011095047,0.019294774159789085,1.4223366975784302,1.4223366975784302,101,30
466,13790,specialized_enriched,mean,0.08523468673229218,0.05997144430875778,1.4212545156478882,1.4212545156478882,72,30
467,16263,specialized_enriched,active_fraction,0.028404943645000458,0.02002997137606144,1.4181220531463623,1.4181220531463623,143,30
468,1697,specialized_enriched,max,1.2065614461898804,0.8512482047080994,1.4174026250839233,1.4174026250839233,34,30
469,5232,specialized_enriched,max,0.6063984632492065,0.42846328020095825,1.415286898612976,1.415286898612976,133,30
470,11575,specialized_enriched,max,0.816052258014679,0.5768927931785583,1.414564847946167,1.414564847946167,111,30
471,13514,specialized_enriched,active_fraction,0.011994239874184132,0.00848025269806385,1.4143729209899902,1.4143729209899902,123,30
472,9337,specialized_enriched,active_fraction,0.04435770586133003,0.03137609735131264,1.413741946220398,1.413741946220398,164,30
473,8145,specialized_enriched,max,0.4776100218296051,0.337956964969635,1.4132273197174072,1.4132273197174072,66,30
474,3069,specialized_enriched,max,0.6277133226394653,0.4442354440689087,1.4130194187164307,1.4130194187164307,114,30
475,13211,specialized_enriched,active_fraction,0.009898573160171509,0.0070172562263906,1.410604476928711,1.410604476928711,38,30
476,5671,specialized_enriched,active_fraction,0.007050239946693182,0.004998591262847185,1.4104453325271606,1.4104453325271606,48,30
477,2005,specialized_enriched,max,1.2884089946746826,0.9135007262229919,1.4104082584381104,1.4104082584381104,124,30
478,3090,specialized_enriched,max,1.4699437618255615,1.0436934232711792,1.4084056615829468,1.4084056615829468,91,30
479,1924,specialized_enriched,max,1.0817854404449463,0.7684186100959778,1.407807469367981,1.407807469367981,150,30
480,16019,specialized_enriched,max,1.868410348892212,1.3278000354766846,1.4071474075317383,1.4071474075317383,134,30
481,10845,specialized_enriched,max,0.5455716848373413,0.3877647817134857,1.4069654941558838,1.4069654941558838,172,30
482,12665,specialized_enriched,max,0.516915500164032,0.36762142181396484,1.4061082601547241,1.4061082601547241,150,30
483,15185,specialized_enriched,max,1.3550769090652466,0.9644619226455688,1.4050081968307495,1.4050081968307495,122,30
484,7175,specialized_enriched,active_fraction,0.02583540789783001,0.01839536428451538,1.4044520854949951,1.4044520854949951,234,30
485,5903,specialized_enriched,max,0.883581280708313,0.6293036937713623,1.4040617942810059,1.4040617942810059,122,30
486,9142,specialized_enriched,max,0.5233922004699707,0.37318894267082214,1.4024858474731445,1.4024858474731445,54,30
487,4761,specialized_enriched,mean,0.10335014015436172,0.07392150163650513,1.398106575012207,1.398106575012207,131,30
488,10133,specialized_enriched,max,0.2862933874130249,0.20498713850975037,1.3966407775878906,1.3966407775878906,74,30
489,12272,specialized_enriched,active_fraction,0.020182624459266663,0.01446470245718956,1.3953016996383667,1.3953016996383667,127,30
490,15919,specialized_enriched,max,0.503508448600769,0.36086326837539673,1.3952887058258057,1.3952887058258057,146,30
491,4246,specialized_enriched,max,0.8693549633026123,0.6234958171844482,1.394323706626892,1.394323706626892,97,30
492,7714,specialized_enriched,active_fraction,0.006389772519469261,0.004584768787026405,1.3936957120895386,1.3936957120895386,54,30
493,11751,specialized_enriched,active_fraction,0.01980942115187645,0.01423134095966816,1.391957402229309,1.391957402229309,41,30
494,4670,specialized_enriched,active_fraction,0.03006827086210251,0.021612292155623436,1.391257882118225,1.391257882118225,181,30
495,11667,specialized_enriched,max,0.6112520694732666,0.4393893778324127,1.3911398649215698,1.3911398649215698,59,30
496,2746,specialized_enriched,max,2.419071674346924,1.7416223287582397,1.388975977897644,1.388975977897644,68,30
497,7745,specialized_enriched,active_fraction,0.018554717302322388,0.013364037498831749,1.38840651512146,1.38840651512146,129,30
498,7436,specialized_enriched,max,0.42237168550491333,0.30429479479789734,1.3880345821380615,1.3880345821380615,32,30
499,14013,specialized_enriched,mean,0.14224107563495636,0.10252278298139572,1.3874094486236572,1.3874094486236572,146,30
500,8491,specialized_enriched,max,1.4877525568008423,1.073867917060852,1.3854148387908936,1.3854148387908936,44,30
501,14730,specialized_enriched,mean,0.06829343736171722,0.049374669790267944,1.3831675052642822,1.3831675052642822,111,30
502,4284,specialized_enriched,max,1.2681764364242554,0.9195663928985596,1.3791025876998901,1.3791025876998901,119,30
503,3554,specialized_enriched,max,1.3241784572601318,0.9604595899581909,1.3786925077438354,1.3786925077438354,87,30
504,496,specialized_enriched,max,0.5283715724945068,0.3842158019542694,1.375194787979126,1.375194787979126,63,30
505,8649,specialized_enriched,mean,0.22524259984493256,0.16384123265743256,1.3747613430023193,1.3747613430023193,35,30
506,11812,specialized_enriched,active_fraction,0.01363844983279705,0.009985039010643959,1.3658884763717651,1.3658884763717651,125,30
507,11028,specialized_enriched,max,1.8523612022399902,1.3570067882537842,1.365034580230713,1.365034580230713,122,30
508,13637,specialized_enriched,max,0.41989225149154663,0.30782055854797363,1.3640812635421753,1.3640812635421753,49,30
509,827,specialized_enriched,max,0.7289466857910156,0.5378535389900208,1.3552883863449097,1.3552883863449097,262,30
510,10082,specialized_enriched,active_fraction,0.019715148955583572,0.014552549459040165,1.3547556400299072,1.3547556400299072,138,30
511,12858,specialized_enriched,active_fraction,0.014504631981253624,0.010712821036577225,1.3539507389068604,1.3539507389068604,63,30
512,10091,specialized_enriched,max,0.8743572235107422,0.646374523639679,1.3527098894119263,1.3527098894119263,89,30
513,2131,specialized_enriched,active_fraction,0.011303465813398361,0.00835956260561943,1.3521599769592285,1.3521599769592285,111,30
514,43,specialized_enriched,mean,0.16012907028198242,0.11849568784236908,1.3513493537902832,1.3513493537902832,172,30
515,7958,specialized_enriched,max,0.5361731052398682,0.3971845805644989,1.3499343395233154,1.3499343395233154,49,30
516,5930,specialized_enriched,max,1.3085533380508423,0.9695515632629395,1.3496479988098145,1.3496479988098145,200,30
517,1705,specialized_enriched,max,0.9396448731422424,0.6969707608222961,1.3481841087341309,1.3481841087341309,139,30
518,7820,specialized_enriched,max,0.6545453667640686,0.4864298403263092,1.3456110954284668,1.3456110954284668,52,30
519,11928,specialized_enriched,max,0.6960373520851135,0.5175411105155945,1.3448928594589233,1.3448928594589233,48,30
520,2630,specialized_enriched,active_fraction,0.021620742976665497,0.01609788089990616,1.3430800437927246,1.3430800437927246,73,30
521,7997,specialized_enriched,max,0.4330572187900543,0.32270464301109314,1.3419615030288696,1.3419615030288696,54,30
522,9757,specialized_enriched,max,0.5492249131202698,0.4097645878791809,1.3403425216674805,1.3403425216674805,137,30
523,3636,specialized_enriched,max,0.8092695474624634,0.6040149331092834,1.3398171663284302,1.3398171663284302,192,30
524,14088,specialized_enriched,active_fraction,0.01629699394106865,0.012164208106696606,1.3397496938705444,1.3397496938705444,112,30
525,14338,specialized_enriched,max,0.9549153447151184,0.7127775549888611,1.3397102355957031,1.3397102355957031,70,30
526,13280,specialized_enriched,active_fraction,0.029028935357928276,0.021671948954463005,1.3394705057144165,1.3394705057144165,139,30
527,14322,specialized_enriched,max,0.33562156558036804,0.2512688636779785,1.3357069492340088,1.3357069492340088,81,30
528,13859,specialized_enriched,active_fraction,0.018689338117837906,0.014040122739970684,1.331137776374817,1.331137776374817,166,30
529,7852,specialized_enriched,max,0.8853663206100464,0.6655291318893433,1.3303194046020508,1.3303194046020508,47,30
530,2918,specialized_enriched,active_fraction,0.007309429347515106,0.005510058254003525,1.3265612125396729,1.3265612125396729,39,30
531,10328,specialized_enriched,max,0.7643293142318726,0.5763742327690125,1.3260990381240845,1.3260990381240845,48,30
532,1981,specialized_enriched,active_fraction,0.008644022047519684,0.00652387086302042,1.3249835968017578,1.3249835968017578,32,30
533,4989,specialized_enriched,max,1.258743405342102,0.9504320621490479,1.3243907690048218,1.3243907690048218,117,30
534,1239,specialized_enriched,active_fraction,0.011973953805863857,0.009046918712556362,1.3235394954681396,1.3235394954681396,134,30
535,4143,specialized_enriched,mean,0.09314987063407898,0.07047974318265915,1.3216545581817627,1.3216545581817627,52,30
536,2991,specialized_enriched,max,0.912628173828125,0.6912723779678345,1.3202149868011475,1.3202149868011475,188,30
537,4696,specialized_enriched,active_fraction,0.01757062040269375,0.013321434147655964,1.3189736604690552,1.3189736604690552,44,30
538,9781,specialized_enriched,max,0.4831733703613281,0.36729905009269714,1.3154767751693726,1.3154767751693726,65,30
539,6697,specialized_enriched,active_fraction,0.035534635186195374,0.027038300409913063,1.3142333030700684,1.3142333030700684,173,30
540,9163,specialized_enriched,max,1.2253878116607666,0.9352319836616516,1.310250163078308,1.310250163078308,175,30
541,15250,specialized_enriched,max,0.6581140756607056,0.502626895904541,1.3093490600585938,1.3093490600585938,83,30
542,12243,specialized_enriched,active_fraction,0.017782028764486313,0.013652855530381203,1.3024402856826782,1.3024402856826782,50,30
543,13742,specialized_enriched,max,1.0413075685501099,0.800082266330719,1.301500678062439,1.301500678062439,40,30
544,4210,specialized_enriched,max,0.6311168670654297,0.4851657748222351,1.3008272647857666,1.3008272647857666,164,30
545,15326,specialized_enriched,active_fraction,0.02300613559782505,0.017707733437418938,1.2992140054702759,1.2992140054702759,90,30
546,15534,specialized_enriched,max,0.38207554817199707,0.29433953762054443,1.2980775833129883,1.2980775833129883,87,30
547,11683,specialized_enriched,active_fraction,0.024804221466183662,0.01912805810570717,1.2967454195022583,1.2967454195022583,58,30
548,10321,specialized_enriched,max,0.4343312978744507,0.33505764603614807,1.296288251876831,1.296288251876831,51,30
549,231,specialized_enriched,active_fraction,0.027575191110372543,0.021282151341438293,1.2956956624984741,1.2956956624984741,211,30
550,8663,specialized_enriched,max,1.0064152479171753,0.7769154906272888,1.2953985929489136,1.2953985929489136,200,30
551,8336,specialized_enriched,active_fraction,0.026942463591694832,0.020799262449145317,1.2953566312789917,1.2953566312789917,242,30
552,5469,specialized_enriched,max,1.2702610492706299,0.981611430644989,1.2940568923950195,1.2940568923950195,93,30
553,15598,specialized_enriched,max,0.5256474018096924,0.40633711218833923,1.293623924255371,1.293623924255371,81,30
554,11992,specialized_enriched,max,0.5936005711555481,0.4597385823726654,1.2911697626113892,1.2911697626113892,170,30
555,14840,specialized_enriched,max,0.6120954155921936,0.47420454025268555,1.2907835245132446,1.2907835245132446,233,30
556,15968,specialized_enriched,max,1.2374083995819092,0.9600231051445007,1.2889360189437866,1.2889360189437866,158,30
557,1375,specialized_enriched,active_fraction,0.025612933561205864,0.019872503355145454,1.288862943649292,1.288862943649292,179,30
558,2653,specialized_enriched,max,1.047219157218933,0.8131794333457947,1.2878081798553467,1.2878081798553467,109,30
559,9583,specialized_enriched,mean,0.06515289098024368,0.05060512572526932,1.2874760627746582,1.2874760627746582,68,30
560,2208,specialized_enriched,mean,0.19445741176605225,0.1510910987854004,1.2870209217071533,1.2870209217071533,197,30
561,9307,specialized_enriched,max,0.8616191744804382,0.6719986796379089,1.2821738719940186,1.2821738719940186,73,30
562,11840,specialized_enriched,max,1.29377019405365,1.0091125965118408,1.2820870876312256,1.2820870876312256,82,30
563,12900,specialized_enriched,max,1.146870732307434,0.894997775554657,1.2814229726791382,1.2814229726791382,44,30
564,4688,specialized_enriched,max,0.6709922552108765,0.5240306258201599,1.2804447412490845,1.2804447412490845,160,30
565,12471,specialized_enriched,active_fraction,0.01958896778523922,0.015303544700145721,1.2800281047821045,1.2800281047821045,81,30
566,8131,specialized_enriched,max,1.0301917791366577,0.8051726222038269,1.279466986656189,1.279466986656189,137,30
567,14194,specialized_enriched,max,1.0520905256271362,0.8231794238090515,1.2780816555023193,1.2780816555023193,170,30
568,2407,specialized_enriched,max,1.4953699111938477,1.1714205741882324,1.2765439748764038,1.2765439748764038,144,30
569,7453,specialized_enriched,max,0.9658633470535278,0.7577086091041565,1.2747160196304321,1.2747160196304321,168,30
570,11729,specialized_enriched,active_fraction,0.010569129139184952,0.008326590061187744,1.2693226337432861,1.2693226337432861,132,30
571,6551,specialized_enriched,max,0.8121400475502014,0.6398387551307678,1.2692886590957642,1.2692886590957642,85,30
572,5765,specialized_enriched,active_fraction,0.0060420348308980465,0.004762683063745499,1.2686200141906738,1.2686200141906738,33,30
573,4152,specialized_enriched,max,0.5360464453697205,0.4228188097476959,1.2677923440933228,1.2677923440933228,87,30
574,6389,specialized_enriched,max,0.87583327293396,0.691566526889801,1.2664483785629272,1.2664483785629272,115,30
575,11630,specialized_enriched,max,0.9160600900650024,0.7233741283416748,1.2663711309432983,1.2663711309432983,174,30
576,15444,specialized_enriched,max,0.43461090326309204,0.34326285123825073,1.266116976737976,1.266116976737976,99,30
577,15648,specialized_enriched,max,1.1150121688842773,0.8815495371818542,1.2648321390151978,1.2648321390151978,75,30
578,9212,specialized_enriched,max,1.0097299814224243,0.8035364747047424,1.2566075325012207,1.2566075325012207,60,30
579,11698,specialized_enriched,max,1.1760880947113037,0.9365983605384827,1.2557016611099243,1.2557016611099243,131,30
580,11827,specialized_enriched,max,1.0255458354949951,0.8175221681594849,1.2544562816619873,1.2544562816619873,77,30
581,13609,specialized_enriched,max,0.9877122640609741,0.7873730063438416,1.2544400691986084,1.2544400691986084,72,30
582,4130,specialized_enriched,max,0.6676986217498779,0.5329976081848145,1.2527234554290771,1.2527234554290771,122,30
583,14214,specialized_enriched,max,0.5686352849006653,0.4549507796764374,1.2498830556869507,1.2498830556869507,84,30
584,9232,specialized_enriched,max,0.18897220492362976,0.15124110877513885,1.249476432800293,1.249476432800293,40,30
585,15818,specialized_enriched,max,1.342318058013916,1.0756670236587524,1.2478936910629272,1.2478936910629272,164,30
586,9651,specialized_enriched,max,0.956359326839447,0.7664439678192139,1.2477877140045166,1.2477877140045166,99,30
587,5785,specialized_enriched,max,1.2719005346298218,1.0206605195999146,1.2461543083190918,1.2461543083190918,34,30
588,14691,specialized_enriched,max,0.9756253361701965,0.7839714288711548,1.2444654703140259,1.2444654703140259,100,30
589,9098,specialized_enriched,max,0.9251899719238281,0.7434538006782532,1.2444485425949097,1.2444485425949097,84,30
590,6918,specialized_enriched,active_fraction,0.03794163838028908,0.030496936291456223,1.2441130876541138,1.2441130876541138,164,30
591,4300,specialized_enriched,max,0.3366178870201111,0.2706441283226013,1.2437657117843628,1.2437657117843628,77,30
592,13003,specialized_enriched,active_fraction,0.02480718120932579,0.019980749115347862,1.2415541410446167,1.2415541410446167,127,30
593,15069,specialized_enriched,max,0.65738844871521,0.5317817330360413,1.2361997365951538,1.2361997365951538,109,30
594,3993,specialized_enriched,max,1.12361741065979,0.9089296460151672,1.2361984252929688,1.2361984252929688,264,30
595,5159,specialized_enriched,max,0.9836249351501465,0.7973566055297852,1.233607292175293,1.233607292175293,63,30
596,6222,specialized_enriched,max,0.33102792501449585,0.26836660504341125,1.2334915399551392,1.2334915399551392,32,30
597,14040,specialized_enriched,max,0.40492957830429077,0.3283475339412689,1.2332347631454468,1.2332347631454468,87,30
598,6832,specialized_enriched,max,1.4510657787322998,1.1769719123840332,1.2328805923461914,1.2328805923461914,236,30
599,15922,specialized_enriched,active_fraction,0.010149378329515457,0.008238490670919418,1.231946349143982,1.231946349143982,52,30
600,4033,specialized_enriched,max,0.7734346389770508,0.6278276443481445,1.231921911239624,1.231921911239624,133,30
601,1882,specialized_enriched,active_fraction,0.03756018728017807,0.030511388555169106,1.2310218811035156,1.2310218811035156,173,30
602,1171,specialized_enriched,active_fraction,0.013870645314455032,0.011270391754806042,1.2307155132293701,1.2307155132293701,92,30
603,2878,specialized_enriched,active_fraction,0.02804196998476982,0.022847000509500504,1.2273807525634766,1.2273807525634766,37,30
604,773,specialized_enriched,active_fraction,0.02376783825457096,0.019393688067793846,1.225545048713684,1.225545048713684,66,30
605,13425,specialized_enriched,mean,0.11818048357963562,0.09661480784416199,1.2232129573822021,1.2232129573822021,130,30
606,3078,specialized_enriched,active_fraction,0.011667463928461075,0.009542386047542095,1.2226988077163696,1.2226988077163696,49,30
607,6432,specialized_enriched,max,1.446845293045044,1.183750867843628,1.2222548723220825,1.2222548723220825,111,30
608,9104,specialized_enriched,active_fraction,0.01202685572206974,0.00985665526241064,1.220176100730896,1.220176100730896,47,30
609,16018,specialized_enriched,max,1.1501154899597168,0.9427623748779297,1.2199420928955078,1.2199420928955078,230,30
610,4331,specialized_enriched,active_fraction,0.01156476978212595,0.009480596520006657,1.219835638999939,1.219835638999939,131,30
611,9219,specialized_enriched,max,0.6146891117095947,0.5048074126243591,1.2176705598831177,1.2176705598831177,108,30
612,15244,specialized_enriched,mean,0.031543463468551636,0.02592402696609497,1.2167655229568481,1.2167655229568481,48,30
613,13967,specialized_enriched,active_fraction,0.0066597056575119495,0.005480330903083086,1.2152013778686523,1.2152013778686523,35,30
614,7815,specialized_enriched,max,0.5036859512329102,0.4156961143016815,1.211668610572815,1.211668610572815,54,30
615,1897,specialized_enriched,max,0.21484580636024475,0.17738567292690277,1.2111790180206299,1.2111790180206299,63,30
616,13172,specialized_enriched,max,0.2933822572231293,0.24225609004497528,1.211041808128357,1.211041808128357,75,30
617,6239,specialized_enriched,active_fraction,0.01680068112909794,0.013874992728233337,1.2108604907989502,1.2108604907989502,102,30
618,9722,specialized_enriched,max,0.8418847322463989,0.6957791447639465,1.2099884748458862,1.2099884748458862,55,30
619,4724,specialized_enriched,active_fraction,0.013256989419460297,0.010971659794449806,1.2082939147949219,1.2082939147949219,145,30
620,2695,specialized_enriched,max,0.7196332216262817,0.5958942770957947,1.2076525688171387,1.2076525688171387,145,30
621,6951,specialized_enriched,active_fraction,0.00817126501351595,0.00677939597517252,1.2053086757659912,1.2053086757659912,52,30
622,15747,specialized_enriched,max,0.5086489319801331,0.4220718741416931,1.205124020576477,1.205124020576477,31,30
623,8825,specialized_enriched,active_fraction,0.02474643848836422,0.020549245178699493,1.204250454902649,1.204250454902649,181,30
624,3303,specialized_enriched,active_fraction,0.011026835069060326,0.009174348786473274,1.2019201517105103,1.2019201517105103,44,30
625,14461,specialized_enriched,active_fraction,0.008843684569001198,0.00735980411991477,1.2016195058822632,1.2016195058822632,114,30
626,10119,specialized_enriched,max,0.8936669826507568,0.7438032627105713,1.2014830112457275,1.2014830112457275,212,30
627,10247,specialized_enriched,mean,0.2622705101966858,0.21862563490867615,1.1996328830718994,1.1996328830718994,59,30
628,5402,specialized_enriched,max,0.6977587342262268,0.5817220211029053,1.199471116065979,1.199471116065979,129,30
629,6882,specialized_enriched,max,0.7501499652862549,0.6259756088256836,1.1983692646026611,1.1983692646026611,188,30
630,10245,specialized_enriched,active_fraction,0.010844012722373009,0.009060079231858253,1.196900486946106,1.196900486946106,65,30
631,12162,specialized_enriched,max,0.9228158593177795,0.7724125981330872,1.194718837738037,1.194718837738037,60,30
632,2417,specialized_enriched,active_fraction,0.012129511684179306,0.010155532509088516,1.1943747997283936,1.1943747997283936,113,30
633,929,specialized_enriched,max,1.0565342903137207,0.8850217461585999,1.1937947273254395,1.1937947273254395,118,30
634,14916,specialized_enriched,active_fraction,0.01380256749689579,0.011567657813429832,1.193203330039978,1.193203330039978,108,30
635,6100,specialized_enriched,max,0.3250718116760254,0.272442102432251,1.193177580833435,1.193177580833435,98,30
636,11669,specialized_enriched,max,0.5000730156898499,0.4194163382053375,1.1923069953918457,1.1923069953918457,53,30
637,7496,specialized_enriched,max,1.7085249423980713,1.4343360662460327,1.191160798072815,1.191160798072815,32,30
638,4550,specialized_enriched,max,1.241628646850586,1.0428357124328613,1.1906273365020752,1.1906273365020752,111,30
639,7241,specialized_enriched,max,0.5753501653671265,0.48326292634010315,1.190553069114685,1.190553069114685,140,30
640,7371,specialized_enriched,max,1.0891894102096558,0.9153380393981934,1.1899312734603882,1.1899312734603882,199,30
641,15980,specialized_enriched,max,0.3558913767337799,0.2990938723087311,1.1898986101150513,1.1898986101150513,70,30
642,8140,specialized_enriched,active_fraction,0.011460937559604645,0.0096332598477602,1.1897257566452026,1.1897257566452026,81,30
643,5791,specialized_enriched,active_fraction,0.007926320657134056,0.0066646975465118885,1.1892993450164795,1.1892993450164795,43,30
644,4944,specialized_enriched,max,1.1204620599746704,0.9423882365226746,1.1889601945877075,1.1889601945877075,105,30
645,7486,specialized_enriched,max,0.5521236658096313,0.4649980664253235,1.1873676776885986,1.1873676776885986,97,30
646,470,specialized_enriched,active_fraction,0.013392899185419083,0.011285679414868355,1.1867161989212036,1.1867161989212036,43,30
647,6051,specialized_enriched,active_fraction,0.03167281299829483,0.026718365028500557,1.1854323148727417,1.1854323148727417,182,30
648,12121,specialized_enriched,max,0.3273126482963562,0.276295006275177,1.184649109840393,1.184649109840393,54,30
649,5782,specialized_enriched,max,0.9052270650863647,0.7649331092834473,1.1834068298339844,1.1834068298339844,103,30
650,7705,specialized_enriched,max,0.32582271099090576,0.27613261342048645,1.1799501180648804,1.1799501180648804,72,30
651,3589,specialized_enriched,max,0.457405686378479,0.3878883123397827,1.1792200803756714,1.1792200803756714,81,30
652,6245,specialized_enriched,active_fraction,0.010147123597562313,0.008606315590441227,1.1790322065353394,1.1790322065353394,118,30
653,11216,specialized_enriched,active_fraction,0.023721564561128616,0.020128287374973297,1.1785187721252441,1.1785187721252441,160,30
654,14395,specialized_enriched,max,0.3569823205471039,0.30364638566970825,1.1756514310836792,1.1756514310836792,78,30
655,9670,specialized_enriched,active_fraction,0.010026637464761734,0.008541369810700417,1.1738910675048828,1.1738910675048828,97,30
656,4586,specialized_enriched,mean,0.17455828189849854,0.14871074259281158,1.1738108396530151,1.1738108396530151,150,30
657,14375,specialized_enriched,max,0.2446441650390625,0.20856139063835144,1.1730079650878906,1.1730079650878906,35,30
658,3315,specialized_enriched,max,0.638917863368988,0.5449551939964294,1.1724227666854858,1.1724227666854858,137,30
659,13358,specialized_enriched,active_fraction,0.022959988564252853,0.019617164507508278,1.170403003692627,1.170403003692627,72,30
660,2224,specialized_enriched,max,0.8437062501907349,0.7214356064796448,1.1694823503494263,1.1694823503494263,75,30
661,12042,specialized_enriched,active_fraction,0.012304134666919708,0.010521850548684597,1.1693888902664185,1.1693888902664185,144,30
662,12787,specialized_enriched,active_fraction,0.009542779996991158,0.008171607740223408,1.1677970886230469,1.1677970886230469,71,30
663,7133,specialized_enriched,max,0.6959240436553955,0.5963209867477417,1.1670292615890503,1.1670292615890503,77,30
664,4309,specialized_enriched,max,0.9839580059051514,0.8432033658027649,1.1669284105300903,1.1669284105300903,101,30
665,9570,specialized_enriched,active_fraction,0.014729922637343407,0.012625525705516338,1.1666779518127441,1.1666779518127441,87,30
666,11141,specialized_enriched,max,0.6532430648803711,0.5601013898849487,1.1662943363189697,1.1662943363189697,142,30
667,4479,specialized_enriched,active_fraction,0.025322753936052322,0.0217230673879385,1.165708065032959,1.165708065032959,266,30
668,16134,specialized_enriched,active_fraction,0.00991047639399767,0.008506608195602894,1.1650326251983643,1.1650326251983643,64,30
669,8582,specialized_enriched,max,0.7694586515426636,0.6606373190879822,1.1647217273712158,1.1647217273712158,155,30
670,15714,specialized_enriched,active_fraction,0.007703243754804134,0.0066228038631379604,1.1631393432617188,1.1631393432617188,68,30
671,13286,specialized_enriched,max,0.9830343127250671,0.8454024791717529,1.1628003120422363,1.1628003120422363,159,30
672,14357,specialized_enriched,max,1.3494633436203003,1.1606881618499756,1.1626406908035278,1.1626406908035278,102,30
673,5376,specialized_enriched,max,1.4566659927368164,1.253671407699585,1.1619200706481934,1.1619200706481934,47,30
674,13371,specialized_enriched,mean,0.0594027116894722,0.05114079266786575,1.1615524291992188,1.1615524291992188,142,30
675,9372,specialized_enriched,active_fraction,0.013851422816514969,0.011931713670492172,1.1608912944793701,1.1608912944793701,77,30
676,12792,specialized_enriched,max,0.5726004838943481,0.49362725019454956,1.1599855422973633,1.1599855422973633,80,30
677,4745,specialized_enriched,max,0.5905965566635132,0.5091831684112549,1.1598901748657227,1.1598901748657227,84,30
678,15063,specialized_enriched,active_fraction,0.025908924639225006,0.02234736829996109,1.1593725681304932,1.1593725681304932,121,30
679,15243,specialized_enriched,max,0.7622026205062866,0.6579152345657349,1.1585118770599365,1.1585118770599365,178,30
680,12673,specialized_enriched,active_fraction,0.012881909497082233,0.011120104230940342,1.158434271812439,1.158434271812439,145,30
681,9875,specialized_enriched,max,0.9503896236419678,0.8212410807609558,1.1572601795196533,1.1572601795196533,106,30
682,15390,specialized_enriched,max,0.6286013126373291,0.5431951880455017,1.1572291851043701,1.1572291851043701,105,30
683,16088,specialized_enriched,active_fraction,0.026009736582636833,0.02250351756811142,1.155807614326477,1.155807614326477,184,30
684,4739,specialized_enriched,max,0.4580056965351105,0.3962801396846771,1.1557624340057373,1.1557624340057373,52,30
685,2020,specialized_enriched,mean,0.07819950580596924,0.06767863780260086,1.1554533243179321,1.1554533243179321,165,30
686,2002,specialized_enriched,max,1.0774567127227783,0.9328436255455017,1.1550239324569702,1.1550239324569702,58,30
687,7053,specialized_enriched,active_fraction,0.014303981326520443,0.012391658499836922,1.1543233394622803,1.1543233394622803,125,30
688,5941,specialized_enriched,max,0.42312636971473694,0.36684170365333557,1.1534303426742554,1.1534303426742554,70,30
689,12683,specialized_enriched,max,1.3069939613342285,1.1333955526351929,1.153166651725769,1.153166651725769,77,30
690,442,specialized_enriched,max,1.412717342376709,1.2266628742218018,1.1516753435134888,1.1516753435134888,138,30
691,8834,specialized_enriched,max,0.3893229067325592,0.33820492029190063,1.1511449813842773,1.1511449813842773,48,30
692,9367,specialized_enriched,max,0.5708240866661072,0.49636000394821167,1.1500203609466553,1.1500203609466553,38,30
693,11839,specialized_enriched,mean,0.10093293339014053,0.08778586238622665,1.1497629880905151,1.1497629880905151,186,30
694,14817,specialized_enriched,max,1.8318500518798828,1.5948176383972168,1.148626685142517,1.148626685142517,136,30
695,13314,specialized_enriched,max,0.9128801226615906,0.7950900197029114,1.1481468677520752,1.1481468677520752,149,30
696,15026,specialized_enriched,max,0.5665045380592346,0.4937070310115814,1.1474508047103882,1.1474508047103882,147,30
697,6184,specialized_enriched,max,0.5157788991928101,0.44987112283706665,1.1465036869049072,1.1465036869049072,108,30
698,6117,specialized_enriched,max,0.569083034992218,0.4975373446941376,1.1437996625900269,1.1437996625900269,44,30
699,11457,specialized_enriched,max,2.2874057292938232,2.0044877529144287,1.1411422491073608,1.1411422491073608,45,30
700,1582,specialized_enriched,active_fraction,0.012074824422597885,0.010587385855615139,1.1404916048049927,1.1404916048049927,46,30
701,7941,specialized_enriched,active_fraction,0.013786878436803818,0.012098738923668861,1.1395301818847656,1.1395301818847656,97,30
702,3951,specialized_enriched,active_fraction,0.014184403233230114,0.012462371960282326,1.1381784677505493,1.1381784677505493,175,30
703,552,specialized_enriched,max,0.7055902481079102,0.621308445930481,1.1356520652770996,1.1356520652770996,129,30
704,5923,specialized_enriched,max,0.3962954878807068,0.3491362929344177,1.1350739002227783,1.1350739002227783,148,30
705,13306,specialized_enriched,max,0.8842723965644836,0.7803143262863159,1.133225917816162,1.133225917816162,49,30
706,13299,specialized_enriched,max,0.8236433267593384,0.7274636626243591,1.1322122812271118,1.1322122812271118,95,30
707,7781,specialized_enriched,max,4.585843563079834,4.061133861541748,1.1292027235031128,1.1292027235031128,120,30
708,4938,specialized_enriched,max,1.3217049837112427,1.1719918251037598,1.1277425289154053,1.1277425289154053,122,30
709,11322,specialized_enriched,max,0.8906256556510925,0.7906700372695923,1.1264188289642334,1.1264188289642334,157,30
710,5787,specialized_enriched,active_fraction,0.012201997451484203,0.010843384079635143,1.1252942085266113,1.1252942085266113,38,30
711,11379,specialized_enriched,max,0.43761199712753296,0.3895730674266815,1.1233117580413818,1.1233117580413818,101,30
712,6758,specialized_enriched,max,0.6029846668243408,0.536994993686676,1.1228868961334229,1.1228868961334229,155,30
713,8475,specialized_enriched,max,0.7946188449859619,0.709186315536499,1.1204655170440674,1.1204655170440674,164,30
714,14008,specialized_enriched,active_fraction,0.023535683751106262,0.021010801196098328,1.1201707124710083,1.1201707124710083,108,30
715,12071,specialized_enriched,max,0.7988234758377075,0.7135934233665466,1.11943781375885,1.11943781375885,125,30
716,7620,specialized_enriched,active_fraction,0.020940570160746574,0.018709611147642136,1.1192413568496704,1.1192413568496704,108,30
717,7790,specialized_enriched,max,0.4093204140663147,0.36608704924583435,1.118095874786377,1.118095874786377,107,30
718,13408,specialized_enriched,max,0.48255056142807007,0.4316910207271576,1.1178146600723267,1.1178146600723267,214,30
719,16173,specialized_enriched,max,0.5946527123451233,0.5321570038795471,1.1174384355545044,1.1174384355545044,36,30
720,6880,specialized_enriched,max,0.5342892408370972,0.47852009534835815,1.1165450811386108,1.1165450811386108,117,30
721,10473,specialized_enriched,active_fraction,0.012417405843734741,0.011125823482871056,1.1160887479782104,1.1160887479782104,111,30
722,568,specialized_enriched,max,0.4351208209991455,0.3898909389972687,1.1160064935684204,1.1160064935684204,59,30
723,8999,specialized_enriched,active_fraction,0.0060607679188251495,0.005437740124762058,1.1145747900009155,1.1145747900009155,44,30
724,15346,specialized_enriched,max,0.6811519861221313,0.6121820211410522,1.1126625537872314,1.1126625537872314,51,30
725,11790,specialized_enriched,max,0.5954188108444214,0.5357014536857605,1.1114751100540161,1.1114751100540161,63,30
726,7299,specialized_enriched,active_fraction,0.025884537026286125,0.02329671010375023,1.1110812425613403,1.1110812425613403,244,30
727,11469,specialized_enriched,max,0.5670878887176514,0.5107600688934326,1.110282301902771,1.110282301902771,116,30
728,8035,specialized_enriched,active_fraction,0.019403137266635895,0.01752334088087082,1.107273817062378,1.107273817062378,163,30
729,14837,specialized_enriched,max,1.4404349327087402,1.3010060787200928,1.1071699857711792,1.1071699857711792,102,30
730,14736,specialized_enriched,active_fraction,0.01347018126398325,0.012173532508313656,1.1065137386322021,1.1065137386322021,48,30
731,4263,specialized_enriched,active_fraction,0.03038698062300682,0.027502408251166344,1.104884386062622,1.104884386062622,93,30
732,1625,specialized_enriched,active_fraction,0.016831323504447937,0.015245995484292507,1.1039832830429077,1.1039832830429077,84,30
733,5121,specialized_enriched,max,0.35294944047927856,0.31984832882881165,1.1034899950027466,1.1034899950027466,118,30
734,4433,specialized_enriched,max,1.439628005027771,1.3046975135803223,1.1034189462661743,1.1034189462661743,153,30
735,4962,specialized_enriched,max,0.6069729924201965,0.550348699092865,1.1028879880905151,1.1028879880905151,149,30
736,329,specialized_enriched,max,0.9031327366828918,0.8192136883735657,1.1024385690689087,1.1024385690689087,84,30
737,1854,specialized_enriched,active_fraction,0.013297629542648792,0.012065683491528034,1.102103352546692,1.102103352546692,108,30
738,3812,specialized_enriched,max,0.6428319811820984,0.5833596587181091,1.1019479036331177,1.1019479036331177,151,30
739,5627,specialized_enriched,active_fraction,0.011064271442592144,0.010041589848697186,1.1018445491790771,1.1018445491790771,104,30
740,9898,specialized_enriched,active_fraction,0.0139030572026968,0.012629041448235512,1.1008797883987427,1.1008797883987427,119,30
741,5800,specialized_enriched,active_fraction,0.0067504094913601875,0.006135267671197653,1.100263237953186,1.100263237953186,39,30
742,457,specialized_enriched,active_fraction,0.008132200688123703,0.007396532688289881,1.0994611978530884,1.0994611978530884,74,30
743,7321,specialized_enriched,max,0.5821035504341125,0.5295490622520447,1.0992438793182373,1.0992438793182373,36,30
744,9060,specialized_enriched,active_fraction,0.009191391058266163,0.008372243493795395,1.0978409051895142,1.0978409051895142,32,30
745,12157,specialized_enriched,max,1.0629448890686035,0.9685905575752258,1.0974140167236328,1.0974140167236328,60,30
746,2026,specialized_enriched,max,0.3871880769729614,0.35305365920066833,1.096683382987976,1.096683382987976,65,30
747,840,specialized_enriched,max,0.4286423623561859,0.3910086452960968,1.0962477922439575,1.0962477922439575,121,30
748,743,specialized_enriched,active_fraction,0.013342468068003654,0.012176421470940113,1.0957626104354858,1.0957626104354858,79,30
749,4184,specialized_enriched,max,0.9702183604240417,0.885490357875824,1.0956848859786987,1.0956848859786987,138,30
750,2149,specialized_enriched,max,0.2667887806892395,0.2435491681098938,1.0954205989837646,1.0954205989837646,46,30
751,14448,specialized_enriched,active_fraction,0.00961976032704115,0.008791220374405384,1.0942462682724,1.0942462682724,33,30
752,4535,specialized_enriched,max,0.4174284338951111,0.38178256154060364,1.0933669805526733,1.0933669805526733,117,30
753,16190,specialized_enriched,max,0.6253758668899536,0.572348415851593,1.0926488637924194,1.0926488637924194,36,30
754,15021,specialized_enriched,max,1.1553027629852295,1.0576411485671997,1.092339038848877,1.092339038848877,243,30
755,14740,specialized_enriched,max,1.2551984786987305,1.1492648124694824,1.0921751260757446,1.0921751260757446,60,30
756,11084,specialized_enriched,max,0.9279533624649048,0.8500635623931885,1.0916281938552856,1.0916281938552856,232,30
757,10693,specialized_enriched,active_fraction,0.022094426676630974,0.020253490656614304,1.0908946990966797,1.0908946990966797,129,30
758,16270,specialized_enriched,max,0.4997778832912445,0.4586135745048523,1.0897581577301025,1.0897581577301025,119,30
759,3057,specialized_enriched,max,0.45682865381240845,0.41927531361579895,1.0895673036575317,1.0895673036575317,205,30
760,15146,specialized_enriched,active_fraction,0.014817371033132076,0.01360285747796297,1.0892837047576904,1.0892837047576904,32,30
761,11078,specialized_enriched,max,1.147262454032898,1.0540544986724854,1.088428020477295,1.088428020477295,76,30
762,14433,specialized_enriched,active_fraction,0.036912936717271805,0.033938050270080566,1.0876563787460327,1.0876563787460327,39,30
763,5188,specialized_enriched,max,0.4458922743797302,0.4100812077522278,1.0873267650604248,1.0873267650604248,106,30
764,6236,specialized_enriched,max,0.41191890835762024,0.37920230627059937,1.0862774848937988,1.0862774848937988,44,30
765,4350,specialized_enriched,max,0.35501980781555176,0.32700300216674805,1.0856775045394897,1.0856775045394897,106,30
766,11394,specialized_enriched,max,0.3868809938430786,0.35699954628944397,1.0837016105651855,1.0837016105651855,43,30
767,11580,specialized_enriched,max,1.1411468982696533,1.0543229579925537,1.0823503732681274,1.0823503732681274,235,30
768,16156,specialized_enriched,mean,0.040042445063591,0.03699860721826553,1.0822689533233643,1.0822689533233643,68,30
769,15866,specialized_enriched,max,0.5212347507476807,0.48226672410964966,1.0808018445968628,1.0808018445968628,95,30
770,161,specialized_enriched,max,0.2602706849575043,0.24098406732082367,1.0800327062606812,1.0800327062606812,89,30
771,2393,specialized_enriched,active_fraction,0.01582355424761772,0.014659005217254162,1.0794426202774048,1.0794426202774048,120,30
772,7692,specialized_enriched,max,0.9336776733398438,0.8651489615440369,1.0792102813720703,1.0792102813720703,71,30
773,13081,specialized_enriched,max,0.21854929625988007,0.2025279998779297,1.0791065692901611,1.0791065692901611,36,30
774,6890,specialized_enriched,max,0.9875905513763428,0.9155892729759216,1.078639268875122,1.078639268875122,144,30
775,10478,specialized_enriched,max,0.38097691535949707,0.35330983996391296,1.0783082246780396,1.0783082246780396,39,30
776,11868,specialized_enriched,mean,0.1692156195640564,0.1569472700357437,1.0781686305999756,1.0781686305999756,213,30
777,2017,specialized_enriched,mean,0.11268623173236847,0.10455453395843506,1.0777746438980103,1.0777746438980103,69,30
778,4861,specialized_enriched,active_fraction,0.01127621904015541,0.010470512323081493,1.0769500732421875,1.0769500732421875,37,30
779,9966,specialized_enriched,max,0.8551458120346069,0.7942122220993042,1.0767220258712769,1.0767220258712769,213,30
780,13556,specialized_enriched,max,0.9218477010726929,0.8565015196800232,1.0762943029403687,1.0762943029403687,81,30
781,14752,specialized_enriched,max,0.635312557220459,0.5905351042747498,1.0758252143859863,1.0758252143859863,130,30
782,15955,specialized_enriched,active_fraction,0.016707325354218483,0.01554813887923956,1.074554681777954,1.074554681777954,71,30
783,1113,specialized_enriched,max,0.49059703946113586,0.4574353098869324,1.0724948644638062,1.0724948644638062,58,30
784,13002,specialized_enriched,max,0.7384862303733826,0.6914715766906738,1.0679922103881836,1.0679922103881836,45,30
785,746,specialized_enriched,max,0.24297897517681122,0.22791334986686707,1.066102385520935,1.066102385520935,41,30
786,324,specialized_enriched,max,0.5657864212989807,0.5311266183853149,1.06525719165802,1.06525719165802,125,30
787,2257,specialized_enriched,max,0.7192707657814026,0.6753725409507751,1.0649985074996948,1.0649985074996948,140,30
788,9037,specialized_enriched,max,0.37348848581314087,0.35081708431243896,1.064624547958374,1.064624547958374,150,30
789,8109,specialized_enriched,max,1.6705340147018433,1.5704295635223389,1.0637433528900146,1.0637433528900146,190,30
790,2953,specialized_enriched,max,0.8087815046310425,0.7611319422721863,1.0626035928726196,1.0626035928726196,192,30
791,11435,specialized_enriched,max,0.6473288536071777,0.6097650527954102,1.0616037845611572,1.0616037845611572,173,30
792,13137,specialized_enriched,max,1.2830462455749512,1.2097043991088867,1.0606279373168945,1.0606279373168945,152,30
793,6122,specialized_enriched,max,0.26066499948501587,0.24590015411376953,1.0600440502166748,1.0600440502166748,74,30
794,2855,specialized_enriched,active_fraction,0.021480996161699295,0.020314345136284828,1.0574299097061157,1.0574299097061157,108,30
795,8074,specialized_enriched,active_fraction,0.009537708014249802,0.009030231274664402,1.0561975240707397,1.0561975240707397,95,30
796,1712,specialized_enriched,max,0.6247142553329468,0.5923361778259277,1.0546616315841675,1.0546616315841675,220,30
797,5942,specialized_enriched,max,0.317862331867218,0.30163639783859253,1.0537930727005005,1.0537930727005005,136,30
798,2015,specialized_enriched,max,0.43085533380508423,0.4102550148963928,1.0502134561538696,1.0502134561538696,42,30
799,2567,specialized_enriched,max,0.8514467477798462,0.8109187483787537,1.0499778985977173,1.0499778985977173,177,30
800,882,specialized_enriched,max,0.33437013626098633,0.3185206651687622,1.0497596263885498,1.0497596263885498,46,30
801,9178,specialized_enriched,active_fraction,0.011854530312120914,0.011297178454697132,1.0493354797363281,1.0493354797363281,77,30
802,8992,specialized_enriched,active_fraction,0.0039854212664067745,0.0038055209442973137,1.0472735166549683,1.0472735166549683,33,30
803,9658,specialized_enriched,max,1.42549467086792,1.361718773841858,1.0468348264694214,1.0468348264694214,170,30
804,13259,specialized_enriched,active_fraction,0.00806476827710867,0.007704949006438255,1.0466997623443604,1.0466997623443604,70,30
805,1810,specialized_enriched,active_fraction,0.008737221360206604,0.008357137441635132,1.0454801321029663,1.0454801321029663,47,30
806,7072,specialized_enriched,max,0.1865452527999878,0.1784985363483429,1.0450800657272339,1.0450800657272339,37,30
807,4239,specialized_enriched,max,1.2589811086654663,1.2059650421142578,1.043961524963379,1.043961524963379,161,30
808,13545,specialized_enriched,active_fraction,0.009013041853904724,0.008633794263005257,1.0439260005950928,1.0439260005950928,48,30
809,8112,specialized_enriched,active_fraction,0.005868236534297466,0.005626102443784475,1.0430376529693604,1.0430376529693604,30,30
810,9863,specialized_enriched,max,0.21169929206371307,0.20300687849521637,1.042818307876587,1.042818307876587,32,30
811,489,specialized_enriched,max,1.0041489601135254,0.9636072516441345,1.0420728921890259,1.0420728921890259,180,30
812,6022,specialized_enriched,max,0.34008437395095825,0.3265809714794159,1.0413477420806885,1.0413477420806885,48,30
813,9291,specialized_enriched,max,0.7887235879898071,0.7581241130828857,1.0403621196746826,1.0403621196746826,94,30
814,13223,specialized_enriched,mean,0.019553907215595245,0.01880466565489769,1.0398434400558472,1.0398434400558472,33,30
815,13231,specialized_enriched,max,0.949766218662262,0.9133920669555664,1.0398231744766235,1.0398231744766235,72,30
816,12794,specialized_enriched,max,1.0029170513153076,0.9647141695022583,1.0396002531051636,1.0396002531051636,136,30
817,7428,specialized_enriched,max,0.5831453800201416,0.5618330240249634,1.037933588027954,1.037933588027954,56,30
818,15340,specialized_enriched,max,0.24872183799743652,0.2403079867362976,1.0350128412246704,1.0350128412246704,104,30
819,11671,specialized_enriched,max,1.3504395484924316,1.3069661855697632,1.033262848854065,1.033262848854065,72,30
820,5267,specialized_enriched,max,0.8852143287658691,0.8570535182952881,1.0328576564788818,1.0328576564788818,148,30
821,10430,specialized_enriched,max,1.0222679376602173,0.9902529716491699,1.03233003616333,1.03233003616333,58,30
822,3049,specialized_enriched,max,0.8015146851539612,0.7776292562484741,1.0307157039642334,1.0307157039642334,84,30
823,6077,specialized_enriched,max,0.9629249572753906,0.9344556927680969,1.0304661989212036,1.0304661989212036,136,30
824,3097,specialized_enriched,max,1.200993299484253,1.1655305624008179,1.030426263809204,1.030426263809204,184,30
825,12083,specialized_enriched,active_fraction,0.0058302744291722775,0.005663681775331497,1.029414176940918,1.029414176940918,36,30
826,4811,specialized_enriched,max,1.094457983970642,1.0633047819137573,1.0292984247207642,1.0292984247207642,156,30
827,14543,specialized_enriched,active_fraction,0.026758896186947823,0.02600705437362194,1.0289092063903809,1.0289092063903809,78,30
828,11142,specialized_enriched,max,1.3092198371887207,1.2737945318222046,1.02781081199646,1.02781081199646,156,30
829,7085,specialized_enriched,max,0.4785921573638916,0.46580642461776733,1.0274486541748047,1.0274486541748047,127,30
830,3777,specialized_enriched,max,1.618774652481079,1.583860158920288,1.0220439434051514,1.0220439434051514,54,30
831,10509,specialized_enriched,active_fraction,0.007874264381825924,0.00771366199478507,1.0208204984664917,1.0208204984664917,85,30
832,404,specialized_enriched,max,1.6262195110321045,1.5941988229751587,1.0200858116149902,1.0200858116149902,53,30
833,4603,specialized_enriched,max,0.8979954719543457,0.8808864951133728,1.0194224119186401,1.0194224119186401,129,30
834,15361,specialized_enriched,max,1.1389901638031006,1.1181623935699463,1.0186268091201782,1.0186268091201782,103,30
835,5780,specialized_enriched,max,0.825518786907196,0.810884952545166,1.0180467367172241,1.0180467367172241,30,30
836,2572,specialized_enriched,max,0.42659229040145874,0.41968050599098206,1.016469120979309,1.016469120979309,187,30
837,1290,specialized_enriched,max,0.6680799722671509,0.6580777168273926,1.0151991844177246,1.0151991844177246,32,30
838,11326,specialized_enriched,max,0.44962576031684875,0.4437189996242523,1.0133119821548462,1.0133119821548462,89,30
839,4595,specialized_enriched,max,1.294205904006958,1.2781767845153809,1.012540578842163,1.012540578842163,111,30
840,11617,specialized_enriched,active_fraction,0.011264401488006115,0.011127513833343983,1.0123016834259033,1.0123016834259033,126,30
841,7181,specialized_enriched,active_fraction,0.009545423090457916,0.009434223175048828,1.0117868185043335,1.0117868185043335,48,30
842,11420,specialized_enriched,active_fraction,0.010881789959967136,0.01076980959624052,1.0103976726531982,1.0103976726531982,38,30
843,367,specialized_enriched,mean,0.08754299581050873,0.08669653534889221,1.009763479232788,1.009763479232788,219,30
844,4375,specialized_enriched,active_fraction,0.01092513557523489,0.01083300169557333,1.008504867553711,1.008504867553711,92,30
845,5459,specialized_enriched,max,0.6915492415428162,0.6861190795898438,1.0079143047332764,1.0079143047332764,79,30
846,3083,specialized_enriched,max,1.2364296913146973,1.2270503044128418,1.0076438188552856,1.0076438188552856,41,30
847,11686,specialized_enriched,max,0.5065429210662842,0.5038278102874756,1.0053889751434326,1.0053889751434326,150,30
848,6693,specialized_enriched,max,1.1713930368423462,1.165738582611084,1.0048505067825317,1.0048505067825317,88,30
849,2701,specialized_enriched,max,0.4017050266265869,0.40001580119132996,1.0042228698730469,1.0042228698730469,72,30
850,14307,specialized_enriched,max,0.364005982875824,0.3624807298183441,1.0042078495025635,1.0042078495025635,39,30
851,4895,specialized_enriched,max,0.3711625337600708,0.36999475955963135,1.0031561851501465,1.0031561851501465,100,30
852,12016,specialized_enriched,mean,0.04836910218000412,0.048246029764413834,1.0025509595870972,1.0025509595870972,51,30
853,209,specialized_enriched,max,0.6317608952522278,0.6309108734130859,1.001347303390503,1.001347303390503,193,30
854,10141,specialized_enriched,max,0.12621818482875824,0.126056507229805,1.0012825727462769,1.0012825727462769,34,30
855,4248,specialized_enriched,max,1.3164149522781372,1.3151264190673828,1.0009797811508179,1.0009797811508179,83,30
856,562,specialized_enriched,active_fraction,0.0035092225298285484,0.0035065426491200924,1.00076425075531,1.00076425075531,30,30
857,12038,specialized_enriched,active_fraction,0.02506985329091549,0.025052525103092194,1.0006916522979736,1.0006916522979736,157,30
858,15402,specialized_enriched,max,0.8288455605506897,0.8284857869148254,1.0004342794418335,1.0004342794418335,99,30
859,16207,specialized_enriched,max,0.7016022205352783,0.7018173933029175,0.9996933937072754,0.9996933937072754,162,30
860,16210,specialized_enriched,max,0.4096508026123047,0.40993455052375793,0.9993078112602234,0.9993078112602234,44,30
861,3136,specialized_enriched,max,1.8959548473358154,1.8977245092391968,0.999067485332489,0.999067485332489,79,30
862,9065,specialized_enriched,max,0.4214269816875458,0.42235928773880005,0.9977926015853882,0.9977926015853882,78,30
863,10370,specialized_enriched,active_fraction,0.012443967163562775,0.012472937814891338,0.9976773262023926,0.9976773262023926,42,30
864,3079,specialized_enriched,max,0.6758673787117004,0.6778077483177185,0.9971373081207275,0.9971373081207275,118,30
865,13303,specialized_enriched,mean,0.048566121608018875,0.04886727035045624,0.9938374161720276,0.9938374161720276,57,30
866,9910,specialized_enriched,max,0.41453948616981506,0.41731879115104675,0.9933400750160217,0.9933400750160217,220,30
867,7210,specialized_enriched,mean,0.03208998963236809,0.03234035521745682,0.9922584295272827,0.9922584295272827,57,30
868,1638,specialized_enriched,max,0.885392427444458,0.8947107791900635,0.9895850419998169,0.9895850419998169,31,30
869,3945,specialized_enriched,max,0.7996597290039062,0.8082418441772461,0.989381730556488,0.989381730556488,188,30
870,9419,specialized_enriched,max,1.0790804624557495,1.096220850944519,0.9843640923500061,0.9843640923500061,140,30
871,6207,specialized_enriched,active_fraction,0.008242333307862282,0.008373607881367207,0.9843228459358215,0.9843228459358215,55,30
872,6294,specialized_enriched,max,0.9339494705200195,0.9492937922477722,0.9838360548019409,0.9838360548019409,77,30
873,14125,specialized_enriched,max,0.6933720707893372,0.7048697471618652,0.983688235282898,0.983688235282898,47,30
874,3914,specialized_enriched,max,0.772196888923645,0.7851546406745911,0.9834965467453003,0.9834965467453003,174,30
875,2824,specialized_enriched,max,0.6047280430793762,0.615000307559967,0.9832971096038818,0.9832971096038818,133,30
876,6150,specialized_enriched,mean,0.14342859387397766,0.1458679586648941,0.983276903629303,0.983276903629303,39,30
877,14243,specialized_enriched,mean,0.08683928847312927,0.08839476853609085,0.982403039932251,0.982403039932251,36,30
878,11229,specialized_enriched,max,0.7382351756095886,0.7536283135414124,0.9795746207237244,0.9795746207237244,235,30
879,828,specialized_enriched,max,0.7115103006362915,0.726646363735199,0.9791699647903442,0.9791699647903442,162,30
880,4029,specialized_enriched,max,0.5947645306587219,0.6077343225479126,0.9786587953567505,0.9786587953567505,152,30
881,12934,specialized_enriched,max,0.6634203195571899,0.6794717311859131,0.9763766527175903,0.9763766527175903,49,30
882,3878,specialized_enriched,active_fraction,0.011508825235068798,0.011788606643676758,0.9762668013572693,0.9762668013572693,91,30
883,1083,specialized_enriched,active_fraction,0.025220023468136787,0.025916265323758125,0.9731349349021912,0.9731349349021912,245,30
884,4452,specialized_enriched,max,1.9016722440719604,1.9563350677490234,0.9720585346221924,0.9720585346221924,84,30
885,737,specialized_enriched,active_fraction,0.004432550631463528,0.004560256376862526,0.9719959497451782,0.9719959497451782,73,30
886,14897,specialized_enriched,max,0.5910333395004272,0.6084219217300415,0.971420168876648,0.971420168876648,36,30
887,13762,specialized_enriched,max,0.21507027745246887,0.22167019546031952,0.9702264070510864,0.9702264070510864,46,30
888,3471,specialized_enriched,max,0.3997291326522827,0.41211602091789246,0.9699432253837585,0.9699432253837585,83,30
889,12274,specialized_enriched,max,0.5998352766036987,0.6197389364242554,0.967883825302124,0.967883825302124,119,30
890,8587,specialized_enriched,max,0.4027487337589264,0.41638579964637756,0.9672489762306213,0.9672489762306213,205,30
891,9560,specialized_enriched,max,0.580367386341095,0.6005116701126099,0.966454803943634,0.966454803943634,124,30
892,14129,specialized_enriched,active_fraction,0.01753148064017296,0.01814364455640316,0.9662601351737976,0.9662601351737976,170,30
893,2950,specialized_enriched,max,0.45360618829727173,0.4699854254722595,0.965149462223053,0.965149462223053,49,30
894,10648,specialized_enriched,active_fraction,0.01856258139014244,0.019258569926023483,0.9638608694076538,0.9638608694076538,222,30
895,10256,specialized_enriched,max,0.8288271427154541,0.8601884841918945,0.9635413289070129,0.9635413289070129,117,30
896,13013,specialized_enriched,max,0.3599565029144287,0.3738705515861511,0.9627837538719177,0.9627837538719177,53,30
897,14337,specialized_enriched,max,0.5564868450164795,0.5780299305915833,0.9627301692962646,0.9627301692962646,52,30
898,14072,specialized_enriched,active_fraction,0.00783659890294075,0.008141782134771347,0.9625164270401001,0.9625164270401001,100,30
899,15723,specialized_enriched,max,1.7272520065307617,1.7960119247436523,0.9617152214050293,0.9617152214050293,88,30
900,7712,specialized_enriched,max,1.0981522798538208,1.142212986946106,0.9614251255989075,0.9614251255989075,121,30
901,13229,specialized_enriched,mean,0.022939814254641533,0.023922771215438843,0.9589112401008606,0.9589112401008606,45,30
902,5047,specialized_enriched,active_fraction,0.0370381623506546,0.03865648806095123,0.958135724067688,0.958135724067688,220,30
903,12551,specialized_enriched,max,0.6825578212738037,0.7124690413475037,0.9580175280570984,0.9580175280570984,32,30
904,7474,specialized_enriched,max,0.7989881634712219,0.8358798623085022,0.9558648467063904,0.9558648467063904,103,30
905,8599,specialized_enriched,max,0.36101266741752625,0.37782612442970276,0.9554994702339172,0.9554994702339172,30,30
906,11325,specialized_enriched,active_fraction,0.00784970261156559,0.008216065354645252,0.9554089903831482,0.9554089903831482,78,30
907,10736,specialized_enriched,mean,0.02855745330452919,0.029922684654593468,0.9543747305870056,0.9543747305870056,98,30
908,4972,specialized_enriched,max,0.7181844115257263,0.7527480721473694,0.9540833830833435,0.9540833830833435,89,30
909,5583,specialized_enriched,max,0.7569499015808105,0.7942172288894653,0.9530766606330872,0.9530766606330872,150,30
910,1800,specialized_enriched,max,0.9985363483428955,1.0490093231201172,0.9518851041793823,0.9518851041793823,66,30
911,2916,specialized_enriched,max,0.8477455377578735,0.8917737007141113,0.9506285190582275,0.9506285190582275,177,30
912,9543,specialized_enriched,max,0.3506931662559509,0.36924535036087036,0.9497565031051636,0.9497565031051636,35,30
913,11509,specialized_enriched,active_fraction,0.014918808825314045,0.015752162784337997,0.9470959305763245,0.9470959305763245,133,30
914,16164,specialized_enriched,max,0.3295119106769562,0.3479287624359131,0.9470672011375427,0.9470672011375427,259,30
915,9622,specialized_enriched,active_fraction,0.00781257078051567,0.008254197426140308,0.9464967250823975,0.9464967250823975,104,30
916,16281,specialized_enriched,active_fraction,0.021587762981653214,0.02284872718155384,0.9448124766349792,0.9448124766349792,241,30
917,1262,specialized_enriched,max,0.9533354043960571,1.0094362497329712,0.9444236159324646,0.9444236159324646,154,30
918,14997,specialized_enriched,max,0.5744168758392334,0.6099063754081726,0.9418115615844727,0.9418115615844727,141,30
919,14104,specialized_enriched,max,0.7593019008636475,0.8072720766067505,0.9405774474143982,0.9405774474143982,130,30
920,3377,specialized_enriched,active_fraction,0.008659644052386284,0.009207402355968952,0.9405089020729065,0.9405089020729065,58,30
921,12445,specialized_enriched,max,0.34716811776161194,0.3693126142024994,0.9400386214256287,0.9400386214256287,112,30
922,863,specialized_enriched,max,1.078934907913208,1.1482833623886108,0.9396068453788757,0.9396068453788757,127,30
923,7860,specialized_enriched,max,1.064353108406067,1.1332967281341553,0.9391654133796692,0.9391654133796692,189,30
924,7393,specialized_enriched,active_fraction,0.00700745452195406,0.0074678100645542145,0.9383546710014343,0.9383546710014343,30,30
925,5408,specialized_enriched,max,0.6054691076278687,0.6455220580101013,0.9379526376724243,0.9379526376724243,50,30
926,912,specialized_enriched,max,0.6828643083572388,0.7280786037445068,0.9378991723060608,0.9378991723060608,134,30
927,2453,specialized_enriched,active_fraction,0.007907561026513577,0.008444631472229958,0.9364009499549866,0.9364009499549866,62,30
928,1466,specialized_enriched,max,0.8039813041687012,0.8589550256729126,0.9359992742538452,0.9359992742538452,98,30
929,13684,specialized_enriched,active_fraction,0.009202288463711739,0.009834972210228443,0.935670018196106,0.935670018196106,109,30
930,8977,specialized_enriched,max,0.4410078823566437,0.4715763330459595,0.9351781606674194,0.9351781606674194,78,30
931,9597,specialized_enriched,max,0.9951267838478088,1.0648020505905151,0.9345650672912598,0.9345650672912598,236,30
932,13913,specialized_enriched,mean,0.09411156177520752,0.10071112215518951,0.9344704151153564,0.9344704151153564,103,30
933,1059,specialized_enriched,max,0.3749222159385681,0.401580810546875,0.9336158633232117,0.9336158633232117,166,30
934,6947,specialized_enriched,max,0.35713350772857666,0.38298770785331726,0.9324933886528015,0.9324933886528015,187,30
935,2939,specialized_enriched,max,1.034186840057373,1.1093156337738037,0.9322746396064758,0.9322746396064758,143,30
936,14156,specialized_enriched,max,0.16768254339694977,0.180184006690979,0.9306183457374573,0.9306183457374573,31,30
937,809,specialized_enriched,max,0.43531519174575806,0.4681083858013153,0.9299452900886536,0.9299452900886536,169,30
938,12623,specialized_enriched,max,0.866464376449585,0.9326499700546265,0.9290348887443542,0.9290348887443542,94,30
939,903,specialized_enriched,max,0.7819257974624634,0.842910885810852,0.9276494383811951,0.9276494383811951,129,30
940,12109,specialized_enriched,active_fraction,0.007959932088851929,0.008587143383920193,0.9269592761993408,0.9269592761993408,33,30
941,12353,specialized_enriched,max,0.5363560914993286,0.5800171494483948,0.9247245192527771,0.9247245192527771,114,30
942,12118,specialized_enriched,mean,0.033451735973358154,0.03622480481863022,0.9234483242034912,0.9234483242034912,51,30
943,15504,specialized_enriched,active_fraction,0.013377144932746887,0.014498071745038033,0.9226844310760498,0.9226844310760498,139,30
944,4614,specialized_enriched,max,0.5041219592094421,0.5469195246696472,0.9217479825019836,0.9217479825019836,176,30
945,6778,specialized_enriched,max,0.6123092770576477,0.6646021604537964,0.9213170409202576,0.9213170409202576,108,30
946,808,specialized_enriched,max,0.3968659043312073,0.4312388598918915,0.9202925562858582,0.9202925562858582,45,30
947,14535,specialized_enriched,max,1.1470139026641846,1.2473162412643433,0.9195854663848877,0.9195854663848877,107,30
948,2309,specialized_enriched,active_fraction,0.008340468630194664,0.009072637185454369,0.9192992448806763,0.9192992448806763,49,30
949,784,specialized_enriched,active_fraction,0.021796755492687225,0.023727647960186005,0.9186226725578308,0.9186226725578308,144,30
950,933,specialized_enriched,mean,0.02613864466547966,0.02846456505358219,0.9182871580123901,0.9182871580123901,44,30
951,8724,specialized_enriched,max,0.8012191653251648,0.8736995458602905,0.9170419573783875,0.9170419573783875,48,30
952,1419,specialized_enriched,active_fraction,0.013662236742675304,0.014901591464877129,0.9168307185173035,0.9168307185173035,179,30
953,10011,specialized_enriched,max,0.36380743980407715,0.3968794047832489,0.9166699647903442,0.9166699647903442,97,30
954,4534,specialized_enriched,max,0.5676753520965576,0.6200060844421387,0.9155964255332947,0.9155964255332947,157,30
955,11627,specialized_enriched,active_fraction,0.007739199325442314,0.008459649048745632,0.9148369431495667,0.9148369431495667,60,30
956,2742,specialized_enriched,max,1.0715234279632568,1.171587586402893,0.9145909547805786,0.9145909547805786,226,30
957,13978,specialized_enriched,max,0.6461842060089111,0.7066738605499268,0.9144023060798645,0.9144023060798645,157,30
958,5687,specialized_enriched,max,1.4546740055084229,1.592261552810669,0.9135898351669312,0.9135898351669312,97,30
959,8234,specialized_enriched,max,1.1702399253845215,1.2833703756332397,0.9118489623069763,0.9118489623069763,204,30
960,4321,specialized_enriched,max,0.5506155490875244,0.6039347052574158,0.911713719367981,0.911713719367981,49,30
961,4408,specialized_enriched,active_fraction,0.021467233076691628,0.023578597232699394,0.9104542136192322,0.9104542136192322,148,30
962,11789,specialized_enriched,max,0.30309391021728516,0.33299151062965393,0.9102151393890381,0.9102151393890381,67,30
963,12893,specialized_enriched,max,0.861697256565094,0.9485768675804138,0.9084105491638184,0.9084105491638184,30,30
964,3511,specialized_enriched,max,0.39236897230148315,0.43240317702293396,0.9074146151542664,0.9074146151542664,70,30
965,9182,specialized_enriched,max,0.3468376398086548,0.38270479440689087,0.9062798619270325,0.9062798619270325,211,30
966,15164,specialized_enriched,max,0.5792288780212402,0.639187753200531,0.9061952233314514,0.9061952233314514,82,30
967,3854,specialized_enriched,max,0.11273588240146637,0.12443191558122635,0.9060045480728149,0.9060045480728149,32,30
968,9636,specialized_enriched,max,0.6219232082366943,0.6869835257530212,0.9052956700325012,0.9052956700325012,65,30
969,9808,specialized_enriched,max,0.9595054388046265,1.0605002641677856,0.9047667980194092,0.9047667980194092,140,30
970,15092,specialized_enriched,mean,0.07592877745628357,0.08396808803081512,0.9042575359344482,0.9042575359344482,33,30
971,13289,specialized_enriched,max,0.9169868230819702,1.0145267248153687,0.9038567543029785,0.9038567543029785,77,30
972,2722,specialized_enriched,max,0.3750120997428894,0.4163145422935486,0.900790274143219,0.900790274143219,45,30
973,6355,specialized_enriched,active_fraction,0.011704450473189354,0.013001913204789162,0.9002098441123962,0.9002098441123962,66,30
974,1641,specialized_enriched,max,0.3520314693450928,0.39150479435920715,0.8991753458976746,0.8991753458976746,58,30
975,9,specialized_enriched,max,1.653641939163208,1.8392045497894287,0.8991071581840515,0.8991071581840515,32,30
976,14230,specialized_enriched,max,0.648707389831543,0.7215653657913208,0.8990278840065002,0.8990278840065002,147,30
977,10234,specialized_enriched,max,1.0621120929718018,1.181623935699463,0.8988579511642456,0.8988579511642456,108,30
978,15507,specialized_enriched,max,0.5164571404457092,0.5747448801994324,0.8985850214958191,0.8985850214958191,266,30
979,7062,specialized_enriched,max,0.8519114851951599,0.9500482082366943,0.8967034220695496,0.8967034220695496,77,30
980,11183,specialized_enriched,max,0.21627700328826904,0.24121689796447754,0.8966079950332642,0.8966079950332642,36,30
981,6498,specialized_enriched,active_fraction,0.01235609594732523,0.013803013600409031,0.8951737880706787,0.8951737880706787,117,30
982,3558,specialized_enriched,max,1.023045539855957,1.1428911685943604,0.8951382040977478,0.8951382040977478,46,30
983,14829,specialized_enriched,max,0.3005600571632385,0.3357924818992615,0.8950768113136292,0.8950768113136292,235,30
984,2994,specialized_enriched,active_fraction,0.013432858511805534,0.015017489902675152,0.8944809436798096,0.8944809436798096,125,30
985,11824,specialized_enriched,mean,0.0663180947303772,0.07417396456003189,0.8940885663032532,0.8940885663032532,183,30
986,15155,specialized_enriched,max,0.19360771775245667,0.21677425503730774,0.8931306004524231,0.8931306004524231,40,30
987,5234,specialized_enriched,max,0.132909893989563,0.14886993169784546,0.8927920460700989,0.8927920460700989,51,30
988,1797,specialized_enriched,max,0.43180543184280396,0.4851793050765991,0.8899914622306824,0.8899914622306824,260,30
989,594,specialized_enriched,mean,0.04624335467815399,0.05197839066386223,0.8896650075912476,0.8896650075912476,73,30
990,15602,specialized_enriched,max,0.6784703731536865,0.7629685997962952,0.8892506957054138,0.8892506957054138,270,30
991,5388,specialized_enriched,active_fraction,0.03139948844909668,0.03537656366825104,0.8875787854194641,0.8875787854194641,176,30
992,13695,specialized_enriched,active_fraction,0.007758573163300753,0.008787359111011028,0.8829243183135986,0.8829243183135986,78,30
993,16142,specialized_enriched,max,0.9787102937698364,1.109250545501709,0.8823167085647583,0.8823167085647583,49,30
994,1327,specialized_enriched,max,0.7291027307510376,0.827195405960083,0.8814153671264648,0.8814153671264648,66,30
995,890,specialized_enriched,max,1.1434757709503174,1.2988210916519165,0.8803951144218445,0.8803951144218445,34,30
996,4725,specialized_enriched,max,1.2865171432495117,1.4624139070510864,0.8797216415405273,0.8797216415405273,84,30
997,1054,specialized_enriched,mean,0.07693357020616531,0.0874910056591034,0.8793311715126038,0.8793311715126038,98,30
998,7953,specialized_enriched,max,0.6407297849655151,0.7287753820419312,0.8791869282722473,0.8791869282722473,93,30
999,1920,specialized_enriched,max,0.47369760274887085,0.5391750335693359,0.878559947013855,0.878559947013855,51,30
1000,6200,specialized_enriched,max,0.9998167753219604,1.1400290727615356,0.8770098686218262,0.8770098686218262,55,30
1001,2381,specialized_enriched,mean,0.08244708180427551,0.09430279582738876,0.8742803335189819,0.8742803335189819,61,30
1002,6698,specialized_enriched,active_fraction,0.01241070032119751,0.014217675663530827,0.8729064464569092,0.8729064464569092,99,30
1003,5759,specialized_enriched,max,0.4469216465950012,0.5125722885131836,0.8719192743301392,0.8719192743301392,50,30
1004,3122,specialized_enriched,max,1.4656753540039062,1.6841129064559937,0.8702951669692993,0.8702951669692993,189,30
1005,3851,specialized_enriched,max,0.3293008804321289,0.3784486949443817,0.8701334595680237,0.8701334595680237,80,30
1006,9654,specialized_enriched,active_fraction,0.007610704749822617,0.00876432191580534,0.868373453617096,0.868373453617096,114,30
1007,3298,specialized_enriched,active_fraction,0.010081430897116661,0.01161402277648449,0.8680395483970642,0.8680395483970642,172,30
1008,1731,specialized_enriched,max,0.5152639746665955,0.5936315059661865,0.867986261844635,0.867986261844635,127,30
1009,14659,specialized_enriched,active_fraction,0.009383182041347027,0.010812669061124325,0.8677951693534851,0.8677951693534851,115,30
1010,11416,specialized_enriched,active_fraction,0.009063825942575932,0.010480490513145924,0.8648284077644348,0.8648284077644348,58,30
1011,10495,specialized_enriched,max,0.3853089213371277,0.44569897651672363,0.8645048141479492,0.8645048141479492,33,30
1012,10173,specialized_enriched,active_fraction,0.016972629353404045,0.019649742171168327,0.863758385181427,0.863758385181427,78,30
1013,2858,specialized_enriched,active_fraction,0.01050341036170721,0.012194259092211723,0.8613405823707581,0.8613405823707581,144,30
1014,11003,specialized_enriched,max,0.6928110718727112,0.8064399361610413,0.8590981960296631,0.8590981960296631,255,30
1015,12332,specialized_enriched,max,0.694890022277832,0.8090415000915527,0.8589053153991699,0.8589053153991699,181,30
1016,14631,specialized_enriched,max,0.44680753350257874,0.5219709873199463,0.8560007214546204,0.8560007214546204,142,30
1017,3441,specialized_enriched,max,0.19977620244026184,0.23365850746631622,0.8549922108650208,0.8549922108650208,46,30
1018,13359,specialized_enriched,max,0.8723434805870056,1.0209252834320068,0.8544635772705078,0.8544635772705078,42,30
1019,10088,specialized_enriched,max,0.7393633127212524,0.8662324547767639,0.8535391688346863,0.8535391688346863,88,30
1020,9741,specialized_enriched,max,0.9045279026031494,1.0600109100341797,0.8533194065093994,0.8533194065093994,102,30
1021,6558,specialized_enriched,max,0.8284403085708618,0.9723690152168274,0.8519814014434814,0.8519814014434814,58,30
1022,44,specialized_enriched,active_fraction,0.01766044832766056,0.020733019337058067,0.8518030047416687,0.8518030047416687,47,30
1023,13955,specialized_enriched,max,0.3663893938064575,0.43015334010124207,0.8517646193504333,0.8517646193504333,69,30
1024,15167,specialized_enriched,max,0.8453235626220703,0.993360698223114,0.8509734272956848,0.8509734272956848,144,30
1025,2401,specialized_enriched,max,0.9329522848129272,1.096431016921997,0.8508992195129395,0.8508992195129395,124,30
1026,8820,specialized_enriched,max,0.3077365458011627,0.3622143268585205,0.8495979309082031,0.8495979309082031,37,30
1027,12762,specialized_enriched,max,0.6785613894462585,0.7988012433052063,0.8494746088981628,0.8494746088981628,220,30
1028,460,specialized_enriched,max,0.39116370677948,0.4604923725128174,0.8494466543197632,0.8494466543197632,53,30
1029,10250,specialized_enriched,max,0.5755699276924133,0.6779730916023254,0.8489568829536438,0.8489568829536438,83,30
1030,3934,specialized_enriched,active_fraction,0.005112211685627699,0.006026069168001413,0.8483493328094482,0.8483493328094482,30,30
1031,4450,specialized_enriched,max,0.25857800245285034,0.30533328652381897,0.8468713164329529,0.8468713164329529,85,30
1032,5101,specialized_enriched,mean,0.06867791712284088,0.08119270950555801,0.8458631038665771,0.8458631038665771,212,30
1033,2445,specialized_enriched,max,0.8051127791404724,0.9547839164733887,0.8432407975196838,0.8432407975196838,63,30
1034,11353,specialized_enriched,active_fraction,0.028290359303355217,0.0335533432662487,0.8431457877159119,0.8431457877159119,180,30
1035,9901,specialized_enriched,max,0.7632607817649841,0.9059593677520752,0.8424890041351318,0.8424890041351318,43,30
1036,1996,specialized_enriched,max,0.9543596506118774,1.1346204280853271,0.8411267995834351,0.8411267995834351,82,30
1037,3575,specialized_enriched,active_fraction,0.009483303874731064,0.011280056089162827,0.8407142758369446,0.8407142758369446,128,30
1038,15342,specialized_enriched,active_fraction,0.00616322411224246,0.007331297732889652,0.84067302942276,0.84067302942276,98,30
1039,14788,specialized_enriched,active_fraction,0.011341826058924198,0.013492042198777199,0.8406307697296143,0.8406307697296143,116,30
1040,1963,specialized_enriched,active_fraction,0.022091196849942207,0.026316337287425995,0.8394480347633362,0.8394480347633362,33,30
1041,12686,specialized_enriched,active_fraction,0.006938267033547163,0.008283358067274094,0.8376152515411377,0.8376152515411377,30,30
1042,1259,specialized_enriched,active_fraction,0.02150210738182068,0.025700725615024567,0.8366342782974243,0.8366342782974243,70,30
1043,1521,specialized_enriched,active_fraction,0.013231233693659306,0.01582259312272072,0.8362240791320801,0.8362240791320801,175,30
1044,2643,specialized_enriched,active_fraction,0.01348908245563507,0.01616169698536396,0.8346328139305115,0.8346328139305115,90,30
1045,8372,specialized_enriched,max,0.49142804741859436,0.5888858437538147,0.8345047831535339,0.8345047831535339,114,30
1046,14416,specialized_enriched,max,0.662833034992218,0.7943013310432434,0.8344855904579163,0.8344855904579163,175,30
1047,1537,specialized_enriched,max,0.30447614192962646,0.3651130497455597,0.8339229226112366,0.8339229226112366,39,30
1048,12369,specialized_enriched,active_fraction,0.013768383301794529,0.016511159017682076,0.83388352394104,0.83388352394104,49,30
1049,9203,specialized_enriched,max,0.4198853075504303,0.5036482214927673,0.8336876630783081,0.8336876630783081,114,30
1050,9859,specialized_enriched,active_fraction,0.004204660654067993,0.005046832840889692,0.8331285715103149,0.8331285715103149,42,30
1051,4561,specialized_enriched,active_fraction,0.0028879784513264894,0.0034666855353862047,0.8330661654472351,0.8330661654472351,39,30
1052,3312,specialized_enriched,mean,0.017310524359345436,0.020784856751561165,0.8328430652618408,0.8328430652618408,48,30
1053,9546,specialized_enriched,max,0.30276787281036377,0.36380183696746826,0.8322329521179199,0.8322329521179199,77,30
1054,5661,specialized_enriched,max,0.11701737344264984,0.14074257016181946,0.8314284086227417,0.8314284086227417,31,30
1055,1110,specialized_enriched,max,0.516586422920227,0.6254662275314331,0.8259221911430359,0.8259221911430359,126,30
1056,8203,specialized_enriched,max,0.5291649103164673,0.6408936977386475,0.8256672024726868,0.8256672024726868,79,30
1057,11527,specialized_enriched,max,0.2554665207862854,0.3098113536834717,0.824587345123291,0.824587345123291,104,30
1058,12325,specialized_enriched,max,0.2336195707321167,0.2835003435611725,0.824053943157196,0.824053943157196,46,30
1059,285,specialized_enriched,max,0.33163440227508545,0.4028462767601013,0.8232281804084778,0.8232281804084778,40,30
1060,14105,specialized_enriched,max,0.40712422132492065,0.49580976366996765,0.8211299180984497,0.8211299180984497,55,30
1061,5355,specialized_enriched,max,0.23803560435771942,0.2899399399757385,0.8209824562072754,0.8209824562072754,69,30
1062,3832,specialized_enriched,max,0.6816389560699463,0.8304517865180969,0.8208049535751343,0.8208049535751343,92,30
1063,10068,specialized_enriched,max,0.3913901448249817,0.4769960641860962,0.8205311894416809,0.8205311894416809,38,30
1064,7469,specialized_enriched,active_fraction,0.008867742493748665,0.010814063251018524,0.8200194835662842,0.8200194835662842,60,30
1065,11896,specialized_enriched,mean,0.03652817755937576,0.04458906501531601,0.8192182779312134,0.8192182779312134,96,30
1066,3739,specialized_enriched,max,0.520185649394989,0.6351428031921387,0.8190057873725891,0.8190057873725891,80,30
1067,7403,specialized_enriched,max,0.3159322738647461,0.38590678572654724,0.8186751008033752,0.8186751008033752,150,30
1068,634,specialized_enriched,max,0.3938332200050354,0.4815518856048584,0.8178417086601257,0.8178417086601257,49,30
1069,8590,specialized_enriched,max,0.5134881734848022,0.6288044452667236,0.8166102766990662,0.8166102766990662,141,30
1070,11596,specialized_enriched,max,0.24576902389526367,0.30158481001853943,0.8149250745773315,0.8149250745773315,248,30
1071,1602,specialized_enriched,max,0.7477442026138306,0.9178433418273926,0.8146752119064331,0.8146752119064331,234,30
1072,3326,specialized_enriched,max,0.19997717440128326,0.24549128115177155,0.8145999312400818,0.8145999312400818,40,30
1073,8111,specialized_enriched,max,0.6146861910820007,0.7550262808799744,0.8141255378723145,0.8141255378723145,105,30
1074,7420,specialized_enriched,max,0.8024892807006836,0.985986053943634,0.8138951659202576,0.8138951659202576,36,30
1075,10148,specialized_enriched,max,0.30341488122940063,0.3733568489551544,0.8126672506332397,0.8126672506332397,47,30
1076,120,specialized_enriched,max,0.742191731929779,0.9138693809509277,0.812142014503479,0.812142014503479,88,30
1077,14698,specialized_enriched,max,0.7432470917701721,0.9165657162666321,0.810904324054718,0.810904324054718,104,30
1078,3324,specialized_enriched,max,1.5749413967132568,1.9446814060211182,0.8098711371421814,0.8098711371421814,76,30
1079,5539,specialized_enriched,max,0.6892343759536743,0.8512420654296875,0.8096808195114136,0.8096808195114136,169,30
1080,11525,specialized_enriched,max,0.5022668838500977,0.6209697723388672,0.8088427186012268,0.8088427186012268,33,30
1081,10623,specialized_enriched,max,0.3616412878036499,0.44716745615005493,0.8087379336357117,0.8087379336357117,104,30
1082,8668,specialized_enriched,max,0.5217961072921753,0.6464381217956543,0.807186484336853,0.807186484336853,66,30
1083,2704,specialized_enriched,max,1.0485283136367798,1.2992981672286987,0.8069959282875061,0.8069959282875061,74,30
1084,9139,specialized_enriched,max,0.8731451034545898,1.0855169296264648,0.8043587803840637,0.8043587803840637,139,30
1085,954,specialized_enriched,max,0.7950356006622314,0.9916141629219055,0.8017590045928955,0.8017590045928955,136,30
1086,1691,specialized_enriched,max,0.283751517534256,0.35411563515663147,0.8012962341308594,0.8012962341308594,73,30
1087,4043,specialized_enriched,max,1.4665660858154297,1.8350892066955566,0.79917973279953,0.79917973279953,109,30
1088,11445,specialized_enriched,active_fraction,0.031216571107506752,0.039074093103408813,0.7989071011543274,0.7989071011543274,190,30
1089,7267,specialized_enriched,max,0.19059723615646362,0.23857766389846802,0.798889696598053,0.798889696598053,80,30
1090,11783,specialized_enriched,max,0.9011251330375671,1.1288774013519287,0.7982488870620728,0.7982488870620728,132,30
1091,84,specialized_enriched,max,0.394578218460083,0.4947320222854614,0.7975594997406006,0.7975594997406006,73,30
1092,11866,specialized_enriched,active_fraction,0.012428159825503826,0.015603435225784779,0.7965015172958374,0.7965015172958374,106,30
1093,8028,specialized_enriched,max,0.8982726335525513,1.1278727054595947,0.7964308857917786,0.7964308857917786,123,30
1094,3235,specialized_enriched,active_fraction,0.008922751992940903,0.011242496781051159,0.7936628460884094,0.7936628460884094,77,30
1095,2497,specialized_enriched,max,1.240647554397583,1.5650643110275269,0.792713463306427,0.792713463306427,156,30
1096,15481,specialized_enriched,max,0.3543328642845154,0.4472452998161316,0.7922561764717102,0.7922561764717102,52,30
1097,1293,specialized_enriched,max,0.6727154850959778,0.8494592905044556,0.7919337749481201,0.7919337749481201,124,30
1098,13752,specialized_enriched,max,0.4733022451400757,0.5982311964035034,0.7911694645881653,0.7911694645881653,42,30
1099,11579,specialized_enriched,active_fraction,0.011904122307896614,0.015103685669600964,0.7881600856781006,0.7881600856781006,144,30
1100,15207,specialized_enriched,mean,0.06371863186359406,0.08104689419269562,0.7861946225166321,0.7861946225166321,109,30
1101,5048,specialized_enriched,active_fraction,0.011023998260498047,0.01404127012938261,0.785114049911499,0.785114049911499,118,30
1102,14673,specialized_enriched,active_fraction,0.033273715525865555,0.04240293800830841,0.7847030758857727,0.7847030758857727,291,30
1103,11551,specialized_enriched,active_fraction,0.010461542755365372,0.013336259871721268,0.7844435572624207,0.7844435572624207,87,30
1104,13165,specialized_enriched,max,0.5120180249214172,0.6528527140617371,0.7842780351638794,0.7842780351638794,162,30
1105,3996,specialized_enriched,max,0.3431638777256012,0.4379590153694153,0.7835524678230286,0.7835524678230286,62,30
1106,13584,specialized_enriched,max,0.38968878984451294,0.49812883138656616,0.7823052406311035,0.7823052406311035,198,30
1107,6687,specialized_enriched,max,0.6315630078315735,0.8075663447380066,0.7820571064949036,0.7820571064949036,204,30
1108,9150,specialized_enriched,active_fraction,0.005978873465210199,0.007649877108633518,0.7815646529197693,0.7815646529197693,45,30
1109,8631,specialized_enriched,max,0.3523930013179779,0.451162725687027,0.7810773849487305,0.7810773849487305,68,30
1110,13480,specialized_enriched,max,0.34568336606025696,0.4429386854171753,0.7804316282272339,0.7804316282272339,34,30
1111,15330,specialized_enriched,max,1.0369071960449219,1.3294525146484375,0.7799505591392517,0.7799505591392517,104,30
1112,2607,specialized_enriched,max,0.503663957118988,0.6461734771728516,0.7794562578201294,0.7794562578201294,72,30
1113,8334,specialized_enriched,active_fraction,0.006842129398137331,0.008785167708992958,0.778827428817749,0.778827428817749,54,30
1114,3030,specialized_enriched,max,0.5417523980140686,0.6960069537162781,0.7783721089363098,0.7783721089363098,47,30
1115,6149,specialized_enriched,max,0.27990275621414185,0.3603716194629669,0.7767058610916138,0.7767058610916138,59,30
1116,7484,specialized_enriched,active_fraction,0.009262624196708202,0.01193040981888771,0.7763877511024475,0.7763877511024475,61,30
1117,12669,specialized_enriched,active_fraction,0.010653257369995117,0.013729941099882126,0.7759142518043518,0.7759142518043518,141,30
1118,6476,specialized_enriched,max,0.5303864479064941,0.684066653251648,0.7753432393074036,0.7753432393074036,124,30
1119,8530,specialized_enriched,max,0.40009018778800964,0.5166851282119751,0.7743404507637024,0.7743404507637024,110,30
1120,15528,specialized_enriched,active_fraction,0.014723005704581738,0.019059637561440468,0.7724704146385193,0.7724704146385193,91,30
1121,6983,specialized_enriched,max,0.3719888925552368,0.48168858885765076,0.7722601294517517,0.7722601294517517,79,30
1122,1840,specialized_enriched,active_fraction,0.009923446923494339,0.01285067293792963,0.7722122669219971,0.7722122669219971,184,30
1123,3487,specialized_enriched,active_fraction,0.028606466948986053,0.03705758973956108,0.7719462513923645,0.7719462513923645,196,30
1124,11653,specialized_enriched,max,0.5879361033439636,0.7648377418518066,0.7687069773674011,0.7687069773674011,125,30
1125,619,specialized_enriched,max,0.5077924728393555,0.6608099341392517,0.768439531326294,0.768439531326294,258,30
1126,15151,specialized_enriched,active_fraction,0.007254367228597403,0.009460031986236572,0.766843855381012,0.766843855381012,73,30
1127,9459,specialized_enriched,active_fraction,0.018801875412464142,0.02452196180820465,0.7667362093925476,0.7667362093925476,93,30
1128,11269,specialized_enriched,mean,0.11198756098747253,0.14628180861473083,0.7655603885650635,0.7655603885650635,61,30
1129,12853,specialized_enriched,max,0.3012842535972595,0.3938356339931488,0.7649999856948853,0.7649999856948853,30,30
1130,8049,specialized_enriched,active_fraction,0.011269278824329376,0.014743690378963947,0.7643458843231201,0.7643458843231201,136,30
1131,5118,specialized_enriched,max,0.5428581237792969,0.7114244103431702,0.763058066368103,0.763058066368103,42,30
1132,11091,specialized_enriched,max,0.3240688741207123,0.4249228537082672,0.7626534104347229,0.7626534104347229,132,30
1133,2579,specialized_enriched,max,0.3419327735900879,0.4488728940486908,0.76175856590271,0.76175856590271,114,30
1134,7596,specialized_enriched,active_fraction,0.00467377295717597,0.006143647711724043,0.7607488632202148,0.7607488632202148,49,30
1135,6919,specialized_enriched,max,0.3960924744606018,0.5209293961524963,0.7603573203086853,0.7603573203086853,87,30
1136,6354,specialized_enriched,active_fraction,0.006275890860706568,0.008270017802715302,0.7588726878166199,0.7588726878166199,54,30
1137,14636,specialized_enriched,max,0.18307599425315857,0.24166984856128693,0.7575458884239197,0.7575458884239197,48,30
1138,5242,specialized_enriched,max,0.4006105363368988,0.5294146537780762,0.7567046880722046,0.7567046880722046,125,30
1139,13236,specialized_enriched,mean,0.08424990624189377,0.11147181689739227,0.7557955980300903,0.7557955980300903,56,30
1140,4662,specialized_enriched,max,0.5785948038101196,0.7655456066131592,0.7557940483093262,0.7557940483093262,92,30
1141,6339,specialized_enriched,mean,0.04623086005449295,0.06117841601371765,0.7556726932525635,0.7556726932525635,68,30
1142,9213,specialized_enriched,active_fraction,0.0044338880106806755,0.005875437054783106,0.7546482086181641,0.7546482086181641,42,30
1143,609,specialized_enriched,max,0.1129821389913559,0.14973632991313934,0.7545405626296997,0.7545405626296997,48,30
1144,12544,specialized_enriched,active_fraction,0.007256445474922657,0.009621943347156048,0.7541559338569641,0.7541559338569641,68,30
1145,14027,specialized_enriched,active_fraction,0.006408370099961758,0.008500474505126476,0.7538838386535645,0.7538838386535645,119,30
1146,2011,specialized_enriched,max,0.7960745096206665,1.0564011335372925,0.7535721659660339,0.7535721659660339,31,30
1147,10927,specialized_enriched,max,0.3289405405521393,0.4365447461605072,0.7535093426704407,0.7535093426704407,60,30
1148,188,specialized_enriched,active_fraction,0.005385329946875572,0.007148543372750282,0.7533465027809143,0.7533465027809143,38,30
1149,8138,specialized_enriched,max,0.3319739103317261,0.44068026542663574,0.7533214688301086,0.7533214688301086,174,30
1150,10964,specialized_enriched,mean,0.024813953787088394,0.03297024592757225,0.7526165843009949,0.7526165843009949,33,30
1151,9158,specialized_enriched,active_fraction,0.022063542157411575,0.02934938482940197,0.7517548203468323,0.7517548203468323,194,30
1152,12766,specialized_enriched,max,0.2377532720565796,0.3165118098258972,0.7511671185493469,0.7511671185493469,83,30
1153,2289,specialized_enriched,active_fraction,0.016248097643256187,0.021639002487063408,0.750870943069458,0.750870943069458,145,30
1154,1010,specialized_enriched,max,0.6798624992370605,0.9061471819877625,0.7502782344818115,0.7502782344818115,158,30
1155,5108,specialized_enriched,max,0.4210062026977539,0.5614890456199646,0.7498030662536621,0.7498030662536621,96,30
1156,10659,specialized_enriched,active_fraction,0.004788927733898163,0.0063909194432199,0.7493331432342529,0.7493331432342529,39,30
1157,7821,specialized_enriched,max,0.42628106474876404,0.5700823068618774,0.7477535605430603,0.7477535605430603,142,30
1158,1769,specialized_enriched,max,0.2177301049232483,0.2913283705711365,0.7473700642585754,0.7473700642585754,34,30
1159,12992,specialized_enriched,max,0.5337803363800049,0.7144117951393127,0.7471606135368347,0.7471606135368347,62,30
1160,2411,specialized_enriched,active_fraction,0.012027611956000328,0.016150547191500664,0.7447185516357422,0.7447185516357422,114,30
1161,10342,specialized_enriched,max,0.6426277160644531,0.8635268211364746,0.7441896200180054,0.7441896200180054,43,30
1162,13389,specialized_enriched,active_fraction,0.006021867506206036,0.008101153187453747,0.7433345913887024,0.7433345913887024,63,30
1163,2516,specialized_enriched,max,0.7677218317985535,1.0330958366394043,0.7431274056434631,0.7431274056434631,143,30
1164,4620,specialized_enriched,max,1.21541428565979,1.640652060508728,0.7408117055892944,0.7408117055892944,56,30
1165,13970,specialized_enriched,active_fraction,0.0063301860354840755,0.008563169278204441,0.7392340302467346,0.7392340302467346,66,30
1166,673,specialized_enriched,max,1.090106725692749,1.475502848625183,0.7388035655021667,0.7388035655021667,163,30
1167,14138,specialized_enriched,max,0.30047935247421265,0.40752750635147095,0.7373228669166565,0.7373228669166565,90,30
1168,7070,specialized_enriched,max,0.44757217168807983,0.6073895692825317,0.7368782758712769,0.7368782758712769,118,30
1169,6050,specialized_enriched,max,0.846480131149292,1.1492854356765747,0.7365273237228394,0.7365273237228394,82,30
1170,7616,specialized_enriched,max,0.27557826042175293,0.3745124042034149,0.735832154750824,0.735832154750824,41,30
1171,8753,specialized_enriched,max,0.8133955001831055,1.1055684089660645,0.7357260584831238,0.7357260584831238,173,30
1172,2058,specialized_enriched,max,0.6964012384414673,0.946648895740509,0.7356489300727844,0.7356489300727844,118,30
1173,588,specialized_enriched,max,0.3493780493736267,0.47525450587272644,0.7351388335227966,0.7351388335227966,52,30
1174,16102,specialized_enriched,active_fraction,0.013035529293119907,0.017741532996296883,0.734746515750885,0.734746515750885,57,30
1175,7578,specialized_enriched,active_fraction,0.008764958009123802,0.011939301155507565,0.7341265678405762,0.7341265678405762,32,30
1176,6685,specialized_enriched,max,0.4516456723213196,0.6154778599739075,0.7338130474090576,0.7338130474090576,36,30
1177,1084,specialized_enriched,max,0.5029378533363342,0.6864057183265686,0.7327122092247009,0.7327122092247009,112,30
1178,2013,specialized_enriched,max,0.9479666948318481,1.2951925992965698,0.7319117784500122,0.7319117784500122,58,30
1179,7893,specialized_enriched,max,0.5276572108268738,0.720969021320343,0.7318722605705261,0.7318722605705261,91,30
1180,12040,specialized_enriched,active_fraction,0.010981593281030655,0.015016894787549973,0.7312825322151184,0.7312825322151184,132,30
1181,5243,specialized_enriched,active_fraction,0.007844841107726097,0.010727748274803162,0.7312663197517395,0.7312663197517395,41,30
1182,11208,specialized_enriched,max,0.39624741673469543,0.5418750643730164,0.7312523722648621,0.7312523722648621,250,30
1183,7145,specialized_enriched,max,0.49046337604522705,0.6724565625190735,0.7293606996536255,0.7293606996536255,173,30
1184,4044,specialized_enriched,active_fraction,0.008222823962569237,0.011303829960525036,0.7274369597434998,0.7274369597434998,46,30
1185,1174,specialized_enriched,max,0.22509312629699707,0.30944737792015076,0.7274035811424255,0.7274035811424255,133,30
1186,10621,specialized_enriched,active_fraction,0.008755065500736237,0.012043967843055725,0.7269253730773926,0.7269253730773926,58,30
1187,6067,specialized_enriched,max,0.44509172439575195,0.6126468181610107,0.726506233215332,0.726506233215332,85,30
1188,1456,specialized_enriched,active_fraction,0.005711084231734276,0.007861269637942314,0.7264837026596069,0.7264837026596069,42,30
1189,8909,specialized_enriched,max,0.2970348596572876,0.40978071093559265,0.7248629331588745,0.7248629331588745,143,30
1190,3060,specialized_enriched,max,0.6217710971832275,0.8587196469306946,0.7240676283836365,0.7240676283836365,269,30
1191,8459,specialized_enriched,max,0.13228103518486023,0.1839268058538437,0.7192047834396362,0.7192047834396362,43,30
1192,10549,specialized_enriched,active_fraction,0.024095209315419197,0.033532239496707916,0.7185684442520142,0.7185684442520142,219,30
1193,16167,specialized_enriched,max,0.29809120297431946,0.4149663746356964,0.7183502316474915,0.7183502316474915,91,30
1194,2325,specialized_enriched,active_fraction,0.013323303312063217,0.01855909638106823,0.7178853154182434,0.7178853154182434,87,30
1195,1857,specialized_enriched,max,0.21932342648506165,0.30661022663116455,0.7153167128562927,0.7153167128562927,33,30
1196,2360,specialized_enriched,active_fraction,0.007251044735312462,0.0101426150649786,0.71490877866745,0.71490877866745,35,30
1197,6288,specialized_enriched,max,0.24594330787658691,0.34446078538894653,0.713995099067688,0.713995099067688,55,30
1198,10458,specialized_enriched,max,0.539172351360321,0.7559023499488831,0.7132830619812012,0.7132830619812012,56,30
1199,3171,specialized_enriched,max,0.14261992275714874,0.20005452632904053,0.71290522813797,0.71290522813797,45,30
1200,13474,specialized_enriched,max,0.11975256353616714,0.16817130148410797,0.7120867967605591,0.7120867967605591,58,30
1201,7392,specialized_enriched,max,1.259104609489441,1.7691357135772705,0.7117060422897339,0.7117060422897339,81,30
1202,15116,specialized_enriched,max,0.2835026681423187,0.3984725773334503,0.7114734649658203,0.7114734649658203,41,30
1203,9282,specialized_enriched,max,0.47375696897506714,0.6664270162582397,0.7108910083770752,0.7108910083770752,54,30
1204,13665,specialized_enriched,max,1.0944671630859375,1.542445182800293,0.7095663547515869,0.7095663547515869,76,30
1205,5044,specialized_enriched,active_fraction,0.009707515127956867,0.013689672574400902,0.709112286567688,0.709112286567688,184,30
1206,15943,specialized_enriched,active_fraction,0.008707839995622635,0.012318572029471397,0.7068871259689331,0.7068871259689331,133,30
1207,8509,specialized_enriched,max,0.6024215817451477,0.8534578680992126,0.7058597803115845,0.7058597803115845,173,30
1208,14314,specialized_enriched,max,1.605613112449646,2.2844417095184326,0.7028470635414124,0.7028470635414124,38,30
1209,12723,specialized_enriched,active_fraction,0.005935541354119778,0.008448297157883644,0.7025725245475769,0.7025725245475769,81,30
1210,11218,specialized_enriched,max,0.4673101007938385,0.666695237159729,0.7009351253509521,0.7009351253509521,95,30
1211,13506,specialized_enriched,active_fraction,0.010456373915076256,0.01492602564394474,0.7005464434623718,0.7005464434623718,166,30
1212,14974,specialized_enriched,active_fraction,0.014923639595508575,0.02137121744453907,0.6983055472373962,0.6983055472373962,104,30
1213,102,specialized_enriched,max,0.2960863709449768,0.42436057329177856,0.6977235674858093,0.6977235674858093,32,30
1214,13037,specialized_enriched,max,0.461269736289978,0.6619541049003601,0.6968303918838501,0.6968303918838501,63,30
1215,10908,specialized_enriched,active_fraction,0.005587258841842413,0.008025865070521832,0.6961565613746643,0.6961565613746643,156,30
1216,13384,specialized_enriched,max,0.6792763471603394,0.9772851467132568,0.6950646638870239,0.6950646638870239,249,30
1217,7185,specialized_enriched,max,0.6703460812568665,0.9658449292182922,0.6940514445304871,0.6940514445304871,103,30
1218,10502,specialized_enriched,max,0.6038770079612732,0.8700789213180542,0.6940485239028931,0.6940485239028931,232,30
1219,14693,specialized_enriched,max,0.6224954128265381,0.8997514247894287,0.6918526291847229,0.6918526291847229,87,30
1220,14739,specialized_enriched,mean,0.03570188581943512,0.05161002278327942,0.6917626261711121,0.6917626261711121,160,30
1221,10307,specialized_enriched,max,0.15405860543251038,0.22336052358150482,0.689730703830719,0.689730703830719,48,30
1222,12745,specialized_enriched,max,0.7485682368278503,1.0856846570968628,0.6894895434379578,0.6894895434379578,76,30
1223,11572,specialized_enriched,max,0.23676735162734985,0.343860924243927,0.6885555386543274,0.6885555386543274,132,30
1224,3257,specialized_enriched,max,0.4310992956161499,0.6266593933105469,0.6879323720932007,0.6879323720932007,211,30
1225,15140,specialized_enriched,max,0.23589566349983215,0.3454320430755615,0.6829003691673279,0.6829003691673279,46,30
1226,8973,specialized_enriched,mean,0.028643513098359108,0.042123474180698395,0.6799893379211426,0.6799893379211426,130,30
1227,12408,specialized_enriched,max,0.9899556636810303,1.4569456577301025,0.6794732809066772,0.6794732809066772,49,30
1228,9075,specialized_enriched,max,0.6260638236999512,0.923362672328949,0.6780259013175964,0.6780259013175964,39,30
1229,4666,specialized_enriched,active_fraction,0.014482955448329449,0.021389588713645935,0.6771030426025391,0.6771030426025391,96,30
1230,3350,specialized_enriched,active_fraction,0.015035546384751797,0.022248541936278343,0.6757991909980774,0.6757991909980774,137,30
1231,15579,specialized_enriched,max,0.16020053625106812,0.23755604028701782,0.6743694543838501,0.6743694543838501,134,30
1232,15591,specialized_enriched,active_fraction,0.005049259401857853,0.0074923355132341385,0.6739233136177063,0.6739233136177063,87,30
1233,14629,specialized_enriched,active_fraction,0.011085528880357742,0.01646479219198227,0.6732869148254395,0.6732869148254395,140,30
1234,2910,specialized_enriched,max,0.13701406121253967,0.20395442843437195,0.6717876195907593,0.6717876195907593,37,30
1235,6314,specialized_enriched,active_fraction,0.028111174702644348,0.04194492846727371,0.6701924800872803,0.6701924800872803,171,30
1236,12031,specialized_enriched,max,0.29819613695144653,0.44525840878486633,0.6697148084640503,0.6697148084640503,96,30
1237,14774,specialized_enriched,max,0.630381166934967,0.941765308380127,0.6693612337112427,0.6693612337112427,56,30
1238,5756,specialized_enriched,max,0.6052019596099854,0.9080432057380676,0.6664902567863464,0.6664902567863464,77,30
1239,5219,specialized_enriched,active_fraction,0.004435581620782614,0.006657205987721682,0.6662827730178833,0.6662827730178833,111,30
1240,7696,specialized_enriched,max,0.14567838609218597,0.2188669890165329,0.6656023859977722,0.6656023859977722,33,30
1241,8726,specialized_enriched,max,0.33678537607192993,0.5063830018043518,0.6650803089141846,0.6650803089141846,42,30
1242,7343,specialized_enriched,active_fraction,0.0053850882686674595,0.008104292675852776,0.6644735932350159,0.6644735932350159,100,30
1243,5595,specialized_enriched,active_fraction,0.013235243037343025,0.019941959530115128,0.6636881828308105,0.6636881828308105,35,30
1244,10765,specialized_enriched,max,0.26576119661331177,0.4013313055038452,0.6621990203857422,0.6621990203857422,42,30
1245,5284,specialized_enriched,active_fraction,0.014169814065098763,0.021398304030299187,0.6621932983398438,0.6621932983398438,99,30
1246,12170,specialized_enriched,max,0.7715786099433899,1.1653718948364258,0.6620878577232361,0.6620878577232361,36,30
1247,2102,specialized_enriched,active_fraction,0.008653618395328522,0.013111955486238003,0.6599792242050171,0.6599792242050171,112,30
1248,4342,specialized_enriched,max,0.15484292805194855,0.23478078842163086,0.6595212817192078,0.6595212817192078,56,30
1249,2151,specialized_enriched,max,0.4617026448249817,0.7001032829284668,0.6594778895378113,0.6594778895378113,31,30
1250,9377,specialized_enriched,max,0.28045764565467834,0.4253847301006317,0.6593034863471985,0.6593034863471985,143,30
1251,705,specialized_enriched,max,0.4872352182865143,0.7391393184661865,0.659192681312561,0.659192681312561,79,30
1252,10459,specialized_enriched,max,0.19013291597366333,0.2890807092189789,0.6577156782150269,0.6577156782150269,126,30
1253,475,specialized_enriched,active_fraction,0.012873407453298569,0.01958419382572174,0.6573365926742554,0.6573365926742554,69,30
1254,13462,specialized_enriched,max,0.5517122149467468,0.8401807546615601,0.656658947467804,0.656658947467804,257,30
1255,5688,specialized_enriched,max,0.4600704610347748,0.7006635665893555,0.6566210985183716,0.6566210985183716,87,30
1256,1202,specialized_enriched,max,0.5388249754905701,0.8206782937049866,0.6565605401992798,0.6565605401992798,80,30
1257,14674,specialized_enriched,max,0.6530181169509888,0.9964517951011658,0.6553434133529663,0.6553434133529663,59,30
1258,13298,specialized_enriched,max,0.20573323965072632,0.31547412276268005,0.6521398425102234,0.6521398425102234,102,30
1259,14101,specialized_enriched,active_fraction,0.002851112512871623,0.004373037721961737,0.6519752740859985,0.6519752740859985,33,30
1260,495,specialized_enriched,max,0.38241010904312134,0.5865713357925415,0.6519413590431213,0.6519413590431213,64,30
1261,4942,specialized_enriched,active_fraction,0.011949170380830765,0.018345007672905922,0.6513581275939941,0.6513581275939941,114,30
1262,452,specialized_enriched,max,0.914339542388916,1.4052529335021973,0.650658369064331,0.650658369064331,77,30
1263,7818,specialized_enriched,active_fraction,0.013722947798669338,0.021102361381053925,0.6503039002418518,0.6503039002418518,33,30
1264,14731,specialized_enriched,max,0.33555492758750916,0.5164541602134705,0.6497283577919006,0.6497283577919006,48,30
1265,1060,specialized_enriched,max,0.22308039665222168,0.3435242176055908,0.6493876576423645,0.6493876576423645,215,30
1266,1742,specialized_enriched,max,0.15595723688602448,0.2402627319097519,0.6491112112998962,0.6491112112998962,106,30
1267,2741,specialized_enriched,max,0.5078341960906982,0.7824103832244873,0.6490637063980103,0.6490637063980103,77,30
1268,10553,specialized_enriched,active_fraction,0.012401510030031204,0.0191566813737154,0.6473725438117981,0.6473725438117981,53,30
1269,7758,specialized_enriched,max,0.9867539405822754,1.5243606567382812,0.6473231315612793,0.6473231315612793,112,30
1270,508,specialized_enriched,max,0.7154756784439087,1.1054625511169434,0.6472184062004089,0.6472184062004089,144,30
1271,2737,specialized_enriched,max,0.41723671555519104,0.6458388566970825,0.6460384130477905,0.6460384130477905,87,30
1272,9046,specialized_enriched,max,0.5748116970062256,0.8905720710754395,0.645440936088562,0.645440936088562,96,30
1273,10581,specialized_enriched,active_fraction,0.010169455781579018,0.01585003361105919,0.6416046619415283,0.6416046619415283,56,30
1274,10331,specialized_enriched,max,0.6552913188934326,1.02180016040802,0.6413106322288513,0.6413106322288513,93,30
1275,14849,specialized_enriched,max,0.4073273241519928,0.6359606385231018,0.6404914259910583,0.6404914259910583,42,30
1276,4490,specialized_enriched,max,0.5273399353027344,0.8235060572624207,0.6403595209121704,0.6403595209121704,182,30
1277,12280,specialized_enriched,max,0.2846803665161133,0.4453173875808716,0.6392751932144165,0.6392751932144165,39,30
1278,5085,specialized_enriched,max,0.6164708137512207,0.9652837514877319,0.6386420726776123,0.6386420726776123,60,30
1279,10694,specialized_enriched,max,0.21904969215393066,0.3431803584098816,0.6382932066917419,0.6382932066917419,46,30
1280,12245,specialized_enriched,max,0.2730972468852997,0.4279022812843323,0.63822340965271,0.63822340965271,30,30
1281,1345,specialized_enriched,max,0.38228294253349304,0.5994521975517273,0.6377204656600952,0.6377204656600952,61,30
1282,3366,specialized_enriched,max,0.8200721144676208,1.2862250804901123,0.6375805735588074,0.6375805735588074,88,30
1283,8152,specialized_enriched,max,0.5588448643684387,0.8796311616897583,0.6353172659873962,0.6353172659873962,34,30
1284,14364,specialized_enriched,max,0.31559908390045166,0.49785488843917847,0.6339178085327148,0.6339178085327148,281,30
1285,2471,specialized_enriched,active_fraction,0.009739067405462265,0.015369084663689137,0.6336790919303894,0.6336790919303894,97,30
1286,8046,specialized_enriched,max,0.34485116600990295,0.5448787808418274,0.6328952312469482,0.6328952312469482,226,30
1287,9682,specialized_enriched,max,0.3207755982875824,0.5087682604789734,0.6304945349693298,0.6304945349693298,53,30
1288,251,specialized_enriched,max,0.40746229887008667,0.647152841091156,0.6296229958534241,0.6296229958534241,89,30
1289,13276,specialized_enriched,max,0.27835699915885925,0.4421211779117584,0.6295943856239319,0.6295943856239319,55,30
1290,3345,specialized_enriched,active_fraction,0.006653103046119213,0.010574319399893284,0.6291755437850952,0.6291755437850952,83,30
1291,4986,specialized_enriched,max,1.1460517644882202,1.822790265083313,0.628734827041626,0.628734827041626,54,30
1292,14454,specialized_enriched,active_fraction,0.008933798409998417,0.014221538789570332,0.628187894821167,0.628187894821167,144,30
1293,6572,specialized_enriched,max,0.2520890533924103,0.4016970694065094,0.6275600790977478,0.6275600790977478,151,30
1294,15043,specialized_enriched,max,0.46669358015060425,0.7440906167030334,0.6271999478340149,0.6271999478340149,87,30
1295,3160,specialized_enriched,max,0.18901926279067993,0.3034294843673706,0.6229429841041565,0.6229429841041565,78,30
1296,3552,specialized_enriched,max,0.2953168749809265,0.4741818606853485,0.6227924227714539,0.6227924227714539,93,30
1297,16293,specialized_enriched,max,0.2905738949775696,0.46687108278274536,0.6223857402801514,0.6223857402801514,80,30
1298,9607,specialized_enriched,max,0.5012044310569763,0.8084952235221863,0.6199225783348083,0.6199225783348083,143,30
1299,11119,specialized_enriched,max,0.28074467182159424,0.4532231390476227,0.6194403171539307,0.6194403171539307,197,30
1300,8254,specialized_enriched,mean,0.1474422961473465,0.238386332988739,0.6185014843940735,0.6185014843940735,79,30
1301,1367,specialized_enriched,max,1.027022123336792,1.660772442817688,0.6184002757072449,0.6184002757072449,67,30
1302,9306,specialized_enriched,max,0.3046482503414154,0.4932076334953308,0.6176876425743103,0.6176876425743103,70,30
1303,15623,specialized_enriched,max,0.7558293342590332,1.2246180772781372,0.6171959638595581,0.6171959638595581,30,30
1304,16087,specialized_enriched,max,0.6494588255882263,1.0534132719039917,0.6165280342102051,0.6165280342102051,43,30
1305,15561,specialized_enriched,active_fraction,0.0049335407093167305,0.008013219572603703,0.6156752109527588,0.6156752109527588,50,30
1306,12491,specialized_enriched,max,0.5173175930976868,0.8423040509223938,0.6141696572303772,0.6141696572303772,126,30
1307,5954,specialized_enriched,max,0.4639362692832947,0.7592174410820007,0.6110716462135315,0.6110716462135315,209,30
1308,3859,specialized_enriched,mean,0.024117637425661087,0.0395505391061306,0.6097928881645203,0.6097928881645203,55,30
1309,10054,specialized_enriched,max,0.664045512676239,1.0922553539276123,0.6079581379890442,0.6079581379890442,63,30
1310,12573,specialized_enriched,active_fraction,0.012561065144836903,0.020696677267551422,0.6069121360778809,0.6069121360778809,252,30
1311,12302,specialized_enriched,max,0.23441191017627716,0.38702815771102905,0.6056714653968811,0.6056714653968811,38,30
1312,2745,specialized_enriched,max,0.3827858865261078,0.6323946714401245,0.6052958965301514,0.6052958965301514,80,30
1313,159,specialized_enriched,active_fraction,0.009361030533909798,0.015490577556192875,0.6043047904968262,0.6043047904968262,58,30
1314,1230,specialized_enriched,active_fraction,0.00514074694365263,0.008513533510267735,0.6038323640823364,0.6038323640823364,145,30
1315,7419,specialized_enriched,max,0.4606274366378784,0.763058066368103,0.6036597490310669,0.6036597490310669,35,30
1316,12809,specialized_enriched,max,0.6622524857521057,1.0971410274505615,0.6036165356636047,0.6036165356636047,185,30
1317,14273,specialized_enriched,active_fraction,0.006450051907449961,0.010706118308007717,0.6024640798568726,0.6024640798568726,36,30
1318,13133,specialized_enriched,max,0.13116057217121124,0.2178870290517807,0.6019659638404846,0.6019659638404846,44,30
1319,3640,specialized_enriched,max,1.0427672863006592,1.7325966358184814,0.601852297782898,0.601852297782898,60,30
1320,1069,specialized_enriched,max,0.13656648993492126,0.2276591807603836,0.5998725295066833,0.5998725295066833,51,30
1321,7274,specialized_enriched,max,0.0945245549082756,0.157742440700531,0.5992335081100464,0.5992335081100464,48,30
1322,3871,specialized_enriched,max,0.24524135887622833,0.40943101048469543,0.5989809036254883,0.5989809036254883,47,30
1323,4765,specialized_enriched,active_fraction,0.00427105650305748,0.007135105784982443,0.598597526550293,0.598597526550293,38,30
1324,10302,specialized_enriched,max,0.2641468644142151,0.441964328289032,0.597665548324585,0.597665548324585,104,30
1325,7882,specialized_enriched,max,0.3390989601612091,0.5688327550888062,0.5961312055587769,0.5961312055587769,137,30
1326,5868,specialized_enriched,active_fraction,0.013000517152249813,0.021820226684212685,0.5958011746406555,0.5958011746406555,121,30
1327,8897,specialized_enriched,max,0.44732773303985596,0.7519145011901855,0.5949183702468872,0.5949183702468872,224,30
1328,12944,specialized_enriched,max,0.43408143520355225,0.7320788502693176,0.592943549156189,0.592943549156189,161,30
1329,4481,specialized_enriched,max,0.22690406441688538,0.3836490511894226,0.591436505317688,0.591436505317688,54,30
1330,14465,specialized_enriched,max,0.14982011914253235,0.25381746888160706,0.5902671813964844,0.5902671813964844,36,30
1331,8108,specialized_enriched,max,0.3716297745704651,0.6315301656723022,0.5884592533111572,0.5884592533111572,92,30
1332,8124,specialized_enriched,mean,0.025693587958812714,0.043728023767471313,0.5875771641731262,0.5875771641731262,46,30
1333,6524,specialized_enriched,max,0.38576191663742065,0.6575155258178711,0.5866962671279907,0.5866962671279907,85,30
1334,12980,specialized_enriched,max,0.217484250664711,0.37113210558891296,0.5860022306442261,0.5860022306442261,85,30
1335,1391,specialized_enriched,max,0.4165506660938263,0.7113727331161499,0.5855589509010315,0.5855589509010315,36,30
1336,9957,specialized_enriched,active_fraction,0.005763206630945206,0.009850730188190937,0.5850537419319153,0.5850537419319153,111,30
1337,8244,specialized_enriched,active_fraction,0.007122310344129801,0.012198311276733875,0.5838767290115356,0.5838767290115356,152,30
1338,13407,specialized_enriched,active_fraction,0.0034793447703123093,0.0059650917537510395,0.5832843780517578,0.5832843780517578,71,30
1339,1853,specialized_enriched,active_fraction,0.004892982542514801,0.008410051465034485,0.58180171251297,0.58180171251297,76,30
1340,8094,specialized_enriched,active_fraction,0.00870143435895443,0.014977112412452698,0.5809820890426636,0.5809820890426636,81,30
1341,14180,specialized_enriched,active_fraction,0.01111083384603262,0.01913483999669552,0.5806598663330078,0.5806598663330078,80,30
1342,12520,specialized_enriched,max,0.42419302463531494,0.7319559454917908,0.5795335173606873,0.5795335173606873,47,30
1343,7573,specialized_enriched,active_fraction,0.0026151782367378473,0.004519837908446789,0.5785999894142151,0.5785999894142151,30,30
1344,12475,specialized_enriched,max,0.5010663866996765,0.8686510324478149,0.5768327713012695,0.5768327713012695,77,30
1345,11953,specialized_enriched,max,0.8162482380867004,1.4165499210357666,0.5762227177619934,0.5762227177619934,65,30
1346,14272,specialized_enriched,max,0.2635924220085144,0.45978397130966187,0.5732962489128113,0.5732962489128113,109,30
1347,478,specialized_enriched,max,0.45947784185409546,0.802327036857605,0.5726814866065979,0.5726814866065979,59,30
1348,13144,specialized_enriched,max,0.29316431283950806,0.5119514465332031,0.5726408362388611,0.5726408362388611,81,30
1349,7498,specialized_enriched,max,0.2844395637512207,0.49797186255455017,0.5711960792541504,0.5711960792541504,34,30
1350,3764,specialized_enriched,max,1.0874900817871094,1.9091483354568481,0.5696205496788025,0.5696205496788025,49,30
1351,1908,specialized_enriched,active_fraction,0.00958408322185278,0.01683560013771057,0.5692748427391052,0.5692748427391052,68,30
1352,2391,specialized_enriched,max,0.2548072338104248,0.44781461358070374,0.5690016150474548,0.5690016150474548,42,30
1353,7109,specialized_enriched,max,0.3139186501502991,0.5525326728820801,0.5681449770927429,0.5681449770927429,123,30
1354,6541,specialized_enriched,active_fraction,0.0037648663856089115,0.0066512105986475945,0.5660423040390015,0.5660423040390015,43,30
1355,15203,specialized_enriched,active_fraction,0.005931938998401165,0.010484353639185429,0.5657896995544434,0.5657896995544434,64,30
1356,11621,specialized_enriched,active_fraction,0.010310541838407516,0.018223559483885765,0.5657808780670166,0.5657808780670166,82,30
1357,9723,specialized_enriched,active_fraction,0.0036529856733977795,0.00646953983232379,0.5646438002586365,0.5646438002586365,30,30
1358,8113,specialized_enriched,max,0.5356297492980957,0.9515485167503357,0.5629032254219055,0.5629032254219055,117,30
1359,4918,specialized_enriched,mean,0.03263167664408684,0.058006126433610916,0.5625556707382202,0.5625556707382202,34,30
1360,5725,specialized_enriched,active_fraction,0.006060436367988586,0.010806389153003693,0.5608197450637817,0.5608197450637817,45,30
1361,1401,specialized_enriched,max,0.5732999444007874,1.0245977640151978,0.5595365762710571,0.5595365762710571,66,30
1362,14547,specialized_enriched,max,0.3477432131767273,0.6221075057983398,0.5589760541915894,0.5589760541915894,47,30
1363,11963,specialized_enriched,max,0.4571082890033722,0.8189701437950134,0.5581501126289368,0.5581501126289368,41,30
1364,11069,specialized_enriched,max,0.3843662738800049,0.6899784803390503,0.5570699572563171,0.5570699572563171,81,30
1365,3874,specialized_enriched,max,0.30741679668426514,0.5535962581634521,0.5553086400032043,0.5553086400032043,52,30
1366,11475,specialized_enriched,max,0.347329705953598,0.6255635023117065,0.5552269220352173,0.5552269220352173,103,30
1367,279,specialized_enriched,mean,0.027913697063922882,0.050298143178224564,0.5549647808074951,0.5549647808074951,78,30
1368,10941,specialized_enriched,max,0.1827930063009262,0.3299216330051422,0.5540497899055481,0.5540497899055481,66,30
1369,11549,specialized_enriched,max,0.2535337507724762,0.4582903981208801,0.5532163977622986,0.5532163977622986,60,30
1370,6670,specialized_enriched,max,0.48791223764419556,0.8821675181388855,0.5530834197998047,0.5530834197998047,81,30
1371,4990,specialized_enriched,active_fraction,0.004811264108866453,0.00873974896967411,0.550503671169281,0.550503671169281,86,30
1372,10726,specialized_enriched,max,0.34314608573913574,0.6248019933700562,0.5492077469825745,0.5492077469825745,68,30
1373,15722,specialized_enriched,active_fraction,0.004273741040378809,0.007786318194121122,0.5488783121109009,0.5488783121109009,41,30
1374,471,specialized_enriched,max,0.13211111724376678,0.24082574248313904,0.5485755801200867,0.5485755801200867,48,30
1375,13028,specialized_enriched,max,0.3027578592300415,0.5519356727600098,0.548538327217102,0.548538327217102,35,30
1376,2969,specialized_enriched,max,0.2549832761287689,0.4659392833709717,0.5472457408905029,0.5472457408905029,61,30
1377,1459,specialized_enriched,max,0.1867333948612213,0.3415336310863495,0.5467496514320374,0.5467496514320374,43,30
1378,1613,specialized_enriched,max,0.4475896656513214,0.8189952969551086,0.546510636806488,0.546510636806488,105,30
1379,4554,specialized_enriched,active_fraction,0.010110430419445038,0.018529420718550682,0.5456420183181763,0.5456420183181763,66,30
1380,9675,specialized_enriched,max,0.18260295689105988,0.3352707028388977,0.5446433424949646,0.5446433424949646,61,30
1381,14803,specialized_enriched,active_fraction,0.003321842523291707,0.00610153004527092,0.5444278120994568,0.5444278120994568,53,30
1382,3719,specialized_enriched,max,0.2934536635875702,0.5395037531852722,0.5439325571060181,0.5439325571060181,68,30
1383,4470,specialized_enriched,max,0.23618561029434204,0.4347885847091675,0.5432194471359253,0.5432194471359253,262,30
1384,4267,specialized_enriched,max,0.6729598641395569,1.2397675514221191,0.5428113341331482,0.5428113341331482,197,30
1385,14833,specialized_enriched,max,0.24713532626628876,0.4575657248497009,0.5401089191436768,0.5401089191436768,132,30
1386,5966,specialized_enriched,max,0.2045278251171112,0.3797682225704193,0.53855961561203,0.53855961561203,97,30
1387,2313,specialized_enriched,max,0.41964784264564514,0.7792483568191528,0.5385289788246155,0.5385289788246155,61,30
1388,6371,specialized_enriched,max,0.12895257771015167,0.24002088606357574,0.5372556447982788,0.5372556447982788,174,30
1389,2292,specialized_enriched,active_fraction,0.012419041246175766,0.023196954280138016,0.5353738069534302,0.5353738069534302,148,30
1390,4525,specialized_enriched,active_fraction,0.012309810146689415,0.02301570400595665,0.5348439812660217,0.5348439812660217,141,30
1391,10510,specialized_enriched,max,0.6529447436332703,1.224543571472168,0.533214807510376,0.533214807510376,79,30
1392,8288,specialized_enriched,max,0.2929207384586334,0.5525100827217102,0.530163586139679,0.530163586139679,39,30
1393,4929,specialized_enriched,max,0.45990729331970215,0.8694202303886414,0.5289815664291382,0.5289815664291382,49,30
1394,11057,specialized_enriched,max,0.4948790669441223,0.9402436017990112,0.5263307094573975,0.5263307094573975,57,30
1395,13177,specialized_enriched,active_fraction,0.0038898673374205828,0.00741982227191329,0.5242534279823303,0.5242534279823303,51,30
1396,14137,specialized_enriched,max,0.31140145659446716,0.5942400097846985,0.5240331292152405,0.5240331292152405,105,30
1397,6808,specialized_enriched,max,0.621265172958374,1.1882169246673584,0.5228549838066101,0.5228549838066101,45,30
1398,6913,specialized_enriched,max,0.5144470930099487,0.9849258065223694,0.5223206281661987,0.5223206281661987,218,30
1399,2526,specialized_enriched,active_fraction,0.014425059780478477,0.027620909735560417,0.5222514271736145,0.5222514271736145,108,30
1400,8471,specialized_enriched,max,0.1442168951034546,0.27694132924079895,0.5207489132881165,0.5207489132881165,74,30
1401,10859,specialized_enriched,active_fraction,0.008531826548278332,0.016434112563729286,0.5191534757614136,0.5191534757614136,70,30
1402,11275,specialized_enriched,active_fraction,0.005560720339417458,0.010722815059125423,0.5185877084732056,0.5185877084732056,55,30
1403,4663,specialized_enriched,max,0.10600678622722626,0.20450524985790253,0.5183572769165039,0.5183572769165039,37,30
1404,9659,specialized_enriched,active_fraction,0.019610218703746796,0.03786255046725273,0.5179318189620972,0.5179318189620972,171,30
1405,7563,specialized_enriched,max,0.23892252147197723,0.4617939889431,0.5173790454864502,0.5173790454864502,78,30
1406,9334,specialized_enriched,active_fraction,0.009653793647885323,0.018672974780201912,0.5169928073883057,0.5169928073883057,90,30
1407,6668,specialized_enriched,max,0.5245188474655151,1.0146729946136475,0.5169338583946228,0.5169338583946228,81,30
1408,13662,specialized_enriched,max,0.2310451716184616,0.4471644163131714,0.5166895389556885,0.5166895389556885,144,30
1409,4631,specialized_enriched,active_fraction,0.004653935320675373,0.00901748612523079,0.5161011815071106,0.5161011815071106,82,30
1410,6415,specialized_enriched,max,0.32878655195236206,0.6371545791625977,0.5160232186317444,0.5160232186317444,84,30
1411,15516,specialized_enriched,active_fraction,0.004020456224679947,0.00784711167216301,0.5123485326766968,0.5123485326766968,56,30
1412,1094,specialized_enriched,max,0.556281566619873,1.0858476161956787,0.5123016834259033,0.5123016834259033,63,30
1413,6405,specialized_enriched,mean,0.08111932128667831,0.15848155319690704,0.5118533968925476,0.5118533968925476,90,30
1414,16354,specialized_enriched,max,0.4110119938850403,0.8054027557373047,0.5103185772895813,0.5103185772895813,49,30
1415,13466,specialized_enriched,max,0.3550392687320709,0.6957255005836487,0.5103151798248291,0.5103151798248291,70,30
1416,7443,specialized_enriched,max,0.30113092064857483,0.5907381772994995,0.5097535848617554,0.5097535848617554,88,30
1417,1366,specialized_enriched,mean,0.05377974361181259,0.10572035610675812,0.5086981058120728,0.5086981058120728,77,30
1418,4166,specialized_enriched,active_fraction,0.006821583956480026,0.013462761417031288,0.5067002177238464,0.5067002177238464,129,30
1419,2134,specialized_enriched,max,0.47815871238708496,0.9436801075935364,0.5066957473754883,0.5066957473754883,89,30
1420,3770,specialized_enriched,active_fraction,0.00906806718558073,0.01792125776410103,0.5059950351715088,0.5059950351715088,197,30
1421,2870,specialized_enriched,max,0.24633246660232544,0.4872089624404907,0.5055992007255554,0.5055992007255554,30,30
1422,11561,specialized_enriched,max,0.759488582611084,1.507396936416626,0.5038411617279053,0.5038411617279053,87,30
1423,5146,specialized_enriched,max,0.2976236641407013,0.5951232314109802,0.5001042485237122,0.5001042485237122,130,30
1424,3676,specialized_enriched,max,0.443570077419281,0.887197732925415,0.4999675452709198,0.4999675452709198,122,30
1425,1101,specialized_enriched,mean,0.03631772845983505,0.07301836460828781,0.49737799167633057,0.49737799167633057,93,30
1426,14491,specialized_enriched,active_fraction,0.020399276167154312,0.04108178988099098,0.4965527653694153,0.4965527653694153,254,30
1427,10244,specialized_enriched,max,0.3208273947238922,0.647063672542572,0.49582043290138245,0.49582043290138245,64,30
1428,1603,specialized_enriched,active_fraction,0.008324593305587769,0.016851412132382393,0.49399974942207336,0.49399974942207336,104,30
1429,15031,specialized_enriched,max,0.15556707978248596,0.31534793972969055,0.4933188259601593,0.4933188259601593,145,30
1430,4687,specialized_enriched,max,0.24105671048164368,0.4887992739677429,0.4931609332561493,0.4931609332561493,77,30
1431,13768,specialized_enriched,max,0.3873797059059143,0.7877846956253052,0.49173295497894287,0.49173295497894287,125,30
1432,16351,specialized_enriched,max,0.6121788024902344,1.2527787685394287,0.48865675926208496,0.48865675926208496,162,30
1433,14754,specialized_enriched,max,0.38545191287994385,0.7893794178962708,0.48829740285873413,0.48829740285873413,49,30
1434,11521,specialized_enriched,active_fraction,0.003641910385340452,0.007475985214114189,0.48714789748191833,0.48714789748191833,32,30
1435,8407,specialized_enriched,max,0.32801249623298645,0.6746605634689331,0.4861889183521271,0.4861889183521271,61,30
1436,11362,specialized_enriched,max,0.08648450672626495,0.17868658900260925,0.484001100063324,0.484001100063324,43,30
1437,1350,specialized_enriched,max,0.5557259917259216,1.1488673686981201,0.4837163984775543,0.4837163984775543,164,30
1438,9280,specialized_enriched,max,0.1446082890033722,0.29909586906433105,0.48348474502563477,0.48348474502563477,77,30
1439,7416,specialized_enriched,max,0.1495000123977661,0.3102044463157654,0.48194026947021484,0.48194026947021484,55,30
1440,11384,specialized_enriched,max,0.2176123559474945,0.4515848755836487,0.4818858504295349,0.4818858504295349,36,30
1441,16276,specialized_enriched,mean,0.023866642266511917,0.04968983680009842,0.4803123474121094,0.4803123474121094,56,30
1442,9860,specialized_enriched,max,0.523725152015686,1.0904111862182617,0.4803006052970886,0.4803006052970886,64,30
1443,9616,specialized_enriched,max,0.3011092245578766,0.6285433173179626,0.4790588319301605,0.4790588319301605,87,30
1444,15789,specialized_enriched,active_fraction,0.0030036242678761482,0.006272518541663885,0.47885459661483765,0.47885459661483765,47,30
1445,14969,specialized_enriched,active_fraction,0.006364226806908846,0.013300584629178047,0.47849225997924805,0.47849225997924805,165,30
1446,4519,specialized_enriched,max,0.10289814323186874,0.21509350836277008,0.4783879518508911,0.4783879518508911,39,30
1447,7738,specialized_enriched,active_fraction,0.007466036360710859,0.01563148945569992,0.4776279628276825,0.4776279628276825,165,30
1448,11569,specialized_enriched,max,0.3952729105949402,0.827833890914917,0.4774785339832306,0.4774785339832306,42,30
1449,7022,specialized_enriched,max,0.26779770851135254,0.5620810389518738,0.4764396846294403,0.4764396846294403,78,30
1450,14318,specialized_enriched,max,0.37394216656684875,0.7880080938339233,0.4745410084724426,0.4745410084724426,45,30
1451,14244,specialized_enriched,max,0.39010336995124817,0.8221412897109985,0.4744967520236969,0.4744967520236969,43,30
1452,1525,specialized_enriched,active_fraction,0.0037363083101809025,0.007879264652729034,0.47419506311416626,0.47419506311416626,54,30
1453,9826,specialized_enriched,max,0.13894370198249817,0.29322874546051025,0.4738406538963318,0.4738406538963318,35,30
1454,2018,specialized_enriched,max,1.0757794380187988,2.2756357192993164,0.47273796796798706,0.47273796796798706,47,30
1455,13848,specialized_enriched,mean,0.034657642245292664,0.07354659587144852,0.4712338149547577,0.4712338149547577,80,30
1456,12527,specialized_enriched,max,0.38653796911239624,0.8230846524238586,0.4696211516857147,0.4696211516857147,111,30
1457,1118,specialized_enriched,max,0.501532256603241,1.073381781578064,0.4672449827194214,0.4672449827194214,143,30
1458,12075,specialized_enriched,max,0.1056896522641182,0.22648699581623077,0.46664777398109436,0.46664777398109436,47,30
1459,7153,specialized_enriched,mean,0.02525719627737999,0.054218489676713943,0.46584102511405945,0.46584102511405945,123,30
1460,6129,specialized_enriched,active_fraction,0.005913233384490013,0.012737400829792023,0.46424177289009094,0.46424177289009094,58,30
1461,2310,specialized_enriched,mean,0.016493074595928192,0.03553467616438866,0.46414029598236084,0.46414029598236084,130,30
1462,5813,specialized_enriched,mean,0.0291452519595623,0.06279634684324265,0.46412336826324463,0.46412336826324463,41,30
1463,4173,specialized_enriched,max,0.36961525678634644,0.7964685559272766,0.46406760811805725,0.46406760811805725,127,30
1464,4207,specialized_enriched,active_fraction,0.0029921121895313263,0.0064624398946762085,0.4630003869533539,0.4630003869533539,33,30
1465,771,specialized_enriched,max,0.19457191228866577,0.42139264941215515,0.46173542737960815,0.46173542737960815,82,30
1466,11885,specialized_enriched,active_fraction,0.003167013870552182,0.006951925810426474,0.45555922389030457,0.45555922389030457,71,30
1467,3031,specialized_enriched,active_fraction,0.005524835083633661,0.012149281799793243,0.4547458291053772,0.4547458291053772,37,30
1468,11381,specialized_enriched,max,0.11332633346319199,0.25032174587249756,0.4527226984500885,0.4527226984500885,50,30
1469,4501,specialized_enriched,active_fraction,0.004441566299647093,0.00981198437511921,0.4526674747467041,0.4526674747467041,33,30
1470,11191,specialized_enriched,max,0.0976516529917717,0.21670204401016235,0.4506263732910156,0.4506263732910156,57,30
1471,15532,specialized_enriched,max,0.3468877077102661,0.7701376676559448,0.4504229724407196,0.4504229724407196,141,30
1472,8097,specialized_enriched,active_fraction,0.00723497336730361,0.01608774997293949,0.4497193992137909,0.4497193992137909,36,30
1473,1970,specialized_enriched,max,0.37380149960517883,0.8314902782440186,0.44955605268478394,0.44955605268478394,37,30
1474,11841,specialized_enriched,max,0.14847831428050995,0.3310822546482086,0.4484635293483734,0.4484635293483734,77,30
1475,12907,specialized_enriched,max,0.25918078422546387,0.5791775584220886,0.4474979639053345,0.4474979639053345,58,30
1476,12331,specialized_enriched,max,0.17515048384666443,0.3918664753437042,0.44696471095085144,0.44696471095085144,70,30
1477,5211,specialized_enriched,max,0.23969976603984833,0.5383155941963196,0.4452773928642273,0.4452773928642273,111,30
1478,9157,specialized_enriched,active_fraction,0.002570635173469782,0.005782140884548426,0.44458189606666565,0.44458189606666565,43,30
1479,11308,specialized_enriched,active_fraction,0.006713175214827061,0.015117347240447998,0.4440709948539734,0.4440709948539734,62,30
1480,2541,specialized_enriched,active_fraction,0.009447136893868446,0.02158740535378456,0.437622606754303,0.437622606754303,90,30
1481,11282,specialized_enriched,max,0.3642198145389557,0.8348994851112366,0.4362439215183258,0.4362439215183258,64,30
1482,4089,specialized_enriched,mean,0.05968005582690239,0.1371159553527832,0.43525245785713196,0.43525245785713196,252,30
1483,6341,specialized_enriched,max,0.9848717451095581,2.270601272583008,0.43374931812286377,0.43374931812286377,119,30
1484,2268,specialized_enriched,max,0.6015888452529907,1.3920611143112183,0.43215692043304443,0.43215692043304443,188,30
1485,13311,specialized_enriched,max,0.617415726184845,1.4294613599777222,0.43192192912101746,0.43192192912101746,35,30
1486,12025,specialized_enriched,active_fraction,0.009650355204939842,0.02238188125193119,0.43116819858551025,0.43116819858551025,225,30
1487,13502,specialized_enriched,max,0.19513581693172455,0.45916834473609924,0.424976646900177,0.424976646900177,104,30
1488,2938,specialized_enriched,max,0.5194125771522522,1.228482961654663,0.42280811071395874,0.42280811071395874,133,30
1489,12405,specialized_enriched,active_fraction,0.013227824121713638,0.03140132874250412,0.42125046253204346,0.42125046253204346,193,30
1490,4606,specialized_enriched,max,0.1589355766773224,0.38222697377204895,0.41581466794013977,0.41581466794013977,47,30
1491,14262,specialized_enriched,max,0.6096755266189575,1.4663220643997192,0.415785551071167,0.415785551071167,89,30
1492,5935,specialized_enriched,active_fraction,0.0023832060396671295,0.0057320185005664825,0.41577082872390747,0.41577082872390747,50,30
1493,1548,specialized_enriched,max,0.24342100322246552,0.5888940691947937,0.4133527874946594,0.4133527874946594,192,30
1494,15831,specialized_enriched,max,0.2583172023296356,0.6265851855278015,0.4122619032859802,0.4122619032859802,225,30
1495,12298,specialized_enriched,active_fraction,0.0047487071715295315,0.011527585797011852,0.41194289922714233,0.41194289922714233,51,30
1496,9566,specialized_enriched,max,0.32290616631507874,0.7840992212295532,0.4118179976940155,0.4118179976940155,78,30
1497,14319,specialized_enriched,max,0.3934476375579834,0.9588043093681335,0.4103523790836334,0.4103523790836334,85,30
1498,12905,specialized_enriched,active_fraction,0.0050816587172448635,0.012423533014953136,0.4090349078178406,0.4090349078178406,112,30
1499,6232,specialized_enriched,mean,0.012848989106714725,0.031414881348609924,0.4090096354484558,0.4090096354484558,39,30
1500,10633,specialized_enriched,max,0.605850338935852,1.4821228981018066,0.40877199172973633,0.40877199172973633,68,30
1501,4159,specialized_enriched,active_fraction,0.008744717575609684,0.021529024466872215,0.4061827063560486,0.4061827063560486,177,30
1502,374,specialized_enriched,max,0.2988247573375702,0.7373945116996765,0.4052440822124481,0.4052440822124481,65,30
1503,5795,specialized_enriched,mean,0.09020010381937027,0.224972665309906,0.4009380638599396,0.4009380638599396,32,30
1504,14371,specialized_enriched,active_fraction,0.00541785079985857,0.01351457741111517,0.40088939666748047,0.40088939666748047,120,30
1505,16347,specialized_enriched,max,0.20618095993995667,0.5150173306465149,0.40033790469169617,0.40033790469169617,73,30
1506,14116,specialized_enriched,active_fraction,0.0037254071794450283,0.009405466727912426,0.3960895538330078,0.3960895538330078,30,30
1507,12470,specialized_enriched,active_fraction,0.0031130004208534956,0.007861421443521976,0.395984411239624,0.395984411239624,36,30
1508,4634,specialized_enriched,max,0.23180869221687317,0.5882532000541687,0.3940627872943878,0.3940627872943878,168,30
1509,13402,specialized_enriched,max,0.18599450588226318,0.47255125641822815,0.39359647035598755,0.39359647035598755,129,30
1510,9680,specialized_enriched,mean,0.033068202435970306,0.08408031612634659,0.39329302310943604,0.39329302310943604,55,30
1511,9011,specialized_enriched,mean,0.050488606095314026,0.12947966158390045,0.3899346590042114,0.3899346590042114,227,30
1512,7123,specialized_enriched,max,0.1873370110988617,0.4821261763572693,0.3885642886161804,0.3885642886161804,51,30
1513,4507,specialized_enriched,max,0.46010565757751465,1.188720464706421,0.38705959916114807,0.38705959916114807,84,30
1514,4979,specialized_enriched,active_fraction,0.007882458157837391,0.020489396527409554,0.3847091495990753,0.3847091495990753,75,30
1515,10020,specialized_enriched,mean,0.010838034562766552,0.02818240225315094,0.3845674395561218,0.3845674395561218,52,30
1516,1351,specialized_enriched,max,0.4174274206161499,1.0921021699905396,0.38222378492355347,0.38222378492355347,42,30
1517,10489,specialized_enriched,max,0.8690671920776367,2.275085926055908,0.3819931149482727,0.3819931149482727,61,30
1518,283,specialized_enriched,max,0.20493054389953613,0.5385499596595764,0.38052281737327576,0.38052281737327576,123,30
1519,13550,specialized_enriched,max,0.5411064028739929,1.4229382276535034,0.3802739977836609,0.3802739977836609,96,30
1520,13902,specialized_enriched,active_fraction,0.001914612133987248,0.005052052903920412,0.37897706031799316,0.37897706031799316,33,30
1521,2679,specialized_enriched,max,0.3791836202144623,1.0009831190109253,0.37881121039390564,0.37881121039390564,40,30
1522,1229,specialized_enriched,mean,0.06936804950237274,0.18328411877155304,0.37847277522087097,0.37847277522087097,137,30
1523,10291,specialized_enriched,mean,0.01078230980783701,0.02850993536412716,0.37819480895996094,0.37819480895996094,59,30
1524,3919,specialized_enriched,max,0.18589822947978973,0.49313655495643616,0.3769710958003998,0.3769710958003998,132,30
1525,3788,specialized_enriched,active_fraction,0.003987735137343407,0.010643839836120605,0.3746519386768341,0.3746519386768341,37,30
1526,5814,specialized_enriched,max,0.4556671380996704,1.2172948122024536,0.374327689409256,0.374327689409256,84,30
1527,7222,specialized_enriched,max,0.3521941900253296,0.9410567283630371,0.37425392866134644,0.37425392866134644,122,30
1528,2358,specialized_enriched,max,1.1223070621490479,3.045295238494873,0.3685380220413208,0.3685380220413208,124,30
1529,4180,specialized_enriched,max,0.23431283235549927,0.6367790699005127,0.3679656684398651,0.3679656684398651,55,30
1530,1848,specialized_enriched,max,0.22688403725624084,0.6192712783813477,0.36637261509895325,0.36637261509895325,53,30
1531,7531,specialized_enriched,max,0.16283446550369263,0.44610312581062317,0.36501529812812805,0.36501529812812805,84,30
1532,2935,specialized_enriched,max,0.14238013327121735,0.39034169912338257,0.3647576868534088,0.3647576868534088,54,30
1533,11772,specialized_enriched,max,0.2766970098018646,0.7618684768676758,0.3631821274757385,0.3631821274757385,122,30
1534,8539,specialized_enriched,max,0.08744356781244278,0.24082811176776886,0.36309534311294556,0.36309534311294556,127,30
1535,4844,specialized_enriched,active_fraction,0.001490065362304449,0.004115534946322441,0.36205872893333435,0.36205872893333435,30,30
1536,7839,specialized_enriched,max,0.12839287519454956,0.3584834337234497,0.35815566778182983,0.35815566778182983,131,30
1537,15793,specialized_enriched,max,0.46365880966186523,1.2984988689422607,0.35707294940948486,0.35707294940948486,66,30
1538,8262,specialized_enriched,max,0.09814788401126862,0.27567964792251587,0.3560214936733246,0.3560214936733246,31,30
1539,15680,specialized_enriched,max,0.08207911252975464,0.23167020082473755,0.35429292917251587,0.35429292917251587,124,30
1540,4340,specialized_enriched,max,0.35023242235183716,0.9919863343238831,0.3530617356300354,0.3530617356300354,48,30
1541,628,specialized_enriched,active_fraction,0.005205186083912849,0.01492806151509285,0.3486846685409546,0.3486846685409546,88,30
1542,6422,specialized_enriched,max,0.2521190345287323,0.7275791168212891,0.3465176820755005,0.3465176820755005,153,30
1543,1182,specialized_enriched,max,0.18782460689544678,0.5423299670219421,0.3463290333747864,0.3463290333747864,75,30
1544,15411,specialized_enriched,max,0.5227885246276855,1.5128467082977295,0.3455660939216614,0.3455660939216614,34,30
1545,13766,specialized_enriched,max,0.30485254526138306,0.8955263495445251,0.34041717648506165,0.34041717648506165,108,30
1546,1956,specialized_enriched,active_fraction,0.006287786178290844,0.018532026559114456,0.339292973279953,0.339292973279953,52,30
1547,9961,specialized_enriched,max,0.24662786722183228,0.7305120229721069,0.33760958909988403,0.33760958909988403,59,30
1548,15808,specialized_enriched,max,0.20530925691127777,0.6088059544563293,0.33723267912864685,0.33723267912864685,121,30
1549,13422,specialized_enriched,max,0.2642863392829895,0.7905094623565674,0.33432406187057495,0.33432406187057495,56,30
1550,5039,specialized_enriched,max,0.2249363362789154,0.6832441687583923,0.3292180895805359,0.3292180895805359,85,30
1551,14918,specialized_enriched,max,0.27914199233055115,0.8510417938232422,0.32800033688545227,0.32800033688545227,68,30
1552,6653,specialized_enriched,max,0.23517537117004395,0.7195113897323608,0.32685425877571106,0.32685425877571106,77,30
1553,14725,specialized_enriched,max,0.31917592883110046,0.9869533777236938,0.32339513301849365,0.32339513301849365,78,30
1554,4060,specialized_enriched,active_fraction,0.0016752728261053562,0.005210991948843002,0.32148829102516174,0.32148829102516174,37,30
1555,7657,specialized_enriched,max,0.13545861840248108,0.42180728912353516,0.3211386501789093,0.3211386501789093,59,30
1556,9135,specialized_enriched,active_fraction,0.006222299300134182,0.019413519650697708,0.3205137252807617,0.3205137252807617,89,30
1557,11227,specialized_enriched,mean,0.01940334402024746,0.06063942611217499,0.3199790120124817,0.3199790120124817,91,30
1558,14016,specialized_enriched,max,0.2566768229007721,0.8115096688270569,0.31629544496536255,0.31629544496536255,45,30
1559,13294,specialized_enriched,max,0.13625112175941467,0.4322965741157532,0.3151797354221344,0.3151797354221344,96,30
1560,11314,specialized_enriched,active_fraction,0.0015106885693967342,0.004800055176019669,0.3147231638431549,0.3147231638431549,35,30
1561,12305,specialized_enriched,max,0.19026190042495728,0.6084765195846558,0.31268569827079773,0.31268569827079773,37,30
1562,12251,specialized_enriched,active_fraction,0.0036852597258985043,0.011934381909668446,0.3087935149669647,0.3087935149669647,92,30
1563,91,specialized_enriched,max,0.20894905924797058,0.6882534027099609,0.3035932183265686,0.3035932183265686,207,30
1564,13508,specialized_enriched,max,0.23097679018974304,0.7644712328910828,0.3021392822265625,0.3021392822265625,46,30
1565,11547,specialized_enriched,max,0.18153397738933563,0.6012618541717529,0.30192166566848755,0.30192166566848755,46,30
1566,6887,specialized_enriched,active_fraction,0.0026093292981386185,0.008643003180623055,0.3019007742404938,0.3019007742404938,70,30
1567,16013,specialized_enriched,max,0.16941899061203003,0.5624444484710693,0.30121907591819763,0.30121907591819763,41,30
1568,6,specialized_enriched,max,0.3753468096256256,1.2597181797027588,0.29796093702316284,0.29796093702316284,123,30
1569,2031,specialized_enriched,max,0.31748151779174805,1.0776864290237427,0.2945954501628876,0.2945954501628876,151,30
1570,2286,specialized_enriched,max,0.14151525497436523,0.48170143365859985,0.2937820851802826,0.2937820851802826,131,30
1571,3154,specialized_enriched,max,0.17285434901714325,0.5908060669898987,0.2925737500190735,0.2925737500190735,111,30
1572,206,specialized_enriched,active_fraction,0.00579847302287817,0.020319897681474686,0.28535935282707214,0.28535935282707214,67,30
1573,1673,specialized_enriched,max,0.12573778629302979,0.4433051645755768,0.28363707661628723,0.28363707661628723,58,30
1574,9903,specialized_enriched,mean,0.010348147712647915,0.0368686318397522,0.2806762158870697,0.2806762158870697,31,30
1575,4569,specialized_enriched,active_fraction,0.0050680385902523994,0.018117444589734077,0.27973252534866333,0.27973252534866333,43,30
1576,11935,specialized_enriched,max,0.06762100756168365,0.2447032481431961,0.2763388156890869,0.2763388156890869,107,30
1577,11264,specialized_enriched,mean,0.0074125234968960285,0.026825206354260445,0.2763268053531647,0.2763268053531647,79,30
1578,11261,specialized_enriched,max,0.2742193341255188,0.9987857937812805,0.27455270290374756,0.27455270290374756,107,30
1579,3349,specialized_enriched,max,0.14643754065036774,0.5353588461875916,0.27353155612945557,0.27353155612945557,65,30
1580,14589,specialized_enriched,max,0.1107240691781044,0.4050273597240448,0.2733742892742157,0.2733742892742157,40,30
1581,577,specialized_enriched,mean,0.030877919867634773,0.11296744644641876,0.27333468198776245,0.27333468198776245,146,30
1582,7940,specialized_enriched,max,0.27465713024139404,1.022093415260315,0.26872017979621887,0.26872017979621887,80,30
1583,6976,specialized_enriched,max,0.1694185733795166,0.6337644457817078,0.26732105016708374,0.26732105016708374,85,30
1584,4805,specialized_enriched,mean,0.0030403858982026577,0.01139349676668644,0.2668527364730835,0.2668527364730835,31,30
1585,3390,specialized_enriched,max,0.18236476182937622,0.6866767406463623,0.2655758559703827,0.2655758559703827,45,30
1586,7926,specialized_enriched,max,0.08808344602584839,0.33180591464042664,0.2654667794704437,0.2654667794704437,97,30
1587,4177,specialized_enriched,max,0.1809433251619339,0.687408983707428,0.26322513818740845,0.26322513818740845,69,30
1588,2234,specialized_enriched,max,0.07989799976348877,0.30487701296806335,0.2620663344860077,0.2620663344860077,44,30
1589,1415,specialized_enriched,max,0.26276636123657227,1.0070335865020752,0.2609310746192932,0.2609310746192932,97,30
1590,1385,specialized_enriched,active_fraction,0.0044182902202010155,0.017016544938087463,0.2596467137336731,0.2596467137336731,215,30
1591,14980,specialized_enriched,max,0.3027258515357971,1.16824471950531,0.2591288089752197,0.2591288089752197,34,30
1592,13151,specialized_enriched,max,0.0758308544754982,0.2942420244216919,0.2577159106731415,0.2577159106731415,38,30
1593,8458,specialized_enriched,max,0.1917174756526947,0.7446758151054382,0.2574509084224701,0.2574509084224701,53,30
1594,5582,specialized_enriched,max,0.05532511696219444,0.22017231583595276,0.2512809932231903,0.2512809932231903,55,30
1595,3600,specialized_enriched,max,0.05651040002703667,0.22818078100681305,0.24765627086162567,0.24765627086162567,77,30
1596,2108,specialized_enriched,max,0.2173675298690796,0.8850772976875305,0.24559158086776733,0.24559158086776733,231,30
1597,1698,specialized_enriched,max,0.08556099236011505,0.35115721821784973,0.24365437030792236,0.24365437030792236,112,30
1598,9456,specialized_enriched,max,0.06449223309755325,0.267366498708725,0.2412128448486328,0.2412128448486328,31,30
1599,9632,specialized_enriched,max,0.12732096016407013,0.5292372703552246,0.2405744343996048,0.2405744343996048,48,30
1600,12210,specialized_enriched,active_fraction,0.0037552237045019865,0.015710406005382538,0.23902779817581177,0.23902779817581177,66,30
1601,1104,specialized_enriched,active_fraction,0.002266169525682926,0.009514971636235714,0.23816882073879242,0.23816882073879242,72,30
1602,14327,specialized_enriched,max,0.2652256488800049,1.1246885061264038,0.2358214259147644,0.2358214259147644,46,30
1603,12942,specialized_enriched,max,0.07458789646625519,0.317326158285141,0.2350511997938156,0.2350511997938156,51,30
1604,9941,specialized_enriched,active_fraction,0.0021680998615920544,0.009271934628486633,0.23383468389511108,0.23383468389511108,47,30
1605,12754,specialized_enriched,active_fraction,0.0013535375474020839,0.005938475951552391,0.22792676091194153,0.22792676091194153,50,30
1606,121,specialized_enriched,max,0.30263346433639526,1.3383103609085083,0.22613100707530975,0.22613100707530975,132,30
1607,14765,specialized_enriched,mean,0.021985113620758057,0.09817454218864441,0.22393904626369476,0.22393904626369476,216,30
1608,12678,specialized_enriched,max,0.049530450254678726,0.22433024644851685,0.22079256176948547,0.22079256176948547,34,30
1609,14481,specialized_enriched,max,0.07763569802045822,0.38120749592781067,0.203657329082489,0.203657329082489,178,30
1610,2924,specialized_enriched,active_fraction,0.003094365354627371,0.015406693331897259,0.20084552466869354,0.20084552466869354,158,30
1611,4164,specialized_enriched,active_fraction,0.0020841879304498434,0.010762355290353298,0.1936553716659546,0.1936553716659546,52,30
1612,11368,specialized_enriched,active_fraction,0.001703127520158887,0.009119367226958275,0.18675939738750458,0.18675939738750458,48,30
1613,5815,specialized_enriched,max,0.12158370763063431,0.6623386144638062,0.18356730043888092,0.18356730043888092,70,30
1614,8175,specialized_enriched,mean,0.003725348971784115,0.020321005955338478,0.18332502245903015,0.18332502245903015,55,30
1615,13194,specialized_enriched,max,0.031644973903894424,0.1742844581604004,0.18157082796096802,0.18157082796096802,73,30
1616,6212,specialized_enriched,active_fraction,0.002877739956602454,0.016853399574756622,0.17075130343437195,0.17075130343437195,112,30
1617,548,specialized_enriched,mean,0.014526572078466415,0.0866854190826416,0.16757802665233612,0.16757802665233612,57,30
1618,14456,specialized_enriched,max,0.19761113822460175,1.2015666961669922,0.16446122527122498,0.16446122527122498,133,30
1619,694,specialized_enriched,max,0.04080675542354584,0.26525261998176575,0.15384110808372498,0.15384110808372498,45,30
1620,14467,specialized_enriched,active_fraction,0.003015973838046193,0.019658343866467476,0.15341952443122864,0.15341952443122864,98,30
1621,1824,specialized_enriched,max,0.0791449025273323,0.5697692632675171,0.13890694081783295,0.13890694081783295,43,30
1622,3796,specialized_enriched,max,0.0478704571723938,0.3455410301685333,0.1385376900434494,0.1385376900434494,68,30
1623,9246,specialized_enriched,active_fraction,0.002684498205780983,0.019884899258613586,0.13500185310840607,0.13500185310840607,54,30
1624,11959,specialized_enriched,max,0.08607508987188339,0.6543706655502319,0.1315387338399887,0.1315387338399887,57,30
1625,1370,specialized_enriched,max,0.11052482575178146,0.9286584258079529,0.11901558190584183,0.11901558190584183,116,30
1626,3907,specialized_enriched,active_fraction,0.0008786650723777711,0.007701824884861708,0.11408530920743942,0.11408530920743942,35,30
1627,15374,specialized_enriched,max,0.014848113059997559,0.14412766695022583,0.1030205637216568,0.1030205637216568,30,30
1628,4676,specialized_enriched,max,0.08805447816848755,0.8641085028648376,0.10190210491418839,0.10190210491418839,36,30
1629,10161,specialized_enriched,mean,0.01709263026714325,0.1770029067993164,0.09656694531440735,0.09656694531440735,48,30
1630,3540,specialized_enriched,mean,0.0015419241972267628,0.017923137173056602,0.08602981269359589,0.08602981269359589,47,30
1631,8308,specialized_enriched,mean,0.002642381004989147,0.032183900475502014,0.08210257440805435,0.08210257440805435,32,30
