rank,feature_id,orientation,summary,effect,null_sd,ev,abs_ev,support,minimum_support
1,13147,specialized_enriched,mean,0.1261988878250122,0.02409149892628193,5.238316059112549,5.238316059112549,95,30
2,8992,base_enriched,active_fraction,-0.011379504576325417,0.0023096089717000723,-4.927026271820068,4.927026271820068,136,30
3,1840,base_enriched,active_fraction,-0.046057820320129395,0.009654823690652847,-4.77044677734375,4.77044677734375,291,30
4,16161,specialized_enriched,mean,0.12684307992458344,0.026649294421076775,4.759716033935547,4.759716033935547,33,30
5,15471,specialized_enriched,active_fraction,0.004901815205812454,0.0010313234524801373,4.752936840057373,4.752936840057373,55,30
6,10570,specialized_enriched,mean,0.18817174434661865,0.04093734920024872,4.596578598022461,4.596578598022461,53,30
7,8138,base_enriched,max,-4.973097801208496,1.1036394834518433,-4.506089210510254,4.506089210510254,291,30
8,7353,specialized_enriched,mean,0.22767870128154755,0.05083424597978592,4.47884464263916,4.47884464263916,54,30
9,14359,base_enriched,mean,-0.16578041017055511,0.03715090826153755,-4.462351322174072,4.462351322174072,286,30
10,2825,specialized_enriched,mean,0.337862104177475,0.07720396667718887,4.376227378845215,4.376227378845215,92,30
11,11926,specialized_enriched,mean,0.23786447942256927,0.05511076748371124,4.3161163330078125,4.3161163330078125,37,30
12,4581,base_enriched,active_fraction,-0.04051695764064789,0.009396483190357685,-4.311927795410156,4.311927795410156,291,30
13,2211,base_enriched,max,-12.31428050994873,2.8577771186828613,-4.309041500091553,4.309041500091553,287,30
14,2310,base_enriched,active_fraction,-0.03581875562667847,0.008336023427546024,-4.296863555908203,4.296863555908203,290,30
15,1915,specialized_enriched,mean,0.20196335017681122,0.04743580147624016,4.2576141357421875,4.2576141357421875,41,30
16,4561,base_enriched,active_fraction,-0.026255004107952118,0.006193852052092552,-4.238881587982178,4.238881587982178,286,30
17,12271,base_enriched,active_fraction,-0.03300803154706955,0.007876568473875523,-4.190661430358887,4.190661430358887,291,30
18,14881,specialized_enriched,mean,0.1170971542596817,0.028156043961644173,4.1588640213012695,4.1588640213012695,226,30
19,8053,base_enriched,max,-7.149783134460449,1.724790096282959,-4.14530611038208,4.14530611038208,283,30
20,9578,base_enriched,active_fraction,-0.06105899065732956,0.015098465606570244,-4.044052600860596,4.044052600860596,291,30
21,14101,base_enriched,max,-4.580300807952881,1.1365445852279663,-4.030023097991943,4.030023097991943,281,30
22,3612,specialized_enriched,active_fraction,0.20369482040405273,0.05073397606611252,4.01495885848999,4.01495885848999,289,30
23,2968,base_enriched,mean,-0.29098713397979736,0.07290749251842499,-3.991182804107666,3.991182804107666,159,30
24,12573,base_enriched,active_fraction,-0.04359942302107811,0.01094015222042799,-3.98526668548584,3.98526668548584,291,30
25,2108,base_enriched,mean,-0.26641392707824707,0.06722383201122284,-3.963087558746338,3.963087558746338,290,30
26,4148,base_enriched,active_fraction,-0.056290432810783386,0.01427442952990532,-3.9434454441070557,3.9434454441070557,291,30
27,5226,base_enriched,mean,-0.2820271849632263,0.07285033166408539,-3.871323347091675,3.871323347091675,212,30
28,13746,base_enriched,max,-3.41436505317688,0.8836079835891724,-3.864117383956909,3.864117383956909,291,30
29,4484,specialized_enriched,mean,0.09230303019285202,0.02391059137880802,3.8603408336639404,3.8603408336639404,152,30
30,2286,base_enriched,max,-5.057709693908691,1.3134547472000122,-3.8506920337677,3.8506920337677,291,30
31,7051,base_enriched,active_fraction,-0.05601368099451065,0.014559660106897354,-3.8471832275390625,3.8471832275390625,273,30
32,469,specialized_enriched,mean,0.12491114437580109,0.032733265310525894,3.816030740737915,3.816030740737915,147,30
33,8755,base_enriched,mean,-0.2844386696815491,0.07461947947740555,-3.8118555545806885,3.8118555545806885,175,30
34,3574,base_enriched,max,-4.8211565017700195,1.275843620300293,-3.778798818588257,3.778798818588257,291,30
35,4534,base_enriched,max,-4.711581230163574,1.2533159255981445,-3.7592926025390625,3.7592926025390625,291,30
36,8973,base_enriched,max,-1.56460702419281,0.42180028557777405,-3.709355115890503,3.709355115890503,272,30
37,2368,specialized_enriched,mean,0.1890210509300232,0.051152586936950684,3.695239305496216,3.695239305496216,207,30
38,12253,base_enriched,max,-11.486641883850098,3.1224172115325928,-3.6787657737731934,3.6787657737731934,289,30
39,16290,base_enriched,active_fraction,-0.056128621101379395,0.015350953675806522,-3.656360626220703,3.656360626220703,285,30
40,1058,specialized_enriched,active_fraction,0.039872750639915466,0.010999895632266998,3.6248300075531006,3.6248300075531006,262,30
41,10065,specialized_enriched,mean,0.14099839329719543,0.03901195526123047,3.6142354011535645,3.6142354011535645,123,30
42,955,base_enriched,mean,-0.17219609022140503,0.048059236258268356,-3.5829968452453613,3.5829968452453613,283,30
43,11533,base_enriched,active_fraction,-0.029385626316070557,0.008215328678488731,-3.5769264698028564,3.5769264698028564,283,30
44,569,base_enriched,mean,-0.20900383591651917,0.05852637439966202,-3.5711052417755127,3.5711052417755127,165,30
45,9811,specialized_enriched,mean,0.11487016081809998,0.03234349936246872,3.5515687465667725,3.5515687465667725,157,30
46,9353,base_enriched,active_fraction,-0.08326544612646103,0.02355073392391205,-3.5355775356292725,3.5355775356292725,290,30
47,386,base_enriched,max,-7.528985977172852,2.136054039001465,-3.524717092514038,3.524717092514038,285,30
48,10196,base_enriched,active_fraction,-0.020593799650669098,0.005849749781191349,-3.520458221435547,3.520458221435547,264,30
49,4426,specialized_enriched,mean,0.08027966320514679,0.022825883701443672,3.517045021057129,3.517045021057129,101,30
50,14739,base_enriched,active_fraction,-0.038240887224674225,0.010905796661973,-3.5064735412597656,3.5064735412597656,290,30
51,2028,base_enriched,active_fraction,-0.023777958005666733,0.006827167235314846,-3.4828438758850098,3.4828438758850098,219,30
52,9109,specialized_enriched,active_fraction,0.014556324109435081,0.004183107987046242,3.4797868728637695,3.4797868728637695,62,30
53,7126,base_enriched,mean,-0.33300891518592834,0.09583202004432678,-3.4749233722686768,3.4749233722686768,291,30
54,8309,specialized_enriched,active_fraction,0.22589518129825592,0.06519302725791931,3.4650206565856934,3.4650206565856934,289,30
55,14822,specialized_enriched,active_fraction,0.005405767820775509,0.0015637131873518229,3.4570071697235107,3.4570071697235107,30,30
56,1420,base_enriched,max,-4.593386650085449,1.331675410270691,-3.449329137802124,3.449329137802124,289,30
57,7982,base_enriched,active_fraction,-0.03598867356777191,0.01044483482837677,-3.4455952644348145,3.4455952644348145,202,30
58,12016,base_enriched,mean,-0.10514118522405624,0.030563736334443092,-3.440063238143921,3.440063238143921,117,30
59,4660,base_enriched,active_fraction,-0.03181598335504532,0.009250011295080185,-3.439561605453491,3.439561605453491,285,30
60,15675,base_enriched,active_fraction,-0.01664547622203827,0.004847256932407618,-3.4339990615844727,3.4339990615844727,177,30
61,3377,base_enriched,mean,-0.14255663752555847,0.04151546582579613,-3.4338200092315674,3.4338200092315674,247,30
62,13080,base_enriched,active_fraction,-0.05864676833152771,0.01716558262705803,-3.416532278060913,3.416532278060913,286,30
63,12643,base_enriched,max,-5.815971851348877,1.7053881883621216,-3.410350799560547,3.410350799560547,285,30
64,5006,base_enriched,mean,-0.17945915460586548,0.0526244081556797,-3.410188674926758,3.410188674926758,160,30
65,15433,base_enriched,mean,-0.15299473702907562,0.04515650495886803,-3.3880996704101562,3.3880996704101562,178,30
66,14854,base_enriched,max,-6.6054768562316895,1.9499105215072632,-3.3875794410705566,3.3875794410705566,289,30
67,8247,specialized_enriched,active_fraction,0.011307898908853531,0.0033482592552900314,3.3772470951080322,3.3772470951080322,50,30
68,6880,specialized_enriched,active_fraction,0.03686777502298355,0.010935257188975811,3.3714592456817627,3.3714592456817627,255,30
69,10968,base_enriched,max,-5.2328081130981445,1.5546873807907104,-3.3658266067504883,3.3658266067504883,291,30
70,1882,specialized_enriched,active_fraction,0.17062047123908997,0.050946060568094254,3.34904146194458,3.34904146194458,267,30
71,1251,base_enriched,mean,-0.1549854278564453,0.04632491245865822,-3.3456172943115234,3.3456172943115234,222,30
72,5862,base_enriched,max,-5.377763748168945,1.6126824617385864,-3.334670066833496,3.334670066833496,286,30
73,3721,specialized_enriched,mean,0.1883893758058548,0.05658417567610741,3.3293650150299072,3.3293650150299072,186,30
74,11766,specialized_enriched,mean,0.09815287590026855,0.029494306072592735,3.3278584480285645,3.3278584480285645,61,30
75,3258,base_enriched,mean,-0.14100328087806702,0.04255037009716034,-3.3137967586517334,3.3137967586517334,161,30
76,7153,base_enriched,active_fraction,-0.029053863137960434,0.008806564845144749,-3.299114227294922,3.299114227294922,274,30
77,8244,base_enriched,max,-4.131928443908691,1.266871452331543,-3.261521577835083,3.261521577835083,291,30
78,715,specialized_enriched,active_fraction,0.01191946305334568,0.003656474407762289,3.25982403755188,3.25982403755188,81,30
79,16276,base_enriched,active_fraction,-0.0410020612180233,0.012644030153751373,-3.242799997329712,3.242799997329712,213,30
80,6329,base_enriched,max,-3.8034751415252686,1.1743167638778687,-3.2388834953308105,3.2388834953308105,290,30
81,14711,specialized_enriched,mean,0.06974461674690247,0.021535851061344147,3.2385354042053223,3.2385354042053223,86,30
82,12766,base_enriched,active_fraction,-0.023913487792015076,0.007424930110573769,-3.2207021713256836,3.2207021713256836,284,30
83,16353,base_enriched,max,-4.419504165649414,1.3821138143539429,-3.197641372680664,3.197641372680664,289,30
84,5935,base_enriched,active_fraction,-0.019858989864587784,0.006215184926986694,-3.195237159729004,3.195237159729004,284,30
85,3507,base_enriched,active_fraction,-0.01543303020298481,0.004837702494114637,-3.190156936645508,3.190156936645508,205,30
86,2147,base_enriched,active_fraction,-0.013948527164757252,0.004378369078040123,-3.185781478881836,3.185781478881836,163,30
87,1622,base_enriched,mean,-0.14573752880096436,0.04627218097448349,-3.149571180343628,3.149571180343628,192,30
88,15457,specialized_enriched,active_fraction,0.03176920861005783,0.010094533674418926,3.147169589996338,3.147169589996338,253,30
89,4150,base_enriched,max,-6.832505226135254,2.1794347763061523,-3.1349895000457764,3.1349895000457764,287,30
90,2916,base_enriched,mean,-0.13674619793891907,0.043686602264642715,-3.1301631927490234,3.1301631927490234,291,30
91,1852,base_enriched,mean,-0.15227925777435303,0.04871862381696701,-3.1256887912750244,3.1256887912750244,291,30
92,8105,base_enriched,active_fraction,-0.027379091829061508,0.00878207292407751,-3.1176116466522217,3.1176116466522217,192,30
93,4837,base_enriched,mean,-0.1303783804178238,0.04184354096651077,-3.115854263305664,3.115854263305664,176,30
94,9342,base_enriched,active_fraction,-0.04304909706115723,0.013828102499246597,-3.1131601333618164,3.1131601333618164,277,30
95,4179,specialized_enriched,active_fraction,0.10915783047676086,0.03516971319913864,3.103745222091675,3.103745222091675,215,30
96,4075,base_enriched,mean,-0.12492634356021881,0.04055704176425934,-3.0802626609802246,3.0802626609802246,289,30
97,11788,base_enriched,mean,-0.14145547151565552,0.046098265796899796,-3.068563938140869,3.068563938140869,107,30
98,16156,base_enriched,mean,-0.2989966869354248,0.09768377244472504,-3.060863494873047,3.060863494873047,230,30
99,13934,base_enriched,active_fraction,-0.11369273066520691,0.037221506237983704,-3.054490327835083,3.054490327835083,291,30
100,14981,specialized_enriched,active_fraction,0.006499290466308594,0.0021283654496073723,3.0536534786224365,3.0536534786224365,42,30
101,1472,base_enriched,max,-3.139936923980713,1.0283786058425903,-3.0532889366149902,3.0532889366149902,288,30
102,11586,base_enriched,active_fraction,-0.04639449715614319,0.015218430198729038,-3.0485730171203613,3.0485730171203613,238,30
103,6918,specialized_enriched,mean,0.505039632320404,0.16636931896209717,3.035653591156006,3.035653591156006,284,30
104,15148,specialized_enriched,active_fraction,0.007701314520090818,0.002537636086344719,3.0348379611968994,3.0348379611968994,143,30
105,12790,specialized_enriched,mean,0.112725168466568,0.03722823038697243,3.0279486179351807,3.0279486179351807,90,30
106,3255,base_enriched,max,-3.116118907928467,1.0293636322021484,-3.027228593826294,3.027228593826294,290,30
107,9583,base_enriched,mean,-0.09940271079540253,0.032898250967264175,-3.021519660949707,3.021519660949707,236,30
108,4620,base_enriched,mean,-0.1396360546350479,0.04625480994582176,-3.01884388923645,3.01884388923645,181,30
109,2318,specialized_enriched,active_fraction,0.014035554602742195,0.004656496923416853,3.0141873359680176,3.0141873359680176,68,30
110,5044,base_enriched,mean,-0.1230238601565361,0.040846891701221466,-3.011829137802124,3.011829137802124,287,30
111,6128,specialized_enriched,max,2.191387176513672,0.7281644940376282,3.009467124938965,3.009467124938965,269,30
112,10269,base_enriched,mean,-0.13082648813724518,0.04347233101725578,-3.0094196796417236,3.0094196796417236,184,30
113,5690,base_enriched,mean,-0.11267895996570587,0.03756904974579811,-2.9992496967315674,2.9992496967315674,220,30
114,6403,specialized_enriched,active_fraction,0.10875420272350311,0.036290571093559265,2.9967620372772217,2.9967620372772217,248,30
115,7436,specialized_enriched,max,2.334475517272949,0.7798154354095459,2.9936256408691406,2.9936256408691406,125,30
116,10079,base_enriched,mean,-0.09788110852241516,0.03270307555794716,-2.9930245876312256,2.9930245876312256,273,30
117,14378,base_enriched,active_fraction,-0.030971944332122803,0.010349325835704803,-2.9926533699035645,2.9926533699035645,289,30
118,14765,base_enriched,active_fraction,-0.02571435645222664,0.008616887032985687,-2.9841816425323486,2.9841816425323486,288,30
119,5559,base_enriched,active_fraction,-0.004239704459905624,0.001420835149474442,-2.983952522277832,2.983952522277832,60,30
120,16013,base_enriched,active_fraction,-0.015781965106725693,0.005300312768667936,-2.977553606033325,2.977553606033325,151,30
121,10187,base_enriched,max,-2.4794304370880127,0.8338507413864136,-2.9734702110290527,2.9734702110290527,283,30
122,9605,base_enriched,active_fraction,-0.03030020371079445,0.01021189708262682,-2.9671473503112793,2.9671473503112793,269,30
123,11596,base_enriched,active_fraction,-0.1049056351184845,0.035496268421411514,-2.9553990364074707,2.9553990364074707,279,30
124,11227,base_enriched,max,-3.9573264122009277,1.341536045074463,-2.9498472213745117,2.9498472213745117,285,30
125,3662,specialized_enriched,active_fraction,0.006401534657925367,0.0021793521009385586,2.93735671043396,2.93735671043396,62,30
126,12340,base_enriched,active_fraction,-0.011970115825533867,0.004080507904291153,-2.9334867000579834,2.9334867000579834,198,30
127,538,base_enriched,active_fraction,-0.05656411126255989,0.019319448620080948,-2.92783260345459,2.92783260345459,291,30
128,3770,base_enriched,max,-3.509331226348877,1.1991469860076904,-2.926522970199585,2.926522970199585,290,30
129,809,base_enriched,active_fraction,-0.03421618044376373,0.01169646717607975,-2.9253432750701904,2.9253432750701904,277,30
130,11222,specialized_enriched,active_fraction,0.08100676536560059,0.027740124613046646,2.9202020168304443,2.9202020168304443,245,30
131,12173,specialized_enriched,active_fraction,0.13422748446464539,0.0460769422352314,2.913116216659546,2.913116216659546,271,30
132,6865,base_enriched,max,-3.106489658355713,1.0693464279174805,-2.9050357341766357,2.9050357341766357,291,30
133,15890,base_enriched,active_fraction,-0.029211346060037613,0.010063779540359974,-2.9026217460632324,2.9026217460632324,288,30
134,8834,specialized_enriched,active_fraction,0.11939793825149536,0.04116174578666687,2.9007015228271484,2.9007015228271484,211,30
135,7958,specialized_enriched,max,3.577592611312866,1.2338722944259644,2.8994836807250977,2.8994836807250977,145,30
136,15736,base_enriched,active_fraction,-0.04119161516427994,0.01427716575562954,-2.8851394653320312,2.8851394653320312,291,30
137,8183,base_enriched,max,-1.9683102369308472,0.6829776763916016,-2.8819539546966553,2.8819539546966553,291,30
138,7419,base_enriched,active_fraction,-0.00864846259355545,0.0030048731714487076,-2.878145694732666,2.878145694732666,113,30
139,15777,base_enriched,mean,-0.08847358822822571,0.03075285628437996,-2.876922607421875,2.876922607421875,107,30
140,6868,base_enriched,max,-5.888304233551025,2.0490028858184814,-2.873741388320923,2.873741388320923,282,30
141,11604,specialized_enriched,max,1.9731924533843994,0.6876623630523682,2.8694205284118652,2.8694205284118652,119,30
142,6797,specialized_enriched,max,2.029010772705078,0.7071743607521057,2.86918044090271,2.86918044090271,149,30
143,11314,specialized_enriched,mean,0.09571325033903122,0.03344156593084335,2.8621044158935547,2.8621044158935547,157,30
144,615,base_enriched,mean,-0.11427348107099533,0.03998737782239914,-2.857738733291626,2.857738733291626,290,30
145,7746,base_enriched,active_fraction,-0.044077128171920776,0.015429206192493439,-2.8567333221435547,2.8567333221435547,210,30
146,145,specialized_enriched,active_fraction,0.012027682736515999,0.004214463755488396,2.8539059162139893,2.8539059162139893,53,30
147,13318,specialized_enriched,mean,0.04543808847665787,0.01593632996082306,2.851226568222046,2.851226568222046,54,30
148,11535,specialized_enriched,active_fraction,0.053241509944200516,0.018677694723010063,2.8505396842956543,2.8505396842956543,260,30
149,16239,base_enriched,max,-1.3163549900054932,0.4618013799190521,-2.8504786491394043,2.8504786491394043,196,30
150,7167,base_enriched,max,-2.7157795429229736,0.9543696641921997,-2.8456263542175293,2.8456263542175293,284,30
151,12405,base_enriched,active_fraction,-0.05018530413508415,0.017637217417359352,-2.8454208374023438,2.8454208374023438,291,30
152,942,base_enriched,active_fraction,-0.048478126525878906,0.017045000568032265,-2.844125747680664,2.844125747680664,290,30
153,9784,base_enriched,max,-4.6585307121276855,1.6396245956420898,-2.8412179946899414,2.8412179946899414,286,30
154,12030,base_enriched,max,-6.346714973449707,2.2381067276000977,-2.83575177192688,2.83575177192688,280,30
155,3355,base_enriched,active_fraction,-0.027381714433431625,0.009670986793935299,-2.8313257694244385,2.8313257694244385,287,30
156,9686,specialized_enriched,max,3.112898588180542,1.1000919342041016,2.8296713829040527,2.8296713829040527,120,30
157,2857,specialized_enriched,max,2.327644109725952,0.8231347799301147,2.82778000831604,2.82778000831604,107,30
158,533,base_enriched,active_fraction,-0.034972429275512695,0.012368218973279,-2.827604293823242,2.827604293823242,289,30
159,7453,base_enriched,max,-3.0773417949676514,1.0887233018875122,-2.8265600204467773,2.8265600204467773,284,30
160,2223,specialized_enriched,active_fraction,0.012002715840935707,0.004251967649906874,2.822861433029175,2.822861433029175,134,30
161,5411,base_enriched,mean,-1.1749811172485352,0.41626664996147156,-2.822664499282837,2.822664499282837,291,30
162,15117,base_enriched,max,-4.703522205352783,1.6678353548049927,-2.8201358318328857,2.8201358318328857,267,30
163,14543,specialized_enriched,max,1.6923810243606567,0.6005210876464844,2.8181874752044678,2.8181874752044678,215,30
164,1259,base_enriched,mean,-0.3611738681793213,0.1281788945198059,-2.817732810974121,2.817732810974121,198,30
165,10441,base_enriched,max,-4.0226640701293945,1.4286319017410278,-2.8157455921173096,2.8157455921173096,284,30
166,759,base_enriched,max,-3.2674343585968018,1.1651793718338013,-2.8042328357696533,2.8042328357696533,288,30
167,1827,base_enriched,mean,-0.13191968202590942,0.04709415137767792,-2.8011903762817383,2.8011903762817383,251,30
168,743,base_enriched,active_fraction,-0.024187445640563965,0.008639517240226269,-2.7996292114257812,2.7996292114257812,196,30
169,7997,specialized_enriched,active_fraction,0.08330725133419037,0.02977391518652439,2.797994613647461,2.797994613647461,186,30
170,3181,base_enriched,max,-3.096256732940674,1.1073155403137207,-2.796182870864868,2.796182870864868,289,30
171,5371,base_enriched,mean,-0.1521693766117096,0.054468102753162384,-2.793733835220337,2.793733835220337,223,30
172,7402,base_enriched,mean,-0.4415687918663025,0.15813197195529938,-2.7924067974090576,2.7924067974090576,265,30
173,8965,specialized_enriched,mean,0.2892439067363739,0.10364603996276855,2.790689468383789,2.790689468383789,270,30
174,3917,specialized_enriched,mean,0.18395312130451202,0.06596234440803528,2.788759708404541,2.788759708404541,142,30
175,7062,base_enriched,active_fraction,-0.017208928242325783,0.006172368302941322,-2.7880592346191406,2.7880592346191406,171,30
176,12402,specialized_enriched,mean,0.37395232915878296,0.13426046073436737,2.7852752208709717,2.7852752208709717,271,30
177,14833,specialized_enriched,active_fraction,0.02545262686908245,0.009144235402345657,2.783461570739746,2.783461570739746,233,30
178,13506,base_enriched,max,-4.423800945281982,1.5918768644332886,-2.778984308242798,2.778984308242798,291,30
179,4805,base_enriched,max,-7.686748504638672,2.7690486907958984,-2.7759528160095215,2.7759528160095215,286,30
180,9955,base_enriched,mean,-0.023928850889205933,0.00863727368414402,-2.7704172134399414,2.7704172134399414,47,30
181,11233,specialized_enriched,max,4.824934005737305,1.7419263124465942,2.7698841094970703,2.7698841094970703,219,30
182,354,specialized_enriched,active_fraction,0.025278763845562935,0.00917936023324728,2.7538700103759766,2.7538700103759766,265,30
183,9423,base_enriched,mean,-0.16738757491111755,0.060818858444690704,-2.7522313594818115,2.7522313594818115,123,30
184,15203,base_enriched,mean,-0.1202591210603714,0.043760716915130615,-2.7481067180633545,2.7481067180633545,204,30
185,4293,base_enriched,mean,-0.10082647204399109,0.036734096705913544,-2.744765281677246,2.744765281677246,227,30
186,8448,base_enriched,active_fraction,-0.010775069706141949,0.003926630597561598,-2.744100570678711,2.744100570678711,127,30
187,6724,specialized_enriched,mean,0.06734763085842133,0.024604707956314087,2.737184762954712,2.737184762954712,109,30
188,3782,specialized_enriched,max,2.1291303634643555,0.7791913151741028,2.732487201690674,2.732487201690674,119,30
189,8088,base_enriched,max,-1.4015357494354248,0.5129437446594238,-2.7323381900787354,2.7323381900787354,245,30
190,11790,specialized_enriched,max,2.042928457260132,0.7476868033409119,2.7323317527770996,2.7323317527770996,157,30
191,13814,base_enriched,active_fraction,-0.023813718929886818,0.008732319809496403,-2.7270781993865967,2.7270781993865967,237,30
192,13313,specialized_enriched,mean,0.09879353642463684,0.03625398874282837,2.725039005279541,2.725039005279541,259,30
193,14156,base_enriched,mean,-0.0162543635815382,0.00596575578674674,-2.7246110439300537,2.7246110439300537,92,30
194,6232,base_enriched,max,-5.409064292907715,1.9883307218551636,-2.720404624938965,2.720404624938965,279,30
195,970,base_enriched,max,-2.65242338180542,0.9759596586227417,-2.717759132385254,2.717759132385254,290,30
196,10964,base_enriched,max,-5.112107276916504,1.881888747215271,-2.7164769172668457,2.7164769172668457,269,30
197,2387,base_enriched,max,-3.0947065353393555,1.1395516395568848,-2.7157230377197266,2.7157230377197266,275,30
198,2685,base_enriched,mean,-0.106106698513031,0.039180245250463486,-2.7081682682037354,2.7081682682037354,103,30
199,595,base_enriched,mean,-0.07754600793123245,0.028657136484980583,-2.7059929370880127,2.7059929370880127,100,30
200,4084,base_enriched,max,-1.5647380352020264,0.5785911679267883,-2.704393148422241,2.704393148422241,289,30
201,15049,specialized_enriched,active_fraction,0.08143443614244461,0.030143147334456444,2.7015902996063232,2.7015902996063232,117,30
202,131,specialized_enriched,mean,0.09317626804113388,0.03451361879706383,2.699695587158203,2.699695587158203,143,30
203,3394,base_enriched,mean,-0.12992845475673676,0.048132289201021194,-2.6994032859802246,2.6994032859802246,144,30
204,935,specialized_enriched,active_fraction,0.06177434325218201,0.02291141264140606,2.696225881576538,2.696225881576538,255,30
205,14322,specialized_enriched,active_fraction,0.06544768065214157,0.024316757917404175,2.6914641857147217,2.6914641857147217,211,30
206,3636,base_enriched,active_fraction,-0.04041673615574837,0.01501733809709549,-2.691338300704956,2.691338300704956,287,30
207,3487,specialized_enriched,mean,0.3097807765007019,0.11522205173969269,2.688554525375366,2.688554525375366,279,30
208,6823,specialized_enriched,active_fraction,0.009836538694798946,0.003659516805782914,2.6879336833953857,2.6879336833953857,54,30
209,12044,base_enriched,active_fraction,-0.028549592941999435,0.010630079545080662,-2.6857364177703857,2.6857364177703857,291,30
210,5057,base_enriched,max,-3.020807981491089,1.12558114528656,-2.683776378631592,2.683776378631592,291,30
211,15980,specialized_enriched,active_fraction,0.040520209819078445,0.015110539272427559,2.6815860271453857,2.6815860271453857,223,30
212,10564,base_enriched,active_fraction,-0.009002560749650002,0.003362995572388172,-2.6769468784332275,2.6769468784332275,91,30
213,3257,specialized_enriched,mean,0.2788600027561188,0.10417932271957397,2.6767308712005615,2.6767308712005615,284,30
214,3078,base_enriched,max,-4.542035102844238,1.6968671083450317,-2.676718235015869,2.676718235015869,291,30
215,7890,base_enriched,max,-2.2475321292877197,0.8402926921844482,-2.674701452255249,2.674701452255249,260,30
216,10941,base_enriched,active_fraction,-0.033219113945961,0.01242067851126194,-2.6745007038116455,2.6745007038116455,228,30
217,13139,specialized_enriched,active_fraction,0.08929604291915894,0.033396609127521515,2.6738057136535645,2.6738057136535645,198,30
218,8046,base_enriched,mean,-0.09824074804782867,0.03684324398636818,-2.666452169418335,2.666452169418335,289,30
219,14710,specialized_enriched,max,3.582838296890259,1.3476459980010986,2.658590078353882,2.658590078353882,106,30
220,7581,base_enriched,active_fraction,-0.03724468871951103,0.014017484150826931,-2.6570167541503906,2.6570167541503906,290,30
221,5701,base_enriched,active_fraction,-0.027414381504058838,0.010328290984034538,-2.6542999744415283,2.6542999744415283,244,30
222,14125,base_enriched,mean,-0.1580539047718048,0.05955393984913826,-2.6539621353149414,2.6539621353149414,144,30
223,788,base_enriched,max,-2.7762699127197266,1.0460907220840454,-2.653947591781616,2.653947591781616,278,30
224,324,base_enriched,mean,-0.08246830850839615,0.031118007376790047,-2.650179624557495,2.650179624557495,287,30
225,12264,base_enriched,active_fraction,-0.022586937993764877,0.008538177236914635,-2.6454050540924072,2.6454050540924072,198,30
226,11683,specialized_enriched,max,3.025242328643799,1.1436715126037598,2.645202159881592,2.645202159881592,151,30
227,13404,base_enriched,max,-2.2728917598724365,0.8626616597175598,-2.6347429752349854,2.6347429752349854,291,30
228,15432,base_enriched,active_fraction,-0.019630424678325653,0.007450795732438564,-2.6346750259399414,2.6346750259399414,264,30
229,3963,base_enriched,mean,-0.20693890750408173,0.07859088480472565,-2.6331160068511963,2.6331160068511963,182,30
230,8145,specialized_enriched,max,2.5026650428771973,0.9530740976333618,2.625887155532837,2.625887155532837,166,30
231,7481,base_enriched,max,-2.145657777786255,0.8173497319221497,-2.625140428543091,2.625140428543091,291,30
232,8142,base_enriched,active_fraction,-0.02161809429526329,0.008250473067164421,-2.620224714279175,2.620224714279175,291,30
233,4525,base_enriched,mean,-0.1966969072818756,0.07516646385192871,-2.6168174743652344,2.6168174743652344,273,30
234,14280,specialized_enriched,max,2.524920701980591,0.9651135802268982,2.616190195083618,2.616190195083618,124,30
235,6135,base_enriched,active_fraction,-0.009914818219840527,0.0037911341059952974,-2.615264415740967,2.615264415740967,221,30
236,3200,base_enriched,max,-1.5257829427719116,0.5835568904876709,-2.614625930786133,2.614625930786133,133,30
237,13733,base_enriched,active_fraction,-0.010654187761247158,0.004082537721842527,-2.6096973419189453,2.6096973419189453,119,30
238,3763,base_enriched,max,-3.854680061340332,1.4779725074768066,-2.608086347579956,2.608086347579956,271,30
239,15207,base_enriched,max,-2.4357385635375977,0.9348678588867188,-2.605436086654663,2.605436086654663,252,30
240,15095,base_enriched,active_fraction,-0.01826963573694229,0.007012458983808756,-2.6053109169006348,2.6053109169006348,287,30
241,11686,base_enriched,active_fraction,-0.044290706515312195,0.017006034031510353,-2.6044113636016846,2.6044113636016846,287,30
242,5803,specialized_enriched,max,2.6903793811798096,1.0336147546768188,2.60288405418396,2.60288405418396,92,30
243,13457,base_enriched,max,-2.013132095336914,0.7739303708076477,-2.601179838180542,2.601179838180542,284,30
244,13925,specialized_enriched,max,1.5367412567138672,0.5912879705429077,2.5989725589752197,2.5989725589752197,101,30
245,10119,base_enriched,max,-2.0087196826934814,0.7732721567153931,-2.5976879596710205,2.5976879596710205,291,30
246,15744,base_enriched,active_fraction,-0.05516321584582329,0.02126096561551094,-2.5945770740509033,2.5945770740509033,290,30
247,14897,specialized_enriched,max,2.455118417739868,0.9463508129119873,2.5943005084991455,2.5943005084991455,139,30
248,7384,specialized_enriched,max,3.3882057666778564,1.306308388710022,2.5937256813049316,2.5937256813049316,227,30
249,5441,base_enriched,max,-2.00394868850708,0.7745972871780396,-2.5870845317840576,2.5870845317840576,289,30
250,11381,base_enriched,active_fraction,-0.008767873048782349,0.0033914227969944477,-2.585308074951172,2.585308074951172,102,30
251,14323,specialized_enriched,active_fraction,0.0584762841463089,0.022656738758087158,2.5809664726257324,2.5809664726257324,241,30
252,16058,base_enriched,mean,-0.16407692432403564,0.06359922140836716,-2.579857349395752,2.579857349395752,281,30
253,2594,specialized_enriched,max,2.1577391624450684,0.8385502696037292,2.5731780529022217,2.5731780529022217,94,30
254,14050,base_enriched,active_fraction,-0.007276485674083233,0.002828669734299183,-2.5724055767059326,2.5724055767059326,179,30
255,10176,specialized_enriched,max,2.6101527214050293,1.0155577659606934,2.57016658782959,2.57016658782959,137,30
256,912,base_enriched,mean,-0.10720015317201614,0.04175125062465668,-2.567591428756714,2.567591428756714,269,30
257,12368,base_enriched,active_fraction,-0.03289365395903587,0.012826512567698956,-2.564504861831665,2.564504861831665,290,30
258,5528,specialized_enriched,active_fraction,0.10242380946874619,0.03997761383652687,2.5620291233062744,2.5620291233062744,154,30
259,4051,base_enriched,active_fraction,-0.007787787355482578,0.003041157266125083,-2.5607972145080566,2.5607972145080566,154,30
260,845,specialized_enriched,max,2.0749738216400146,0.8116109371185303,2.5566115379333496,2.5566115379333496,89,30
261,10380,specialized_enriched,active_fraction,0.04638100415468216,0.018141627311706543,2.5566065311431885,2.5566065311431885,286,30
262,5402,base_enriched,active_fraction,-0.023317398503422737,0.009122850373387337,-2.5559334754943848,2.5559334754943848,291,30
263,15130,base_enriched,mean,-0.17446133494377136,0.06830676645040512,-2.5540857315063477,2.5540857315063477,144,30
264,8262,base_enriched,active_fraction,-0.009684023447334766,0.003796130185946822,-2.551025152206421,2.551025152206421,103,30
265,9579,specialized_enriched,max,2.114464521408081,0.8288755416870117,2.5510036945343018,2.5510036945343018,155,30
266,7753,base_enriched,max,-3.6305909156799316,1.423976182937622,-2.549614906311035,2.549614906311035,281,30
267,5232,specialized_enriched,active_fraction,0.1326078325510025,0.05204497650265694,2.5479469299316406,2.5479469299316406,280,30
268,15735,base_enriched,max,-1.6510460376739502,0.6482236981391907,-2.5470311641693115,2.5470311641693115,290,30
269,14481,base_enriched,max,-1.5818966627120972,0.6211420297622681,-2.546755075454712,2.546755075454712,267,30
270,5048,base_enriched,max,-2.7497334480285645,1.08122980594635,-2.5431535243988037,2.5431535243988037,211,30
271,2953,base_enriched,max,-3.274362325668335,1.2877753973007202,-2.5426502227783203,2.5426502227783203,286,30
272,5126,base_enriched,active_fraction,-0.03641768917441368,0.014336424879729748,-2.5402212142944336,2.5402212142944336,291,30
273,3774,base_enriched,max,-3.5536725521087646,1.4051618576049805,-2.52901291847229,2.52901291847229,290,30
274,5787,specialized_enriched,max,3.098909378051758,1.227551817893982,2.524463176727295,2.524463176727295,112,30
275,5204,base_enriched,max,-4.507562637329102,1.7863317728042603,-2.523362398147583,2.523362398147583,204,30
276,9090,base_enriched,mean,-0.2085828185081482,0.08268798887729645,-2.522528648376465,2.522528648376465,138,30
277,15244,base_enriched,mean,-0.05351124703884125,0.02122417278587818,-2.521240711212158,2.521240711212158,138,30
278,4696,specialized_enriched,active_fraction,0.07748638093471527,0.03074437752366066,2.520343065261841,2.520343065261841,142,30
279,14016,base_enriched,active_fraction,-0.01669749617576599,0.006627961061894894,-2.5192508697509766,2.5192508697509766,142,30
280,11379,specialized_enriched,mean,0.08013620972633362,0.031846776604652405,2.5163052082061768,2.5163052082061768,245,30
281,1673,specialized_enriched,mean,0.07616644352674484,0.030357396230101585,2.508991241455078,2.508991241455078,186,30
282,649,specialized_enriched,max,2.3895833492279053,0.9524221420288086,2.5089540481567383,2.5089540481567383,105,30
283,3993,base_enriched,mean,-0.26366087794303894,0.10511427372694016,-2.5083260536193848,2.5083260536193848,291,30
284,15922,base_enriched,max,-3.581890106201172,1.4290164709091187,-2.506542205810547,2.506542205810547,286,30
285,7507,base_enriched,mean,-0.3050948977470398,0.12186308950185776,-2.503587484359741,2.503587484359741,245,30
286,5244,base_enriched,max,-3.0650475025177,1.2263644933700562,-2.499295711517334,2.499295711517334,288,30
287,8663,specialized_enriched,active_fraction,0.03940863907337189,0.01576978527009487,2.4989964962005615,2.4989964962005615,286,30
288,3178,specialized_enriched,max,2.240338087081909,0.8998571634292603,2.4896597862243652,2.4896597862243652,281,30
289,3537,base_enriched,max,-3.375056028366089,1.3560919761657715,-2.4888105392456055,2.4888105392456055,283,30
290,14868,base_enriched,max,-3.4171719551086426,1.3782641887664795,-2.479330062866211,2.479330062866211,272,30
291,12929,base_enriched,mean,-0.06583300232887268,0.026635102927684784,-2.471663236618042,2.471663236618042,90,30
292,487,specialized_enriched,active_fraction,0.017192969098687172,0.006957624107599258,2.471097707748413,2.471097707748413,178,30
293,15789,base_enriched,mean,-0.09998708963394165,0.040484242141246796,-2.469778060913086,2.469778060913086,172,30
294,5336,base_enriched,active_fraction,-0.023826487362384796,0.00965095218271017,-2.468822479248047,2.468822479248047,288,30
295,660,base_enriched,active_fraction,-0.006781579926609993,0.0027477906551212072,-2.4680118560791016,2.4680118560791016,123,30
296,2755,specialized_enriched,active_fraction,0.07269922643899918,0.029463667422533035,2.467419385910034,2.467419385910034,135,30
297,9606,base_enriched,active_fraction,-0.02388184517621994,0.009695763699710369,-2.4631216526031494,2.4631216526031494,220,30
298,6992,base_enriched,max,-4.038087844848633,1.6417608261108398,-2.4596078395843506,2.4596078395843506,220,30
299,16126,specialized_enriched,max,2.681527614593506,1.0903352499008179,2.4593605995178223,2.4593605995178223,146,30
300,7502,base_enriched,mean,-0.0903148502111435,0.03672657907009125,-2.4591140747070312,2.4591140747070312,181,30
301,13204,base_enriched,max,-3.764028310775757,1.531117558479309,-2.4583535194396973,2.4583535194396973,244,30
302,16173,specialized_enriched,max,2.1445369720458984,0.8724010586738586,2.458200693130493,2.458200693130493,116,30
303,13522,base_enriched,max,-3.962859630584717,1.6124589443206787,-2.4576499462127686,2.4576499462127686,232,30
304,7834,base_enriched,max,-3.1520602703094482,1.28311026096344,-2.456577777862549,2.456577777862549,277,30
305,10710,specialized_enriched,mean,0.13396060466766357,0.0547952838242054,2.444746971130371,2.444746971130371,279,30
306,16002,specialized_enriched,active_fraction,0.020115798339247704,0.00823691114783287,2.442153215408325,2.442153215408325,158,30
307,3754,base_enriched,max,-4.163005828857422,1.7051690816879272,-2.44140362739563,2.44140362739563,290,30
308,2408,specialized_enriched,active_fraction,0.014730192720890045,0.0060341996140778065,2.441118001937866,2.441118001937866,84,30
309,1346,base_enriched,active_fraction,-0.05207035318017006,0.0213332399725914,-2.4408085346221924,2.4408085346221924,281,30
310,13299,base_enriched,active_fraction,-0.012329314835369587,0.005055566318333149,-2.438760280609131,2.438760280609131,236,30
311,5596,specialized_enriched,active_fraction,0.08214809000492096,0.03371717408299446,2.436387062072754,2.436387062072754,144,30
312,4028,specialized_enriched,mean,0.10202638804912567,0.041989751160144806,2.429792642593384,2.429792642593384,242,30
313,3272,base_enriched,active_fraction,-0.0110994977876544,0.004571129102259874,-2.4281742572784424,2.4281742572784424,227,30
314,15899,base_enriched,max,-1.4301879405975342,0.589496374130249,-2.4261183738708496,2.4261183738708496,290,30
315,16088,specialized_enriched,mean,0.18103323876857758,0.07477020472288132,2.4211947917938232,2.4211947917938232,290,30
316,2925,specialized_enriched,mean,0.03748494014143944,0.015519865788519382,2.415287733078003,2.415287733078003,150,30
317,4089,base_enriched,active_fraction,-0.023558465763926506,0.009756291285157204,-2.4146947860717773,2.4146947860717773,289,30
318,283,base_enriched,active_fraction,-0.02709178812801838,0.011225339956581593,-2.413449287414551,2.413449287414551,287,30
319,12162,base_enriched,mean,-0.08845022320747375,0.03666895627975464,-2.412128210067749,2.412128210067749,161,30
320,13684,base_enriched,mean,-0.11963404715061188,0.049626678228378296,-2.410680055618286,2.410680055618286,268,30
321,14409,base_enriched,mean,-0.09951256215572357,0.04134741425514221,-2.4067420959472656,2.4067420959472656,287,30
322,12431,specialized_enriched,mean,0.2138374149799347,0.08888470381498337,2.4057841300964355,2.4057841300964355,287,30
323,8752,base_enriched,active_fraction,-0.04127747565507889,0.017203819006681442,-2.399320602416992,2.399320602416992,242,30
324,8321,specialized_enriched,active_fraction,0.026611944660544395,0.011091663502156734,2.3992743492126465,2.3992743492126465,133,30
325,4058,specialized_enriched,active_fraction,0.04376542568206787,0.018299175426363945,2.3916611671447754,2.3916611671447754,219,30
326,14471,specialized_enriched,max,1.6192632913589478,0.6770833134651184,2.3915274143218994,2.3915274143218994,90,30
327,10833,specialized_enriched,max,2.5850112438201904,1.0825207233428955,2.3879554271698,2.3879554271698,87,30
328,14008,base_enriched,mean,-0.1417682021856308,0.059398651123046875,-2.3867242336273193,2.3867242336273193,247,30
329,2924,base_enriched,max,-3.147639274597168,1.3196446895599365,-2.3852171897888184,2.3852171897888184,282,30
330,5783,specialized_enriched,mean,0.16475921869277954,0.0691000446677208,2.3843576908111572,2.3843576908111572,273,30
331,4166,base_enriched,max,-3.6352596282958984,1.5252082347869873,-2.383451461791992,2.383451461791992,291,30
332,8753,base_enriched,max,-2.951159954071045,1.2390776872634888,-2.3817391395568848,2.3817391395568848,290,30
333,14629,base_enriched,active_fraction,-0.02105659991502762,0.008845284581184387,-2.380545139312744,2.380545139312744,249,30
334,7714,specialized_enriched,active_fraction,0.02690243162214756,0.011302381753921509,2.380244493484497,2.380244493484497,218,30
335,1625,base_enriched,max,-2.0653493404388428,0.8678597211837769,-2.379819393157959,2.379819393157959,253,30
336,565,base_enriched,mean,-0.07119888812303543,0.029957236722111702,-2.3766841888427734,2.3766841888427734,291,30
337,104,base_enriched,mean,-0.07120047509670258,0.02998148463666439,-2.374814748764038,2.374814748764038,61,30
338,113,specialized_enriched,active_fraction,0.11725565046072006,0.049396395683288574,2.3737692832946777,2.3737692832946777,271,30
339,12669,base_enriched,max,-5.083263874053955,2.1421396732330322,-2.3729844093322754,2.3729844093322754,282,30
340,2228,base_enriched,active_fraction,-0.0667809247970581,0.028142424300312996,-2.372962713241577,2.372962713241577,289,30
341,14785,specialized_enriched,active_fraction,0.008678044192492962,0.003658216679468751,2.372206211090088,2.372206211090088,136,30
342,12932,specialized_enriched,max,2.782212495803833,1.1745399236679077,2.3687679767608643,2.3687679767608643,112,30
343,14811,base_enriched,active_fraction,-0.010155096650123596,0.004289569333195686,-2.3673930168151855,2.3673930168151855,153,30
344,13834,base_enriched,mean,-0.12389351427555084,0.052346330136060715,-2.3668041229248047,2.3668041229248047,146,30
345,12495,base_enriched,active_fraction,-0.027542591094970703,0.011637554503977299,-2.36669921875,2.36669921875,287,30
346,16249,base_enriched,mean,-0.17683827877044678,0.07479556649923325,-2.364288330078125,2.364288330078125,269,30
347,7442,specialized_enriched,mean,0.13091745972633362,0.05540250986814499,2.3630239963531494,2.3630239963531494,116,30
348,4863,base_enriched,active_fraction,-0.05373932048678398,0.022755032405257225,-2.361645460128784,2.361645460128784,291,30
349,11811,base_enriched,mean,-0.06300456821918488,0.026758510619401932,-2.3545618057250977,2.3545618057250977,142,30
350,6839,base_enriched,active_fraction,-0.04448440670967102,0.01891220360994339,-2.3521535396575928,2.3521535396575928,284,30
351,4437,specialized_enriched,max,2.0231142044067383,0.8601517081260681,2.352043390274048,2.352043390274048,100,30
352,9673,specialized_enriched,max,1.5842630863189697,0.6736972332000732,2.351595163345337,2.351595163345337,92,30
353,14756,specialized_enriched,max,1.5211302042007446,0.6471956372261047,2.3503406047821045,2.3503406047821045,101,30
354,742,base_enriched,max,-3.180305004119873,1.355014681816101,-2.3470630645751953,2.3470630645751953,252,30
355,1639,base_enriched,max,-3.965329170227051,1.692457914352417,-2.3429410457611084,2.3429410457611084,235,30
356,3109,base_enriched,mean,-0.10696135461330414,0.04565398022532463,-2.3428702354431152,2.3428702354431152,115,30
357,11532,base_enriched,mean,-0.020774362608790398,0.008871577680110931,-2.3416762351989746,2.3416762351989746,48,30
358,585,base_enriched,mean,-0.1132299154996872,0.048410557210445404,-2.3389508724212646,2.3389508724212646,253,30
359,610,base_enriched,mean,-0.031302452087402344,0.013402444310486317,-2.335577964782715,2.335577964782715,172,30
360,3664,base_enriched,active_fraction,-0.01799866557121277,0.007708918768912554,-2.334784746170044,2.334784746170044,285,30
361,12853,specialized_enriched,active_fraction,0.06215797737240791,0.02669539488852024,2.328415632247925,2.328415632247925,142,30
362,14214,base_enriched,active_fraction,-0.019532717764377594,0.008395032025873661,-2.3266994953155518,2.3266994953155518,254,30
363,15382,specialized_enriched,max,3.460662364959717,1.4884560108184814,2.3250014781951904,2.3250014781951904,102,30
364,4603,base_enriched,active_fraction,-0.023845840245485306,0.01026175357401371,-2.323758840560913,2.323758840560913,283,30
365,2253,specialized_enriched,mean,0.1103721559047699,0.04757443442940712,2.31998872756958,2.31998872756958,245,30
366,2734,specialized_enriched,active_fraction,0.04561987519264221,0.019676804542541504,2.3184595108032227,2.3184595108032227,118,30
367,860,specialized_enriched,max,1.9792450666427612,0.8546096682548523,2.3159637451171875,2.3159637451171875,124,30
368,16170,base_enriched,max,-3.439333200454712,1.4860491752624512,-2.3144140243530273,2.3144140243530273,281,30
369,7933,base_enriched,max,-4.139756202697754,1.7944059371948242,-2.307034492492676,2.307034492492676,265,30
370,4590,base_enriched,active_fraction,-0.014632590115070343,0.006343671586364508,-2.3066437244415283,2.3066437244415283,258,30
371,4750,specialized_enriched,max,1.3671337366104126,0.5945516228675842,2.299436569213867,2.299436569213867,104,30
372,11244,specialized_enriched,mean,0.13647031784057617,0.059364210814237595,2.2988650798797607,2.2988650798797607,281,30
373,990,base_enriched,max,-2.2048401832580566,0.9601110219955444,-2.296442985534668,2.296442985534668,291,30
374,479,base_enriched,active_fraction,-0.029614314436912537,0.012897612527012825,-2.2961082458496094,2.2961082458496094,137,30
375,14371,base_enriched,max,-2.8641204833984375,1.2473936080932617,-2.296083927154541,2.296083927154541,243,30
376,9367,specialized_enriched,max,2.168036460876465,0.9445346593856812,2.295348644256592,2.295348644256592,102,30
377,12422,specialized_enriched,mean,0.0741935595870018,0.032331470400094986,2.294778347015381,2.294778347015381,38,30
378,9104,base_enriched,mean,-0.11436384916305542,0.04988382011651993,-2.2926039695739746,2.2926039695739746,175,30
379,1231,base_enriched,max,-2.2533159255981445,0.9856759309768677,-2.2860615253448486,2.2860615253448486,291,30
380,1375,base_enriched,max,-4.025777816772461,1.7642695903778076,-2.2818381786346436,2.2818381786346436,281,30
381,14242,specialized_enriched,active_fraction,0.007763635832816362,0.003402692498639226,2.2816154956817627,2.2816154956817627,107,30
382,8167,specialized_enriched,active_fraction,0.031068112701177597,0.01362361665815115,2.2804598808288574,2.2804598808288574,261,30
383,562,base_enriched,mean,-0.07785002887248993,0.0342046320438385,-2.276008367538452,2.276008367538452,142,30
384,14040,specialized_enriched,mean,0.11789056658744812,0.05180329829454422,2.2757346630096436,2.2757346630096436,262,30
385,8582,base_enriched,max,-2.3532052040100098,1.0340702533721924,-2.275672435760498,2.275672435760498,260,30
386,15602,base_enriched,mean,-0.1058242991566658,0.0465528666973114,-2.273206949234009,2.273206949234009,291,30
387,2383,base_enriched,active_fraction,-0.01025882363319397,0.004514653235673904,-2.272339105606079,2.272339105606079,113,30
388,2832,specialized_enriched,active_fraction,0.007655728608369827,0.0033725586254149675,2.2700061798095703,2.2700061798095703,197,30
389,4284,specialized_enriched,active_fraction,0.017922284081578255,0.007900446653366089,2.2685153484344482,2.2685153484344482,271,30
390,10035,base_enriched,max,-1.9143567085266113,0.8451250195503235,-2.2651758193969727,2.2651758193969727,224,30
391,13530,base_enriched,mean,-0.1410147249698639,0.062294527888298035,-2.2636775970458984,2.2636775970458984,131,30
392,11551,base_enriched,max,-2.797893762588501,1.2368898391723633,-2.2620396614074707,2.2620396614074707,208,30
393,168,base_enriched,active_fraction,-0.017207996919751167,0.007613765075802803,-2.2601165771484375,2.2601165771484375,284,30
394,15869,specialized_enriched,max,2.052922248840332,0.9084460735321045,2.259817361831665,2.259817361831665,87,30
395,5219,base_enriched,active_fraction,-0.014675362035632133,0.006501584313809872,-2.257197856903076,2.257197856903076,254,30
396,10863,base_enriched,max,-2.406932830810547,1.0671916007995605,-2.25538969039917,2.25538969039917,249,30
397,2086,specialized_enriched,max,2.4580225944519043,1.0904593467712402,2.2541167736053467,2.2541167736053467,130,30
398,6954,specialized_enriched,active_fraction,0.039789240807294846,0.01765705645084381,2.2534470558166504,2.2534470558166504,262,30
399,3555,specialized_enriched,mean,0.06464536488056183,0.028697684407234192,2.252633571624756,2.252633571624756,52,30
400,6210,base_enriched,max,-4.416739463806152,1.9629135131835938,-2.250093698501587,2.250093698501587,279,30
401,16304,base_enriched,max,-2.443617582321167,1.0863118171691895,-2.249462366104126,2.249462366104126,291,30
402,14461,specialized_enriched,active_fraction,0.026371249929070473,0.011724482290446758,2.24924635887146,2.24924635887146,244,30
403,9552,specialized_enriched,active_fraction,0.0102678332477808,0.004565707873553038,2.2489027976989746,2.2489027976989746,70,30
404,15247,base_enriched,max,-2.496340274810791,1.110490322113037,-2.247962236404419,2.247962236404419,212,30
405,169,base_enriched,mean,-0.10621631145477295,0.04725946858525276,-2.247513771057129,2.247513771057129,141,30
406,7915,base_enriched,mean,-0.2572004795074463,0.1144549697637558,-2.247176170349121,2.247176170349121,291,30
407,10111,specialized_enriched,active_fraction,0.008144346997141838,0.00362475891597569,2.246865749359131,2.246865749359131,103,30
408,11115,base_enriched,mean,-0.1330273449420929,0.05924239754676819,-2.2454752922058105,2.2454752922058105,258,30
409,16117,specialized_enriched,max,2.1885857582092285,0.9765976071357727,2.2410311698913574,2.2410311698913574,270,30
410,14454,base_enriched,active_fraction,-0.020405199378728867,0.009119165129959583,-2.237617015838623,2.237617015838623,282,30
411,3287,base_enriched,active_fraction,-0.015151302330195904,0.006777659989893436,-2.2354769706726074,2.2354769706726074,282,30
412,15778,specialized_enriched,max,2.1899514198303223,0.9799378514289856,2.234786033630371,2.234786033630371,100,30
413,6,base_enriched,max,-2.7795839309692383,1.2445964813232422,-2.23332142829895,2.23332142829895,181,30
414,11365,base_enriched,active_fraction,-0.02522486075758934,0.011303415521979332,-2.231614112854004,2.231614112854004,187,30
415,10734,specialized_enriched,mean,0.07503093779087067,0.03376913070678711,2.221879482269287,2.221879482269287,94,30
416,10381,base_enriched,active_fraction,-0.01641160249710083,0.007388048805296421,-2.221371650695801,2.221371650695801,288,30
417,6939,base_enriched,mean,-0.13867595791816711,0.06244923546910286,-2.220618963241577,2.220618963241577,180,30
418,1881,base_enriched,max,-6.928865432739258,3.122528076171875,-2.218992233276367,2.218992233276367,151,30
419,10210,specialized_enriched,active_fraction,0.021949047222733498,0.009900911711156368,2.2168712615966797,2.2168712615966797,152,30
420,9237,base_enriched,max,-3.1498804092407227,1.421302080154419,-2.216193437576294,2.216193437576294,285,30
421,1548,specialized_enriched,mean,0.09366325289011002,0.0423201322555542,2.213207960128784,2.213207960128784,288,30
422,2374,base_enriched,max,-3.174705982208252,1.4348664283752441,-2.2125446796417236,2.2125446796417236,291,30
423,8384,base_enriched,mean,-0.10169021040201187,0.046049170196056366,-2.208296298980713,2.208296298980713,206,30
424,2289,specialized_enriched,active_fraction,0.08029390871524811,0.036378972232341766,2.2071516513824463,2.2071516513824463,278,30
425,13985,base_enriched,mean,-0.05830399692058563,0.02643381804227829,-2.2056593894958496,2.2056593894958496,211,30
426,4342,base_enriched,max,-3.910496711730957,1.7738242149353027,-2.204557180404663,2.204557180404663,272,30
427,11888,specialized_enriched,max,1.5785713195800781,0.7164105176925659,2.2034451961517334,2.2034451961517334,85,30
428,1182,base_enriched,active_fraction,-0.021294614300131798,0.009669569320976734,-2.2022299766540527,2.2022299766540527,198,30
429,2607,base_enriched,max,-4.7718095779418945,2.1670405864715576,-2.201993703842163,2.201993703842163,232,30
430,11558,base_enriched,active_fraction,-0.014904959127306938,0.0067697023041546345,-2.2017157077789307,2.2017157077789307,267,30
431,5566,specialized_enriched,mean,0.09086950123310089,0.04130232334136963,2.200106382369995,2.200106382369995,178,30
432,8324,base_enriched,active_fraction,-0.04035988450050354,0.018351133912801743,-2.199312925338745,2.199312925338745,236,30
433,4958,base_enriched,active_fraction,-0.030842676758766174,0.014028242789208889,-2.198612928390503,2.198612928390503,186,30
434,12396,base_enriched,mean,-0.11362085491418839,0.051713183522224426,-2.1971352100372314,2.1971352100372314,275,30
435,873,base_enriched,active_fraction,-0.01592043600976467,0.0072463625110685825,-2.1970245838165283,2.1970245838165283,149,30
436,12336,specialized_enriched,max,1.6693110466003418,0.7599427700042725,2.196627378463745,2.196627378463745,72,30
437,2055,specialized_enriched,active_fraction,0.016887810081243515,0.007695510983467102,2.1945013999938965,2.1945013999938965,267,30
438,7777,base_enriched,mean,-0.14952485263347626,0.06817198544740677,-2.193347454071045,2.193347454071045,270,30
439,7468,base_enriched,active_fraction,-0.023311227560043335,0.01065264642238617,-2.1883039474487305,2.1883039474487305,291,30
440,2004,base_enriched,active_fraction,-0.04465432092547417,0.02041662484407425,-2.18715500831604,2.18715500831604,274,30
441,10888,base_enriched,max,-1.7105162143707275,0.7835976481437683,-2.18290114402771,2.18290114402771,281,30
442,7617,specialized_enriched,mean,0.21094366908073425,0.09665137529373169,2.182521104812622,2.182521104812622,256,30
443,10688,base_enriched,mean,-0.08902725577354431,0.04079902917146683,-2.1820924282073975,2.1820924282073975,284,30
444,6496,base_enriched,mean,-0.1803300380706787,0.08265379071235657,-2.1817514896392822,2.1817514896392822,288,30
445,14974,base_enriched,max,-2.1490979194641113,0.9882848858833313,-2.1745731830596924,2.1745731830596924,149,30
446,4955,base_enriched,mean,-0.13314056396484375,0.061238113790750504,-2.174145460128784,2.174145460128784,218,30
447,4029,specialized_enriched,max,1.7413396835327148,0.8027852177619934,2.1691226959228516,2.1691226959228516,258,30
448,15533,base_enriched,active_fraction,-0.02308517135679722,0.010649051517248154,-2.1678147315979004,2.1678147315979004,291,30
449,4054,base_enriched,mean,-0.07168019562959671,0.033099643886089325,-2.165588140487671,2.165588140487671,143,30
450,15301,specialized_enriched,max,2.3002047538757324,1.0632472038269043,2.163377285003662,2.163377285003662,87,30
451,14295,specialized_enriched,mean,0.056157611310482025,0.025960205122828484,2.1632189750671387,2.1632189750671387,105,30
452,7199,specialized_enriched,max,1.6498563289642334,0.7628837823867798,2.1626574993133545,2.1626574993133545,106,30
453,15866,specialized_enriched,mean,0.11185288429260254,0.05175742879509926,2.1610982418060303,2.1610982418060303,251,30
454,8259,base_enriched,active_fraction,-0.008714497089385986,0.004032714758068323,-2.1609504222869873,2.1609504222869873,161,30
455,6758,specialized_enriched,mean,0.1611604541540146,0.07471412420272827,2.1570279598236084,2.1570279598236084,275,30
456,12230,base_enriched,max,-3.4979488849639893,1.6221259832382202,-2.156397819519043,2.156397819519043,240,30
457,3233,base_enriched,active_fraction,-0.020241256803274155,0.009397294372320175,-2.153945207595825,2.153945207595825,288,30
458,13855,base_enriched,mean,-0.11013532429933548,0.05115688219666481,-2.152893543243408,2.152893543243408,161,30
459,13173,base_enriched,active_fraction,-0.034282293170690536,0.01593017578125,-2.1520347595214844,2.1520347595214844,244,30
460,12792,base_enriched,active_fraction,-0.012626975774765015,0.00586788821965456,-2.1518774032592773,2.1518774032592773,217,30
461,13343,base_enriched,active_fraction,-0.018747949972748756,0.008723762817680836,-2.149066925048828,2.149066925048828,261,30
462,7737,base_enriched,active_fraction,-0.016041932627558708,0.0074722059071063995,-2.1468803882598877,2.1468803882598877,161,30
463,6324,specialized_enriched,mean,0.16033212840557098,0.07471314072608948,2.1459696292877197,2.1459696292877197,262,30
464,8564,specialized_enriched,mean,0.1291874349117279,0.0602736659348011,2.143347978591919,2.143347978591919,176,30
465,12301,specialized_enriched,max,1.4698238372802734,0.6858125329017639,2.143186092376709,2.143186092376709,71,30
466,8336,base_enriched,max,-2.2439143657684326,1.0470435619354248,-2.1430954933166504,2.1430954933166504,291,30
467,14896,base_enriched,active_fraction,-0.007733102422207594,0.0036112978123128414,-2.1413638591766357,2.1413638591766357,86,30
468,1526,base_enriched,max,-1.9516355991363525,0.9120294451713562,-2.1398823261260986,2.1398823261260986,287,30
469,1659,specialized_enriched,active_fraction,0.006249257829040289,0.002924826694652438,2.136625051498413,2.136625051498413,63,30
470,8825,base_enriched,max,-2.253763437271118,1.055171012878418,-2.135922431945801,2.135922431945801,283,30
471,6100,specialized_enriched,max,0.9483269453048706,0.4440825581550598,2.135474443435669,2.135474443435669,151,30
472,15410,base_enriched,active_fraction,-0.011508675292134285,0.005392875522375107,-2.13405179977417,2.13405179977417,244,30
473,4942,base_enriched,max,-1.3885325193405151,0.6511982083320618,-2.1322731971740723,2.1322731971740723,230,30
474,13848,base_enriched,active_fraction,-0.018422750756144524,0.008642865344882011,-2.1315560340881348,2.1315560340881348,227,30
475,10991,base_enriched,active_fraction,-0.03462552651762962,0.016269132494926453,-2.1282958984375,2.1282958984375,281,30
476,15250,specialized_enriched,active_fraction,0.045536771416664124,0.021423175930976868,2.125584602355957,2.125584602355957,214,30
477,9997,base_enriched,max,-1.8001294136047363,0.8469284176826477,-2.1254799365997314,2.1254799365997314,204,30
478,6005,base_enriched,active_fraction,-0.00884326733648777,0.004162465687841177,-2.124526262283325,2.124526262283325,245,30
479,773,base_enriched,active_fraction,-0.018422521650791168,0.008673387579619884,-2.124028444290161,2.124028444290161,218,30
480,8909,base_enriched,active_fraction,-0.04279862716794014,0.020160896703600883,-2.1228532791137695,2.1228532791137695,288,30
481,2099,base_enriched,max,-3.1995882987976074,1.5076404809951782,-2.122248888015747,2.122248888015747,291,30
482,4185,specialized_enriched,max,3.4413301944732666,1.622499704360962,2.121005058288574,2.121005058288574,289,30
483,3764,base_enriched,max,-7.191403388977051,3.3936288356781006,-2.1190896034240723,2.1190896034240723,216,30
484,16376,base_enriched,max,-1.1662542819976807,0.5504521131515503,-2.118720769882202,2.118720769882202,182,30
485,8649,specialized_enriched,mean,0.13573306798934937,0.06423303484916687,2.1131348609924316,2.1131348609924316,155,30
486,13218,base_enriched,active_fraction,-0.010209174826741219,0.00483587384223938,-2.111133337020874,2.111133337020874,186,30
487,12002,specialized_enriched,mean,0.06434467434883118,0.03053349070250988,2.1073474884033203,2.1073474884033203,174,30
488,194,base_enriched,active_fraction,-0.01053876243531704,0.005004512146115303,-2.1058521270751953,2.1058521270751953,250,30
489,14829,base_enriched,active_fraction,-0.06199020892381668,0.029445448890328407,-2.1052560806274414,2.1052560806274414,289,30
490,3803,base_enriched,mean,-0.15707112848758698,0.07462251931428909,-2.1048758029937744,2.1048758029937744,69,30
491,10879,base_enriched,mean,-0.13996827602386475,0.066593237221241,-2.101839303970337,2.101839303970337,266,30
492,840,base_enriched,active_fraction,-0.03229505568742752,0.015366202220320702,-2.101694107055664,2.101694107055664,288,30
493,790,specialized_enriched,max,1.0657669305801392,0.5076497197151184,2.099414110183716,2.099414110183716,72,30
494,16210,base_enriched,active_fraction,-0.008096735924482346,0.00385750038549304,-2.09895920753479,2.09895920753479,141,30
495,13631,base_enriched,active_fraction,-0.03323610872030258,0.015843790024518967,-2.0977373123168945,2.0977373123168945,270,30
496,2786,base_enriched,active_fraction,-0.037533603608608246,0.017903266474604607,-2.0964667797088623,2.0964667797088623,244,30
497,9924,base_enriched,mean,-0.11790518462657928,0.056334707885980606,-2.092940330505371,2.092940330505371,182,30
498,1742,base_enriched,active_fraction,-0.025385264307260513,0.012144659645855427,-2.090240955352783,2.090240955352783,239,30
499,8019,base_enriched,mean,-0.13737094402313232,0.0659484714269638,-2.0830042362213135,2.0830042362213135,104,30
500,13103,base_enriched,active_fraction,-0.028211843222379684,0.013561656698584557,-2.0802652835845947,2.0802652835845947,161,30
501,12745,base_enriched,active_fraction,-0.02012884058058262,0.009679344482719898,-2.079566478729248,2.079566478729248,182,30
502,885,base_enriched,mean,-0.08012774586677551,0.038560885936021805,-2.077954053878784,2.077954053878784,223,30
503,12115,base_enriched,active_fraction,-0.025483228266239166,0.01229007076472044,-2.0734810829162598,2.0734810829162598,224,30
504,1794,specialized_enriched,max,2.6097006797790527,1.2613937854766846,2.0689024925231934,2.0689024925231934,96,30
505,14467,base_enriched,max,-1.9771913290023804,0.9559110403060913,-2.0683841705322266,2.0683841705322266,269,30
506,10790,specialized_enriched,active_fraction,0.030115729197859764,0.014561982825398445,2.0681064128875732,2.0681064128875732,277,30
507,13298,base_enriched,mean,-0.08107718825340271,0.03922654688358307,-2.0668959617614746,2.0668959617614746,172,30
508,4188,base_enriched,mean,-0.054162655025720596,0.026207946240901947,-2.066650152206421,2.066650152206421,289,30
509,2750,specialized_enriched,active_fraction,0.04866582155227661,0.023552801460027695,2.0662434101104736,2.0662434101104736,283,30
510,13986,base_enriched,active_fraction,-0.033548321574926376,0.016252629458904266,-2.064177989959717,2.064177989959717,113,30
511,7362,specialized_enriched,active_fraction,0.007461397908627987,0.003617058042436838,2.062836170196533,2.062836170196533,167,30
512,12491,base_enriched,max,-3.1198489665985107,1.5131559371948242,-2.0618159770965576,2.0618159770965576,275,30
513,2258,base_enriched,max,-1.1273622512817383,0.547233521938324,-2.0601117610931396,2.0601117610931396,280,30
514,5971,base_enriched,max,-1.9675400257110596,0.9556119441986084,-2.058932065963745,2.058932065963745,174,30
515,14048,base_enriched,max,-1.5324416160583496,0.7445324659347534,-2.058260202407837,2.058260202407837,255,30
516,12059,specialized_enriched,max,1.4382416009902954,0.6994965672492981,2.056109666824341,2.056109666824341,91,30
517,6051,base_enriched,active_fraction,-0.033634837716817856,0.016359485685825348,-2.055983781814575,2.055983781814575,285,30
518,15753,base_enriched,active_fraction,-0.013728623278439045,0.006682292092591524,-2.054478168487549,2.054478168487549,279,30
519,14693,base_enriched,max,-3.4434447288513184,1.6778525114059448,-2.052292823791504,2.052292823791504,244,30
520,2182,base_enriched,max,-2.7404768466949463,1.335705041885376,-2.0517079830169678,2.0517079830169678,288,30
521,3071,specialized_enriched,max,1.0597124099731445,0.5166097283363342,2.0512824058532715,2.0512824058532715,64,30
522,5957,base_enriched,max,-3.153832197189331,1.5429894924163818,-2.0439751148223877,2.0439751148223877,237,30
523,13054,base_enriched,max,-2.2054901123046875,1.0793304443359375,-2.0433871746063232,2.0433871746063232,188,30
524,13845,base_enriched,max,-1.6524686813354492,0.8096582889556885,-2.0409457683563232,2.0409457683563232,290,30
525,12132,specialized_enriched,mean,0.11755629628896713,0.05762964114546776,2.039858102798462,2.039858102798462,284,30
526,9280,base_enriched,mean,-0.10440481454133987,0.05124212056398392,-2.037480354309082,2.037480354309082,244,30
527,1424,base_enriched,max,-0.9954383969306946,0.48917824029922485,-2.034919500350952,2.034919500350952,165,30
528,14950,base_enriched,max,-1.4497873783111572,0.7124700546264648,-2.03487491607666,2.03487491607666,210,30
529,8599,specialized_enriched,max,2.191833257675171,1.0771466493606567,2.034851312637329,2.034851312637329,113,30
530,5534,base_enriched,max,-1.8494760990142822,0.909279465675354,-2.0340018272399902,2.0340018272399902,290,30
531,15655,specialized_enriched,mean,0.32969930768013,0.162380650639534,2.030410051345825,2.030410051345825,291,30
532,11580,specialized_enriched,mean,0.2624545395374298,0.1294497698545456,2.0274624824523926,2.0274624824523926,290,30
533,8623,base_enriched,max,-2.8247435092926025,1.3934860229492188,-2.0271058082580566,2.0271058082580566,88,30
534,15852,specialized_enriched,active_fraction,0.01895122230052948,0.009350302629172802,2.0268030166625977,2.0268030166625977,173,30
535,11125,base_enriched,active_fraction,-0.010797036811709404,0.00532907247543335,-2.0260629653930664,2.0260629653930664,264,30
536,6819,specialized_enriched,active_fraction,0.01599680446088314,0.007905231788754463,2.023571729660034,2.023571729660034,262,30
537,14395,specialized_enriched,active_fraction,0.03365860506892204,0.01663525588810444,2.023329496383667,2.023329496383667,217,30
538,14356,specialized_enriched,active_fraction,0.031174443662166595,0.01541824359446764,2.0219192504882812,2.0219192504882812,279,30
539,9051,specialized_enriched,active_fraction,0.008828713558614254,0.004367549438029528,2.0214340686798096,2.0214340686798096,94,30
540,9281,specialized_enriched,max,3.348789691925049,1.658814549446106,2.018784761428833,2.018784761428833,226,30
541,8974,specialized_enriched,max,0.9433939456939697,0.4675213694572449,2.0178627967834473,2.0178627967834473,98,30
542,3092,specialized_enriched,active_fraction,0.024317266419529915,0.012052048929035664,2.0176873207092285,2.0176873207092285,259,30
543,6422,base_enriched,active_fraction,-0.02164488658308983,0.010755912400782108,-2.012371063232422,2.012371063232422,263,30
544,13294,base_enriched,max,-1.7189581394195557,0.8542662858963013,-2.012204170227051,2.012204170227051,242,30
545,12762,base_enriched,active_fraction,-0.020822621881961823,0.010348261334002018,-2.012185573577881,2.012185573577881,278,30
546,105,specialized_enriched,mean,0.1329873651266098,0.06613857299089432,2.0107383728027344,2.0107383728027344,231,30
547,15908,base_enriched,max,-1.778130292892456,0.8843934535980225,-2.0105648040771484,2.0105648040771484,276,30
548,8346,base_enriched,active_fraction,-0.011723862960934639,0.005832062568515539,-2.0102429389953613,2.0102429389953613,274,30
549,10892,base_enriched,mean,-0.02029663324356079,0.010097682476043701,-2.010028839111328,2.010028839111328,114,30
550,12500,base_enriched,max,-2.0449585914611816,1.0177502632141113,-2.0092930793762207,2.0092930793762207,290,30
551,15069,base_enriched,active_fraction,-0.0336158350110054,0.016736077144742012,-2.008584976196289,2.008584976196289,240,30
552,14294,base_enriched,max,-2.401319980621338,1.195897102355957,-2.007965326309204,2.007965326309204,276,30
553,9948,base_enriched,active_fraction,-0.02847488783299923,0.014182409271597862,-2.007761001586914,2.007761001586914,253,30
554,11284,base_enriched,max,-2.42700457572937,1.2105523347854614,-2.004873752593994,2.004873752593994,142,30
555,10820,specialized_enriched,mean,0.10082923620939255,0.0503419004380703,2.0028889179229736,2.0028889179229736,276,30
556,7085,base_enriched,max,-2.024718761444092,1.0111244916915894,-2.0024425983428955,2.0024425983428955,265,30
557,14535,base_enriched,mean,-0.08904573321342468,0.04447224363684654,-2.002276659011841,2.002276659011841,184,30
558,11890,base_enriched,mean,-0.22545281052589417,0.11280489712953568,-1.9986083507537842,1.9986083507537842,139,30
559,2579,base_enriched,mean,-0.08189085125923157,0.04097692668437958,-1.998462438583374,1.998462438583374,203,30
560,16060,base_enriched,mean,-0.09820795059204102,0.049182917922735214,-1.996789813041687,1.996789813041687,289,30
561,9060,base_enriched,mean,-0.07157136499881744,0.03584987297654152,-1.9964189529418945,1.9964189529418945,135,30
562,9736,base_enriched,active_fraction,-0.025959962978959084,0.013004562817513943,-1.9962196350097656,1.9962196350097656,283,30
563,16139,base_enriched,mean,-0.14094078540802002,0.07066082209348679,-1.994610071182251,1.994610071182251,158,30
564,1423,base_enriched,max,-2.4778590202331543,1.242648720741272,-1.994014024734497,1.994014024734497,269,30
565,8007,specialized_enriched,active_fraction,0.03477615863084793,0.017451783642172813,1.992699384689331,1.992699384689331,104,30
566,1296,specialized_enriched,active_fraction,0.04491235315799713,0.02253960818052292,1.9925968647003174,1.9925968647003174,190,30
567,16193,specialized_enriched,max,2.3233120441436768,1.1660679578781128,1.9924328327178955,1.9924328327178955,198,30
568,621,specialized_enriched,max,1.423484206199646,0.7144820094108582,1.9923303127288818,1.9923303127288818,58,30
569,14186,specialized_enriched,mean,0.09408122301101685,0.04729204252362251,1.989366888999939,1.989366888999939,206,30
570,768,specialized_enriched,active_fraction,0.03776654601097107,0.018997760489583015,1.9879472255706787,1.9879472255706787,149,30
571,5146,base_enriched,active_fraction,-0.04283055663108826,0.021552709862589836,-1.9872469902038574,1.9872469902038574,224,30
572,10254,base_enriched,active_fraction,-0.018364526331424713,0.009242654778063297,-1.9869319200515747,1.9869319200515747,180,30
573,1931,base_enriched,active_fraction,-0.009369085542857647,0.004715558607131243,-1.9868453741073608,1.9868453741073608,139,30
574,5751,base_enriched,max,-1.5060462951660156,0.7591474652290344,-1.9838652610778809,1.9838652610778809,279,30
575,7398,base_enriched,mean,-0.07202304154634476,0.03636438027024269,-1.9805930852890015,1.9805930852890015,249,30
576,2757,base_enriched,max,-2.130385160446167,1.0761387348175049,-1.9796565771102905,1.9796565771102905,278,30
577,9213,base_enriched,active_fraction,-0.009621433913707733,0.00486023910343647,-1.9796215295791626,1.9796215295791626,137,30
578,4907,base_enriched,active_fraction,-0.028324831277132034,0.014318255707621574,-1.9782320261001587,1.9782320261001587,290,30
579,15534,specialized_enriched,mean,0.12294144183397293,0.06219739839434624,1.9766331911087036,1.9766331911087036,174,30
580,5814,base_enriched,mean,-0.12919177114963531,0.06538074463605881,-1.975991129875183,1.975991129875183,203,30
581,4688,specialized_enriched,active_fraction,0.03600184619426727,0.01825113222002983,1.9725815057754517,1.9725815057754517,268,30
582,4021,base_enriched,max,-3.174971103668213,1.6113780736923218,-1.9703452587127686,1.9703452587127686,283,30
583,12863,specialized_enriched,active_fraction,0.004244165029376745,0.0021549551747739315,1.9694911241531372,1.9694911241531372,145,30
584,9293,base_enriched,max,-2.2137773036956787,1.1240627765655518,-1.9694427251815796,1.9694427251815796,289,30
585,14700,base_enriched,active_fraction,-0.004502208903431892,0.002288185292854905,-1.967589259147644,1.967589259147644,82,30
586,14690,specialized_enriched,active_fraction,0.043964121490716934,0.02237173542380333,1.9651637077331543,1.9651637077331543,172,30
587,1808,base_enriched,max,-0.9632539749145508,0.4904647469520569,-1.9639617204666138,1.9639617204666138,256,30
588,1928,specialized_enriched,max,1.1646548509597778,0.5933671593666077,1.962789535522461,1.962789535522461,58,30
589,13508,base_enriched,mean,-0.0615471675992012,0.03136926889419556,-1.9620211124420166,1.9620211124420166,146,30
590,9966,specialized_enriched,active_fraction,0.03878122568130493,0.019769450649619102,1.961674451828003,1.961674451828003,291,30
591,1582,base_enriched,mean,-0.09332636743783951,0.047584354877471924,-1.9612826108932495,1.9612826108932495,125,30
592,15764,base_enriched,max,-1.7529823780059814,0.8945372700691223,-1.9596526622772217,1.9596526622772217,270,30
593,15153,specialized_enriched,mean,0.15710164606571198,0.08039651066064835,1.954085350036621,1.954085350036621,262,30
594,6130,specialized_enriched,active_fraction,0.006249282509088516,0.0031981973443180323,1.954001545906067,1.954001545906067,106,30
595,1415,base_enriched,max,-1.8594125509262085,0.9521356821060181,-1.9528861045837402,1.9528861045837402,144,30
596,3211,base_enriched,active_fraction,-0.02003808692097664,0.010260852053761482,-1.9528677463531494,1.9528677463531494,241,30
597,8194,base_enriched,mean,-0.14500796794891357,0.07427865266799927,-1.9522159099578857,1.9522159099578857,263,30
598,9011,base_enriched,max,-1.903116226196289,0.9762411713600159,-1.9494324922561646,1.9494324922561646,291,30
599,6142,specialized_enriched,max,1.5598622560501099,0.8003488779067993,1.9489778280258179,1.9489778280258179,57,30
600,5942,base_enriched,active_fraction,-0.026041876524686813,0.013363361358642578,-1.9487519264221191,1.9487519264221191,281,30
601,2024,base_enriched,active_fraction,-0.022322464734315872,0.01145699992775917,-1.9483691453933716,1.9483691453933716,227,30
602,7504,specialized_enriched,max,1.3794814348220825,0.7081419229507446,1.948029637336731,1.948029637336731,82,30
603,3169,base_enriched,mean,-0.16526253521442413,0.08491980284452438,-1.9461013078689575,1.9461013078689575,194,30
604,6030,specialized_enriched,max,1.4255589246749878,0.7326289415359497,1.9458130598068237,1.9458130598068237,114,30
605,16154,base_enriched,mean,-0.08689343184232712,0.04477698355913162,-1.940582513809204,1.940582513809204,287,30
606,12331,base_enriched,active_fraction,-0.02386099472641945,0.012296757660806179,-1.9404298067092896,1.9404298067092896,245,30
607,9419,base_enriched,active_fraction,-0.013490496203303337,0.006953804288059473,-1.9400166273117065,1.9400166273117065,284,30
608,14931,base_enriched,mean,-0.02888938970863819,0.014891598373651505,-1.939979076385498,1.939979076385498,120,30
609,4173,base_enriched,max,-2.118865966796875,1.092872142791748,-1.9388049840927124,1.9388049840927124,280,30
610,14740,base_enriched,active_fraction,-0.005434038583189249,0.0028034879360347986,-1.9383134841918945,1.9383134841918945,181,30
611,4184,specialized_enriched,active_fraction,0.06895318627357483,0.03558524698019028,1.937690258026123,1.937690258026123,255,30
612,13348,specialized_enriched,max,0.7387810945510864,0.38140344619750977,1.9370068311691284,1.9370068311691284,282,30
613,5708,base_enriched,active_fraction,-0.005223528016358614,0.0026969127357006073,-1.9368547201156616,1.9368547201156616,102,30
614,974,base_enriched,max,-2.790473461151123,1.441724181175232,-1.9355113506317139,1.9355113506317139,151,30
615,6974,base_enriched,active_fraction,-0.02164713479578495,0.011184384115040302,-1.9354784488677979,1.9354784488677979,227,30
616,5991,specialized_enriched,max,1.6728415489196777,0.8644576072692871,1.9351342916488647,1.9351342916488647,84,30
617,8203,base_enriched,max,-3.6105432510375977,1.865800142288208,-1.9351178407669067,1.9351178407669067,253,30
618,9710,base_enriched,mean,-0.1533345878124237,0.07925265282392502,-1.9347565174102783,1.9347565174102783,198,30
619,429,specialized_enriched,max,1.6610320806503296,0.859531044960022,1.9324864149093628,1.9324864149093628,83,30
620,4136,base_enriched,max,-0.9377701282501221,0.4856615364551544,-1.9309128522872925,1.9309128522872925,237,30
621,3788,base_enriched,mean,-0.06318175792694092,0.03273492678999901,-1.9301023483276367,1.9301023483276367,210,30
622,7024,base_enriched,max,-5.960360050201416,3.0915210247039795,-1.927970051765442,1.927970051765442,85,30
623,1773,base_enriched,max,-3.525705099105835,1.8318301439285278,-1.9246900081634521,1.9246900081634521,288,30
624,13306,base_enriched,active_fraction,-0.011614028364419937,0.006036640144884586,-1.9239225387573242,1.9239225387573242,136,30
625,7580,base_enriched,max,-1.8774763345718384,0.977052628993988,-1.9215713739395142,1.9215713739395142,281,30
626,471,specialized_enriched,active_fraction,0.008457057178020477,0.004401152953505516,1.9215549230575562,1.9215549230575562,134,30
627,10678,specialized_enriched,mean,0.10846571624279022,0.05645003914833069,1.9214462041854858,1.9214462041854858,91,30
628,10736,base_enriched,active_fraction,-0.014856253750622272,0.00773698789998889,-1.920159935951233,1.920159935951233,242,30
629,10194,base_enriched,active_fraction,-0.023811737075448036,0.012402612715959549,-1.9198968410491943,1.9198968410491943,270,30
630,4236,base_enriched,max,-1.3858811855316162,0.7222607731819153,-1.9188100099563599,1.9188100099563599,279,30
631,5700,base_enriched,active_fraction,-0.029543932527303696,0.015440622344613075,-1.913390040397644,1.913390040397644,284,30
632,12657,specialized_enriched,max,1.520296335220337,0.7956990003585815,1.9106425046920776,1.9106425046920776,76,30
633,12940,base_enriched,max,-1.6583954095840454,0.8687065243721008,-1.909039855003357,1.909039855003357,130,30
634,8313,specialized_enriched,max,0.4914124608039856,0.2577746510505676,1.9063645601272583,1.9063645601272583,291,30
635,8665,base_enriched,max,-1.988821268081665,1.0461581945419312,-1.901071310043335,1.901071310043335,285,30
636,11576,specialized_enriched,active_fraction,0.019666185602545738,0.010348890908062458,1.9003181457519531,1.9003181457519531,269,30
637,8035,base_enriched,max,-2.028299570083618,1.068786859512329,-1.8977587223052979,1.8977587223052979,284,30
638,15043,base_enriched,max,-2.153949022293091,1.135582685470581,-1.8967787027359009,1.8967787027359009,223,30
639,16134,specialized_enriched,max,2.263935089111328,1.1936734914779663,1.8966116905212402,1.8966116905212402,221,30
640,9808,base_enriched,max,-3.4383277893066406,1.813138484954834,-1.8963403701782227,1.8963403701782227,274,30
641,220,base_enriched,mean,-0.10860073566436768,0.05729162320494652,-1.8955779075622559,1.8955779075622559,211,30
642,9675,base_enriched,active_fraction,-0.016905732452869415,0.008919693529605865,-1.8953266143798828,1.8953266143798828,208,30
643,3919,base_enriched,max,-1.8644132614135742,0.9842699766159058,-1.8942092657089233,1.8942092657089233,285,30
644,3317,base_enriched,mean,-0.05767713487148285,0.03047843649983406,-1.892391562461853,1.892391562461853,185,30
645,450,specialized_enriched,max,1.2537786960601807,0.6635866165161133,1.889397144317627,1.889397144317627,54,30
646,14149,base_enriched,active_fraction,-0.020191999152302742,0.010704077780246735,-1.8863837718963623,1.8863837718963623,257,30
647,11845,base_enriched,max,-2.7663869857788086,1.4665865898132324,-1.8862758874893188,1.8862758874893188,234,30
648,3369,specialized_enriched,active_fraction,0.010642169043421745,0.005642051808536053,1.8862231969833374,1.8862231969833374,167,30
649,10749,base_enriched,max,-1.4496705532073975,0.7686178684234619,-1.8860745429992676,1.8860745429992676,288,30
650,15396,specialized_enriched,active_fraction,0.006278722546994686,0.003329336643218994,1.8858779668807983,1.8858779668807983,64,30
651,13012,specialized_enriched,max,3.2900898456573486,1.7450441122055054,1.8853906393051147,1.8853906393051147,168,30
652,13768,base_enriched,max,-2.1297073364257812,1.1313817501068115,-1.8823950290679932,1.8823950290679932,290,30
653,2742,base_enriched,active_fraction,-0.02205335907638073,0.0117157818749547,-1.8823634386062622,1.8823634386062622,289,30
654,9862,specialized_enriched,max,1.2961026430130005,0.6889864206314087,1.881173014640808,1.881173014640808,76,30
655,15632,specialized_enriched,active_fraction,0.012543998658657074,0.006670233327895403,1.8805936574935913,1.8805936574935913,95,30
656,12391,specialized_enriched,active_fraction,0.002456498797982931,0.001306785037741065,1.8798032999038696,1.8798032999038696,51,30
657,12678,base_enriched,active_fraction,-0.02094116620719433,0.011142613366246223,-1.8793765306472778,1.8793765306472778,122,30
658,6239,base_enriched,max,-1.466210126876831,0.7803120613098145,-1.8790048360824585,1.8790048360824585,261,30
659,2941,base_enriched,max,-0.9784491062164307,0.5208356976509094,-1.8786137104034424,1.8786137104034424,205,30
660,14352,specialized_enriched,max,1.4714912176132202,0.7836734652519226,1.8776841163635254,1.8776841163635254,68,30
661,12047,specialized_enriched,max,3.0423760414123535,1.6216628551483154,1.8760842084884644,1.8760842084884644,242,30
662,11751,specialized_enriched,max,1.2864233255386353,0.6860419511795044,1.8751380443572998,1.8751380443572998,132,30
663,2767,specialized_enriched,active_fraction,0.012488357722759247,0.0066641089506447315,1.8739726543426514,1.8739726543426514,179,30
664,9833,specialized_enriched,mean,0.04238292574882507,0.02261698618531227,1.873942255973816,1.873942255973816,102,30
665,107,base_enriched,active_fraction,-0.021998193114995956,0.01174616627395153,-1.8727977275848389,1.8727977275848389,212,30
666,8447,base_enriched,max,-1.8823899030685425,1.0052788257598877,-1.8725053071975708,1.8725053071975708,128,30
667,13002,base_enriched,active_fraction,-0.014716194942593575,0.007859351113438606,-1.8724440336227417,1.8724440336227417,168,30
668,12926,specialized_enriched,max,0.6279870271682739,0.33549538254737854,1.8718202114105225,1.8718202114105225,75,30
669,11608,specialized_enriched,active_fraction,0.008700252510607243,0.0046483492478728294,1.8716864585876465,1.8716864585876465,130,30
670,14305,base_enriched,active_fraction,-0.009271906688809395,0.004954494535923004,-1.871413230895996,1.871413230895996,220,30
671,6933,base_enriched,mean,-0.08522099256515503,0.045566268265247345,-1.8702648878097534,1.8702648878097534,280,30
672,2827,specialized_enriched,mean,0.16423550248146057,0.08798416703939438,1.8666483163833618,1.8666483163833618,273,30
673,2541,base_enriched,max,-2.0539281368255615,1.100685477256775,-1.866044521331787,1.866044521331787,260,30
674,11304,base_enriched,max,-2.1941463947296143,1.17585289478302,-1.8660041093826294,1.8660041093826294,75,30
675,4309,base_enriched,max,-1.7759414911270142,0.9520488381385803,-1.865389108657837,1.865389108657837,290,30
676,12420,specialized_enriched,active_fraction,0.012128211557865143,0.006507857237011194,1.8636258840560913,1.8636258840560913,116,30
677,938,specialized_enriched,mean,0.05151364207267761,0.02764434739947319,1.8634421825408936,1.8634421825408936,252,30
678,15633,base_enriched,max,-1.469403624534607,0.7892332077026367,-1.8618117570877075,1.8618117570877075,203,30
679,10502,base_enriched,max,-1.8863234519958496,1.0135095119476318,-1.8611798286437988,1.8611798286437988,289,30
680,11760,base_enriched,max,-2.6822898387908936,1.4428542852401733,-1.8590164184570312,1.8590164184570312,192,30
681,6832,specialized_enriched,mean,0.1272299885749817,0.06864167749881744,1.8535383939743042,1.8535383939743042,289,30
682,9556,specialized_enriched,max,1.9192070960998535,1.0356545448303223,1.8531343936920166,1.8531343936920166,271,30
683,14364,specialized_enriched,max,0.7515338063240051,0.40609633922576904,1.8506293296813965,1.8506293296813965,291,30
684,890,specialized_enriched,mean,0.09090609103441238,0.04915317893028259,1.8494447469711304,1.8494447469711304,98,30
685,13912,base_enriched,max,-1.69984769821167,0.91961270570755,-1.8484387397766113,1.8484387397766113,284,30
686,7616,specialized_enriched,max,2.2246856689453125,1.2050104141235352,1.846196174621582,1.846196174621582,162,30
687,15567,specialized_enriched,mean,0.1633111834526062,0.08861391991376877,1.842951774597168,1.842951774597168,279,30
688,12944,base_enriched,max,-2.9090676307678223,1.579620361328125,-1.8416244983673096,1.8416244983673096,282,30
689,4433,base_enriched,mean,-0.08845566213130951,0.04809965938329697,-1.839008092880249,1.839008092880249,282,30
690,10904,base_enriched,max,-3.7824838161468506,2.0596508979797363,-1.8364684581756592,1.8364684581756592,207,30
691,4606,base_enriched,max,-3.087195634841919,1.6813472509384155,-1.836143970489502,1.836143970489502,226,30
692,6576,base_enriched,max,-2.5694642066955566,1.3998103141784668,-1.8355802297592163,1.8355802297592163,91,30
693,8152,base_enriched,active_fraction,-0.007978271692991257,0.004349923692643642,-1.8341176509857178,1.8341176509857178,156,30
694,6086,base_enriched,active_fraction,-0.013405269011855125,0.0073101152665913105,-1.8337972164154053,1.8337972164154053,240,30
695,1180,base_enriched,mean,-0.22821056842803955,0.12448102235794067,-1.8332960605621338,1.8332960605621338,152,30
696,13702,specialized_enriched,mean,0.0922989472746849,0.05035179480910301,1.833081603050232,1.833081603050232,133,30
697,7000,base_enriched,mean,-0.15236128866672516,0.08313621580600739,-1.8326704502105713,1.8326704502105713,291,30
698,10726,base_enriched,max,-3.086876392364502,1.6848312616348267,-1.8321576118469238,1.8321576118469238,240,30
699,12780,base_enriched,mean,-0.08048243820667267,0.043935492634773254,-1.831831932067871,1.831831932067871,121,30
700,5954,base_enriched,active_fraction,-0.01852095127105713,0.010111244395375252,-1.8317183256149292,1.8317183256149292,291,30
701,507,specialized_enriched,mean,0.07361005246639252,0.04018964618444443,1.8315675258636475,1.8315675258636475,289,30
702,7487,base_enriched,active_fraction,-0.015376552939414978,0.008395487442612648,-1.8315259218215942,1.8315259218215942,68,30
703,11627,base_enriched,mean,-0.060428544878959656,0.033048711717128754,-1.8284690380096436,1.8284690380096436,120,30
704,10459,base_enriched,active_fraction,-0.03216101974248886,0.017593706026673317,-1.82798433303833,1.82798433303833,264,30
705,15747,specialized_enriched,max,1.9644776582717896,1.0756745338439941,1.826275110244751,1.826275110244751,132,30
706,7738,base_enriched,max,-1.638933777809143,0.8982023596763611,-1.8246821165084839,1.8246821165084839,276,30
707,9650,base_enriched,max,-1.9061293601989746,1.044871211051941,-1.8242720365524292,1.8242720365524292,291,30
708,6494,base_enriched,mean,-0.5267535448074341,0.2888776361942291,-1.823448657989502,1.823448657989502,291,30
709,10287,specialized_enriched,active_fraction,0.04579593986272812,0.02512078732252121,1.823029637336731,1.823029637336731,276,30
710,5642,base_enriched,active_fraction,-0.08152253925800323,0.04477255791425705,-1.820814847946167,1.820814847946167,291,30
711,11780,base_enriched,max,-3.0419325828552246,1.6744377613067627,-1.816688895225525,1.816688895225525,189,30
712,12527,base_enriched,max,-2.189392566680908,1.2061818838119507,-1.8151429891586304,1.8151429891586304,226,30
713,4919,specialized_enriched,max,1.0017660856246948,0.5519548058509827,1.8149422407150269,1.8149422407150269,53,30
714,15137,base_enriched,active_fraction,-0.029399368911981583,0.0162181593477726,-1.812743902206421,1.812743902206421,290,30
715,12157,base_enriched,max,-3.9651613235473633,2.1883625984191895,-1.8119306564331055,1.8119306564331055,231,30
716,6541,base_enriched,mean,-0.08088468760251999,0.044661179184913635,-1.811073660850525,1.811073660850525,150,30
717,6951,specialized_enriched,active_fraction,0.007343534380197525,0.004055715631693602,1.8106629848480225,1.8106629848480225,167,30
718,6869,base_enriched,mean,-0.10015181452035904,0.05531342700123787,-1.8106238842010498,1.8106238842010498,159,30
719,10446,base_enriched,mean,-0.06972251087427139,0.038622286170721054,-1.8052403926849365,1.8052403926849365,231,30
720,3101,specialized_enriched,max,3.918229579925537,2.1715099811553955,1.804380178451538,1.804380178451538,288,30
721,5541,base_enriched,max,-0.8281518220901489,0.45898276567459106,-1.8043200969696045,1.8043200969696045,266,30
722,1502,base_enriched,mean,-0.22957727313041687,0.12732861936092377,-1.8030296564102173,1.8030296564102173,291,30
723,7097,base_enriched,max,-1.7186431884765625,0.9535356760025024,-1.8023899793624878,1.8023899793624878,291,30
724,9905,base_enriched,active_fraction,-0.013745754957199097,0.0076275537721812725,-1.8021184206008911,1.8021184206008911,146,30
725,8070,base_enriched,mean,-0.07757148146629333,0.04305340722203255,-1.8017500638961792,1.8017500638961792,276,30
726,4289,base_enriched,max,-1.8392648696899414,1.0213706493377686,-1.800781011581421,1.800781011581421,209,30
727,11191,base_enriched,max,-2.386005401611328,1.3269778490066528,-1.798074722290039,1.798074722290039,278,30
728,4738,base_enriched,mean,-0.1016131043434143,0.056539542973041534,-1.7972042560577393,1.7972042560577393,235,30
729,4897,base_enriched,active_fraction,-0.05273796245455742,0.02936335653066635,-1.7960468530654907,1.7960468530654907,266,30
730,3057,base_enriched,max,-1.049334168434143,0.5843961834907532,-1.7955869436264038,1.7955869436264038,290,30
731,694,base_enriched,max,-1.5960934162139893,0.8892050385475159,-1.794966697692871,1.794966697692871,170,30
732,13524,base_enriched,max,-4.259291648864746,2.373647689819336,-1.7944077253341675,1.7944077253341675,216,30
733,311,specialized_enriched,mean,0.19222183525562286,0.10728722810745239,1.791656255722046,1.791656255722046,286,30
734,5898,base_enriched,mean,-0.04670051485300064,0.026082642376422882,-1.790482521057129,1.790482521057129,91,30
735,9981,specialized_enriched,active_fraction,0.027960969135165215,0.01563238352537155,1.7886568307876587,1.7886568307876587,116,30
736,15532,base_enriched,max,-2.4843544960021973,1.3892812728881836,-1.788230061531067,1.788230061531067,275,30
737,1664,specialized_enriched,mean,1.2895554304122925,0.721373438835144,1.7876391410827637,1.7876391410827637,291,30
738,10694,base_enriched,max,-1.1572760343551636,0.6474675536155701,-1.7873884439468384,1.7873884439468384,114,30
739,15762,specialized_enriched,active_fraction,0.013331606984138489,0.007460565306246281,1.7869433164596558,1.7869433164596558,172,30
740,11141,base_enriched,max,-1.393035650253296,0.7807068824768066,-1.7843260765075684,1.7843260765075684,278,30
741,9638,specialized_enriched,max,1.509514570236206,0.8464053273200989,1.7834416627883911,1.7834416627883911,64,30
742,10123,base_enriched,max,-2.8364953994750977,1.5909624099731445,-1.782880187034607,1.782880187034607,279,30
743,10466,base_enriched,active_fraction,-0.04351489990949631,0.024409497156739235,-1.7827036380767822,1.7827036380767822,289,30
744,3744,specialized_enriched,active_fraction,0.009384533390402794,0.005264805164188147,1.7825034856796265,1.7825034856796265,250,30
745,9786,base_enriched,max,-2.2835693359375,1.2823699712753296,-1.7807414531707764,1.7807414531707764,220,30
746,4698,specialized_enriched,active_fraction,0.025346240028738976,0.014233688823878765,1.7807217836380005,1.7807217836380005,291,30
747,7758,base_enriched,max,-2.6933646202087402,1.5137618780136108,-1.779252529144287,1.779252529144287,216,30
748,11870,base_enriched,active_fraction,-0.0055811768397688866,0.0031375200487673283,-1.778849720954895,1.778849720954895,87,30
749,8284,base_enriched,max,-0.8165901899337769,0.4600951373577118,-1.7748290300369263,1.7748290300369263,189,30
750,12362,base_enriched,mean,-0.14467662572860718,0.08157601952552795,-1.7735190391540527,1.7735190391540527,253,30
751,5723,base_enriched,max,-2.7651467323303223,1.5591979026794434,-1.7734417915344238,1.7734417915344238,136,30
752,12671,specialized_enriched,mean,0.09326596558094025,0.05260849744081497,1.772830843925476,1.772830843925476,286,30
753,4729,base_enriched,mean,-0.09730468690395355,0.05488816276192665,-1.7727808952331543,1.7727808952331543,196,30
754,6708,specialized_enriched,max,2.4685468673706055,1.3925515413284302,1.7726789712905884,1.7726789712905884,97,30
755,9006,specialized_enriched,active_fraction,0.01194721832871437,0.006742720492184162,1.77186918258667,1.77186918258667,274,30
756,5223,specialized_enriched,max,1.347265362739563,0.7604114413261414,1.7717584371566772,1.7717584371566772,69,30
757,3033,base_enriched,max,-5.407291889190674,3.055778741836548,-1.769529938697815,1.769529938697815,106,30
758,14583,specialized_enriched,max,1.6338655948638916,0.9237613081932068,1.768709659576416,1.768709659576416,116,30
759,9591,specialized_enriched,max,1.6391236782073975,0.9278317093849182,1.7666174173355103,1.7666174173355103,135,30
760,3914,specialized_enriched,active_fraction,0.027833206579089165,0.015765726566314697,1.7654249668121338,1.7654249668121338,276,30
761,13162,base_enriched,max,-2.742258310317993,1.5555884838104248,-1.7628430128097534,1.7628430128097534,272,30
762,15442,base_enriched,active_fraction,-0.013635771349072456,0.007738930638879538,-1.7619709968566895,1.7619709968566895,135,30
763,933,base_enriched,max,-2.621769905090332,1.4883204698562622,-1.761562705039978,1.761562705039978,158,30
764,2254,base_enriched,active_fraction,-0.021879028528928757,0.012431398965418339,-1.7599811553955078,1.7599811553955078,200,30
765,14944,base_enriched,active_fraction,-0.00931544043123722,0.005293626803904772,-1.7597463130950928,1.7597463130950928,209,30
766,10644,base_enriched,active_fraction,-0.013226472772657871,0.00752752460539341,-1.7570812702178955,1.7570812702178955,205,30
767,3638,base_enriched,max,-2.8403592109680176,1.6185556650161743,-1.7548726797103882,1.7548726797103882,61,30
768,2417,specialized_enriched,mean,0.07173601537942886,0.0409000925719738,1.7539328336715698,1.7539328336715698,254,30
769,1563,base_enriched,active_fraction,-0.00904062483459711,0.005159640684723854,-1.752181053161621,1.752181053161621,121,30
770,10245,base_enriched,mean,-0.0898662880063057,0.051317278295755386,-1.7511897087097168,1.7511897087097168,255,30
771,8288,base_enriched,mean,-0.06265135854482651,0.0357789471745491,-1.7510676383972168,1.7510676383972168,148,30
772,10392,specialized_enriched,active_fraction,0.011075373739004135,0.00634387694299221,1.7458367347717285,1.7458367347717285,220,30
773,16027,base_enriched,max,-2.0199880599975586,1.1570916175842285,-1.7457460165023804,1.7457460165023804,260,30
774,11824,base_enriched,max,-1.344122052192688,0.7706418633460999,-1.7441591024398804,1.7441591024398804,287,30
775,11572,base_enriched,active_fraction,-0.028477124869823456,0.016330845654010773,-1.7437629699707031,1.7437629699707031,282,30
776,12470,base_enriched,max,-2.264256715774536,1.298930287361145,-1.7431702613830566,1.7431702613830566,138,30
777,7483,base_enriched,mean,-0.25571203231811523,0.14682218432426453,-1.7416443824768066,1.7416443824768066,223,30
778,2120,base_enriched,active_fraction,-0.005355393514037132,0.0030790711753070354,-1.7392886877059937,1.7392886877059937,69,30
779,11852,base_enriched,active_fraction,-0.004291411489248276,0.002469635335728526,-1.7376700639724731,1.7376700639724731,120,30
780,12725,specialized_enriched,max,1.1326863765716553,0.6519895195960999,1.7372769117355347,1.7372769117355347,268,30
781,11362,specialized_enriched,mean,0.09484240412712097,0.054636191576719284,1.7358897924423218,1.7358897924423218,225,30
782,11449,base_enriched,max,-2.4834349155426025,1.4314582347869873,-1.734898567199707,1.734898567199707,288,30
783,5366,base_enriched,max,-3.606368064880371,2.0792367458343506,-1.7344672679901123,1.7344672679901123,159,30
784,10369,specialized_enriched,mean,0.062077030539512634,0.035818856209516525,1.7330824136734009,1.7330824136734009,137,30
785,2194,base_enriched,active_fraction,-0.017512859776616096,0.01011561881750822,-1.7312692403793335,1.7312692403793335,160,30
786,16354,base_enriched,active_fraction,-0.007324490696191788,0.004233032930642366,-1.73031747341156,1.73031747341156,179,30
787,12229,base_enriched,active_fraction,-0.017411665990948677,0.010077865794301033,-1.7277135848999023,1.7277135848999023,288,30
788,16277,specialized_enriched,mean,0.09756835550069809,0.05655359476804733,1.7252370119094849,1.7252370119094849,264,30
789,2375,specialized_enriched,active_fraction,0.022699279710650444,0.01316244900226593,1.72454833984375,1.72454833984375,247,30
790,160,base_enriched,mean,-0.15056510269641876,0.08740474283695221,-1.7226194143295288,1.7226194143295288,261,30
791,6214,specialized_enriched,mean,0.2591676712036133,0.15045079588890076,1.7226074934005737,1.7226074934005737,261,30
792,12683,base_enriched,active_fraction,-0.010187597945332527,0.005916082765907049,-1.722017526626587,1.722017526626587,155,30
793,11275,base_enriched,active_fraction,-0.006041212938725948,0.0035086108837276697,-1.7218247652053833,1.7218247652053833,104,30
794,15151,base_enriched,max,-3.8033275604248047,2.2090718746185303,-1.721685767173767,1.721685767173767,236,30
795,3631,specialized_enriched,mean,0.06766177713871002,0.039305735379457474,1.721422553062439,1.721422553062439,259,30
796,10687,base_enriched,mean,-0.06377097964286804,0.037050146609544754,-1.7212072610855103,1.7212072610855103,194,30
797,1964,specialized_enriched,mean,0.033083513379096985,0.019225280731916428,1.7208337783813477,1.7208337783813477,116,30
798,1994,base_enriched,max,-2.8863515853881836,1.6777307987213135,-1.7203902006149292,1.7203902006149292,267,30
799,12753,base_enriched,max,-1.5245531797409058,0.8863011598587036,-1.7201299667358398,1.7201299667358398,290,30
800,8996,base_enriched,active_fraction,-0.03991475701332092,0.02321028523147106,-1.7197012901306152,1.7197012901306152,286,30
801,11698,specialized_enriched,max,2.309788227081299,1.344409465789795,1.7180689573287964,1.7180689573287964,271,30
802,91,base_enriched,max,-1.9036195278167725,1.1080052852630615,-1.71806001663208,1.71806001663208,290,30
803,13127,base_enriched,max,-0.8772959113121033,0.5108022689819336,-1.7174863815307617,1.7174863815307617,227,30
804,11326,base_enriched,active_fraction,-0.012857531197369099,0.007494262885302305,-1.7156498432159424,1.7156498432159424,251,30
805,4449,base_enriched,max,-2.364485263824463,1.3794087171554565,-1.7141295671463013,1.7141295671463013,82,30
806,4663,base_enriched,max,-2.412989854812622,1.40804922580719,-1.7137112617492676,1.7137112617492676,149,30
807,13400,base_enriched,max,-1.741837501525879,1.0168334245681763,-1.7130018472671509,1.7130018472671509,226,30
808,2636,specialized_enriched,max,2.6512675285339355,1.5480480194091797,1.7126519680023193,1.7126519680023193,260,30
809,2889,specialized_enriched,mean,0.1352226734161377,0.07903467118740082,1.7109285593032837,1.7109285593032837,285,30
810,11503,base_enriched,max,-2.2791330814361572,1.3330832719802856,-1.7096704244613647,1.7096704244613647,170,30
811,1924,base_enriched,max,-2.430375099182129,1.422111988067627,-1.7089899778366089,1.7089899778366089,264,30
812,3083,specialized_enriched,active_fraction,0.006923610810190439,0.004054423421621323,1.707668423652649,1.707668423652649,129,30
813,2309,base_enriched,active_fraction,-0.007638406008481979,0.004473020788282156,-1.7076616287231445,1.7076616287231445,137,30
814,10922,base_enriched,max,-3.6337039470672607,2.130150556564331,-1.7058436870574951,1.7058436870574951,273,30
815,8175,base_enriched,max,-2.1103110313415527,1.2373148202896118,-1.705557107925415,1.705557107925415,214,30
816,6901,specialized_enriched,active_fraction,0.026624172925949097,0.01562686450779438,1.703743815422058,1.703743815422058,289,30
817,16338,base_enriched,mean,-0.0807824581861496,0.04741498455405235,-1.7037326097488403,1.7037326097488403,239,30
818,9311,base_enriched,max,-1.5818777084350586,0.9293807148933411,-1.7020771503448486,1.7020771503448486,185,30
819,4279,specialized_enriched,active_fraction,0.015072301030158997,0.008858921937644482,1.7013696432113647,1.7013696432113647,251,30
820,14752,base_enriched,max,-1.7476387023925781,1.0275720357894897,-1.700745701789856,1.700745701789856,285,30
821,1879,base_enriched,active_fraction,-0.007832431234419346,0.004606036469340324,-1.7004709243774414,1.7004709243774414,228,30
822,11212,base_enriched,max,-3.7722206115722656,2.218367576599121,-1.7004488706588745,1.7004488706588745,95,30
823,4975,base_enriched,max,-1.518406629562378,0.8933442234992981,-1.699688196182251,1.699688196182251,242,30
824,11037,base_enriched,active_fraction,-0.01301300898194313,0.007660571485757828,-1.6986994743347168,1.6986994743347168,291,30
825,13562,specialized_enriched,mean,0.043381206691265106,0.025551095604896545,1.6978217363357544,1.6978217363357544,149,30
826,628,base_enriched,max,-2.181161880493164,1.2847284078598022,-1.697761058807373,1.697761058807373,226,30
827,6369,base_enriched,mean,-0.06307150423526764,0.03715530037879944,-1.6975102424621582,1.6975102424621582,70,30
828,828,base_enriched,max,-1.8627588748931885,1.0992133617401123,-1.6946290731430054,1.6946290731430054,273,30
829,1059,base_enriched,active_fraction,-0.02885073982179165,0.01702788658440113,-1.694322943687439,1.694322943687439,280,30
830,5868,base_enriched,max,-1.2795774936676025,0.7555598020553589,-1.6935489177703857,1.6935489177703857,228,30
831,14990,specialized_enriched,max,0.3649633824825287,0.21560055017471313,1.6927757263183594,1.6927757263183594,41,30
832,4817,base_enriched,mean,-0.07870922982692719,0.04651382938027382,-1.6921683549880981,1.6921683549880981,268,30
833,8412,base_enriched,max,-0.6863526105880737,0.40587717294692993,-1.691035270690918,1.691035270690918,258,30
834,3874,specialized_enriched,max,2.0000388622283936,1.1833579540252686,1.690138578414917,1.690138578414917,117,30
835,11958,base_enriched,max,-1.085561990737915,0.6423311829566956,-1.6900347471237183,1.6900347471237183,274,30
836,10010,base_enriched,active_fraction,-0.0038425258826464415,0.002274698344990611,-1.6892462968826294,1.6892462968826294,114,30
837,12809,base_enriched,max,-2.3822758197784424,1.4117238521575928,-1.687494158744812,1.687494158744812,272,30
838,2858,specialized_enriched,active_fraction,0.01890995167195797,0.011211948469281197,1.686589241027832,1.686589241027832,259,30
839,5333,base_enriched,active_fraction,-0.003904983401298523,0.0023159515112638474,-1.6861248016357422,1.6861248016357422,83,30
840,12686,base_enriched,max,-1.8657317161560059,1.106797218322754,-1.6857032775878906,1.6857032775878906,181,30
841,12723,specialized_enriched,active_fraction,0.02652166411280632,0.015740185976028442,1.6849651336669922,1.6849651336669922,241,30
842,1711,base_enriched,active_fraction,-0.006583943963050842,0.0039085582830011845,-1.6844942569732666,1.6844942569732666,280,30
843,11697,specialized_enriched,max,0.49431848526000977,0.29358482360839844,1.6837331056594849,1.6837331056594849,38,30
844,2213,base_enriched,active_fraction,-0.008640773594379425,0.00513422442600131,-1.6829754114151,1.6829754114151,150,30
845,8804,base_enriched,max,-1.643419861793518,0.9767836928367615,-1.682480812072754,1.682480812072754,152,30
846,7966,base_enriched,max,-1.682248830795288,0.9999358057975769,-1.682356834411621,1.682356834411621,291,30
847,6552,base_enriched,active_fraction,-0.010094212368130684,0.006002406589686871,-1.6816941499710083,1.6816941499710083,230,30
848,10127,base_enriched,mean,-0.07234497368335724,0.043100666254758835,-1.6785117387771606,1.6785117387771606,276,30
849,1963,specialized_enriched,active_fraction,0.07622762024402618,0.04543105140328407,1.6778749227523804,1.6778749227523804,151,30
850,10244,base_enriched,active_fraction,-0.009191861376166344,0.0054812245070934296,-1.6769722700119019,1.6769722700119019,194,30
851,8594,base_enriched,max,-1.8721466064453125,1.1168370246887207,-1.6762934923171997,1.6762934923171997,272,30
852,4529,specialized_enriched,active_fraction,0.011367490515112877,0.0067822630517184734,1.6760616302490234,1.6760616302490234,140,30
853,3693,specialized_enriched,max,2.483666181564331,1.482536792755127,1.675281286239624,1.675281286239624,98,30
854,14555,specialized_enriched,mean,0.07675593346357346,0.045817889273166656,1.6752394437789917,1.6752394437789917,291,30
855,9425,base_enriched,active_fraction,-0.018482938408851624,0.011042024940252304,-1.6738722324371338,1.6738722324371338,275,30
856,8148,base_enriched,mean,-0.09258358925580978,0.05534146726131439,-1.6729514598846436,1.6729514598846436,289,30
857,5765,specialized_enriched,active_fraction,0.009349796921014786,0.0055921305902302265,1.6719560623168945,1.6719560623168945,99,30
858,13913,base_enriched,active_fraction,-0.012831399217247963,0.007682471070438623,-1.670217752456665,1.670217752456665,201,30
859,567,base_enriched,active_fraction,-0.014868069440126419,0.008902512490749359,-1.6700981855392456,1.6700981855392456,165,30
860,11465,base_enriched,max,-2.0347115993499756,1.2186121940612793,-1.6696957349777222,1.6696957349777222,198,30
861,4627,specialized_enriched,max,0.5889980792999268,0.3531893193721771,1.6676554679870605,1.6676554679870605,54,30
862,14969,base_enriched,active_fraction,-0.011480584740638733,0.006886814720928669,-1.6670384407043457,1.6670384407043457,289,30
863,9158,base_enriched,active_fraction,-0.024428434669971466,0.014665152877569199,-1.665747046470642,1.665747046470642,259,30
864,6372,specialized_enriched,active_fraction,0.008942216634750366,0.005369734950363636,1.665299415588379,1.665299415588379,159,30
865,631,base_enriched,active_fraction,-0.02221039868891239,0.01334339939057827,-1.6645232439041138,1.6645232439041138,291,30
866,10011,base_enriched,max,-1.9648888111114502,1.180782675743103,-1.6640563011169434,1.6640563011169434,261,30
867,16164,specialized_enriched,active_fraction,0.048564933240413666,0.029192760586738586,1.6635950803756714,1.6635950803756714,289,30
868,15873,base_enriched,mean,-0.05553444102406502,0.03341955319046974,-1.661734938621521,1.661734938621521,240,30
869,13269,specialized_enriched,max,2.7821922302246094,1.675490379333496,1.6605241298675537,1.6605241298675537,219,30
870,260,base_enriched,mean,-0.0388549342751503,0.023433111608028412,-1.6581209897994995,1.6581209897994995,154,30
871,13466,base_enriched,active_fraction,-0.009190653450787067,0.005550564732402563,-1.6558051109313965,1.6558051109313965,178,30
872,29,base_enriched,active_fraction,-0.016396258026361465,0.009912070818245411,-1.6541707515716553,1.6541707515716553,252,30
873,15634,specialized_enriched,max,1.0688560009002686,0.6463432908058167,1.6536970138549805,1.6536970138549805,49,30
874,765,specialized_enriched,mean,0.07164964079856873,0.04334975779056549,1.6528267860412598,1.6528267860412598,236,30
875,1349,specialized_enriched,mean,0.04648902267217636,0.028180720284581184,1.6496747732162476,1.6496747732162476,215,30
876,2207,base_enriched,active_fraction,-0.00628963578492403,0.003813568502664566,-1.6492782831192017,1.6492782831192017,148,30
877,4352,base_enriched,active_fraction,-0.028328148648142815,0.01718154549598694,-1.648754358291626,1.648754358291626,269,30
878,1807,base_enriched,max,-2.200227975845337,1.3351590633392334,-1.6479145288467407,1.6479145288467407,100,30
879,3564,base_enriched,active_fraction,-0.03452300652861595,0.020952604711055756,-1.6476713418960571,1.6476713418960571,214,30
880,13376,base_enriched,max,-2.197608709335327,1.3342244625091553,-1.6471056938171387,1.6471056938171387,106,30
881,12546,base_enriched,active_fraction,-0.013974932953715324,0.008490108884871006,-1.6460251808166504,1.6460251808166504,288,30
882,12275,specialized_enriched,mean,0.07345357537269592,0.0446394607424736,1.645485281944275,1.645485281944275,100,30
883,3847,specialized_enriched,active_fraction,0.005897924304008484,0.0035845094826072454,1.6453922986984253,1.6453922986984253,103,30
884,15026,base_enriched,max,-1.0632541179656982,0.6464879512786865,-1.6446619033813477,1.6446619033813477,284,30
885,3796,base_enriched,active_fraction,-0.015392282046377659,0.009362203069031239,-1.644087553024292,1.644087553024292,206,30
886,8542,specialized_enriched,active_fraction,0.013805339112877846,0.008398093283176422,1.643865942955017,1.643865942955017,254,30
887,14485,specialized_enriched,mean,0.10402297228574753,0.06331197172403336,1.6430221796035767,1.6430221796035767,144,30
888,10120,base_enriched,mean,-0.155837744474411,0.09490735828876495,-1.641998529434204,1.641998529434204,154,30
889,15627,base_enriched,active_fraction,-0.028032992035150528,0.0170854814350605,-1.6407493352890015,1.6407493352890015,290,30
890,13172,base_enriched,mean,-0.17037510871887207,0.10384535789489746,-1.6406617164611816,1.6406617164611816,150,30
891,16080,base_enriched,mean,-0.06885872036218643,0.041970547288656235,-1.640643835067749,1.640643835067749,153,30
892,7731,base_enriched,active_fraction,-0.012821262702345848,0.007814922370016575,-1.6406129598617554,1.6406129598617554,285,30
893,7897,base_enriched,active_fraction,-0.012513343244791031,0.007628053426742554,-1.6404372453689575,1.6404372453689575,249,30
894,9306,base_enriched,max,-2.2242977619171143,1.3565858602523804,-1.6396291255950928,1.6396291255950928,230,30
895,15491,base_enriched,max,-1.0799274444580078,0.6587605476379395,-1.6393322944641113,1.6393322944641113,257,30
896,5930,base_enriched,max,-2.0048024654388428,1.223319411277771,-1.6388217210769653,1.6388217210769653,284,30
897,11028,base_enriched,max,-2.219698905944824,1.355088710784912,-1.6380469799041748,1.6380469799041748,270,30
898,1988,specialized_enriched,mean,0.03765637427568436,0.022989422082901,1.6379870176315308,1.6379870176315308,39,30
899,12614,specialized_enriched,mean,0.057692863047122955,0.03523264452815056,1.6374832391738892,1.6374832391738892,55,30
900,785,base_enriched,max,-1.386795997619629,0.8471581339836121,-1.6369978189468384,1.6369978189468384,290,30
901,965,specialized_enriched,mean,0.11358821392059326,0.06939414888620377,1.6368558406829834,1.6368558406829834,283,30
902,8999,specialized_enriched,max,2.0940942764282227,1.279634714126587,1.6364781856536865,1.6364781856536865,169,30
903,1083,base_enriched,max,-2.265007972717285,1.38861083984375,-1.6311322450637817,1.6311322450637817,284,30
904,10648,specialized_enriched,active_fraction,0.04344739392399788,0.026666514575481415,1.629286527633667,1.629286527633667,291,30
905,1293,base_enriched,max,-2.090601921081543,1.2831796407699585,-1.6292356252670288,1.6292356252670288,272,30
906,9769,base_enriched,max,-2.64029598236084,1.621093511581421,-1.6287128925323486,1.6287128925323486,210,30
907,1551,base_enriched,max,-1.6320500373840332,1.0021220445632935,-1.6285940408706665,1.6285940408706665,244,30
908,4752,base_enriched,mean,-0.08850766718387604,0.05434877425432205,-1.6285126209259033,1.6285126209259033,291,30
909,10985,base_enriched,active_fraction,-0.016319362446665764,0.010024228133261204,-1.6279919147491455,1.6279919147491455,219,30
910,13550,base_enriched,max,-3.3773105144500732,2.0747904777526855,-1.6277838945388794,1.6277838945388794,250,30
911,13949,base_enriched,active_fraction,-0.02094263955950737,0.012869399972259998,-1.627320647239685,1.627320647239685,163,30
912,12697,base_enriched,mean,-0.10387077927589417,0.06383970379829407,-1.6270561218261719,1.6270561218261719,291,30
913,10219,base_enriched,mean,-0.07744041830301285,0.047598570585250854,-1.626948356628418,1.626948356628418,285,30
914,13789,base_enriched,active_fraction,-0.054292500019073486,0.03337601572275162,-1.6266920566558838,1.6266920566558838,285,30
915,1985,specialized_enriched,active_fraction,0.008537468500435352,0.005251241847872734,1.6257998943328857,1.6257998943328857,90,30
916,10661,base_enriched,mean,-0.08626404404640198,0.05306713655591011,-1.6255643367767334,1.6255643367767334,290,30
917,11026,specialized_enriched,mean,0.05094156414270401,0.031349025666713715,1.6249808073043823,1.6249808073043823,266,30
918,7072,specialized_enriched,active_fraction,0.028909863904118538,0.01779342256486416,1.624750018119812,1.624750018119812,156,30
919,4331,specialized_enriched,active_fraction,0.006946876645088196,0.00427817041054368,1.6237961053848267,1.6237961053848267,207,30
920,13883,base_enriched,mean,-0.08143079280853271,0.05015101656317711,-1.6237117052078247,1.6237117052078247,187,30
921,3366,base_enriched,max,-2.478522539138794,1.5265249013900757,-1.6236371994018555,1.6236371994018555,170,30
922,2358,base_enriched,max,-4.020738124847412,2.476546049118042,-1.6235264539718628,1.6235264539718628,194,30
923,9875,specialized_enriched,active_fraction,0.02532527595758438,0.015600357204675674,1.6233779191970825,1.6233779191970825,257,30
924,9396,specialized_enriched,mean,0.06445028632879257,0.039730120450258255,1.6222021579742432,1.6222021579742432,176,30
925,6117,specialized_enriched,active_fraction,0.009534581564366817,0.005878554191440344,1.6219263076782227,1.6219263076782227,166,30
926,2688,base_enriched,max,-1.41227388381958,0.8709096312522888,-1.621607780456543,1.621607780456543,251,30
927,4280,base_enriched,mean,-0.07672715932130814,0.04733574762940407,-1.6209136247634888,1.6209136247634888,142,30
928,6653,base_enriched,mean,-0.043274976313114166,0.026756687089800835,-1.617351770401001,1.617351770401001,227,30
929,9604,specialized_enriched,mean,0.04342895746231079,0.02690921165049076,1.613906741142273,1.613906741142273,115,30
930,16263,specialized_enriched,active_fraction,0.005955025553703308,0.0036902634892612696,1.6137127876281738,1.6137127876281738,182,30
931,3701,base_enriched,active_fraction,-0.007496402133256197,0.004646766930818558,-1.6132512092590332,1.6132512092590332,211,30
932,2526,base_enriched,max,-0.8211530447006226,0.5090377926826477,-1.613147497177124,1.613147497177124,181,30
933,3136,base_enriched,max,-3.700488328933716,2.2956016063690186,-1.6119906902313232,1.6119906902313232,198,30
934,9636,specialized_enriched,mean,0.06523960083723068,0.04048587381839752,1.6114163398742676,1.6114163398742676,201,30
935,4044,base_enriched,mean,-0.07589629292488098,0.04711557552218437,-1.6108535528182983,1.6108535528182983,101,30
936,9622,base_enriched,mean,-0.10536205768585205,0.06546266376972198,-1.6094985008239746,1.6094985008239746,246,30
937,7893,base_enriched,max,-1.5647207498550415,0.9724892973899841,-1.6089850664138794,1.6089850664138794,238,30
938,4506,base_enriched,mean,-0.05819232389330864,0.03617190197110176,-1.6087714433670044,1.6087714433670044,133,30
939,13947,base_enriched,mean,-0.07764503359794617,0.04828569293022156,-1.6080338954925537,1.6080338954925537,100,30
940,548,base_enriched,max,-1.155275583267212,0.7188873291015625,-1.6070328950881958,1.6070328950881958,207,30
941,10751,specialized_enriched,mean,0.011576507240533829,0.007208279799669981,1.606001377105713,1.606001377105713,76,30
942,11868,base_enriched,max,-1.8297626972198486,1.1404258012771606,-1.6044557094573975,1.6044557094573975,290,30
943,12025,base_enriched,active_fraction,-0.01375559438019991,0.008576315827667713,-1.6039048433303833,1.6039048433303833,282,30
944,10315,base_enriched,max,-1.3142751455307007,0.8194631934165955,-1.603824496269226,1.603824496269226,208,30
945,12160,base_enriched,mean,-0.07678642868995667,0.04788106679916382,-1.6036908626556396,1.6036908626556396,204,30
946,14521,base_enriched,mean,-0.09638924896717072,0.06027728319168091,-1.599097490310669,1.599097490310669,235,30
947,13211,specialized_enriched,max,1.5431751012802124,0.9652391672134399,1.5987489223480225,1.5987489223480225,109,30
948,11716,specialized_enriched,active_fraction,0.0030067977495491505,0.0018829478649422526,1.5968565940856934,1.5968565940856934,61,30
949,10418,base_enriched,max,-2.636460065841675,1.6514066457748413,-1.5964936017990112,1.5964936017990112,159,30
950,12722,base_enriched,active_fraction,-0.0065077198669314384,0.004079068079590797,-1.5953937768936157,1.5953937768936157,157,30
951,14773,specialized_enriched,mean,0.020297639071941376,0.012735681608319283,1.5937615633010864,1.5937615633010864,73,30
952,1603,base_enriched,active_fraction,-0.019578931853175163,0.012297684326767921,-1.5920828580856323,1.5920828580856323,248,30
953,1854,base_enriched,max,-1.8328384160995483,1.1513901948928833,-1.5918482542037964,1.5918482542037964,265,30
954,8049,base_enriched,max,-1.5677247047424316,0.9854738712310791,-1.590833306312561,1.590833306312561,283,30
955,12169,base_enriched,active_fraction,-0.027867790311574936,0.017517758533358574,-1.5908308029174805,1.5908308029174805,230,30
956,5771,specialized_enriched,active_fraction,0.007600754499435425,0.004779151175171137,1.5903984308242798,1.5903984308242798,101,30
957,13402,base_enriched,max,-1.1583939790725708,0.7285289764404297,-1.5900452136993408,1.5900452136993408,260,30
958,5486,specialized_enriched,max,0.5432640910148621,0.3418189585208893,1.5893328189849854,1.5893328189849854,34,30
959,14442,base_enriched,active_fraction,-0.01200911682099104,0.007563478779047728,-1.5877768993377686,1.5877768993377686,224,30
960,14922,base_enriched,active_fraction,-0.016127798706293106,0.010159577243030071,-1.5874477624893188,1.5874477624893188,195,30
961,1243,specialized_enriched,max,0.45439571142196655,0.28648295998573303,1.5861177444458008,1.5861177444458008,44,30
962,8338,base_enriched,max,-1.5753867626190186,0.9932550191879272,-1.5860848426818848,1.5860848426818848,250,30
963,7175,base_enriched,mean,-0.08978129178285599,0.056639209389686584,-1.585143804550171,1.585143804550171,290,30
964,9492,base_enriched,active_fraction,-0.0066783069632947445,0.004213572945445776,-1.5849510431289673,1.5849510431289673,211,30
965,11495,specialized_enriched,active_fraction,0.01683618128299713,0.010639608837664127,1.5824060440063477,1.5824060440063477,285,30
966,14204,base_enriched,mean,-0.1991216242313385,0.12586499750614166,-1.582025408744812,1.582025408744812,198,30
967,7185,base_enriched,max,-1.953673243522644,1.235347032546997,-1.5814772844314575,1.5814772844314575,214,30
968,1787,specialized_enriched,max,1.0743451118469238,0.6794936060905457,1.5810967683792114,1.5810967683792114,60,30
969,10162,base_enriched,max,-2.158890962600708,1.3656586408615112,-1.5808422565460205,1.5808422565460205,268,30
970,10522,base_enriched,mean,-0.06489124894142151,0.04106882959604263,-1.5800608396530151,1.5800608396530151,263,30
971,4685,specialized_enriched,active_fraction,0.0035742141772061586,0.00226365658454597,1.5789560079574585,1.5789560079574585,78,30
972,630,base_enriched,mean,-0.04539427161216736,0.028749579563736916,-1.5789542198181152,1.5789542198181152,204,30
973,5065,base_enriched,mean,-0.08970758318901062,0.056892283260822296,-1.5767970085144043,1.5767970085144043,127,30
974,9558,base_enriched,active_fraction,-0.014210461638867855,0.009018413722515106,-1.575716257095337,1.575716257095337,223,30
975,11003,specialized_enriched,mean,0.2064218521118164,0.13105003535747528,1.575137734413147,1.575137734413147,291,30
976,2918,base_enriched,max,-2.8501389026641846,1.8101755380630493,-1.574509620666504,1.574509620666504,136,30
977,13581,base_enriched,max,-1.2750823497772217,0.8102222681045532,-1.5737439393997192,1.5737439393997192,215,30
978,231,base_enriched,max,-1.4479923248291016,0.9204087257385254,-1.573205828666687,1.573205828666687,288,30
979,10659,base_enriched,max,-3.7069590091705322,2.359090566635132,-1.5713508129119873,1.5713508129119873,148,30
980,1907,base_enriched,max,-1.3884339332580566,0.8837757706642151,-1.5710251331329346,1.5710251331329346,250,30
981,8220,base_enriched,max,-1.8267459869384766,1.1631673574447632,-1.5704928636550903,1.5704928636550903,183,30
982,1908,specialized_enriched,mean,0.07066808640956879,0.045027654618024826,1.5694373846054077,1.5694373846054077,117,30
983,7321,specialized_enriched,max,1.4957313537597656,0.9541748762130737,1.5675652027130127,1.5675652027130127,77,30
984,3964,base_enriched,max,-1.8682054281234741,1.1919723749160767,-1.5673227310180664,1.5673227310180664,111,30
985,12529,base_enriched,max,-1.6382123231887817,1.0458163022994995,-1.566443681716919,1.566443681716919,225,30
986,13961,specialized_enriched,max,1.0190294981002808,0.6508944630622864,1.565583348274231,1.565583348274231,37,30
987,27,base_enriched,max,-1.6637468338012695,1.0639219284057617,-1.5637866258621216,1.5637866258621216,183,30
988,11272,base_enriched,max,-1.7486344575881958,1.1183178424835205,-1.5636292695999146,1.5636292695999146,276,30
989,2202,base_enriched,max,-1.1085355281829834,0.7108104825019836,-1.559537410736084,1.559537410736084,92,30
990,257,base_enriched,max,-3.283918619155884,2.1073591709136963,-1.5583099126815796,1.5583099126815796,177,30
991,1521,base_enriched,max,-1.9727399349212646,1.266167163848877,-1.5580406188964844,1.5580406188964844,286,30
992,10280,base_enriched,active_fraction,-0.017583081498742104,0.011287158355116844,-1.5577952861785889,1.5577952861785889,189,30
993,2149,specialized_enriched,mean,0.06456795334815979,0.04146653786301613,1.5571098327636719,1.5571098327636719,164,30
994,10961,base_enriched,max,-1.2787425518035889,0.8215733170509338,-1.5564558506011963,1.5564558506011963,279,30
995,13416,base_enriched,active_fraction,-0.027984272688627243,0.01797965168952942,-1.556441307067871,1.556441307067871,260,30
996,4811,base_enriched,max,-2.3640265464782715,1.520082712173462,-1.5551960468292236,1.5551960468292236,274,30
997,12921,specialized_enriched,mean,0.04163943603634834,0.026790322735905647,1.5542715787887573,1.5542715787887573,265,30
998,209,base_enriched,max,-1.32033371925354,0.8496623635292053,-1.5539510250091553,1.5539510250091553,289,30
999,8234,specialized_enriched,mean,0.24408875405788422,0.15714198350906372,1.5533007383346558,1.5533007383346558,276,30
1000,4550,base_enriched,max,-1.9409980773925781,1.2500486373901367,-1.552738070487976,1.552738070487976,231,30
1001,11339,base_enriched,active_fraction,-0.026718709617853165,0.017210453748703003,-1.5524698495864868,1.5524698495864868,215,30
1002,6342,specialized_enriched,mean,0.04145386815071106,0.02670200914144516,1.5524624586105347,1.5524624586105347,87,30
1003,1385,base_enriched,mean,-0.05383933708071709,0.034701868891716,-1.5514823198318481,1.5514823198318481,291,30
1004,9459,base_enriched,max,-1.209710955619812,0.7809728980064392,-1.54897940158844,1.54897940158844,265,30
1005,10255,base_enriched,max,-1.762098789215088,1.1376103162765503,-1.5489475727081299,1.5489475727081299,118,30
1006,8432,base_enriched,active_fraction,-0.007811549119651318,0.005045364610850811,-1.548262596130371,1.548262596130371,145,30
1007,5409,specialized_enriched,max,0.7241800427436829,0.46781596541404724,1.548002004623413,1.548002004623413,183,30
1008,5192,base_enriched,active_fraction,-0.03625243902206421,0.023442286998033524,-1.546454906463623,1.546454906463623,280,30
1009,2950,base_enriched,max,-1.6437139511108398,1.0629096031188965,-1.5464286804199219,1.5464286804199219,161,30
1010,13546,specialized_enriched,max,1.3453642129898071,0.871182918548584,1.5442959070205688,1.5442959070205688,58,30
1011,10731,base_enriched,max,-2.1411285400390625,1.3866435289382935,-1.5441088676452637,1.5441088676452637,94,30
1012,12764,base_enriched,max,-2.180518865585327,1.4125213623046875,-1.5437067747116089,1.5437067747116089,127,30
1013,8108,specialized_enriched,active_fraction,0.011954925954341888,0.007751297205686569,1.5423129796981812,1.5423129796981812,226,30
1014,7354,base_enriched,active_fraction,-0.01511283591389656,0.009805522859096527,-1.5412575006484985,1.5412575006484985,288,30
1015,5076,base_enriched,active_fraction,-0.016155986115336418,0.01048344187438488,-1.5410956144332886,1.5410956144332886,258,30
1016,3699,base_enriched,active_fraction,-0.006538607180118561,0.004247328732162714,-1.5394634008407593,1.5394634008407593,177,30
1017,2446,base_enriched,max,-1.986725091934204,1.2907341718673706,-1.539220929145813,1.539220929145813,231,30
1018,5514,base_enriched,mean,-0.06935359537601471,0.04507710784673691,-1.5385546684265137,1.5385546684265137,237,30
1019,16207,specialized_enriched,mean,0.09573341906070709,0.06229579821228981,1.5367556810379028,1.5367556810379028,281,30
1020,15116,base_enriched,mean,-0.051947977393865585,0.03383098170161247,-1.5355149507522583,1.5355149507522583,126,30
1021,6279,specialized_enriched,max,2.123197317123413,1.3842817544937134,1.533789873123169,1.533789873123169,241,30
1022,13859,base_enriched,max,-2.7718777656555176,1.8073389530181885,-1.5336790084838867,1.5336790084838867,285,30
1023,8030,base_enriched,max,-1.8544939756393433,1.2108336687088013,-1.53158438205719,1.53158438205719,74,30
1024,13877,base_enriched,active_fraction,-0.013285266235470772,0.008675339631736279,-1.5313827991485596,1.5313827991485596,183,30
1025,8618,base_enriched,mean,-0.06004795432090759,0.03921698406338692,-1.5311721563339233,1.5311721563339233,214,30
1026,14030,base_enriched,active_fraction,-0.009273143485188484,0.006057088263332844,-1.5309573411941528,1.5309573411941528,130,30
1027,15902,base_enriched,active_fraction,-0.007927077822387218,0.005179234780371189,-1.5305500030517578,1.5305500030517578,141,30
1028,14731,base_enriched,mean,-0.03667706996202469,0.024022018536925316,-1.5268105268478394,1.5268105268478394,168,30
1029,7428,specialized_enriched,max,1.1210637092590332,0.7345128059387207,1.526268482208252,1.526268482208252,110,30
1030,14821,specialized_enriched,mean,0.10700314491987228,0.07017319649457932,1.5248435735702515,1.5248435735702515,290,30
1031,7979,base_enriched,active_fraction,-0.02594243362545967,0.01703057996928692,-1.5232853889465332,1.5232853889465332,163,30
1032,6063,base_enriched,active_fraction,-0.03248077258467674,0.021334173157811165,-1.522476315498352,1.522476315498352,253,30
1033,11939,base_enriched,active_fraction,-0.011776801198720932,0.007738080341368914,-1.5219279527664185,1.5219279527664185,286,30
1034,7953,base_enriched,mean,-0.10873787105083466,0.07158607989549637,-1.518980622291565,1.518980622291565,204,30
1035,285,base_enriched,active_fraction,-0.013883596286177635,0.009140112437307835,-1.5189743041992188,1.5189743041992188,172,30
1036,8857,specialized_enriched,active_fraction,0.020237086340785027,0.013332076370716095,1.5179245471954346,1.5179245471954346,237,30
1037,14330,specialized_enriched,max,1.0469897985458374,0.6898121237754822,1.5177898406982422,1.5177898406982422,278,30
1038,11646,specialized_enriched,max,0.6405410766601562,0.422212690114975,1.517105221748352,1.517105221748352,32,30
1039,6532,base_enriched,mean,-0.17860403656959534,0.1178610771894455,-1.5153776407241821,1.5153776407241821,131,30
1040,5137,base_enriched,max,-1.7969963550567627,1.1859866380691528,-1.5151910781860352,1.5151910781860352,37,30
1041,5953,base_enriched,max,-0.860136866569519,0.5680701732635498,-1.5141384601593018,1.5141384601593018,193,30
1042,16281,specialized_enriched,active_fraction,0.024601280689239502,0.016251355409622192,1.513798713684082,1.513798713684082,289,30
1043,6934,specialized_enriched,active_fraction,0.011225426569581032,0.007416528649628162,1.5135688781738281,1.5135688781738281,172,30
1044,15444,base_enriched,max,-0.802772581577301,0.5308272838592529,-1.512304663658142,1.512304663658142,175,30
1045,6213,base_enriched,mean,-0.06620469689369202,0.043789587914943695,-1.5118821859359741,1.5118821859359741,199,30
1046,9377,base_enriched,max,-1.4429612159729004,0.9561752080917358,-1.5090970993041992,1.5090970993041992,271,30
1047,6892,base_enriched,active_fraction,-0.014371992088854313,0.00952500756829977,-1.5088694095611572,1.5088694095611572,285,30
1048,2327,base_enriched,active_fraction,-0.017374780029058456,0.011520263738930225,-1.5081928968429565,1.5081928968429565,233,30
1049,7184,specialized_enriched,active_fraction,0.012744560837745667,0.008450335822999477,1.5081721544265747,1.5081721544265747,165,30
1050,11841,base_enriched,active_fraction,-0.018650824204087257,0.01237265020608902,-1.5074235200881958,1.5074235200881958,164,30
1051,10328,specialized_enriched,active_fraction,0.004129952751100063,0.0027429237961769104,1.5056753158569336,1.5056753158569336,171,30
1052,14859,base_enriched,mean,-0.08722944557666779,0.05796513333916664,-1.5048606395721436,1.5048606395721436,281,30
1053,4408,base_enriched,max,-1.592291235923767,1.0581609010696411,-1.5047723054885864,1.5047723054885864,252,30
1054,588,base_enriched,active_fraction,-0.007207029964774847,0.004793274682015181,-1.5035712718963623,1.5035712718963623,209,30
1055,5463,base_enriched,max,-2.1278111934661865,1.4167567491531372,-1.5018888711929321,1.5018888711929321,283,30
1056,9135,base_enriched,max,-0.6244277954101562,0.4163794219493866,-1.499660611152649,1.499660611152649,208,30
1057,15364,base_enriched,max,-2.998777389526367,2.0005998611450195,-1.4989391565322876,1.4989391565322876,139,30
1058,14491,base_enriched,mean,-0.12121357768774033,0.08088583499193192,-1.498576045036316,1.498576045036316,291,30
1059,11671,base_enriched,max,-2.709596633911133,1.808463454246521,-1.4982866048812866,1.4982866048812866,220,30
1060,9046,base_enriched,max,-1.968461513519287,1.3140045404434204,-1.4980629682540894,1.4980629682540894,243,30
1061,14337,specialized_enriched,max,1.826992392539978,1.2195734977722168,1.4980584383010864,1.4980584383010864,175,30
1062,3367,specialized_enriched,max,0.8941335678100586,0.5971116423606873,1.4974311590194702,1.4974311590194702,52,30
1063,10141,specialized_enriched,max,1.071664571762085,0.7157205939292908,1.4973225593566895,1.4973225593566895,139,30
1064,10256,base_enriched,max,-2.2838351726531982,1.5255451202392578,-1.4970617294311523,1.4970617294311523,252,30
1065,9052,specialized_enriched,active_fraction,0.012296694330871105,0.008215009234845638,1.4968570470809937,1.4968570470809937,208,30
1066,1848,base_enriched,max,-1.4465593099594116,0.9679227471351624,-1.4944987297058105,1.4944987297058105,191,30
1067,2038,base_enriched,max,-1.3134775161743164,0.8796004056930542,-1.4932661056518555,1.4932661056518555,243,30
1068,15888,base_enriched,active_fraction,-0.013366427272558212,0.008953677490353584,-1.492842197418213,1.492842197418213,203,30
1069,14997,base_enriched,mean,-0.09695370495319366,0.06495964527130127,-1.492522120475769,1.492522120475769,269,30
1070,866,base_enriched,active_fraction,-0.02686670608818531,0.018007434904575348,-1.4919785261154175,1.4919785261154175,287,30
1071,10503,specialized_enriched,active_fraction,0.004953521303832531,0.0033207209780812263,1.491700530052185,1.491700530052185,95,30
1072,5697,base_enriched,max,-0.4504427909851074,0.3024100065231323,-1.489510178565979,1.489510178565979,36,30
1073,13708,base_enriched,max,-1.4609522819519043,0.9832016825675964,-1.4859131574630737,1.4859131574630737,126,30
1074,2257,specialized_enriched,max,2.211888551712036,1.4898885488510132,1.4846000671386719,1.4846000671386719,291,30
1075,5537,specialized_enriched,mean,0.10437258332967758,0.07031725347042084,1.4843096733093262,1.4843096733093262,221,30
1076,4739,base_enriched,active_fraction,-0.020566698163747787,0.013864726759493351,-1.4833828210830688,1.4833828210830688,140,30
1077,13165,specialized_enriched,active_fraction,0.02202768251299858,0.014855417422950268,1.4828046560287476,1.4828046560287476,276,30
1078,3561,specialized_enriched,max,1.9635967016220093,1.3256144523620605,1.48127281665802,1.48127281665802,161,30
1079,4834,specialized_enriched,active_fraction,0.00883994810283184,0.00596803892403841,1.4812148809432983,1.4812148809432983,148,30
1080,3579,specialized_enriched,active_fraction,0.006356330122798681,0.0042945086024701595,1.4801064729690552,1.4801064729690552,156,30
1081,1789,base_enriched,mean,-0.04904074966907501,0.03313659504055977,-1.4799574613571167,1.4799574613571167,142,30
1082,7498,base_enriched,max,-0.8374303579330444,0.5658796429634094,-1.4798736572265625,1.4798736572265625,134,30
1083,3360,base_enriched,mean,-0.07158778607845306,0.048376839607954025,-1.4797946214675903,1.4797946214675903,189,30
1084,9163,specialized_enriched,mean,0.07960924506187439,0.053852371871471405,1.4782867431640625,1.4782867431640625,271,30
1085,7818,base_enriched,mean,-0.13543720543384552,0.09164877235889435,-1.4777852296829224,1.4777852296829224,123,30
1086,5039,base_enriched,max,-1.6072452068328857,1.0880664587020874,-1.4771572351455688,1.4771572351455688,202,30
1087,3037,base_enriched,max,-3.2827486991882324,2.2227275371551514,-1.4769010543823242,1.4769010543823242,273,30
1088,12042,specialized_enriched,mean,0.05946355313062668,0.04027765989303589,1.4763407707214355,1.4763407707214355,285,30
1089,11507,base_enriched,max,-1.7060801982879639,1.156104564666748,-1.4757144451141357,1.4757144451141357,269,30
1090,775,base_enriched,max,-1.4683610200881958,0.9962148666381836,-1.473940134048462,1.473940134048462,241,30
1091,4666,base_enriched,mean,-0.07665219902992249,0.05202023684978485,-1.473507285118103,1.473507285118103,182,30
1092,11428,base_enriched,active_fraction,-0.012361900880932808,0.008390176109969616,-1.4733779430389404,1.4733779430389404,215,30
1093,9868,base_enriched,active_fraction,-0.02256828173995018,0.015348215587437153,-1.4704172611236572,1.4704172611236572,283,30
1094,2011,base_enriched,mean,-0.06864707171916962,0.04669897258281708,-1.4699910879135132,1.4699910879135132,106,30
1095,16018,base_enriched,max,-1.917726755142212,1.3054721355438232,-1.4689909219741821,1.4689909219741821,284,30
1096,2525,specialized_enriched,max,0.6430304050445557,0.43801629543304443,1.4680513143539429,1.4680513143539429,177,30
1097,9216,base_enriched,mean,-0.11883851885795593,0.08096050471067429,-1.4678579568862915,1.4678579568862915,101,30
1098,7261,base_enriched,active_fraction,-0.014842571690678596,0.010120694525539875,-1.4665566682815552,1.4665566682815552,211,30
1099,7053,specialized_enriched,active_fraction,0.005454922094941139,0.00372298969887197,1.46519935131073,1.46519935131073,151,30
1100,5238,base_enriched,active_fraction,-0.0154983876273036,0.010586069896817207,-1.464035987854004,1.464035987854004,152,30
1101,7879,base_enriched,active_fraction,-0.011596811935305595,0.007921737618744373,-1.4639227390289307,1.4639227390289307,291,30
1102,12090,specialized_enriched,active_fraction,0.006354670971632004,0.004342176485806704,1.4634759426116943,1.4634759426116943,87,30
1103,6683,base_enriched,max,-1.6103293895721436,1.1003925800323486,-1.4634134769439697,1.4634134769439697,251,30
1104,6905,base_enriched,max,-1.2765321731567383,0.8724044561386108,-1.463234305381775,1.463234305381775,113,30
1105,2782,base_enriched,active_fraction,-0.0057739075273275375,0.003949690144509077,-1.461863398551941,1.461863398551941,142,30
1106,7315,base_enriched,max,-2.1023967266082764,1.4387540817260742,-1.4612619876861572,1.4612619876861572,127,30
1107,9651,base_enriched,max,-2.158121347427368,1.4775803089141846,-1.4605780839920044,1.4605780839920044,250,30
1108,11342,base_enriched,mean,-0.033047571778297424,0.02265392616391182,-1.458801031112671,1.458801031112671,111,30
1109,5029,base_enriched,mean,-0.0458621121942997,0.031440142542123795,-1.4587119817733765,1.4587119817733765,163,30
1110,4239,base_enriched,mean,-0.06466218084096909,0.04432842507958412,-1.4587069749832153,1.4587069749832153,242,30
1111,144,base_enriched,active_fraction,-0.03284929320216179,0.022536206990480423,-1.45762300491333,1.45762300491333,277,30
1112,6687,base_enriched,active_fraction,-0.05440191552042961,0.03733978420495987,-1.4569424390792847,1.4569424390792847,272,30
1113,1032,base_enriched,max,-1.6657557487487793,1.1437920331954956,-1.4563449621200562,1.4563449621200562,285,30
1114,15912,base_enriched,active_fraction,-0.005231082439422607,0.00359194353222847,-1.456337571144104,1.456337571144104,173,30
1115,44,specialized_enriched,active_fraction,0.01677294448018074,0.011518305167555809,1.456199049949646,1.456199049949646,179,30
1116,6919,base_enriched,max,-1.688449501991272,1.1601065397262573,-1.4554262161254883,1.4554262161254883,228,30
1117,10291,base_enriched,mean,-0.05331635847687721,0.03665503114461899,-1.4545440673828125,1.4545440673828125,241,30
1118,1777,base_enriched,max,-1.5647376775741577,1.0759583711624146,-1.4542734622955322,1.4542734622955322,290,30
1119,6067,specialized_enriched,active_fraction,0.022909322753548622,0.01575479842722416,1.4541171789169312,1.4541171789169312,216,30
1120,6290,specialized_enriched,active_fraction,0.009071432054042816,0.00624128757044673,1.4534552097320557,1.4534552097320557,126,30
1121,13319,specialized_enriched,active_fraction,0.004772317595779896,0.0032898588106036186,1.4506146907806396,1.4506146907806396,92,30
1122,8797,base_enriched,max,-2.8564505577087402,1.9728223085403442,-1.4479005336761475,1.4479005336761475,178,30
1123,10460,specialized_enriched,mean,0.07191180437803268,0.04976198077201843,1.4451154470443726,1.4451154470443726,177,30
1124,10808,base_enriched,active_fraction,-0.012296920642256737,0.008513325825333595,-1.444432020187378,1.444432020187378,226,30
1125,5234,base_enriched,mean,-0.03724948689341545,0.025792578235268593,-1.444193959236145,1.444193959236145,147,30
1126,12879,base_enriched,max,-0.9058576822280884,0.6274963617324829,-1.4436062574386597,1.4436062574386597,109,30
1127,7509,specialized_enriched,max,1.0249570608139038,0.7105700373649597,1.4424433708190918,1.4424433708190918,86,30
1128,15654,base_enriched,max,-1.1562790870666504,0.8017328977584839,-1.4422248601913452,1.4422248601913452,281,30
1129,3096,base_enriched,active_fraction,-0.0018663250375539064,0.0012942466419190168,-1.4420164823532104,1.4420164823532104,61,30
1130,11575,base_enriched,max,-0.9235942363739014,0.6408370733261108,-1.4412310123443604,1.4412310123443604,209,30
1131,15092,base_enriched,active_fraction,-0.004031015560030937,0.0027993014082312584,-1.4400076866149902,1.4400076866149902,98,30
1132,9007,base_enriched,mean,-0.06617121398448944,0.04595945030450821,-1.4397737979888916,1.4397737979888916,166,30
1133,13837,base_enriched,active_fraction,-0.006363058462738991,0.004421561490744352,-1.4390976428985596,1.4390976428985596,219,30
1134,9380,base_enriched,active_fraction,-0.005299680400639772,0.003685504663735628,-1.4379795789718628,1.4379795789718628,110,30
1135,13514,specialized_enriched,max,1.1996666193008423,0.8351277709007263,1.4365066289901733,1.4365066289901733,151,30
1136,10085,base_enriched,active_fraction,-0.013865865767002106,0.009661193937063217,-1.43521249294281,1.43521249294281,287,30
1137,1418,specialized_enriched,active_fraction,0.01765521615743637,0.012303326278924942,1.434995412826538,1.434995412826538,229,30
1138,16293,specialized_enriched,active_fraction,0.014961405657231808,0.010439378209412098,1.433170199394226,1.433170199394226,153,30
1139,205,base_enriched,mean,-0.05234396085143089,0.036575231701135635,-1.431131362915039,1.431131362915039,106,30
1140,14225,specialized_enriched,active_fraction,0.02110471948981285,0.01474817842245102,1.4310051202774048,1.4310051202774048,285,30
1141,570,base_enriched,max,-0.8782702684402466,0.6140058040618896,-1.4303940534591675,1.4303940534591675,242,30
1142,6602,specialized_enriched,max,0.8603991270065308,0.6015964150428772,1.4301931858062744,1.4301931858062744,81,30
1143,16205,base_enriched,max,-2.554025650024414,1.7863872051239014,-1.429715633392334,1.429715633392334,201,30
1144,10417,base_enriched,active_fraction,-0.010856782086193562,0.007598753087222576,-1.4287583827972412,1.4287583827972412,290,30
1145,7588,base_enriched,max,-1.6284642219543457,1.140365719795227,-1.4280192852020264,1.4280192852020264,284,30
1146,9777,specialized_enriched,active_fraction,0.006251560524106026,0.004380662925541401,1.4270809888839722,1.4270809888839722,138,30
1147,3501,specialized_enriched,max,0.945406436920166,0.6631324291229248,1.425667643547058,1.425667643547058,99,30
1148,4436,base_enriched,mean,-0.06347473710775375,0.04452281445264816,-1.425667643547058,1.425667643547058,106,30
1149,3575,base_enriched,max,-1.2340877056121826,0.8660827875137329,-1.4249073266983032,1.4249073266983032,250,30
1150,10865,base_enriched,max,-2.151531219482422,1.510667085647583,-1.424225926399231,1.424225926399231,155,30
1151,6548,base_enriched,max,-1.9147067070007324,1.3461494445800781,-1.4223581552505493,1.4223581552505493,251,30
1152,14007,specialized_enriched,mean,0.045416317880153656,0.03194725885987282,1.4216029644012451,1.4216029644012451,181,30
1153,13790,specialized_enriched,mean,0.047200899571180344,0.03324189782142639,1.419921875,1.419921875,218,30
1154,4130,specialized_enriched,active_fraction,0.012880616821348667,0.009073556400835514,1.4195774793624878,1.4195774793624878,258,30
1155,16067,specialized_enriched,max,1.858530044555664,1.3096920251846313,1.4190587997436523,1.4190587997436523,113,30
1156,1370,base_enriched,max,-1.349101185798645,0.9512234926223755,-1.4182798862457275,1.4182798862457275,199,30
1157,12245,base_enriched,max,-0.6289589405059814,0.44371357560157776,-1.4174885749816895,1.4174885749816895,100,30
1158,8068,base_enriched,active_fraction,-0.003096352331340313,0.0021877263206988573,-1.4153289794921875,1.4153289794921875,133,30
1159,9460,specialized_enriched,max,0.2763725817203522,0.1953057497739792,1.415076494216919,1.415076494216919,31,30
1160,14220,specialized_enriched,active_fraction,0.02377825602889061,0.016804229468107224,1.4150161743164062,1.4150161743164062,245,30
1161,5974,base_enriched,max,-2.0337204933166504,1.438380479812622,-1.413896083831787,1.413896083831787,283,30
1162,7787,specialized_enriched,active_fraction,0.011781064793467522,0.008332706056535244,1.4138342142105103,1.4138342142105103,99,30
1163,8358,base_enriched,active_fraction,-0.006824446376413107,0.004827491007745266,-1.4136631488800049,1.4136631488800049,185,30
1164,2405,base_enriched,max,-1.8199214935302734,1.288214921951294,-1.412746787071228,1.412746787071228,126,30
1165,14137,base_enriched,active_fraction,-0.01433253288269043,0.010149700567126274,-1.412113904953003,1.412113904953003,222,30
1166,15595,base_enriched,active_fraction,-0.02115197852253914,0.014990094117820263,-1.41106379032135,1.41106379032135,212,30
1167,7883,base_enriched,mean,-0.19221606850624084,0.13625085353851318,-1.4107513427734375,1.4107513427734375,238,30
1168,13428,base_enriched,max,-0.7756227850914001,0.5498324036598206,-1.4106531143188477,1.4106531143188477,290,30
1169,10177,base_enriched,active_fraction,-0.004973249044269323,0.0035282957833260298,-1.409532904624939,1.409532904624939,165,30
1170,14129,base_enriched,max,-0.9636435508728027,0.6836831569671631,-1.409488558769226,1.409488558769226,274,30
1171,9284,base_enriched,mean,-0.04158378764986992,0.029513120651245117,-1.4089932441711426,1.4089932441711426,97,30
1172,14612,base_enriched,max,-0.37921515107154846,0.26917195320129395,-1.4088212251663208,1.4088212251663208,55,30
1173,7403,base_enriched,max,-1.004664659500122,0.7133018374443054,-1.408470630645752,1.408470630645752,223,30
1174,8897,specialized_enriched,mean,0.14456254243850708,0.10275725275278091,1.4068354368209839,1.4068354368209839,283,30
1175,10754,base_enriched,max,-1.0359768867492676,0.7364144921302795,-1.406785011291504,1.406785011291504,178,30
1176,4363,specialized_enriched,max,0.9324812889099121,0.6632609367370605,1.4059041738510132,1.4059041738510132,51,30
1177,11959,base_enriched,active_fraction,-0.00631354283541441,0.00449658278375864,-1.4040757417678833,1.4040757417678833,157,30
1178,13844,base_enriched,active_fraction,-0.01693512499332428,0.012075424194335938,-1.4024455547332764,1.4024455547332764,217,30
1179,9608,base_enriched,mean,-0.05768587812781334,0.04113907739520073,-1.4022160768508911,1.4022160768508911,266,30
1180,7571,base_enriched,max,-1.44612717628479,1.0314995050430298,-1.4019659757614136,1.4019659757614136,242,30
1181,11241,base_enriched,active_fraction,-0.009005103260278702,0.006428251508623362,-1.400863528251648,1.400863528251648,242,30
1182,2861,base_enriched,mean,-0.10112924873828888,0.07223929464817047,-1.3999202251434326,1.3999202251434326,144,30
1183,15402,base_enriched,active_fraction,-0.013999680057168007,0.010005074553191662,-1.3992578983306885,1.3992578983306885,237,30
1184,15914,base_enriched,max,-1.8317298889160156,1.3092124462127686,-1.3991081714630127,1.3991081714630127,193,30
1185,7482,base_enriched,max,-2.1706039905548096,1.5517401695251465,-1.3988192081451416,1.3988192081451416,110,30
1186,5355,specialized_enriched,max,1.0268628597259521,0.7346011996269226,1.397850751876831,1.397850751876831,185,30
1187,13422,base_enriched,max,-2.438566207885742,1.7455101013183594,-1.3970507383346558,1.3970507383346558,151,30
1188,12390,base_enriched,active_fraction,-0.005324763245880604,0.003811968257650733,-1.396854043006897,1.396854043006897,201,30
1189,6985,base_enriched,mean,-0.060446370393037796,0.0432894267141819,-1.3963310718536377,1.3963310718536377,213,30
1190,4381,base_enriched,max,-1.2363942861557007,0.8857415318489075,-1.3958860635757446,1.3958860635757446,289,30
1191,13462,base_enriched,active_fraction,-0.01761317439377308,0.012619729153811932,-1.3956855535507202,1.3956855535507202,287,30
1192,2187,specialized_enriched,max,1.6316372156143188,1.1690847873687744,1.395653486251831,1.395653486251831,271,30
1193,14672,base_enriched,active_fraction,-0.01318785734474659,0.009458577260375023,-1.3942749500274658,1.3942749500274658,212,30
1194,14818,specialized_enriched,max,1.637162446975708,1.1743921041488647,1.3940509557724,1.3940509557724,221,30
1195,12720,base_enriched,mean,-0.038669832050800323,0.02778410166501999,-1.3917970657348633,1.3917970657348633,67,30
1196,10173,base_enriched,max,-0.7490695118904114,0.5382583141326904,-1.391654372215271,1.391654372215271,185,30
1197,9660,base_enriched,max,-1.139811635017395,0.8195924162864685,-1.3907054662704468,1.3907054662704468,291,30
1198,11469,specialized_enriched,active_fraction,0.024830905720591545,0.017854902893304825,1.3907051086425781,1.3907051086425781,253,30
1199,13892,specialized_enriched,max,1.5176235437393188,1.092223048210144,1.3894813060760498,1.3894813060760498,181,30
1200,10342,specialized_enriched,max,1.5922341346740723,1.1461808681488037,1.3891648054122925,1.3891648054122925,120,30
1201,11475,specialized_enriched,active_fraction,0.015376968309283257,0.011069605126976967,1.3891162872314453,1.3891162872314453,225,30
1202,15958,base_enriched,max,-0.8609650731086731,0.6198099851608276,-1.3890790939331055,1.3890790939331055,129,30
1203,7563,specialized_enriched,active_fraction,0.01176808588206768,0.008472193963825703,1.3890246152877808,1.3890246152877808,152,30
1204,855,specialized_enriched,mean,0.10613406449556351,0.07641670107841492,1.388885736465454,1.388885736465454,265,30
1205,15504,base_enriched,max,-1.2424232959747314,0.8949276804924011,-1.3882945775985718,1.3882945775985718,258,30
1206,11046,specialized_enriched,max,1.368423342704773,0.9859296083450317,1.3879523277282715,1.3879523277282715,291,30
1207,3552,base_enriched,max,-1.3670144081115723,0.9854965806007385,-1.3871325254440308,1.3871325254440308,255,30
1208,16041,specialized_enriched,active_fraction,0.0072643510065972805,0.0052397046238183975,1.3864046335220337,1.3864046335220337,111,30
1209,15367,base_enriched,active_fraction,-0.011553780175745487,0.008340133354067802,-1.385323166847229,1.385323166847229,240,30
1210,4895,base_enriched,active_fraction,-0.012883827090263367,0.009314603172242641,-1.383185863494873,1.383185863494873,269,30
1211,14789,base_enriched,active_fraction,-0.010404105298221111,0.007526189088821411,-1.3823869228363037,1.3823869228363037,280,30
1212,2792,base_enriched,max,-1.6310787200927734,1.1803773641586304,-1.3818281888961792,1.3818281888961792,143,30
1213,8660,specialized_enriched,max,0.7856495380401611,0.5689188241958618,1.3809518814086914,1.3809518814086914,39,30
1214,7486,specialized_enriched,active_fraction,0.03471644967794418,0.025158716365695,1.3798974752426147,1.3798974752426147,220,30
1215,8074,specialized_enriched,active_fraction,0.008093495853245258,0.005868684034794569,1.379098892211914,1.379098892211914,154,30
1216,12533,specialized_enriched,max,0.8035807609558105,0.5829245448112488,1.378533124923706,1.378533124923706,136,30
1217,3072,specialized_enriched,mean,0.03766820207238197,0.027325965464115143,1.3784765005111694,1.3784765005111694,134,30
1218,102,specialized_enriched,max,1.5599257946014404,1.1316899061203003,1.378403902053833,1.378403902053833,136,30
1219,2587,base_enriched,mean,-0.03289181366562843,0.023866120725870132,-1.3781801462173462,1.3781801462173462,159,30
1220,15002,base_enriched,max,-1.4521441459655762,1.0536895990371704,-1.378151774406433,1.378151774406433,164,30
1221,746,specialized_enriched,max,1.5349490642547607,1.1145641803741455,1.3771742582321167,1.3771742582321167,75,30
1222,15332,specialized_enriched,max,1.4184553623199463,1.0301491022109985,1.3769418001174927,1.3769418001174927,56,30
1223,10962,specialized_enriched,mean,0.0706963762640953,0.0513542965054512,1.37663996219635,1.37663996219635,51,30
1224,10419,specialized_enriched,mean,0.03706701844930649,0.026941142976284027,1.3758517503738403,1.3758517503738403,116,30
1225,5499,base_enriched,mean,-0.030773647129535675,0.022382039576768875,-1.374925971031189,1.374925971031189,85,30
1226,14832,base_enriched,active_fraction,-0.013669227249920368,0.009944350458681583,-1.3745721578598022,1.3745721578598022,284,30
1227,5106,base_enriched,active_fraction,-0.009028180502355099,0.006568244192749262,-1.3745195865631104,1.3745195865631104,150,30
1228,5121,base_enriched,active_fraction,-0.025234585627913475,0.01836702786386013,-1.3739068508148193,1.3739068508148193,240,30
1229,9332,specialized_enriched,max,0.35230231285095215,0.25683218240737915,1.371721863746643,1.371721863746643,40,30
1230,7420,base_enriched,active_fraction,-0.010030706413090229,0.007319080643355846,-1.3704872131347656,1.3704872131347656,93,30
1231,13062,base_enriched,max,-1.9453246593475342,1.4200109243392944,-1.3699363470077515,1.3699363470077515,291,30
1232,12026,base_enriched,active_fraction,-0.011768433265388012,0.00859391875565052,-1.369390845298767,1.369390845298767,220,30
1233,13133,base_enriched,active_fraction,-0.009814330376684666,0.007171513978391886,-1.3685158491134644,1.3685158491134644,175,30
1234,1374,base_enriched,mean,-0.06304949522018433,0.0460803359746933,-1.3682516813278198,1.3682516813278198,237,30
1235,8113,base_enriched,max,-1.2280243635177612,0.898065984249115,-1.3674099445343018,1.3674099445343018,195,30
1236,12376,base_enriched,max,-2.145535945892334,1.570443034172058,-1.3661978244781494,1.3661978244781494,256,30
1237,14728,base_enriched,mean,-0.06369134783744812,0.04662111774086952,-1.3661479949951172,1.3661479949951172,159,30
1238,10829,base_enriched,max,-1.0489650964736938,0.7678627371788025,-1.366084098815918,1.366084098815918,184,30
1239,10693,base_enriched,max,-1.7409651279449463,1.274599552154541,-1.3658918142318726,1.3658918142318726,165,30
1240,15955,specialized_enriched,max,1.287578821182251,0.9427440166473389,1.3657777309417725,1.3657777309417725,257,30
1241,11789,specialized_enriched,mean,0.02922557108104229,0.02139914408326149,1.3657355308532715,1.3657355308532715,205,30
1242,5692,base_enriched,mean,-0.0927303358912468,0.06793271005153656,-1.3650321960449219,1.3650321960449219,286,30
1243,1159,base_enriched,active_fraction,-0.01602853834629059,0.011745225638151169,-1.3646854162216187,1.3646854162216187,217,30
1244,4661,base_enriched,active_fraction,-0.00876393262296915,0.006422578822821379,-1.3645504713058472,1.3645504713058472,228,30
1245,878,specialized_enriched,active_fraction,0.011136136949062347,0.008163079619407654,1.3642078638076782,1.3642078638076782,223,30
1246,13354,base_enriched,max,-2.103137969970703,1.5417181253433228,-1.3641520738601685,1.3641520738601685,219,30
1247,6717,base_enriched,max,-2.4629063606262207,1.8064184188842773,-1.3634196519851685,1.3634196519851685,235,30
1248,10651,specialized_enriched,active_fraction,0.011399966664612293,0.008377911522984505,1.3607170581817627,1.3607170581817627,186,30
1249,8545,base_enriched,active_fraction,-0.008337139151990414,0.006129230838268995,-1.360226035118103,1.360226035118103,198,30
1250,5886,specialized_enriched,mean,0.1462801843881607,0.10763918608427048,1.3589863777160645,1.3589863777160645,188,30
1251,6090,specialized_enriched,active_fraction,0.03203775733709335,0.02358979359269142,1.3581194877624512,1.3581194877624512,100,30
1252,5542,base_enriched,max,-2.413841724395752,1.7778135538101196,-1.357758641242981,1.357758641242981,133,30
1253,4033,specialized_enriched,mean,0.09608627110719681,0.07078373432159424,1.3574626445770264,1.3574626445770264,264,30
1254,3349,base_enriched,max,-0.7598831057548523,0.5598968863487244,-1.3571840524673462,1.3571840524673462,168,30
1255,11088,specialized_enriched,active_fraction,0.021975474432110786,0.016196489334106445,1.3568048477172852,1.3568048477172852,149,30
1256,14049,base_enriched,max,-1.193083643913269,0.8796100616455078,-1.3563778400421143,1.3563778400421143,247,30
1257,2371,specialized_enriched,mean,0.06094672158360481,0.04493778571486473,1.3562467098236084,1.3562467098236084,289,30
1258,9910,base_enriched,active_fraction,-0.021327892318367958,0.015729393810033798,-1.3559259176254272,1.3559259176254272,286,30
1259,9566,base_enriched,mean,-0.03350221365690231,0.024715367704629898,-1.355521559715271,1.355521559715271,192,30
1260,13678,base_enriched,mean,-0.13101455569267273,0.09665452688932419,-1.355493187904358,1.355493187904358,262,30
1261,5454,base_enriched,mean,-0.09647998213768005,0.07120383530855179,-1.3549829721450806,1.3549829721450806,227,30
1262,11316,base_enriched,active_fraction,-0.006665405351668596,0.004919556435197592,-1.354879379272461,1.354879379272461,193,30
1263,14862,specialized_enriched,max,1.979985237121582,1.4614421129226685,1.3548160791397095,1.3548160791397095,269,30
1264,12748,specialized_enriched,max,0.7049503922462463,0.5203656554222107,1.354721188545227,1.354721188545227,70,30
1265,1947,specialized_enriched,max,0.18846313655376434,0.1391230821609497,1.3546503782272339,1.3546503782272339,34,30
1266,12483,specialized_enriched,mean,0.10569723695516586,0.07803450524806976,1.3544936180114746,1.3544936180114746,43,30
1267,12040,base_enriched,max,-1.17300283908844,0.8668614625930786,-1.3531606197357178,1.3531606197357178,227,30
1268,11729,base_enriched,active_fraction,-0.0066482494585216045,0.004918868653476238,-1.3515809774398804,1.3515809774398804,209,30
1269,161,specialized_enriched,mean,0.07087165862321854,0.05243906006217003,1.351505160331726,1.351505160331726,243,30
1270,9941,base_enriched,max,-1.2930138111114502,0.956881582736969,-1.3512787818908691,1.3512787818908691,113,30
1271,9533,base_enriched,max,-0.9890049695968628,0.7320451736450195,-1.3510162830352783,1.3510162830352783,237,30
1272,6400,base_enriched,max,-1.7048982381820679,1.262319564819336,-1.3506075143814087,1.3506075143814087,231,30
1273,6184,base_enriched,active_fraction,-0.016511956229805946,0.012227782048285007,-1.3503639698028564,1.3503639698028564,252,30
1274,16235,specialized_enriched,max,1.403999924659729,1.0398330688476562,1.3502166271209717,1.3502166271209717,49,30
1275,3812,base_enriched,active_fraction,-0.009183328598737717,0.006801951210945845,-1.3501020669937134,1.3501020669937134,289,30
1276,13474,base_enriched,active_fraction,-0.012816506437957287,0.009504852816462517,-1.3484171628952026,1.3484171628952026,130,30
1277,2129,specialized_enriched,mean,0.03659208491444588,0.027140041813254356,1.3482693433761597,1.3482693433761597,92,30
1278,14952,base_enriched,active_fraction,-0.005538047291338444,0.00410863570868969,-1.3479042053222656,1.3479042053222656,108,30
1279,14116,base_enriched,active_fraction,-0.005263795144855976,0.003905565943568945,-1.3477675914764404,1.3477675914764404,130,30
1280,4177,base_enriched,max,-1.3976540565490723,1.0371333360671997,-1.347612738609314,1.347612738609314,206,30
1281,5231,base_enriched,max,-1.2341442108154297,0.9162899255752563,-1.3468927145004272,1.3468927145004272,88,30
1282,10615,base_enriched,max,-1.638079285621643,1.216626763343811,-1.3464107513427734,1.3464107513427734,291,30
1283,7337,specialized_enriched,active_fraction,0.00386067689396441,0.0028683445416390896,1.3459599018096924,1.3459599018096924,36,30
1284,8475,specialized_enriched,active_fraction,0.018014587461948395,0.013385658152401447,1.3458125591278076,1.3458125591278076,265,30
1285,10337,base_enriched,max,-1.685174822807312,1.2522081136703491,-1.3457626104354858,1.3457626104354858,291,30
1286,14788,specialized_enriched,active_fraction,0.01510116457939148,0.011230922304093838,1.3446059226989746,1.3446059226989746,238,30
1287,2167,base_enriched,mean,-0.09168596565723419,0.06820406764745712,-1.3442888259887695,1.3442888259887695,239,30
1288,2131,specialized_enriched,active_fraction,0.005030039697885513,0.003743604989722371,1.3436353206634521,1.3436353206634521,135,30
1289,3350,base_enriched,max,-1.7514978647232056,1.305117130279541,-1.342023491859436,1.342023491859436,279,30
1290,6480,base_enriched,max,-1.5014581680297852,1.1193950176239014,-1.3413121700286865,1.3413121700286865,237,30
1291,13329,specialized_enriched,mean,0.18954993784427643,0.14144426584243774,1.3401033878326416,1.3401033878326416,277,30
1292,8015,specialized_enriched,mean,0.18172071874141693,0.13560418784618378,1.3400819301605225,1.3400819301605225,63,30
1293,3630,specialized_enriched,max,1.7383476495742798,1.2977255582809448,1.3395341634750366,1.3395341634750366,283,30
1294,2102,base_enriched,max,-1.738548755645752,1.2984904050827026,-1.3388999700546265,1.3388999700546265,266,30
1295,5159,specialized_enriched,max,1.6736838817596436,1.2505996227264404,1.338305115699768,1.338305115699768,159,30
1296,954,base_enriched,active_fraction,-0.011195588856935501,0.008365640416741371,-1.3382823467254639,1.3382823467254639,281,30
1297,4740,base_enriched,max,-2.170201063156128,1.622402548789978,-1.337646484375,1.337646484375,287,30
1298,14435,base_enriched,max,-1.1948535442352295,0.8940575122833252,-1.3364392518997192,1.3364392518997192,267,30
1299,10234,specialized_enriched,max,2.2608649730682373,1.691758155822754,1.3363996744155884,1.3363996744155884,179,30
1300,13148,base_enriched,max,-0.36648619174957275,0.2743811011314392,-1.3356831073760986,1.3356831073760986,127,30
1301,9930,base_enriched,active_fraction,-0.030958835035562515,0.023178432136774063,-1.3356742858886719,1.3356742858886719,209,30
1302,10023,specialized_enriched,active_fraction,0.009080106392502785,0.006805048789829016,1.3343191146850586,1.3343191146850586,70,30
1303,7287,specialized_enriched,max,1.9573477506637573,1.4699907302856445,1.3315374851226807,1.3315374851226807,199,30
1304,6968,specialized_enriched,max,0.9327664971351624,0.700819730758667,1.3309649229049683,1.3309649229049683,49,30
1305,3951,base_enriched,max,-1.8311972618103027,1.3776922225952148,-1.3291773796081543,1.3291773796081543,282,30
1306,6398,specialized_enriched,active_fraction,0.01676991768181324,0.012630357407033443,1.327746868133545,1.327746868133545,137,30
1307,3021,specialized_enriched,max,0.9954338073730469,0.7498493194580078,1.3275117874145508,1.3275117874145508,263,30
1308,5784,specialized_enriched,mean,0.06446579843759537,0.048596594482660294,1.326549768447876,1.326549768447876,285,30
1309,4861,specialized_enriched,active_fraction,0.00698760524392128,0.005267628934234381,1.326518177986145,1.326518177986145,153,30
1310,5163,base_enriched,mean,-0.07135903835296631,0.05379602313041687,-1.3264741897583008,1.3264741897583008,198,30
1311,13151,base_enriched,active_fraction,-0.016740242019295692,0.012632638216018677,-1.3251579999923706,1.3251579999923706,109,30
1312,9722,specialized_enriched,active_fraction,0.00989433005452156,0.007468848023563623,1.3247464895248413,1.3247464895248413,189,30
1313,2127,base_enriched,active_fraction,-0.006241147872060537,0.004712602589279413,-1.3243526220321655,1.3243526220321655,65,30
1314,59,base_enriched,max,-1.431505799293518,1.0810920000076294,-1.3241294622421265,1.3241294622421265,220,30
1315,13731,base_enriched,max,-1.4056376218795776,1.0619919300079346,-1.3235859870910645,1.3235859870910645,272,30
1316,7123,base_enriched,max,-1.2150826454162598,0.918262243270874,-1.3232414722442627,1.3232414722442627,171,30
1317,9476,specialized_enriched,active_fraction,0.0182298943400383,0.013778277672827244,1.3230894804000854,1.3230894804000854,100,30
1318,128,specialized_enriched,mean,0.09591406583786011,0.07252594828605652,1.322479248046875,1.322479248046875,249,30
1319,3402,base_enriched,active_fraction,-0.014133088290691376,0.01068876963108778,-1.3222371339797974,1.3222371339797974,121,30
1320,9375,base_enriched,max,-1.20543372631073,0.9123685359954834,-1.3212136030197144,1.3212136030197144,231,30
1321,3589,base_enriched,max,-0.7926927804946899,0.6005952954292297,-1.3198450803756714,1.3198450803756714,235,30
1322,12298,base_enriched,max,-0.9626061320304871,0.7294509410858154,-1.3196310997009277,1.3196310997009277,149,30
1323,12589,specialized_enriched,active_fraction,0.007181868422776461,0.005443627946078777,1.3193165063858032,1.3193165063858032,121,30
1324,8977,specialized_enriched,mean,0.05837971344590187,0.04425104334950447,1.319284439086914,1.319284439086914,238,30
1325,10946,base_enriched,max,-1.0279903411865234,0.7796903848648071,-1.3184596300125122,1.3184596300125122,284,30
1326,14684,specialized_enriched,max,0.5799761414527893,0.4401729106903076,1.3176097869873047,1.3176097869873047,30,30
1327,5421,base_enriched,max,-1.6665081977844238,1.2649654150009155,-1.3174338340759277,1.3174338340759277,207,30
1328,1996,base_enriched,max,-1.884312391281128,1.4314435720443726,-1.3163721561431885,1.3163721561431885,167,30
1329,8420,base_enriched,mean,-0.08704380691051483,0.06615838408470154,-1.3156882524490356,1.3156882524490356,249,30
1330,7329,base_enriched,max,-0.7910840511322021,0.6024869084358215,-1.3130310773849487,1.3130310773849487,147,30
1331,10009,base_enriched,max,-1.5084431171417236,1.1490881443023682,-1.3127305507659912,1.3127305507659912,291,30
1332,1054,base_enriched,mean,-0.10895750671625137,0.08302638679742813,-1.312323808670044,1.312323808670044,225,30
1333,15097,base_enriched,mean,-0.0236017107963562,0.018000995740294456,-1.311133623123169,1.311133623123169,139,30
1334,14808,base_enriched,mean,-0.020559223368763924,0.015688033774495125,-1.3105034828186035,1.3105034828186035,47,30
1335,5469,specialized_enriched,max,2.2335989475250244,1.7049585580825806,1.3100605010986328,1.3100605010986328,172,30
1336,11839,base_enriched,mean,-0.07451117038726807,0.05691937729716301,-1.3090651035308838,1.3090651035308838,286,30
1337,2772,base_enriched,max,-1.9821813106536865,1.514656901359558,-1.3086668252944946,1.3086668252944946,147,30
1338,3009,base_enriched,active_fraction,-0.011331366375088692,0.008659983985126019,-1.3084743022918701,1.3084743022918701,169,30
1339,3122,specialized_enriched,active_fraction,0.011429620906710625,0.008739830926060677,1.3077622652053833,1.3077622652053833,273,30
1340,2710,specialized_enriched,active_fraction,0.012366690672934055,0.009457588195800781,1.3075945377349854,1.3075945377349854,167,30
1341,4759,specialized_enriched,active_fraction,0.03231728449463844,0.024728061631321907,1.306907296180725,1.306907296180725,283,30
1342,11016,specialized_enriched,mean,0.1851487159729004,0.14172637462615967,1.3063814640045166,1.3063814640045166,174,30
1343,13715,specialized_enriched,max,0.928683876991272,0.7108897566795349,1.306368350982666,1.306368350982666,282,30
1344,1104,base_enriched,max,-2.210343837738037,1.6938278675079346,-1.304940104484558,1.304940104484558,160,30
1345,9577,base_enriched,max,-1.3326793909072876,1.0213689804077148,-1.3047971725463867,1.3047971725463867,285,30
1346,7393,specialized_enriched,active_fraction,0.008052920922636986,0.006176261696964502,1.3038502931594849,1.3038502931594849,113,30
1347,2646,specialized_enriched,active_fraction,0.0198076069355011,0.01519232802093029,1.3037900924682617,1.3037900924682617,131,30
1348,14448,base_enriched,mean,-0.02389702759683132,0.01832895539700985,-1.3037855625152588,1.3037855625152588,133,30
1349,461,base_enriched,active_fraction,-0.008835580199956894,0.006782704032957554,-1.3026633262634277,1.3026633262634277,186,30
1350,634,specialized_enriched,active_fraction,0.04294940084218979,0.03297045826911926,1.3026630878448486,1.3026630878448486,160,30
1351,5387,base_enriched,active_fraction,-0.006340429186820984,0.004871349316090345,-1.3015755414962769,1.3015755414962769,129,30
1352,3511,base_enriched,mean,-0.0157979354262352,0.01214024517685175,-1.3012863397598267,1.3012863397598267,145,30
1353,5928,base_enriched,mean,-0.12766681611537933,0.0981341004371643,-1.3009424209594727,1.3009424209594727,180,30
1354,6691,base_enriched,active_fraction,-0.02113478258252144,0.016250004991889,-1.300601601600647,1.300601601600647,189,30
1355,8709,base_enriched,active_fraction,-0.008458423428237438,0.006507659796625376,-1.2997642755508423,1.2997642755508423,176,30
1356,14272,base_enriched,max,-1.2489455938339233,0.9611172676086426,-1.299472689628601,1.299472689628601,261,30
1357,5815,base_enriched,max,-1.5113221406936646,1.1630969047546387,-1.2993948459625244,1.2993948459625244,177,30
1358,10100,specialized_enriched,active_fraction,0.012905685231089592,0.009934923611581326,1.2990220785140991,1.2990220785140991,287,30
1359,11216,base_enriched,max,-1.3480162620544434,1.0377180576324463,-1.2990198135375977,1.2990198135375977,246,30
1360,9337,base_enriched,mean,-0.08547006547451019,0.06587573140859604,-1.2974438667297363,1.2974438667297363,223,30
1361,12911,base_enriched,mean,-0.0430397130548954,0.03318146988749504,-1.2971009016036987,1.2971009016036987,180,30
1362,3446,base_enriched,mean,-0.05418708547949791,0.0418114997446537,-1.295985221862793,1.295985221862793,115,30
1363,9757,base_enriched,mean,-0.09248944371938705,0.07139359414577484,-1.295486569404602,1.295486569404602,244,30
1364,11825,base_enriched,active_fraction,-0.006303082220256329,0.004865820985287428,-1.2953789234161377,1.2953789234161377,158,30
1365,13595,specialized_enriched,active_fraction,0.021764621138572693,0.01681842841207981,1.2940936088562012,1.2940936088562012,269,30
1366,5782,base_enriched,max,-2.1313068866729736,1.6472474336624146,-1.293859601020813,1.293859601020813,199,30
1367,12453,base_enriched,mean,-0.07264569401741028,0.05623086169362068,-1.2919185161590576,1.2919185161590576,120,30
1368,12754,base_enriched,max,-2.04707670211792,1.5849751234054565,-1.2915513515472412,1.2915513515472412,269,30
1369,10370,specialized_enriched,max,0.37076112627983093,0.2871622145175934,1.2911208868026733,1.2911208868026733,103,30
1370,1230,specialized_enriched,mean,0.0384494811296463,0.029806986451148987,1.289948582649231,1.289948582649231,278,30
1371,10802,base_enriched,max,-1.5398608446121216,1.1937512159347534,-1.289934515953064,1.289934515953064,285,30
1372,7070,base_enriched,mean,-0.04457489401102066,0.0345725454390049,-1.2893147468566895,1.2893147468566895,249,30
1373,15579,base_enriched,active_fraction,-0.016444550827145576,0.012754630297422409,-1.2893004417419434,1.2893004417419434,210,30
1374,7169,specialized_enriched,active_fraction,0.004229412414133549,0.0032813968136906624,1.2889060974121094,1.2889060974121094,118,30
1375,10679,specialized_enriched,max,0.8344541788101196,0.6474441885948181,1.2888433933258057,1.2888433933258057,35,30
1376,12699,specialized_enriched,active_fraction,0.0029451053123921156,0.0022860041353851557,1.2883201837539673,1.2883201837539673,91,30
1377,5630,base_enriched,max,-0.9066078662872314,0.7044145464897156,-1.2870373725891113,1.2870373725891113,153,30
1378,10733,base_enriched,mean,-0.09221633523702621,0.07166381925344467,-1.2867907285690308,1.2867907285690308,286,30
1379,6077,base_enriched,max,-1.6060737371444702,1.2494066953659058,-1.2854691743850708,1.2854691743850708,265,30
1380,6061,base_enriched,mean,-0.10230559855699539,0.07960376143455505,-1.28518545627594,1.28518545627594,268,30
1381,5663,base_enriched,max,-2.8533878326416016,2.2205452919006348,-1.2849942445755005,1.2849942445755005,233,30
1382,12595,specialized_enriched,mean,0.06460413336753845,0.05033750459551811,1.2834194898605347,1.2834194898605347,288,30
1383,4180,base_enriched,mean,-0.0831487774848938,0.06481441110372543,-1.2828748226165771,1.2828748226165771,175,30
1384,3681,base_enriched,max,-2.7132568359375,2.115629196166992,-1.2824822664260864,1.2824822664260864,129,30
1385,6890,specialized_enriched,mean,0.06866857409477234,0.05360913649201393,1.2809118032455444,1.2809118032455444,266,30
1386,13479,base_enriched,max,-1.1342849731445312,0.885587215423584,-1.2808281183242798,1.2808281183242798,203,30
1387,13276,base_enriched,max,-1.386082649230957,1.0825481414794922,-1.2803889513015747,1.2803889513015747,185,30
1388,6296,base_enriched,active_fraction,-0.02678326889872551,0.02092064917087555,-1.280231237411499,1.280231237411499,212,30
1389,9232,specialized_enriched,max,0.3741896152496338,0.2923058569431305,1.280130386352539,1.280130386352539,91,30
1390,388,base_enriched,active_fraction,-0.012540393508970737,0.009798050858080387,-1.2798866033554077,1.2798866033554077,78,30
1391,6389,specialized_enriched,active_fraction,0.013459894806146622,0.010517043992877007,1.2798173427581787,1.2798173427581787,235,30
1392,15219,specialized_enriched,active_fraction,0.03070233389735222,0.024008793756365776,1.2787953615188599,1.2787953615188599,216,30
1393,5780,base_enriched,active_fraction,-0.0072775110602378845,0.005692226812243462,-1.2784998416900635,1.2784998416900635,133,30
1394,10554,base_enriched,active_fraction,-0.007885548286139965,0.006168562453240156,-1.2783445119857788,1.2783445119857788,252,30
1395,9659,base_enriched,max,-0.48317497968673706,0.37832316756248474,-1.2771488428115845,1.2771488428115845,223,30
1396,2722,specialized_enriched,active_fraction,0.0062987590208649635,0.004935980774462223,1.2760906219482422,1.2760906219482422,175,30
1397,5611,specialized_enriched,active_fraction,0.01840411312878132,0.014424817636609077,1.2758644819259644,1.2758644819259644,254,30
1398,11784,base_enriched,active_fraction,-0.02419126406311989,0.018966687843203545,-1.2754606008529663,1.2754606008529663,291,30
1399,15674,base_enriched,max,-1.4858050346374512,1.1649951934814453,-1.275374412536621,1.275374412536621,201,30
1400,10091,specialized_enriched,active_fraction,0.016656219959259033,0.013061783276498318,1.2751872539520264,1.2751872539520264,224,30
1401,8523,base_enriched,mean,-0.0721542239189148,0.05658994987607002,-1.2750359773635864,1.2750359773635864,93,30
1402,9194,base_enriched,max,-1.0332345962524414,0.8109495043754578,-1.2741047143936157,1.2741047143936157,145,30
1403,3554,specialized_enriched,max,1.5784964561462402,1.239113688468933,1.273891568183899,1.273891568183899,216,30
1404,2411,base_enriched,max,-1.2007029056549072,0.9426497220993042,-1.273753046989441,1.273753046989441,250,30
1405,8454,base_enriched,mean,-0.0800972580909729,0.0628865659236908,-1.2736783027648926,1.2736783027648926,109,30
1406,10321,specialized_enriched,max,0.8341600894927979,0.655122697353363,1.273288369178772,1.273288369178772,132,30
1407,2359,specialized_enriched,active_fraction,0.005592869594693184,0.0043943230994045734,1.2727488279342651,1.2727488279342651,243,30
1408,10307,specialized_enriched,max,0.6782130599021912,0.5334370732307434,1.2714022397994995,1.2714022397994995,166,30
1409,15210,specialized_enriched,active_fraction,0.007955772802233696,0.006258449982851744,1.271204948425293,1.271204948425293,179,30
1410,1555,base_enriched,max,-2.3195114135742188,1.8254709243774414,-1.2706372737884521,1.2706372737884521,177,30
1411,14319,base_enriched,active_fraction,-0.007971754297614098,0.006275126710534096,-1.2703734636306763,1.2703734636306763,212,30
1412,6122,base_enriched,active_fraction,-0.013750337064266205,0.010839158669114113,-1.2685797214508057,1.2685797214508057,208,30
1413,10473,specialized_enriched,mean,0.055582959204912186,0.043850529938936234,1.2675549983978271,1.2675549983978271,247,30
1414,13488,base_enriched,mean,-0.04484720528125763,0.03538800776004791,-1.2672995328903198,1.2672995328903198,273,30
1415,9632,base_enriched,active_fraction,-0.006378264166414738,0.005033676978200674,-1.2671183347702026,1.2671183347702026,168,30
1416,10552,specialized_enriched,max,0.5899632573127747,0.4656968414783478,1.2668397426605225,1.2668397426605225,86,30
1417,10278,base_enriched,max,-2.029046058654785,1.601753830909729,-1.2667652368545532,1.2667652368545532,283,30
1418,3809,base_enriched,max,-0.8989474773406982,0.7097055912017822,-1.2666484117507935,1.2666484117507935,270,30
1419,15561,specialized_enriched,active_fraction,0.007702056784182787,0.0060822018422186375,1.2663270235061646,1.2663270235061646,194,30
1420,15839,specialized_enriched,mean,0.03889797255396843,0.030729403719305992,1.2658225297927856,1.2658225297927856,165,30
1421,11472,base_enriched,max,-1.9232056140899658,1.519509196281433,-1.2656755447387695,1.2656755447387695,272,30
1422,9670,specialized_enriched,active_fraction,0.006434028036892414,0.0050849299877882,1.2653130292892456,1.2653130292892456,192,30
1423,5498,base_enriched,max,-1.2473361492156982,0.9884651899337769,-1.2618918418884277,1.2618918418884277,252,30
1424,6341,base_enriched,max,-2.4976563453674316,1.9800461530685425,-1.2614132165908813,1.2614132165908813,207,30
1425,3618,base_enriched,mean,-0.038463834673166275,0.030496543273329735,-1.2612522840499878,1.2612522840499878,283,30
1426,6129,base_enriched,max,-1.003825068473816,0.7960619926452637,-1.2609885931015015,1.2609885931015015,176,30
1427,15975,base_enriched,mean,-0.06301338225603104,0.04999863728880882,-1.260301947593689,1.260301947593689,212,30
1428,6729,base_enriched,mean,-0.05683193728327751,0.04510015994310379,-1.2601271867752075,1.2601271867752075,171,30
1429,2911,base_enriched,active_fraction,-0.027417780831456184,0.02177746221423149,-1.258997917175293,1.258997917175293,264,30
1430,10283,base_enriched,active_fraction,-0.013936826959252357,0.011071059852838516,-1.2588521242141724,1.2588521242141724,281,30
1431,2326,base_enriched,max,-1.3188766241073608,1.0481853485107422,-1.2582474946975708,1.2582474946975708,187,30
1432,882,base_enriched,active_fraction,-0.005967683624476194,0.004746240098029375,-1.2573497295379639,1.2573497295379639,153,30
1433,1810,specialized_enriched,active_fraction,0.004918070510029793,0.003912095911800861,1.2571446895599365,1.2571446895599365,134,30
1434,1549,base_enriched,max,-1.8026893138885498,1.434055209159851,-1.2570570707321167,1.2570570707321167,197,30
1435,6119,base_enriched,active_fraction,-0.019922176375985146,0.015850966796278954,-1.2568429708480835,1.2568429708480835,218,30
1436,1069,base_enriched,mean,-0.03155967965722084,0.02514016255736351,-1.255349040031433,1.255349040031433,270,30
1437,6245,base_enriched,mean,-0.04059416055679321,0.03233734145760536,-1.2553339004516602,1.2553339004516602,157,30
1438,7902,base_enriched,max,-0.5801800489425659,0.4626242220401764,-1.2541065216064453,1.2541065216064453,268,30
1439,329,base_enriched,max,-1.685283899307251,1.3446872234344482,-1.2532906532287598,1.2532906532287598,248,30
1440,9219,base_enriched,max,-0.7883774042129517,0.6291245818138123,-1.25313401222229,1.25313401222229,244,30
1441,5992,base_enriched,max,-0.9733015298843384,0.7777457237243652,-1.2514392137527466,1.2514392137527466,285,30
1442,2463,base_enriched,mean,-0.06982342153787613,0.05590468645095825,-1.2489726543426514,1.2489726543426514,228,30
1443,13236,base_enriched,max,-1.1834685802459717,0.9475807547569275,-1.2489368915557861,1.2489368915557861,179,30
1444,8112,specialized_enriched,max,1.0543217658996582,0.8451189994812012,1.247542381286621,1.247542381286621,118,30
1445,8134,base_enriched,active_fraction,-0.005820921156555414,0.004666279535740614,-1.247443675994873,1.247443675994873,98,30
1446,1727,base_enriched,max,-1.9957294464111328,1.6001266241073608,-1.24723219871521,1.24723219871521,227,30
1447,2551,specialized_enriched,active_fraction,0.0034971535205841064,0.002806588774546981,1.24605131149292,1.24605131149292,162,30
1448,15477,specialized_enriched,max,1.403649091720581,1.1280521154403687,1.2443122863769531,1.2443122863769531,128,30
1449,6519,specialized_enriched,max,0.7785553932189941,0.6257202625274658,1.2442547082901,1.2442547082901,71,30
1450,6150,specialized_enriched,max,2.439854145050049,1.9617429971694946,1.2437175512313843,1.2437175512313843,98,30
1451,7474,base_enriched,max,-1.1464639902114868,0.9230222702026367,-1.2420761585235596,1.2420761585235596,165,30
1452,14298,base_enriched,max,-2.037767171859741,1.641811728477478,-1.241169810295105,1.241169810295105,121,30
1453,7484,base_enriched,mean,-0.04172593355178833,0.03365664929151535,-1.239753007888794,1.239753007888794,149,30
1454,11840,specialized_enriched,mean,0.05707446485757828,0.046038828790187836,1.239702820777893,1.239702820777893,196,30
1455,13132,base_enriched,max,-3.6708359718322754,2.96205997467041,-1.239284873008728,1.239284873008728,140,30
1456,11109,base_enriched,active_fraction,-0.004982775077223778,0.004020916763693094,-1.2392137050628662,1.2392137050628662,123,30
1457,11772,base_enriched,max,-1.2156918048858643,0.9811365008354187,-1.2390649318695068,1.2390649318695068,176,30
1458,13480,specialized_enriched,active_fraction,0.01012282632291317,0.008170264773070812,1.2389838695526123,1.2389838695526123,125,30
1459,15945,base_enriched,max,-1.8212933540344238,1.4699910879135132,-1.2389825582504272,1.2389825582504272,152,30
1460,10440,base_enriched,max,-2.5935616493225098,2.096035957336426,-1.2373650074005127,1.2373650074005127,114,30
1461,8590,base_enriched,max,-1.5200556516647339,1.2288511991500854,-1.2369729280471802,1.2369729280471802,268,30
1462,9150,base_enriched,max,-2.9016873836517334,2.3463048934936523,-1.2367051839828491,1.2367051839828491,190,30
1463,9077,base_enriched,active_fraction,-0.01914021372795105,0.015482974238693714,-1.2362103462219238,1.2362103462219238,193,30
1464,6537,specialized_enriched,active_fraction,0.008314788341522217,0.006726610008627176,1.2361037731170654,1.2361037731170654,194,30
1465,5725,base_enriched,max,-1.6854279041290283,1.3653593063354492,-1.2344207763671875,1.2344207763671875,140,30
1466,15938,base_enriched,active_fraction,-0.01062727626413107,0.008611349388957024,-1.2341011762619019,1.2341011762619019,239,30
1467,10218,base_enriched,max,-1.5929934978485107,1.2909480333328247,-1.2339718341827393,1.2339718341827393,268,30
1468,15336,specialized_enriched,active_fraction,0.009143159724771976,0.007411935832351446,1.2335724830627441,1.2335724830627441,269,30
1469,1311,specialized_enriched,max,0.28708505630493164,0.23274612426757812,1.2334686517715454,1.2334686517715454,58,30
1470,15473,base_enriched,mean,-0.08101914823055267,0.0656990334391594,-1.2331862449645996,1.2331862449645996,174,30
1471,10514,base_enriched,max,-2.137312650680542,1.734683632850647,-1.2321051359176636,1.2321051359176636,190,30
1472,14278,base_enriched,max,-1.1527026891708374,0.938556969165802,-1.2281649112701416,1.2281649112701416,99,30
1473,8009,base_enriched,mean,-0.0561441034078598,0.04571519419550896,-1.2281278371810913,1.2281278371810913,149,30
1474,8111,specialized_enriched,mean,0.040098726749420166,0.03265975043177605,1.2277719974517822,1.2277719974517822,272,30
1475,10507,base_enriched,max,-1.5240498781204224,1.2414392232894897,-1.2276475429534912,1.2276475429534912,213,30
1476,2412,base_enriched,mean,-0.02131754532456398,0.017376461997628212,-1.2268058061599731,1.2268058061599731,123,30
1477,10633,base_enriched,active_fraction,-0.005317495204508305,0.004336515907198191,-1.2262136936187744,1.2262136936187744,158,30
1478,1500,specialized_enriched,mean,0.15415847301483154,0.12572507560253143,1.226155400276184,1.226155400276184,272,30
1479,13000,base_enriched,active_fraction,-0.005978771485388279,0.0048783826641738415,-1.2255642414093018,1.2255642414093018,118,30
1480,5556,base_enriched,max,-1.1916102170944214,0.972379207611084,-1.2254583835601807,1.2254583835601807,262,30
1481,2651,specialized_enriched,mean,0.03121328540146351,0.02547362819314003,1.2253175973892212,1.2253175973892212,93,30
1482,7858,base_enriched,active_fraction,-0.0066356356255710125,0.005423342809081078,-1.2235324382781982,1.2235324382781982,48,30
1483,9037,base_enriched,mean,-0.07845161110162735,0.06417395174503326,-1.22248375415802,1.22248375415802,263,30
1484,13252,base_enriched,max,-1.4360657930374146,1.1747386455535889,-1.222455620765686,1.222455620765686,201,30
1485,9323,specialized_enriched,max,0.8054741024971008,0.6590193510055542,1.222231388092041,1.222231388092041,60,30
1486,10080,base_enriched,max,-2.4991719722747803,2.048349142074585,-1.2200908660888672,1.2200908660888672,264,30
1487,13228,base_enriched,max,-2.0810372829437256,1.7058554887771606,-1.2199375629425049,1.2199375629425049,197,30
1488,8471,base_enriched,max,-0.6942548751831055,0.569111704826355,-1.219892144203186,1.219892144203186,209,30
1489,3303,base_enriched,mean,-0.038509100675582886,0.031585462391376495,-1.2192033529281616,1.2192033529281616,169,30
1490,15485,base_enriched,active_fraction,-0.008287083357572556,0.006799548398703337,-1.2187696695327759,1.2187696695327759,126,30
1491,9451,base_enriched,max,-2.110274314880371,1.7362499237060547,-1.2154208421707153,1.2154208421707153,283,30
1492,5588,base_enriched,max,-1.6433101892471313,1.352211594581604,-1.2152758836746216,1.2152758836746216,132,30
1493,15848,specialized_enriched,mean,0.03727554902434349,0.030677853152155876,1.2150638103485107,1.2150638103485107,63,30
1494,2855,specialized_enriched,active_fraction,0.02034764178097248,0.016748785972595215,1.2148725986480713,1.2148725986480713,256,30
1495,15968,specialized_enriched,mean,0.04198280721902847,0.03455973044037819,1.2147897481918335,1.2147897481918335,285,30
1496,9099,base_enriched,max,-1.0839179754257202,0.8924819827079773,-1.2144984006881714,1.2144984006881714,178,30
1497,1672,base_enriched,max,-1.3879835605621338,1.1429797410964966,-1.2143553495407104,1.2143553495407104,97,30
1498,10853,base_enriched,max,-1.5843570232391357,1.3049253225326538,-1.2141361236572266,1.2141361236572266,209,30
1499,12369,base_enriched,max,-1.8885326385498047,1.5554978847503662,-1.2141016721725464,1.2141016721725464,156,30
1500,6002,base_enriched,mean,-0.07913532853126526,0.06518222391605377,-1.214063048362732,1.214063048362732,170,30
1501,7694,specialized_enriched,active_fraction,0.003379849251359701,0.002785362768918276,1.2134323120117188,1.2134323120117188,81,30
1502,2649,specialized_enriched,active_fraction,0.02428402006626129,0.020027270540595055,1.2125476598739624,1.2125476598739624,43,30
1503,2653,specialized_enriched,max,2.194608688354492,1.810476303100586,1.212172031402588,1.212172031402588,278,30
1504,7350,specialized_enriched,mean,0.04435383528470993,0.03659984469413757,1.2118585109710693,1.2118585109710693,52,30
1505,3583,base_enriched,mean,-0.015782156959176064,0.013025101274251938,-1.2116725444793701,1.2116725444793701,136,30
1506,3049,base_enriched,max,-1.736700415611267,1.434337854385376,-1.2108029127120972,1.2108029127120972,236,30
1507,2105,base_enriched,max,-0.978145182132721,0.807885468006134,-1.2107473611831665,1.2107473611831665,226,30
1508,13359,specialized_enriched,max,2.2922911643981934,1.8939357995986938,1.2103320360183716,1.2103320360183716,137,30
1509,10478,specialized_enriched,mean,0.051839813590049744,0.04283120110630989,1.210328221321106,1.210328221321106,179,30
1510,13403,base_enriched,mean,-0.0602479986846447,0.04979434981942177,-1.209936499595642,1.209936499595642,254,30
1511,11610,base_enriched,active_fraction,-0.03480437397956848,0.028776878491044044,-1.209456205368042,1.209456205368042,288,30
1512,10843,specialized_enriched,active_fraction,0.0316791832447052,0.026195449754595757,1.2093391418457031,1.2093391418457031,82,30
1513,7222,base_enriched,max,-1.693316102027893,1.400655746459961,-1.2089452743530273,1.2089452743530273,276,30
1514,9962,base_enriched,mean,-0.02487819269299507,0.02058256044983864,-1.208702564239502,1.208702564239502,103,30
1515,11861,specialized_enriched,active_fraction,0.004835456609725952,0.004001738037914038,1.2083390951156616,1.2083390951156616,73,30
1516,12218,specialized_enriched,active_fraction,0.0038945963606238365,0.00322336470708251,1.2082394361495972,1.2082394361495972,79,30
1517,12388,base_enriched,mean,-0.04168505221605301,0.03450871258974075,-1.2079572677612305,1.2079572677612305,76,30
1518,4822,base_enriched,active_fraction,-0.00899423472583294,0.0074478620663285255,-1.2076263427734375,1.2076263427734375,275,30
1519,8393,base_enriched,mean,-0.06266184151172638,0.05191901698708534,-1.206915020942688,1.206915020942688,192,30
1520,7192,base_enriched,max,-1.3133407831192017,1.0883636474609375,-1.2067114114761353,1.2067114114761353,172,30
1521,10937,base_enriched,max,-1.0528497695922852,0.873161792755127,-1.2057900428771973,1.2057900428771973,266,30
1522,12580,specialized_enriched,active_fraction,0.007336967624723911,0.006085364613682032,1.2056742906570435,1.2056742906570435,80,30
1523,13158,base_enriched,max,-1.4953699111938477,1.2413554191589355,-1.2046266794204712,1.2046266794204712,230,30
1524,4761,specialized_enriched,active_fraction,0.009144806303083897,0.007592706009745598,1.2044199705123901,1.2044199705123901,166,30
1525,12302,specialized_enriched,active_fraction,0.008568123914301395,0.007115074899047613,1.2042211294174194,1.2042211294174194,163,30
1526,6355,base_enriched,max,-1.5715761184692383,1.3051605224609375,-1.2041248083114624,1.2041248083114624,216,30
1527,7815,specialized_enriched,active_fraction,0.005842397455126047,0.004853131715208292,1.203840732574463,1.203840732574463,132,30
1528,15439,base_enriched,active_fraction,-0.015295958146452904,0.012708710506558418,-1.203580617904663,1.203580617904663,163,30
1529,5819,specialized_enriched,active_fraction,0.009726539254188538,0.008088478818535805,1.2025177478790283,1.2025177478790283,291,30
1530,173,specialized_enriched,max,1.1523957252502441,0.9584360718727112,1.2023710012435913,1.2023710012435913,194,30
1531,6133,specialized_enriched,max,1.9527435302734375,1.6244757175445557,1.2020761966705322,1.2020761966705322,72,30
1532,7456,specialized_enriched,active_fraction,0.004150938708335161,0.003453685902059078,1.201886534690857,1.201886534690857,80,30
1533,13956,base_enriched,active_fraction,-0.016081692650914192,0.013381016440689564,-1.201828956604004,1.201828956604004,217,30
1534,13287,base_enriched,max,-1.048945426940918,0.8735669851303101,-1.200761318206787,1.200761318206787,174,30
1535,6039,base_enriched,max,-3.9935710430145264,3.3259615898132324,-1.2007267475128174,1.2007267475128174,152,30
1536,12282,base_enriched,max,-1.0010666847229004,0.8349255323410034,-1.1989891529083252,1.1989891529083252,291,30
1537,6050,specialized_enriched,mean,0.08705832064151764,0.07267047464847565,1.1979875564575195,1.1979875564575195,151,30
1538,4043,base_enriched,max,-1.967093825340271,1.6436831951141357,-1.1967597007751465,1.1967597007751465,200,30
1539,470,specialized_enriched,active_fraction,0.008193684741854668,0.006849473807960749,1.1962502002716064,1.1962502002716064,168,30
1540,4614,specialized_enriched,max,1.1718840599060059,0.9797670245170593,1.1960843801498413,1.1960843801498413,291,30
1541,13215,base_enriched,max,-2.60836124420166,2.1809239387512207,-1.1959891319274902,1.1959891319274902,284,30
1542,6149,base_enriched,mean,-0.03583146631717682,0.029965408146381378,-1.19576096534729,1.19576096534729,151,30
1543,1118,base_enriched,max,-1.5881010293960571,1.3281145095825195,-1.1957560777664185,1.1957560777664185,290,30
1544,8944,base_enriched,active_fraction,-0.010706952773034573,0.008954336866736412,-1.1957281827926636,1.1957281827926636,291,30
1545,15646,base_enriched,max,-1.8662060499191284,1.5611597299575806,-1.1953972578048706,1.1953972578048706,139,30
1546,10621,base_enriched,active_fraction,-0.012563851661980152,0.010513421148061752,-1.195029854774475,1.195029854774475,223,30
1547,13115,base_enriched,max,-0.7495768666267395,0.627677321434021,-1.1942073106765747,1.1942073106765747,274,30
1548,15330,base_enriched,active_fraction,-0.006118281744420528,0.005124283488839865,-1.193977952003479,1.193977952003479,177,30
1549,8915,base_enriched,max,-1.4263432025909424,1.194774866104126,-1.1938174962997437,1.1938174962997437,289,30
1550,10969,base_enriched,max,-1.1223183870315552,0.9402071833610535,-1.193692684173584,1.193692684173584,107,30
1551,11597,base_enriched,max,-2.1597418785095215,1.8109476566314697,-1.1926031112670898,1.1926031112670898,134,30
1552,13711,base_enriched,mean,-0.060979872941970825,0.05115555599331856,-1.1920479536056519,1.1920479536056519,270,30
1553,1327,base_enriched,max,-2.2015581130981445,1.847037434577942,-1.191940188407898,1.191940188407898,228,30
1554,6928,specialized_enriched,active_fraction,0.008594952523708344,0.007212165277451277,1.1917297840118408,1.1917297840118408,90,30
1555,7343,base_enriched,mean,-0.03978082910180092,0.03339490666985512,-1.191224455833435,1.191224455833435,177,30
1556,796,specialized_enriched,max,0.48352932929992676,0.40598705410957336,1.1909968852996826,1.1909968852996826,79,30
1557,1214,base_enriched,max,-1.4984558820724487,1.258406400680542,-1.1907566785812378,1.1907566785812378,286,30
1558,8587,base_enriched,active_fraction,-0.02715577743947506,0.022806446999311447,-1.1907061338424683,1.1907061338424683,285,30
1559,2306,base_enriched,active_fraction,-0.010864722542464733,0.009128212928771973,-1.1902354955673218,1.1902354955673218,253,30
1560,3945,base_enriched,max,-1.1756926774978638,0.987846851348877,-1.1901568174362183,1.1901568174362183,284,30
1561,14699,specialized_enriched,active_fraction,0.0023990310728549957,0.0020159303676337004,1.190036654472351,1.190036654472351,93,30
1562,7870,specialized_enriched,mean,0.11904153227806091,0.10007120668888092,1.189568281173706,1.189568281173706,49,30
1563,13129,base_enriched,max,-2.266589641571045,1.906539797782898,-1.188849925994873,1.188849925994873,74,30
1564,14754,specialized_enriched,mean,0.04076673835515976,0.034290991723537445,1.1888468265533447,1.1888468265533447,160,30
1565,4143,base_enriched,active_fraction,-0.007764969952404499,0.006536288186907768,-1.1879785060882568,1.1879785060882568,145,30
1566,12293,specialized_enriched,max,0.971851646900177,0.8186361789703369,1.1871594190597534,1.1871594190597534,37,30
1567,7408,specialized_enriched,mean,0.047959666699171066,0.04040026664733887,1.18711256980896,1.18711256980896,68,30
1568,9299,base_enriched,max,-2.7520408630371094,2.3198111057281494,-1.1863211393356323,1.1863211393356323,112,30
1569,14698,specialized_enriched,active_fraction,0.013244389556348324,0.011178036220371723,1.1848583221435547,1.1848583221435547,238,30
1570,12154,base_enriched,mean,-0.03934693709015846,0.03324071690440178,-1.183696985244751,1.183696985244751,128,30
1571,6466,base_enriched,mean,-0.025175871327519417,0.021277539432048798,-1.183213472366333,1.183213472366333,125,30
1572,9452,base_enriched,max,-1.9133427143096924,1.6208751201629639,-1.1804380416870117,1.1804380416870117,122,30
1573,7076,specialized_enriched,mean,0.038996003568172455,0.03307998180389404,1.178839921951294,1.178839921951294,284,30
1574,1459,base_enriched,active_fraction,-0.007722488604485989,0.006553659215569496,-1.1783475875854492,1.1783475875854492,186,30
1575,12116,base_enriched,max,-2.6832761764526367,2.2787797451019287,-1.1775057315826416,1.1775057315826416,254,30
1576,16322,base_enriched,max,-1.218272089958191,1.0347622632980347,-1.1773449182510376,1.1773449182510376,240,30
1577,16125,base_enriched,active_fraction,-0.01684000715613365,0.014311309903860092,-1.176692247390747,1.176692247390747,291,30
1578,12787,base_enriched,active_fraction,-0.007041522301733494,0.005985674448311329,-1.1763957738876343,1.1763957738876343,219,30
1579,6023,specialized_enriched,active_fraction,0.005456662271171808,0.004641032312065363,1.1757432222366333,1.1757432222366333,151,30
1580,16038,base_enriched,max,-0.707596480846405,0.6020926833152771,-1.175228476524353,1.175228476524353,110,30
1581,3859,specialized_enriched,max,1.0989985466003418,0.9360033869743347,1.1741394996643066,1.1741394996643066,117,30
1582,1698,base_enriched,max,-0.5559595823287964,0.47350823879241943,-1.1741286516189575,1.1741286516189575,211,30
1583,8558,specialized_enriched,mean,0.09461751580238342,0.08058705925941467,1.1741031408309937,1.1741031408309937,126,30
1584,9543,specialized_enriched,active_fraction,0.013858791440725327,0.011804060079157352,1.174069881439209,1.174069881439209,172,30
1585,14639,base_enriched,active_fraction,-0.007051132619380951,0.006006413605064154,-1.1739338636398315,1.1739338636398315,282,30
1586,12893,base_enriched,mean,-0.03886451944708824,0.03312163054943085,-1.173387885093689,1.173387885093689,123,30
1587,12534,base_enriched,max,-1.5031474828720093,1.2810518741607666,-1.1733697652816772,1.1733697652816772,214,30
1588,15714,specialized_enriched,active_fraction,0.0066157192923128605,0.0056391991674900055,1.1731665134429932,1.1731665134429932,188,30
1589,15346,specialized_enriched,active_fraction,0.023669060319662094,0.020180806517601013,1.1728500127792358,1.1728500127792358,150,30
1590,7349,base_enriched,max,-0.8303044438362122,0.7081334590911865,-1.172525405883789,1.172525405883789,291,30
1591,4301,specialized_enriched,max,0.1335340142250061,0.11391817778348923,1.1721923351287842,1.1721923351287842,32,30
1592,447,base_enriched,max,-1.1503914594650269,0.9817649126052856,-1.1717585325241089,1.1717585325241089,291,30
1593,7246,specialized_enriched,active_fraction,0.009921930730342865,0.00847011711448431,1.171404242515564,1.171404242515564,246,30
1594,15915,specialized_enriched,active_fraction,0.004285769071429968,0.0036592052783817053,1.1712294816970825,1.1712294816970825,48,30
1595,4324,base_enriched,max,-1.9888986349105835,1.6982264518737793,-1.1711622476577759,1.1711622476577759,76,30
1596,6976,specialized_enriched,active_fraction,0.015554247424006462,0.013291818089783192,1.1702121496200562,1.1702121496200562,199,30
1597,12423,specialized_enriched,active_fraction,0.013031586073338985,0.011137284338474274,1.1700865030288696,1.1700865030288696,139,30
1598,3718,base_enriched,max,-1.5354281663894653,1.3123036623001099,-1.170025110244751,1.170025110244751,167,30
1599,9203,specialized_enriched,active_fraction,0.00923965685069561,0.007898710668087006,1.1697677373886108,1.1697677373886108,264,30
1600,9282,specialized_enriched,mean,0.038540538400411606,0.0329565666615963,1.1694343090057373,1.1694343090057373,143,30
1601,5791,specialized_enriched,active_fraction,0.00919928029179573,0.007870366796851158,1.168850302696228,1.168850302696228,120,30
1602,8486,specialized_enriched,active_fraction,0.005699187517166138,0.004879404325038195,1.1680089235305786,1.1680089235305786,69,30
1603,13668,specialized_enriched,active_fraction,0.012387096881866455,0.010606920346617699,1.1678316593170166,1.1678316593170166,280,30
1604,10586,specialized_enriched,active_fraction,0.006457051262259483,0.005530163180083036,1.1676058769226074,1.1676058769226074,262,30
1605,2407,specialized_enriched,active_fraction,0.006409051828086376,0.005492798052728176,1.1668100357055664,1.1668100357055664,280,30
1606,10311,base_enriched,max,-0.7998168468475342,0.6866618990898132,-1.1647899150848389,1.1647899150848389,269,30
1607,4662,base_enriched,max,-1.2906392812728882,1.108239769935608,-1.1645848751068115,1.1645848751068115,232,30
1608,1559,base_enriched,max,-1.935943365097046,1.6625268459320068,-1.1644583940505981,1.1644583940505981,178,30
1609,9683,base_enriched,mean,-0.04281263053417206,0.0367947556078434,-1.1635525226593018,1.1635525226593018,160,30
1610,7905,specialized_enriched,max,1.747685432434082,1.5023168325424194,1.1633267402648926,1.1633267402648926,281,30
1611,3160,base_enriched,max,-0.7204846143722534,0.6194775700569153,-1.163051962852478,1.163051962852478,197,30
1612,3416,specialized_enriched,mean,0.022184092551469803,0.019075224176049232,1.1629793643951416,1.1629793643951416,84,30
1613,14774,base_enriched,active_fraction,-0.0037213447503745556,0.0032005268149077892,-1.1627287864685059,1.1627287864685059,142,30
1614,10103,base_enriched,max,-2.4890966415405273,2.1423346996307373,-1.1618616580963135,1.1618616580963135,136,30
1615,15088,base_enriched,active_fraction,-0.018022537231445312,0.015525219030678272,-1.1608555316925049,1.1608555316925049,199,30
1616,5582,base_enriched,max,-0.416959285736084,0.35945484042167664,-1.159976840019226,1.159976840019226,160,30
1617,1820,base_enriched,mean,-0.022497592493891716,0.019404694437980652,-1.1593891382217407,1.1593891382217407,104,30
1618,7299,specialized_enriched,active_fraction,0.017005180940032005,0.014667393639683723,1.1593866348266602,1.1593866348266602,289,30
1619,4933,base_enriched,max,-0.9398140907287598,0.8114570379257202,-1.1581809520721436,1.1581809520721436,231,30
1620,11279,base_enriched,max,-1.4231704473495483,1.2316824197769165,-1.1554687023162842,1.1554687023162842,122,30
1621,5968,specialized_enriched,max,0.27833518385887146,0.2408900260925293,1.1554449796676636,1.1554449796676636,114,30
1622,9658,specialized_enriched,active_fraction,0.008153175935149193,0.007056497503072023,1.1554139852523804,1.1554139852523804,203,30
1623,5539,base_enriched,active_fraction,-0.011903036385774612,0.010302172042429447,-1.155390977859497,1.155390977859497,282,30
1624,9570,specialized_enriched,active_fraction,0.012029056437313557,0.010412214323878288,1.1552832126617432,1.1552832126617432,228,30
1625,5365,base_enriched,max,-0.7748944759368896,0.6708716750144958,-1.1550562381744385,1.1550562381744385,251,30
1626,8428,specialized_enriched,mean,0.04814569279551506,0.0416947565972805,1.1547181606292725,1.1547181606292725,274,30
1627,13285,specialized_enriched,max,0.5771502256393433,0.5003979206085205,1.1533825397491455,1.1533825397491455,93,30
1628,5671,specialized_enriched,max,3.0170516967773438,2.6161959171295166,1.1532208919525146,1.1532208919525146,102,30
1629,5691,base_enriched,active_fraction,-0.028044454753398895,0.02432982623577118,-1.1526780128479004,1.1526780128479004,279,30
1630,4211,specialized_enriched,max,0.8948495984077454,0.7765418887138367,1.152351975440979,1.152351975440979,132,30
1631,1675,specialized_enriched,active_fraction,0.0055580888874828815,0.004826559219509363,1.1515634059906006,1.1515634059906006,229,30
1632,16347,base_enriched,mean,-0.06521869450807571,0.05666443705558777,-1.1509634256362915,1.1509634256362915,195,30
1633,11846,base_enriched,max,-1.3642578125,1.1860777139663696,-1.150226354598999,1.150226354598999,209,30
1634,5478,base_enriched,mean,-0.05238335579633713,0.04559287428855896,-1.1489373445510864,1.1489373445510864,156,30
1635,16219,base_enriched,max,-0.2602308392524719,0.22655831277370453,-1.1486263275146484,1.1486263275146484,81,30
1636,11630,base_enriched,max,-1.1096367835998535,0.9667083024978638,-1.1478506326675415,1.1478506326675415,287,30
1637,1320,base_enriched,max,-1.7863614559173584,1.5564563274383545,-1.1477105617523193,1.1477105617523193,213,30
1638,8928,base_enriched,active_fraction,-0.009753693826496601,0.008500533178448677,-1.1474213600158691,1.1474213600158691,207,30
1639,9900,base_enriched,mean,-0.048525597900152206,0.04237189143896103,-1.1452308893203735,1.1452308893203735,147,30
1640,10877,specialized_enriched,max,0.8408083915710449,0.7342974543571472,1.1450514793395996,1.1450514793395996,162,30
1641,4014,specialized_enriched,active_fraction,0.003192890901118517,0.0027885723393410444,1.1449912786483765,1.1449912786483765,100,30
1642,12170,specialized_enriched,max,2.499969005584717,2.1837470531463623,1.1448071002960205,1.1448071002960205,103,30
1643,8593,base_enriched,active_fraction,-0.007877284660935402,0.006882709451019764,-1.1445034742355347,1.1445034742355347,90,30
1644,9053,base_enriched,max,-3.2098259925842285,2.805992364883423,-1.1439182758331299,1.1439182758331299,77,30
1645,11653,base_enriched,max,-1.0021131038665771,0.8774617910385132,-1.1420589685440063,1.1420589685440063,232,30
1646,15368,specialized_enriched,max,2.010891914367676,1.7639485597610474,1.1399946212768555,1.1399946212768555,125,30
1647,12504,base_enriched,max,-2.031855344772339,1.7823914289474487,-1.1399602890014648,1.1399602890014648,152,30
1648,6421,base_enriched,mean,-0.037836674600839615,0.033192843198776245,-1.1399046182632446,1.1399046182632446,118,30
1649,713,specialized_enriched,active_fraction,0.006441366858780384,0.0056516979821026325,1.139722466468811,1.139722466468811,116,30
1650,4992,specialized_enriched,active_fraction,0.011964217759668827,0.01050819456577301,1.1385607719421387,1.1385607719421387,64,30
1651,12332,base_enriched,active_fraction,-0.013153777457773685,0.0115547189489007,-1.138390064239502,1.138390064239502,287,30
1652,14689,base_enriched,active_fraction,-0.0068697500973939896,0.006048796698451042,-1.1357218027114868,1.1357218027114868,184,30
1653,9321,base_enriched,max,-1.5995384454727173,1.408703327178955,-1.135468602180481,1.135468602180481,162,30
1654,4497,specialized_enriched,active_fraction,0.003871084190905094,0.0034144828096032143,1.1337249279022217,1.1337249279022217,59,30
1655,6887,base_enriched,max,-1.5303653478622437,1.351476788520813,-1.1323652267456055,1.1323652267456055,199,30
1656,3345,base_enriched,mean,-0.08036110550165176,0.07102061063051224,-1.1315181255340576,1.1315181255340576,132,30
1657,12555,base_enriched,mean,-0.08935721963644028,0.07901693880558014,-1.130861520767212,1.130861520767212,220,30
1658,6845,specialized_enriched,mean,0.051731616258621216,0.045793317258358,1.129676103591919,1.129676103591919,290,30
1659,11445,base_enriched,max,-0.683462381362915,0.6050961017608643,-1.129510521888733,1.129510521888733,278,30
1660,5688,base_enriched,max,-1.570850133895874,1.3914910554885864,-1.1288970708847046,1.1288970708847046,239,30
1661,11862,specialized_enriched,active_fraction,0.0056653497740626335,0.005019777454435825,1.1286057233810425,1.1286057233810425,134,30
1662,3719,specialized_enriched,active_fraction,0.00878495816141367,0.007784787565469742,1.1284775733947754,1.1284775733947754,189,30
1663,5584,base_enriched,max,-0.7744884490966797,0.6867250800132751,-1.1277998685836792,1.1277998685836792,287,30
1664,3405,base_enriched,max,-0.8193346261978149,0.7267563939094543,-1.1273854970932007,1.1273854970932007,191,30
1665,3587,base_enriched,max,-2.431882619857788,2.1590232849121094,-1.1263809204101562,1.1263809204101562,158,30
1666,15279,base_enriched,mean,-0.06112010404467583,0.054264217615127563,-1.1263426542282104,1.1263426542282104,269,30
1667,14916,base_enriched,max,-1.951453685760498,1.734476089477539,-1.1250969171524048,1.1250969171524048,160,30
1668,9859,specialized_enriched,mean,0.052085429430007935,0.0463077574968338,1.1247668266296387,1.1247668266296387,131,30
1669,15319,base_enriched,mean,-0.045860692858695984,0.04077683761715889,-1.1246750354766846,1.1246750354766846,129,30
1670,478,specialized_enriched,mean,0.07184674590826035,0.06389089673757553,1.1245224475860596,1.1245224475860596,126,30
1671,11574,specialized_enriched,max,0.6379459500312805,0.5678227543830872,1.1234948635101318,1.1234948635101318,145,30
1672,863,specialized_enriched,mean,0.09178482741117477,0.08171592652797699,1.123218297958374,1.123218297958374,254,30
1673,5211,base_enriched,max,-1.1734473705291748,1.0455031394958496,-1.122375726699829,1.122375726699829,260,30
1674,14547,base_enriched,max,-1.0949803590774536,0.9772324562072754,-1.1204911470413208,1.1204911470413208,135,30
1675,9917,specialized_enriched,active_fraction,0.0032396535389125347,0.0028931419365108013,1.1197700500488281,1.1197700500488281,56,30
1676,8045,base_enriched,max,-1.2608410120010376,1.1263879537582397,-1.1193665266036987,1.1193665266036987,278,30
1677,7561,base_enriched,active_fraction,-0.0011865051928907633,0.0010601150570437312,-1.1192229986190796,1.1192229986190796,106,30
1678,13493,specialized_enriched,max,0.5388088226318359,0.481600284576416,1.118788480758667,1.118788480758667,52,30
1679,3030,specialized_enriched,mean,0.06590349227190018,0.0589456632733345,1.1180380582809448,1.1180380582809448,115,30
1680,15229,specialized_enriched,active_fraction,0.015329351648688316,0.013712015934288502,1.117950201034546,1.117950201034546,75,30
1681,8826,base_enriched,active_fraction,-0.006404230371117592,0.005731824319809675,-1.1173110008239746,1.1173110008239746,189,30
1682,5225,base_enriched,max,-0.5148546099662781,0.46090245246887207,-1.1170576810836792,1.1170576810836792,291,30
1683,1800,specialized_enriched,max,1.21529221534729,1.089354157447815,1.1156079769134521,1.1156079769134521,125,30
1684,13621,base_enriched,mean,-0.05345293879508972,0.04794757813215256,-1.1148203611373901,1.1148203611373901,284,30
1685,6363,base_enriched,max,-1.6763349771499634,1.5039499998092651,-1.1146215200424194,1.1146215200424194,114,30
1686,10357,specialized_enriched,max,0.5416264533996582,0.4860416352748871,1.1143622398376465,1.1143622398376465,235,30
1687,11076,specialized_enriched,active_fraction,0.0010318798013031483,0.0009279571240767837,1.1119908094406128,1.1119908094406128,33,30
1688,4152,base_enriched,active_fraction,-0.01713971048593521,0.015424029901623726,-1.1112343072891235,1.1112343072891235,255,30
1689,730,base_enriched,mean,-0.03325348347425461,0.02996528521180153,-1.1097335815429688,1.1097335815429688,170,30
1690,3653,base_enriched,mean,-0.03830971568822861,0.034524619579315186,-1.1096346378326416,1.1096346378326416,158,30
1691,3923,specialized_enriched,max,0.42098066210746765,0.37948277592658997,1.10935378074646,1.10935378074646,39,30
1692,10854,base_enriched,mean,-0.06541045755147934,0.058964911848306656,-1.109311580657959,1.109311580657959,173,30
1693,1030,base_enriched,active_fraction,-0.018430987372994423,0.016634570434689522,-1.1079930067062378,1.1079930067062378,234,30
1694,2015,specialized_enriched,active_fraction,0.008636118844151497,0.00781297218054533,1.1053564548492432,1.1053564548492432,116,30
1695,1920,base_enriched,max,-1.2968961000442505,1.1732991933822632,-1.1053413152694702,1.1053413152694702,171,30
1696,9725,base_enriched,mean,-0.04626690596342087,0.04185960441827774,-1.1052876710891724,1.1052876710891724,226,30
1697,377,base_enriched,max,-0.3402814567089081,0.3080906569957733,-1.1044847965240479,1.1044847965240479,84,30
1698,12870,base_enriched,max,-2.201122760772705,1.9932255744934082,-1.104301929473877,1.104301929473877,106,30
1699,8993,base_enriched,active_fraction,-0.005444465670734644,0.004930635914206505,-1.104211688041687,1.104211688041687,205,30
1700,13568,base_enriched,max,-0.6916698813438416,0.6264363527297974,-1.1041343212127686,1.1041343212127686,138,30
1701,9855,base_enriched,max,-2.7166519165039062,2.4609501361846924,-1.1039036512374878,1.1039036512374878,110,30
1702,3704,base_enriched,max,-0.4383126497268677,0.3973473906517029,-1.103096842765808,1.103096842765808,103,30
1703,15243,specialized_enriched,mean,0.05563415586948395,0.05043766647577286,1.1030279397964478,1.1030279397964478,288,30
1704,14941,specialized_enriched,mean,0.041977569460868835,0.03805733472108841,1.1030086278915405,1.1030086278915405,255,30
1705,8908,base_enriched,active_fraction,-0.010202516801655293,0.009250305593013763,-1.1029382944107056,1.1029382944107056,209,30
1706,1438,base_enriched,active_fraction,-0.007465590722858906,0.006768966559320688,-1.1029144525527954,1.1029144525527954,149,30
1707,11369,base_enriched,max,-0.8278133869171143,0.7506710290908813,-1.1027644872665405,1.1027644872665405,126,30
1708,4164,base_enriched,max,-1.114989161491394,1.0110886096954346,-1.1027610301971436,1.1027610301971436,163,30
1709,15144,base_enriched,max,-1.629138469696045,1.477776288986206,-1.1024256944656372,1.1024256944656372,98,30
1710,237,base_enriched,max,-0.99117112159729,0.8995116353034973,-1.1018991470336914,1.1018991470336914,225,30
1711,14937,specialized_enriched,active_fraction,0.047804463654756546,0.043387897312641144,1.101792573928833,1.101792573928833,290,30
1712,4929,base_enriched,active_fraction,-0.0038606899324804544,0.0035064949188381433,-1.1010111570358276,1.1010111570358276,106,30
1713,12512,base_enriched,mean,-0.04865716025233269,0.04420076310634613,-1.1008217334747314,1.1008217334747314,273,30
1714,14586,base_enriched,max,-2.5063765048980713,2.2781951427459717,-1.1001588106155396,1.1001588106155396,126,30
1715,13229,specialized_enriched,active_fraction,0.010616768151521683,0.00965040922164917,1.1001365184783936,1.1001365184783936,214,30
1716,15390,base_enriched,active_fraction,-0.009148563258349895,0.008316467516124249,-1.1000540256500244,1.1000540256500244,256,30
1717,1666,base_enriched,active_fraction,-0.016885261982679367,0.015349953435361385,-1.100020408630371,1.100020408630371,159,30
1718,5408,base_enriched,max,-0.8515880107879639,0.77472323179245,-1.0992157459259033,1.0992157459259033,127,30
1719,10020,specialized_enriched,active_fraction,0.009793397039175034,0.008914683014154434,1.0985692739486694,1.0985692739486694,187,30
1720,11710,specialized_enriched,mean,0.05696260929107666,0.051861993968486786,1.0983498096466064,1.0983498096466064,195,30
1721,11521,base_enriched,max,-1.4110612869262695,1.2850768566131592,-1.098036527633667,1.098036527633667,111,30
1722,7084,specialized_enriched,mean,0.06280790269374847,0.05724309757351875,1.0972135066986084,1.0972135066986084,267,30
1723,4922,specialized_enriched,active_fraction,0.009530000388622284,0.008686778135597706,1.0970696210861206,1.0970696210861206,89,30
1724,10753,base_enriched,active_fraction,-0.017922718077898026,0.016340309754014015,-1.096840739250183,1.096840739250183,261,30
1725,13254,base_enriched,max,-1.5700417757034302,1.4325296878814697,-1.0959924459457397,1.0959924459457397,79,30
1726,6730,base_enriched,active_fraction,-0.008476056158542633,0.00774312624707818,-1.0946555137634277,1.0946555137634277,73,30
1727,1974,specialized_enriched,mean,0.08244828879833221,0.07532580196857452,1.0945557355880737,1.0945557355880737,283,30
1728,6632,specialized_enriched,active_fraction,0.006602609064429998,0.006033800076693296,1.0942704677581787,1.0942704677581787,284,30
1729,12862,specialized_enriched,mean,0.09458911418914795,0.08650784194469452,1.093416690826416,1.093416690826416,290,30
1730,8249,base_enriched,max,-0.8078256845474243,0.7392059564590454,-1.0928289890289307,1.0928289890289307,283,30
1731,12942,base_enriched,max,-2.0581369400024414,1.8847475051879883,-1.0919960737228394,1.0919960737228394,196,30
1732,5521,base_enriched,max,-1.6860538721084595,1.5440186262130737,-1.09199059009552,1.09199059009552,212,30
1733,11892,base_enriched,mean,-0.03951703757047653,0.036190230399370193,-1.0919255018234253,1.0919255018234253,105,30
1734,9827,base_enriched,active_fraction,-0.009193412028253078,0.008421612903475761,-1.0916450023651123,1.0916450023651123,157,30
1735,5215,specialized_enriched,mean,0.042654674500226974,0.039110466837882996,1.0906203985214233,1.0906203985214233,127,30
1736,11509,base_enriched,max,-1.8281574249267578,1.678209662437439,-1.0893498659133911,1.0893498659133911,207,30
1737,13449,base_enriched,max,-1.1889138221740723,1.0917927026748657,-1.0889556407928467,1.0889556407928467,260,30
1738,879,base_enriched,max,-1.0243033170700073,0.9411265254020691,-1.088379979133606,1.088379979133606,229,30
1739,8094,base_enriched,max,-1.063711404800415,0.9775502681732178,-1.0881398916244507,1.0881398916244507,234,30
1740,3442,base_enriched,active_fraction,-0.005605792626738548,0.0051559810526669025,-1.0872406959533691,1.0872406959533691,274,30
1741,7573,specialized_enriched,active_fraction,0.005790256429463625,0.005327009130269289,1.0869619846343994,1.0869619846343994,153,30
1742,9571,specialized_enriched,mean,0.07997871190309525,0.073729008436203,1.084765911102295,1.084765911102295,276,30
1743,1419,base_enriched,active_fraction,-0.012154348194599152,0.011206850409507751,-1.0845463275909424,1.0845463275909424,274,30
1744,13722,specialized_enriched,active_fraction,0.007060633506625891,0.006510562729090452,1.0844889879226685,1.0844889879226685,93,30
1745,594,specialized_enriched,mean,0.05046546831727028,0.04653822258114815,1.0843875408172607,1.0843875408172607,124,30
1746,14237,base_enriched,active_fraction,-0.0035813713911920786,0.003303359728306532,-1.084160327911377,1.084160327911377,81,30
1747,1687,base_enriched,active_fraction,-0.010169660672545433,0.009380621835589409,-1.0841137170791626,1.0841137170791626,219,30
1748,14302,base_enriched,active_fraction,-0.0047479658387601376,0.004381977487355471,-1.0835212469100952,1.0835212469100952,139,30
1749,11617,base_enriched,active_fraction,-0.009184837341308594,0.008477723225951195,-1.0834084749221802,1.0834084749221802,259,30
1750,11277,base_enriched,mean,-0.04389961063861847,0.040530867874622345,-1.0831154584884644,1.0831154584884644,259,30
1751,14456,base_enriched,max,-1.8124380111694336,1.6759315729141235,-1.0814510583877563,1.0814510583877563,261,30
1752,13270,base_enriched,max,-1.0302749872207642,0.9529678821563721,-1.0811225175857544,1.0811225175857544,102,30
1753,14460,base_enriched,active_fraction,-0.0304061621427536,0.028127092868089676,-1.0810275077819824,1.0810275077819824,290,30
1754,13637,specialized_enriched,active_fraction,0.004979333374649286,0.004609593655914068,1.0802109241485596,1.0802109241485596,173,30
1755,1369,base_enriched,max,-1.2348644733428955,1.1434471607208252,-1.079948902130127,1.079948902130127,250,30
1756,4395,specialized_enriched,active_fraction,0.0052875857800245285,0.004907062742859125,1.0775460004806519,1.0775460004806519,52,30
1757,384,specialized_enriched,active_fraction,0.009141791611909866,0.008487392216920853,1.077102541923523,1.077102541923523,115,30
1758,2277,base_enriched,max,-2.4231603145599365,2.249751091003418,-1.0770792961120605,1.0770792961120605,176,30
1759,7545,specialized_enriched,max,0.8380190134048462,0.7782232165336609,1.076836347579956,1.076836347579956,51,30
1760,13408,base_enriched,active_fraction,-0.023024922236800194,0.021385347470641136,-1.0766681432724,1.0766681432724,278,30
1761,2002,base_enriched,max,-1.5592472553253174,1.4488797187805176,-1.0761743783950806,1.0761743783950806,154,30
1762,8539,base_enriched,active_fraction,-0.018399463966488838,0.017122063785791397,-1.0746054649353027,1.0746054649353027,195,30
1763,3513,base_enriched,max,-1.1499289274215698,1.0717206001281738,-1.0729745626449585,1.0729745626449585,127,30
1764,3878,base_enriched,max,-0.7610958814620972,0.7094434499740601,-1.07280695438385,1.07280695438385,171,30
1765,9849,base_enriched,max,-1.304672122001648,1.2162284851074219,-1.0727195739746094,1.0727195739746094,277,30
1766,2396,specialized_enriched,active_fraction,0.002635690849274397,0.0024570939131081104,1.0726861953735352,1.0726861953735352,114,30
1767,7416,base_enriched,active_fraction,-0.006456383038312197,0.006019049324095249,-1.0726583003997803,1.0726583003997803,186,30
1768,5733,specialized_enriched,max,1.3730409145355225,1.280307650566101,1.0724304914474487,1.0724304914474487,240,30
1769,11406,specialized_enriched,active_fraction,0.001328229089267552,0.0012389300391077995,1.0720775127410889,1.0720775127410889,31,30
1770,11568,base_enriched,max,-1.0354549884796143,0.9660226702690125,-1.0718743801116943,1.0718743801116943,137,30
1771,2657,base_enriched,mean,-0.0664021223783493,0.0619642399251461,-1.0716201066970825,1.0716201066970825,220,30
1772,7820,specialized_enriched,active_fraction,0.005007155239582062,0.004672511946409941,1.0716195106506348,1.0716195106506348,190,30
1773,13502,specialized_enriched,active_fraction,0.014958193525671959,0.013958967290818691,1.0715831518173218,1.0715831518173218,208,30
1774,9065,specialized_enriched,active_fraction,0.01335756853222847,0.012469680979847908,1.0712037086486816,1.0712037086486816,223,30
1775,8364,specialized_enriched,mean,0.039704423397779465,0.037109412252902985,1.0699286460876465,1.0699286460876465,155,30
1776,7860,base_enriched,max,-1.6139910221099854,1.5094319581985474,-1.0692704916000366,1.0692704916000366,279,30
1777,12797,specialized_enriched,active_fraction,0.015253321267664433,0.014281519688665867,1.0680460929870605,1.0680460929870605,290,30
1778,16167,specialized_enriched,mean,0.044334229081869125,0.04151897504925728,1.0678064823150635,1.0678064823150635,247,30
1779,5207,base_enriched,max,-1.588575005531311,1.4881243705749512,-1.0675015449523926,1.0675015449523926,251,30
1780,9098,base_enriched,max,-2.253662347793579,2.111943244934082,-1.067103624343872,1.067103624343872,259,30
1781,5108,specialized_enriched,mean,0.06351159512996674,0.05951899290084839,1.067081093788147,1.067081093788147,170,30
1782,5595,specialized_enriched,active_fraction,0.027605244889855385,0.025879502296447754,1.0666837692260742,1.0666837692260742,143,30
1783,8131,specialized_enriched,mean,0.0413629487156868,0.03881401941180229,1.065670371055603,1.065670371055603,279,30
1784,4182,specialized_enriched,mean,0.05419442057609558,0.05086658522486687,1.065422773361206,1.065422773361206,281,30
1785,13948,base_enriched,active_fraction,-0.01346078421920538,0.012637711130082607,-1.0651283264160156,1.0651283264160156,236,30
1786,10407,base_enriched,max,-1.1629011631011963,1.092574119567871,-1.0643682479858398,1.0643682479858398,284,30
1787,11709,base_enriched,mean,-0.049228742718696594,0.046266257762908936,-1.0640312433242798,1.0640312433242798,65,30
1788,5979,base_enriched,active_fraction,-0.008996779099106789,0.008456889539957047,-1.0638401508331299,1.0638401508331299,184,30
1789,6141,base_enriched,active_fraction,-0.004224908538162708,0.0039724260568618774,-1.06355881690979,1.06355881690979,89,30
1790,6607,base_enriched,max,-0.5822813510894775,0.5478653907775879,-1.0628182888031006,1.0628182888031006,132,30
1791,975,base_enriched,max,-0.9714286923408508,0.9142360091209412,-1.0625579357147217,1.0625579357147217,282,30
1792,8109,specialized_enriched,mean,0.04562116786837578,0.042992811650037766,1.0611348152160645,1.0611348152160645,242,30
1793,2203,specialized_enriched,mean,0.05981539562344551,0.0564064085483551,1.0604361295700073,1.0604361295700073,200,30
1794,5756,base_enriched,max,-1.0638647079467773,1.003299355506897,-1.060366153717041,1.060366153717041,142,30
1795,6806,specialized_enriched,max,1.2283363342285156,1.1587488651275635,1.0600539445877075,1.0600539445877075,51,30
1796,11941,base_enriched,max,-1.0326218605041504,0.9749307036399841,-1.059174656867981,1.059174656867981,199,30
1797,15591,base_enriched,max,-1.594430685043335,1.5055049657821655,-1.0590670108795166,1.0590670108795166,232,30
1798,10596,specialized_enriched,mean,0.04169521480798721,0.03943317383527756,1.0573638677597046,1.0573638677597046,194,30
1799,4313,base_enriched,mean,-0.03456912189722061,0.032706670463085175,-1.0569441318511963,1.0569441318511963,227,30
1800,5687,base_enriched,max,-1.5784978866577148,1.4939171075820923,-1.0566167831420898,1.0566167831420898,171,30
1801,12272,specialized_enriched,active_fraction,0.008571434766054153,0.008114594034850597,1.0562986135482788,1.0562986135482788,177,30
1802,7744,base_enriched,active_fraction,-0.016964390873908997,0.016064519062638283,-1.0560160875320435,1.0560160875320435,282,30
1803,4889,specialized_enriched,max,1.3577064275741577,1.2857354879379272,1.0559765100479126,1.0559765100479126,37,30
1804,7696,base_enriched,max,-0.353164404630661,0.3345056474208832,-1.055780053138733,1.055780053138733,91,30
1805,15708,specialized_enriched,active_fraction,0.009251030161976814,0.008762620389461517,1.055737853050232,1.055737853050232,60,30
1806,11783,specialized_enriched,mean,0.04148903489112854,0.03931937366724014,1.0551804304122925,1.0551804304122925,281,30
1807,5993,base_enriched,mean,-0.051409777253866196,0.048725128173828125,-1.0550978183746338,1.0550978183746338,226,30
1808,14800,base_enriched,mean,-0.07262090593576431,0.06883648037910461,-1.0549770593643188,1.0549770593643188,166,30
1809,10217,base_enriched,active_fraction,-0.004735231399536133,0.004488544538617134,-1.0549591779708862,1.0549591779708862,238,30
1810,4334,base_enriched,mean,-0.10999016463756561,0.10432102531194687,-1.0543432235717773,1.0543432235717773,248,30
1811,11094,specialized_enriched,max,0.16938552260398865,0.160915344953537,1.0526374578475952,1.0526374578475952,65,30
1812,14778,base_enriched,max,-1.1033614873886108,1.048295259475708,-1.0525293350219727,1.0525293350219727,106,30
1813,2471,base_enriched,max,-0.6365857720375061,0.6052008867263794,-1.05185866355896,1.05185866355896,212,30
1814,2020,base_enriched,active_fraction,-0.012595197185873985,0.011979760602116585,-1.05137300491333,1.05137300491333,279,30
1815,2910,base_enriched,max,-1.3168597221374512,1.2535277605056763,-1.0505229234695435,1.0505229234695435,151,30
1816,177,base_enriched,mean,-0.0779692754149437,0.07431956380605698,-1.0491083860397339,1.0491083860397339,124,30
1817,2248,base_enriched,max,-1.9908632040023804,1.901063084602356,-1.0472368001937866,1.0472368001937866,82,30
1818,4502,specialized_enriched,mean,0.041902389377355576,0.040018480271101,1.0470759868621826,1.0470759868621826,250,30
1819,7749,base_enriched,active_fraction,-0.0025746324099600315,0.0024593418929725885,-1.0468785762786865,1.0468785762786865,78,30
1820,14104,base_enriched,mean,-0.04316236823797226,0.041255462914705276,-1.0462218523025513,1.0462218523025513,216,30
1821,9142,base_enriched,max,-1.123037576675415,1.0741292238235474,-1.0455330610275269,1.0455330610275269,201,30
1822,3069,base_enriched,max,-0.5742487907409668,0.5498075485229492,-1.0444542169570923,1.0444542169570923,237,30
1823,13978,base_enriched,max,-1.8927615880966187,1.8128077983856201,-1.0441049337387085,1.0441049337387085,271,30
1824,4765,base_enriched,max,-1.3730884790420532,1.3156625032424927,-1.0436480045318604,1.0436480045318604,93,30
1825,3750,specialized_enriched,max,0.3365767300128937,0.32269683480262756,1.0430121421813965,1.0430121421813965,41,30
1826,12763,specialized_enriched,active_fraction,0.007731607183814049,0.007413198705762625,1.0429515838623047,1.0429515838623047,187,30
1827,5643,base_enriched,max,-1.1290796995162964,1.0832433700561523,-1.0423139333724976,1.0423139333724976,290,30
1828,7201,base_enriched,mean,-0.03103913739323616,0.029808683320879936,-1.04127836227417,1.04127836227417,99,30
1829,945,base_enriched,max,-0.5054847002029419,0.48580217361450195,-1.0405155420303345,1.0405155420303345,146,30
1830,11992,base_enriched,active_fraction,-0.02103862538933754,0.020232636481523514,-1.039836049079895,1.039836049079895,278,30
1831,11435,specialized_enriched,mean,0.06978831440210342,0.06711912155151367,1.0397679805755615,1.0397679805755615,254,30
1832,15831,specialized_enriched,mean,0.08126214146614075,0.07817144691944122,1.0395374298095703,1.0395374298095703,288,30
1833,10250,specialized_enriched,max,1.7337782382965088,1.6696196794509888,1.0384269952774048,1.0384269952774048,242,30
1834,6920,base_enriched,max,-2.346560001373291,2.2600812911987305,-1.0382635593414307,1.0382635593414307,189,30
1835,4849,base_enriched,mean,-0.09100422263145447,0.08766482025384903,-1.038092851638794,1.038092851638794,201,30
1836,6551,specialized_enriched,mean,0.03487924858927727,0.033634819090366364,1.0369982719421387,1.0369982719421387,277,30
1837,8013,specialized_enriched,active_fraction,0.012555948458611965,0.012122430838644505,1.0357615947723389,1.0357615947723389,123,30
1838,4375,base_enriched,mean,-0.04565601423382759,0.044118087738752365,-1.034859299659729,1.034859299659729,217,30
1839,14333,specialized_enriched,active_fraction,0.01007646881043911,0.009738611988723278,1.0346925258636475,1.0346925258636475,74,30
1840,8717,base_enriched,max,-1.6409631967544556,1.586302638053894,-1.034457802772522,1.034457802772522,114,30
1841,11252,base_enriched,max,-0.8510109186172485,0.8237897157669067,-1.0330438613891602,1.0330438613891602,273,30
1842,14928,base_enriched,max,-1.6474851369857788,1.5948402881622314,-1.0330095291137695,1.0330095291137695,265,30
1843,7303,specialized_enriched,max,0.5953031778335571,0.5765668749809265,1.0324963331222534,1.0324963331222534,94,30
1844,414,base_enriched,active_fraction,-0.005227124784141779,0.00506338058039546,-1.0323388576507568,1.0323388576507568,232,30
1845,10572,base_enriched,max,-0.5593119263648987,0.5418886542320251,-1.0321528911590576,1.0321528911590576,131,30
1846,3044,specialized_enriched,max,1.741086483001709,1.6881940364837646,1.0313308238983154,1.0313308238983154,243,30
1847,6204,specialized_enriched,max,1.186307430267334,1.150356411933899,1.0312520265579224,1.0312520265579224,139,30
1848,16120,base_enriched,active_fraction,-0.002008402021601796,0.0019490226404741406,-1.0304661989212036,1.0304661989212036,83,30
1849,1357,specialized_enriched,mean,0.006814260501414537,0.006616212427616119,1.0299338102340698,1.0299338102340698,87,30
1850,1362,specialized_enriched,max,2.6618032455444336,2.584505558013916,1.0299080610275269,1.0299080610275269,143,30
1851,2292,specialized_enriched,active_fraction,0.01468910276889801,0.014272043481469154,1.0292221307754517,1.0292221307754517,273,30
1852,15722,base_enriched,max,-0.599234938621521,0.5837590098381042,-1.0265108346939087,1.0265108346939087,143,30
1853,9162,specialized_enriched,max,0.5261653065681458,0.5131728649139404,1.025317907333374,1.025317907333374,93,30
1854,10773,base_enriched,max,-1.2445006370544434,1.2145873308181763,-1.0246284008026123,1.0246284008026123,136,30
1855,11690,base_enriched,max,-0.7472233176231384,0.729407787322998,-1.02442467212677,1.02442467212677,197,30
1856,2622,base_enriched,max,-0.7446984648704529,0.7275640368461609,-1.0235503911972046,1.0235503911972046,290,30
1857,6097,base_enriched,max,-0.44477736949920654,0.4347168803215027,-1.0231425762176514,1.0231425762176514,161,30
1858,1769,base_enriched,active_fraction,-0.006048385053873062,0.005915261805057526,-1.0225050449371338,1.0225050449371338,167,30
1859,11264,specialized_enriched,active_fraction,0.006460221484303474,0.006319194566458464,1.0223171710968018,1.0223171710968018,285,30
1860,4835,base_enriched,active_fraction,-0.015574853867292404,0.015237141400575638,-1.02216374874115,1.02216374874115,213,30
1861,11260,base_enriched,mean,-0.04153609275817871,0.04067341238260269,-1.021209955215454,1.021209955215454,223,30
1862,13003,base_enriched,active_fraction,-0.009337044321000576,0.00914681050926447,-1.020797848701477,1.020797848701477,238,30
1863,6339,base_enriched,max,-1.0807232856750488,1.0590296983718872,-1.020484447479248,1.020484447479248,140,30
1864,15224,specialized_enriched,active_fraction,0.006117355078458786,0.005999721586704254,1.0196064710617065,1.0196064710617065,100,30
1865,11128,base_enriched,mean,-0.03336944803595543,0.03273092955350876,-1.0195081233978271,1.0195081233978271,268,30
1866,13271,base_enriched,max,-1.9763418436050415,1.9387009143829346,-1.0194154977798462,1.0194154977798462,284,30
1867,5459,base_enriched,max,-1.2943730354309082,1.2704576253890991,-1.0188242197036743,1.0188242197036743,210,30
1868,10257,base_enriched,active_fraction,-0.013275494799017906,0.013030651025474072,-1.0187898874282837,1.0187898874282837,235,30
1869,2085,base_enriched,max,-1.981834888458252,1.9467244148254395,-1.018035650253296,1.018035650253296,125,30
1870,14273,specialized_enriched,max,0.31260359287261963,0.3071507513523102,1.017753005027771,1.017753005027771,111,30
1871,8308,base_enriched,max,-1.1137346029281616,1.0960336923599243,-1.0161499977111816,1.0161499977111816,120,30
1872,2144,specialized_enriched,active_fraction,0.0034295599907636642,0.0033777724020183086,1.0153318643569946,1.0153318643569946,148,30
1873,10110,specialized_enriched,active_fraction,0.0015659702476114035,0.001542379381135106,1.015295147895813,1.015295147895813,53,30
1874,7799,base_enriched,active_fraction,-0.009467557072639465,0.00932540837675333,-1.0152431726455688,1.0152431726455688,112,30
1875,11306,specialized_enriched,active_fraction,0.031908709555864334,0.031430263072252274,1.015222430229187,1.015222430229187,225,30
1876,10828,base_enriched,max,-1.3368711471557617,1.3175042867660522,-1.0146996974945068,1.0146996974945068,278,30
1877,4990,base_enriched,max,-0.8940391540527344,0.882556676864624,-1.0130105018615723,1.0130105018615723,288,30
1878,279,specialized_enriched,active_fraction,0.011660149320960045,0.011511771939694881,1.0128891468048096,1.0128891468048096,166,30
1879,1638,specialized_enriched,active_fraction,0.006506585516035557,0.006424747407436371,1.0127379894256592,1.0127379894256592,92,30
1880,4618,base_enriched,active_fraction,-0.009326181374490261,0.009226210415363312,-1.0108355283737183,1.0108355283737183,176,30
1881,577,base_enriched,max,-0.9445549249649048,0.9345982670783997,-1.0106533765792847,1.0106533765792847,280,30
1882,15828,base_enriched,max,-1.1873291730880737,1.174957513809204,-1.0105293989181519,1.0105293989181519,103,30
1883,1956,base_enriched,active_fraction,-0.013085107319056988,0.012953090481460094,-1.0101919174194336,1.0101919174194336,179,30
1884,10082,specialized_enriched,max,0.9749650955200195,0.9670279026031494,1.0082077980041504,1.0082077980041504,282,30
1885,8295,base_enriched,active_fraction,-0.016541391611099243,0.016439134255051613,-1.0062203407287598,1.0062203407287598,241,30
1886,2870,specialized_enriched,active_fraction,0.005455107428133488,0.0054252916015684605,1.0054956674575806,1.0054956674575806,107,30
1887,496,specialized_enriched,active_fraction,0.006857267580926418,0.006821929942816496,1.00518000125885,1.00518000125885,195,30
1888,13742,specialized_enriched,max,1.885818362236023,1.877720594406128,1.004312515258789,1.004312515258789,174,30
1889,12325,base_enriched,max,-1.0952937602996826,1.0918195247650146,-1.003182053565979,1.003182053565979,211,30
1890,7579,base_enriched,mean,-0.05618462711572647,0.05600742995738983,-1.0031638145446777,1.0031638145446777,145,30
1891,16047,base_enriched,active_fraction,-0.008147766813635826,0.008127336390316486,-1.0025137662887573,1.0025137662887573,271,30
1892,14837,specialized_enriched,max,1.752540946006775,1.749016523361206,1.0020151138305664,1.0020151138305664,230,30
1893,700,specialized_enriched,active_fraction,0.0038046238478273153,0.0037973695434629917,1.0019103288650513,1.0019103288650513,55,30
1894,10886,base_enriched,active_fraction,-0.009503897279500961,0.009489696472883224,-1.001496434211731,1.001496434211731,244,30
1895,6207,specialized_enriched,active_fraction,0.00558265158906579,0.005579927936196327,1.0004881620407104,1.0004881620407104,151,30
1896,1229,base_enriched,max,-0.9686168432235718,0.970375120639801,-0.9981880187988281,0.9981880187988281,264,30
1897,13389,specialized_enriched,active_fraction,0.007034203968942165,0.007051081862300634,0.9976063370704651,0.9976063370704651,191,30
1898,12071,base_enriched,max,-1.1533467769622803,1.1569124460220337,-0.9969179630279541,0.9969179630279541,277,30
1899,9607,specialized_enriched,active_fraction,0.015571992844343185,0.015638571232557297,0.995742678642273,0.995742678642273,262,30
1900,2619,base_enriched,active_fraction,-0.002745375968515873,0.0027583553455770016,-0.9952945113182068,0.9952945113182068,96,30
1901,4471,base_enriched,max,-0.8935415744781494,0.8979732394218445,-0.9950647950172424,0.9950647950172424,226,30
1902,14902,specialized_enriched,mean,0.08146050572395325,0.08190438896417618,0.9945804476737976,0.9945804476737976,128,30
1903,12458,base_enriched,max,-0.7726325392723083,0.7770532965660095,-0.9943108558654785,0.9943108558654785,121,30
1904,7941,specialized_enriched,active_fraction,0.007568288594484329,0.00761262234300375,0.9941762685775757,0.9941762685775757,240,30
1905,6947,base_enriched,mean,-0.1364029198884964,0.1374271959066391,-0.992546796798706,0.992546796798706,261,30
1906,15361,base_enriched,active_fraction,-0.006083975080400705,0.006130449939519167,-0.9924190044403076,0.9924190044403076,251,30
1907,4554,specialized_enriched,active_fraction,0.012383398599922657,0.012481159530580044,0.9921672940254211,0.9921672940254211,204,30
1908,10214,base_enriched,active_fraction,-0.012280864641070366,0.012382806278765202,-0.9917674660682678,0.9917674660682678,198,30
1909,2445,specialized_enriched,max,2.052959442138672,2.0708041191101074,0.9913827180862427,0.9913827180862427,138,30
1910,2141,base_enriched,active_fraction,-0.007640170399099588,0.0077065955847501755,-0.9913807511329651,0.9913807511329651,168,30
1911,14980,base_enriched,max,-2.51241135597229,2.535168170928955,-0.9910235404968262,0.9910235404968262,194,30
1912,13955,specialized_enriched,mean,0.10509662330150604,0.10606630146503448,0.9908578395843506,0.9908578395843506,117,30
1913,14659,specialized_enriched,active_fraction,0.008524552918970585,0.008603885769844055,0.9907793998718262,0.9907793998718262,234,30
1914,12695,specialized_enriched,max,0.3217966556549072,0.32487618923187256,0.9905208945274353,0.9905208945274353,73,30
1915,14913,specialized_enriched,active_fraction,0.002455725334584713,0.00247934740036726,0.9904724955558777,0.9904724955558777,104,30
1916,2429,base_enriched,max,-1.3829293251037598,1.3965944051742554,-0.9902154207229614,0.9902154207229614,150,30
1917,6236,specialized_enriched,active_fraction,0.02242882363498211,0.022655777633190155,0.9899824857711792,0.9899824857711792,134,30
1918,15423,base_enriched,max,-1.3232619762420654,1.337058424949646,-0.9896814823150635,0.9896814823150635,218,30
1919,12520,base_enriched,active_fraction,-0.005892571527510881,0.0059570991434156895,-0.9891679286956787,0.9891679286956787,184,30
1920,2992,specialized_enriched,active_fraction,0.0066414205357432365,0.006717965472489595,0.9886059165000916,0.9886059165000916,67,30
1921,2109,specialized_enriched,max,1.7420490980148315,1.7629659175872803,0.9881354570388794,0.9881354570388794,89,30
1922,3225,base_enriched,active_fraction,-0.01382789108902216,0.014012770727276802,-0.986806333065033,0.986806333065033,266,30
1923,4060,specialized_enriched,max,0.6392581462860107,0.6487742066383362,0.9853322505950928,0.9853322505950928,135,30
1924,11119,specialized_enriched,active_fraction,0.013293063268065453,0.013492407277226448,0.9852254390716553,0.9852254390716553,286,30
1925,4490,base_enriched,mean,-0.039261799305677414,0.03985629603266716,-0.9850839972496033,0.9850839972496033,259,30
1926,7692,base_enriched,max,-1.5282315015792847,1.5514256954193115,-0.9850497841835022,0.9850497841835022,263,30
1927,6230,base_enriched,mean,-0.032025787979364395,0.03252736106514931,-0.9845799803733826,0.9845799803733826,117,30
1928,13617,specialized_enriched,active_fraction,0.011863595806062222,0.012059034779667854,0.9837931394577026,0.9837931394577026,175,30
1929,2046,base_enriched,max,-0.675279974937439,0.6874179840087891,-0.9823426008224487,0.9823426008224487,242,30
1930,7542,base_enriched,max,-1.0430752038955688,1.0620514154434204,-0.9821324944496155,0.9821324944496155,89,30
1931,12210,base_enriched,max,-0.8124029636383057,0.8274377584457397,-0.9818297028541565,0.9818297028541565,165,30
1932,4159,base_enriched,max,-1.0995129346847534,1.1204181909561157,-0.981341540813446,0.981341540813446,281,30
1933,12598,base_enriched,active_fraction,-0.011180315166711807,0.011393495835363865,-0.981289267539978,0.981289267539978,191,30
1934,1084,base_enriched,max,-1.6358622312545776,1.6670966148376465,-0.9812641739845276,0.9812641739845276,218,30
1935,7233,specialized_enriched,mean,0.06436716020107269,0.06559660285711288,0.9812574982643127,0.9812574982643127,183,30
1936,7181,specialized_enriched,max,1.6272135972976685,1.6586908102035522,0.981022834777832,0.981022834777832,130,30
1937,1537,specialized_enriched,mean,0.023996878415346146,0.024468662217259407,0.9807188510894775,0.9807188510894775,146,30
1938,7781,specialized_enriched,mean,0.06377091258764267,0.06503541022539139,0.9805567860603333,0.9805567860603333,178,30
1939,11380,base_enriched,mean,-0.024600476026535034,0.025106482207775116,-0.9798455834388733,0.9798455834388733,173,30
1940,495,base_enriched,max,-0.9235035181045532,0.9426813125610352,-0.9796561002731323,0.9796561002731323,158,30
1941,14307,base_enriched,max,-2.103339433670044,2.14715313911438,-0.9795945286750793,0.9795945286750793,134,30
1942,7080,specialized_enriched,mean,0.09857520461082458,0.10064227879047394,0.9794611930847168,0.9794611930847168,284,30
1943,14884,specialized_enriched,active_fraction,0.008415823802351952,0.008594448678195477,0.9792162775993347,0.9792162775993347,127,30
1944,1613,specialized_enriched,mean,0.04365004226565361,0.0445929653942585,0.9788548946380615,0.9788548946380615,227,30
1945,11928,specialized_enriched,max,0.9423723220825195,0.9629100561141968,0.9786711931228638,0.9786711931228638,143,30
1946,3777,specialized_enriched,active_fraction,0.0022967965342104435,0.0023473729379475117,0.978454053401947,0.978454053401947,88,30
1947,1108,specialized_enriched,max,1.3137035369873047,1.3427495956420898,0.9783682227134705,0.9783682227134705,188,30
1948,9456,specialized_enriched,active_fraction,0.012306412681937218,0.012579752132296562,0.978271484375,0.978271484375,150,30
1949,4741,specialized_enriched,max,1.965771198272705,2.0095396041870117,0.9782196879386902,0.9782196879386902,40,30
1950,5578,specialized_enriched,mean,0.07863350957632065,0.08040738105773926,0.9779389500617981,0.9779389500617981,272,30
1951,7274,base_enriched,active_fraction,-0.006887473165988922,0.007045298349112272,-0.9775984883308411,0.9775984883308411,191,30
1952,5351,specialized_enriched,max,0.24079129099845886,0.24664492905139923,0.9762669205665588,0.9762669205665588,31,30
1953,9728,specialized_enriched,max,1.5920639038085938,1.630843162536621,0.9762213230133057,0.9762213230133057,210,30
1954,13545,specialized_enriched,mean,0.0623122937977314,0.06383760273456573,0.9761064052581787,0.9761064052581787,177,30
1955,7232,base_enriched,mean,-0.06978200376033783,0.07152006775140762,-0.9756982326507568,0.9756982326507568,219,30
1956,16081,base_enriched,active_fraction,-0.003816894255578518,0.003913575317710638,-0.9752959609031677,0.9752959609031677,156,30
1957,442,base_enriched,mean,-0.06323195993900299,0.06486683338880539,-0.97479647397995,0.97479647397995,208,30
1958,13752,base_enriched,mean,-0.022651931270956993,0.02324366196990013,-0.9745422601699829,0.9745422601699829,161,30
1959,13194,base_enriched,mean,-0.09028299152851105,0.09264872968196869,-0.9744654893875122,0.9744654893875122,137,30
1960,10088,base_enriched,max,-1.6909816265106201,1.7356419563293457,-0.9742686748504639,0.9742686748504639,257,30
1961,15380,specialized_enriched,max,1.302856683731079,1.3376004695892334,0.974025309085846,0.974025309085846,115,30
1962,121,specialized_enriched,mean,0.06628043949604034,0.06807374209165573,0.9736564755439758,0.9736564755439758,274,30
1963,1373,specialized_enriched,max,0.4668285548686981,0.4796062707901001,0.9733579158782959,0.9733579158782959,290,30
1964,10623,base_enriched,active_fraction,-0.014589869417250156,0.015003841370344162,-0.9724089503288269,0.9724089503288269,229,30
1965,12544,base_enriched,max,-1.8381450176239014,1.8916178941726685,-0.9717316627502441,0.9717316627502441,199,30
1966,12083,specialized_enriched,mean,0.03380449488759041,0.03479830175638199,0.9714409112930298,0.9714409112930298,147,30
1967,5105,base_enriched,mean,-0.07243110984563828,0.07458093762397766,-0.9711745381355286,0.9711745381355286,163,30
1968,10980,base_enriched,active_fraction,-0.004089205991476774,0.004211614839732647,-0.9709354043006897,0.9709354043006897,251,30
1969,409,specialized_enriched,max,1.305429220199585,1.3453235626220703,0.9703459143638611,0.9703459143638611,66,30
1970,16203,base_enriched,active_fraction,-0.016856741160154343,0.017372146248817444,-0.9703315496444702,0.9703315496444702,258,30
1971,1833,base_enriched,active_fraction,-0.010042345151305199,0.010352307930588722,-0.9700585603713989,0.9700585603713989,189,30
1972,14730,specialized_enriched,mean,0.06906139850616455,0.07126375287771225,0.9690957069396973,0.9690957069396973,266,30
1973,8616,base_enriched,active_fraction,-0.00353506812825799,0.003650845494121313,-0.9682875275611877,0.9682875275611877,233,30
1974,6300,base_enriched,active_fraction,-0.011370491236448288,0.011744094081223011,-0.9681880474090576,0.9681880474090576,236,30
1975,3713,specialized_enriched,active_fraction,0.002970169298350811,0.0030684713274240494,0.9679638147354126,0.9679638147354126,103,30
1976,6285,base_enriched,max,-0.9326815009117126,0.9640247821807861,-0.9674870371818542,0.9674870371818542,285,30
1977,784,base_enriched,max,-1.4539157152175903,1.5031973123550415,-0.9672154784202576,0.9672154784202576,194,30
1978,12682,specialized_enriched,mean,0.0405706986784935,0.041946910321712494,0.9671915769577026,0.9671915769577026,271,30
1979,12118,specialized_enriched,max,0.7135831117630005,0.7378324866294861,0.9671342968940735,0.9671342968940735,157,30
1980,12201,specialized_enriched,active_fraction,0.0025227207224816084,0.0026090294122695923,0.9669192433357239,0.9669192433357239,88,30
1981,8301,base_enriched,mean,-0.06452512741088867,0.06674781441688538,-0.9667002558708191,0.9667002558708191,218,30
1982,9272,base_enriched,max,-0.4422159492969513,0.4576537311077118,-0.9662675261497498,0.9662675261497498,137,30
1983,7191,specialized_enriched,max,0.8751692771911621,0.905980110168457,0.965991735458374,0.965991735458374,104,30
1984,3235,base_enriched,max,-0.9903573393821716,1.0253552198410034,-0.9658675789833069,0.9658675789833069,220,30
1985,15528,specialized_enriched,mean,0.05829239264130592,0.06036003306508064,0.9657448530197144,0.9657448530197144,231,30
1986,1094,specialized_enriched,max,1.864439606666565,1.9317506551742554,0.9651554226875305,0.9651554226875305,184,30
1987,11896,base_enriched,mean,-0.026801085099577904,0.02777113951742649,-0.9650697112083435,0.9650697112083435,173,30
1988,9027,base_enriched,max,-2.1527464389801025,2.237725019454956,-0.9620245695114136,0.9620245695114136,110,30
1989,2204,base_enriched,max,-0.4745684266090393,0.4936242699623108,-0.9613960385322571,0.9613960385322571,99,30
1990,4113,base_enriched,max,-0.8870276212692261,0.9230415225028992,-0.9609834551811218,0.9609834551811218,185,30
1991,12794,base_enriched,mean,-0.04551958665251732,0.04739575833082199,-0.9604147672653198,0.9604147672653198,211,30
1992,2156,specialized_enriched,active_fraction,0.012155304662883282,0.012660729698836803,0.9600793123245239,0.9600793123245239,115,30
1993,6405,base_enriched,max,-0.42956238985061646,0.4477943480014801,-0.9592849612236023,0.9592849612236023,168,30
1994,13414,specialized_enriched,max,1.4406468868255615,1.5032339096069336,0.9583650827407837,0.9583650827407837,150,30
1995,12501,specialized_enriched,max,0.6487706303596497,0.6779641509056091,0.9569394588470459,0.9569394588470459,63,30
1996,206,base_enriched,max,-0.34604448080062866,0.36200764775276184,-0.9559037685394287,0.9559037685394287,156,30
1997,10247,specialized_enriched,max,2.648864507675171,2.772754669189453,0.9553187489509583,0.9553187489509583,150,30
1998,12109,specialized_enriched,active_fraction,0.006647012196481228,0.006958130747079849,0.9552870392799377,0.9552870392799377,153,30
1999,10068,base_enriched,active_fraction,-0.0040024337358772755,0.004195455461740494,-0.9539926648139954,0.9539926648139954,146,30
2000,10780,base_enriched,active_fraction,-0.007763586938381195,0.008138376288115978,-0.953947901725769,0.953947901725769,263,30
2001,15031,base_enriched,active_fraction,-0.008510432206094265,0.008922412991523743,-0.9538263082504272,0.9538263082504272,230,30
2002,13565,base_enriched,active_fraction,-0.003335930174216628,0.0034981153439730406,-0.9536364078521729,0.9536364078521729,92,30
2003,15874,base_enriched,max,-0.6222813129425049,0.6529225707054138,-0.9530705809593201,0.9530705809593201,63,30
2004,9560,base_enriched,mean,-0.0973500981926918,0.1021442860364914,-0.9530645608901978,0.9530645608901978,199,30
2005,5966,base_enriched,max,-0.5288304686546326,0.5549330115318298,-0.9529626965522766,0.9529626965522766,174,30
2006,3769,specialized_enriched,max,0.7872065305709839,0.8264642357826233,0.9524992108345032,0.9524992108345032,120,30
2007,7950,specialized_enriched,max,0.8666912913322449,0.9105291366577148,0.9518545269966125,0.9518545269966125,38,30
2008,5047,base_enriched,active_fraction,-0.02342233434319496,0.0246258657425642,-0.9511273503303528,0.9511273503303528,290,30
2009,7496,specialized_enriched,active_fraction,0.002571765100583434,0.002704656682908535,0.950865626335144,0.950865626335144,126,30
2010,1899,specialized_enriched,mean,0.05230710282921791,0.055039674043655396,0.9503527283668518,0.9503527283668518,280,30
2011,5714,base_enriched,max,-0.9679749011993408,1.0201350450515747,-0.9488693475723267,0.9488693475723267,242,30
2012,8369,base_enriched,max,-1.8089946508407593,1.9069360494613647,-0.9486393928527832,0.9486393928527832,178,30
2013,7241,base_enriched,max,-1.2561014890670776,1.3244818449020386,-0.9483720064163208,0.9483720064163208,287,30
2014,9788,base_enriched,mean,-0.030288787558674812,0.03197047859430313,-0.9473986029624939,0.9473986029624939,168,30
2015,1981,base_enriched,mean,-0.052570708096027374,0.05557951331138611,-0.9458648562431335,0.9458648562431335,163,30
2016,7934,base_enriched,active_fraction,-0.004533780738711357,0.004793465603142977,-0.9458252191543579,0.9458252191543579,247,30
2017,807,base_enriched,active_fraction,-0.006151075474917889,0.006503397133201361,-0.9458249807357788,0.9458249807357788,269,30
2018,4877,specialized_enriched,active_fraction,0.0038502991665154696,0.004076073877513409,0.9446097612380981,0.9446097612380981,179,30
2019,12419,specialized_enriched,active_fraction,0.028199445456266403,0.029889799654483795,0.9434471130371094,0.9434471130371094,35,30
2020,9934,base_enriched,max,-0.906043529510498,0.9604606032371521,-0.9433427453041077,0.9433427453041077,160,30
2021,2381,specialized_enriched,mean,0.04811176657676697,0.05101753771305084,0.9430437088012695,0.9430437088012695,206,30
2022,10549,specialized_enriched,active_fraction,0.015804842114448547,0.016759563237428665,0.9430342316627502,0.9430342316627502,274,30
2023,1546,base_enriched,mean,-0.010024121031165123,0.010633531957864761,-0.9426897168159485,0.9426897168159485,98,30
2024,3079,specialized_enriched,mean,0.04708598554134369,0.0499575100839138,0.9425206780433655,0.9425206780433655,245,30
2025,13614,specialized_enriched,active_fraction,0.006827750243246555,0.007248444017022848,0.9419608116149902,0.9419608116149902,285,30
2026,3463,base_enriched,active_fraction,-0.003398451954126358,0.0036079431883990765,-0.9419360756874084,0.9419360756874084,63,30
2027,8631,specialized_enriched,active_fraction,0.01641189679503441,0.017433596774935722,0.9413947463035583,0.9413947463035583,206,30
2028,10029,base_enriched,active_fraction,-0.005631022620946169,0.005988124292343855,-0.9403650164604187,0.9403650164604187,238,30
2029,11318,base_enriched,active_fraction,-0.008443393744528294,0.008988344110548496,-0.9393714666366577,0.9393714666366577,285,30
2030,9609,base_enriched,max,-0.9952792525291443,1.0604585409164429,-0.9385367035865784,0.9385367035865784,131,30
2031,12665,base_enriched,max,-0.6330366134643555,0.6745750904083252,-0.9384227395057678,0.9384227395057678,245,30
2032,3996,specialized_enriched,max,0.701514482498169,0.7481422424316406,0.9376752972602844,0.9376752972602844,140,30
2033,6913,base_enriched,max,-1.1474769115447998,1.2238438129425049,-0.9376007914543152,0.9376007914543152,275,30
2034,9901,specialized_enriched,active_fraction,0.006704260595142841,0.007151350378990173,0.9374817609786987,0.9374817609786987,134,30
2035,716,base_enriched,active_fraction,-0.009245753288269043,0.009867685846984386,-0.9369727969169617,0.9369727969169617,277,30
2036,14310,specialized_enriched,active_fraction,0.009240477345883846,0.009872134774923325,0.9360161423683167,0.9360161423683167,241,30
2037,12789,base_enriched,max,-1.8420647382736206,1.9680252075195312,-0.9359965324401855,0.9359965324401855,106,30
2038,3907,specialized_enriched,active_fraction,0.012121319770812988,0.012956813909113407,0.9355170130729675,0.9355170130729675,157,30
2039,15981,specialized_enriched,mean,0.03431126847863197,0.036687497049570084,0.935230553150177,0.935230553150177,288,30
2040,11396,specialized_enriched,active_fraction,0.012117130681872368,0.012961060740053654,0.9348872900009155,0.9348872900009155,286,30
2041,1744,base_enriched,max,-1.2373607158660889,1.323557734489441,-0.9348747730255127,0.9348747730255127,155,30
2042,6307,specialized_enriched,active_fraction,0.0025235533248633146,0.002700319979339838,0.9345386028289795,0.9345386028289795,55,30
2043,13922,specialized_enriched,max,0.7758821249008179,0.8307178616523743,0.933989942073822,0.933989942073822,277,30
2044,7710,base_enriched,max,-0.7797502279281616,0.8351772427558899,-0.9336344003677368,0.9336344003677368,180,30
2045,15470,specialized_enriched,max,0.2221299558877945,0.23793908953666687,0.9335580468177795,0.9335580468177795,40,30
2046,13057,base_enriched,max,-1.5045565366744995,1.6118671894073486,-0.9334246516227722,0.9334246516227722,178,30
2047,4902,base_enriched,max,-1.4594402313232422,1.563922643661499,-0.9331920742988586,0.9331920742988586,202,30
2048,15140,base_enriched,max,-1.328709363937378,1.4238569736480713,-0.9331761598587036,0.9331761598587036,171,30
2049,6751,specialized_enriched,max,0.4200799763202667,0.45066478848457336,0.9321340322494507,0.9321340322494507,51,30
2050,4267,base_enriched,active_fraction,-0.007276108488440514,0.0078072394244372845,-0.931969404220581,0.931969404220581,271,30
2051,6629,base_enriched,mean,-0.06289079040288925,0.0675063207745552,-0.9316281676292419,0.9316281676292419,290,30
2052,8719,base_enriched,active_fraction,-0.008338365703821182,0.008951861411333084,-0.9314672350883484,0.9314672350883484,246,30
2053,11457,specialized_enriched,max,1.852064847946167,1.9885488748550415,0.9313650131225586,0.9313650131225586,113,30
2054,15177,specialized_enriched,active_fraction,0.0029545100405812263,0.0031728195026516914,0.9311938881874084,0.9311938881874084,81,30
2055,4230,specialized_enriched,mean,0.04801597446203232,0.05159009248018265,0.930720865726471,0.930720865726471,96,30
2056,7443,base_enriched,max,-0.9348000884056091,1.0054019689559937,-0.9297774434089661,0.9297774434089661,218,30
2057,9059,base_enriched,mean,-0.03269549086689949,0.03517070785164833,-0.9296227693557739,0.9296227693557739,275,30
2058,8400,base_enriched,max,-1.2999244928359985,1.3986138105392456,-0.9294377565383911,0.9294377565383911,262,30
2059,14817,base_enriched,active_fraction,-0.006778284907341003,0.0072971065528690815,-0.9289003610610962,0.9289003610610962,220,30
2060,10626,specialized_enriched,active_fraction,0.008548615500330925,0.009207715280354023,0.928418755531311,0.928418755531311,58,30
2061,489,base_enriched,max,-0.9071950912475586,0.9773744344711304,-0.9281960725784302,0.9281960725784302,287,30
2062,4205,base_enriched,max,-1.6842564344406128,1.8151801824569702,-0.9278728365898132,0.9278728365898132,89,30
2063,11864,specialized_enriched,active_fraction,0.007820372469723225,0.008432246744632721,0.9274364113807678,0.9274364113807678,204,30
2064,11416,specialized_enriched,max,2.1194252967834473,2.285508871078491,0.9273319244384766,0.9273319244384766,155,30
2065,10040,base_enriched,max,-1.0380966663360596,1.1195441484451294,-0.9272494316101074,0.9272494316101074,282,30
2066,3099,specialized_enriched,max,0.37611261010169983,0.4058772027492523,0.9266660213470459,0.9266660213470459,30,30
2067,4745,base_enriched,max,-0.722486674785614,0.7801821231842041,-0.926048755645752,0.926048755645752,205,30
2068,43,base_enriched,max,-1.5978643894195557,1.72575044631958,-0.9258953928947449,0.9258953928947449,279,30
2069,15642,base_enriched,max,-1.4430769681930542,1.5586880445480347,-0.9258279800415039,0.9258279800415039,200,30
2070,15559,base_enriched,active_fraction,-0.00770051684230566,0.008318792097270489,-0.9256772994995117,0.9256772994995117,273,30
2071,7399,specialized_enriched,active_fraction,0.00699647655710578,0.007560793310403824,0.925362765789032,0.925362765789032,119,30
2072,15641,base_enriched,max,-0.901414155960083,0.9776390790939331,-0.9220316410064697,0.9220316410064697,142,30
2073,11325,specialized_enriched,mean,0.052222855389118195,0.05665956065058708,0.9216954112052917,0.9216954112052917,229,30
2074,10654,base_enriched,max,-0.9633421301841736,1.0452935695648193,-0.9215995669364929,0.9215995669364929,247,30
2075,3999,base_enriched,active_fraction,-0.009217316284775734,0.010006418451666832,-0.9211403727531433,0.9211403727531433,83,30
2076,5661,specialized_enriched,active_fraction,0.003153635421767831,0.003425134113058448,0.9207333922386169,0.9207333922386169,84,30
2077,8732,base_enriched,max,-0.8453567624092102,0.9190338850021362,-0.9198319911956787,0.9198319911956787,243,30
2078,2630,specialized_enriched,mean,0.10274164378643036,0.11174033582210541,0.9194678068161011,0.9194678068161011,170,30
2079,11208,base_enriched,max,-0.5882468819618225,0.6397793292999268,-0.9194527864456177,0.9194527864456177,289,30
2080,8764,base_enriched,max,-1.4044578075408936,1.5277141332626343,-0.919319748878479,0.919319748878479,244,30
2081,15507,specialized_enriched,active_fraction,0.01530530396848917,0.01664922945201397,0.9192799925804138,0.9192799925804138,291,30
2082,15150,specialized_enriched,active_fraction,0.006432502064853907,0.007007317617535591,0.9179692268371582,0.9179692268371582,179,30
2083,10113,specialized_enriched,max,0.8108201026916504,0.8833034634590149,0.917940616607666,0.917940616607666,148,30
2084,5038,base_enriched,max,-0.9679228663444519,1.0567547082901,-0.9159390330314636,0.9159390330314636,141,30
2085,7839,specialized_enriched,active_fraction,0.018326960504055023,0.02001112885773182,0.9158384203910828,0.9158384203910828,244,30
2086,11468,specialized_enriched,mean,0.029914021492004395,0.032712291926145554,0.914458155632019,0.914458155632019,114,30
2087,3893,base_enriched,max,-1.5116620063781738,1.6545190811157227,-0.9136564135551453,0.9136564135551453,242,30
2088,14433,specialized_enriched,max,2.1694295406341553,2.3767147064208984,0.912784993648529,0.912784993648529,88,30
2089,2537,base_enriched,active_fraction,-0.015292724594473839,0.01675519160926342,-0.9127156138420105,0.9127156138420105,138,30
2090,8820,specialized_enriched,active_fraction,0.007715936750173569,0.00848087202757597,0.90980464220047,0.90980464220047,137,30
2091,7107,base_enriched,active_fraction,-0.0025513055734336376,0.0028077326714992523,-0.9086711406707764,0.9086711406707764,99,30
2092,14327,specialized_enriched,active_fraction,0.003753604833036661,0.004135449416935444,0.907665491104126,0.907665491104126,149,30
2093,7586,base_enriched,max,-1.5235891342163086,1.6793502569198608,-0.9072491526603699,0.9072491526603699,60,30
2094,12785,base_enriched,active_fraction,-0.008363993838429451,0.009220289066433907,-0.9071292281150818,0.9071292281150818,195,30
2095,2733,base_enriched,active_fraction,-0.0056701949797570705,0.006250707898288965,-0.9071284532546997,0.9071284532546997,81,30
2096,8658,base_enriched,max,-0.5320103764533997,0.5864924192428589,-0.9071052670478821,0.9071052670478821,194,30
2097,3680,specialized_enriched,max,0.6087899208068848,0.6718128323554993,0.9061897993087769,0.9061897993087769,233,30
2098,6390,base_enriched,max,-0.9398237466812134,1.0379377603530884,-0.9054721593856812,0.9054721593856812,230,30
2099,9680,base_enriched,max,-0.8483901619911194,0.9382792115211487,-0.9041979908943176,0.9041979908943176,109,30
2100,14003,specialized_enriched,mean,0.02596420794725418,0.028729934245347977,0.9037336111068726,0.9037336111068726,163,30
2101,9307,base_enriched,active_fraction,-0.005059073679149151,0.005599238909780979,-0.9035288095474243,0.9035288095474243,183,30
2102,5060,specialized_enriched,active_fraction,0.003263923805207014,0.0036150694359093904,0.9028661251068115,0.9028661251068115,114,30
2103,2878,specialized_enriched,active_fraction,0.004599062725901604,0.005097157321870327,0.9022799134254456,0.9022799134254456,70,30
2104,15047,specialized_enriched,active_fraction,0.0028320541605353355,0.0031425240449607372,0.9012036323547363,0.9012036323547363,82,30
2105,2185,base_enriched,mean,-0.04120764508843422,0.045749638229608536,-0.9007206559181213,0.9007206559181213,182,30
2106,15146,specialized_enriched,active_fraction,0.005201869644224644,0.0057790037244558334,0.9001325964927673,0.9001325964927673,120,30
2107,740,base_enriched,mean,-0.007993096485733986,0.008897732943296432,-0.8983295559883118,0.8983295559883118,118,30
2108,16336,specialized_enriched,max,0.36939674615859985,0.4114125072956085,0.8978743553161621,0.8978743553161621,273,30
2109,4653,specialized_enriched,active_fraction,0.00477402750402689,0.005320727359503508,0.8972508907318115,0.8972508907318115,210,30
2110,1239,base_enriched,mean,-0.03767337277531624,0.04198891296982765,-0.8972219228744507,0.8972219228744507,189,30
2111,6685,specialized_enriched,active_fraction,0.005521235056221485,0.006163313053548336,0.8958225846290588,0.8958225846290588,127,30
2112,11368,specialized_enriched,active_fraction,0.012091413140296936,0.013506714254617691,0.8952149748802185,0.8952149748802185,183,30
2113,14589,base_enriched,max,-0.6375974416732788,0.7126068472862244,-0.8947394490242004,0.8947394490242004,144,30
2114,11724,base_enriched,active_fraction,-0.01265119481831789,0.014141030609607697,-0.8946444392204285,0.8946444392204285,173,30
2115,1525,specialized_enriched,mean,0.03436843678355217,0.03843372315168381,0.89422607421875,0.89422607421875,161,30
2116,4844,base_enriched,active_fraction,-0.002487015910446644,0.002781250746920705,-0.8942077159881592,0.8942077159881592,79,30
2117,16213,base_enriched,active_fraction,-0.0051912954077124596,0.0058125383220613,-0.8931202292442322,0.8931202292442322,120,30
2118,1688,base_enriched,active_fraction,-0.0021926492918282747,0.002456204267218709,-0.8926982879638672,0.8926982879638672,101,30
2119,8334,specialized_enriched,active_fraction,0.011695679277181625,0.013106392696499825,0.892364501953125,0.892364501953125,173,30
2120,13349,base_enriched,active_fraction,-0.0009593954891897738,0.001075208536349237,-0.8922878503799438,0.8922878503799438,102,30
2121,5311,base_enriched,mean,-0.0451582670211792,0.05061976611614227,-0.892107367515564,0.892107367515564,117,30
2122,10887,base_enriched,max,-0.7426310181617737,0.8328567743301392,-0.8916671276092529,0.8916671276092529,257,30
2123,9291,base_enriched,max,-1.1129907369613647,1.2485225200653076,-0.8914462924003601,0.8914462924003601,217,30
2124,12597,specialized_enriched,active_fraction,0.004058470483869314,0.004555548075586557,0.8908852338790894,0.8908852338790894,92,30
2125,8726,specialized_enriched,mean,0.0402134507894516,0.04519088193774223,0.8898576498031616,0.8898576498031616,271,30
2126,1444,base_enriched,active_fraction,-0.01313035935163498,0.014756709337234497,-0.8897891044616699,0.8897891044616699,191,30
2127,617,base_enriched,active_fraction,-0.0068524181842803955,0.0077016763389110565,-0.8897307515144348,0.8897307515144348,81,30
2128,10818,base_enriched,active_fraction,-0.005457894876599312,0.006139533128589392,-0.8889755606651306,0.8889755606651306,178,30
2129,1626,specialized_enriched,mean,0.036849118769168854,0.04146898537874222,0.8885946273803711,0.8885946273803711,153,30
2130,13286,base_enriched,max,-0.5936009287834167,0.6683506965637207,-0.888157844543457,0.888157844543457,206,30
2131,4676,base_enriched,active_fraction,-0.0030305252876132727,0.0034123819787055254,-0.8880967497825623,0.8880967497825623,102,30
2132,13426,base_enriched,active_fraction,-0.007154493592679501,0.00805927999317646,-0.8877335786819458,0.8877335786819458,168,30
2133,452,specialized_enriched,active_fraction,0.004818712826818228,0.005428651347756386,0.8876445293426514,0.8876445293426514,138,30
2134,2938,base_enriched,max,-1.4237842559814453,1.605828046798706,-0.8866355419158936,0.8866355419158936,256,30
2135,1017,base_enriched,max,-1.116556167602539,1.2599031925201416,-0.8862237930297852,0.8862237930297852,174,30
2136,14233,specialized_enriched,max,1.1237859725952148,1.2680846452713013,0.8862074017524719,0.8862074017524719,271,30
2137,3298,base_enriched,max,-1.0809992551803589,1.2198542356491089,-0.8861708641052246,0.8861708641052246,291,30
2138,14622,specialized_enriched,mean,0.01803971454501152,0.020357947796583176,0.8861263990402222,0.8861263990402222,89,30
2139,11990,base_enriched,active_fraction,-0.004050481598824263,0.004573659971356392,-0.8856105804443359,0.8856105804443359,90,30
2140,1824,base_enriched,max,-0.576034426689148,0.6504755616188049,-0.8855589032173157,0.8855589032173157,91,30
2141,5923,base_enriched,active_fraction,-0.02201274037361145,0.024875834584236145,-0.8849046230316162,0.8849046230316162,214,30
2142,10161,base_enriched,active_fraction,-0.0032345440704375505,0.003655741224065423,-0.8847847580909729,0.8847847580909729,95,30
2143,254,base_enriched,active_fraction,-0.019199606031179428,0.02170303650200367,-0.884650707244873,0.884650707244873,279,30
2144,1127,specialized_enriched,active_fraction,0.007386710029095411,0.008364533074200153,0.8830989003181458,0.8830989003181458,89,30
2145,2695,base_enriched,mean,-0.1451505720615387,0.16449379920959473,-0.882407546043396,0.882407546043396,237,30
2146,2208,base_enriched,max,-0.7374886274337769,0.836029589176178,-0.8821322321891785,0.8821322321891785,283,30
2147,13013,base_enriched,max,-0.6381317377090454,0.7234570980072021,-0.88205885887146,0.88205885887146,165,30
2148,2486,base_enriched,max,-1.1990941762924194,1.360107421875,-0.8816172480583191,0.8816172480583191,181,30
2149,2745,base_enriched,max,-1.5226049423217773,1.7275840044021606,-0.8813492655754089,0.8813492655754089,231,30
2150,11313,specialized_enriched,max,0.15133768320083618,0.17182433605194092,0.8807697892189026,0.8807697892189026,61,30
2151,2774,specialized_enriched,active_fraction,0.004714221227914095,0.005354096181690693,0.8804886937141418,0.8804886937141418,219,30
2152,13607,base_enriched,max,-2.1474361419677734,2.439220666885376,-0.8803779482841492,0.8803779482841492,118,30
2153,5536,base_enriched,max,-0.8924426436424255,1.0150458812713623,-0.8792141079902649,0.8792141079902649,173,30
2154,4989,specialized_enriched,max,1.1105554103851318,1.2633545398712158,0.8790528774261475,0.8790528774261475,210,30
2155,14496,specialized_enriched,active_fraction,0.003989586140960455,0.004539872519671917,0.8787881135940552,0.8787881135940552,155,30
2156,14192,specialized_enriched,max,0.3414243757724762,0.38866251707077026,0.8784597516059875,0.8784597516059875,38,30
2157,5921,base_enriched,max,-1.3008959293365479,1.4811053276062012,-0.8783277869224548,0.8783277869224548,219,30
2158,1280,base_enriched,active_fraction,-0.009618788957595825,0.010955621488392353,-0.8779774904251099,0.8779774904251099,196,30
2159,9863,base_enriched,max,-0.8125530481338501,0.9264212250709534,-0.8770881295204163,0.8770881295204163,161,30
2160,11501,specialized_enriched,active_fraction,0.011178477667272091,0.01275559887290001,0.8763585090637207,0.8763585090637207,127,30
2161,13110,specialized_enriched,mean,0.04840114340186119,0.05527297779917717,0.8756746053695679,0.8756746053695679,236,30
2162,1113,base_enriched,max,-1.2370758056640625,1.4127137660980225,-0.8756733536720276,0.8756733536720276,220,30
2163,15033,specialized_enriched,max,0.6687028408050537,0.7636550664901733,0.8756608366966248,0.8756608366966248,97,30
2164,8720,base_enriched,active_fraction,-0.020809030160307884,0.023796511813998222,-0.8744571805000305,0.8744571805000305,222,30
2165,10377,base_enriched,active_fraction,-0.0015487867640331388,0.0017721205949783325,-0.8739736676216125,0.8739736676216125,62,30
2166,7003,specialized_enriched,mean,0.07760057598352432,0.08880124241113663,0.8738681077957153,0.8738681077957153,178,30
2167,11207,base_enriched,active_fraction,-0.010894699022173882,0.012470039539039135,-0.8736699819564819,0.8736699819564819,289,30
2168,5635,base_enriched,max,-0.5898798704147339,0.6753382682800293,-0.8734583854675293,0.8734583854675293,285,30
2169,11919,base_enriched,max,-0.2998725175857544,0.3434672951698303,-0.873074471950531,0.873074471950531,102,30
2170,8621,base_enriched,active_fraction,-0.00706492131575942,0.008097735233604908,-0.872456431388855,0.872456431388855,150,30
2171,15441,base_enriched,active_fraction,-0.012702655047178268,0.014560100622475147,-0.8724290728569031,0.8724290728569031,270,30
2172,14410,base_enriched,max,-0.4602363407611847,0.5276002883911133,-0.8723201155662537,0.8723201155662537,197,30
2173,3273,base_enriched,max,-2.2400927543640137,2.5719337463378906,-0.8709760904312134,0.8709760904312134,150,30
2174,8662,base_enriched,active_fraction,-0.006363875698298216,0.007315556053072214,-0.8699100613594055,0.8699100613594055,181,30
2175,9468,base_enriched,max,-1.1353096961975098,1.3054754734039307,-0.869652271270752,0.869652271270752,279,30
2176,895,base_enriched,max,-0.9921509027481079,1.1415823698043823,-0.8691014647483826,0.8691014647483826,201,30
2177,5172,base_enriched,max,-1.1366926431655884,1.3082904815673828,-0.8688381314277649,0.8688381314277649,76,30
2178,5825,base_enriched,max,-1.0273065567016602,1.182837963104248,-0.8685099482536316,0.8685099482536316,190,30
2179,7592,base_enriched,max,-0.6671358942985535,0.768293023109436,-0.8683352470397949,0.8683352470397949,232,30
2180,13584,base_enriched,active_fraction,-0.015913255512714386,0.018338192254304886,-0.8677657842636108,0.8677657842636108,275,30
2181,3335,specialized_enriched,active_fraction,0.016077201813459396,0.018530307337641716,0.867616593837738,0.867616593837738,85,30
2182,243,specialized_enriched,active_fraction,0.0028504645451903343,0.003287309780716896,0.8671116232872009,0.8671116232872009,137,30
2183,14379,specialized_enriched,active_fraction,0.005036019720137119,0.0058146994560956955,0.8660842776298523,0.8660842776298523,115,30
2184,10845,base_enriched,mean,-0.07139205187559128,0.08244286477565765,-0.8659579157829285,0.8659579157829285,267,30
2185,3380,specialized_enriched,active_fraction,0.006576269865036011,0.007594534195959568,0.8659214377403259,0.8659214377403259,157,30
2186,5492,base_enriched,mean,-0.06097711622714996,0.07057986408472061,-0.863944947719574,0.863944947719574,221,30
2187,12765,specialized_enriched,max,0.5876106023788452,0.6819102168083191,0.8617125749588013,0.8617125749588013,114,30
2188,7984,base_enriched,max,-0.5796760320663452,0.6737881898880005,-0.8603238463401794,0.8603238463401794,287,30
2189,15598,specialized_enriched,max,0.7455856800079346,0.8670871257781982,0.8598740100860596,0.8598740100860596,198,30
2190,8910,specialized_enriched,active_fraction,0.00822187215089798,0.00956836249679327,0.8592768311500549,0.8592768311500549,110,30
2191,14338,specialized_enriched,active_fraction,0.007687746547162533,0.008950197137892246,0.8589471578598022,0.8589471578598022,226,30
2192,1797,base_enriched,active_fraction,-0.013547353446483612,0.01578795164823532,-0.8580817580223083,0.8580817580223083,289,30
2193,3819,specialized_enriched,active_fraction,0.007634077221155167,0.008904168382287025,0.8573599457740784,0.8573599457740784,268,30
2194,6359,base_enriched,active_fraction,-0.009966833516955376,0.011630000546574593,-0.8569933772087097,0.8569933772087097,180,30
2195,6294,specialized_enriched,max,1.0083372592926025,1.178205966949463,0.8558242917060852,0.8558242917060852,140,30
2196,5916,base_enriched,mean,-0.0800592228770256,0.09356876462697983,-0.8556191325187683,0.8556191325187683,234,30
2197,2224,specialized_enriched,max,1.1143815517425537,1.3027522563934326,0.8554055690765381,0.8554055690765381,210,30
2198,8610,specialized_enriched,active_fraction,0.004289950244128704,0.005016977898776531,0.8550865054130554,0.8550865054130554,47,30
2199,9519,base_enriched,max,-0.330655574798584,0.38675087690353394,-0.8549575209617615,0.8549575209617615,93,30
2200,14631,specialized_enriched,mean,0.04577861353754997,0.05356400087475777,0.8546526432037354,0.8546526432037354,283,30
2201,15875,base_enriched,active_fraction,-0.004892490338534117,0.005727050360292196,-0.854277491569519,0.854277491569519,167,30
2202,13665,base_enriched,max,-1.3867477178573608,1.6267149448394775,-0.8524835705757141,0.8524835705757141,135,30
2203,13864,base_enriched,active_fraction,-0.0009198327315971255,0.0010792515240609646,-0.8522876501083374,0.8522876501083374,101,30
2204,14138,base_enriched,active_fraction,-0.008977184072136879,0.010568679310381413,-0.8494139909744263,0.8494139909744263,231,30
2205,15320,base_enriched,mean,-0.09164776653051376,0.10810799151659012,-0.8477427363395691,0.8477427363395691,290,30
2206,2234,base_enriched,max,-0.7609859704971313,0.8982104063034058,-0.8472245931625366,0.8472245931625366,147,30
2207,415,base_enriched,max,-1.3697535991668701,1.6175932884216309,-0.8467848896980286,0.8467848896980286,195,30
2208,13704,base_enriched,max,-1.4641462564468384,1.7294390201568604,-0.8466018438339233,0.8466018438339233,213,30
2209,6824,specialized_enriched,mean,0.03502766788005829,0.04137677326798439,0.8465538620948792,0.8465538620948792,174,30
2210,11592,base_enriched,max,-1.4470592737197876,1.7099534273147583,-0.8462565541267395,0.8462565541267395,150,30
2211,5903,base_enriched,mean,-0.033423736691474915,0.03962710499763489,-0.8434564471244812,0.8434564471244812,237,30
2212,16102,base_enriched,max,-0.6213663816452026,0.736729621887207,-0.8434116840362549,0.8434116840362549,114,30
2213,11069,base_enriched,max,-1.3001513481140137,1.542824149131775,-0.8427087068557739,0.8427087068557739,227,30
2214,7926,base_enriched,max,-0.5601460933685303,0.6651031374931335,-0.8421943187713623,0.8421943187713623,246,30
2215,2419,base_enriched,max,-1.0867865085601807,1.2915905714035034,-0.8414326906204224,0.8414326906204224,272,30
2216,15454,base_enriched,mean,-0.04352588951587677,0.05174201354384422,-0.8412098288536072,0.8412098288536072,160,30
2217,12934,specialized_enriched,mean,0.044015590101480484,0.05236266925930977,0.8405910134315491,0.8405910134315491,72,30
2218,1010,specialized_enriched,max,0.8920843601226807,1.0613428354263306,0.8405241966247559,0.8405241966247559,245,30
2219,13314,specialized_enriched,mean,0.23818618059158325,0.2842283248901367,0.8380100131034851,0.8380100131034851,242,30
2220,1367,specialized_enriched,max,2.5676865577697754,3.0642528533935547,0.8379486799240112,0.8379486799240112,184,30
2221,7302,base_enriched,mean,-0.07113243639469147,0.08490394800901413,-0.8377989530563354,0.8377989530563354,233,30
2222,9405,base_enriched,max,-0.6109843254089355,0.7306299209594727,-0.836243212223053,0.836243212223053,291,30
2223,13839,base_enriched,max,-0.7071030139923096,0.847014307975769,-0.8348182439804077,0.8348182439804077,191,30
2224,12062,base_enriched,active_fraction,-0.001968064345419407,0.0023582817520946264,-0.834533154964447,0.834533154964447,99,30
2225,14041,specialized_enriched,max,2.2138025760650635,2.6535544395446777,0.8342781662940979,0.8342781662940979,129,30
2226,6585,base_enriched,active_fraction,-0.0016403158660978079,0.0019665705040097237,-0.8340997099876404,0.8340997099876404,41,30
2227,6538,base_enriched,max,-0.8713119029998779,1.044739842414856,-0.8339989185333252,0.8339989185333252,71,30
2228,11353,base_enriched,max,-0.37744051218032837,0.4529080390930176,-0.8333711624145508,0.8333711624145508,257,30
2229,12445,base_enriched,active_fraction,-0.013223391026258469,0.015895774587988853,-0.8318808674812317,0.8318808674812317,191,30
2230,3468,base_enriched,mean,-0.038981880992650986,0.046887725591659546,-0.8313877582550049,0.8313877582550049,89,30
2231,1832,base_enriched,max,-1.3637152910232544,1.640317678451538,-0.8313726782798767,0.8313726782798767,178,30
2232,10553,specialized_enriched,max,1.6977970600128174,2.0439751148223877,0.8306348919868469,0.8306348919868469,169,30
2233,10931,specialized_enriched,max,1.324527621269226,1.596906304359436,0.8294335007667542,0.8294335007667542,89,30
2234,1262,base_enriched,max,-1.1073989868164062,1.3378010988235474,-0.8277755379676819,0.8277755379676819,285,30
2235,8289,specialized_enriched,max,2.8376588821411133,3.43308687210083,0.8265619277954102,0.8265619277954102,49,30
2236,2401,specialized_enriched,max,1.1397771835327148,1.3794883489608765,0.826231837272644,0.826231837272644,187,30
2237,8483,base_enriched,max,-0.7735006809234619,0.9367631077766418,-0.8257164359092712,0.8257164359092712,190,30
2238,4864,specialized_enriched,max,0.24710357189178467,0.2993636727333069,0.825429379940033,0.825429379940033,46,30
2239,8875,base_enriched,max,-0.7127082347869873,0.8645644783973694,-0.8243551850318909,0.8243551850318909,209,30
2240,3031,base_enriched,max,-0.5501024723052979,0.6682721376419067,-0.8231713175773621,0.8231713175773621,112,30
2241,8530,base_enriched,max,-0.48439788818359375,0.5885111093521118,-0.8230904936790466,0.8230904936790466,219,30
2242,10643,base_enriched,max,-1.0654168128967285,1.2945088148117065,-0.8230278491973877,0.8230278491973877,271,30
2243,4495,base_enriched,max,-0.459637850522995,0.5586517453193665,-0.8227627873420715,0.8227627873420715,166,30
2244,4111,base_enriched,active_fraction,-0.0085391690954566,0.010381157509982586,-0.8225642442703247,0.8225642442703247,140,30
2245,13674,base_enriched,active_fraction,-0.006456701084971428,0.007852360606193542,-0.8222624063491821,0.8222624063491821,206,30
2246,8724,specialized_enriched,mean,0.03207116201519966,0.0390101857483387,0.8221227526664734,0.8221227526664734,130,30
2247,2994,base_enriched,active_fraction,-0.009982661344110966,0.012149724178016186,-0.8216368556022644,0.8216368556022644,266,30
2248,16087,specialized_enriched,mean,0.04041630029678345,0.04922681301832199,0.821022093296051,0.821022093296051,148,30
2249,15180,base_enriched,max,-0.5377668738365173,0.6560023427009583,-0.8197636604309082,0.8197636604309082,102,30
2250,779,base_enriched,max,-1.2550424337387085,1.531278371810913,-0.8196043372154236,0.8196043372154236,111,30
2251,4451,specialized_enriched,active_fraction,0.005051747430115938,0.0061639961786568165,0.8195571899414062,0.8195571899414062,53,30
2252,9005,specialized_enriched,active_fraction,0.011398425325751305,0.013910227455198765,0.8194276690483093,0.8194276690483093,264,30
2253,5101,specialized_enriched,max,1.6917554140090942,2.0646791458129883,0.8193793296813965,0.8193793296813965,290,30
2254,15163,base_enriched,max,-0.4055514931678772,0.4950532019138336,-0.8192079067230225,0.8192079067230225,271,30
2255,14318,specialized_enriched,active_fraction,0.003850875422358513,0.004701368976384401,0.8190966248512268,0.8190966248512268,142,30
2256,12121,specialized_enriched,active_fraction,0.013518882915377617,0.016510911285877228,0.818784773349762,0.818784773349762,149,30
2257,9246,specialized_enriched,active_fraction,0.010721228085458279,0.013095300644636154,0.818708062171936,0.818708062171936,176,30
2258,4339,base_enriched,active_fraction,-0.02183065563440323,0.026672091335058212,-0.8184831142425537,0.8184831142425537,284,30
2259,11801,base_enriched,active_fraction,-0.002307057846337557,0.002823223127052188,-0.8171716332435608,0.8171716332435608,121,30
2260,10054,specialized_enriched,active_fraction,0.010984414257109165,0.013445998542010784,0.8169280886650085,0.8169280886650085,103,30
2261,14968,base_enriched,mean,-0.021979980170726776,0.026916734874248505,-0.8165916204452515,0.8165916204452515,179,30
2262,7109,specialized_enriched,active_fraction,0.008934862911701202,0.010947996750473976,0.8161185383796692,0.8161185383796692,242,30
2263,2063,base_enriched,max,-0.9901556372642517,1.2146893739700317,-0.8151513338088989,0.8151513338088989,91,30
2264,4192,base_enriched,max,-0.8588255643844604,1.0539382696151733,-0.8148727416992188,0.8148727416992188,181,30
2265,1401,base_enriched,max,-1.36151123046875,1.6721950769424438,-0.8142060041427612,0.8142060041427612,137,30
2266,1078,base_enriched,max,-0.9568861722946167,1.1757736206054688,-0.8138353824615479,0.8138353824615479,286,30
2267,9178,specialized_enriched,active_fraction,0.011996645480394363,0.014743726700544357,0.813677966594696,0.813677966594696,181,30
2268,11812,specialized_enriched,active_fraction,0.00500992638990283,0.006161315366625786,0.8131260871887207,0.8131260871887207,162,30
2269,251,specialized_enriched,active_fraction,0.006886293645948172,0.008474412374198437,0.8125983476638794,0.8125983476638794,248,30
2270,11510,specialized_enriched,active_fraction,0.005467679351568222,0.006731525529175997,0.8122496604919434,0.8122496604919434,201,30
2271,7525,specialized_enriched,active_fraction,0.004775294568389654,0.005881547462195158,0.8119112253189087,0.8119112253189087,167,30
2272,4037,base_enriched,mean,-0.03770522028207779,0.046442050486803055,-0.8118767142295837,0.8118767142295837,213,30
2273,462,specialized_enriched,max,0.1798531711101532,0.22167441248893738,0.8113393187522888,0.8113393187522888,116,30
2274,12551,base_enriched,max,-1.485551118850708,1.8323711156845093,-0.8107261061668396,0.8107261061668396,138,30
2275,15784,specialized_enriched,active_fraction,0.011674000881612301,0.014418705366551876,0.8096427917480469,0.8096427917480469,269,30
2276,14973,base_enriched,mean,-0.04392760992050171,0.05426662042737007,-0.8094775080680847,0.8094775080680847,288,30
2277,9682,specialized_enriched,active_fraction,0.007935583591461182,0.009804361499845982,0.8093932271003723,0.8093932271003723,159,30
2278,15818,base_enriched,max,-1.3416523933410645,1.6580389738082886,-0.8091802597045898,0.8091802597045898,287,30
2279,14083,base_enriched,max,-1.139765977859497,1.4130381345748901,-0.806606650352478,0.806606650352478,290,30
2280,13028,specialized_enriched,max,0.5095096826553345,0.6321151852607727,0.8060392737388611,0.8060392737388611,147,30
2281,1350,base_enriched,max,-1.132404088973999,1.4073476791381836,-0.80463707447052,0.80463707447052,226,30
2282,4450,specialized_enriched,max,0.5197372436523438,0.6463139653205872,0.8041560053825378,0.8041560053825378,236,30
2283,5662,specialized_enriched,active_fraction,0.0022320779971778393,0.0027818039525300264,0.8023850917816162,0.8023850917816162,100,30
2284,7882,specialized_enriched,max,0.9394153952598572,1.1714146137237549,0.8019495010375977,0.8019495010375977,256,30
2285,13680,base_enriched,max,-0.6276037096977234,0.7828753590583801,-0.8016648888587952,0.8016648888587952,96,30
2286,13439,base_enriched,max,-1.30810546875,1.6319975852966309,-0.8015363812446594,0.8015363812446594,156,30
2287,5627,base_enriched,max,-1.1206533908843994,1.398961067199707,-0.8010611534118652,0.8010611534118652,257,30
2288,7943,base_enriched,max,-2.2161505222320557,2.7681453227996826,-0.8005903959274292,0.8005903959274292,106,30
2289,9224,base_enriched,mean,-0.03970440477132797,0.04960256069898605,-0.8004506826400757,0.8004506826400757,131,30
2290,9137,specialized_enriched,max,0.45336008071899414,0.5663917064666748,0.8004356026649475,0.8004356026649475,139,30
2291,10107,specialized_enriched,mean,0.04777980223298073,0.059738900512456894,0.799810528755188,0.799810528755188,164,30
2292,6436,specialized_enriched,mean,0.08719925582408905,0.10930831730365753,0.7977367043495178,0.7977367043495178,228,30
2293,14951,base_enriched,mean,-0.03446176275610924,0.04323058947920799,-0.7971615195274353,0.7971615195274353,90,30
2294,6415,specialized_enriched,mean,0.04326258599758148,0.05433247238397598,0.7962565422058105,0.7962565422058105,188,30
2295,13369,base_enriched,max,-1.3225337266921997,1.6615561246871948,-0.7959609031677246,0.7959609031677246,159,30
2296,3330,base_enriched,max,-1.0761337280273438,1.3531126976013184,-0.7953023910522461,0.7953023910522461,71,30
2297,7712,specialized_enriched,active_fraction,0.008037642575800419,0.010110361501574516,0.794990599155426,0.794990599155426,218,30
2298,5188,base_enriched,max,-1.1979063749313354,1.508073329925537,-0.7943289875984192,0.7943289875984192,241,30
2299,1835,specialized_enriched,mean,0.06270597875118256,0.07895446568727493,0.7942043542861938,0.7942043542861938,70,30
2300,8858,base_enriched,active_fraction,-0.007432162296026945,0.009358476847410202,-0.7941636443138123,0.7941636443138123,285,30
2301,8508,specialized_enriched,mean,0.03443904221057892,0.04337629675865173,0.7939599752426147,0.7939599752426147,196,30
2302,11057,base_enriched,max,-1.2480908632278442,1.5728245973587036,-0.7935346961021423,0.7935346961021423,180,30
2303,5321,specialized_enriched,active_fraction,0.004726257175207138,0.005956706590950489,0.7934346199035645,0.7934346199035645,152,30
2304,6101,base_enriched,active_fraction,-0.0153852179646492,0.019396565854549408,-0.7931928634643555,0.7931928634643555,258,30
2305,13762,base_enriched,mean,-0.03648330271244049,0.04602759703993797,-0.7926397323608398,0.7926397323608398,204,30
2306,6022,specialized_enriched,active_fraction,0.012205119244754314,0.01541219837963581,0.7919129133224487,0.7919129133224487,254,30
2307,374,specialized_enriched,active_fraction,0.005851939786225557,0.007390947081148624,0.7917712926864624,0.7917712926864624,214,30
2308,13220,specialized_enriched,mean,0.053340841084718704,0.06749895215034485,0.7902469635009766,0.7902469635009766,246,30
2309,5494,specialized_enriched,max,0.5714905261993408,0.7233508229255676,0.7900599837303162,0.7900599837303162,135,30
2310,16236,base_enriched,max,-0.15685443580150604,0.19886748492717743,-0.788738489151001,0.788738489151001,62,30
2311,11218,base_enriched,active_fraction,-0.006043123546987772,0.007679241709411144,-0.786942720413208,0.786942720413208,220,30
2312,9012,base_enriched,max,-0.8459932804107666,1.0750997066497803,-0.7868974804878235,0.7868974804878235,266,30
2313,2935,specialized_enriched,active_fraction,0.008088882081210613,0.010280326940119267,0.7868312001228333,0.7868312001228333,193,30
2314,9994,base_enriched,mean,-0.02667960152029991,0.033932436257600784,-0.7862566113471985,0.7862566113471985,135,30
2315,13,specialized_enriched,max,0.9631490111351013,1.22580885887146,0.7857252955436707,0.7857252955436707,152,30
2316,3326,base_enriched,mean,-0.03379037603735924,0.043015096336603165,-0.7855468988418579,0.7855468988418579,107,30
2317,14960,specialized_enriched,max,2.326082706451416,2.964198589324951,0.7847256660461426,0.7847256660461426,97,30
2318,8585,base_enriched,max,-0.9489407539367676,1.2105095386505127,-0.7839184403419495,0.7839184403419495,264,30
2319,13259,specialized_enriched,active_fraction,0.011210695840418339,0.014306649565696716,0.783600389957428,0.783600389957428,212,30
2320,6938,specialized_enriched,max,0.22969943284988403,0.2932436168193817,0.783305823802948,0.783305823802948,221,30
2321,4535,base_enriched,max,-0.4268994927406311,0.545451283454895,-0.7826537489891052,0.7826537489891052,218,30
2322,13813,specialized_enriched,max,1.391410231590271,1.7779934406280518,0.7825733423233032,0.7825733423233032,121,30
2323,9957,specialized_enriched,mean,0.04474346712231636,0.057245418429374695,0.7816078066825867,0.7816078066825867,279,30
2324,475,base_enriched,mean,-0.06014864891767502,0.0771409347653389,-0.77972412109375,0.77972412109375,165,30
2325,5183,base_enriched,max,-1.0204391479492188,1.3112601041793823,-0.7782126069068909,0.7782126069068909,117,30
2326,737,specialized_enriched,active_fraction,0.002827703021466732,0.003634954337030649,0.7779198288917542,0.7779198288917542,158,30
2327,522,base_enriched,mean,-0.04922858625650406,0.06328501552343369,-0.7778869271278381,0.7778869271278381,156,30
2328,5239,base_enriched,active_fraction,-0.005374813452363014,0.006917336490005255,-0.777006208896637,0.777006208896637,154,30
2329,14648,specialized_enriched,active_fraction,0.0058877249248325825,0.007579968310892582,0.7767479419708252,0.7767479419708252,61,30
2330,16099,specialized_enriched,active_fraction,0.0024612839333713055,0.0031712204217910767,0.7761314511299133,0.7761314511299133,84,30
2331,13519,base_enriched,max,-0.8126933574676514,1.047237753868103,-0.7760351896286011,0.7760351896286011,277,30
2332,1060,specialized_enriched,mean,0.016285482794046402,0.020987078547477722,0.7759766578674316,0.7759766578674316,275,30
2333,556,specialized_enriched,mean,0.0979343056678772,0.12644453346729279,0.7745238542556763,0.7745238542556763,136,30
2334,3740,specialized_enriched,mean,0.03865694999694824,0.04991201311349869,0.7745019197463989,0.7745019197463989,167,30
2335,14386,specialized_enriched,max,0.5915369987487793,0.7647886276245117,0.7734646797180176,0.7734646797180176,261,30
2336,508,specialized_enriched,active_fraction,0.005809633992612362,0.007513260003179312,0.7732507586479187,0.7732507586479187,202,30
2337,3640,base_enriched,active_fraction,-0.003589377272874117,0.004644370637834072,-0.7728447318077087,0.7728447318077087,189,30
2338,16308,specialized_enriched,mean,0.05331209674477577,0.0690753236413002,0.7717965245246887,0.7717965245246887,157,30
2339,9654,base_enriched,active_fraction,-0.003128302749246359,0.004058381076902151,-0.7708252668380737,0.7708252668380737,191,30
2340,15998,base_enriched,mean,-0.01559691596776247,0.020240724086761475,-0.7705710530281067,0.7705710530281067,125,30
2341,13969,base_enriched,max,-0.8427969813346863,1.0938547849655151,-0.7704834342002869,0.7704834342002869,267,30
2342,4598,specialized_enriched,active_fraction,0.009356270544230938,0.012147265486419201,0.7702367901802063,0.7702367901802063,170,30
2343,7267,specialized_enriched,max,1.354668378829956,1.7602308988571167,0.7695969939231873,0.7695969939231873,222,30
2344,4507,base_enriched,max,-1.3916258811950684,1.8082650899887085,-0.769591748714447,0.769591748714447,206,30
2345,2151,specialized_enriched,active_fraction,0.0037460732273757458,0.004871545825153589,0.7689701318740845,0.7689701318740845,72,30
2346,6171,base_enriched,max,-0.64369136095047,0.8371777534484863,-0.7688825726509094,0.7688825726509094,102,30
2347,11667,base_enriched,active_fraction,-0.007088914979249239,0.009223493747413158,-0.7685715556144714,0.7685715556144714,188,30
2348,9446,base_enriched,mean,-0.029976598918437958,0.03900926187634468,-0.7684482336044312,0.7684482336044312,90,30
2349,9597,base_enriched,active_fraction,-0.007578625343739986,0.009866707026958466,-0.7681007981300354,0.7681007981300354,284,30
2350,5956,base_enriched,max,-0.7339187264442444,0.9561878442764282,-0.7675465941429138,0.7675465941429138,71,30
2351,6747,specialized_enriched,mean,0.02845437079668045,0.037098079919815063,0.7670038938522339,0.7670038938522339,269,30
2352,9559,base_enriched,active_fraction,-0.01144646666944027,0.01495386566966772,-0.7654520273208618,0.7654520273208618,291,30
2353,10458,specialized_enriched,active_fraction,0.014481520280241966,0.018924178555607796,0.7652390599250793,0.7652390599250793,164,30
2354,15522,specialized_enriched,max,0.28241023421287537,0.3693496584892273,0.7646148800849915,0.7646148800849915,291,30
2355,12673,specialized_enriched,mean,0.02504442259669304,0.03276100009679794,0.764458417892456,0.764458417892456,284,30
2356,4709,base_enriched,mean,-0.04620736464858055,0.0604582354426384,-0.764285683631897,0.764285683631897,247,30
2357,2572,base_enriched,active_fraction,-0.014901729300618172,0.019523631781339645,-0.7632662653923035,0.7632662653923035,265,30
2358,3390,base_enriched,max,-0.675514280796051,0.8853809237480164,-0.7629645466804504,0.7629645466804504,149,30
2359,6113,base_enriched,active_fraction,-0.0041512190364301205,0.005443879868835211,-0.7625478506088257,0.7625478506088257,130,30
2360,13231,base_enriched,max,-0.8950037360191345,1.174416184425354,-0.7620839476585388,0.7620839476585388,190,30
2361,457,specialized_enriched,active_fraction,0.003561147255823016,0.004677981603890657,0.7612572312355042,0.7612572312355042,137,30
2362,2741,base_enriched,max,-0.8620976805686951,1.1332443952560425,-0.7607341408729553,0.7607341408729553,167,30
2363,3305,specialized_enriched,max,1.4010369777679443,1.845054268836975,0.7593473196029663,0.7593473196029663,129,30
2364,6388,specialized_enriched,active_fraction,0.008223697543144226,0.0108333146199584,0.7591118812561035,0.7591118812561035,288,30
2365,4503,specialized_enriched,active_fraction,0.0037752194330096245,0.004977996926754713,0.7583812475204468,0.7583812475204468,95,30
2366,13371,base_enriched,max,-0.8263254165649414,1.0896217823028564,-0.7583598494529724,0.7583598494529724,282,30
2367,11078,specialized_enriched,active_fraction,0.003013378009200096,0.003976867999881506,0.7577264308929443,0.7577264308929443,216,30
2368,15943,base_enriched,max,-0.8479969501495361,1.121858835220337,-0.7558856010437012,0.7558856010437012,291,30
2369,9372,base_enriched,max,-0.8859108686447144,1.1726348400115967,-0.7554874420166016,0.7554874420166016,220,30
2370,4938,specialized_enriched,mean,0.05986348167061806,0.0793042704463005,0.7548582553863525,0.7548582553863525,250,30
2371,11935,base_enriched,max,-0.40331876277923584,0.5342991352081299,-0.754855751991272,0.754855751991272,211,30
2372,3203,base_enriched,max,-1.6861155033111572,2.234380006790161,-0.7546234130859375,0.7546234130859375,253,30
2373,14488,base_enriched,active_fraction,-0.0011290616821497679,0.001496290322393179,-0.7545739412307739,0.7545739412307739,90,30
2374,3500,specialized_enriched,active_fraction,0.00415621604770422,0.005508395377546549,0.7545239329338074,0.7545239329338074,70,30
2375,72,specialized_enriched,active_fraction,0.005095664877444506,0.006754233967512846,0.7544400691986084,0.7544400691986084,59,30
2376,7088,base_enriched,max,-0.4989769756793976,0.6618398427963257,-0.7539240717887878,0.7539240717887878,223,30
2377,2822,base_enriched,max,-1.6436127424240112,2.180893659591675,-0.7536418437957764,0.7536418437957764,138,30
2378,13970,base_enriched,max,-0.7447810173034668,0.988430380821228,-0.7534987330436707,0.7534987330436707,214,30
2379,14518,base_enriched,max,-0.510779082775116,0.6780468225479126,-0.753309428691864,0.753309428691864,291,30
2380,15526,specialized_enriched,mean,0.02923491969704628,0.038832392543554306,0.7528488039970398,0.7528488039970398,112,30
2381,13893,base_enriched,active_fraction,-0.011692472733557224,0.01553342305123806,-0.7527299523353577,0.7527299523353577,275,30
2382,1202,base_enriched,max,-1.2961007356643677,1.7219769954681396,-0.7526817917823792,0.7526817917823792,228,30
2383,6200,specialized_enriched,max,0.9554306268692017,1.2727347612380981,0.7506910562515259,0.7506910562515259,95,30
2384,13311,base_enriched,mean,-0.039702512323856354,0.05288970470428467,-0.7506662011146545,0.7506662011146545,98,30
2385,4282,base_enriched,max,-0.4676676094532013,0.6233785152435303,-0.7502145171165466,0.7502145171165466,150,30
2386,7145,base_enriched,max,-0.6938774585723877,0.9250606298446655,-0.750088632106781,0.750088632106781,284,30
2387,9390,specialized_enriched,max,1.6228749752044678,2.1642026901245117,0.7498719692230225,0.7498719692230225,95,30
2388,10396,base_enriched,mean,-0.035928282886743546,0.047913193702697754,-0.749862015247345,0.749862015247345,179,30
2389,11426,base_enriched,max,-0.6589628458023071,0.8802561163902283,-0.7486035227775574,0.7486035227775574,267,30
2390,15323,base_enriched,mean,-0.021966682747006416,0.029350098222494125,-0.748436450958252,0.748436450958252,159,30
2391,2391,base_enriched,max,-0.9362111687660217,1.2510274648666382,-0.7483538389205933,0.7483538389205933,133,30
2392,6469,base_enriched,mean,-0.07841373980045319,0.10506955534219742,-0.746303141117096,0.746303141117096,111,30
2393,12623,base_enriched,max,-0.8952855467796326,1.2007331848144531,-0.7456157207489014,0.7456157207489014,226,30
2394,6554,specialized_enriched,active_fraction,0.006382293067872524,0.008571169339120388,0.7446233630180359,0.7446233630180359,105,30
2395,15809,specialized_enriched,active_fraction,0.01077377237379551,0.014477090910077095,0.7441945672035217,0.7441945672035217,80,30
2396,9204,base_enriched,max,-2.3053019046783447,3.09922194480896,-0.7438324689865112,0.7438324689865112,79,30
2397,13497,specialized_enriched,active_fraction,0.0014012163737788796,0.0018839426338672638,0.7437680959701538,0.7437680959701538,142,30
2398,1731,specialized_enriched,active_fraction,0.0034191343002021313,0.004598664119839668,0.7435060143470764,0.7435060143470764,273,30
2399,3457,specialized_enriched,active_fraction,0.005534474737942219,0.007450396660715342,0.742842972278595,0.742842972278595,78,30
2400,15781,specialized_enriched,active_fraction,0.007875820621848106,0.010612497106194496,0.742127001285553,0.742127001285553,55,30
2401,5837,base_enriched,max,-0.6959621906280518,0.9380080699920654,-0.7419575452804565,0.7419575452804565,288,30
2402,6722,base_enriched,max,-0.6448003053665161,0.8690682649612427,-0.7419443726539612,0.7419443726539612,182,30
2403,5608,specialized_enriched,active_fraction,0.0020455392077565193,0.0027623348869383335,0.7405109405517578,0.7405109405517578,90,30
2404,553,specialized_enriched,mean,0.07353049516677856,0.09949430823326111,0.7390422224998474,0.7390422224998474,259,30
2405,13037,base_enriched,max,-0.5432811379432678,0.736353874206543,-0.7377989888191223,0.7377989888191223,170,30
2406,5395,base_enriched,mean,-0.04808662086725235,0.06519097834825516,-0.7376269102096558,0.7376269102096558,191,30
2407,11744,specialized_enriched,mean,0.030121605843305588,0.040861956775188446,0.7371552586555481,0.7371552586555481,133,30
2408,11527,specialized_enriched,mean,0.045999035239219666,0.062405623495578766,0.7370976209640503,0.7370976209640503,209,30
2409,11008,specialized_enriched,mean,0.06370902061462402,0.08645828813314438,0.7368758320808411,0.7368758320808411,218,30
2410,10331,specialized_enriched,mean,0.046366140246391296,0.06297630071640015,0.7362474203109741,0.7362474203109741,225,30
2411,3171,base_enriched,max,-0.21088841557502747,0.28661689162254333,-0.7357850074768066,0.7357850074768066,143,30
2412,14314,specialized_enriched,mean,0.05111811310052872,0.0694839283823967,0.7356825470924377,0.7356825470924377,93,30
2413,4986,specialized_enriched,mean,0.03016151487827301,0.040998220443725586,0.7356786131858826,0.7356786131858826,119,30
2414,15449,base_enriched,max,-1.529046654701233,2.0788979530334473,-0.7355082631111145,0.7355082631111145,183,30
2415,15481,base_enriched,mean,-0.030728809535503387,0.04180863872170448,-0.7349870800971985,0.7349870800971985,163,30
2416,1456,base_enriched,max,-1.0160638093948364,1.3828680515289307,-0.7347511053085327,0.7347511053085327,99,30
2417,15667,specialized_enriched,active_fraction,0.002395950723439455,0.003260917728766799,0.7347473502159119,0.7347473502159119,95,30
2418,15021,specialized_enriched,mean,0.07283404469490051,0.09929446130990982,0.7335156798362732,0.7335156798362732,287,30
2419,3854,base_enriched,active_fraction,-0.005732487887144089,0.007815386168658733,-0.7334874868392944,0.7334874868392944,91,30
2420,1970,base_enriched,active_fraction,-0.0019008973613381386,0.0025951098650693893,-0.7324920296669006,0.7324920296669006,100,30
2421,1641,specialized_enriched,mean,0.05018934607505798,0.06858482956886292,0.7317849397659302,0.7317849397659302,172,30
2422,1469,base_enriched,max,-1.3564841747283936,1.8544690608978271,-0.7314676642417908,0.7314676642417908,208,30
2423,10238,specialized_enriched,max,1.1357078552246094,1.5547078847885132,0.7304959893226624,0.7304959893226624,153,30
2424,7821,base_enriched,active_fraction,-0.00810418650507927,0.011095180176198483,-0.7304240465164185,0.7304240465164185,213,30
2425,11621,specialized_enriched,active_fraction,0.01117416750639677,0.015301325358450413,0.730274498462677,0.730274498462677,229,30
2426,14088,base_enriched,mean,-0.032934509217739105,0.04511212557554245,-0.7300589084625244,0.7300589084625244,168,30
2427,10489,specialized_enriched,active_fraction,0.0019295397214591503,0.002643388230353594,0.729949414730072,0.729949414730072,114,30
2428,11579,specialized_enriched,active_fraction,0.008171116933226585,0.011206922121345997,0.7291133999824524,0.7291133999824524,200,30
2429,16351,base_enriched,max,-0.9519095420837402,1.306497573852539,-0.7285965085029602,0.7285965085029602,266,30
2430,10600,base_enriched,active_fraction,-0.0047354185953736305,0.0064994534477591515,-0.7285872101783752,0.7285872101783752,81,30
2431,15321,base_enriched,active_fraction,-0.0025272625498473644,0.0034693309571594,-0.7284581661224365,0.7284581661224365,108,30
2432,12526,base_enriched,max,-0.7750847935676575,1.0643792152404785,-0.7282035946846008,0.7282035946846008,111,30
2433,4833,specialized_enriched,active_fraction,0.002604020992293954,0.003576792310923338,0.7280324697494507,0.7280324697494507,193,30
2434,3190,base_enriched,mean,-0.029517829418182373,0.040569379925727844,-0.7275888919830322,0.7275888919830322,139,30
2435,8941,base_enriched,mean,-0.05681609734892845,0.07811937481164932,-0.7272984385490417,0.7272984385490417,219,30
2436,2454,base_enriched,active_fraction,-0.0020962590351700783,0.0028826536145061255,-0.7271977066993713,0.7271977066993713,131,30
2437,5267,specialized_enriched,mean,0.05789051949977875,0.0796671062707901,0.7266552448272705,0.7266552448272705,253,30
2438,7741,specialized_enriched,active_fraction,0.002353564603254199,0.003240227932110429,0.7263577580451965,0.7263577580451965,82,30
2439,3934,base_enriched,mean,-0.025889640673995018,0.03565841168165207,-0.7260458469390869,0.7260458469390869,131,30
2440,10927,base_enriched,mean,-0.03954267129302025,0.05450398102402687,-0.7255005836486816,0.7255005836486816,199,30
2441,120,specialized_enriched,mean,0.02831803262233734,0.03905772790312767,0.7250301837921143,0.7250301837921143,205,30
2442,12280,specialized_enriched,active_fraction,0.0020050674211233854,0.0027655570302158594,0.7250139713287354,0.7250139713287354,120,30
2443,9430,base_enriched,max,-0.8672254681587219,1.1964259147644043,-0.7248467803001404,0.7248467803001404,155,30
2444,5609,base_enriched,mean,-0.06550519168376923,0.09046152234077454,-0.724122166633606,0.724122166633606,191,30
2445,5911,base_enriched,active_fraction,-0.0014980342239141464,0.0020698518492281437,-0.7237398028373718,0.7237398028373718,116,30
2446,6304,specialized_enriched,mean,0.03255647420883179,0.044987186789512634,0.72368323802948,0.72368323802948,123,30
2447,15919,specialized_enriched,max,0.6042233109474182,0.8354323506355286,0.7232462167739868,0.7232462167739868,275,30
2448,12031,specialized_enriched,max,0.5154127478599548,0.71302729845047,0.7228513360023499,0.7228513360023499,192,30
2449,1167,specialized_enriched,max,0.5842157602310181,0.808613121509552,0.7224910855293274,0.7224910855293274,31,30
2450,10073,specialized_enriched,active_fraction,0.007611923851072788,0.010536570101976395,0.7224289774894714,0.7224289774894714,96,30
2451,12075,base_enriched,mean,-0.019797250628471375,0.02740534208714962,-0.7223865389823914,0.7223865389823914,175,30
2452,13253,base_enriched,max,-0.7203058004379272,0.999617338180542,-0.7205815315246582,0.7205815315246582,110,30
2453,9381,specialized_enriched,active_fraction,0.015704691410064697,0.021817399188876152,0.7198241949081421,0.7198241949081421,148,30
2454,2018,specialized_enriched,mean,0.04827740415930748,0.0670817494392395,0.71968013048172,0.71968013048172,92,30
2455,179,specialized_enriched,mean,0.0702391117811203,0.0976361483335495,0.7193965911865234,0.7193965911865234,90,30
2456,9294,specialized_enriched,active_fraction,0.00257915654219687,0.003586689243093133,0.7190911769866943,0.7190911769866943,78,30
2457,9139,base_enriched,active_fraction,-0.0042142923921346664,0.00586087116971612,-0.7190556526184082,0.7190556526184082,272,30
2458,9518,specialized_enriched,active_fraction,0.0026957665104418993,0.003750705625861883,0.7187358140945435,0.7187358140945435,86,30
2459,4918,specialized_enriched,mean,0.02220165729522705,0.030972352251410484,0.7168217897415161,0.7168217897415161,148,30
2460,4493,base_enriched,active_fraction,-0.002561269560828805,0.0035747766960412264,-0.7164837718009949,0.7164837718009949,158,30
2461,14231,specialized_enriched,active_fraction,0.006893266458064318,0.00964120402932167,0.7149798274040222,0.7149798274040222,31,30
2462,2410,specialized_enriched,mean,0.023438099771738052,0.03281405195593834,0.7142702341079712,0.7142702341079712,130,30
2463,8372,base_enriched,max,-0.618209719657898,0.8659372925758362,-0.7139197587966919,0.7139197587966919,229,30
2464,4959,specialized_enriched,max,0.3358270525932312,0.47059470415115356,0.7136226892471313,0.7136226892471313,45,30
2465,5497,base_enriched,max,-1.4312539100646973,2.0059633255004883,-0.7134995460510254,0.7134995460510254,157,30
2466,14426,specialized_enriched,active_fraction,0.009238303638994694,0.012954571284353733,0.7131307721138,0.7131307721138,141,30
2467,6371,base_enriched,max,-0.6327366828918457,0.8904522061347961,-0.7105790376663208,0.7105790376663208,279,30
2468,1075,base_enriched,max,-0.8157128095626831,1.1490601301193237,-0.709895670413971,0.709895670413971,223,30
2469,13487,base_enriched,max,-1.354563593864441,1.9081355333328247,-0.7098885774612427,0.7098885774612427,115,30
2470,5526,specialized_enriched,mean,0.08126816898584366,0.11463552713394165,0.7089265584945679,0.7089265584945679,96,30
2471,6491,base_enriched,active_fraction,-0.005052650347352028,0.007134610787034035,-0.7081886529922485,0.7081886529922485,273,30
2472,6949,base_enriched,max,-0.8760958909988403,1.2375949621200562,-0.7079019546508789,0.7079019546508789,105,30
2473,4730,specialized_enriched,max,1.2667605876922607,1.7904046773910522,0.7075275182723999,0.7075275182723999,113,30
2474,8140,base_enriched,max,-0.66499924659729,0.9407588243484497,-0.7068753838539124,0.7068753838539124,224,30
2475,4300,specialized_enriched,mean,0.03884626179933548,0.054978348314762115,0.7065738439559937,0.7065738439559937,245,30
2476,6710,base_enriched,max,-0.9585415124893188,1.3570849895477295,-0.7063238620758057,0.7063238620758057,263,30
2477,2981,base_enriched,max,-0.6688751578330994,0.9474258422851562,-0.7059921026229858,0.7059921026229858,107,30
2478,2357,specialized_enriched,active_fraction,0.008944699540734291,0.012688716873526573,0.7049333453178406,0.7049333453178406,257,30
2479,1110,specialized_enriched,mean,0.037158116698265076,0.05275707691907883,0.7043247818946838,0.7043247818946838,250,30
2480,9325,specialized_enriched,mean,0.027227845042943954,0.03865973278880119,0.7042946815490723,0.7042946815490723,242,30
2481,12243,base_enriched,max,-0.8216949105262756,1.1676784753799438,-0.7036996483802795,0.7036996483802795,162,30
2482,485,base_enriched,max,-0.6631393432617188,0.9433010816574097,-0.7029985785484314,0.7029985785484314,274,30
2483,15740,specialized_enriched,active_fraction,0.005238075274974108,0.007456683088093996,0.7024672031402588,0.7024672031402588,279,30
2484,13413,base_enriched,max,-0.6687794923782349,0.9547329545021057,-0.7004885673522949,0.7004885673522949,113,30
2485,328,base_enriched,max,-1.1310044527053833,1.616339087486267,-0.6997321844100952,0.6997321844100952,115,30
2486,9470,base_enriched,max,-1.2959015369415283,1.852049708366394,-0.6997120976448059,0.6997120976448059,232,30
2487,13499,specialized_enriched,mean,0.02413846366107464,0.03453357517719269,0.6989853382110596,0.6989853382110596,173,30
2488,8144,base_enriched,mean,-0.03333074972033501,0.047742459923028946,-0.6981363892555237,0.6981363892555237,185,30
2489,1301,specialized_enriched,active_fraction,0.0015130917308852077,0.0021689152345061302,0.6976260542869568,0.6976260542869568,110,30
2490,13358,specialized_enriched,active_fraction,0.008755842223763466,0.012558268383145332,0.6972173452377319,0.6972173452377319,199,30
2491,15516,specialized_enriched,active_fraction,0.002869552932679653,0.0041227154433727264,0.6960346698760986,0.6960346698760986,167,30
2492,9903,base_enriched,active_fraction,-0.007264116778969765,0.01043684221804142,-0.6960071325302124,0.6960071325302124,150,30
2493,1407,base_enriched,max,-0.2198072373867035,0.31613391637802124,-0.6952978372573853,0.6952978372573853,190,30
2494,10906,base_enriched,max,-0.9711918234825134,1.3975564241409302,-0.6949213743209839,0.6949213743209839,115,30
2495,11386,base_enriched,active_fraction,-0.006663544103503227,0.009590952657163143,-0.6947739720344543,0.6947739720344543,222,30
2496,12694,base_enriched,max,-0.7250146865844727,1.0436242818832397,-0.694708526134491,0.694708526134491,255,30
2497,15680,base_enriched,mean,-0.064034104347229,0.09217659384012222,-0.6946893930435181,0.6946893930435181,223,30
2498,5617,base_enriched,max,-1.20833158493042,1.7405399084091187,-0.6942280530929565,0.6942280530929565,157,30
2499,5800,base_enriched,max,-1.0890244245529175,1.5686882734298706,-0.6942261457443237,0.6942261457443237,198,30
2500,7065,base_enriched,max,-0.5434300899505615,0.7830901741981506,-0.6939559578895569,0.6939559578895569,128,30
2501,8494,base_enriched,max,-1.0544722080230713,1.5207449197769165,-0.6933919191360474,0.6933919191360474,220,30
2502,3379,specialized_enriched,mean,0.02010980434715748,0.029014335945248604,0.6930989027023315,0.6930989027023315,98,30
2503,8407,base_enriched,max,-0.8660285472869873,1.2512049674987793,-0.6921555995941162,0.6921555995941162,200,30
2504,9642,specialized_enriched,active_fraction,0.0021034791134297848,0.003045035991817713,0.6907895803451538,0.6907895803451538,98,30
2505,15660,base_enriched,max,-0.5464070439338684,0.7910093665122986,-0.6907718777656555,0.6907718777656555,87,30
2506,3531,base_enriched,max,-0.9321675300598145,1.350008487701416,-0.6904901266098022,0.6904901266098022,283,30
2507,1779,base_enriched,active_fraction,-0.004266719799488783,0.006189203355461359,-0.6893811225891113,0.6893811225891113,45,30
2508,9491,base_enriched,mean,-0.02364615723490715,0.03430274873971939,-0.6893370747566223,0.6893370747566223,89,30
2509,1236,specialized_enriched,active_fraction,0.005910050123929977,0.008574854582548141,0.6892303824424744,0.6892303824424744,177,30
2510,3090,specialized_enriched,max,0.9411529302597046,1.3682773113250732,0.6878378391265869,0.6878378391265869,219,30
2511,1897,base_enriched,active_fraction,-0.008952368050813675,0.013019842095673084,-0.6875942349433899,0.6875942349433899,162,30
2512,6983,specialized_enriched,active_fraction,0.006919414270669222,0.010066065937280655,0.6874000430107117,0.6874000430107117,218,30
2513,3961,base_enriched,mean,-0.07649622112512589,0.11142637580633163,-0.6865180730819702,0.6865180730819702,229,30
2514,7531,base_enriched,active_fraction,-0.006217163987457752,0.009063233621418476,-0.6859763860702515,0.6859763860702515,236,30
2515,2824,specialized_enriched,max,0.838402271270752,1.2242608070373535,0.6848232746124268,0.6848232746124268,270,30
2516,7386,base_enriched,active_fraction,-0.012961255386471748,0.018955862149596214,-0.6837597489356995,0.6837597489356995,205,30
2517,1126,specialized_enriched,mean,0.044256169348955154,0.06481830775737762,0.682772696018219,0.682772696018219,290,30
2518,14664,base_enriched,max,-1.7060824632644653,2.500330686569214,-0.6823427081108093,0.6823427081108093,157,30
2519,244,base_enriched,max,-0.8235384225845337,1.2070679664611816,-0.6822634935379028,0.6822634935379028,94,30
2520,10676,base_enriched,mean,-0.03309391438961029,0.04859929904341698,-0.6809545755386353,0.6809545755386353,208,30
2521,6875,specialized_enriched,mean,0.049710411578416824,0.07300592213869095,0.680909276008606,0.680909276008606,274,30
2522,460,base_enriched,active_fraction,-0.0062486557289958,0.009200302883982658,-0.6791793704032898,0.6791793704032898,156,30
2523,5813,specialized_enriched,max,0.4302434027194977,0.6351354122161865,0.6774042248725891,0.6774042248725891,139,30
2524,15248,base_enriched,active_fraction,-0.003184968139976263,0.004704818595200777,-0.6769587397575378,0.6769587397575378,69,30
2525,6846,base_enriched,max,-1.3118896484375,1.9394447803497314,-0.6764253377914429,0.6764253377914429,95,30
2526,13967,base_enriched,max,-0.4498148560523987,0.6658718585968018,-0.6755276322364807,0.6755276322364807,146,30
2527,3895,base_enriched,max,-0.5976102352142334,0.8857054710388184,-0.6747279763221741,0.6747279763221741,287,30
2528,9741,specialized_enriched,mean,0.0630437508225441,0.09343699365854263,0.6747193932533264,0.6747193932533264,207,30
2529,10707,base_enriched,max,-0.6724916100502014,0.9974066615104675,-0.6742401719093323,0.6742401719093323,105,30
2530,367,base_enriched,max,-0.6371650695800781,0.9451204538345337,-0.6741628050804138,0.6741628050804138,291,30
2531,3428,base_enriched,max,-0.8760495185852051,1.299813151359558,-0.6739811301231384,0.6739811301231384,160,30
2532,6498,base_enriched,max,-0.8750101327896118,1.2985379695892334,-0.6738425493240356,0.6738425493240356,249,30
2533,11668,specialized_enriched,mean,0.06779887527227402,0.1006661057472229,0.673502504825592,0.673502504825592,120,30
2534,3600,base_enriched,active_fraction,-0.006706183776259422,0.009975472465157509,-0.6722672581672668,0.6722672581672668,164,30
2535,15326,specialized_enriched,active_fraction,0.009943878278136253,0.014831441454589367,0.6704593300819397,0.6704593300819397,156,30
2536,3660,base_enriched,max,-0.4318091869354248,0.6444507837295532,-0.6700421571731567,0.6700421571731567,188,30
2537,14014,specialized_enriched,mean,0.044335152953863144,0.06629573553800583,0.6687481999397278,0.6687481999397278,230,30
2538,7469,base_enriched,mean,-0.045364346355199814,0.06791454553604126,-0.6679621338844299,0.6679621338844299,198,30
2539,13177,specialized_enriched,active_fraction,0.003430101554840803,0.005143139511346817,0.6669275760650635,0.6669275760650635,137,30
2540,3867,base_enriched,active_fraction,-0.003786830697208643,0.005678077694028616,-0.6669212579727173,0.6669212579727173,153,30
2541,3097,base_enriched,max,-0.6799586415290833,1.020713448524475,-0.6661601662635803,0.6661601662635803,291,30
2542,4724,base_enriched,active_fraction,-0.004277031868696213,0.006420652847737074,-0.666136622428894,0.666136622428894,276,30
2543,4672,base_enriched,mean,-0.030885381624102592,0.04640557989478111,-0.6655532121658325,0.6655532121658325,262,30
2544,13144,specialized_enriched,active_fraction,0.005307755433022976,0.007985852658748627,0.6646447777748108,0.6646447777748108,149,30
2545,12212,specialized_enriched,max,1.1341172456741333,1.7071495056152344,0.6643338799476624,0.6643338799476624,98,30
2546,15467,specialized_enriched,max,0.7973382472991943,1.2014949321746826,0.6636218428611755,0.6636218428611755,124,30
2547,12330,base_enriched,active_fraction,-0.002523849019780755,0.003809582907706499,-0.6625000834465027,0.6625000834465027,95,30
2548,6950,base_enriched,mean,-0.02764260768890381,0.04176026210188866,-0.6619356870651245,0.6619356870651245,170,30
2549,3421,base_enriched,active_fraction,-0.0028535043820738792,0.004314877092838287,-0.6613176465034485,0.6613176465034485,79,30
2550,204,base_enriched,max,-0.7963018417358398,1.2053322792053223,-0.6606492400169373,0.6606492400169373,275,30
2551,3832,specialized_enriched,max,0.9497087001800537,1.4409935474395752,0.6590651869773865,0.6590651869773865,220,30
2552,4099,specialized_enriched,active_fraction,0.008651308715343475,0.013126823119819164,0.659055769443512,0.659055769443512,254,30
2553,12984,base_enriched,active_fraction,-0.0024920417927205563,0.0037817517295479774,-0.6589649319648743,0.6589649319648743,127,30
2554,13303,specialized_enriched,active_fraction,0.0070715490728616714,0.010733230970799923,0.6588462591171265,0.6588462591171265,127,30
2555,5018,specialized_enriched,active_fraction,0.007977155968546867,0.012115384452044964,0.6584319472312927,0.6584319472312927,61,30
2556,14232,specialized_enriched,mean,0.029659274965524673,0.0450613759458065,0.658197283744812,0.658197283744812,35,30
2557,1323,base_enriched,max,-0.46942004561424255,0.7132139801979065,-0.6581755876541138,0.6581755876541138,157,30
2558,8255,base_enriched,max,-0.9497249126434326,1.4432731866836548,-0.6580354571342468,0.6580354571342468,158,30
2559,8496,base_enriched,active_fraction,-0.0009040194563567638,0.0013741744915023446,-0.6578636765480042,0.6578636765480042,39,30
2560,10400,specialized_enriched,mean,0.02197406068444252,0.03343961387872696,0.6571266055107117,0.6571266055107117,203,30
2561,2643,base_enriched,max,-1.0382933616638184,1.5808583498001099,-0.6567909121513367,0.6567909121513367,247,30
2562,14591,specialized_enriched,active_fraction,0.0012888519559055567,0.0019637239165604115,0.6563305258750916,0.6563305258750916,40,30
2563,4991,base_enriched,max,-0.3814011216163635,0.5812686085700989,-0.6561529636383057,0.6561529636383057,262,30
2564,14722,base_enriched,max,-0.6035664081573486,0.9200409054756165,-0.6560212969779968,0.6560212969779968,103,30
2565,14211,base_enriched,max,-0.6980469226837158,1.0658159255981445,-0.6549413800239563,0.6549413800239563,128,30
2566,11994,base_enriched,active_fraction,-0.004363744519650936,0.006670041941106319,-0.6542304754257202,0.6542304754257202,105,30
2567,12701,specialized_enriched,max,1.5210715532302856,2.3297502994537354,0.6528903841972351,0.6528903841972351,129,30
2568,3408,specialized_enriched,active_fraction,0.014039985835552216,0.021524127572774887,0.6522905826568604,0.6522905826568604,242,30
2569,7063,base_enriched,max,-0.4723793864250183,0.7245786786079407,-0.6519366502761841,0.6519366502761841,185,30
2570,13609,base_enriched,active_fraction,-0.0024018893018364906,0.003685674164444208,-0.6516824960708618,0.6516824960708618,183,30
2571,9334,specialized_enriched,active_fraction,0.007311554625630379,0.01124395988881588,0.650265097618103,0.650265097618103,142,30
2572,1268,specialized_enriched,active_fraction,0.00354749639518559,0.005472960416227579,0.6481860280036926,0.6481860280036926,132,30
2573,13137,base_enriched,active_fraction,-0.004396951757371426,0.006783684249967337,-0.648165762424469,0.648165762424469,240,30
2574,568,specialized_enriched,max,0.5856012105941772,0.9035748243331909,0.6480937600135803,0.6480937600135803,189,30
2575,14176,specialized_enriched,mean,0.030990108847618103,0.04786204919219017,0.6474881172180176,0.6474881172180176,99,30
2576,1819,specialized_enriched,active_fraction,0.008183024823665619,0.012639403343200684,0.6474217772483826,0.6474217772483826,168,30
2577,12408,specialized_enriched,mean,0.04150085523724556,0.06415047496557236,0.6469298005104065,0.6469298005104065,128,30
2578,7500,specialized_enriched,max,0.5969049334526062,0.9234886765480042,0.6463586688041687,0.6463586688041687,229,30
2579,11363,specialized_enriched,mean,0.01602751761674881,0.024846773594617844,0.645054280757904,0.645054280757904,53,30
2580,14243,specialized_enriched,active_fraction,0.004873230587691069,0.007556347642093897,0.6449187994003296,0.6449187994003296,131,30
2581,13081,specialized_enriched,active_fraction,0.007156827487051487,0.011132254265248775,0.6428911089897156,0.6428911089897156,141,30
2582,606,base_enriched,max,-0.5659517049789429,0.8803437352180481,-0.6428758502006531,0.6428758502006531,163,30
2583,6212,specialized_enriched,max,0.3143217861652374,0.48902827501296997,0.642747700214386,0.642747700214386,179,30
2584,4595,specialized_enriched,active_fraction,0.005442673806101084,0.008468064479529858,0.6427294015884399,0.6427294015884399,215,30
2585,5552,base_enriched,max,-0.6432673931121826,1.0011354684829712,-0.6425378322601318,0.6425378322601318,123,30
2586,1697,specialized_enriched,max,1.2537498474121094,1.951777696609497,0.6423630118370056,0.6423630118370056,129,30
2587,11182,base_enriched,active_fraction,-0.0037046163342893124,0.005769798532128334,-0.6420702934265137,0.6420702934265137,49,30
2588,12227,specialized_enriched,active_fraction,0.002342619001865387,0.00365090393461287,0.6416544914245605,0.6416544914245605,68,30
2589,8611,base_enriched,max,-0.9061166048049927,1.4124988317489624,-0.6414989829063416,0.6414989829063416,109,30
2590,15105,specialized_enriched,max,0.5802575349807739,0.9048361778259277,0.6412846446037292,0.6412846446037292,159,30
2591,4126,specialized_enriched,active_fraction,0.002548488788306713,0.00397501140832901,0.6411274075508118,0.6411274075508118,140,30
2592,7154,base_enriched,max,-1.0395317077636719,1.6257036924362183,-0.6394349336624146,0.6394349336624146,289,30
2593,10302,specialized_enriched,mean,0.055267296731472015,0.08643437922000885,0.6394133567810059,0.6394133567810059,150,30
2594,3375,specialized_enriched,active_fraction,0.005214596167206764,0.008159428834915161,0.6390883922576904,0.6390883922576904,234,30
2595,5270,base_enriched,max,-0.38250666856765747,0.599847674369812,-0.637673020362854,0.637673020362854,249,30
2596,9207,specialized_enriched,active_fraction,0.0007626621518284082,0.0011963199358433485,0.6375068426132202,0.6375068426132202,108,30
2597,10860,specialized_enriched,active_fraction,0.009329876862466335,0.014649908058345318,0.6368556618690491,0.6368556618690491,176,30
2598,6739,base_enriched,active_fraction,-0.003017978509888053,0.004742278251796961,-0.636398434638977,0.636398434638977,124,30
2599,16190,specialized_enriched,mean,0.022148776799440384,0.0348188616335392,0.6361142992973328,0.6361142992973328,161,30
2600,3931,specialized_enriched,mean,0.021612484008073807,0.03400926664471626,0.6354880928993225,0.6354880928993225,165,30
2601,6072,base_enriched,mean,-0.04981466010212898,0.07847711443901062,-0.634766697883606,0.634766697883606,265,30
2602,9572,specialized_enriched,max,1.6229767799377441,2.5597121715545654,0.6340466141700745,0.6340466141700745,117,30
2603,5785,specialized_enriched,active_fraction,0.0008776573231443763,0.001384780858643353,0.6337878704071045,0.6337878704071045,129,30
2604,10133,base_enriched,max,-1.0280988216400146,1.6231281757354736,-0.6334058046340942,0.6334058046340942,261,30
2605,5967,base_enriched,active_fraction,-0.0019234991632401943,0.0030378701630979776,-0.6331735849380493,0.6331735849380493,124,30
2606,3851,base_enriched,mean,-0.06610378623008728,0.10442088544368744,-0.6330513954162598,0.6330513954162598,224,30
2607,18,base_enriched,mean,-0.0528351366519928,0.08367393165826797,-0.6314408183097839,0.6314408183097839,232,30
2608,10430,base_enriched,active_fraction,-0.00329177756793797,0.005218088626861572,-0.6308397054672241,0.6308397054672241,117,30
2609,3060,specialized_enriched,active_fraction,0.005248672794550657,0.008321363478899002,0.6307467222213745,0.6307467222213745,289,30
2610,9,specialized_enriched,max,1.2346293926239014,1.957830548286438,0.6306109428405762,0.6306109428405762,127,30
2611,12471,specialized_enriched,mean,0.037131018936634064,0.058899618685245514,0.6304118633270264,0.6304118633270264,171,30
2612,2026,base_enriched,active_fraction,-0.005822835024446249,0.009244297631084919,-0.6298840045928955,0.6298840045928955,205,30
2613,7725,base_enriched,active_fraction,-0.006327047478407621,0.01005004346370697,-0.6295542120933533,0.6295542120933533,212,30
2614,11648,base_enriched,active_fraction,-0.002583781024441123,0.004107602406293154,-0.6290241479873657,0.6290241479873657,98,30
2615,2134,specialized_enriched,mean,0.040043339133262634,0.0637136921286583,0.6284887790679932,0.6284887790679932,204,30
2616,11023,base_enriched,max,-0.9832379817962646,1.5669984817504883,-0.6274658441543579,0.6274658441543579,161,30
2617,11681,specialized_enriched,mean,0.03919660300016403,0.0624716691672802,0.6274300813674927,0.6274300813674927,162,30
2618,3495,specialized_enriched,active_fraction,0.006299488712102175,0.010044156573712826,0.6271794438362122,0.6271794438362122,252,30
2619,11261,specialized_enriched,max,0.9441088438034058,1.505841851234436,0.6269641518592834,0.6269641518592834,169,30
2620,11084,base_enriched,active_fraction,-0.005527435801923275,0.008819800801575184,-0.6267075538635254,0.6267075538635254,284,30
2621,15222,base_enriched,max,-1.9721455574035645,3.1510376930236816,-0.6258717775344849,0.6258717775344849,69,30
2622,12680,base_enriched,active_fraction,-0.0016283757286146283,0.002604530891403556,-0.625208854675293,0.625208854675293,74,30
2623,12305,specialized_enriched,active_fraction,0.0024875320959836245,0.0039797089993953705,0.6250537633895874,0.6250537633895874,127,30
2624,1223,base_enriched,max,-0.5738503336906433,0.9208071231842041,-0.6232036352157593,0.6232036352157593,111,30
2625,1691,base_enriched,max,-0.5329016447067261,0.8555042147636414,-0.622909426689148,0.622909426689148,209,30
2626,8984,base_enriched,max,-1.395240306854248,2.239924669265747,-0.6228960752487183,0.6228960752487183,62,30
2627,12251,specialized_enriched,active_fraction,0.004277647472918034,0.006870580837130547,0.6226034760475159,0.6226034760475159,227,30
2628,6665,base_enriched,mean,-0.013849496841430664,0.022251617163419724,-0.6224040389060974,0.6224040389060974,150,30
2629,15540,specialized_enriched,active_fraction,0.002279606182128191,0.003668196965008974,0.6214514374732971,0.6214514374732971,101,30
2630,11640,specialized_enriched,active_fraction,0.0035783981438726187,0.005768225062638521,0.6203638315200806,0.6203638315200806,131,30
2631,4944,base_enriched,active_fraction,-0.004078101832419634,0.006573832593858242,-0.6203537583351135,0.6203537583351135,195,30
2632,13384,specialized_enriched,mean,0.03606880456209183,0.05819075554609299,0.6198373436927795,0.6198373436927795,286,30
2633,46,base_enriched,max,-0.12582284212112427,0.20313143730163574,-0.6194158792495728,0.6194158792495728,56,30
2634,9860,specialized_enriched,active_fraction,0.0020782616920769215,0.0033559650182724,0.6192739605903625,0.6192739605903625,115,30
2635,6262,specialized_enriched,max,1.092979907989502,1.7650898694992065,0.6192205548286438,0.6192205548286438,182,30
2636,5120,base_enriched,max,-0.5545511245727539,0.8961807489395142,-0.6187938451766968,0.6187938451766968,290,30
2637,10885,specialized_enriched,active_fraction,0.0026286852080374956,0.004250149708241224,0.6184923648834229,0.6184923648834229,93,30
2638,14180,base_enriched,mean,-0.02238091267645359,0.036206237971782684,-0.6181507110595703,0.6181507110595703,159,30
2639,71,specialized_enriched,max,0.38196301460266113,0.6190658211708069,0.6169990301132202,0.6169990301132202,189,30
2640,4687,base_enriched,max,-0.5978504419326782,0.9697203040122986,-0.6165184378623962,0.6165184378623962,200,30
2641,13830,base_enriched,max,-1.5568561553955078,2.5261552333831787,-0.6162947416305542,0.6162947416305542,175,30
2642,2704,specialized_enriched,mean,0.04064366593956947,0.06611860543489456,0.6147084832191467,0.6147084832191467,140,30
2643,10867,specialized_enriched,active_fraction,0.0044220322743058205,0.007203375454992056,0.613883376121521,0.613883376121521,153,30
2644,12943,base_enriched,max,-0.7836065292358398,1.277777910232544,-0.6132572293281555,0.6132572293281555,222,30
2645,9812,specialized_enriched,active_fraction,0.004269313998520374,0.006970755290240049,0.612460732460022,0.612460732460022,269,30
2646,2632,base_enriched,max,-0.7424025535583496,1.2138502597808838,-0.6116096377372742,0.6116096377372742,274,30
2647,14851,specialized_enriched,max,0.3956601619720459,0.6477693915367126,0.61080402135849,0.61080402135849,124,30
2648,535,specialized_enriched,mean,0.03048618510365486,0.04991431534290314,0.6107704043388367,0.6107704043388367,278,30
2649,3170,specialized_enriched,mean,0.06994778662919998,0.11452730000019073,0.6107521057128906,0.6107521057128906,291,30
2650,1287,base_enriched,mean,-0.028009094297885895,0.045867662876844406,-0.6106501221656799,0.6106501221656799,255,30
2651,1705,specialized_enriched,active_fraction,0.0034538814797997475,0.005685543175786734,0.6074848771095276,0.6074848771095276,279,30
2652,1466,specialized_enriched,mean,0.023784086108207703,0.039157647639513016,0.6073931455612183,0.6073931455612183,157,30
2653,10378,specialized_enriched,max,0.7796480059623718,1.2838358879089355,0.6072801351547241,0.6072801351547241,196,30
2654,4486,specialized_enriched,mean,0.030058911070227623,0.04950351640582085,0.6072075963020325,0.6072075963020325,173,30
2655,16335,base_enriched,max,-0.27403584122657776,0.45131006836891174,-0.6072008013725281,0.6072008013725281,101,30
2656,7843,base_enriched,active_fraction,-0.006290028803050518,0.010365481488406658,-0.6068245768547058,0.6068245768547058,172,30
2657,14230,base_enriched,active_fraction,-0.005782900378108025,0.00953272171318531,-0.6066368818283081,0.6066368818283081,279,30
2658,10765,base_enriched,max,-1.3061810731887817,2.153860569000244,-0.6064371466636658,0.6064371466636658,134,30
2659,10890,specialized_enriched,max,0.5146066546440125,0.8489037752151489,0.6062014102935791,0.6062014102935791,193,30
2660,1903,base_enriched,mean,-0.012080267071723938,0.019958939403295517,-0.6052559614181519,0.6052559614181519,128,30
2661,12406,specialized_enriched,mean,0.04154292866587639,0.06864342093467712,0.6051989793777466,0.6051989793777466,103,30
2662,6524,specialized_enriched,max,0.8367092609405518,1.382724642753601,0.6051163077354431,0.6051163077354431,159,30
2663,4634,specialized_enriched,active_fraction,0.010959452018141747,0.018192866817116737,0.6024038195610046,0.6024038195610046,266,30
2664,9531,specialized_enriched,max,0.9795948266983032,1.6265852451324463,0.6022400856018066,0.6022400856018066,132,30
2665,3471,base_enriched,active_fraction,-0.0078854626044631,0.013113288208842278,-0.601333737373352,0.601333737373352,185,30
2666,3064,specialized_enriched,mean,0.022051682695746422,0.03672553226351738,0.600445568561554,0.600445568561554,102,30
2667,619,specialized_enriched,max,0.42319661378860474,0.7050343155860901,0.6002496480941772,0.6002496480941772,291,30
2668,12353,specialized_enriched,mean,0.03343035653233528,0.055768534541130066,0.5994483828544617,0.5994483828544617,276,30
2669,4263,base_enriched,max,-0.33606672286987305,0.5610566735267639,-0.5989888906478882,0.5989888906478882,160,30
2670,7940,specialized_enriched,active_fraction,0.0046424283646047115,0.0077637904323637486,0.5979589819908142,0.5979589819908142,150,30
2671,6326,specialized_enriched,max,0.3678782284259796,0.6153458952903748,0.5978397130966187,0.5978397130966187,176,30
2672,15263,base_enriched,mean,-0.011262726038694382,0.018854154273867607,-0.5973604321479797,0.5973604321479797,32,30
2673,6882,specialized_enriched,mean,0.05235280841588974,0.08768821507692337,0.5970335602760315,0.5970335602760315,283,30
2674,11425,specialized_enriched,active_fraction,0.0033955334220081568,0.005703663919121027,0.5953249335289001,0.5953249335289001,41,30
2675,12604,specialized_enriched,max,0.1579107940196991,0.2652978301048279,0.5952208042144775,0.5952208042144775,39,30
2676,14163,specialized_enriched,active_fraction,0.003863150253891945,0.006497733760625124,0.5945380926132202,0.5945380926132202,61,30
2677,7392,base_enriched,max,-1.2680522203445435,2.133549213409424,-0.5943393111228943,0.5943393111228943,214,30
2678,5747,base_enriched,max,-0.20739099383354187,0.3493635654449463,-0.5936251282691956,0.5936251282691956,73,30
2679,10160,specialized_enriched,max,0.915519118309021,1.5435680150985718,0.5931187272071838,0.5931187272071838,119,30
2680,5290,base_enriched,max,-1.086397409439087,1.8342760801315308,-0.592275857925415,0.592275857925415,224,30
2681,7004,base_enriched,max,-0.23354215919971466,0.3945761024951935,-0.5918811559677124,0.5918811559677124,122,30
2682,3521,specialized_enriched,max,0.25308099389076233,0.4286003112792969,0.5904825329780579,0.5904825329780579,59,30
2683,12980,base_enriched,max,-0.6502796411514282,1.1014562845230103,-0.5903816819190979,0.5903816819190979,205,30
2684,16019,specialized_enriched,max,0.8250331878662109,1.3992607593536377,0.5896207690238953,0.5896207690238953,200,30
2685,404,specialized_enriched,active_fraction,0.008473020978271961,0.014376113191246986,0.5893819332122803,0.5893819332122803,189,30
2686,13124,base_enriched,mean,-0.024508053436875343,0.041601214557886124,-0.5891187191009521,0.5891187191009521,140,30
2687,13805,base_enriched,mean,-0.02462678775191307,0.04182615503668785,-0.588789165019989,0.588789165019989,165,30
2688,15479,base_enriched,active_fraction,-0.005647685378789902,0.009594387374818325,-0.5886446833610535,0.5886446833610535,281,30
2689,11963,base_enriched,active_fraction,-0.00210273708216846,0.0035725755151361227,-0.588577389717102,0.588577389717102,134,30
2690,2325,base_enriched,max,-0.7762439250946045,1.3203521966934204,-0.5879067182540894,0.5879067182540894,224,30
2691,2604,base_enriched,active_fraction,-0.002220159163698554,0.00377955031581223,-0.5874135494232178,0.5874135494232178,108,30
2692,13175,specialized_enriched,max,0.36680835485458374,0.6254014372825623,0.5865166187286377,0.5865166187286377,259,30
2693,14840,specialized_enriched,max,0.23807281255722046,0.4062112271785736,0.586081326007843,0.586081326007843,286,30
2694,13324,base_enriched,active_fraction,-0.007092416286468506,0.012134009972214699,-0.5845072269439697,0.5845072269439697,220,30
2695,16286,specialized_enriched,active_fraction,0.01203834731131792,0.020598137751221657,0.5844386219978333,0.5844386219978333,75,30
2696,7101,base_enriched,max,-0.14259329438209534,0.24404187500476837,-0.5842984914779663,0.5842984914779663,101,30
2697,10367,specialized_enriched,active_fraction,0.01606833189725876,0.027554359287023544,0.5831502676010132,0.5831502676010132,76,30
2698,15482,base_enriched,mean,-0.03269917517900467,0.056183572858572006,-0.5820059776306152,0.5820059776306152,142,30
2699,11394,specialized_enriched,max,0.4171173572540283,0.7167704701423645,0.5819399356842041,0.5819399356842041,148,30
2700,11269,specialized_enriched,active_fraction,0.0024579656310379505,0.004223886877298355,0.581920325756073,0.581920325756073,141,30
2701,5376,base_enriched,active_fraction,-0.0018794731004163623,0.0032325515057891607,-0.5814209580421448,0.5814209580421448,128,30
2702,10148,specialized_enriched,max,0.23237648606300354,0.39995160698890686,0.5810115337371826,0.5810115337371826,87,30
2703,7769,specialized_enriched,active_fraction,0.007362069096416235,0.012686929665505886,0.5802876949310303,0.5802876949310303,253,30
2704,6693,specialized_enriched,mean,0.014843020588159561,0.02561243064701557,0.5795240998268127,0.5795240998268127,233,30
2705,6808,base_enriched,mean,-0.022562174126505852,0.03901052474975586,-0.5783612132072449,0.5783612132072449,119,30
2706,15280,base_enriched,active_fraction,-0.0027441615238785744,0.004747835453599691,-0.5779815912246704,0.5779815912246704,98,30
2707,6365,specialized_enriched,mean,0.01846872828900814,0.03196493536233902,0.5777809023857117,0.5777809023857117,176,30
2708,3441,specialized_enriched,max,0.5027575492858887,0.8705149292945862,0.577540397644043,0.577540397644043,113,30
2709,1755,specialized_enriched,mean,0.027191096916794777,0.04710588976740837,0.5772334933280945,0.5772334933280945,153,30
2710,7657,base_enriched,max,-0.20321857929229736,0.35249629616737366,-0.5765126943588257,0.5765126943588257,154,30
2711,811,base_enriched,max,-0.6316709518432617,1.096196174621582,-0.5762389898300171,0.5762389898300171,230,30
2712,11433,base_enriched,max,-0.6080764532089233,1.055501103401184,-0.5761021375656128,0.5761021375656128,190,30
2713,4452,specialized_enriched,max,1.3344736099243164,2.3181052207946777,0.575674295425415,0.575674295425415,160,30
2714,84,base_enriched,mean,-0.026095226407051086,0.04550248757004738,-0.5734900832176208,0.5734900832176208,195,30
2715,10320,specialized_enriched,active_fraction,0.004611521493643522,0.00804163422435522,0.5734557509422302,0.5734557509422302,73,30
2716,15808,specialized_enriched,max,0.507680356502533,0.8858899474143982,0.5730738639831543,0.5730738639831543,235,30
2717,15411,specialized_enriched,max,1.2843685150146484,2.2415685653686523,0.5729775428771973,0.5729775428771973,101,30
2718,8947,base_enriched,mean,-0.02591540478169918,0.04525799676775932,-0.5726149082183838,0.5726149082183838,166,30
2719,7202,base_enriched,active_fraction,-0.0010020328918471932,0.001750572002492845,-0.5724031329154968,0.5724031329154968,52,30
2720,6789,base_enriched,mean,-0.008333449251949787,0.014564447104930878,-0.572177529335022,0.572177529335022,231,30
2721,11091,base_enriched,active_fraction,-0.006921621970832348,0.012134644202888012,-0.5704017281532288,0.5704017281532288,273,30
2722,5085,specialized_enriched,mean,0.043724607676267624,0.07672134041786194,0.5699145197868347,0.5699145197868347,147,30
2723,11421,base_enriched,max,-1.016413927078247,1.7867727279663086,-0.5688546299934387,0.5688546299934387,265,30
2724,1317,specialized_enriched,max,0.20459432899951935,0.3600481450557709,0.5682415962219238,0.5682415962219238,287,30
2725,6281,specialized_enriched,max,0.5605722665786743,0.9867395758628845,0.5681055784225464,0.5681055784225464,108,30
2726,5273,specialized_enriched,max,1.0622361898422241,1.8704009056091309,0.5679190158843994,0.5679190158843994,131,30
2727,2017,base_enriched,active_fraction,-0.002887795213609934,0.005085367243736982,-0.5678636431694031,0.5678636431694031,156,30
2728,11159,base_enriched,mean,-0.022111495956778526,0.03917687013745308,-0.5644018054008484,0.5644018054008484,140,30
2729,13289,base_enriched,max,-0.8825228214263916,1.566184639930725,-0.5634858012199402,0.5634858012199402,224,30
2730,14635,specialized_enriched,active_fraction,0.0022950873244553804,0.004076121840626001,0.5630565881729126,0.5630565881729126,83,30
2731,14086,base_enriched,mean,-0.049794480204582214,0.08852162957191467,-0.5625120401382446,0.5625120401382446,253,30
2732,6016,specialized_enriched,max,0.8382583856582642,1.4908597469329834,0.5622650980949402,0.5622650980949402,155,30
2733,14072,base_enriched,max,-0.7506529092788696,1.3359192609786987,-0.5618999004364014,0.5618999004364014,247,30
2734,1602,specialized_enriched,mean,0.03326277807354927,0.05924254655838013,0.561467707157135,0.561467707157135,290,30
2735,2005,specialized_enriched,mean,0.027462422847747803,0.0489501990377903,0.5610278248786926,0.5610278248786926,265,30
2736,7619,base_enriched,max,-0.7519141435623169,1.3411974906921387,-0.5606289505958557,0.5606289505958557,155,30
2737,4569,base_enriched,max,-0.25786253809928894,0.46072709560394287,-0.5596860647201538,0.5596860647201538,110,30
2738,16142,base_enriched,mean,-0.046064481139183044,0.08247987926006317,-0.5584935545921326,0.5584935545921326,167,30
2739,7790,base_enriched,mean,-0.033843521028757095,0.060636017471551895,-0.5581421852111816,0.5581421852111816,197,30
2740,15155,specialized_enriched,max,0.3166033923625946,0.5677075386047363,0.5576874613761902,0.5576874613761902,58,30
2741,1241,base_enriched,active_fraction,-0.003631879109889269,0.00653134984895587,-0.5560686588287354,0.5560686588287354,284,30
2742,12832,base_enriched,max,-0.7613158822059631,1.3726710081100464,-0.5546237230300903,0.5546237230300903,171,30
2743,8509,specialized_enriched,active_fraction,0.008339626714587212,0.015049579553306103,0.554143488407135,0.554143488407135,261,30
2744,7596,base_enriched,active_fraction,-0.002162135438993573,0.0039021398406475782,-0.5540896654129028,0.5540896654129028,153,30
2745,12601,specialized_enriched,active_fraction,0.0051732673309743404,0.009346491657197475,0.5534983277320862,0.5534983277320862,245,30
2746,4962,base_enriched,active_fraction,-0.006065632216632366,0.010977034457027912,-0.5525747537612915,0.5525747537612915,276,30
2747,2812,base_enriched,max,-0.3583391010761261,0.6485867500305176,-0.5524921417236328,0.5524921417236328,225,30
2748,14678,specialized_enriched,mean,0.02495577745139599,0.04517369344830513,0.5524404644966125,0.5524404644966125,98,30
2749,13650,base_enriched,mean,-0.04548636078834534,0.0823780745267868,-0.5521658658981323,0.5521658658981323,79,30
2750,12035,base_enriched,mean,-0.021144665777683258,0.038295745849609375,-0.5521413683891296,0.5521413683891296,270,30
2751,4350,base_enriched,max,-0.5535115599632263,1.0029652118682861,-0.551875114440918,0.551875114440918,217,30
2752,1529,base_enriched,max,-0.769378125667572,1.3998756408691406,-0.549604594707489,0.549604594707489,249,30
2753,15716,specialized_enriched,active_fraction,0.0020636606495827436,0.0037556150928139687,0.5494867563247681,0.5494867563247681,178,30
2754,7022,specialized_enriched,mean,0.005477367900311947,0.009968171827495098,0.5494856834411621,0.5494856834411621,134,30
2755,4979,specialized_enriched,mean,0.08631815016269684,0.1571533977985382,0.5492604970932007,0.5492604970932007,123,30
2756,12644,base_enriched,max,-0.6217994093894958,1.133675456047058,-0.5484809875488281,0.5484809875488281,176,30
2757,12967,base_enriched,mean,-0.016383973881602287,0.029895056039094925,-0.5480496287345886,0.5480496287345886,248,30
2758,7210,specialized_enriched,active_fraction,0.0019940331112593412,0.0036403792910277843,0.5477542281150818,0.5477542281150818,150,30
2759,8097,base_enriched,mean,-0.028205107897520065,0.05151272565126419,-0.5475367307662964,0.5475367307662964,102,30
2760,1235,base_enriched,active_fraction,-0.007221677806228399,0.013208810240030289,-0.5467318892478943,0.5467318892478943,243,30
2761,14126,base_enriched,max,-0.35843971371650696,0.6567399501800537,-0.5457863807678223,0.5457863807678223,241,30
2762,4686,base_enriched,max,-0.6203791499137878,1.1369621753692627,-0.5456462502479553,0.5456462502479553,161,30
2763,1366,base_enriched,max,-0.47037291526794434,0.8629911541938782,-0.5450495481491089,0.5450495481491089,203,30
2764,1283,base_enriched,max,-0.3005596995353699,0.5515919327735901,-0.5448950529098511,0.5448950529098511,125,30
2765,9826,specialized_enriched,mean,0.020396053791046143,0.03744130954146385,0.5447473526000977,0.5447473526000977,155,30
2766,8798,base_enriched,active_fraction,-0.0013205113355070353,0.002427279483526945,-0.5440293550491333,0.5440293550491333,38,30
2767,7371,specialized_enriched,mean,0.056400448083877563,0.10371361672878265,0.5438094735145569,0.5438094735145569,277,30
2768,12895,base_enriched,active_fraction,-0.009440484456717968,0.01738387532532215,-0.5430598258972168,0.5430598258972168,291,30
2769,1874,base_enriched,max,-0.18113547563552856,0.3336428999900818,-0.5429022312164307,0.5429022312164307,291,30
2770,14849,specialized_enriched,active_fraction,0.00603459682315588,0.011115606874227524,0.5428940653800964,0.5428940653800964,128,30
2771,3312,specialized_enriched,mean,0.010092603042721748,0.018649272620677948,0.5411794185638428,0.5411794185638428,154,30
2772,3477,base_enriched,max,-0.5784819722175598,1.0701260566711426,-0.5405736565589905,0.5405736565589905,213,30
2773,14036,specialized_enriched,max,1.4978148937225342,2.770951747894287,0.5405416488647461,0.5405416488647461,126,30
2774,1726,specialized_enriched,max,0.0674055740237236,0.12480214983224869,0.5400994420051575,0.5400994420051575,32,30
2775,3676,base_enriched,max,-0.9446023106575012,1.7495278120040894,-0.5399184226989746,0.5399184226989746,230,30
2776,8812,specialized_enriched,mean,0.00909246876835823,0.01687094382941723,0.5389425158500671,0.5389425158500671,30,30
2777,12905,specialized_enriched,active_fraction,0.004152772482484579,0.007715005427598953,0.5382721424102783,0.5382721424102783,248,30
2778,13662,specialized_enriched,max,0.5758463144302368,1.0702747106552124,0.5380359888076782,0.5380359888076782,279,30
2779,3154,base_enriched,active_fraction,-0.0034217152278870344,0.00636995630338788,-0.5371646285057068,0.5371646285057068,243,30
2780,4674,specialized_enriched,active_fraction,0.003498096950352192,0.006512374617159367,0.5371461510658264,0.5371461510658264,116,30
2781,4725,specialized_enriched,mean,0.023223083466291428,0.04327647387981415,0.5366214513778687,0.5366214513778687,133,30
2782,8060,specialized_enriched,max,0.8798420429229736,1.641045331954956,0.5361472964286804,0.5361472964286804,75,30
2783,771,specialized_enriched,active_fraction,0.007794111967086792,0.014540460892021656,0.5360292196273804,0.5360292196273804,250,30
2784,286,base_enriched,active_fraction,-0.003363962983712554,0.006279538385570049,-0.5357022881507874,0.5357022881507874,179,30
2785,9739,base_enriched,max,-0.6593900918960571,1.2336674928665161,-0.5344957709312439,0.5344957709312439,274,30
2786,8474,base_enriched,max,-1.1503342390060425,2.154054880142212,-0.5340319871902466,0.5340319871902466,124,30
2787,2998,specialized_enriched,mean,0.028676969930529594,0.05371825024485588,0.5338403582572937,0.5338403582572937,259,30
2788,7217,specialized_enriched,max,1.451282024383545,2.719413995742798,0.5336745381355286,0.5336745381355286,142,30
2789,7601,specialized_enriched,mean,0.03670907020568848,0.06887993961572647,0.5329428315162659,0.5329428315162659,95,30
2790,4092,base_enriched,max,-0.6643567681312561,1.246938943862915,-0.5327901244163513,0.5327901244163513,157,30
2791,9075,specialized_enriched,active_fraction,0.0030124473851174116,0.005659871734678745,0.5322465896606445,0.5322465896606445,143,30
2792,11441,base_enriched,active_fraction,-0.0009489191579632461,0.0017831474542617798,-0.532159686088562,0.532159686088562,60,30
2793,2939,base_enriched,mean,-0.07842326164245605,0.14741522073745728,-0.5319889187812805,0.5319889187812805,192,30
2794,2313,specialized_enriched,active_fraction,0.0012929117074236274,0.002432594308629632,0.5314949750900269,0.5314949750900269,110,30
2795,5210,base_enriched,active_fraction,-0.002018746454268694,0.0038073782343417406,-0.530219554901123,0.530219554901123,175,30
2796,7745,specialized_enriched,active_fraction,0.004204562399536371,0.007947099395096302,0.5290688276290894,0.5290688276290894,232,30
2797,6962,specialized_enriched,active_fraction,0.0019415224669501185,0.0036708777770400047,0.5288987159729004,0.5288987159729004,79,30
2798,10532,base_enriched,mean,-0.024634363129734993,0.04660436511039734,-0.528584897518158,0.528584897518158,273,30
2799,16144,base_enriched,active_fraction,-0.0018387341406196356,0.0034855820704251528,-0.5275257229804993,0.5275257229804993,110,30
2800,4972,base_enriched,max,-0.5044775009155273,0.9568431377410889,-0.5272311568260193,0.5272311568260193,240,30
2801,6697,base_enriched,max,-0.3745190501213074,0.7111251354217529,-0.5266570448875427,0.5266570448875427,254,30
2802,2058,base_enriched,max,-0.5284963250160217,1.0035609006881714,-0.5266211032867432,0.5266211032867432,236,30
2803,12178,specialized_enriched,mean,0.015441929921507835,0.02935604564845562,0.5260221362113953,0.5260221362113953,36,30
2804,10777,specialized_enriched,active_fraction,0.0017975030932575464,0.0034210423473268747,0.5254255533218384,0.5254255533218384,220,30
2805,14027,specialized_enriched,max,0.500551164150238,0.9545292854309082,0.5243958234786987,0.5243958234786987,167,30
2806,332,specialized_enriched,active_fraction,0.0030424990691244602,0.005801957566291094,0.5243918299674988,0.5243918299674988,196,30
2807,4586,specialized_enriched,max,0.9923374056816101,1.8931962251663208,0.524159848690033,0.524159848690033,242,30
2808,14673,specialized_enriched,active_fraction,0.015150070190429688,0.02890448272228241,0.5241425633430481,0.5241425633430481,291,30
2809,438,specialized_enriched,mean,0.03199673071503639,0.06105180084705353,0.5240915417671204,0.5240915417671204,114,30
2810,14334,specialized_enriched,max,0.45701801776885986,0.8721739053726196,0.5239987373352051,0.5239987373352051,145,30
2811,13223,base_enriched,active_fraction,-0.0019605394918471575,0.003744922811165452,-0.5235193371772766,0.5235193371772766,82,30
2812,4364,specialized_enriched,mean,0.02992291748523712,0.0572282038629055,0.5228701233863831,0.5228701233863831,225,30
2813,8341,specialized_enriched,max,0.9250338077545166,1.7724910974502563,0.521883487701416,0.521883487701416,95,30
2814,11375,base_enriched,mean,-0.012312310747802258,0.02361329086124897,-0.5214144587516785,0.5214144587516785,124,30
2815,15374,base_enriched,active_fraction,-0.0026666580233722925,0.005115632899105549,-0.5212762951850891,0.5212762951850891,84,30
2816,843,specialized_enriched,max,0.3275759518146515,0.6287440061569214,0.5210005044937134,0.5210005044937134,221,30
2817,14262,specialized_enriched,mean,0.01907382532954216,0.03664735332131386,0.5204693675041199,0.5204693675041199,141,30
2818,13695,specialized_enriched,active_fraction,0.003031265689060092,0.005827764049172401,0.520142138004303,0.520142138004303,142,30
2819,9746,base_enriched,mean,-0.019044287502765656,0.03667169809341431,-0.5193184018135071,0.5193184018135071,174,30
2820,12274,specialized_enriched,max,0.4401152729988098,0.8482643961906433,0.5188421010971069,0.5188421010971069,259,30
2821,9402,base_enriched,max,-0.9423338174819946,1.8166087865829468,-0.5187323689460754,0.5187323689460754,188,30
2822,6906,specialized_enriched,mean,0.015791919082403183,0.030444731935858727,0.5187077522277832,0.5187077522277832,186,30
2823,3697,base_enriched,max,-0.4987925887107849,0.9618809819221497,-0.5185595750808716,0.5185595750808716,106,30
2824,10880,base_enriched,max,-0.5571073293685913,1.0744370222091675,-0.5185109376907349,0.5185109376907349,150,30
2825,6681,base_enriched,max,-0.6294330954551697,1.2141571044921875,-0.5184115767478943,0.5184115767478943,244,30
2826,6673,specialized_enriched,active_fraction,0.003719544969499111,0.007176659069955349,0.5182836651802063,0.5182836651802063,195,30
2827,11866,specialized_enriched,mean,0.021263251081109047,0.041040003299713135,0.5181103944778442,0.5181103944778442,236,30
2828,14867,base_enriched,max,-0.3653465807437897,0.7064952850341797,-0.5171253085136414,0.5171253085136414,97,30
2829,4668,base_enriched,mean,-0.02846108004450798,0.055118560791015625,-0.5163611173629761,0.5163611173629761,256,30
2830,4257,base_enriched,active_fraction,-0.004420962184667587,0.008568941615521908,-0.5159286260604858,0.5159286260604858,210,30
2831,14725,specialized_enriched,active_fraction,0.004705214872956276,0.009122568182647228,0.5157774686813354,0.5157774686813354,160,30
2832,1796,base_enriched,mean,-0.02951769344508648,0.05731372907757759,-0.5150195956230164,0.5150195956230164,185,30
2833,930,specialized_enriched,max,0.2186553031206131,0.4257690906524658,0.5135537385940552,0.5135537385940552,30,30
2834,528,base_enriched,max,-0.3337174952030182,0.6508403420448303,-0.512748658657074,0.512748658657074,291,30
2835,8254,specialized_enriched,mean,0.037359267473220825,0.07286318391561508,0.5127317309379578,0.5127317309379578,191,30
2836,2536,base_enriched,mean,-0.16131919622421265,0.31537681818008423,-0.5115125179290771,0.5115125179290771,290,30
2837,5626,specialized_enriched,max,0.8367845416069031,1.636017084121704,0.5114766359329224,0.5114766359329224,254,30
2838,4857,specialized_enriched,mean,0.02116057276725769,0.041429195553064346,0.5107647776603699,0.5107647776603699,211,30
2839,6623,base_enriched,active_fraction,-0.003207586705684662,0.00628084409981966,-0.5106935501098633,0.5106935501098633,58,30
2840,2031,base_enriched,max,-0.6426271796226501,1.2611364126205444,-0.5095620155334473,0.5095620155334473,203,30
2841,5243,base_enriched,max,-0.5007306337356567,0.9829932451248169,-0.5093937516212463,0.5093937516212463,134,30
2842,4966,specialized_enriched,mean,0.024246659129858017,0.047664400190114975,0.5086953639984131,0.5086953639984131,176,30
2843,7344,specialized_enriched,active_fraction,0.003505986649543047,0.0069054835475981236,0.5077105164527893,0.5077105164527893,291,30
2844,8459,specialized_enriched,active_fraction,0.0072432272136211395,0.014266477897763252,0.5077095627784729,0.5077095627784729,182,30
2845,5759,specialized_enriched,active_fraction,0.005739690735936165,0.011314989067614079,0.5072643756866455,0.5072643756866455,199,30
2846,1895,base_enriched,max,-0.6086888313293457,1.199947476387024,-0.5072628855705261,0.5072628855705261,291,30
2847,15063,base_enriched,max,-0.21924586594104767,0.4329102635383606,-0.5064464211463928,0.5064464211463928,192,30
2848,15041,base_enriched,max,-0.475994348526001,0.9403046369552612,-0.5062128901481628,0.5062128901481628,276,30
2849,4269,base_enriched,mean,-0.03444617986679077,0.0680692195892334,-0.5060463547706604,0.5060463547706604,112,30
2850,2845,specialized_enriched,max,1.004219889640808,1.9856910705566406,0.5057281851768494,0.5057281851768494,116,30
2851,10387,base_enriched,max,-0.40781885385513306,0.8101648092269897,-0.5033776164054871,0.5033776164054871,167,30
2852,10598,specialized_enriched,max,0.5196104049682617,1.0334807634353638,0.5027770400047302,0.5027770400047302,272,30
2853,14194,base_enriched,max,-0.4914934039115906,0.9786221385002136,-0.5022299885749817,0.5022299885749817,284,30
2854,4248,base_enriched,mean,-0.030997389927506447,0.06186491996049881,-0.5010495185852051,0.5010495185852051,136,30
2855,5580,base_enriched,active_fraction,-0.0021862045396119356,0.0043677655048668385,-0.5005315542221069,0.5005315542221069,70,30
2856,4935,base_enriched,max,-0.7425479292869568,1.4861094951629639,-0.4996589720249176,0.4996589720249176,119,30
2857,4519,base_enriched,active_fraction,-0.0026898204814642668,0.005388597957789898,-0.49916890263557434,0.49916890263557434,162,30
2858,15340,base_enriched,mean,-0.05724054202437401,0.11471255868673325,-0.49899107217788696,0.49899107217788696,188,30
2859,7578,base_enriched,max,-0.7979638576507568,1.6008211374282837,-0.49847158789634705,0.49847158789634705,85,30
2860,10859,base_enriched,active_fraction,-0.004265651106834412,0.008566800504922867,-0.4979281425476074,0.4979281425476074,248,30
2861,981,base_enriched,max,-0.7128971815109253,1.4345985651016235,-0.4969314634799957,0.4969314634799957,173,30
2862,15623,specialized_enriched,mean,0.04126344621181488,0.0831146314740181,0.4964642822742462,0.4964642822742462,101,30
2863,9785,specialized_enriched,active_fraction,0.003248414723202586,0.006544955540448427,0.4963234066963196,0.4963234066963196,83,30
2864,14465,specialized_enriched,mean,0.02498258650302887,0.05042804032564163,0.49541062116622925,0.49541062116622925,179,30
2865,6222,specialized_enriched,max,0.5469138622283936,1.1043856143951416,0.49522000551223755,0.49522000551223755,117,30
2866,4210,specialized_enriched,max,0.2732405960559845,0.5518746972084045,0.49511346220970154,0.49511346220970154,270,30
2867,7597,base_enriched,max,-0.4246092140674591,0.8598745465278625,-0.4938036799430847,0.4938036799430847,246,30
2868,9589,base_enriched,mean,-0.013593696057796478,0.027671972289681435,-0.49124419689178467,0.49124419689178467,103,30
2869,1171,specialized_enriched,active_fraction,0.004214440006762743,0.008580449037253857,0.49116775393486023,0.49116775393486023,251,30
2870,9892,specialized_enriched,mean,0.018863655626773834,0.03843436390161514,0.4908018112182617,0.4908018112182617,53,30
2871,361,base_enriched,mean,-0.013708977028727531,0.027965398505330086,-0.4902121126651764,0.4902121126651764,98,30
2872,5716,base_enriched,max,-0.32556867599487305,0.6641890406608582,-0.49017471075057983,0.49017471075057983,62,30
2873,5069,base_enriched,max,-0.17089274525642395,0.34919825196266174,-0.48938602209091187,0.48938602209091187,222,30
2874,188,specialized_enriched,mean,0.03401762619614601,0.06953953951597214,0.4891839325428009,0.4891839325428009,143,30
2875,711,base_enriched,active_fraction,-0.0022074710577726364,0.004513810388743877,-0.4890482425689697,0.4890482425689697,95,30
2876,10262,base_enriched,active_fraction,-0.0053808800876140594,0.011007236316800117,-0.48884934186935425,0.48884934186935425,288,30
2877,7164,base_enriched,max,-0.3593658208847046,0.7369573712348938,-0.48763447999954224,0.48763447999954224,210,30
2878,15167,specialized_enriched,mean,0.05030396580696106,0.10315946489572525,0.4876330494880676,0.4876330494880676,261,30
2879,801,base_enriched,active_fraction,-0.0022015764843672514,0.004519146867096424,-0.4871664047241211,0.4871664047241211,186,30
2880,14375,base_enriched,max,-0.14702773094177246,0.3022775948047638,-0.48639971017837524,0.48639971017837524,69,30
2881,12103,specialized_enriched,max,0.4684053063392639,0.963589072227478,0.4861048460006714,0.4861048460006714,256,30
2882,15185,base_enriched,max,-0.6867561340332031,1.415749430656433,-0.48508310317993164,0.48508310317993164,253,30
2883,15837,specialized_enriched,mean,0.01793416030704975,0.03697491064667702,0.4850359261035919,0.4850359261035919,258,30
2884,12900,specialized_enriched,max,0.7127640247344971,1.4719167947769165,0.4842420518398285,0.4842420518398285,147,30
2885,14570,specialized_enriched,max,0.6551226377487183,1.3532485961914062,0.48411107063293457,0.48411107063293457,140,30
2886,8087,base_enriched,active_fraction,-0.0028292627539485693,0.0058521400205791,-0.4834578037261963,0.4834578037261963,91,30
2887,10096,specialized_enriched,mean,0.024038350209593773,0.04998974874615669,0.48086559772491455,0.48086559772491455,291,30
2888,4272,base_enriched,mean,-0.015742715448141098,0.03276553377509117,-0.48046571016311646,0.48046571016311646,148,30
2889,10193,specialized_enriched,active_fraction,0.005358605645596981,0.011196760460734367,0.4785853624343872,0.4785853624343872,271,30
2890,7620,base_enriched,active_fraction,-0.004869077354669571,0.010188864544034004,-0.4778822362422943,0.4778822362422943,256,30
2891,7740,base_enriched,mean,-0.025436457246541977,0.05324997752904892,-0.47768014669418335,0.47768014669418335,218,30
2892,11280,base_enriched,mean,-0.021823521703481674,0.04580022394657135,-0.476493775844574,0.476493775844574,186,30
2893,1862,base_enriched,max,-0.6335918307304382,1.3312397003173828,-0.4759412109851837,0.4759412109851837,231,30
2894,894,specialized_enriched,mean,0.02070743590593338,0.043516628444194794,0.4758511185646057,0.4758511185646057,277,30
2895,10916,base_enriched,max,-0.3060140907764435,0.6450250744819641,-0.47442200779914856,0.47442200779914856,57,30
2896,13390,base_enriched,max,-0.4740748405456543,1.0006020069122314,-0.47378960251808167,0.47378960251808167,180,30
2897,7200,specialized_enriched,active_fraction,0.003816154319792986,0.008071544580161572,0.47279107570648193,0.47279107570648193,112,30
2898,15548,base_enriched,max,-0.27164679765701294,0.5761842727661133,-0.47145819664001465,0.47145819664001465,280,30
2899,8668,base_enriched,max,-0.9856183528900146,2.099686861038208,-0.46941205859184265,0.46941205859184265,219,30
2900,673,base_enriched,mean,-0.038975417613983154,0.08303987979888916,-0.46935781836509705,0.46935781836509705,223,30
2901,903,specialized_enriched,mean,0.014569008722901344,0.031158559024333954,0.4675764739513397,0.4675764739513397,279,30
2902,11232,base_enriched,max,-0.5346595644950867,1.145336627960205,-0.4668143391609192,0.4668143391609192,53,30
2903,4351,base_enriched,max,-0.2698063552379608,0.579354465007782,-0.465701699256897,0.465701699256897,278,30
2904,12508,base_enriched,mean,-0.0180368535220623,0.03876952826976776,-0.4652327299118042,0.4652327299118042,145,30
2905,4308,specialized_enriched,max,0.6239100694656372,1.3411065340042114,0.4652203619480133,0.4652203619480133,94,30
2906,6151,base_enriched,active_fraction,-0.002320169471204281,0.004990688990801573,-0.46489962935447693,0.46489962935447693,195,30
2907,9143,base_enriched,mean,-0.01905815489590168,0.04105841740965843,-0.4641716778278351,0.4641716778278351,108,30
2908,2969,specialized_enriched,mean,0.021993020549416542,0.047386083751916885,0.46412402391433716,0.46412402391433716,187,30
2909,11038,specialized_enriched,max,0.6852547526359558,1.4795881509780884,0.4631388485431671,0.4631388485431671,87,30
2910,3540,base_enriched,mean,-0.010863003320991993,0.023574158549308777,-0.46080130338668823,0.46080130338668823,133,30
2911,15238,base_enriched,active_fraction,-0.0064510200172662735,0.01401597261428833,-0.4602620303630829,0.4602620303630829,242,30
2912,8860,base_enriched,max,-0.3535465598106384,0.7682459354400635,-0.4601997137069702,0.4601997137069702,287,30
2913,6896,specialized_enriched,max,0.28633925318717957,0.6228380799293518,0.4597330689430237,0.4597330689430237,251,30
2914,6476,specialized_enriched,mean,0.022243931889533997,0.04843730106949806,0.459231436252594,0.459231436252594,254,30
2915,7009,base_enriched,active_fraction,-0.0044326987117528915,0.00965956598520279,-0.4588921070098877,0.4588921070098877,228,30
2916,14676,specialized_enriched,mean,0.012597158551216125,0.027469664812088013,0.45858436822891235,0.45858436822891235,186,30
2917,7363,specialized_enriched,active_fraction,0.0046017589047551155,0.010053430683910847,0.4577302038669586,0.4577302038669586,287,30
2918,2345,specialized_enriched,mean,0.024324040859937668,0.053208719938993454,0.4571438729763031,0.4571438729763031,235,30
2919,1597,specialized_enriched,max,0.6782867908477783,1.4846864938735962,0.45685523748397827,0.45685523748397827,69,30
2920,13280,specialized_enriched,active_fraction,0.0039313542656600475,0.008614401333034039,0.4563699960708618,0.4563699960708618,191,30
2921,521,base_enriched,active_fraction,-0.003938896581530571,0.00864352472126484,-0.4557048976421356,0.4557048976421356,213,30
2922,2999,base_enriched,max,-0.788042426109314,1.731825351715088,-0.4550357460975647,0.4550357460975647,156,30
2923,4187,specialized_enriched,mean,0.01882980391383171,0.0414213202893734,0.4545920789241791,0.4545920789241791,234,30
2924,3451,base_enriched,mean,-0.016564220190048218,0.03665496036410332,-0.45189574360847473,0.45189574360847473,112,30
2925,827,base_enriched,active_fraction,-0.020922895520925522,0.04632890224456787,-0.45161646604537964,0.45161646604537964,291,30
2926,872,specialized_enriched,active_fraction,0.0015785613795742393,0.0035044902469962835,0.4504396617412567,0.4504396617412567,52,30
2927,6414,base_enriched,mean,-0.0314301960170269,0.06991805881261826,-0.4495290219783783,0.4495290219783783,270,30
2928,1651,base_enriched,active_fraction,-0.006053281016647816,0.013470940291881561,-0.4493584632873535,0.4493584632873535,287,30
2929,12171,specialized_enriched,mean,0.01404978521168232,0.03144824132323265,0.44675901532173157,0.44675901532173157,69,30
2930,13577,base_enriched,max,-0.5974478721618652,1.3373587131500244,-0.4467372000217438,0.4467372000217438,125,30
2931,11885,specialized_enriched,active_fraction,0.0032041892409324646,0.007200100924819708,0.44502004981040955,0.44502004981040955,213,30
2932,3085,base_enriched,max,-0.29649388790130615,0.6675285696983337,-0.4441666007041931,0.4441666007041931,169,30
2933,15517,base_enriched,max,-0.4367077350616455,0.9840978384017944,-0.4437645375728607,0.4437645375728607,236,30
2934,13365,base_enriched,mean,-0.04553977772593498,0.10264545679092407,-0.4436609148979187,0.4436609148979187,183,30
2935,10199,specialized_enriched,active_fraction,0.002658614655956626,0.006013364065438509,0.44211769104003906,0.44211769104003906,232,30
2936,6288,base_enriched,max,-0.28228646516799927,0.6388063430786133,-0.4418967664241791,0.4418967664241791,190,30
2937,3691,specialized_enriched,max,0.43490108847618103,0.9859714508056641,0.4410889148712158,0.4410889148712158,248,30
2938,2155,base_enriched,active_fraction,-0.0011892650509253144,0.0027005900628864765,-0.4403722882270813,0.4403722882270813,112,30
2939,6271,specialized_enriched,mean,0.01170913502573967,0.026607491075992584,0.4400691092014313,0.4400691092014313,278,30
2940,13902,specialized_enriched,mean,0.01202457770705223,0.027333876118063927,0.43991485238075256,0.43991485238075256,125,30
2941,5242,specialized_enriched,mean,0.037263400852680206,0.08472616970539093,0.43980979919433594,0.43980979919433594,181,30
2942,3315,specialized_enriched,active_fraction,0.008049272932112217,0.01832018792629242,0.43936628103256226,0.43936628103256226,228,30
2943,4950,specialized_enriched,mean,0.023226507008075714,0.05300424247980118,0.4382008910179138,0.4382008910179138,241,30
2944,1101,base_enriched,max,-0.14616899192333221,0.3336353003978729,-0.4381100833415985,0.4381100833415985,153,30
2945,3558,base_enriched,max,-0.3803422451019287,0.8693016767501831,-0.4375261962413788,0.4375261962413788,140,30
2946,4470,base_enriched,max,-0.18764445185661316,0.43102598190307617,-0.4353437125682831,0.4353437125682831,291,30
2947,6668,specialized_enriched,max,0.5902990698814392,1.3608683347702026,0.4337664842605591,0.4337664842605591,153,30
2948,15164,specialized_enriched,active_fraction,0.002435753121972084,0.005623547360301018,0.43313464522361755,0.43313464522361755,191,30
2949,3890,specialized_enriched,active_fraction,0.0018068656791001558,0.0041739447042346,0.4328916072845459,0.4328916072845459,174,30
2950,5012,base_enriched,active_fraction,-0.0022293797228485346,0.005163685418665409,-0.43174198269844055,0.43174198269844055,98,30
2951,10509,base_enriched,active_fraction,-0.0019820360466837883,0.0045943483710289,-0.4314074218273163,0.4314074218273163,254,30
2952,5227,specialized_enriched,max,0.19720137119293213,0.4574625492095947,0.4310765266418457,0.4310765266418457,149,30
2953,5284,specialized_enriched,active_fraction,0.003694823943078518,0.008604314178228378,0.4294152855873108,0.4294152855873108,207,30
2954,8491,specialized_enriched,active_fraction,0.0034093293361365795,0.007943007163703442,0.42922401428222656,0.42922401428222656,110,30
2955,2991,specialized_enriched,max,0.34761306643486023,0.8108543753623962,0.4286997616291046,0.4286997616291046,287,30
2956,11905,specialized_enriched,active_fraction,0.0027142316102981567,0.006361328065395355,0.426676869392395,0.426676869392395,216,30
2957,10510,specialized_enriched,active_fraction,0.003977816551923752,0.00932744238525629,0.4264638125896454,0.4264638125896454,183,30
2958,15960,base_enriched,mean,-0.02512829564511776,0.05932090803980827,-0.4235993027687073,0.4235993027687073,220,30
2959,10978,specialized_enriched,mean,0.0207899808883667,0.04909924045205116,0.4234277606010437,0.4234277606010437,61,30
2960,10309,specialized_enriched,max,0.35941100120544434,0.8489270210266113,0.423370897769928,0.423370897769928,252,30
2961,12246,base_enriched,max,-0.7334688901901245,1.7407280206680298,-0.42135754227638245,0.42135754227638245,131,30
2962,4479,base_enriched,max,-0.2916334867477417,0.6947923898696899,-0.4197418987751007,0.4197418987751007,291,30
2963,6092,specialized_enriched,max,0.8677821755409241,2.071423292160034,0.41893038153648376,0.41893038153648376,93,30
2964,3050,specialized_enriched,mean,0.01752730831503868,0.04185483604669571,0.41876423358917236,0.41876423358917236,128,30
2965,11308,base_enriched,active_fraction,-0.005081587936729193,0.012151139788329601,-0.41819846630096436,0.41819846630096436,128,30
2966,1857,base_enriched,active_fraction,-0.0011019730009138584,0.002635473385453224,-0.4181309640407562,0.4181309640407562,132,30
2967,2346,base_enriched,max,-0.5655089616775513,1.355756402015686,-0.4171169400215149,0.4171169400215149,180,30
2968,5909,specialized_enriched,mean,0.020512733608484268,0.049183495342731476,0.4170653820037842,0.4170653820037842,204,30
2969,7705,base_enriched,active_fraction,-0.0035591614432632923,0.008541830815374851,-0.41667431592941284,0.41667431592941284,279,30
2970,6818,specialized_enriched,mean,0.04287649691104889,0.10343493521213531,0.4145262539386749,0.4145262539386749,123,30
2971,11669,specialized_enriched,mean,0.018414082005620003,0.044433727860450745,0.41441676020622253,0.41441676020622253,155,30
2972,3189,specialized_enriched,mean,0.018479345366358757,0.044742096215486526,0.41301921010017395,0.41301921010017395,203,30
2973,6354,base_enriched,active_fraction,-0.0026735507417470217,0.006482957862317562,-0.41239675879478455,0.41239675879478455,184,30
2974,4481,base_enriched,active_fraction,-0.002671995433047414,0.0064883166924119,-0.41181641817092896,0.41181641817092896,164,30
2975,2701,base_enriched,active_fraction,-0.002503117313608527,0.006104149390012026,-0.410068154335022,0.410068154335022,197,30
2976,15342,base_enriched,max,-0.7008348703384399,1.7138906717300415,-0.40891456604003906,0.40891456604003906,239,30
2977,11142,base_enriched,active_fraction,-0.008223803713917732,0.020155800506472588,-0.4080117642879486,0.4080117642879486,256,30
2978,13336,base_enriched,max,-0.09590228646993637,0.2355964332818985,-0.40706169605255127,0.40706169605255127,57,30
2979,6558,specialized_enriched,active_fraction,0.0027812793850898743,0.006836128421127796,0.40685006976127625,0.40685006976127625,138,30
2980,13425,specialized_enriched,mean,0.008740095421671867,0.02148907445371151,0.406722754240036,0.406722754240036,190,30
2981,13766,specialized_enriched,mean,0.02178540825843811,0.05357460677623749,0.4066368341445923,0.4066368341445923,190,30
2982,2453,specialized_enriched,max,0.7034254670143127,1.7308199405670166,0.40641170740127563,0.40641170740127563,283,30
2983,7852,specialized_enriched,max,0.5493066906929016,1.352254033088684,0.4062156081199646,0.4062156081199646,184,30
2984,13709,base_enriched,active_fraction,-0.00037238694494590163,0.0009176663006655872,-0.4057977795600891,0.4057977795600891,36,30
2985,11183,specialized_enriched,max,0.13001719117164612,0.32045266032218933,0.4057298004627228,0.4057298004627228,101,30
2986,8458,specialized_enriched,active_fraction,0.005467928014695644,0.013491707853972912,0.4052806496620178,0.4052806496620178,119,30
2987,4253,base_enriched,max,-0.35265645384788513,0.8733231425285339,-0.4038098156452179,0.4038098156452179,197,30
2988,12038,specialized_enriched,active_fraction,0.0064659034833312035,0.016029566526412964,0.4033735692501068,0.4033735692501068,247,30
2989,15648,base_enriched,active_fraction,-0.002388287801295519,0.005933735985308886,-0.40249308943748474,0.40249308943748474,199,30
2990,12907,base_enriched,active_fraction,-0.0031407515052706003,0.007810992654412985,-0.402093768119812,0.402093768119812,218,30
2991,14674,specialized_enriched,max,0.5690239071846008,1.4173786640167236,0.4014621675014496,0.4014621675014496,140,30
2992,8533,specialized_enriched,mean,0.02362581342458725,0.05894770100712776,0.40079277753829956,0.40079277753829956,130,30
2993,6877,base_enriched,active_fraction,-0.0029358272440731525,0.00736588379368186,-0.3985709547996521,0.3985709547996521,185,30
2994,3022,specialized_enriched,active_fraction,0.002834233921021223,0.007125222589820623,0.3977747857570648,0.3977747857570648,63,30
2995,8799,base_enriched,max,-0.2861582338809967,0.7194671630859375,-0.3977363407611847,0.3977363407611847,196,30
2996,10581,specialized_enriched,mean,0.025209570303559303,0.0634750947356224,0.39715686440467834,0.39715686440467834,168,30
2997,13628,base_enriched,max,-0.37378403544425964,0.9437443614006042,-0.3960649073123932,0.3960649073123932,80,30
2998,2564,specialized_enriched,active_fraction,0.0009464210597798228,0.0023904801346361637,0.3959125280380249,0.3959125280380249,70,30
2999,7186,specialized_enriched,max,0.43521755933761597,1.101492166519165,0.3951163589954376,0.3951163589954376,125,30
3000,6853,base_enriched,mean,-0.037422314286231995,0.09486028552055359,-0.394499272108078,0.394499272108078,61,30
3001,6314,base_enriched,max,-0.7437439560890198,1.8918343782424927,-0.3931337594985962,0.3931337594985962,199,30
3002,5795,specialized_enriched,mean,0.02858901023864746,0.07289106398820877,0.3922155797481537,0.3922155797481537,100,30
3003,11485,specialized_enriched,max,0.6036858558654785,1.546480417251587,0.39036113023757935,0.39036113023757935,91,30
3004,9929,specialized_enriched,max,0.35152140259742737,0.9009526371955872,0.39016634225845337,0.39016634225845337,281,30
3005,7755,base_enriched,active_fraction,-0.004535279236733913,0.0116538992151618,-0.3891640901565552,0.3891640901565552,263,30
3006,6716,specialized_enriched,max,0.5326419472694397,1.3754656314849854,0.3872448205947876,0.3872448205947876,133,30
3007,9520,specialized_enriched,mean,0.017879629507660866,0.04625933989882469,0.3865085244178772,0.3865085244178772,38,30
3008,906,specialized_enriched,mean,0.009679646231234074,0.02510060742497444,0.3856339454650879,0.3856339454650879,30,30
3009,7133,base_enriched,max,-0.42650437355041504,1.1154025793075562,-0.3823770582675934,0.3823770582675934,216,30
3010,14244,specialized_enriched,active_fraction,0.0021744549740105867,0.005686768796294928,0.3823709189891815,0.3823709189891815,119,30
3011,9616,base_enriched,mean,-0.02581978775560856,0.06794985383749008,-0.37998297810554504,0.37998297810554504,247,30
3012,9149,base_enriched,mean,-0.0029045697301626205,0.007653244771063328,-0.37952134013175964,0.37952134013175964,102,30
3013,12140,specialized_enriched,active_fraction,0.0016196458600461483,0.004276019521057606,0.3787741959095001,0.3787741959095001,138,30
3014,2169,specialized_enriched,mean,0.012829607352614403,0.03389624506235123,0.3784964084625244,0.3784964084625244,91,30
3015,6828,specialized_enriched,active_fraction,0.003705196548253298,0.009798548184335232,0.3781372904777527,0.3781372904777527,158,30
3016,15723,specialized_enriched,mean,0.026188265532255173,0.06933324784040451,0.3777158260345459,0.3777158260345459,215,30
3017,6093,base_enriched,active_fraction,-0.003589954460039735,0.009511338546872139,-0.3774394690990448,0.3774394690990448,262,30
3018,14803,specialized_enriched,max,0.5111508369445801,1.3557684421539307,0.3770192861557007,0.3770192861557007,133,30
3019,552,base_enriched,max,-0.25979799032211304,0.6920830011367798,-0.375385582447052,0.375385582447052,241,30
3020,4648,specialized_enriched,mean,0.04256054759025574,0.11357218027114868,0.3747444748878479,0.3747444748878479,35,30
3021,14736,base_enriched,active_fraction,-0.003385770134627819,0.009048105217516422,-0.3741965889930725,0.3741965889930725,135,30
3022,1700,base_enriched,max,-0.3972887098789215,1.0622092485427856,-0.37402114272117615,0.37402114272117615,291,30
3023,4501,base_enriched,mean,-0.012334184721112251,0.03299694508314133,-0.37379777431488037,0.37379777431488037,80,30
3024,5068,specialized_enriched,active_fraction,0.006628265604376793,0.01773437298834324,0.3737524747848511,0.3737524747848511,264,30
3025,11066,specialized_enriched,active_fraction,0.0009939949959516525,0.002670381451025605,0.37222960591316223,0.37222960591316223,93,30
3026,6432,specialized_enriched,active_fraction,0.0024841143749654293,0.0067076655104756355,0.37033963203430176,0.37033963203430176,202,30
3027,14691,base_enriched,max,-0.5031191110610962,1.36375093460083,-0.36892300844192505,0.36892300844192505,243,30
3028,15685,base_enriched,active_fraction,-0.0017004080582410097,0.004612347576767206,-0.36866432428359985,0.36866432428359985,217,30
3029,1174,base_enriched,active_fraction,-0.004456992261111736,0.012117765843868256,-0.36780643463134766,0.36780643463134766,237,30
3030,15254,specialized_enriched,mean,0.016636010259389877,0.04532390832901001,0.36704713106155396,0.36704713106155396,130,30
3031,3739,base_enriched,max,-0.37035542726516724,1.0111445188522339,-0.3662734925746918,0.3662734925746918,177,30
3032,808,base_enriched,active_fraction,-0.0033174948766827583,0.009104570373892784,-0.36437687277793884,0.36437687277793884,171,30
3033,9157,specialized_enriched,mean,0.00838120561093092,0.023183252662420273,0.36151984333992004,0.36151984333992004,96,30
3034,14479,base_enriched,active_fraction,-0.0018463456071913242,0.005108837503939867,-0.361402302980423,0.361402302980423,76,30
3035,10757,specialized_enriched,mean,0.03144185245037079,0.08737152814865112,0.359863817691803,0.359863817691803,75,30
3036,9723,specialized_enriched,active_fraction,0.0022087423130869865,0.006182747893035412,0.3572428226470947,0.3572428226470947,153,30
3037,3871,specialized_enriched,mean,0.01363482978194952,0.038212090730667114,0.3568197786808014,0.3568197786808014,159,30
3038,2926,specialized_enriched,max,0.2089003324508667,0.586330235004425,0.3562844395637512,0.3562844395637512,38,30
3039,13556,base_enriched,mean,-0.02037442848086357,0.05727042630314827,-0.35575827956199646,0.35575827956199646,228,30
3040,2013,specialized_enriched,max,0.518290638923645,1.4577933549880981,0.3555309474468231,0.3555309474468231,169,30
3041,6218,base_enriched,max,-0.3958578109741211,1.120564341545105,-0.35326647758483887,0.35326647758483887,291,30
3042,9189,base_enriched,max,-0.34039270877838135,0.9641237258911133,-0.35305914282798767,0.35305914282798767,272,30
3043,11827,specialized_enriched,mean,0.01362997479736805,0.03862417861819267,0.3528871238231659,0.3528871238231659,208,30
3044,13825,base_enriched,mean,-0.010218076407909393,0.028970034793019295,-0.35271191596984863,0.35271191596984863,121,30
3045,5314,base_enriched,active_fraction,-0.0013093325542286038,0.003729231422767043,-0.3510998487472534,0.3510998487472534,140,30
3046,14874,base_enriched,max,-0.3649395704269409,1.0427275896072388,-0.3499855399131775,0.3499855399131775,228,30
3047,9781,base_enriched,max,-0.19308549165725708,0.5524241328239441,-0.34952399134635925,0.34952399134635925,150,30
3048,14404,base_enriched,active_fraction,-0.0028122002258896828,0.008085770532488823,-0.3477962017059326,0.3477962017059326,147,30
3049,14105,specialized_enriched,max,0.4552798867225647,1.3148348331451416,0.34626394510269165,0.34626394510269165,178,30
3050,13760,specialized_enriched,mean,0.03548411652445793,0.10263442993164062,0.34573307633399963,0.34573307633399963,162,30
3051,5181,base_enriched,active_fraction,-0.003351332154124975,0.00971259269863367,-0.34505021572113037,0.34505021572113037,202,30
3052,10512,base_enriched,max,-0.3386543095111847,0.9831957221031189,-0.3444424271583557,0.3444424271583557,210,30
3053,11549,specialized_enriched,mean,0.007414574734866619,0.021539339795708656,0.34423407912254333,0.34423407912254333,133,30
3054,4800,base_enriched,mean,-0.010556001216173172,0.030678650364279747,-0.3440829813480377,0.3440829813480377,117,30
3055,1433,base_enriched,max,-0.5128058195114136,1.4928483963012695,-0.3435083031654358,0.3435083031654358,124,30
3056,12902,specialized_enriched,active_fraction,0.001585985068231821,0.00462847575545311,0.3426581919193268,0.3426581919193268,135,30
3057,5388,base_enriched,max,-0.3573048710823059,1.0433638095855713,-0.342454731464386,0.342454731464386,207,30
3058,9001,specialized_enriched,max,0.12502256035804749,0.3652321994304657,0.3423098027706146,0.3423098027706146,105,30
3059,2608,specialized_enriched,active_fraction,0.002983544487506151,0.008732810616493225,0.3416476845741272,0.3416476845741272,244,30
3060,9898,base_enriched,max,-0.23004278540611267,0.6735541224479675,-0.3415357172489166,0.3415357172489166,235,30
3061,14400,base_enriched,max,-0.6097313165664673,1.7980265617370605,-0.33911141753196716,0.33911141753196716,149,30
3062,14610,base_enriched,active_fraction,-0.001500050420872867,0.004429736640304327,-0.3386319577693939,0.3386319577693939,77,30
3063,8749,base_enriched,mean,-0.016824830323457718,0.04987797141075134,-0.33731985092163086,0.33731985092163086,159,30
3064,4670,base_enriched,max,-0.4746626615524292,1.4105325937271118,-0.33651307225227356,0.33651307225227356,283,30
3065,2737,specialized_enriched,mean,0.012183025479316711,0.0364132896065712,0.3345763385295868,0.3345763385295868,162,30
3066,4631,specialized_enriched,max,0.25662893056869507,0.7683098912239075,0.33401748538017273,0.33401748538017273,143,30
3067,9921,specialized_enriched,active_fraction,0.0013699973933398724,0.0041021984070539474,0.3339666426181793,0.3339666426181793,149,30
3068,11404,specialized_enriched,active_fraction,0.0013927792897447944,0.0041999551467597485,0.33161765336990356,0.33161765336990356,112,30
3069,8843,base_enriched,max,-0.3469032347202301,1.056162714958191,-0.32845625281333923,0.32845625281333923,184,30
3070,16264,base_enriched,max,-0.3475910425186157,1.0698778629302979,-0.32488852739334106,0.32488852739334106,128,30
3071,695,base_enriched,max,-0.467844158411026,1.4428030252456665,-0.3242605924606323,0.3242605924606323,94,30
3072,5583,specialized_enriched,max,0.28831565380096436,0.8951744437217712,0.3220776319503784,0.3220776319503784,252,30
3073,12226,specialized_enriched,max,0.1389748454093933,0.4353078603744507,0.319256454706192,0.319256454706192,215,30
3074,2268,base_enriched,mean,-0.022853896021842957,0.0721706673502922,-0.31666460633277893,0.31666460633277893,237,30
3075,5985,specialized_enriched,active_fraction,0.002215747721493244,0.00702443765476346,0.31543418765068054,0.31543418765068054,53,30
3076,948,specialized_enriched,max,0.07751568406820297,0.24614909291267395,0.3149135410785675,0.3149135410785675,84,30
3077,11525,specialized_enriched,max,0.638272762298584,2.0326108932495117,0.314016193151474,0.314016193151474,126,30
3078,3324,base_enriched,max,-0.8429575562477112,2.705763101577759,-0.31154152750968933,0.31154152750968933,167,30
3079,216,base_enriched,mean,-0.0221644788980484,0.07124446332454681,-0.31110459566116333,0.31110459566116333,108,30
3080,11881,specialized_enriched,active_fraction,0.001468196976929903,0.004731357097625732,0.31031203269958496,0.31031203269958496,75,30
3081,3898,base_enriched,max,-0.18260696530342102,0.5899305939674377,-0.3095397353172302,0.3095397353172302,74,30
3082,1109,base_enriched,max,-0.7587575912475586,2.4551844596862793,-0.3090430200099945,0.3090430200099945,99,30
3083,12858,base_enriched,active_fraction,-0.004718604497611523,0.015275554731488228,-0.30889907479286194,0.30889907479286194,218,30
3084,5201,base_enriched,max,-0.22502782940864563,0.7289124727249146,-0.3087172210216522,0.3087172210216522,224,30
3085,4246,base_enriched,max,-0.27876949310302734,0.9186808466911316,-0.303445428609848,0.303445428609848,222,30
3086,11282,base_enriched,max,-0.39034903049468994,1.2894946336746216,-0.3027147352695465,0.3027147352695465,145,30
3087,2360,specialized_enriched,active_fraction,0.002605508780106902,0.008738749660551548,0.2981557846069336,0.2981557846069336,147,30
3088,11420,base_enriched,max,-0.3009951710700989,1.0101412534713745,-0.2979733347892761,0.2979733347892761,170,30
3089,11098,specialized_enriched,max,0.2540947198867798,0.8554551005363464,0.29702869057655334,0.29702869057655334,77,30
3090,6572,base_enriched,mean,-0.02221643179655075,0.07482036203145981,-0.2969302833080292,0.2969302833080292,233,30
3091,6670,base_enriched,mean,-0.008877143263816833,0.029949728399515152,-0.2964014708995819,0.2964014708995819,179,30
3092,814,base_enriched,max,-0.08311352133750916,0.2804693877696991,-0.29633721709251404,0.29633721709251404,49,30
3093,16270,specialized_enriched,active_fraction,0.002642524428665638,0.00892185140401125,0.2961856722831726,0.2961856722831726,224,30
3094,6275,base_enriched,max,-0.25017768144607544,0.8473902940750122,-0.2952331304550171,0.2952331304550171,69,30
3095,1351,specialized_enriched,mean,0.008387590758502483,0.028617076575756073,0.2930974066257477,0.2930974066257477,111,30
3096,6208,specialized_enriched,mean,0.003915834706276655,0.013423942029476166,0.29170528054237366,0.29170528054237366,38,30
3097,15868,base_enriched,mean,-0.026619326323270798,0.09175675362348557,-0.2901075482368469,0.2901075482368469,81,30
3098,13265,base_enriched,max,-0.6526162624359131,2.250401020050049,-0.28999999165534973,0.28999999165534973,113,30
3099,242,specialized_enriched,max,0.5146975517272949,1.7756329774856567,0.2898670732975006,0.2898670732975006,216,30
3100,11547,specialized_enriched,max,0.31660884618759155,1.0969706773757935,0.28862106800079346,0.28862106800079346,116,30
3101,14416,base_enriched,max,-0.19435927271842957,0.6756677627563477,-0.2876550853252411,0.2876550853252411,262,30
3102,15803,base_enriched,max,-0.15704703330993652,0.5463220477104187,-0.28746238350868225,0.28746238350868225,186,30
3103,9546,base_enriched,max,-0.14859062433242798,0.5169686079025269,-0.28742676973342896,0.28742676973342896,194,30
3104,3978,base_enriched,active_fraction,-0.0006617590552195907,0.002304628025740385,-0.2871435284614563,0.2871435284614563,127,30
3105,9961,specialized_enriched,mean,0.018720434978604317,0.06554023176431656,0.2856327295303345,0.2856327295303345,183,30
3106,11625,specialized_enriched,max,0.2406768798828125,0.8464913964271545,0.2843228876590729,0.2843228876590729,150,30
3107,13818,base_enriched,max,-0.22296142578125,0.7872472405433655,-0.28321653604507446,0.28321653604507446,285,30
3108,10495,specialized_enriched,mean,0.012665082700550556,0.04476786032319069,0.2829056978225708,0.2829056978225708,143,30
3109,2679,base_enriched,active_fraction,-0.0013200946850702167,0.0046738870441913605,-0.2824404239654541,0.2824404239654541,125,30
3110,12992,base_enriched,mean,-0.01267001498490572,0.04534698650240898,-0.2794014811515808,0.2794014811515808,138,30
3111,10156,base_enriched,max,-0.25753965973854065,0.9262371063232422,-0.27804937958717346,0.27804937958717346,82,30
3112,4340,base_enriched,active_fraction,-0.0015296530909836292,0.005512687377631664,-0.2774786651134491,0.2774786651134491,125,30
3113,10494,base_enriched,max,-0.3843116760253906,1.419985055923462,-0.270644873380661,0.270644873380661,256,30
3114,2567,base_enriched,active_fraction,-0.0028750691562891006,0.010635429061949253,-0.27032938599586487,0.27032938599586487,278,30
3115,11569,base_enriched,active_fraction,-0.001087078475393355,0.0040262420661747456,-0.2699982821941376,0.2699982821941376,132,30
3116,4359,specialized_enriched,max,0.41278910636901855,1.5291850566864014,0.269940584897995,0.269940584897995,269,30
3117,6809,specialized_enriched,mean,0.02004554308950901,0.0743272453546524,0.2696930766105652,0.2696930766105652,97,30
3118,9844,specialized_enriched,mean,0.009763200767338276,0.03639690950512886,0.26824256777763367,0.26824256777763367,87,30
3119,5568,specialized_enriched,mean,0.01623133383691311,0.06065426021814346,0.26760417222976685,0.26760417222976685,169,30
3120,2516,base_enriched,mean,-0.015335075557231903,0.05759526044130325,-0.26625585556030273,0.26625585556030273,288,30
3121,4547,base_enriched,mean,-0.0192803256213665,0.07259969413280487,-0.26557034254074097,0.26557034254074097,150,30
3122,15132,specialized_enriched,active_fraction,0.0005949652986600995,0.002242395421490073,0.26532578468322754,0.26532578468322754,140,30
3123,5269,base_enriched,active_fraction,-0.001951115671545267,0.007357659284025431,-0.2651815712451935,0.2651815712451935,243,30
3124,14704,base_enriched,max,-0.37022319436073303,1.4017411470413208,-0.26411667466163635,0.26411667466163635,154,30
3125,13713,specialized_enriched,max,0.34605109691619873,1.3131215572357178,0.26353317499160767,0.26353317499160767,112,30
3126,15742,base_enriched,active_fraction,-0.002938881516456604,0.011168709956109524,-0.26313528418540955,0.26313528418540955,251,30
3127,9212,specialized_enriched,max,0.36503520607948303,1.4017630815505981,0.26041147112846375,0.26041147112846375,168,30
3128,8003,specialized_enriched,max,0.10139739513397217,0.3942088484764099,0.2572174370288849,0.2572174370288849,200,30
3129,1712,specialized_enriched,active_fraction,0.006421554833650589,0.025099925696849823,0.25583958625793457,0.25583958625793457,289,30
3130,9409,specialized_enriched,active_fraction,0.0007835685973986983,0.003097984939813614,0.2529284656047821,0.2529284656047821,75,30
3131,12823,specialized_enriched,mean,0.013014059513807297,0.051473524421453476,0.2528301477432251,0.2528301477432251,198,30
3132,874,base_enriched,max,-0.17599442601203918,0.702199399471283,-0.2506331205368042,0.2506331205368042,118,30
3133,14515,specialized_enriched,max,0.31839609146118164,1.2753115892410278,0.2496614158153534,0.2496614158153534,235,30
3134,10894,base_enriched,mean,-0.01661575213074684,0.06682942807674408,-0.24862927198410034,0.24862927198410034,141,30
3135,11954,base_enriched,active_fraction,-0.001113036647439003,0.004478008486330509,-0.24855616688728333,0.24855616688728333,171,30
3136,2945,specialized_enriched,mean,0.014870289713144302,0.05986524373292923,0.24839603900909424,0.24839603900909424,238,30
3137,12286,specialized_enriched,max,0.10415353626012802,0.4212980568408966,0.24722054600715637,0.24722054600715637,47,30
3138,4207,base_enriched,max,-0.4805474281311035,1.9501162767410278,-0.24641989171504974,0.24641989171504974,115,30
3139,4321,base_enriched,active_fraction,-0.0005631238454952836,0.0022880700416862965,-0.24611303210258484,0.24611303210258484,164,30
3140,114,base_enriched,active_fraction,-0.004057585261762142,0.01656312309205532,-0.24497705698013306,0.24497705698013306,262,30
3141,11059,specialized_enriched,mean,0.007857203483581543,0.03215745836496353,0.24433533847332,0.24433533847332,175,30
3142,15565,base_enriched,max,-0.21722018718719482,0.8911363482475281,-0.24375639855861664,0.24375639855861664,246,30
3143,5118,base_enriched,active_fraction,-0.001111616031266749,0.004621288273483515,-0.2405424565076828,0.2405424565076828,158,30
3144,15436,base_enriched,mean,-0.010249419137835503,0.042697228491306305,-0.24004881083965302,0.24004881083965302,128,30
3145,929,base_enriched,active_fraction,-0.0014403427485376596,0.006022381596267223,-0.23916497826576233,0.23916497826576233,272,30
3146,9247,base_enriched,mean,-0.01888350397348404,0.07904499769210815,-0.23889562487602234,0.23889562487602234,289,30
3147,6698,base_enriched,mean,-0.011758709326386452,0.0494491271674633,-0.23779407143592834,0.23779407143592834,203,30
3148,2746,specialized_enriched,active_fraction,0.0010207369923591614,0.004308601841330528,0.23690678179264069,0.23690678179264069,126,30
3149,3864,base_enriched,max,-0.1164117082953453,0.4940193295478821,-0.23564201593399048,0.23564201593399048,32,30
3150,14419,base_enriched,mean,-0.023343535140156746,0.09929284453392029,-0.23509785532951355,0.23509785532951355,144,30
3151,5124,base_enriched,active_fraction,-0.00021880534768570215,0.000933892501052469,-0.23429393768310547,0.23429393768310547,103,30
3152,609,specialized_enriched,active_fraction,0.0008078458486124873,0.0034673523623496294,0.23298637568950653,0.23298637568950653,112,30
3153,1391,specialized_enriched,mean,0.004416145384311676,0.01899309828877449,0.2325131595134735,0.2325131595134735,90,30
3154,8099,specialized_enriched,mean,0.005210484378039837,0.02258576825261116,0.23069767653942108,0.23069767653942108,141,30
3155,705,base_enriched,max,-0.2509077191352844,1.0908877849578857,-0.2300032377243042,0.2300032377243042,159,30
3156,3503,specialized_enriched,active_fraction,0.0034069973044097424,0.015030968934297562,0.2266651839017868,0.2266651839017868,218,30
3157,14013,specialized_enriched,active_fraction,0.0014656470157206059,0.006497060414403677,0.2255861759185791,0.2255861759185791,215,30
3158,13407,base_enriched,active_fraction,-0.0014055224601179361,0.006259610410779715,-0.22453832626342773,0.22453832626342773,219,30
3159,8124,specialized_enriched,mean,0.006780242547392845,0.030382249504327774,0.2231646031141281,0.2231646031141281,140,30
3160,11229,specialized_enriched,mean,0.013216555118560791,0.059272754937410355,0.2229785919189453,0.2229785919189453,288,30
3161,14264,base_enriched,active_fraction,-0.0014677129220217466,0.006596031598746777,-0.2225145399570465,0.2225145399570465,138,30
3162,14636,specialized_enriched,max,0.24960994720458984,1.1280906200408936,0.22126764059066772,0.22126764059066772,248,30
3163,12058,base_enriched,active_fraction,-0.0015388955362141132,0.007033083587884903,-0.21880808472633362,0.21880808472633362,194,30
3164,11953,specialized_enriched,mean,0.016939546912908554,0.07804294675588608,0.21705417335033417,0.21705417335033417,161,30
3165,12817,base_enriched,mean,-0.015103057026863098,0.06993559002876282,-0.2159566730260849,0.2159566730260849,197,30
3166,1591,specialized_enriched,active_fraction,0.0016035244334489107,0.007479554042220116,0.2143876999616623,0.2143876999616623,132,30
3167,12049,base_enriched,active_fraction,-0.001588537241332233,0.007412221282720566,-0.21431325376033783,0.21431325376033783,49,30
3168,11561,specialized_enriched,active_fraction,0.0012002214789390564,0.0056081414222717285,0.21401412785053253,0.21401412785053253,144,30
3169,6733,base_enriched,mean,-0.0031783804297447205,0.015005527064204216,-0.21181398630142212,0.21181398630142212,43,30
3170,10908,base_enriched,mean,-0.009559926576912403,0.04577672481536865,-0.20883814990520477,0.20883814990520477,272,30
3171,4516,specialized_enriched,active_fraction,0.0006589207332581282,0.0031605202239006758,0.20848490297794342,0.20848490297794342,55,30
3172,8022,specialized_enriched,active_fraction,0.0014655892737209797,0.007103706244379282,0.2063133269548416,0.2063133269548416,152,30
3173,1376,base_enriched,active_fraction,-0.0004137285868637264,0.002025387017056346,-0.2042713761329651,0.2042713761329651,75,30
3174,14357,specialized_enriched,max,0.30264151096343994,1.4918643236160278,0.20286127924919128,0.20286127924919128,210,30
3175,9068,base_enriched,active_fraction,-0.0014268583618104458,0.007057426497340202,-0.20217828452587128,0.20217828452587128,243,30
3176,13452,base_enriched,active_fraction,-0.0024644341319799423,0.012194613926112652,-0.2020920217037201,0.2020920217037201,215,30
3177,14918,base_enriched,max,-0.23866009712219238,1.1877524852752686,-0.20093420147895813,0.20093420147895813,138,30
3178,764,base_enriched,mean,-0.013509060256183147,0.06842407584190369,-0.19743138551712036,0.19743138551712036,127,30
3179,5941,base_enriched,active_fraction,-0.003888217732310295,0.019782133400440216,-0.19655199348926544,0.19655199348926544,250,30
3180,6778,specialized_enriched,mean,0.005517724901437759,0.028159039095044136,0.19594861567020416,0.19594861567020416,198,30
3181,1853,base_enriched,mean,-0.009955022484064102,0.05335281044244766,-0.18658852577209473,0.18658852577209473,187,30
3182,10741,base_enriched,max,-0.19342833757400513,1.0421966314315796,-0.1855967789888382,0.1855967789888382,285,30
3183,11618,specialized_enriched,mean,0.007962784729897976,0.04306917265057564,0.18488362431526184,0.18488362431526184,277,30
3184,15793,specialized_enriched,mean,0.006453977897763252,0.035090889781713486,0.18392175436019897,0.18392175436019897,124,30
3185,159,specialized_enriched,active_fraction,0.0020960085093975067,0.011487838812172413,0.18245455622673035,0.18245455622673035,166,30
3186,5998,base_enriched,mean,-0.01124441809952259,0.06357358396053314,-0.17687249183654785,0.17687249183654785,103,30
3187,6227,specialized_enriched,mean,0.015030140057206154,0.08629145473241806,0.17417877912521362,0.17417877912521362,203,30
3188,1345,specialized_enriched,active_fraction,0.0021321000531315804,0.012276070192456245,0.17367936670780182,0.17367936670780182,149,30
3189,9896,specialized_enriched,active_fraction,0.0014294140273705125,0.008313099853694439,0.171947181224823,0.171947181224823,190,30
3190,11384,base_enriched,max,-0.1757878065109253,1.0549010038375854,-0.16663914918899536,0.16663914918899536,125,30
3191,2497,base_enriched,mean,-0.0111880823969841,0.06767124682664871,-0.1653299331665039,0.1653299331665039,193,30
3192,14235,specialized_enriched,max,0.2582259178161621,1.6080228090286255,0.16058598458766937,0.16058598458766937,115,30
3193,5895,base_enriched,mean,-0.008298400789499283,0.0523199662566185,-0.15860867500305176,0.15860867500305176,209,30
3194,1290,specialized_enriched,mean,0.00777796097099781,0.04911171644926071,0.15837281942367554,0.15837281942367554,107,30
3195,9701,specialized_enriched,max,0.2800884246826172,1.7727091312408447,0.15800021588802338,0.15800021588802338,241,30
3196,6990,specialized_enriched,active_fraction,0.0006111779948696494,0.0038929160218685865,0.1569974720478058,0.1569974720478058,205,30
3197,13360,specialized_enriched,mean,0.006507496349513531,0.04368289187550545,0.14897127449512482,0.14897127449512482,273,30
3198,2393,base_enriched,max,-0.23287566006183624,1.648569941520691,-0.14125919342041016,0.14125919342041016,263,30
3199,3490,specialized_enriched,active_fraction,0.00047887529945001006,0.0033967525232583284,0.1409803330898285,0.1409803330898285,85,30
3200,11322,base_enriched,max,-0.13754057884216309,1.0523130893707275,-0.13070309162139893,0.13070309162139893,283,30
3201,5275,specialized_enriched,mean,0.008650390431284904,0.06722447276115417,0.12867918610572815,0.12867918610572815,68,30
3202,14383,specialized_enriched,max,0.1060977578163147,0.8539869785308838,0.12423814833164215,0.12423814833164215,61,30
3203,12475,specialized_enriched,max,0.1944434642791748,1.5655572414398193,0.12420079857110977,0.12420079857110977,149,30
3204,8028,specialized_enriched,max,0.14339959621429443,1.2983323335647583,0.11044906824827194,0.11044906824827194,203,30
3205,6268,base_enriched,mean,-0.0019732429645955563,0.0183172095566988,-0.10772617906332016,0.10772617906332016,94,30
3206,9590,base_enriched,mean,-0.0024825390428304672,0.02508600428700447,-0.09896111488342285,0.09896111488342285,82,30
3207,12081,specialized_enriched,active_fraction,0.00014987264876253903,0.0015667087864130735,0.09566082060337067,0.09566082060337067,54,30
3208,9182,specialized_enriched,mean,0.010205061174929142,0.11067397892475128,0.09220831841230392,0.09220831841230392,280,30
3209,9585,base_enriched,mean,-0.001331234467215836,0.01658935472369194,-0.08024630695581436,0.08024630695581436,87,30
3210,15928,base_enriched,max,-0.04782581329345703,0.7339116334915161,-0.06516563147306442,0.06516563147306442,113,30
3211,10229,base_enriched,max,-0.01305687427520752,0.45873504877090454,-0.02846277877688408,0.02846277877688408,276,30
