rank,feature_id,orientation,summary,effect,null_sd,ev,abs_ev,support,minimum_support
1,3612,specialized_enriched,active_fraction,0.1154085174202919,0.012772489339113235,9.035710334777832,9.035710334777832,226,32
2,8309,specialized_enriched,max,2.2270021438598633,0.2820987105369568,7.894407272338867,7.894407272338867,240,32
3,6214,specialized_enriched,max,2.5895919799804688,0.3478861153125763,7.443792343139648,7.443792343139648,137,32
4,8965,specialized_enriched,max,2.0861589908599854,0.29213947057724,7.140969276428223,7.140969276428223,132,32
5,11222,specialized_enriched,max,1.6302385330200195,0.22852827608585358,7.133640289306641,7.133640289306641,126,32
6,354,specialized_enriched,max,1.189961552619934,0.16728806495666504,7.113248348236084,7.113248348236084,134,32
7,14323,specialized_enriched,max,1.0655345916748047,0.15140078961849213,7.037840366363525,7.037840366363525,79,32
8,16117,specialized_enriched,max,1.1407172679901123,0.1623992919921875,7.024151802062988,7.024151802062988,125,32
9,11244,specialized_enriched,max,1.3886064291000366,0.19883936643600464,6.9835591316223145,6.9835591316223145,133,32
10,11495,specialized_enriched,max,1.3705919981002808,0.19709712266921997,6.953891277313232,6.953891277313232,155,32
11,8145,specialized_enriched,max,0.6242642402648926,0.09009083360433578,6.929275989532471,6.929275989532471,67,32
12,7905,specialized_enriched,max,1.9967212677001953,0.2886708378791809,6.916948318481445,6.916948318481445,181,32
13,12402,specialized_enriched,active_fraction,0.025141345337033272,0.0037958177272230387,6.6234331130981445,6.6234331130981445,134,32
14,3178,specialized_enriched,max,1.3804398775100708,0.20853109657764435,6.6198272705078125,6.6198272705078125,250,32
15,5232,specialized_enriched,max,0.8008617758750916,0.12124549597501755,6.60529088973999,6.60529088973999,137,32
16,1058,specialized_enriched,max,1.8557020425796509,0.2870343029499054,6.465087890625,6.465087890625,119,32
17,2827,specialized_enriched,max,1.8612173795700073,0.28830617666244507,6.455697059631348,6.455697059631348,163,32
18,11698,specialized_enriched,max,1.8414881229400635,0.286575585603714,6.425837516784668,6.425837516784668,138,32
19,11233,specialized_enriched,active_fraction,0.0327923446893692,0.0051035210490226746,6.425435543060303,6.425435543060303,95,32
20,4182,specialized_enriched,max,1.102117896080017,0.1737269163131714,6.343967437744141,6.343967437744141,169,32
21,11229,specialized_enriched,max,1.1912115812301636,0.1880640983581543,6.334072113037109,6.334072113037109,252,32
22,12173,specialized_enriched,max,1.0569896697998047,0.16861985623836517,6.268476963043213,6.268476963043213,113,32
23,6403,specialized_enriched,max,0.9133812785148621,0.14591071009635925,6.259864330291748,6.259864330291748,100,32
24,4033,specialized_enriched,active_fraction,0.020103218033909798,0.0032369939144700766,6.210459232330322,6.210459232330322,138,32
25,4179,specialized_enriched,max,0.6503738164901733,0.1048009991645813,6.2057976722717285,6.2057976722717285,77,32
26,12047,specialized_enriched,max,1.4077601432800293,0.22759592533111572,6.1853485107421875,6.1853485107421875,89,32
27,3021,specialized_enriched,max,1.0646779537200928,0.17232543230056763,6.178298473358154,6.178298473358154,130,32
28,14461,specialized_enriched,max,0.8474079370498657,0.1380707174539566,6.1374921798706055,6.1374921798706055,119,32
29,9556,specialized_enriched,max,1.429787278175354,0.23380011320114136,6.115426063537598,6.115426063537598,158,32
30,935,specialized_enriched,max,0.6822304129600525,0.11216416209936142,6.082427978515625,6.082427978515625,116,32
31,173,specialized_enriched,max,1.3479247093200684,0.22161808609962463,6.082196235656738,6.082196235656738,131,32
32,11576,specialized_enriched,max,0.8504902720451355,0.1406894028186798,6.045162200927734,6.045162200927734,113,32
33,9006,specialized_enriched,max,1.0814012289047241,0.17987045645713806,6.012111663818359,6.012111663818359,97,32
34,5691,specialized_enriched,max,1.503235101699829,0.25341570377349854,5.931893825531006,5.931893825531006,159,32
35,6918,specialized_enriched,max,1.006809115409851,0.17012320458889008,5.918117523193359,5.918117523193359,175,32
36,3631,specialized_enriched,max,1.0169497728347778,0.17212334275245667,5.908261775970459,5.908261775970459,125,32
37,10380,specialized_enriched,max,1.5702000856399536,0.26610061526298523,5.900775909423828,5.900775909423828,176,32
38,2187,specialized_enriched,max,1.1654585599899292,0.19934453070163727,5.846453666687012,5.846453666687012,160,32
39,5783,specialized_enriched,max,2.0017149448394775,0.3454463481903076,5.7945756912231445,5.7945756912231445,115,32
40,11469,specialized_enriched,max,0.8118229508399963,0.14087484776973724,5.76272439956665,5.76272439956665,120,32
41,13139,specialized_enriched,max,0.7096421122550964,0.12367378920316696,5.738015651702881,5.738015651702881,62,32
42,11840,specialized_enriched,max,1.6643544435501099,0.2925093173980713,5.689919471740723,5.689919471740723,83,32
43,7287,specialized_enriched,max,1.9106075763702393,0.33611860871315,5.684325695037842,5.684325695037842,143,32
44,15153,specialized_enriched,max,1.6072843074798584,0.28284040093421936,5.68265438079834,5.68265438079834,110,32
45,1985,specialized_enriched,max,2.191365957260132,0.38775721192359924,5.651386737823486,5.651386737823486,73,32
46,12921,specialized_enriched,max,0.7763017416000366,0.13774248957633972,5.635891437530518,5.635891437530518,90,32
47,11862,specialized_enriched,max,1.4478713274002075,0.25869399309158325,5.59684944152832,5.59684944152832,87,32
48,105,specialized_enriched,max,0.793820321559906,0.14251473546028137,5.570093154907227,5.570093154907227,89,32
49,4321,specialized_enriched,max,1.0294495820999146,0.18528859317302704,5.555925369262695,5.555925369262695,52,32
50,15150,specialized_enriched,active_fraction,0.015499022789299488,0.002799225738272071,5.536896228790283,5.536896228790283,107,32
51,14356,specialized_enriched,max,1.1087390184402466,0.20027469098567963,5.536091327667236,5.536091327667236,178,32
52,14322,specialized_enriched,max,0.38183844089508057,0.06952949613332748,5.4917473793029785,5.4917473793029785,83,32
53,11630,specialized_enriched,max,1.0769805908203125,0.19616730511188507,5.490112781524658,5.490112781524658,184,32
54,6938,specialized_enriched,max,0.3224753737449646,0.058765195310115814,5.487523078918457,5.487523078918457,155,32
55,14040,specialized_enriched,max,0.5657014846801758,0.1031169444322586,5.486018657684326,5.486018657684326,91,32
56,14426,specialized_enriched,max,0.7739660739898682,0.14244922995567322,5.433276653289795,5.433276653289795,76,32
57,4130,specialized_enriched,max,0.8118053078651428,0.14965717494487762,5.424432754516602,5.424432754516602,129,32
58,863,specialized_enriched,max,1.646848440170288,0.30397191643714905,5.417765140533447,5.417765140533447,132,32
59,13280,specialized_enriched,max,0.9499688148498535,0.17592741549015045,5.399776935577393,5.399776935577393,147,32
60,6279,specialized_enriched,max,1.2979388236999512,0.2409174144268036,5.387484550476074,5.387484550476074,111,32
61,11864,specialized_enriched,mean,0.10807687789201736,0.02009326033294201,5.378762722015381,5.378762722015381,147,32
62,10091,specialized_enriched,max,1.031031847000122,0.1920357197523117,5.368958473205566,5.368958473205566,90,32
63,8144,specialized_enriched,max,1.8360750675201416,0.3426452875137329,5.358530044555664,5.358530044555664,116,32
64,5784,specialized_enriched,max,0.5671277642250061,0.10588899254798889,5.355870723724365,5.355870723724365,272,32
65,13165,specialized_enriched,max,0.9763947129249573,0.1833280473947525,5.3259429931640625,5.3259429931640625,171,32
66,9981,specialized_enriched,max,1.1371080875396729,0.2137250006198883,5.320425987243652,5.320425987243652,42,32
67,15250,specialized_enriched,max,0.7503355741500854,0.1413758248090744,5.307382583618164,5.307382583618164,85,32
68,11683,specialized_enriched,max,0.7256765365600586,0.13723081350326538,5.288000106811523,5.288000106811523,59,32
69,10741,specialized_enriched,max,0.7878627777099609,0.14995615184307098,5.2539544105529785,5.2539544105529785,137,32
70,827,specialized_enriched,max,0.8049911856651306,0.15360863506793976,5.240533351898193,5.240533351898193,280,32
71,10860,specialized_enriched,max,0.4636373221874237,0.0885062888264656,5.238467693328857,5.238467693328857,76,32
72,15866,specialized_enriched,max,0.6821976900100708,0.1304568499326706,5.229297637939453,5.229297637939453,99,32
73,4668,specialized_enriched,max,1.9572157859802246,0.3756653368473053,5.20999813079834,5.20999813079834,117,32
74,10176,specialized_enriched,max,0.7018430233001709,0.1352306306362152,5.189970970153809,5.189970970153809,37,32
75,8915,specialized_enriched,max,0.8730166554450989,0.1684105545282364,5.183859348297119,5.183859348297119,282,32
76,209,specialized_enriched,max,0.8479633331298828,0.16367986798286438,5.1806206703186035,5.1806206703186035,204,32
77,1362,specialized_enriched,active_fraction,0.012230286374688148,0.002367668552324176,5.165539741516113,5.165539741516113,97,32
78,2417,specialized_enriched,max,1.0039280652999878,0.1945265233516693,5.160880088806152,5.160880088806152,118,32
79,3680,specialized_enriched,max,0.7433654069900513,0.14426493644714355,5.152779579162598,5.152779579162598,169,32
80,11449,specialized_enriched,max,0.9278392195701599,0.18046045303344727,5.141510009765625,5.141510009765625,155,32
81,7958,specialized_enriched,max,0.5361731052398682,0.10431309789419174,5.140036106109619,5.140036106109619,49,32
82,7109,specialized_enriched,max,0.817060649394989,0.15905648469924927,5.136921405792236,5.136921405792236,128,32
83,11379,specialized_enriched,max,0.6257064342498779,0.12188492715358734,5.1335835456848145,5.1335835456848145,103,32
84,7349,specialized_enriched,max,0.7810587286949158,0.15418821573257446,5.065618991851807,5.065618991851807,271,32
85,10820,specialized_enriched,max,0.9866234660148621,0.19522014260292053,5.0539021492004395,5.0539021492004395,190,32
86,11003,specialized_enriched,max,1.328383445739746,0.26364827156066895,5.038468360900879,5.038468360900879,273,32
87,7934,specialized_enriched,max,0.752322256565094,0.1496116816997528,5.028499603271484,5.028499603271484,103,32
88,5909,specialized_enriched,max,1.0338172912597656,0.2062060683965683,5.013515472412109,5.013515472412109,130,32
89,3763,specialized_enriched,max,0.3157099187374115,0.0630665123462677,5.005983352661133,5.005983352661133,70,32
90,11535,specialized_enriched,max,0.7378852367401123,0.14785516262054443,4.990594863891602,4.990594863891602,183,32
91,2345,specialized_enriched,max,0.7447413206100464,0.14938053488731384,4.985531330108643,4.985531330108643,115,32
92,4058,specialized_enriched,max,0.759205162525177,0.1524820178747177,4.9789814949035645,4.9789814949035645,92,32
93,15326,specialized_enriched,max,1.1001731157302856,0.22131727635860443,4.971022129058838,4.971022129058838,96,32
94,2203,specialized_enriched,max,1.5818685293197632,0.319205641746521,4.95564079284668,4.95564079284668,178,32
95,9636,specialized_enriched,max,0.9255916476249695,0.18682639300823212,4.954287528991699,4.954287528991699,66,32
96,14220,specialized_enriched,max,0.8130168318748474,0.16422438621520996,4.95064640045166,4.95064640045166,153,32
97,14007,specialized_enriched,max,0.5182560086250305,0.10476363450288773,4.9469075202941895,4.9469075202941895,43,32
98,13595,specialized_enriched,max,2.3317291736602783,0.4717209041118622,4.943027019500732,4.943027019500732,188,32
99,3487,specialized_enriched,max,0.6756755113601685,0.13717353343963623,4.925698757171631,4.925698757171631,207,32
100,6673,specialized_enriched,max,1.3522286415100098,0.27492260932922363,4.9185791015625,4.9185791015625,129,32
101,10790,specialized_enriched,max,0.8237506151199341,0.1675640493631363,4.91603422164917,4.91603422164917,170,32
102,14395,specialized_enriched,max,0.4239405393600464,0.08644436299800873,4.904201030731201,4.904201030731201,80,32
103,3092,specialized_enriched,max,0.868398129940033,0.17711250483989716,4.903087615966797,4.903087615966797,103,32
104,15336,specialized_enriched,max,1.3516967296600342,0.27584728598594666,4.900163173675537,4.900163173675537,125,32
105,4614,specialized_enriched,max,0.8023132085800171,0.16441434621810913,4.879824638366699,4.879824638366699,188,32
106,6436,specialized_enriched,max,2.4428274631500244,0.5014317035675049,4.871705055236816,4.871705055236816,130,32
107,14849,specialized_enriched,max,0.8190121054649353,0.16811782121658325,4.871655464172363,4.871655464172363,43,32
108,12671,specialized_enriched,max,0.8650330305099487,0.1780771017074585,4.857632160186768,4.857632160186768,179,32
109,8428,specialized_enriched,max,0.752753496170044,0.1551099717617035,4.853031158447266,4.853031158447266,163,32
110,5903,specialized_enriched,max,0.867234468460083,0.1791953444480896,4.839603900909424,4.839603900909424,131,32
111,11046,specialized_enriched,max,1.850953459739685,0.38264796137809753,4.837223052978516,4.837223052978516,241,32
112,4688,specialized_enriched,max,0.7714508175849915,0.15966102480888367,4.831804275512695,4.831804275512695,167,32
113,311,specialized_enriched,max,1.165785789489746,0.2413097321987152,4.831076622009277,4.831076622009277,242,32
114,6954,specialized_enriched,max,0.7163161635398865,0.14841151237487793,4.826553821563721,4.826553821563721,134,32
115,1010,specialized_enriched,max,1.1485700607299805,0.23834870755672455,4.818864345550537,4.818864345550537,166,32
116,9281,specialized_enriched,max,1.4051693677902222,0.2916572391986847,4.8178791999816895,4.8178791999816895,168,32
117,4944,specialized_enriched,max,1.4112653732299805,0.2931548058986664,4.814061641693115,4.814061641693115,113,32
118,6789,specialized_enriched,max,1.2070262432098389,0.25081393122673035,4.812437057495117,4.812437057495117,89,32
119,3554,specialized_enriched,max,1.3241784572601318,0.2752545177936554,4.810741901397705,4.810741901397705,87,32
120,13211,specialized_enriched,max,0.4957413673400879,0.10358410328626633,4.785882472991943,4.785882472991943,40,32
121,7436,specialized_enriched,max,0.42237168550491333,0.08835140615701675,4.780588150024414,4.780588150024414,32,32
122,7084,specialized_enriched,max,0.9781179428100586,0.20501793920993805,4.770889759063721,4.770889759063721,148,32
123,4184,specialized_enriched,max,1.2603847980499268,0.26429513096809387,4.768853664398193,4.768853664398193,146,32
124,6819,specialized_enriched,max,1.0691882371902466,0.2242661565542221,4.7674970626831055,4.7674970626831055,141,32
125,4550,specialized_enriched,max,1.3713840246200562,0.28774264454841614,4.7660088539123535,4.7660088539123535,115,32
126,7997,specialized_enriched,max,0.4330572187900543,0.09089578688144684,4.764326572418213,4.764326572418213,54,32
127,2254,specialized_enriched,max,0.7810788750648499,0.16395331919193268,4.764031887054443,4.764031887054443,130,32
128,9591,specialized_enriched,max,0.6012436747550964,0.12625645101070404,4.762082576751709,4.762082576751709,48,32
129,5267,specialized_enriched,max,1.2144007682800293,0.25507983565330505,4.760865211486816,4.760865211486816,158,32
130,8234,specialized_enriched,max,1.6349031925201416,0.3447389602661133,4.742438316345215,4.742438316345215,216,32
131,2055,specialized_enriched,max,0.6563842296600342,0.13846775889396667,4.740339756011963,4.740339756011963,85,32
132,4740,specialized_enriched,max,1.66935133934021,0.35249796509742737,4.735775947570801,4.735775947570801,164,32
133,8131,specialized_enriched,max,1.0551153421401978,0.22332410514354706,4.724592208862305,4.724592208862305,143,32
134,15567,specialized_enriched,max,1.717652678489685,0.36442211270332336,4.71336030960083,4.71336030960083,137,32
135,5528,specialized_enriched,max,0.7161273956298828,0.15205202996730804,4.709752082824707,4.709752082824707,45,32
136,12817,specialized_enriched,max,1.9312278032302856,0.4109513759613037,4.69940710067749,4.69940710067749,155,32
137,12471,specialized_enriched,max,1.2796324491500854,0.2724907696247101,4.6960577964782715,4.6960577964782715,86,32
138,14897,specialized_enriched,max,0.7604032158851624,0.1619521677494049,4.695233345031738,4.695233345031738,38,32
139,2746,specialized_enriched,max,2.3477401733398438,0.5009472370147705,4.686601638793945,4.686601638793945,73,32
140,1852,specialized_enriched,max,0.6907434463500977,0.14752145111560822,4.68232536315918,4.68232536315918,197,32
141,7246,specialized_enriched,max,1.5483012199401855,0.3309367299079895,4.678541660308838,4.678541660308838,104,32
142,13329,specialized_enriched,max,1.3463507890701294,0.28789186477661133,4.6765851974487305,4.6765851974487305,176,32
143,11435,specialized_enriched,max,0.7150937914848328,0.15302467346191406,4.673061847686768,4.673061847686768,181,32
144,15980,specialized_enriched,max,0.3937862515449524,0.08448569476604462,4.660981178283691,4.660981178283691,73,32
145,8508,specialized_enriched,max,0.6743180751800537,0.14473176002502441,4.659088611602783,4.659088611602783,45,32
146,5895,specialized_enriched,max,1.9683406352996826,0.4228895306587219,4.654503345489502,4.654503345489502,139,32
147,8509,specialized_enriched,max,1.1419086456298828,0.24573449790477753,4.646920204162598,4.646920204162598,181,32
148,3369,specialized_enriched,max,1.4614542722702026,0.31507086753845215,4.63849401473999,4.63849401473999,137,32
149,2704,specialized_enriched,active_fraction,0.011966273188591003,0.0025836704298853874,4.631501197814941,4.631501197814941,77,32
150,3579,specialized_enriched,active_fraction,0.007672208361327648,0.0016589676961302757,4.624688148498535,4.624688148498535,69,32
151,7321,specialized_enriched,max,0.6632856130599976,0.14366865158081055,4.61677360534668,4.61677360534668,37,32
152,13556,specialized_enriched,max,1.083022952079773,0.23499539494514465,4.608698844909668,4.608698844909668,85,32
153,3079,specialized_enriched,max,0.8714134097099304,0.1894574761390686,4.599519729614258,4.599519729614258,127,32
154,3809,specialized_enriched,max,0.42505133152008057,0.09277050197124481,4.581750869750977,4.581750869750977,120,32
155,11751,specialized_enriched,active_fraction,0.01980942115187645,0.004333155695348978,4.571592330932617,4.571592330932617,41,32
156,6901,specialized_enriched,max,1.4259456396102905,0.31213855743408203,4.568309783935547,4.568309783935547,238,32
157,13922,specialized_enriched,max,0.9870831966400146,0.21614782512187958,4.566704273223877,4.566704273223877,268,32
158,1418,specialized_enriched,max,0.7485989332199097,0.1639370173215866,4.566381454467773,4.566381454467773,130,32
159,1241,specialized_enriched,max,0.582306444644928,0.12768730521202087,4.560410022735596,4.560410022735596,263,32
160,10328,specialized_enriched,max,0.8470823764801025,0.18613487482070923,4.550906181335449,4.550906181335449,49,32
161,7181,specialized_enriched,active_fraction,0.012193817645311356,0.0026845084503293037,4.542290687561035,4.542290687561035,51,32
162,5273,specialized_enriched,max,1.2171660661697388,0.26823732256889343,4.537646293640137,4.537646293640137,34,32
163,7852,specialized_enriched,active_fraction,0.00647352822124958,0.00142773799598217,4.534114837646484,4.534114837646484,47,32
164,8167,specialized_enriched,max,0.5460141897201538,0.12044203281402588,4.533419132232666,4.533419132232666,221,32
165,3561,specialized_enriched,active_fraction,0.018797701224684715,0.00415119668468833,4.528260707855225,4.528260707855225,91,32
166,4309,specialized_enriched,max,1.0417875051498413,0.23011931777000427,4.527162551879883,4.527162551879883,108,32
167,10054,specialized_enriched,max,1.383156418800354,0.3063667118549347,4.514708518981934,4.514708518981934,66,32
168,7731,specialized_enriched,max,0.6428365111351013,0.14253482222557068,4.510031223297119,4.510031223297119,135,32
169,2289,specialized_enriched,active_fraction,0.028916873037815094,0.006412476301193237,4.509470462799072,4.509470462799072,153,32
170,15346,specialized_enriched,max,0.7848374247550964,0.17445212602615356,4.498869895935059,4.498869895935059,52,32
171,9367,specialized_enriched,max,0.6638947129249573,0.14762987196445465,4.497021675109863,4.497021675109863,39,32
172,6022,specialized_enriched,max,0.4104817807674408,0.0913051888346672,4.495711326599121,4.495711326599121,50,32
173,12423,specialized_enriched,max,0.701551079750061,0.15608012676239014,4.494813442230225,4.494813442230225,44,32
174,12934,specialized_enriched,active_fraction,0.006571766454726458,0.0014630398945882916,4.491857528686523,4.491857528686523,50,32
175,7953,specialized_enriched,max,0.9528900980949402,0.2128911167383194,4.475950717926025,4.475950717926025,99,32
176,11790,specialized_enriched,active_fraction,0.03986909240484238,0.008916303515434265,4.471482276916504,4.471482276916504,66,32
177,3305,specialized_enriched,max,1.1649752855300903,0.2605842351913452,4.470628261566162,4.470628261566162,34,32
178,11579,specialized_enriched,max,1.00833261013031,0.2258734554052353,4.46414852142334,4.46414852142334,153,32
179,8941,specialized_enriched,max,0.5001476407051086,0.11207941174507141,4.462440013885498,4.462440013885498,104,32
180,11928,specialized_enriched,max,0.6960373520851135,0.15612412989139557,4.458230495452881,4.458230495452881,48,32
181,1500,specialized_enriched,max,1.3484398126602173,0.30251801013946533,4.4573869705200195,4.4573869705200195,182,32
182,13830,specialized_enriched,max,2.617264747619629,0.5876204967498779,4.454005241394043,4.454005241394043,110,32
183,5611,specialized_enriched,max,0.5309832096099854,0.11925824731588364,4.452381610870361,4.452381610870361,129,32
184,13,specialized_enriched,max,0.5197879672050476,0.11684693396091461,4.448451995849609,4.448451995849609,50,32
185,8999,specialized_enriched,active_fraction,0.0068966844119131565,0.0015508073847740889,4.447157382965088,4.447157382965088,45,32
186,5921,specialized_enriched,max,1.1824644804000854,0.2670471668243408,4.427923679351807,4.427923679351807,156,32
187,9402,specialized_enriched,max,1.7159881591796875,0.38761770725250244,4.427011966705322,4.427011966705322,148,32
188,2939,specialized_enriched,max,1.3324205875396729,0.30121833086013794,4.42343807220459,4.42343807220459,153,32
189,1626,specialized_enriched,max,1.111145257949829,0.2517102360725403,4.414382457733154,4.414382457733154,85,32
190,14041,specialized_enriched,max,1.7101589441299438,0.3886447548866272,4.400313854217529,4.400313854217529,34,32
191,6875,specialized_enriched,max,0.9546452164649963,0.2173716425895691,4.391765117645264,4.391765117645264,206,32
192,4284,specialized_enriched,max,1.1245368719100952,0.256115198135376,4.390746116638184,4.390746116638184,131,32
193,6882,specialized_enriched,max,0.9221099019050598,0.21015574038028717,4.387745380401611,4.387745380401611,196,32
194,7371,specialized_enriched,max,1.2952440977096558,0.29521456360816956,4.387466907501221,4.387466907501221,208,32
195,2750,specialized_enriched,max,0.7416942119598389,0.1691208779811859,4.385586261749268,4.385586261749268,237,32
196,1796,specialized_enriched,max,0.7570825815200806,0.17278437316417694,4.381661415100098,4.381661415100098,112,32
197,12701,specialized_enriched,max,1.4603468179702759,0.3334848880767822,4.379049301147461,4.379049301147461,34,32
198,9552,specialized_enriched,max,0.28054189682006836,0.06417370587587357,4.3716020584106445,4.3716020584106445,40,32
199,8631,specialized_enriched,max,0.5471535325050354,0.1254776120185852,4.360567092895508,4.360567092895508,72,32
200,13805,specialized_enriched,active_fraction,0.006375316064804792,0.0014623231254518032,4.359717845916748,4.359717845916748,76,32
201,2858,specialized_enriched,active_fraction,0.014903249219059944,0.0034184909891337156,4.359598636627197,4.359598636627197,150,32
202,8720,specialized_enriched,max,0.6500332355499268,0.14912976324558258,4.358842849731445,4.358842849731445,149,32
203,1546,specialized_enriched,max,0.8965582251548767,0.2058667540550232,4.35504150390625,4.35504150390625,36,32
204,11325,specialized_enriched,max,1.0473079681396484,0.24051518738269806,4.354435920715332,4.354435920715332,82,32
205,16193,specialized_enriched,max,1.411886215209961,0.32431384921073914,4.353456497192383,4.353456497192383,145,32
206,15323,specialized_enriched,max,1.5637232065200806,0.3596504330635071,4.347897529602051,4.347897529602051,113,32
207,1697,specialized_enriched,max,1.2065614461898804,0.2775360345840454,4.347404479980469,4.347404479980469,34,32
208,15368,specialized_enriched,max,1.2183473110198975,0.28061264753341675,4.341740608215332,4.341740608215332,34,32
209,11580,specialized_enriched,max,1.2739593982696533,0.2934761345386505,4.340929985046387,4.340929985046387,254,32
210,9470,specialized_enriched,active_fraction,0.021808873862028122,0.005029584746807814,4.336118221282959,4.336118221282959,163,32
211,11744,specialized_enriched,max,2.7190704345703125,0.6271881461143494,4.335334777832031,4.335334777832031,78,32
212,1700,specialized_enriched,max,0.7001936435699463,0.16177906095981598,4.328085899353027,4.328085899353027,142,32
213,4364,specialized_enriched,max,1.7290122509002686,0.40001824498176575,4.322333335876465,4.322333335876465,119,32
214,4989,specialized_enriched,max,1.1636346578598022,0.26965853571891785,4.315215587615967,4.315215587615967,122,32
215,10082,specialized_enriched,max,0.5747724771499634,0.13341976702213287,4.3080010414123535,4.3080010414123535,145,32
216,2031,specialized_enriched,max,1.320156455039978,0.30665385723114014,4.305037975311279,4.305037975311279,161,32
217,5578,specialized_enriched,max,1.0535154342651367,0.2447725236415863,4.304059028625488,4.304059028625488,171,32
218,1712,specialized_enriched,max,0.7092293500900269,0.16485582292079926,4.30211877822876,4.30211877822876,234,32
219,8726,specialized_enriched,max,0.5623288750648499,0.13120749592781067,4.2857985496521,4.2857985496521,45,32
220,9875,specialized_enriched,max,1.0165411233901978,0.23736397922039032,4.282625675201416,4.282625675201416,110,32
221,2889,specialized_enriched,max,0.8909547328948975,0.20820559561252594,4.279206275939941,4.279206275939941,242,32
222,13637,specialized_enriched,max,0.35497206449508667,0.08295544981956482,4.279068470001221,4.279068470001221,50,32
223,8621,specialized_enriched,max,0.5586491227149963,0.13069114089012146,4.274575233459473,4.274575233459473,66,32
224,5787,specialized_enriched,max,0.6197631359100342,0.14502042531967163,4.273626327514648,4.273626327514648,38,32
225,14691,specialized_enriched,max,0.9592360854148865,0.22467906773090363,4.2693610191345215,4.2693610191345215,102,32
226,2551,specialized_enriched,max,2.6414756774902344,0.6192240118980408,4.265783786773682,4.265783786773682,149,32
227,12132,specialized_enriched,max,0.5338373780250549,0.1251804083585739,4.2645440101623535,4.2645440101623535,181,32
228,3170,specialized_enriched,max,0.8252204656600952,0.19460180401802063,4.240559101104736,4.240559101104736,225,32
229,1897,specialized_enriched,max,0.20686346292495728,0.048867277801036835,4.2331695556640625,4.2331695556640625,66,32
230,673,specialized_enriched,max,1.758117914199829,0.41542842984199524,4.232059478759766,4.232059478759766,174,32
231,5782,specialized_enriched,max,0.8642963767051697,0.20458072423934937,4.224720478057861,4.224720478057861,108,32
232,771,specialized_enriched,max,0.5075389742851257,0.12015245854854584,4.224124908447266,4.224124908447266,88,32
233,4686,specialized_enriched,max,0.5610015988349915,0.13317568600177765,4.2124924659729,4.2124924659729,70,32
234,4696,specialized_enriched,active_fraction,0.016237134113907814,0.003856227733194828,4.210626125335693,4.210626125335693,46,32
235,16019,specialized_enriched,max,1.5277599096298218,0.3635219633579254,4.202661991119385,4.202661991119385,141,32
236,619,specialized_enriched,max,0.7776634097099304,0.18504269421100616,4.202616214752197,4.202616214752197,278,32
237,11475,specialized_enriched,max,0.7175318002700806,0.1707819551229477,4.201449871063232,4.201449871063232,106,32
238,10877,specialized_enriched,max,0.6384470462799072,0.15229663252830505,4.192128658294678,4.192128658294678,48,32
239,965,specialized_enriched,max,0.7851780652999878,0.18734899163246155,4.1909918785095215,4.1909918785095215,209,32
240,3917,specialized_enriched,max,0.5593454837799072,0.1335330456495285,4.188817024230957,4.188817024230957,36,32
241,13314,specialized_enriched,max,0.9299911856651306,0.22225312888622284,4.184378147125244,4.184378147125244,159,32
242,955,specialized_enriched,max,0.34925028681755066,0.08355671167373657,4.179799556732178,4.179799556732178,143,32
243,14543,specialized_enriched,max,0.3475220203399658,0.08314990252256393,4.179463863372803,4.179463863372803,79,32
244,2223,specialized_enriched,max,1.1664535999298096,0.27928513288497925,4.176568984985352,4.176568984985352,114,32
245,7344,specialized_enriched,max,0.7039891481399536,0.1688251793384552,4.1699299812316895,4.1699299812316895,181,32
246,5126,specialized_enriched,active_fraction,0.023691000416874886,0.005690979305654764,4.162903785705566,4.162903785705566,185,32
247,12529,specialized_enriched,max,0.43711742758750916,0.1052711084485054,4.152301788330078,4.152301788330078,53,32
248,1675,specialized_enriched,max,0.4924945533275604,0.11884637922048569,4.143959045410156,4.143959045410156,101,32
249,3914,specialized_enriched,max,0.939167857170105,0.22686132788658142,4.139832496643066,4.139832496643066,184,32
250,7164,specialized_enriched,max,0.455898642539978,0.11015520989894867,4.138693332672119,4.138693332672119,88,32
251,3740,specialized_enriched,active_fraction,0.009009030647575855,0.002178154420107603,4.13608455657959,4.13608455657959,61,32
252,5671,specialized_enriched,active_fraction,0.006163239944726229,0.0014946416486054659,4.123557090759277,4.123557090759277,49,32
253,7815,specialized_enriched,max,0.5047049522399902,0.12257210910320282,4.117616653442383,4.117616653442383,55,32
254,10633,specialized_enriched,max,1.7514430284500122,0.4255005717277527,4.116194248199463,4.116194248199463,71,32
255,15714,specialized_enriched,max,0.9611439108848572,0.2335575670003891,4.115233421325684,4.115233421325684,70,32
256,2015,specialized_enriched,max,0.43085533380508423,0.10472207516431808,4.114274024963379,4.114274024963379,42,32
257,10148,specialized_enriched,max,0.4150826930999756,0.10094954073429108,4.111783981323242,4.111783981323242,49,32
258,2824,specialized_enriched,max,0.6753802299499512,0.16449512541294098,4.105776786804199,4.105776786804199,140,32
259,10193,specialized_enriched,max,1.450871467590332,0.3535315990447998,4.103937149047852,4.103937149047852,202,32
260,9579,specialized_enriched,max,0.6814963221549988,0.16646699607372284,4.0938825607299805,4.0938825607299805,79,32
261,3676,specialized_enriched,max,1.085023045539856,0.2651142477989197,4.092662334442139,4.092662334442139,130,32
262,9921,specialized_enriched,max,0.8727113008499146,0.21326163411140442,4.092209339141846,4.092209339141846,53,32
263,13324,specialized_enriched,max,0.4360603392124176,0.10666146129369736,4.088265419006348,4.088265419006348,133,32
264,1603,specialized_enriched,max,0.4190661311149597,0.10255937278270721,4.08608341217041,4.08608341217041,109,32
265,15762,specialized_enriched,max,0.6616898775100708,0.16202235221862793,4.08394193649292,4.08394193649292,72,32
266,15648,specialized_enriched,max,1.0860549211502075,0.26636803150177,4.077271938323975,4.077271938323975,77,32
267,16207,specialized_enriched,max,0.7576908469200134,0.18608108162879944,4.071831703186035,4.071831703186035,176,32
268,16173,specialized_enriched,max,0.5946527123451233,0.14609628915786743,4.070279598236084,4.070279598236084,36,32
269,713,specialized_enriched,max,0.3453088104724884,0.08496476709842682,4.064141273498535,4.064141273498535,75,32
270,13742,specialized_enriched,max,1.0413075685501099,0.2565312385559082,4.0591840744018555,4.0591840744018555,40,32
271,13343,specialized_enriched,max,1.1234697103500366,0.27703139185905457,4.0553879737854,4.0553879737854,196,32
272,15449,specialized_enriched,max,1.71053147315979,0.42294880747795105,4.044299125671387,4.044299125671387,87,32
273,4210,specialized_enriched,max,0.5726717114448547,0.14160829782485962,4.044054985046387,4.044054985046387,170,32
274,9207,specialized_enriched,max,1.028679370880127,0.2545871436595917,4.040578842163086,4.040578842163086,41,32
275,9863,specialized_enriched,max,0.21169929206371307,0.05239579826593399,4.04038667678833,4.04038667678833,32,32
276,5402,specialized_enriched,max,0.7029387354850769,0.17451047897338867,4.028060436248779,4.028060436248779,133,32
277,6524,specialized_enriched,max,0.7865346670150757,0.1954357773065567,4.02451753616333,4.02451753616333,90,32
278,1687,specialized_enriched,max,0.6261544227600098,0.15560320019721985,4.024045944213867,4.024045944213867,110,32
279,4029,specialized_enriched,max,0.783156156539917,0.19477400183677673,4.020845413208008,4.020845413208008,162,32
280,6281,specialized_enriched,max,0.8469884395599365,0.21069954335689545,4.019887447357178,4.019887447357178,42,32
281,7578,specialized_enriched,max,1.450101375579834,0.3612753450870514,4.0138397216796875,4.0138397216796875,34,32
282,12694,specialized_enriched,max,0.8613499402999878,0.21472011506557465,4.011500835418701,4.011500835418701,102,32
283,15852,specialized_enriched,max,1.671128273010254,0.4166228771209717,4.011129379272461,4.011129379272461,160,32
284,1963,specialized_enriched,max,0.25766482949256897,0.064240962266922,4.01091194152832,4.01091194152832,34,32
285,3874,specialized_enriched,max,0.5214113593101501,0.13003584742546082,4.009750843048096,4.009750843048096,55,32
286,9670,specialized_enriched,max,1.4272679090499878,0.35686105489730835,3.9995059967041016,3.9995059967041016,101,32
287,5942,specialized_enriched,max,0.3160790503025055,0.07903044670820236,3.9994592666625977,3.9994592666625977,143,32
288,4126,specialized_enriched,max,0.33913734555244446,0.08482491225004196,3.99808669090271,3.99808669090271,45,32
289,14233,specialized_enriched,max,0.9907025098800659,0.2479352205991745,3.995811939239502,3.995811939239502,169,32
290,4188,specialized_enriched,max,0.5829306244850159,0.14590045809745789,3.9953994750976562,3.9953994750976562,140,32
291,14338,specialized_enriched,active_fraction,0.0072933342307806015,0.0018254572059959173,3.9953465461730957,3.9953465461730957,74,32
292,15146,specialized_enriched,max,0.2979958653450012,0.07465306669473648,3.9917430877685547,3.9917430877685547,34,32
293,5242,specialized_enriched,max,0.5310453176498413,0.1332477480173111,3.985398054122925,3.985398054122925,128,32
294,3691,specialized_enriched,max,0.5377302169799805,0.13505016267299652,3.9817073345184326,3.9817073345184326,142,32
295,13864,specialized_enriched,max,1.0349079370498657,0.25995397567749023,3.9811198711395264,3.9811198711395264,40,32
296,12943,specialized_enriched,max,1.0630269050598145,0.2673262655735016,3.976515054702759,3.976515054702759,134,32
297,6210,specialized_enriched,max,0.2684372365474701,0.06752746552228928,3.9752304553985596,3.9752304553985596,65,32
298,15507,specialized_enriched,max,0.6091032028198242,0.1534796506166458,3.968625068664551,3.968625068664551,283,32
299,11681,specialized_enriched,max,1.0706665515899658,0.26988619565963745,3.9671037197113037,3.9671037197113037,101,32
300,14319,specialized_enriched,max,1.0577648878097534,0.2666800618171692,3.966418981552124,3.966418981552124,95,32
301,8834,specialized_enriched,max,0.3893229067325592,0.09820600599050522,3.9643492698669434,3.9643492698669434,48,32
302,4595,specialized_enriched,max,1.427952527999878,0.36026984453201294,3.963563919067383,3.963563919067383,115,32
303,13231,specialized_enriched,max,0.966749906539917,0.2441028654575348,3.9604201316833496,3.9604201316833496,73,32
304,14818,specialized_enriched,max,0.586804986000061,0.14846058189868927,3.9525978565216064,3.9525978565216064,79,32
305,5785,specialized_enriched,max,1.2719005346298218,0.32211825251579285,3.948551654815674,3.948551654815674,34,32
306,3537,specialized_enriched,max,0.3398857116699219,0.08611135184764862,3.9470489025115967,3.9470489025115967,48,32
307,5068,specialized_enriched,max,0.5011124610900879,0.12697218358516693,3.946631908416748,3.946631908416748,150,32
308,3630,specialized_enriched,max,1.0523300170898438,0.2676137685775757,3.9322714805603027,3.9322714805603027,198,32
309,8111,specialized_enriched,max,0.7718703150749207,0.19635379314422607,3.931018114089966,3.931018114089966,108,32
310,6668,specialized_enriched,max,1.006176471710205,0.25605499744415283,3.929532527923584,3.929532527923584,83,32
311,1638,specialized_enriched,max,0.995107114315033,0.2537086009979248,3.9222443103790283,3.9222443103790283,32,32
312,3030,specialized_enriched,max,0.6717625856399536,0.17138876020908356,3.919525384902954,3.919525384902954,52,32
313,13452,specialized_enriched,max,0.3742835223674774,0.09551963955163956,3.91839337348938,3.91839337348938,69,32
314,3859,specialized_enriched,max,0.30670103430747986,0.07831181585788727,3.916408061981201,3.916408061981201,57,32
315,15219,specialized_enriched,max,0.4247778356075287,0.10848703980445862,3.915470838546753,3.915470838546753,99,32
316,1350,specialized_enriched,max,1.1849613189697266,0.3029671609401703,3.9111874103546143,3.9111874103546143,172,32
317,14728,specialized_enriched,max,0.9874053597450256,0.25260889530181885,3.908830404281616,3.908830404281616,84,32
318,10133,specialized_enriched,max,0.21944130957126617,0.05615903064608574,3.9074981212615967,3.9074981212615967,78,32
319,5765,specialized_enriched,active_fraction,0.0060420348308980465,0.001548115978948772,3.9028308391571045,3.9028308391571045,33,32
320,4861,specialized_enriched,active_fraction,0.01127621904015541,0.0028960215859115124,3.893692970275879,3.893692970275879,37,32
321,14310,specialized_enriched,max,0.6147079467773438,0.15822036564350128,3.8851380348205566,3.8851380348205566,124,32
322,3257,specialized_enriched,max,0.6577467322349548,0.16939543187618256,3.8829071521759033,3.8829071521759033,223,32
323,16190,specialized_enriched,max,0.6253758668899536,0.16119754314422607,3.8795621395111084,3.8795621395111084,36,32
324,6951,specialized_enriched,active_fraction,0.00817126501351595,0.002107820473611355,3.8766417503356934,3.8766417503356934,53,32
325,13349,specialized_enriched,max,1.1936748027801514,0.3079366683959961,3.8763647079467773,3.8763647079467773,40,32
326,13818,specialized_enriched,max,0.41035425662994385,0.1060100868344307,3.8708982467651367,3.8708982467651367,70,32
327,6933,specialized_enriched,max,0.7356703877449036,0.1901850700378418,3.8681817054748535,3.8681817054748535,246,32
328,161,specialized_enriched,max,0.2602706849575043,0.0674174502491951,3.8605833053588867,3.8605833053588867,89,32
329,9781,specialized_enriched,max,0.4239002764225006,0.10984471440315247,3.859086751937866,3.859086751937866,68,32
330,3564,specialized_enriched,max,0.699878990650177,0.18148544430732727,3.8563919067382812,3.8563919067382812,154,32
331,16281,specialized_enriched,max,1.2572839260101318,0.326196551322937,3.8543753623962402,3.8543753623962402,258,32
332,4152,specialized_enriched,max,0.4464786648750305,0.11590526252985,3.852100133895874,3.852100133895874,92,32
333,9005,specialized_enriched,max,0.736863374710083,0.19175536930561066,3.842726230621338,3.842726230621338,142,32
334,5469,specialized_enriched,max,1.0230633020401,0.26644718647003174,3.8396475315093994,3.8396475315093994,98,32
335,4246,specialized_enriched,max,0.7781525254249573,0.2031252086162567,3.8309009075164795,3.8309009075164795,99,32
336,2445,specialized_enriched,max,0.9747586846351624,0.255201131105423,3.819570302963257,3.819570302963257,69,32
337,9203,specialized_enriched,max,0.5740123391151428,0.1503470540046692,3.817915439605713,3.817915439605713,119,32
338,9237,specialized_enriched,max,0.839236319065094,0.22023706138134003,3.8106043338775635,3.8106043338775635,93,32
339,3078,specialized_enriched,max,0.28956419229507446,0.07610079646110535,3.80500864982605,3.80500864982605,52,32
340,1882,specialized_enriched,max,0.6218714714050293,0.1634543389081955,3.8045578002929688,3.8045578002929688,180,32
341,6558,specialized_enriched,max,1.0378493070602417,0.27303025126457214,3.801224708557129,3.801224708557129,59,32
342,6117,specialized_enriched,max,0.560676097869873,0.1476476639509201,3.7973923683166504,3.7973923683166504,45,32
343,6212,specialized_enriched,max,0.3983469009399414,0.10496251285076141,3.795135021209717,3.795135021209717,115,32
344,15818,specialized_enriched,max,1.1561342477798462,0.30474039912223816,3.7938332557678223,3.7938332557678223,177,32
345,746,specialized_enriched,max,0.2518104910850525,0.06641074270009995,3.791713237762451,3.791713237762451,42,32
346,3996,specialized_enriched,max,0.43793290853500366,0.11551191657781601,3.7912356853485107,3.7912356853485107,64,32
347,6758,specialized_enriched,max,0.5710977911949158,0.1506798416376114,3.7901406288146973,3.7901406288146973,163,32
348,508,specialized_enriched,max,1.0845314264297485,0.2864031195640564,3.7867305278778076,3.7867305278778076,152,32
349,8909,specialized_enriched,max,0.4241578280925751,0.11231040209531784,3.7766566276550293,3.7766566276550293,150,32
350,7592,specialized_enriched,max,0.2250305414199829,0.05961228162050247,3.77490234375,3.77490234375,71,32
351,11671,specialized_enriched,max,1.3647058010101318,0.3620993196964264,3.768871545791626,3.768871545791626,73,32
352,2525,specialized_enriched,max,0.3913632929325104,0.1039656326174736,3.764352560043335,3.764352560043335,99,32
353,9812,specialized_enriched,max,0.9456782937049866,0.25131893157958984,3.7628612518310547,3.7628612518310547,164,32
354,2005,specialized_enriched,max,0.8550912141799927,0.22742795944213867,3.759833335876465,3.759833335876465,135,32
355,10020,specialized_enriched,active_fraction,0.006454861257225275,0.0017190882936120033,3.7548165321350098,3.7548165321350098,56,32
356,2292,specialized_enriched,active_fraction,0.026719843968749046,0.007130175828933716,3.7474312782287598,3.7474312782287598,155,32
357,12274,specialized_enriched,max,0.6227632761001587,0.16654916107654572,3.739215850830078,3.739215850830078,125,32
358,9178,specialized_enriched,max,0.503787100315094,0.13484108448028564,3.736154317855835,3.736154317855835,82,32
359,14730,specialized_enriched,max,0.9001523852348328,0.24096503853797913,3.735614061355591,3.735614061355591,117,32
360,9616,specialized_enriched,max,0.7400103807449341,0.1983867585659027,3.730139970779419,3.730139970779419,91,32
361,9651,specialized_enriched,max,0.759433388710022,0.20367147028446198,3.728717565536499,3.728717565536499,104,32
362,14243,specialized_enriched,active_fraction,0.020773399621248245,0.00557473162189126,3.7263498306274414,3.7263498306274414,36,32
363,10238,specialized_enriched,max,0.6237784624099731,0.16764558851718903,3.7208163738250732,3.7208163738250732,77,32
364,7712,specialized_enriched,max,1.0712755918502808,0.2879335880279541,3.720564842224121,3.720564842224121,130,32
365,15390,specialized_enriched,max,0.5723428130149841,0.15394148230552673,3.7179245948791504,3.7179245948791504,112,32
366,1705,specialized_enriched,max,0.6831910610198975,0.18382249772548676,3.7165801525115967,3.7165801525115967,149,32
367,4863,specialized_enriched,max,0.4510997235774994,0.12139032781124115,3.716109275817871,3.716109275817871,288,32
368,11322,specialized_enriched,max,0.8755738735198975,0.23578548431396484,3.7134342193603516,3.7134342193603516,163,32
369,13695,specialized_enriched,active_fraction,0.009600242599844933,0.0025868203956633806,3.7112133502960205,3.7112133502960205,80,32
370,13204,specialized_enriched,max,0.27784210443496704,0.07494969666004181,3.707047700881958,3.707047700881958,71,32
371,10321,specialized_enriched,max,0.38535457849502563,0.1040872111916542,3.702227830886841,3.702227830886841,53,32
372,7072,specialized_enriched,max,0.1865452527999878,0.05043574422597885,3.698671579360962,3.698671579360962,37,32
373,1800,specialized_enriched,max,1.1226022243499756,0.30360913276672363,3.6975245475769043,3.6975245475769043,70,32
374,113,specialized_enriched,max,0.27707862854003906,0.07493642717599869,3.6975159645080566,3.6975159645080566,154,32
375,5085,specialized_enriched,max,0.9505401253700256,0.2573237121105194,3.6939468383789062,3.6939468383789062,61,32
376,7486,specialized_enriched,max,0.5009178519248962,0.13561414182186127,3.6936991214752197,3.6936991214752197,102,32
377,1903,specialized_enriched,max,1.1161338090896606,0.302295982837677,3.6921887397766113,3.6921887397766113,53,32
378,7725,specialized_enriched,max,1.0300469398498535,0.2790859341621399,3.6907877922058105,3.6907877922058105,135,32
379,11183,specialized_enriched,max,0.26828956604003906,0.07271864265203476,3.6894192695617676,3.6894192695617676,38,32
380,16134,specialized_enriched,max,0.39343807101249695,0.10672206431627274,3.6865673065185547,3.6865673065185547,65,32
381,11457,specialized_enriched,max,2.113492727279663,0.5739322304725647,3.6824779510498047,3.6824779510498047,46,32
382,10280,specialized_enriched,max,0.8629339337348938,0.23476704955101013,3.6757030487060547,3.6757030487060547,81,32
383,14433,specialized_enriched,max,2.4701309204101562,0.6723207831382751,3.6740362644195557,3.6740362644195557,42,32
384,11433,specialized_enriched,max,0.6703933477401733,0.18255889415740967,3.6722030639648438,3.6722030639648438,138,32
385,4452,specialized_enriched,max,1.9081259965896606,0.5200476050376892,3.6691372394561768,3.6691372394561768,87,32
386,10378,specialized_enriched,max,0.9488831758499146,0.25895237922668457,3.6643152236938477,3.6643152236938477,165,32
387,14833,specialized_enriched,max,0.49284693598747253,0.1345963329076767,3.6616668701171875,3.6616668701171875,136,32
388,10473,specialized_enriched,max,0.8418505787849426,0.2299322634935379,3.6612982749938965,3.6612982749938965,115,32
389,4709,specialized_enriched,max,0.8683604001998901,0.23722100257873535,3.6605544090270996,3.6605544090270996,165,32
390,2013,specialized_enriched,max,1.3695869445800781,0.37533947825431824,3.648928642272949,3.648928642272949,61,32
391,5791,specialized_enriched,active_fraction,0.0075222947634756565,0.002061673905700445,3.648634672164917,3.648634672164917,45,32
392,10287,specialized_enriched,max,0.4823639988899231,0.13251352310180664,3.6401114463806152,3.6401114463806152,176,32
393,9605,specialized_enriched,max,0.27872470021247864,0.07661203294992447,3.638132095336914,3.638132095336914,191,32
394,6236,specialized_enriched,max,0.4092015027999878,0.11250563710927963,3.637164354324341,3.637164354324341,45,32
395,6326,specialized_enriched,max,0.18814432621002197,0.051767945289611816,3.6343789100646973,3.6343789100646973,41,32
396,5780,specialized_enriched,max,0.9135792255401611,0.25143885612487793,3.6334052085876465,3.6334052085876465,32,32
397,3090,specialized_enriched,max,1.0569427013397217,0.29109472036361694,3.6309237480163574,3.6309237480163574,94,32
398,9786,specialized_enriched,max,0.6614364981651306,0.18226361274719238,3.6290102005004883,3.6290102005004883,117,32
399,4586,specialized_enriched,max,1.8921066522598267,0.5229033827781677,3.6184632778167725,3.6184632778167725,162,32
400,9282,specialized_enriched,max,0.6944600939750671,0.19197197258472443,3.6175076961517334,3.6175076961517334,57,32
401,14636,specialized_enriched,max,0.2325410097837448,0.064298115670681,3.6166069507598877,3.6166069507598877,49,32
402,8897,specialized_enriched,max,0.703187108039856,0.19504433870315552,3.6052680015563965,3.6052680015563965,237,32
403,5954,specialized_enriched,max,0.6927066445350647,0.19249969720840454,3.5984816551208496,3.5984816551208496,223,32
404,6747,specialized_enriched,max,0.39626288414001465,0.1101679652929306,3.596897602081299,3.596897602081299,152,32
405,14386,specialized_enriched,max,0.5453144907951355,0.15171757340431213,3.594273805618286,3.594273805618286,140,32
406,10141,specialized_enriched,max,0.12621818482875824,0.03517381101846695,3.588413715362549,3.588413715362549,34,32
407,160,specialized_enriched,max,0.7709507942199707,0.21522074937820435,3.582139730453491,3.582139730453491,201,32
408,1108,specialized_enriched,max,1.1816540956497192,0.3304676413536072,3.5757029056549072,3.5757029056549072,136,32
409,3769,specialized_enriched,max,0.3962024748325348,0.11081914603710175,3.575216770172119,3.575216770172119,41,32
410,7080,specialized_enriched,max,1.0133564472198486,0.28358688950538635,3.5733542442321777,3.5733542442321777,192,32
411,9741,specialized_enriched,max,1.0032031536102295,0.28077033162117004,3.573038339614868,3.573038339614868,105,32
412,2224,specialized_enriched,max,0.7552636861801147,0.21139268577098846,3.5727994441986084,3.5727994441986084,77,32
413,3574,specialized_enriched,max,0.7737630009651184,0.21681252121925354,3.5688114166259766,3.5688114166259766,125,32
414,7941,specialized_enriched,active_fraction,0.013735794462263584,0.0038602978456765413,3.5582213401794434,3.5582213401794434,99,32
415,11016,specialized_enriched,max,0.42830654978752136,0.1204114556312561,3.5570249557495117,3.5570249557495117,93,32
416,6093,specialized_enriched,max,0.539961040019989,0.15214046835899353,3.549095392227173,3.549095392227173,168,32
417,7714,specialized_enriched,max,0.39949461817741394,0.11259201169013977,3.548161268234253,3.548161268234253,55,32
418,1777,specialized_enriched,max,0.7349505424499512,0.20716942846775055,3.5475821495056152,3.5475821495056152,270,32
419,10532,specialized_enriched,max,1.1302402019500732,0.319093257188797,3.54203724861145,3.54203724861145,202,32
420,9,specialized_enriched,max,1.9100958108901978,0.5392838716506958,3.5419116020202637,3.5419116020202637,33,32
421,631,specialized_enriched,max,1.4065184593200684,0.39724454283714294,3.54068660736084,3.54068660736084,267,32
422,5012,specialized_enriched,max,2.879347562789917,0.8135508298873901,3.5392348766326904,3.5392348766326904,60,32
423,3380,specialized_enriched,max,0.8761141300201416,0.2477770745754242,3.5358965396881104,3.5358965396881104,148,32
424,495,specialized_enriched,max,0.6463367342948914,0.18285244703292847,3.5347447395324707,3.5347447395324707,66,32
425,7384,specialized_enriched,max,0.2820763885974884,0.07992424070835114,3.529297113418579,3.529297113418579,68,32
426,13404,specialized_enriched,max,0.3884780704975128,0.11009488254785538,3.5285751819610596,3.5285751819610596,152,32
427,4436,specialized_enriched,max,1.269984245300293,0.35995325446128845,3.5281920433044434,3.5281920433044434,68,32
428,11306,specialized_enriched,max,0.7456641793251038,0.21145765483379364,3.5263049602508545,3.5263049602508545,190,32
429,6204,specialized_enriched,max,0.690990149974823,0.1960199773311615,3.5251007080078125,3.5251007080078125,69,32
430,14840,specialized_enriched,max,0.5177509784698486,0.1469239592552185,3.5239384174346924,3.5239384174346924,247,32
431,5492,specialized_enriched,max,0.39589542150497437,0.11244845390319824,3.520683526992798,3.520683526992798,145,32
432,1833,specialized_enriched,max,1.3424546718597412,0.3815358579158783,3.518554449081421,3.518554449081421,118,32
433,1994,specialized_enriched,max,1.231995701789856,0.350216805934906,3.517808675765991,3.517808675765991,178,32
434,13545,specialized_enriched,max,1.0174673795700073,0.28925997018814087,3.517484188079834,3.517484188079834,48,32
435,7428,specialized_enriched,max,0.5499422550201416,0.15636633336544037,3.517011880874634,3.517011880874634,58,32
436,1236,specialized_enriched,active_fraction,0.019054243341088295,0.005422734189778566,3.513770580291748,3.513770580291748,153,32
437,1820,specialized_enriched,active_fraction,0.004183425102382898,0.0011908278102055192,3.5130395889282227,3.5130395889282227,40,32
438,6778,specialized_enriched,max,0.6402474641799927,0.18230187892913818,3.5120179653167725,3.5120179653167725,113,32
439,13371,specialized_enriched,active_fraction,0.018392005935311317,0.00524195097386837,3.5086183547973633,3.5086183547973633,149,32
440,1622,specialized_enriched,max,0.7340796589851379,0.20984883606433868,3.498135566711426,3.498135566711426,73,32
441,8719,specialized_enriched,max,0.840451180934906,0.24028408527374268,3.497739791870117,3.497739791870117,171,32
442,4084,specialized_enriched,max,0.3131292164325714,0.08962636440992355,3.493717670440674,3.493717670440674,230,32
443,1974,specialized_enriched,max,0.6634659767150879,0.1899985671043396,3.491952419281006,3.491952419281006,227,32
444,565,specialized_enriched,max,0.5212444067001343,0.149272620677948,3.4918956756591797,3.4918956756591797,189,32
445,2185,specialized_enriched,max,0.3802460730075836,0.10896798968315125,3.489520788192749,3.489520788192749,103,32
446,2767,specialized_enriched,max,0.5899041295051575,0.16930362582206726,3.484297037124634,3.484297037124634,47,32
447,740,specialized_enriched,max,0.49371108412742615,0.141896054148674,3.4793856143951416,3.4793856143951416,32,32
448,13358,specialized_enriched,active_fraction,0.01880362629890442,0.005405340809375048,3.478712320327759,3.478712320327759,77,32
449,807,specialized_enriched,max,0.579802930355072,0.16718602180480957,3.468010902404785,3.468010902404785,136,32
450,15598,specialized_enriched,max,0.4295197129249573,0.12414942681789398,3.4596996307373047,3.4596996307373047,84,32
451,12512,specialized_enriched,max,0.7432345151901245,0.21494317054748535,3.4578187465667725,3.4578187465667725,190,32
452,386,specialized_enriched,mean,0.23411042988300323,0.06773661077022552,3.4561874866485596,3.4561874866485596,105,32
453,4759,specialized_enriched,max,0.4532827138900757,0.13129030168056488,3.4525225162506104,3.4525225162506104,207,32
454,15069,specialized_enriched,max,0.4378741681575775,0.12692825496196747,3.4497768878936768,3.4497768878936768,115,32
455,10890,specialized_enriched,max,0.34276336431503296,0.09936010092496872,3.4497082233428955,3.4497082233428955,99,32
456,10867,specialized_enriched,max,0.4749802052974701,0.13773062825202942,3.4486172199249268,3.4486172199249268,91,32
457,8105,specialized_enriched,max,0.6770078539848328,0.19638316333293915,3.4473824501037598,3.4473824501037598,88,32
458,5201,specialized_enriched,max,0.3799717426300049,0.11026881635189056,3.4458675384521484,3.4458675384521484,111,32
459,1659,specialized_enriched,max,0.23524250090122223,0.06829266995191574,3.4446229934692383,3.4446229934692383,51,32
460,9898,specialized_enriched,max,0.5330202579498291,0.15480615198612213,3.4431464672088623,3.4431464672088623,127,32
461,12253,specialized_enriched,active_fraction,0.010445663705468178,0.00303440960124135,3.44240403175354,3.44240403175354,56,32
462,9321,specialized_enriched,max,0.37055346369743347,0.10773108899593353,3.43961501121521,3.43961501121521,118,32
463,5993,specialized_enriched,max,1.0789824724197388,0.3138490617275238,3.4379024505615234,3.4379024505615234,190,32
464,6693,specialized_enriched,max,1.060234785079956,0.3087475299835205,3.433986186981201,3.433986186981201,90,32
465,16308,specialized_enriched,max,0.4049294590950012,0.11796598881483078,3.4325950145721436,3.4325950145721436,44,32
466,13617,specialized_enriched,max,0.14726461470127106,0.043032512068748474,3.422170877456665,3.422170877456665,59,32
467,5930,specialized_enriched,max,0.9868608713150024,0.28841927647590637,3.421618938446045,3.421618938446045,210,32
468,1773,specialized_enriched,active_fraction,0.01223041769117117,0.0035750067327171564,3.4210894107818604,3.4210894107818604,66,32
469,13259,specialized_enriched,max,0.2110549509525299,0.061739616096019745,3.418468713760376,3.418468713760376,72,32
470,6200,specialized_enriched,max,1.0435073375701904,0.30528348684310913,3.418158531188965,3.418158531188965,57,32
471,2878,specialized_enriched,active_fraction,0.0207973625510931,0.006085830274969339,3.417341947555542,3.417341947555542,38,32
472,13013,specialized_enriched,max,0.33881181478500366,0.09922122955322266,3.4147109985351562,3.4147109985351562,54,32
473,6067,specialized_enriched,max,0.601978600025177,0.17650063335895538,3.4106314182281494,3.4106314182281494,88,32
474,15960,specialized_enriched,max,0.8129497170448303,0.23877044022083282,3.404733419418335,3.404733419418335,172,32
475,3136,specialized_enriched,max,1.8126074075698853,0.5329496264457703,3.40108585357666,3.40108585357666,81,32
476,15164,specialized_enriched,max,0.5609713792800903,0.16515971720218658,3.396538734436035,3.396538734436035,85,32
477,15243,specialized_enriched,max,0.6543136835098267,0.19273477792739868,3.3948917388916016,3.3948917388916016,189,32
478,1613,specialized_enriched,max,0.7685815095901489,0.2264542132616043,3.39398193359375,3.39398193359375,109,32
479,9059,specialized_enriched,max,0.3851314187049866,0.11348439007997513,3.393695116043091,3.393695116043091,114,32
480,14156,specialized_enriched,max,0.176131933927536,0.0519413985311985,3.3909740447998047,3.3909740447998047,33,32
481,15167,specialized_enriched,max,1.0095559358596802,0.29782792925834656,3.3897287845611572,3.3897287845611572,150,32
482,9896,specialized_enriched,max,0.9007933139801025,0.26582860946655273,3.388624429702759,3.388624429702759,85,32
483,5188,specialized_enriched,max,0.3900159001350403,0.11516564339399338,3.3865647315979004,3.3865647315979004,111,32
484,5181,specialized_enriched,max,0.8898363709449768,0.26296499371528625,3.3838586807250977,3.3838586807250977,137,32
485,5916,specialized_enriched,max,0.8357110023498535,0.24698321521282196,3.3836753368377686,3.3836753368377686,192,32
486,2286,specialized_enriched,max,0.4270111918449402,0.12625157833099365,3.3822245597839355,3.3822245597839355,138,32
487,9065,specialized_enriched,max,0.4214269816875458,0.12491057068109512,3.3738296031951904,3.3738296031951904,78,32
488,9571,specialized_enriched,max,0.9414993524551392,0.2795874774456024,3.3674590587615967,3.3674590587615967,206,32
489,14088,specialized_enriched,max,0.7479495406150818,0.22258982062339783,3.3602144718170166,3.3602144718170166,122,32
490,9307,specialized_enriched,max,0.6362455487251282,0.18939976394176483,3.3592731952667236,3.3592731952667236,79,32
491,7241,specialized_enriched,max,0.38704344630241394,0.11549438536167145,3.3511884212493896,3.3511884212493896,146,32
492,10780,specialized_enriched,max,0.953410267829895,0.2847820818424225,3.3478591442108154,3.3478591442108154,209,32
493,12623,specialized_enriched,max,0.8601804375648499,0.2569378614425659,3.3478150367736816,3.3478150367736816,96,32
494,7790,specialized_enriched,max,0.3510238826274872,0.10492607951164246,3.345439910888672,3.345439910888672,115,32
495,1755,specialized_enriched,max,0.49698641896247864,0.14888842403888702,3.3379788398742676,3.3379788398742676,48,32
496,10407,specialized_enriched,max,0.7235732674598694,0.21677091717720032,3.3379628658294678,3.3379628658294678,186,32
497,6722,specialized_enriched,max,0.20248402655124664,0.060706205666065216,3.335474967956543,3.335474967956543,46,32
498,14752,specialized_enriched,max,0.5322215557098389,0.15970812737941742,3.3324637413024902,3.3324637413024902,136,32
499,15105,specialized_enriched,max,0.42049238085746765,0.12652108073234558,3.3234965801239014,3.3234965801239014,63,32
500,2653,specialized_enriched,max,0.725632905960083,0.21881075203418732,3.316257953643799,3.316257953643799,118,32
501,15740,specialized_enriched,max,0.9710756540298462,0.2930111885070801,3.314124822616577,3.314124822616577,157,32
502,3812,specialized_enriched,max,0.5917641520500183,0.17856715619564056,3.3139586448669434,3.3139586448669434,156,32
503,1673,specialized_enriched,max,0.41581931710243225,0.12553265690803528,3.312439441680908,3.312439441680908,59,32
504,2393,specialized_enriched,max,1.1574329137802124,0.34947237372398376,3.311944007873535,3.311944007873535,124,32
505,10522,specialized_enriched,active_fraction,0.005688224919140339,0.0017196551198139787,3.3077707290649414,3.3077707290649414,83,32
506,16293,specialized_enriched,max,0.44937145709991455,0.13588322699069977,3.3070414066314697,3.3070414066314697,83,32
507,9543,specialized_enriched,max,0.3476361036300659,0.10514812171459198,3.3061561584472656,3.3061561584472656,36,32
508,12792,specialized_enriched,max,0.4391511082649231,0.1328437179327011,3.305772542953491,3.305772542953491,85,32
509,1691,specialized_enriched,max,0.34990301728248596,0.10587944835424423,3.304730176925659,3.304730176925659,76,32
510,16263,specialized_enriched,max,1.3778642416000366,0.41721969842910767,3.3024909496307373,3.3024909496307373,153,32
511,929,specialized_enriched,max,0.8660196661949158,0.2625149190425873,3.2989349365234375,3.2989349365234375,121,32
512,15485,specialized_enriched,max,0.3795170187950134,0.11510778963565826,3.297057628631592,3.297057628631592,60,32
513,415,specialized_enriched,max,1.1977404356002808,0.3639141917228699,3.291271686553955,3.291271686553955,130,32
514,8857,specialized_enriched,max,0.3533528745174408,0.10737518221139908,3.2908244132995605,3.2908244132995605,85,32
515,6607,specialized_enriched,max,0.1844528615474701,0.056070081889629364,3.289684295654297,3.289684295654297,38,32
516,13115,specialized_enriched,max,0.4588484764099121,0.13954517245292664,3.2881715297698975,3.2881715297698975,208,32
517,6389,specialized_enriched,max,0.584732711315155,0.1779368817806244,3.2861804962158203,3.2861804962158203,119,32
518,220,specialized_enriched,active_fraction,0.016671301797032356,0.005075504537671804,3.284658908843994,3.284658908843994,152,32
519,9212,specialized_enriched,max,0.7091186046600342,0.21591009199619293,3.2843234539031982,3.2843234539031982,62,32
520,7500,specialized_enriched,max,0.5663156509399414,0.1724608987569809,3.283733606338501,3.283733606338501,94,32
521,14698,specialized_enriched,max,0.7498070597648621,0.22896316647529602,3.2747933864593506,3.2747933864593506,109,32
522,12118,specialized_enriched,max,0.32823070883750916,0.10038039088249207,3.269868850708008,3.269868850708008,56,32
523,4631,specialized_enriched,max,0.3966186046600342,0.12131928652524948,3.2692131996154785,3.2692131996154785,87,32
524,5868,specialized_enriched,max,0.6950926780700684,0.21325235068798065,3.25948429107666,3.25948429107666,127,32
525,3890,specialized_enriched,max,0.4438912868499756,0.13651242852210999,3.251654863357544,3.251654863357544,59,32
526,13158,specialized_enriched,max,0.8711759448051453,0.2684325575828552,3.2454183101654053,3.2454183101654053,145,32
527,2572,specialized_enriched,max,0.3855978846549988,0.1188787966966629,3.243622064590454,3.243622064590454,200,32
528,7821,specialized_enriched,max,0.5007970333099365,0.1544988602399826,3.2414286136627197,3.2414286136627197,150,32
529,3471,specialized_enriched,max,0.4213833510875702,0.13002382218837738,3.240816593170166,3.240816593170166,87,32
530,10887,specialized_enriched,max,0.37232452630996704,0.11510515213012695,3.234647035598755,3.234647035598755,118,32
531,14357,specialized_enriched,max,1.1805180311203003,0.36511459946632385,3.233280897140503,3.233280897140503,106,32
532,9570,specialized_enriched,active_fraction,0.012441104277968407,0.003852000692859292,3.2297773361206055,3.2297773361206055,88,32
533,496,specialized_enriched,active_fraction,0.007389658596366644,0.0022903901990503073,3.2263753414154053,3.2263753414154053,66,32
534,10234,specialized_enriched,max,1.0618573427200317,0.3291796147823334,3.225768804550171,3.225768804550171,113,32
535,7474,specialized_enriched,max,0.7326668500900269,0.22754497826099396,3.219877004623413,3.219877004623413,106,32
536,8724,specialized_enriched,max,0.8012191653251648,0.2492586225271225,3.214409112930298,3.214409112930298,48,32
537,5215,specialized_enriched,max,0.7394021153450012,0.230056494474411,3.2140023708343506,3.2140023708343506,35,32
538,878,specialized_enriched,max,0.35599395632743835,0.11081758141517639,3.2124321460723877,3.2124321460723877,85,32
539,14862,specialized_enriched,max,0.6770682334899902,0.2107725888490677,3.2123162746429443,3.2123162746429443,176,32
540,12900,specialized_enriched,max,0.8537321090698242,0.26592397689819336,3.2104368209838867,3.2104368209838867,46,32
541,10080,specialized_enriched,max,1.2933462858200073,0.40303412079811096,3.20902419090271,3.20902419090271,130,32
542,4308,specialized_enriched,max,0.18632879853248596,0.05812893435359001,3.205439805984497,3.205439805984497,33,32
543,13631,specialized_enriched,max,0.3004322350025177,0.09381912648677826,3.20224928855896,3.20224928855896,104,32
544,1819,specialized_enriched,max,0.19068977236747742,0.05955929681658745,3.2016794681549072,3.2016794681549072,39,32
545,6296,specialized_enriched,max,0.45536673069000244,0.1423434615135193,3.1990702152252197,3.1990702152252197,159,32
546,8530,specialized_enriched,max,0.43567103147506714,0.13639989495277405,3.1940715312957764,3.1940715312957764,116,32
547,7416,specialized_enriched,max,0.32218173146247864,0.10095269232988358,3.191412925720215,3.191412925720215,58,32
548,6880,specialized_enriched,max,0.4326843023300171,0.13560077548027039,3.190868854522705,3.190868854522705,122,32
549,4185,specialized_enriched,max,0.4571017324924469,0.1435762643814087,3.1836860179901123,3.1836860179901123,269,32
550,1118,specialized_enriched,max,0.881669819355011,0.2769438326358795,3.1835689544677734,3.1835689544677734,150,32
551,11277,specialized_enriched,max,0.805165708065033,0.2529270648956299,3.1833908557891846,3.1833908557891846,217,32
552,6877,specialized_enriched,max,0.6073614954948425,0.19086545705795288,3.1821446418762207,3.1821446418762207,88,32
553,4279,specialized_enriched,max,0.7726975083351135,0.24323761463165283,3.1767187118530273,3.1767187118530273,101,32
554,1262,specialized_enriched,max,0.8987328410148621,0.28300216794013977,3.1757102012634277,3.1757102012634277,169,32
555,7745,specialized_enriched,max,1.2548073530197144,0.39652979373931885,3.1644718647003174,3.1644718647003174,136,32
556,9607,specialized_enriched,active_fraction,0.017080510035157204,0.005402865819633007,3.16137957572937,3.16137957572937,147,32
557,8108,specialized_enriched,max,0.5939463376998901,0.18787799775600433,3.1613404750823975,3.1613404750823975,95,32
558,1030,specialized_enriched,max,0.2165653258562088,0.06853018701076508,3.1601450443267822,3.1601450443267822,82,32
559,5759,specialized_enriched,max,0.4469216465950012,0.14147955179214478,3.1589133739471436,3.1589133739471436,50,32
560,11561,specialized_enriched,max,1.393574833869934,0.4413016736507416,3.1578733921051025,3.1578733921051025,91,32
561,11342,specialized_enriched,max,1.2411471605300903,0.39310774207115173,3.1572697162628174,3.1572697162628174,33,32
562,12170,specialized_enriched,active_fraction,0.004365272354334593,0.0013831346295773983,3.156071901321411,3.156071901321411,38,32
563,6985,specialized_enriched,max,0.8474951386451721,0.26874732971191406,3.153501510620117,3.153501510620117,83,32
564,7893,specialized_enriched,max,0.5766551494598389,0.1829480081796646,3.1520166397094727,3.1520166397094727,94,32
565,7481,specialized_enriched,max,0.42167195677757263,0.13382793962955475,3.1508514881134033,3.1508514881134033,292,32
566,6920,specialized_enriched,max,1.212387204170227,0.38533636927604675,3.1463088989257812,3.1463088989257812,159,32
567,1996,specialized_enriched,max,0.8744513392448425,0.27797141671180725,3.145831823348999,3.145831823348999,84,32
568,188,specialized_enriched,active_fraction,0.005385329946875572,0.001715029589831829,3.140079975128174,3.140079975128174,38,32
569,13173,specialized_enriched,max,0.3181714415550232,0.10134739428758621,3.139414072036743,3.139414072036743,105,32
570,13457,specialized_enriched,max,0.26801103353500366,0.08541088551282883,3.1379024982452393,3.1379024982452393,157,32
571,933,specialized_enriched,max,0.4253617525100708,0.13562621176242828,3.136279821395874,3.136279821395874,48,32
572,11216,specialized_enriched,active_fraction,0.01820053718984127,0.005807068198919296,3.134204149246216,3.134204149246216,169,32
573,10100,specialized_enriched,max,1.3050415515899658,0.4171200394630432,3.128695487976074,3.128695487976074,242,32
574,404,specialized_enriched,max,1.4525612592697144,0.46435606479644775,3.128119468688965,3.128119468688965,54,32
575,4877,specialized_enriched,max,0.21298962831497192,0.06812453269958496,3.126474618911743,3.126474618911743,44,32
576,13766,specialized_enriched,max,0.7799714207649231,0.25008440017700195,3.11883282661438,3.11883282661438,111,32
577,10342,specialized_enriched,max,0.7083970904350281,0.22723889350891113,3.1174113750457764,3.1174113750457764,44,32
578,12862,specialized_enriched,max,0.7702124714851379,0.24723292887210846,3.1153311729431152,3.1153311729431152,243,32
579,1369,specialized_enriched,max,0.882252037525177,0.2832909822463989,3.1142961978912354,3.1142961978912354,151,32
580,8074,specialized_enriched,max,1.6835534572601318,0.5406063199043274,3.114194869995117,3.114194869995117,101,32
581,10736,specialized_enriched,max,0.3279387354850769,0.10533042252063751,3.1134283542633057,3.1134283542633057,101,32
582,6262,specialized_enriched,active_fraction,0.007051736582070589,0.0022654549684375525,3.1127243041992188,3.1127243041992188,82,32
583,14631,specialized_enriched,max,0.41848722100257874,0.13475541770458221,3.105531692504883,3.105531692504883,147,32
584,7820,specialized_enriched,max,0.4759618043899536,0.15341836214065552,3.1023783683776855,3.1023783683776855,55,32
585,5108,specialized_enriched,max,0.46526995301246643,0.15005233883857727,3.100717782974243,3.100717782974243,100,32
586,6697,specialized_enriched,max,0.4170677065849304,0.13511516153812408,3.086757183074951,3.086757183074951,180,32
587,14272,specialized_enriched,max,0.45546573400497437,0.14757254719734192,3.0863852500915527,3.0863852500915527,115,32
588,179,specialized_enriched,max,0.4026440978050232,0.13094958662986755,3.0748023986816406,3.0748023986816406,34,32
589,1296,specialized_enriched,max,0.7847183346748352,0.255246102809906,3.074359655380249,3.074359655380249,156,32
590,15021,specialized_enriched,max,0.8712716102600098,0.28379133343696594,3.07011342048645,3.07011342048645,260,32
591,4381,specialized_enriched,max,0.7433066964149475,0.24325872957706451,3.055621862411499,3.055621862411499,225,32
592,7302,specialized_enriched,mean,0.18202990293502808,0.05961735546588898,3.0533039569854736,3.0533039569854736,173,32
593,3326,specialized_enriched,max,0.19997717440128326,0.06555015593767166,3.050750494003296,3.050750494003296,40,32
594,12753,specialized_enriched,max,0.4694698452949524,0.1539478302001953,3.0495386123657227,3.0495386123657227,150,32
595,6845,specialized_enriched,max,0.6680132150650024,0.21924957633018494,3.046816349029541,3.046816349029541,218,32
596,13081,specialized_enriched,max,0.1580873429775238,0.0519350990653038,3.043940305709839,3.043940305709839,37,32
597,9722,specialized_enriched,max,0.620714545249939,0.20415900647640228,3.040348529815674,3.040348529815674,58,32
598,6632,specialized_enriched,max,0.5456450581550598,0.17964692413806915,3.0373191833496094,3.0373191833496094,138,32
599,7692,specialized_enriched,max,0.7539901733398438,0.24836286902427673,3.0358409881591797,3.0358409881591797,76,32
600,4962,specialized_enriched,max,0.4206618368625641,0.13911540806293488,3.0238335132598877,3.0238335132598877,158,32
601,890,specialized_enriched,max,1.1434757709503174,0.3782806098461151,3.022824287414551,3.022824287414551,34,32
602,11394,specialized_enriched,max,0.3263765871524811,0.10802313685417175,3.0213582515716553,3.0213582515716553,45,32
603,9012,specialized_enriched,max,0.47213777899742126,0.15642458200454712,3.0183093547821045,3.0183093547821045,141,32
604,2636,specialized_enriched,max,0.5948440432548523,0.19720947742462158,3.016305446624756,3.016305446624756,122,32
605,12121,specialized_enriched,max,0.2426489293575287,0.08047023415565491,3.0153872966766357,3.0153872966766357,55,32
606,15559,specialized_enriched,max,0.6415008902549744,0.21285469830036163,3.0137972831726074,3.0137972831726074,138,32
607,1367,specialized_enriched,max,1.531437873840332,0.5086128115653992,3.0110092163085938,3.0110092163085938,68,32
608,8996,specialized_enriched,max,0.31095126271247864,0.103276826441288,3.010852336883545,3.010852336883545,196,32
609,5923,specialized_enriched,max,0.2968347370624542,0.0988474041223526,3.0029592514038086,3.0029592514038086,155,32
610,12551,specialized_enriched,max,0.6297385096549988,0.20998498797416687,2.998969078063965,2.998969078063965,34,32
611,12723,specialized_enriched,max,0.3345850706100464,0.11170708388090134,2.9952001571655273,2.9952001571655273,86,32
612,12071,specialized_enriched,max,0.5750207901000977,0.1920568197965622,2.994014024734497,2.994014024734497,131,32
613,11416,specialized_enriched,active_fraction,0.009063825942575932,0.0030305194668471813,2.990849018096924,2.990849018096924,58,32
614,3083,specialized_enriched,max,1.0760611295700073,0.3603774309158325,2.9859282970428467,2.9859282970428467,45,32
615,4835,specialized_enriched,max,0.3382815718650818,0.11337541788816452,2.983729362487793,2.983729362487793,79,32
616,10495,specialized_enriched,max,0.37376001477241516,0.12553980946540833,2.9772231578826904,2.9772231578826904,34,32
617,14997,specialized_enriched,max,0.5080742835998535,0.17074592411518097,2.975615978240967,2.975615978240967,149,32
618,14337,specialized_enriched,max,0.5452775955200195,0.18325090408325195,2.975579261779785,2.975579261779785,53,32
619,840,specialized_enriched,max,0.3209232687950134,0.10800738632678986,2.971308469772339,2.971308469772339,130,32
620,3660,specialized_enriched,max,0.29058608412742615,0.09786766767501831,2.9691734313964844,2.9691734313964844,102,32
621,8523,specialized_enriched,max,0.2710413932800293,0.09132201224565506,2.9679744243621826,2.9679744243621826,34,32
622,44,specialized_enriched,active_fraction,0.01766044832766056,0.005966692231595516,2.959839105606079,2.959839105606079,47,32
623,12229,specialized_enriched,max,0.8114277720451355,0.27425718307495117,2.9586381912231445,2.9586381912231445,183,32
624,5355,specialized_enriched,max,0.2965444326400757,0.1002318263053894,2.958585500717163,2.958585500717163,70,32
625,6685,specialized_enriched,max,0.5029364228248596,0.1700376719236374,2.957794189453125,2.957794189453125,38,32
626,1526,specialized_enriched,max,0.39649108052253723,0.13409234583377838,2.956851005554199,2.956851005554199,200,32
627,6828,specialized_enriched,max,0.5297650098800659,0.17925232648849487,2.9554150104522705,2.9554150104522705,48,32
628,1113,specialized_enriched,max,0.4111982583999634,0.13922178745269775,2.9535481929779053,2.9535481929779053,59,32
629,11669,specialized_enriched,max,0.3787669837474823,0.128265380859375,2.9529945850372314,2.9529945850372314,55,32
630,9901,specialized_enriched,max,0.7632607817649841,0.259059339761734,2.9462778568267822,2.9462778568267822,43,32
631,2453,specialized_enriched,max,0.491717666387558,0.16709353029727936,2.9427690505981445,2.9427690505981445,66,32
632,10065,specialized_enriched,max,0.5871758460998535,0.19959166646003723,2.941885471343994,2.941885471343994,93,32
633,15026,specialized_enriched,max,0.4315902888774872,0.14681628346443176,2.939662218093872,2.939662218093872,155,32
634,4972,specialized_enriched,max,0.5676664113998413,0.19322197139263153,2.9378979206085205,2.9378979206085205,95,32
635,15155,specialized_enriched,active_fraction,0.00878093484789133,0.002990345936268568,2.9364278316497803,2.9364278316497803,40,32
636,84,specialized_enriched,max,0.442429780960083,0.15066978335380554,2.936420202255249,2.936420202255249,76,32
637,1854,specialized_enriched,max,0.6686424612998962,0.22799450159072876,2.932713031768799,2.932713031768799,115,32
638,2969,specialized_enriched,max,0.3939523696899414,0.13449640572071075,2.9290921688079834,2.9290921688079834,63,32
639,14416,specialized_enriched,max,0.672492504119873,0.22995314002037048,2.924476385116577,2.924476385116577,183,32
640,5862,specialized_enriched,mean,0.1688234806060791,0.05772979184985161,2.9243736267089844,2.9243736267089844,118,32
641,7184,specialized_enriched,active_fraction,0.010028118267655373,0.003438197309151292,2.9166791439056396,2.9166791439056396,150,32
642,6222,specialized_enriched,max,0.20169706642627716,0.06916123628616333,2.9163310527801514,2.9163310527801514,33,32
643,5979,specialized_enriched,max,0.461758017539978,0.15849491953849792,2.913393259048462,2.913393259048462,91,32
644,8140,specialized_enriched,max,0.5258084535598755,0.1804845631122589,2.9133152961730957,2.9133152961730957,83,32
645,6681,specialized_enriched,max,0.771863579750061,0.2657826542854309,2.904115676879883,2.904115676879883,158,32
646,16142,specialized_enriched,max,0.9787102937698364,0.3376930058002472,2.8982248306274414,2.8982248306274414,49,32
647,13229,specialized_enriched,active_fraction,0.006033697631210089,0.0020850703585892916,2.8937621116638184,2.8937621116638184,46,32
648,9725,specialized_enriched,max,0.38631102442741394,0.133723184466362,2.888885974884033,2.888885974884033,77,32
649,13360,specialized_enriched,max,0.9200326204299927,0.3186478018760681,2.8873026371002197,2.8873026371002197,191,32
650,4143,specialized_enriched,max,0.47826898097991943,0.16574610769748688,2.885551691055298,2.885551691055298,55,32
651,15088,specialized_enriched,max,0.2525261342525482,0.08760202676057816,2.8826518058776855,2.8826518058776855,68,32
652,3441,specialized_enriched,max,0.20253604650497437,0.07026036083698273,2.882650136947632,2.882650136947632,48,32
653,16167,specialized_enriched,max,0.30955520272254944,0.10748689621686935,2.879934310913086,2.879934310913086,92,32
654,1180,specialized_enriched,max,1.0462977886199951,0.3635563254356384,2.8779523372650146,2.8779523372650146,62,32
655,6388,specialized_enriched,max,0.45148566365242004,0.15696018934249878,2.876434326171875,2.876434326171875,145,32
656,11824,specialized_enriched,max,0.33492234349250793,0.11652582883834839,2.874232769012451,2.874232769012451,197,32
657,13955,specialized_enriched,max,0.31904733180999756,0.11142827570438385,2.863252878189087,2.863252878189087,72,32
658,15680,specialized_enriched,max,0.2024722844362259,0.07072758674621582,2.862705945968628,2.862705945968628,137,32
659,10553,specialized_enriched,max,0.8520625233650208,0.2982178032398224,2.857182025909424,2.857182025909424,55,32
660,737,specialized_enriched,max,0.45804136991500854,0.16033104062080383,2.8568477630615234,2.8568477630615234,76,32
661,14740,specialized_enriched,max,0.9145054817199707,0.3206494450569153,2.852041482925415,2.852041482925415,67,32
662,12601,specialized_enriched,max,0.6809979677200317,0.2389431595802307,2.850041627883911,2.850041627883911,203,32
663,16270,specialized_enriched,max,0.386199414730072,0.13584837317466736,2.8428711891174316,2.8428711891174316,121,32
664,16088,specialized_enriched,max,0.4347766935825348,0.15313178300857544,2.8392322063446045,2.8392322063446045,196,32
665,10396,specialized_enriched,active_fraction,0.005967628676444292,0.0021052476949989796,2.8346445560455322,2.8346445560455322,121,32
666,13408,specialized_enriched,max,0.34685084223747253,0.12255512923002243,2.8301618099212646,2.8301618099212646,228,32
667,8471,specialized_enriched,max,0.23989878594875336,0.08482144773006439,2.828279733657837,2.828279733657837,79,32
668,1731,specialized_enriched,max,0.47008731961250305,0.1664089560508728,2.824892044067383,2.824892044067383,133,32
669,8820,specialized_enriched,max,0.30060338973999023,0.10641902685165405,2.8247146606445312,2.8247146606445312,38,32
670,609,specialized_enriched,max,0.11162344366312027,0.039522964507341385,2.824268102645874,2.824268102645874,49,32
671,3315,specialized_enriched,max,0.4571923315525055,0.16214196383953094,2.8197038173675537,2.8197038173675537,146,32
672,784,specialized_enriched,max,0.46571123600006104,0.16553042829036713,2.813447952270508,2.813447952270508,155,32
673,7705,specialized_enriched,active_fraction,0.007360976189374924,0.0026190041098743677,2.810601234436035,2.810601234436035,79,32
674,13892,specialized_enriched,mean,0.0629412978887558,0.022435538470745087,2.8054285049438477,2.8054285049438477,73,32
675,634,specialized_enriched,max,0.3938332200050354,0.14050252735614777,2.8030331134796143,2.8030331134796143,49,32
676,577,specialized_enriched,max,0.341630756855011,0.12189453840255737,2.8026747703552246,2.8026747703552246,154,32
677,1366,specialized_enriched,max,0.3400551676750183,0.12134013324975967,2.8024954795837402,2.8024954795837402,81,32
678,91,specialized_enriched,max,0.4759752154350281,0.17001229524612427,2.799651622772217,2.799651622772217,219,32
679,9746,specialized_enriched,active_fraction,0.013935678638517857,0.004981942009180784,2.7972381114959717,2.7972381114959717,150,32
680,2131,specialized_enriched,max,0.4854220449924469,0.1735527664422989,2.796970844268799,2.796970844268799,120,32
681,3235,specialized_enriched,max,0.37938278913497925,0.13570983707904816,2.795543670654297,2.795543670654297,80,32
682,15410,specialized_enriched,max,0.3278062045574188,0.11753041297197342,2.7891180515289307,2.7891180515289307,112,32
683,2941,specialized_enriched,max,0.26568374037742615,0.09531117230653763,2.7875404357910156,2.7875404357910156,93,32
684,6101,specialized_enriched,max,0.5797911882400513,0.20810574293136597,2.786041259765625,2.786041259765625,196,32
685,860,specialized_enriched,active_fraction,0.025453390553593636,0.009139948524534702,2.784850597381592,2.784850597381592,88,32
686,12353,specialized_enriched,max,0.39628303050994873,0.1426417976617813,2.7781691551208496,2.7781691551208496,118,32
687,15516,specialized_enriched,active_fraction,0.0056922887451946735,0.0020514759235084057,2.774728536605835,2.774728536605835,57,32
688,9710,specialized_enriched,max,0.6911126375198364,0.2499847561120987,2.7646191120147705,2.7646191120147705,165,32
689,3298,specialized_enriched,max,0.7001869082450867,0.25357744097709656,2.761234998703003,2.761234998703003,184,32
690,2017,specialized_enriched,max,1.16463303565979,0.4218975305557251,2.7604641914367676,2.7604641914367676,70,32
691,9683,specialized_enriched,max,0.4666978716850281,0.16913601756095886,2.759305000305176,2.759305000305176,100,32
692,10418,specialized_enriched,max,0.9930432438850403,0.35998106002807617,2.758598566055298,2.758598566055298,96,32
693,8663,specialized_enriched,max,0.6396735906600952,0.23202750086784363,2.7568869590759277,2.7568869590759277,211,32
694,13110,specialized_enriched,max,0.42765381932258606,0.15529991686344147,2.7537286281585693,2.7537286281585693,107,32
695,470,specialized_enriched,active_fraction,0.007517601829022169,0.002731477841734886,2.7522103786468506,2.7522103786468506,45,32
696,6218,specialized_enriched,max,0.6344753503799438,0.23080861568450928,2.7489240169525146,2.7489240169525146,232,32
697,5029,specialized_enriched,max,0.5784874558448792,0.2105497270822525,2.7475099563598633,2.7475099563598633,82,32
698,4060,specialized_enriched,active_fraction,0.0038460013456642628,0.001401392975822091,2.744413137435913,2.744413137435913,39,32
699,13948,specialized_enriched,max,0.6711862087249756,0.24470511078834534,2.7428369522094727,2.7428369522094727,182,32
700,11789,specialized_enriched,max,0.2614838480949402,0.09543947130441666,2.7397873401641846,2.7397873401641846,69,32
701,11621,specialized_enriched,active_fraction,0.013045845553278923,0.004768386948853731,2.735903263092041,2.735903263092041,84,32
702,10073,specialized_enriched,max,0.5372268557548523,0.19638563692569733,2.7355709075927734,2.7355709075927734,56,32
703,5159,specialized_enriched,max,0.6047186851501465,0.22114033997058868,2.7345471382141113,2.7345471382141113,67,32
704,4761,specialized_enriched,max,0.5948070883750916,0.21769320964813232,2.732318162918091,2.732318162918091,140,32
705,15579,specialized_enriched,max,0.17932842671871185,0.0656721368432045,2.7306623458862305,2.7306623458862305,147,32
706,843,specialized_enriched,max,0.18051472306251526,0.06613346934318542,2.7295517921447754,2.7295517921447754,71,32
707,2536,specialized_enriched,max,0.6350727081298828,0.23273965716362,2.72868275642395,2.72868275642395,220,32
708,12475,specialized_enriched,max,0.6971431374549866,0.2557424306869507,2.7259581089019775,2.7259581089019775,82,32
709,7070,specialized_enriched,max,0.4388255774974823,0.16124264895915985,2.7215230464935303,2.7215230464935303,123,32
710,14460,specialized_enriched,max,0.3220827281475067,0.11842966824769974,2.719611883163452,2.719611883163452,271,32
711,10068,specialized_enriched,max,0.3913901448249817,0.14397446811199188,2.7184691429138184,2.7184691429138184,38,32
712,3312,specialized_enriched,max,0.30261021852493286,0.1114048957824707,2.7163097858428955,2.7163097858428955,49,32
713,15919,specialized_enriched,max,0.27486541867256165,0.10134873539209366,2.7120754718780518,2.7120754718780518,152,32
714,13144,specialized_enriched,max,0.399949312210083,0.14764352142810822,2.7088849544525146,2.7088849544525146,84,32
715,6290,specialized_enriched,max,0.3367060124874115,0.12446708232164383,2.705181121826172,2.705181121826172,64,32
716,7392,specialized_enriched,max,1.2016148567199707,0.4448004961013794,2.7014691829681396,2.7014691829681396,83,32
717,15914,specialized_enriched,max,0.8949121236801147,0.3318275511264801,2.6969192028045654,2.6969192028045654,123,32
718,10985,specialized_enriched,max,0.3431174159049988,0.12724809348583221,2.696444511413574,2.696444511413574,122,32
719,10676,specialized_enriched,max,0.711685836315155,0.2642004191875458,2.693734645843506,2.693734645843506,98,32
720,5376,specialized_enriched,max,0.7851730585098267,0.29156821966171265,2.6929309368133545,2.6929309368133545,50,32
721,10011,specialized_enriched,max,0.30241137742996216,0.1123211458325386,2.6923816204071045,2.6923816204071045,101,32
722,10927,specialized_enriched,max,0.3314456343650818,0.12311217188835144,2.6922247409820557,2.6922247409820557,63,32
723,8194,specialized_enriched,max,0.37135887145996094,0.13805975019931793,2.6898417472839355,2.6898417472839355,137,32
724,12272,specialized_enriched,max,0.5613270998001099,0.2088904231786728,2.6871845722198486,2.6871845722198486,135,32
725,2579,specialized_enriched,max,0.3429093360900879,0.1278068721294403,2.6830272674560547,2.6830272674560547,118,32
726,4738,specialized_enriched,active_fraction,0.013307263143360615,0.0049600666388869286,2.68287992477417,2.68287992477417,185,32
727,14225,specialized_enriched,max,0.5243284702301025,0.19552113115787506,2.681697130203247,2.681697130203247,217,32
728,5321,specialized_enriched,max,0.5423110127449036,0.20230481028556824,2.6806628704071045,2.6806628704071045,90,32
729,12765,specialized_enriched,max,0.2796224057674408,0.10448786616325378,2.6761231422424316,2.6761231422424316,40,32
730,13359,specialized_enriched,max,0.7611851692199707,0.2846934497356415,2.673701047897339,2.673701047897339,43,32
731,11026,specialized_enriched,max,0.4749164283275604,0.1776544451713562,2.6732594966888428,2.6732594966888428,162,32
732,5609,specialized_enriched,mean,0.09966359287500381,0.037283897399902344,2.673100233078003,2.673100233078003,94,32
733,11261,specialized_enriched,max,0.6693874597549438,0.250448077917099,2.672759532928467,2.672759532928467,110,32
734,257,specialized_enriched,max,0.9054462909698486,0.33898091316223145,2.671083450317383,2.671083450317383,110,32
735,2020,specialized_enriched,max,0.537800669670105,0.2013883739709854,2.6704652309417725,2.6704652309417725,174,32
736,10494,specialized_enriched,max,0.808068573474884,0.3028015196323395,2.6686410903930664,2.6686410903930664,117,32
737,568,specialized_enriched,max,0.2819278836250305,0.10599738359451294,2.6597626209259033,2.6597626209259033,63,32
738,7818,specialized_enriched,active_fraction,0.013722947798669338,0.00515997176989913,2.6595005989074707,2.6595005989074707,33,32
739,145,specialized_enriched,max,1.160780429840088,0.43653860688209534,2.659055709838867,2.659055709838867,33,32
740,6324,specialized_enriched,max,0.2957373559474945,0.11139708757400513,2.6548032760620117,2.6548032760620117,127,32
741,7882,specialized_enriched,max,0.3847001791000366,0.14516229927539825,2.6501383781433105,2.6501383781433105,140,32
742,11572,specialized_enriched,max,0.2654697895050049,0.10038889199495316,2.644413948059082,2.644413948059082,137,32
743,6928,specialized_enriched,max,0.4288468360900879,0.16218529641628265,2.6441781520843506,2.6441781520843506,44,32
744,9075,specialized_enriched,max,0.6260638236999512,0.23701918125152588,2.6414058208465576,2.6414058208465576,39,32
745,6122,specialized_enriched,max,0.18009859323501587,0.06819488853216171,2.640939712524414,2.640939712524414,77,32
746,796,specialized_enriched,max,0.11973126232624054,0.04534083977341652,2.640693426132202,2.640693426132202,36,32
747,2401,specialized_enriched,max,0.7591665983200073,0.2876236140727997,2.639444589614868,2.639444589614868,129,32
748,2360,specialized_enriched,active_fraction,0.007251044735312462,0.0027474001981317997,2.6392385959625244,2.6392385959625244,35,32
749,3832,specialized_enriched,max,0.6494123935699463,0.24647802114486694,2.634768009185791,2.634768009185791,96,32
750,285,specialized_enriched,max,0.305479496717453,0.11605124175548553,2.6322810649871826,2.6322810649871826,43,32
751,14916,specialized_enriched,mean,0.03149964660406113,0.011975201778113842,2.630406379699707,2.630406379699707,115,32
752,1230,specialized_enriched,max,0.2999171018600464,0.11407627165317535,2.6290926933288574,2.6290926933288574,152,32
753,11939,specialized_enriched,max,0.6721786856651306,0.2558060884475708,2.627688407897949,2.627688407897949,196,32
754,9604,specialized_enriched,max,0.8891534209251404,0.33882030844688416,2.624262571334839,2.624262571334839,54,32
755,5595,specialized_enriched,active_fraction,0.013235243037343025,0.005046195350587368,2.622816324234009,2.622816324234009,35,32
756,2253,specialized_enriched,max,0.797435462474823,0.3046836256980896,2.6172573566436768,2.6172573566436768,151,32
757,13814,specialized_enriched,max,0.5288572311401367,0.2023383229970932,2.613727569580078,2.613727569580078,107,32
758,1466,specialized_enriched,max,0.7226294279098511,0.2767292857170105,2.6113226413726807,2.6113226413726807,101,32
759,13236,specialized_enriched,max,0.5086112022399902,0.19515834748744965,2.6061463356018066,2.6061463356018066,56,32
760,13967,specialized_enriched,max,0.1548791229724884,0.05951503664255142,2.6023528575897217,2.6023528575897217,36,32
761,4359,specialized_enriched,max,0.5763514041900635,0.22180680930614471,2.5984387397766113,2.5984387397766113,161,32
762,10503,specialized_enriched,max,0.8280721306800842,0.31948137283325195,2.591926097869873,2.591926097869873,36,32
763,4342,specialized_enriched,max,0.1632923185825348,0.06309083104133606,2.588209867477417,2.588209867477417,59,32
764,8668,specialized_enriched,max,0.46141907572746277,0.17840735614299774,2.5863232612609863,2.5863232612609863,69,32
765,2832,specialized_enriched,max,0.7373583912849426,0.2853543758392334,2.5840094089508057,2.5840094089508057,101,32
766,610,specialized_enriched,max,0.9038622975349426,0.34998276829719543,2.5825908184051514,2.5825908184051514,147,32
767,3366,specialized_enriched,max,0.9359009265899658,0.36264917254447937,2.5807337760925293,2.5807337760925293,91,32
768,14837,specialized_enriched,max,1.0612314939498901,0.4112822115421295,2.5803000926971436,2.5803000926971436,111,32
769,15723,specialized_enriched,max,1.3722078800201416,0.5318068265914917,2.580275058746338,2.580275058746338,92,32
770,8587,specialized_enriched,max,0.28314104676246643,0.10985150933265686,2.577488899230957,2.577488899230957,221,32
771,12109,specialized_enriched,max,0.1601075828075409,0.0623369924724102,2.568420171737671,2.568420171737671,34,32
772,11525,specialized_enriched,max,0.5022668838500977,0.19601783156394958,2.5623531341552734,2.5623531341552734,33,32
773,13855,specialized_enriched,max,0.7057291865348816,0.2760711908340454,2.556330442428589,2.556330442428589,58,32
774,11260,specialized_enriched,max,0.14746429026126862,0.057739149779081345,2.553974151611328,2.553974151611328,45,32
775,15210,specialized_enriched,max,0.6819325685501099,0.2673812210559845,2.550413131713867,2.550413131713867,116,32
776,5813,specialized_enriched,max,0.3006889522075653,0.11799588799476624,2.548300266265869,2.548300266265869,42,32
777,3511,specialized_enriched,max,0.2849683165550232,0.11201290041208267,2.544066905975342,2.544066905975342,72,32
778,13752,specialized_enriched,max,0.4733022451400757,0.18609270453453064,2.543368101119995,2.543368101119995,42,32
779,1301,specialized_enriched,active_fraction,0.003638041438534856,0.0014334568986669183,2.537949562072754,2.537949562072754,55,32
780,4938,specialized_enriched,max,0.8512990474700928,0.3358974754810333,2.5344014167785645,2.5344014167785645,131,32
781,2910,specialized_enriched,max,0.13701406121253967,0.054061777889728546,2.534398078918457,2.534398078918457,37,32
782,5941,specialized_enriched,max,0.24751496315002441,0.09778022766113281,2.531339645385742,2.531339645385742,72,32
783,13978,specialized_enriched,max,0.48182451725006104,0.19050879776477814,2.5291457176208496,2.5291457176208496,170,32
784,8474,specialized_enriched,max,1.3733421564102173,0.5433980226516724,2.527322769165039,2.527322769165039,49,32
785,12362,specialized_enriched,max,0.2521343529224396,0.09981569647789001,2.525999069213867,2.525999069213867,169,32
786,588,specialized_enriched,max,0.3666589558124542,0.1453395038843155,2.522775650024414,2.522775650024414,54,32
787,3255,specialized_enriched,max,0.28705736994743347,0.11390430480241776,2.520162582397461,2.520162582397461,214,32
788,4028,specialized_enriched,max,0.31494140625,0.1250009983778,2.5195112228393555,2.5195112228393555,91,32
789,7657,specialized_enriched,max,0.3249117434024811,0.1290869414806366,2.5169992446899414,2.5169992446899414,65,32
790,12673,specialized_enriched,max,0.5513399839401245,0.2192036658525467,2.51519513130188,2.51519513130188,153,32
791,8662,specialized_enriched,max,0.670586347579956,0.26668429374694824,2.5145325660705566,2.5145325660705566,127,32
792,1469,specialized_enriched,max,0.9379362463951111,0.37434473633766174,2.5055413246154785,2.5055413246154785,111,32
793,14676,specialized_enriched,active_fraction,0.007472035009413958,0.002984245540574193,2.5038270950317383,2.5038270950317383,77,32
794,6150,specialized_enriched,max,1.329554557800293,0.5312882661819458,2.5025107860565186,2.5025107860565186,41,32
795,14881,specialized_enriched,active_fraction,0.008159440942108631,0.0032636774703860283,2.5000758171081543,2.5000758171081543,104,32
796,1537,specialized_enriched,max,0.26157107949256897,0.10474857687950134,2.4971325397491455,2.4971325397491455,40,32
797,14194,specialized_enriched,max,0.6145480871200562,0.24667039513587952,2.4913735389709473,2.4913735389709473,179,32
798,9558,specialized_enriched,max,0.15500664710998535,0.06227939575910568,2.488891363143921,2.488891363143921,83,32
799,3558,specialized_enriched,max,0.6905471682548523,0.27753353118896484,2.4881575107574463,2.4881575107574463,51,32
800,10459,specialized_enriched,max,0.19130054116249084,0.07702656090259552,2.4835658073425293,2.4835658073425293,132,32
801,4490,specialized_enriched,max,0.5088914036750793,0.20491163432598114,2.4834675788879395,2.4834675788879395,190,32
802,11125,specialized_enriched,max,0.5905786752700806,0.2378164827823639,2.483337879180908,2.483337879180908,184,32
803,8138,specialized_enriched,max,0.28289103507995605,0.11397965997457504,2.481943130493164,2.481943130493164,188,32
804,6304,specialized_enriched,active_fraction,0.0034339616540819407,0.0013839928433299065,2.481199026107788,2.481199026107788,40,32
805,6476,specialized_enriched,max,0.4547240734100342,0.18355338275432587,2.477339744567871,2.477339744567871,131,32
806,10331,specialized_enriched,max,0.8168911933898926,0.32977208495140076,2.4771387577056885,2.4771387577056885,94,32
807,8843,specialized_enriched,active_fraction,0.007226059213280678,0.002919561928138137,2.4750490188598633,2.4750490188598633,116,32
808,15764,specialized_enriched,max,0.35292500257492065,0.14274366199970245,2.4724390506744385,2.4724390506744385,143,32
809,10392,specialized_enriched,max,0.19974897801876068,0.08099067211151123,2.466320753097534,2.466320753097534,46,32
810,9157,specialized_enriched,active_fraction,0.0042424676939845085,0.0017217526910826564,2.4640400409698486,2.4640400409698486,44,32
811,5692,specialized_enriched,max,0.4037129580974579,0.16411125659942627,2.4599955081939697,2.4599955081939697,197,32
812,2541,specialized_enriched,max,0.44607093930244446,0.18178558349609375,2.4538300037384033,2.4538300037384033,91,32
813,13303,specialized_enriched,max,0.3076423704624176,0.12558291852474213,2.4497151374816895,2.4497151374816895,59,32
814,15367,specialized_enriched,max,0.4161280393600464,0.16990165412425995,2.4492290019989014,2.4492290019989014,184,32
815,8420,specialized_enriched,max,0.6112039685249329,0.24968503415584564,2.44789981842041,2.44789981842041,200,32
816,13137,specialized_enriched,max,0.8877506852149963,0.36283189058303833,2.4467272758483887,2.4467272758483887,158,32
817,10307,specialized_enriched,max,0.15405860543251038,0.06297747790813446,2.44624924659729,2.44624924659729,48,32
818,1391,specialized_enriched,max,0.4949728846549988,0.20287305116653442,2.4398157596588135,2.4398157596588135,37,32
819,11617,specialized_enriched,max,0.8822554349899292,0.36265119910240173,2.432793378829956,2.432793378829956,129,32
820,14101,specialized_enriched,active_fraction,0.002851112512871623,0.0011760126799345016,2.424389362335205,2.424389362335205,33,32
821,7579,specialized_enriched,max,0.2954756021499634,0.12192381173372269,2.4234445095062256,2.4234445095062256,83,32
822,3636,specialized_enriched,max,0.36510348320007324,0.15112672746181488,2.4158763885498047,2.4158763885498047,205,32
823,1171,specialized_enriched,max,0.4915549159049988,0.20365095138549805,2.413712739944458,2.413712739944458,94,32
824,7469,specialized_enriched,active_fraction,0.007128240540623665,0.002954307943582535,2.4128291606903076,2.4128291606903076,61,32
825,2938,specialized_enriched,max,0.9065134525299072,0.3760412633419037,2.410675525665283,2.410675525665283,140,32
826,7420,specialized_enriched,max,0.7384607791900635,0.30649906396865845,2.4093410968780518,2.4093410968780518,37,32
827,808,specialized_enriched,max,0.2699977159500122,0.1121043935418129,2.4084489345550537,2.4084489345550537,48,32
828,102,specialized_enriched,mean,0.012103313580155373,0.005048747174441814,2.3972904682159424,2.3972904682159424,32,32
829,10250,specialized_enriched,max,0.47536611557006836,0.19833829998970032,2.3967440128326416,2.3967440128326416,84,32
830,9784,specialized_enriched,mean,0.04069230705499649,0.017047958448529243,2.3869314193725586,2.3869314193725586,50,32
831,15602,specialized_enriched,max,0.5002264976501465,0.20971013605594635,2.3853235244750977,2.3853235244750977,285,32
832,14774,specialized_enriched,max,0.630381166934967,0.26442158222198486,2.384000539779663,2.384000539779663,57,32
833,332,specialized_enriched,active_fraction,0.006146801169961691,0.002578793792054057,2.3835954666137695,2.3835954666137695,131,32
834,10845,specialized_enriched,max,0.25640302896499634,0.107582688331604,2.3833112716674805,2.3833112716674805,182,32
835,12595,specialized_enriched,max,0.5152172446250916,0.21626608073711395,2.3823304176330566,2.3823304176330566,234,32
836,14302,specialized_enriched,active_fraction,0.005972688551992178,0.0025094016455113888,2.380124568939209,2.380124568939209,45,32
837,2737,specialized_enriched,max,0.411971777677536,0.17312082648277283,2.3796777725219727,2.3796777725219727,89,32
838,11667,specialized_enriched,max,0.25875550508499146,0.10883140563964844,2.3775811195373535,2.3775811195373535,62,32
839,12992,specialized_enriched,max,0.5337803363800049,0.22476962208747864,2.374788522720337,2.374788522720337,62,32
840,4979,specialized_enriched,active_fraction,0.012849525548517704,0.005416266154497862,2.3723955154418945,2.3723955154418945,76,32
841,452,specialized_enriched,max,1.044901728630066,0.4405164122581482,2.371992826461792,2.371992826461792,79,32
842,6572,specialized_enriched,max,0.2518767714500427,0.10620727390050888,2.371558666229248,2.371558666229248,155,32
843,8124,specialized_enriched,max,0.14134986698627472,0.05964408814907074,2.3698890209198,2.3698890209198,48,32
844,15002,specialized_enriched,max,0.2862234115600586,0.12090270221233368,2.3673863410949707,2.3673863410949707,59,32
845,3181,specialized_enriched,max,0.21846643090248108,0.09237215667963028,2.365067958831787,2.365067958831787,145,32
846,2149,specialized_enriched,max,0.17728468775749207,0.0749763697385788,2.3645408153533936,2.3645408153533936,47,32
847,8088,specialized_enriched,max,0.1398112028837204,0.05913605913519859,2.364229202270508,2.364229202270508,75,32
848,4248,specialized_enriched,max,0.8913767337799072,0.37747520208358765,2.3614180088043213,2.3614180088043213,90,32
849,5314,specialized_enriched,max,0.3756678104400635,0.15931259095668793,2.3580546379089355,2.3580546379089355,53,32
850,15528,specialized_enriched,active_fraction,0.012285579927265644,0.005211743991822004,2.357287645339966,2.357287645339966,93,32
851,4857,specialized_enriched,max,0.5537260174751282,0.23491378128528595,2.3571457862854004,2.3571457862854004,119,32
852,11368,specialized_enriched,max,0.22611281275749207,0.09602221846580505,2.354796886444092,2.354796886444092,51,32
853,5121,specialized_enriched,max,0.21657034754753113,0.09198464453220367,2.3544185161590576,2.3544185161590576,121,32
854,9682,specialized_enriched,max,0.3207755982875824,0.13624832034111023,2.3543453216552734,2.3543453216552734,53,32
855,14314,specialized_enriched,max,1.605613112449646,0.6835365295410156,2.3489792346954346,2.3489792346954346,38,32
856,10777,specialized_enriched,max,0.5693191289901733,0.24250563979148865,2.3476531505584717,2.3476531505584717,168,32
857,5210,specialized_enriched,max,0.4044781029224396,0.172332301735878,2.3470823764801025,2.3470823764801025,67,32
858,9182,specialized_enriched,max,0.2625560462474823,0.11214706301689148,2.3411762714385986,2.3411762714385986,225,32
859,13133,specialized_enriched,max,0.13116057217121124,0.05606365576386452,2.339493751525879,2.339493751525879,44,32
860,9659,specialized_enriched,max,0.2491375356912613,0.10654167085886002,2.338404655456543,2.338404655456543,183,32
861,2257,specialized_enriched,max,0.4346240162849426,0.18588517606258392,2.3381316661834717,2.3381316661834717,146,32
862,9163,specialized_enriched,max,0.6271796226501465,0.26861363649368286,2.334876298904419,2.334876298904419,186,32
863,9325,specialized_enriched,max,0.5837377309799194,0.2500879168510437,2.334130048751831,2.334130048751831,137,32
864,6314,specialized_enriched,active_fraction,0.027463670819997787,0.011775128543376923,2.332345724105835,2.332345724105835,183,32
865,3583,specialized_enriched,max,0.3611468970775604,0.1548696756362915,2.3319406509399414,2.3319406509399414,125,32
866,7063,specialized_enriched,max,0.4771363437175751,0.2046678066253662,2.3312721252441406,2.3312721252441406,88,32
867,9650,specialized_enriched,max,0.4858348071575165,0.20848797261714935,2.330277442932129,2.330277442932129,191,32
868,12042,specialized_enriched,max,0.5082873702049255,0.21909001469612122,2.319993257522583,2.319993257522583,153,32
869,9224,specialized_enriched,max,0.6623879075050354,0.28562113642692566,2.3191137313842773,2.3191137313842773,47,32
870,8254,specialized_enriched,active_fraction,0.009404972195625305,0.004056394100189209,2.3185548782348633,2.3185548782348633,84,32
871,15565,specialized_enriched,max,0.2219347357749939,0.09577720612287521,2.317197799682617,2.317197799682617,90,32
872,6207,specialized_enriched,max,0.41409605741500854,0.17877134680747986,2.316344738006592,2.316344738006592,57,32
873,6415,specialized_enriched,active_fraction,0.008073839358985424,0.0034868030343204737,2.315542221069336,2.315542221069336,88,32
874,2268,specialized_enriched,max,0.8594756722450256,0.3724628984928131,2.307547092437744,2.307547092437744,199,32
875,14105,specialized_enriched,max,0.40712422132492065,0.176827535033226,2.302380323410034,2.302380323410034,55,32
876,12682,specialized_enriched,max,0.7497801780700684,0.32595497369766235,2.3002569675445557,2.3002569675445557,179,32
877,14330,specialized_enriched,max,0.21254748106002808,0.09265651553869247,2.293929100036621,2.293929100036621,161,32
878,10113,specialized_enriched,max,0.3874402642250061,0.16916678845882416,2.290285587310791,2.290285587310791,82,32
879,594,specialized_enriched,max,0.6052774786949158,0.26449114084243774,2.2884602546691895,2.2884602546691895,78,32
880,1641,specialized_enriched,max,0.2604468762874603,0.11391454935073853,2.2863354682922363,2.2863354682922363,61,32
881,10859,specialized_enriched,active_fraction,0.009367742575705051,0.004110612440854311,2.278916597366333,2.278916597366333,71,32
882,6363,specialized_enriched,max,0.9060268402099609,0.3976130187511444,2.2786648273468018,2.2786648273468018,71,32
883,15922,specialized_enriched,active_fraction,0.005588990170508623,0.0024560459423810244,2.2756049633026123,2.2756049633026123,54,32
884,10710,specialized_enriched,max,0.32558712363243103,0.14322876930236816,2.2731964588165283,2.2731964588165283,203,32
885,10173,specialized_enriched,max,0.18945983052253723,0.08339543640613556,2.271824836730957,2.271824836730957,83,32
886,2607,specialized_enriched,max,0.4498681128025055,0.19820615649223328,2.269697904586792,2.269697904586792,76,32
887,10458,specialized_enriched,max,0.475908100605011,0.20978258550167084,2.268577814102173,2.268577814102173,58,32
888,5756,specialized_enriched,max,0.6052019596099854,0.2669000029563904,2.2675232887268066,2.2675232887268066,77,32
889,15481,specialized_enriched,max,0.2621113955974579,0.11561332643032074,2.2671382427215576,2.2671382427215576,53,32
890,13844,specialized_enriched,max,0.5902615785598755,0.26044559478759766,2.266352653503418,2.266352653503418,102,32
891,15279,specialized_enriched,max,0.3931066691875458,0.17356589436531067,2.2648842334747314,2.2648842334747314,157,32
892,13499,specialized_enriched,max,0.3222908079624176,0.1425763964653015,2.2604780197143555,2.2604780197143555,48,32
893,528,specialized_enriched,max,0.29365503787994385,0.12994378805160522,2.259862184524536,2.259862184524536,296,32
894,2497,specialized_enriched,max,0.9959125518798828,0.44102388620376587,2.2581827640533447,2.2581827640533447,166,32
895,5714,specialized_enriched,max,0.543519139289856,0.24083587527275085,2.256803035736084,2.256803035736084,170,32
896,7085,specialized_enriched,max,0.31444472074508667,0.13938024640083313,2.2560207843780518,2.2560207843780518,129,32
897,14736,specialized_enriched,max,0.27042725682258606,0.11994564533233643,2.2545816898345947,2.2545816898345947,50,32
898,6288,specialized_enriched,max,0.22740985453128815,0.10088963061571121,2.2540459632873535,2.2540459632873535,58,32
899,6232,specialized_enriched,mean,0.02274199202656746,0.010092690587043762,2.2533130645751953,2.2533130645751953,42,32
900,3945,specialized_enriched,max,0.5261372923851013,0.2337968498468399,2.250403642654419,2.250403642654419,197,32
901,7753,specialized_enriched,max,0.13761308789253235,0.061230484396219254,2.24746036529541,2.24746036529541,87,32
902,13474,specialized_enriched,max,0.09977549314498901,0.044424280524253845,2.2459676265716553,2.2459676265716553,64,32
903,10256,specialized_enriched,max,0.585875391960144,0.2609512507915497,2.245152711868286,2.245152711868286,120,32
904,12390,specialized_enriched,active_fraction,0.005320729222148657,0.002373424591496587,2.2417941093444824,2.2417941093444824,33,32
905,14496,specialized_enriched,max,0.2066822350025177,0.09219759702682495,2.2417311668395996,2.2417311668395996,124,32
906,6934,specialized_enriched,max,0.6391953825950623,0.28552353382110596,2.238678455352783,2.238678455352783,156,32
907,3640,specialized_enriched,max,1.060770034790039,0.47433891892433167,2.2363123893737793,2.2363123893737793,62,32
908,882,specialized_enriched,max,0.2131490260362625,0.09569987654685974,2.2272653579711914,2.2272653579711914,48,32
909,12763,specialized_enriched,max,0.9681861996650696,0.4347059726715088,2.2272207736968994,2.2272207736968994,162,32
910,3303,specialized_enriched,max,0.1477378010749817,0.0663704127073288,2.225958824157715,2.225958824157715,46,32
911,13403,specialized_enriched,max,0.661298930644989,0.29722046852111816,2.2249441146850586,2.2249441146850586,181,32
912,2167,specialized_enriched,max,0.21624986827373505,0.09762732684612274,2.215054750442505,2.215054750442505,104,32
913,15955,specialized_enriched,active_fraction,0.010481739416718483,0.004735101014375687,2.213625192642212,2.213625192642212,77,32
914,5837,specialized_enriched,max,0.3639339804649353,0.16450706124305725,2.2122695446014404,2.2122695446014404,191,32
915,7386,specialized_enriched,mean,0.20870064198970795,0.09446731954813004,2.2092363834381104,2.2092363834381104,187,32
916,14535,specialized_enriched,max,0.7084524631500244,0.3208712935447693,2.207902193069458,2.207902193069458,120,32
917,9560,specialized_enriched,max,0.3558429181575775,0.1612873375415802,2.2062668800354004,2.2062668800354004,132,32
918,15793,specialized_enriched,active_fraction,0.004958215169608593,0.002248977078124881,2.20465350151062,2.20465350151062,68,32
919,8087,specialized_enriched,max,0.11391383409500122,0.05167685076594353,2.2043492794036865,2.2043492794036865,43,32
920,4267,specialized_enriched,max,0.8739194273948669,0.39729103446006775,2.1996958255767822,2.1996958255767822,208,32
921,13762,specialized_enriched,max,0.14475777745246887,0.06583757698535919,2.1987106800079346,2.1987106800079346,47,32
922,5751,specialized_enriched,max,0.3837253153324127,0.17453421652317047,2.1985678672790527,2.1985678672790527,173,32
923,13223,specialized_enriched,mean,0.012416774407029152,0.005665335804224014,2.1917102336883545,2.1917102336883545,35,32
924,10654,specialized_enriched,max,0.36394235491752625,0.16612547636032104,2.190767765045166,2.190767765045166,117,32
925,3390,specialized_enriched,active_fraction,0.0037539766635745764,0.0017153738299384713,2.1884305477142334,2.1884305477142334,47,32
926,11885,specialized_enriched,max,0.40835750102996826,0.18681059777736664,2.185944080352783,2.185944080352783,72,32
927,11812,specialized_enriched,max,0.3358955383300781,0.1537855863571167,2.184180974960327,2.184180974960327,133,32
928,6023,specialized_enriched,active_fraction,0.009445242583751678,0.0043248445726931095,2.1839497089385986,2.1839497089385986,139,32
929,12544,specialized_enriched,max,0.7551210522651672,0.34733378887176514,2.1740500926971436,2.1740500926971436,69,32
930,2657,specialized_enriched,max,0.602955162525177,0.27776893973350525,2.1707077026367188,2.1707077026367188,152,32
931,7484,specialized_enriched,max,0.45108798146247864,0.2080281525850296,2.16839861869812,2.16839861869812,66,32
932,5211,specialized_enriched,max,0.31790968775749207,0.14716900885105133,2.1601674556732178,2.1601674556732178,116,32
933,15491,specialized_enriched,max,0.18855878710746765,0.0874972864985466,2.155024290084839,2.155024290084839,129,32
934,10309,specialized_enriched,max,0.2198876440525055,0.10204537212848663,2.1548027992248535,2.1548027992248535,144,32
935,11710,specialized_enriched,active_fraction,0.006322067696601152,0.0029345108196139336,2.154385566711426,2.154385566711426,153,32
936,13313,specialized_enriched,max,0.2966417670249939,0.1377580761909485,2.153352975845337,2.153352975845337,79,32
937,10302,specialized_enriched,max,0.2496258169412613,0.1160077452659607,2.1518030166625977,2.1518030166625977,106,32
938,2911,specialized_enriched,max,0.22026853263378143,0.1026230901479721,2.146383762359619,2.146383762359619,161,32
939,11549,specialized_enriched,max,0.2535337507724762,0.11824465543031693,2.1441454887390137,2.1441454887390137,60,32
940,6906,specialized_enriched,max,0.25889477133750916,0.12082964926958084,2.1426427364349365,2.1426427364349365,66,32
941,2722,specialized_enriched,max,0.24984227120876312,0.11660554260015488,2.142627716064453,2.142627716064453,47,32
942,4269,specialized_enriched,active_fraction,0.004389550071209669,0.0020503175910562277,2.1409122943878174,2.1409122943878174,44,32
943,6016,specialized_enriched,max,0.45372065901756287,0.21196311712265015,2.140564203262329,2.140564203262329,85,32
944,15655,specialized_enriched,max,0.3376976549625397,0.15781837701797485,2.139786720275879,2.139786720275879,272,32
945,11509,specialized_enriched,max,0.6958511471748352,0.32568788528442383,2.1365582942962646,2.1365582942962646,140,32
946,14364,specialized_enriched,max,0.32969555258750916,0.15492388606071472,2.128113031387329,2.128113031387329,299,32
947,16249,specialized_enriched,max,0.315382719039917,0.14865897595882416,2.121518135070801,2.121518135070801,153,32
948,10291,specialized_enriched,max,0.204423725605011,0.09637777507305145,2.1210670471191406,2.1210670471191406,66,32
949,6551,specialized_enriched,max,0.36508670449256897,0.17236408591270447,2.1181135177612305,2.1181135177612305,89,32
950,3963,specialized_enriched,max,0.40735241770744324,0.19251443445682526,2.115957736968994,2.115957736968994,72,32
951,11827,specialized_enriched,max,0.48138827085494995,0.2275371104478836,2.115647315979004,2.115647315979004,81,32
952,5065,specialized_enriched,max,0.24163714051246643,0.11449658125638962,2.110430955886841,2.110430955886841,53,32
953,6670,specialized_enriched,max,0.5026880502700806,0.23853906989097595,2.1073615550994873,2.1073615550994873,86,32
954,3867,specialized_enriched,max,1.0263084173202515,0.4874116778373718,2.1056294441223145,2.1056294441223145,130,32
955,15839,specialized_enriched,max,0.656203031539917,0.3118225336074829,2.1044118404388428,2.1044118404388428,95,32
956,8301,specialized_enriched,max,0.9407182931900024,0.4472966194152832,2.1031196117401123,2.1031196117401123,190,32
957,4507,specialized_enriched,max,0.6411518454551697,0.3053230345249176,2.0999131202697754,2.0999131202697754,87,32
958,3871,specialized_enriched,max,0.24524135887622833,0.11684548109769821,2.0988519191741943,2.0988519191741943,48,32
959,4180,specialized_enriched,max,0.38512805104255676,0.183890238404274,2.09433650970459,2.09433650970459,56,32
960,13037,specialized_enriched,max,0.410488486289978,0.1961984485387802,2.0922107696533203,2.0922107696533203,64,32
961,15685,specialized_enriched,max,0.8051338195800781,0.38549062609672546,2.088595151901245,2.088595151901245,126,32
962,1084,specialized_enriched,max,0.4124147593975067,0.19786851108074188,2.08428692817688,2.08428692817688,117,32
963,5039,specialized_enriched,max,0.3941788673400879,0.18917381763458252,2.083686113357544,2.083686113357544,87,32
964,13175,specialized_enriched,max,0.2490515410900116,0.11955945938825607,2.0830769538879395,2.0830769538879395,134,32
965,2622,specialized_enriched,max,0.24803680181503296,0.1190766915678978,2.083000421524048,2.083000421524048,278,32
966,6372,specialized_enriched,max,0.5556221008300781,0.26691529154777527,2.0816421508789062,2.0816421508789062,138,32
967,8611,specialized_enriched,max,0.41525718569755554,0.19953623414039612,2.0811116695404053,2.0811116695404053,44,32
968,14944,specialized_enriched,active_fraction,0.005154298152774572,0.002478751353919506,2.079392910003662,2.079392910003662,119,32
969,12302,specialized_enriched,max,0.23441191017627716,0.1127622053027153,2.0788164138793945,2.0788164138793945,38,32
970,7843,specialized_enriched,max,0.12900440394878387,0.062066417187452316,2.0784895420074463,2.0784895420074463,38,32
971,11115,specialized_enriched,active_fraction,0.005861079320311546,0.0028249146416783333,2.0747809410095215,2.0747809410095215,150,32
972,12002,specialized_enriched,max,0.2817147970199585,0.13583031296730042,2.0740201473236084,2.0740201473236084,138,32
973,10991,specialized_enriched,max,0.45134636759757996,0.21831291913986206,2.0674285888671875,2.0674285888671875,246,32
974,12243,specialized_enriched,max,0.44859790802001953,0.21713200211524963,2.0660147666931152,2.0660147666931152,53,32
975,4895,specialized_enriched,max,0.230537548661232,0.11158926784992218,2.0659472942352295,2.0659472942352295,102,32
976,1698,specialized_enriched,max,0.1694604456424713,0.08217526227235794,2.062183141708374,2.062183141708374,122,32
977,2695,specialized_enriched,max,0.33495253324508667,0.1625634729862213,2.060441493988037,2.060441493988037,149,32
978,13893,specialized_enriched,max,0.3099629580974579,0.15044741332530975,2.060274362564087,2.060274362564087,166,32
979,13662,specialized_enriched,max,0.26891881227493286,0.130738765001297,2.056917190551758,2.056917190551758,153,32
980,14410,specialized_enriched,max,0.22275860607624054,0.10830990225076675,2.056678056716919,2.056678056716919,156,32
981,2327,specialized_enriched,max,0.30522778630256653,0.14862750470638275,2.053642749786377,2.053642749786377,117,32
982,14465,specialized_enriched,max,0.14982011914253235,0.07300931215286255,2.0520687103271484,2.0520687103271484,36,32
983,5388,specialized_enriched,max,0.3915596008300781,0.19085657596588135,2.051590919494629,2.051590919494629,188,32
984,11362,specialized_enriched,max,0.08648450672626495,0.0421963706612587,2.049572229385376,2.049572229385376,43,32
985,15482,specialized_enriched,mean,0.026922954246401787,0.01314273476600647,2.0485048294067383,2.0485048294067383,68,32
986,4300,specialized_enriched,mean,0.02138555981218815,0.010444550774991512,2.047532796859741,2.047532796859741,81,32
987,14811,specialized_enriched,max,0.6470548510551453,0.3160306513309479,2.047443389892578,2.047443389892578,74,32
988,4535,specialized_enriched,max,0.20160813629627228,0.09856230020523071,2.0454893112182617,2.0454893112182617,122,32
989,12330,specialized_enriched,max,0.8997026681900024,0.44044744968414307,2.042701482772827,2.042701482772827,44,32
990,4833,specialized_enriched,max,0.4731847941875458,0.23170454800128937,2.0421903133392334,2.0421903133392334,95,32
991,6050,specialized_enriched,max,0.6487898826599121,0.3186342120170593,2.036158800125122,2.036158800125122,86,32
992,15473,specialized_enriched,max,0.19405236840248108,0.09542769938707352,2.033501386642456,2.033501386642456,42,32
993,14072,specialized_enriched,active_fraction,0.005277102813124657,0.0025995776522904634,2.029984712600708,2.029984712600708,104,32
994,981,specialized_enriched,max,0.5246254801750183,0.2594466209411621,2.0220940113067627,2.0220940113067627,83,32
995,13607,specialized_enriched,max,0.6825869679450989,0.33802440762519836,2.0193421840667725,2.0193421840667725,54,32
996,9606,specialized_enriched,active_fraction,0.008998385630548,0.00445850845426321,2.0182502269744873,2.0182502269744873,86,32
997,4484,specialized_enriched,max,0.2158454805612564,0.10697019845247269,2.0178093910217285,2.0178093910217285,119,32
998,13028,specialized_enriched,max,0.3027578592300415,0.1503158062696457,2.0141451358795166,2.0141451358795166,35,32
999,4471,specialized_enriched,max,0.39643236994743347,0.1968265175819397,2.0141208171844482,2.0141208171844482,116,32
1000,16154,specialized_enriched,max,0.4121597111225128,0.20517751574516296,2.008795738220215,2.008795738220215,255,32
1001,8564,specialized_enriched,max,0.08084829896688461,0.04026082903146744,2.008113145828247,2.008113145828247,58,32
1002,11953,specialized_enriched,max,0.8911888003349304,0.44384321570396423,2.0078909397125244,2.0078909397125244,67,32
1003,14027,specialized_enriched,max,0.16276712715625763,0.08109055459499359,2.0072267055511475,2.0072267055511475,127,32
1004,8875,specialized_enriched,max,0.30774638056755066,0.15334829688072205,2.006845712661743,2.006845712661743,116,32
1005,3719,specialized_enriched,max,0.2934536635875702,0.14636357128620148,2.0049638748168945,2.0049638748168945,68,32
1006,12980,specialized_enriched,max,0.22478723526000977,0.11224950104951859,2.002567768096924,2.002567768096924,89,32
1007,15943,specialized_enriched,max,0.3853277266025543,0.19249223172664642,2.0017833709716797,2.0017833709716797,140,32
1008,1351,specialized_enriched,max,0.6167311072349548,0.3096688985824585,1.9915822744369507,1.9915822744369507,44,32
1009,14049,specialized_enriched,max,0.39828982949256897,0.20005859434604645,1.9908658266067505,1.9908658266067505,127,32
1010,7210,specialized_enriched,max,0.2878258526325226,0.14469824731349945,1.9891453981399536,1.9891453981399536,59,32
1011,8483,specialized_enriched,max,0.3473106026649475,0.17462435364723206,1.9889012575149536,1.9889012575149536,104,32
1012,1373,specialized_enriched,max,0.22698870301246643,0.11425501108169556,1.9866849184036255,1.9866849184036255,276,32
1013,13286,specialized_enriched,max,0.5064718127250671,0.2549358308315277,1.9866639375686646,1.9866639375686646,165,32
1014,12445,specialized_enriched,max,0.20374080538749695,0.10257301479578018,1.9863002300262451,1.9863002300262451,121,32
1015,13845,specialized_enriched,max,0.10212460905313492,0.05145221948623657,1.9848436117172241,1.9848436117172241,114,32
1016,10244,specialized_enriched,max,0.3533511757850647,0.1782994419336319,1.9817850589752197,1.9817850589752197,65,32
1017,552,specialized_enriched,max,0.33335012197494507,0.16847608983516693,1.9786198139190674,1.9786198139190674,134,32
1018,1551,specialized_enriched,max,0.4638655185699463,0.23445913195610046,1.9784493446350098,1.9784493446350098,138,32
1019,1525,specialized_enriched,active_fraction,0.004302873741835356,0.0021796980872750282,1.9740686416625977,1.9740686416625977,56,32
1020,12907,specialized_enriched,max,0.30941006541252136,0.15679317712783813,1.9733643531799316,1.9733643531799316,59,32
1021,1229,specialized_enriched,active_fraction,0.014100143685936928,0.007147455122321844,1.972750186920166,1.972750186920166,143,32
1022,7740,specialized_enriched,max,0.6932117342948914,0.3514861464500427,1.9722305536270142,1.9722305536270142,179,32
1023,15753,specialized_enriched,max,0.28626200556755066,0.1451595425605774,1.9720509052276611,1.9720509052276611,212,32
1024,2325,specialized_enriched,max,0.33426961302757263,0.1695350855588913,1.9716839790344238,1.9716839790344238,91,32
1025,10214,specialized_enriched,max,0.1573440134525299,0.08000251650810242,1.9667383432388306,1.9667383432388306,91,32
1026,9390,specialized_enriched,max,0.4909055531024933,0.24984335899353027,1.964853286743164,1.964853286743164,45,32
1027,15654,specialized_enriched,max,0.26095864176750183,0.1328335404396057,1.9645538330078125,1.9645538330078125,186,32
1028,10096,specialized_enriched,max,0.25543150305747986,0.130757674574852,1.953472375869751,1.953472375869751,169,32
1029,13369,specialized_enriched,max,0.23960347473621368,0.12279496341943741,1.9512484073638916,1.9512484073638916,39,32
1030,8109,specialized_enriched,max,0.8196933269500732,0.4202416241168976,1.950528621673584,1.950528621673584,200,32
1031,7940,specialized_enriched,max,0.49272778630256653,0.2527403235435486,1.949541687965393,1.949541687965393,82,32
1032,12420,specialized_enriched,max,0.2771608531475067,0.14226937294006348,1.94814133644104,1.94814133644104,50,32
1033,948,specialized_enriched,max,0.08424613624811172,0.04333697259426117,1.9439783096313477,1.9439783096313477,33,32
1034,3355,specialized_enriched,max,0.3209199011325836,0.16517017781734467,1.9429651498794556,1.9429651498794556,227,32
1035,3171,specialized_enriched,max,0.11905504763126373,0.061300940811634064,1.9421405792236328,1.9421405792236328,47,32
1036,5106,specialized_enriched,max,0.13196010887622833,0.06810510903596878,1.9375948905944824,1.9375948905944824,32,32
1037,7101,specialized_enriched,max,0.13084428012371063,0.06753314286470413,1.937482476234436,1.937482476234436,46,32
1038,4519,specialized_enriched,active_fraction,0.0027081992011517286,0.0013989958679303527,1.9358164072036743,1.9358164072036743,41,32
1039,3154,specialized_enriched,max,0.332501083612442,0.17181098461151123,1.9352725744247437,1.9352725744247437,119,32
1040,16354,specialized_enriched,max,0.4110119938850403,0.21260380744934082,1.933229684829712,1.933229684829712,49,32
1041,4044,specialized_enriched,mean,0.02648737095296383,0.013711958192288876,1.9316986799240112,1.9316986799240112,47,32
1042,4351,specialized_enriched,max,0.1681298315525055,0.0871860608458519,1.9284026622772217,1.9284026622772217,181,32
1043,7496,specialized_enriched,max,0.8708890676498413,0.4524863064289093,1.9246749877929688,1.9246749877929688,33,32
1044,4606,specialized_enriched,max,0.21048109233379364,0.10949163883924484,1.9223484992980957,1.9223484992980957,49,32
1045,7267,specialized_enriched,max,0.12372392416000366,0.06444766372442245,1.9197580814361572,1.9197580814361572,82,32
1046,13271,specialized_enriched,max,0.41091299057006836,0.21423384547233582,1.9180582761764526,1.9180582761764526,99,32
1047,3993,specialized_enriched,max,0.42641550302505493,0.22262781858444214,1.9153738021850586,1.9153738021850586,286,32
1048,4253,specialized_enriched,max,0.3544670045375824,0.18524183332920074,1.9135364294052124,1.9135364294052124,121,32
1049,13306,specialized_enriched,max,0.4373464584350586,0.22873447835445404,1.9120268821716309,1.9120268821716309,52,32
1050,14307,specialized_enriched,max,0.18321453034877777,0.09621132165193558,1.9042928218841553,1.9042928218841553,41,32
1051,9492,specialized_enriched,max,0.3418639898300171,0.17959727346897125,1.903503179550171,1.903503179550171,85,32
1052,471,specialized_enriched,max,0.13211111724376678,0.0694587379693985,1.9020086526870728,1.9020086526870728,48,32
1053,4666,specialized_enriched,max,0.270858496427536,0.14264684915542603,1.8988046646118164,1.8988046646118164,103,32
1054,478,specialized_enriched,max,0.42640209197998047,0.22463418543338776,1.8982065916061401,1.8982065916061401,62,32
1055,2058,specialized_enriched,max,0.46134692430496216,0.24314668774604797,1.8974016904830933,1.8974016904830933,127,32
1056,895,specialized_enriched,max,0.23787182569503784,0.12539814412593842,1.896932601928711,1.896932601928711,108,32
1057,10961,specialized_enriched,max,0.4100329279899597,0.21655629575252533,1.893424153327942,1.893424153327942,179,32
1058,8259,specialized_enriched,max,0.46330004930496216,0.24477286636829376,1.892775297164917,1.892775297164917,43,32
1059,2391,specialized_enriched,max,0.2552318274974823,0.13496950268745422,1.8910332918167114,1.8910332918167114,44,32
1060,2004,specialized_enriched,max,0.3222605884075165,0.17049698531627655,1.890124797821045,1.890124797821045,183,32
1061,13790,specialized_enriched,max,0.49689915776252747,0.26450464129447937,1.8786027431488037,1.8786027431488037,79,32
1062,14974,specialized_enriched,active_fraction,0.011698064394295216,0.006231972482055426,1.877104640007019,1.877104640007019,107,32
1063,2950,specialized_enriched,active_fraction,0.005463826470077038,0.0029112917836755514,1.8767704963684082,1.8767704963684082,54,32
1064,14230,specialized_enriched,max,0.39119213819503784,0.2085435390472412,1.8758295774459839,1.8758295774459839,152,32
1065,12745,specialized_enriched,max,0.6402122378349304,0.3420926332473755,1.871458649635315,1.871458649635315,80,32
1066,4672,specialized_enriched,max,0.5172626972198486,0.27640300989151,1.8714076280593872,1.8714076280593872,182,32
1067,8028,specialized_enriched,max,0.6039451956748962,0.32315391302108765,1.8689087629318237,1.8689087629318237,129,32
1068,4450,specialized_enriched,max,0.13731442391872406,0.07347457855939865,1.8688697814941406,1.8688697814941406,89,32
1069,14013,specialized_enriched,active_fraction,0.008609810844063759,0.004609956871718168,1.8676553964614868,1.8676553964614868,154,32
1070,8094,specialized_enriched,active_fraction,0.006825266871601343,0.0036556001286953688,1.867071509361267,1.867071509361267,82,32
1071,15454,specialized_enriched,active_fraction,0.007396318018436432,0.003962243907153606,1.8666993379592896,1.8666993379592896,138,32
1072,15411,specialized_enriched,max,0.7218374013900757,0.3871955871582031,1.8642706871032715,1.8642706871032715,39,32
1073,11668,specialized_enriched,max,0.7176526188850403,0.38696029782295227,1.854589819908142,1.854589819908142,57,32
1074,15340,specialized_enriched,max,0.14363522827625275,0.07751476764678955,1.8530046939849854,1.8530046939849854,113,32
1075,9219,specialized_enriched,active_fraction,0.010261902585625648,0.005551338195800781,1.848545789718628,1.848545789718628,121,32
1076,5409,specialized_enriched,max,0.24664662778377533,0.1335328221321106,1.8470861911773682,1.8470861911773682,88,32
1077,9377,specialized_enriched,max,0.23033452033996582,0.1254206895828247,1.8364953994750977,1.8364953994750977,150,32
1078,13194,specialized_enriched,max,0.07762832939624786,0.042279526591300964,1.8360737562179565,1.8360737562179565,78,32
1079,7097,specialized_enriched,max,0.4122889041900635,0.22488383948802948,1.8333415985107422,1.8333415985107422,293,32
1080,15716,specialized_enriched,max,0.22417981922626495,0.1223301962018013,1.8325796127319336,1.8325796127319336,73,32
1081,14941,specialized_enriched,max,0.3239821493625641,0.17685775458812714,1.8318798542022705,1.8318798542022705,154,32
1082,9860,specialized_enriched,active_fraction,0.004148476757109165,0.002267342759296298,1.8296645879745483,1.8296645879745483,68,32
1083,10765,specialized_enriched,max,0.22793002426624298,0.1245996356010437,1.8292993307113647,1.8292993307113647,43,32
1084,13407,specialized_enriched,active_fraction,0.0034793447703123093,0.001904369448311627,1.827032446861267,1.827032446861267,71,32
1085,1235,specialized_enriched,max,0.2146122008562088,0.11747632920742035,1.8268548250198364,1.8268548250198364,108,32
1086,159,specialized_enriched,active_fraction,0.007621529046446085,0.0041834344156086445,1.8218353986740112,1.8218353986740112,62,32
1087,12787,specialized_enriched,max,0.30283671617507935,0.16647616028785706,1.8190995454788208,1.8190995454788208,78,32
1088,14754,specialized_enriched,max,0.38545191287994385,0.21195103228092194,1.818589448928833,1.818589448928833,50,32
1089,8035,specialized_enriched,max,0.34534740447998047,0.190146341919899,1.8162189722061157,1.8162189722061157,172,32
1090,11547,specialized_enriched,max,0.3003349304199219,0.16551046073436737,1.8145978450775146,1.8145978450775146,47,32
1091,11057,specialized_enriched,max,0.5379751920700073,0.29667672514915466,1.813338041305542,1.813338041305542,58,32
1092,4331,specialized_enriched,max,0.4840461313724518,0.2678094804286957,1.807427167892456,1.807427167892456,140,32
1093,14785,specialized_enriched,max,0.15607549250125885,0.08643293380737305,1.8057409524917603,1.8057409524917603,34,32
1094,6149,specialized_enriched,max,0.18335044384002686,0.10169874876737595,1.8028780221939087,1.8028780221939087,61,32
1095,12245,specialized_enriched,max,0.1977320909500122,0.10994265228509903,1.7985020875930786,1.7985020875930786,33,32
1096,7232,specialized_enriched,active_fraction,0.011335182934999466,0.0063100759871304035,1.7963624000549316,1.7963624000549316,174,32
1097,15244,specialized_enriched,max,0.09979227185249329,0.05561741814017296,1.7942628860473633,1.7942628860473633,51,32
1098,8244,specialized_enriched,max,0.46101805567741394,0.2577073574066162,1.7889207601547241,1.7889207601547241,158,32
1099,10596,specialized_enriched,max,0.3605193495750427,0.20210103690624237,1.783856987953186,1.783856987953186,90,32
1100,11091,specialized_enriched,max,0.2081126868724823,0.1167687177658081,1.782263994216919,1.782263994216919,139,32
1101,15735,specialized_enriched,max,0.20978139340877533,0.11773020774126053,1.7818825244903564,1.7818825244903564,272,32
1102,11729,specialized_enriched,mean,0.027147326618433,0.01523854024708271,1.7814912796020508,1.7814912796020508,140,32
1103,10357,specialized_enriched,max,0.13628584146499634,0.07661732286214828,1.778786301612854,1.778786301612854,95,32
1104,5421,specialized_enriched,active_fraction,0.008878779597580433,0.004999573342502117,1.7759075164794922,1.7759075164794922,93,32
1105,12520,specialized_enriched,max,0.3521397113800049,0.19839580357074738,1.774935245513916,1.774935245513916,48,32
1106,9037,specialized_enriched,max,0.1828252524137497,0.10309384763240814,1.7733865976333618,1.7733865976333618,156,32
1107,13384,specialized_enriched,max,0.47266966104507446,0.26681599020957947,1.7715191841125488,1.7715191841125488,264,32
1108,9826,specialized_enriched,max,0.13894370198249817,0.07854440808296204,1.7689827680587769,1.7689827680587769,35,32
1109,9098,specialized_enriched,max,0.3333081603050232,0.18969543278217316,1.7570700645446777,1.7570700645446777,91,32
1110,1345,specialized_enriched,max,0.3403756618499756,0.19406212866306305,1.7539520263671875,1.7539520263671875,63,32
1111,13276,specialized_enriched,max,0.22543156147003174,0.12871967256069183,1.7513372898101807,1.7513372898101807,57,32
1112,6896,specialized_enriched,max,0.2591817080974579,0.14800693094730377,1.7511457204818726,1.7511457204818726,124,32
1113,9337,specialized_enriched,max,0.09716796875,0.05552486702799797,1.7499901056289673,1.7499901056289673,175,32
1114,9675,specialized_enriched,max,0.16285941004753113,0.09309051930904388,1.7494736909866333,1.7494736909866333,64,32
1115,903,specialized_enriched,max,0.37822332978248596,0.21656888723373413,1.7464343309402466,1.7464343309402466,137,32
1116,4207,specialized_enriched,active_fraction,0.0029921121895313263,0.0017152009531855583,1.7444673776626587,1.7444673776626587,33,32
1117,9468,specialized_enriched,max,0.4244028329849243,0.24331258237361908,1.7442699670791626,1.7442699670791626,196,32
1118,3739,specialized_enriched,max,0.316084086894989,0.1813332438468933,1.7431116104125977,1.7431116104125977,83,32
1119,5101,specialized_enriched,max,0.4684228003025055,0.26942285895347595,1.73861563205719,1.73861563205719,226,32
1120,4092,specialized_enriched,max,0.6068404912948608,0.34948858618736267,1.736367106437683,1.736367106437683,103,32
1121,12298,specialized_enriched,active_fraction,0.006647431291639805,0.0038291269447654486,1.7360174655914307,1.7360174655914307,53,32
1122,14264,specialized_enriched,max,0.2606935203075409,0.15068002045154572,1.7301133871078491,1.7301133871078491,52,32
1123,11445,specialized_enriched,max,0.24409867823123932,0.14115600287914276,1.7292829751968384,1.7292829751968384,207,32
1124,8618,specialized_enriched,max,0.15845146775245667,0.09162884950637817,1.729274868965149,1.729274868965149,53,32
1125,4918,specialized_enriched,mean,0.02252637781202793,0.013046166859567165,1.7266663312911987,1.7266663312911987,36,32
1126,286,specialized_enriched,max,0.186845600605011,0.10826541483402252,1.7258106470108032,1.7258106470108032,53,32
1127,4375,specialized_enriched,max,0.43975013494491577,0.255276620388031,1.7226415872573853,1.7226415872573853,95,32
1128,10753,specialized_enriched,max,0.279647558927536,0.16238903999328613,1.7220839262008667,1.7220839262008667,147,32
1129,7883,specialized_enriched,max,0.2658766806125641,0.15440963208675385,1.7218917608261108,1.7218917608261108,224,32
1130,7145,specialized_enriched,max,0.330519437789917,0.19223695993423462,1.7193334102630615,1.7193334102630615,182,32
1131,9104,specialized_enriched,max,0.5196889638900757,0.30232977867126465,1.7189472913742065,1.7189472913742065,51,32
1132,13294,specialized_enriched,max,0.2045680284500122,0.11908917129039764,1.7177718877792358,1.7177718877792358,98,32
1133,15981,specialized_enriched,active_fraction,0.009112040512263775,0.005317684728652239,1.7135353088378906,1.7135353088378906,163,32
1134,5454,specialized_enriched,max,0.2302808165550232,0.1348632127046585,1.7075139284133911,1.7075139284133911,120,32
1135,2516,specialized_enriched,max,0.4976810812950134,0.2930071949958801,1.698528528213501,1.698528528213501,149,32
1136,2916,specialized_enriched,max,0.37101319432258606,0.218549907207489,1.6976131200790405,1.6976131200790405,187,32
1137,16102,specialized_enriched,active_fraction,0.009293808601796627,0.005488554015755653,1.6933072805404663,1.6933072805404663,60,32
1138,10581,specialized_enriched,max,0.7866361737251282,0.4656873643398285,1.6891937255859375,1.6891937255859375,58,32
1139,14014,specialized_enriched,max,0.28849032521247864,0.17081262171268463,1.6889286041259766,1.6889286041259766,99,32
1140,13003,specialized_enriched,max,0.20573587715625763,0.12202856689691544,1.685964822769165,1.685964822769165,132,32
1141,9622,specialized_enriched,active_fraction,0.0038917253259569407,0.002312631346285343,1.6828126907348633,1.6828126907348633,106,32
1142,4817,specialized_enriched,max,0.5847461819648743,0.3477141857147217,1.681686282157898,1.681686282157898,162,32
1143,9419,specialized_enriched,max,0.49182674288749695,0.2924816310405731,1.6815645694732666,1.6815645694732666,149,32
1144,2086,specialized_enriched,max,0.1372741460800171,0.08169310539960861,1.6803638935089111,1.6803638935089111,44,32
1145,10621,specialized_enriched,max,0.12163404375314713,0.07249124348163605,1.6779135465621948,1.6779135465621948,62,32
1146,12858,specialized_enriched,max,0.1704898625612259,0.10173378139734268,1.6758431196212769,1.6758431196212769,67,32
1147,4991,specialized_enriched,max,0.26607468724250793,0.15894626080989838,1.6739914417266846,1.6739914417266846,192,32
1148,13825,specialized_enriched,max,0.07329756021499634,0.0437886118888855,1.6738954782485962,1.6738954782485962,64,32
1149,3345,specialized_enriched,mean,0.05951493978500366,0.03567378222942352,1.668310284614563,1.668310284614563,95,32
1150,4966,specialized_enriched,max,0.41331246495246887,0.24846883118152618,1.663437843322754,1.663437843322754,109,32
1151,14672,specialized_enriched,max,0.3453121781349182,0.20792199671268463,1.6607775688171387,1.6607775688171387,165,32
1152,11384,specialized_enriched,max,0.2176123559474945,0.13140299916267395,1.6560684442520142,1.6560684442520142,36,32
1153,10964,specialized_enriched,mean,0.016725467517971992,0.010104243643581867,1.6552914381027222,1.6552914381027222,34,32
1154,7022,specialized_enriched,max,0.282743364572525,0.1709509789943695,1.6539441347122192,1.6539441347122192,81,32
1155,5627,specialized_enriched,max,0.453916996717453,0.27479350566864014,1.6518476009368896,1.6518476009368896,109,32
1156,251,specialized_enriched,max,0.27953261137008667,0.16991518437862396,1.6451302766799927,1.6451302766799927,92,32
1157,11841,specialized_enriched,max,0.15554778277873993,0.09467736631631851,1.6429246664047241,1.6429246664047241,81,32
1158,1110,specialized_enriched,max,0.29435473680496216,0.17964284121990204,1.6385552883148193,1.6385552883148193,130,32
1159,11023,specialized_enriched,max,0.4503312110900879,0.2753337621688843,1.6355829238891602,1.6355829238891602,109,32
1160,4340,specialized_enriched,max,0.4468696415424347,0.2735498249530792,1.6335951089859009,1.6335951089859009,49,32
1161,2701,specialized_enriched,max,0.19127704203128815,0.11711768060922623,1.6332038640975952,1.6332038640975952,73,32
1162,11191,specialized_enriched,active_fraction,0.0047472137957811356,0.0029080980457365513,1.6324118375778198,1.6324118375778198,63,32
1163,4501,specialized_enriched,active_fraction,0.004441566299647093,0.0027232826687395573,1.630960464477539,1.630960464477539,33,32
1164,2786,specialized_enriched,max,0.20757658779621124,0.1273026019334793,1.6305761337280273,1.6305761337280273,146,32
1165,14244,specialized_enriched,max,0.3985952138900757,0.24475304782390594,1.6285607814788818,1.6285607814788818,44,32
1166,8334,specialized_enriched,max,0.10225045680999756,0.06281139701604843,1.6278965473175049,1.6278965473175049,55,32
1167,8338,specialized_enriched,max,0.42795753479003906,0.26291516423225403,1.6277400255203247,1.6277400255203247,160,32
1168,231,specialized_enriched,max,0.4283082187175751,0.2632076144218445,1.6272637844085693,1.6272637844085693,226,32
1169,3350,specialized_enriched,max,0.42869752645492554,0.2637883424758911,1.6251572370529175,1.6251572370529175,147,32
1170,9961,specialized_enriched,active_fraction,0.004999429453164339,0.0030879860278218985,1.6189935207366943,1.6189935207366943,60,32
1171,5663,specialized_enriched,max,0.4619576930999756,0.285369336605072,1.6188063621520996,1.6188063621520996,71,32
1172,11627,specialized_enriched,max,0.9203597903251648,0.5693269371986389,1.6165751218795776,1.6165751218795776,63,32
1173,8582,specialized_enriched,max,0.30325621366500854,0.18761314451694489,1.6163910627365112,1.6163910627365112,167,32
1174,8400,specialized_enriched,max,0.43843796849250793,0.27149340510368347,1.6149120330810547,1.6149120330810547,110,32
1175,1101,specialized_enriched,mean,0.03165252134203911,0.01962585374712944,1.6127971410751343,1.6127971410751343,96,32
1176,1853,specialized_enriched,active_fraction,0.004005982540547848,0.002484849886968732,1.6121628284454346,1.6121628284454346,78,32
1177,9728,specialized_enriched,max,0.09936439245939255,0.061753049492836,1.609060525894165,1.609060525894165,79,32
1178,10254,specialized_enriched,active_fraction,0.00434691971167922,0.002703775418922305,1.6077221632003784,1.6077221632003784,84,32
1179,6983,specialized_enriched,max,0.25794339179992676,0.16079941391944885,1.6041314601898193,1.6041314601898193,81,32
1180,13289,specialized_enriched,max,0.4210628867149353,0.263027161359787,1.6008342504501343,1.6008342504501343,80,32
1181,4239,specialized_enriched,max,0.5062637329101562,0.3168097734451294,1.5980054140090942,1.5980054140090942,171,32
1182,11825,specialized_enriched,max,0.32578930258750916,0.20387281477451324,1.5980026721954346,1.5980026721954346,53,32
1183,12160,specialized_enriched,max,0.463028222322464,0.2899307906627655,1.5970301628112793,1.5970301628112793,121,32
1184,14817,specialized_enriched,max,0.7020309567451477,0.44027578830718994,1.5945254564285278,1.5945254564285278,147,32
1185,562,specialized_enriched,max,0.17535841464996338,0.11006973683834076,1.593157410621643,1.593157410621643,32,32
1186,13768,specialized_enriched,active_fraction,0.003658700967207551,0.0022967939730733633,1.592960000038147,1.592960000038147,128,32
1187,6245,specialized_enriched,max,0.6943493485450745,0.43656328320503235,1.5904896259307861,1.5904896259307861,126,32
1188,7769,specialized_enriched,active_fraction,0.0055406708270311356,0.0034837110433727503,1.5904507637023926,1.5904507637023926,100,32
1189,1548,specialized_enriched,max,0.24703003466129303,0.1555369645357132,1.5882400274276733,1.5882400274276733,203,32
1190,4752,specialized_enriched,max,0.30628153681755066,0.19293563067913055,1.5874804258346558,1.5874804258346558,185,32
1191,9654,specialized_enriched,active_fraction,0.0037455870769917965,0.0023616894613951445,1.5859777927398682,1.5859777927398682,120,32
1192,3375,specialized_enriched,max,0.13418841361999512,0.08462924510240555,1.5856033563613892,1.5856033563613892,73,32
1193,14674,specialized_enriched,max,0.5249610543251038,0.33221811056137085,1.580169916152954,1.580169916152954,61,32
1194,4661,specialized_enriched,active_fraction,0.008684505708515644,0.005496107041835785,1.5801194906234741,1.5801194906234741,104,32
1195,8097,specialized_enriched,active_fraction,0.00723497336730361,0.0045807454735040665,1.579431414604187,1.579431414604187,37,32
1196,7498,specialized_enriched,max,0.224189892411232,0.14223819971084595,1.5761581659317017,1.5761581659317017,36,32
1197,13969,specialized_enriched,max,0.4418089687824249,0.28035029768943787,1.5759176015853882,1.5759176015853882,231,32
1198,11569,specialized_enriched,max,0.3952729105949402,0.2510249614715576,1.5746358633041382,1.5746358633041382,42,32
1199,11084,specialized_enriched,max,0.37500670552253723,0.23818299174308777,1.5744478702545166,1.5744478702545166,250,32
1200,374,specialized_enriched,max,0.2988247573375702,0.18985165655612946,1.573990821838379,1.573990821838379,65,32
1201,2994,specialized_enriched,max,0.22227199375629425,0.14168862998485565,1.5687355995178223,1.5687355995178223,132,32
1202,13704,specialized_enriched,max,0.5540146231651306,0.3535751402378082,1.5668935775756836,1.5668935775756836,143,32
1203,13311,specialized_enriched,active_fraction,0.0038740020245313644,0.002473743399605155,1.566048502922058,1.566048502922058,36,32
1204,216,specialized_enriched,max,0.15216168761253357,0.09717372059822083,1.5658727884292603,1.5658727884292603,37,32
1205,8364,specialized_enriched,active_fraction,0.004018881823867559,0.0025704617146402597,1.5634863376617432,1.5634863376617432,145,32
1206,12075,specialized_enriched,max,0.10518014430999756,0.0673016831278801,1.5628159046173096,1.5628159046173096,48,32
1207,15837,specialized_enriched,max,0.4773041605949402,0.305724561214447,1.561222791671753,1.561222791671753,161,32
1208,6865,specialized_enriched,active_fraction,0.010117468424141407,0.0064931041561067104,1.558186650276184,1.558186650276184,236,32
1209,2679,specialized_enriched,max,0.3928130269050598,0.2537599503993988,1.5479708909988403,1.5479708909988403,41,32
1210,1109,specialized_enriched,max,0.6616126894950867,0.4276188611984253,1.5472018718719482,1.5472018718719482,48,32
1211,2630,specialized_enriched,active_fraction,0.006064739543944597,0.003919866867363453,1.547179937362671,1.547179937362671,78,32
1212,16080,specialized_enriched,max,0.2269786298274994,0.14678102731704712,1.5463757514953613,1.5463757514953613,37,32
1213,2026,specialized_enriched,max,0.1391836404800415,0.09021979570388794,1.5427173376083374,1.5427173376083374,68,32
1214,7133,specialized_enriched,max,0.26003745198249817,0.16872712969779968,1.5411715507507324,1.5411715507507324,82,32
1215,15140,specialized_enriched,max,0.15034028887748718,0.09755765646696091,1.5410404205322266,1.5410404205322266,48,32
1216,2099,specialized_enriched,max,0.157295361161232,0.10235222429037094,1.5368045568466187,1.5368045568466187,192,32
1217,12754,specialized_enriched,max,0.1538320779800415,0.10016776621341705,1.535744309425354,1.535744309425354,51,32
1218,13389,specialized_enriched,active_fraction,0.004132431466132402,0.002690988825634122,1.5356553792953491,1.5356553792953491,64,32
1219,8369,specialized_enriched,max,0.26675257086753845,0.17449454963207245,1.52871572971344,1.52871572971344,36,32
1220,6365,specialized_enriched,max,0.42202600836753845,0.2761699855327606,1.528138518333435,1.528138518333435,47,32
1221,3854,specialized_enriched,max,0.05142474174499512,0.033768363296985626,1.5228674411773682,1.5228674411773682,33,32
1222,15342,specialized_enriched,max,0.2692493498325348,0.17686037719249725,1.522383689880371,1.522383689880371,104,32
1223,7502,specialized_enriched,max,0.39124247431755066,0.2576510012149811,1.5184978246688843,1.5184978246688843,52,32
1224,71,specialized_enriched,max,0.11467058956623077,0.07563015073537827,1.5162020921707153,1.5162020921707153,76,32
1225,14700,specialized_enriched,max,0.5424368381500244,0.35782390832901,1.515932321548462,1.515932321548462,40,32
1226,12325,specialized_enriched,max,0.11660189926624298,0.07722483575344086,1.509901523590088,1.509901523590088,47,32
1227,14318,specialized_enriched,max,0.3469381034374237,0.22997288405895233,1.5086044073104858,1.5086044073104858,46,32
1228,14008,specialized_enriched,max,0.3101198375225067,0.20604173839092255,1.5051311254501343,1.5051311254501343,117,32
1229,4111,specialized_enriched,max,0.2398853600025177,0.15999998152256012,1.4992836713790894,1.4992836713790894,97,32
1230,8992,specialized_enriched,max,0.08854670077562332,0.05920182168483734,1.4956753253936768,1.4956753253936768,36,32
1231,13299,specialized_enriched,max,0.3251718282699585,0.21789444983005524,1.492336392402649,1.492336392402649,98,32
1232,5244,specialized_enriched,max,0.12402847409248352,0.08315452188253403,1.491542100906372,1.491542100906372,33,32
1233,2991,specialized_enriched,max,0.2767162024974823,0.18622298538684845,1.4859400987625122,1.4859400987625122,198,32
1234,4534,specialized_enriched,max,0.27179816365242004,0.18324367702007294,1.4832607507705688,1.4832607507705688,169,32
1235,12368,specialized_enriched,max,0.17937037348747253,0.12101062387228012,1.4822696447372437,1.4822696447372437,172,32
1236,5048,specialized_enriched,active_fraction,0.005145384464412928,0.0034798234701156616,1.4786337614059448,1.4786337614059448,131,32
1237,11282,specialized_enriched,max,0.3686355650424957,0.24933423101902008,1.4784795045852661,1.4784795045852661,65,32
1238,954,specialized_enriched,max,0.4036038815975189,0.2729983925819397,1.4784111976623535,1.4784111976623535,142,32
1239,6537,specialized_enriched,max,0.21110528707504272,0.14307817816734314,1.4754540920257568,1.4754540920257568,89,32
1240,6355,specialized_enriched,max,0.16119657456874847,0.10934920608997345,1.4741449356079102,1.4741449356079102,68,32
1241,7839,specialized_enriched,max,0.14749953150749207,0.10009150952100754,1.4736467599868774,1.4736467599868774,138,32
1242,533,specialized_enriched,max,0.2480737268924713,0.1684037297964096,1.4730892181396484,1.4730892181396484,189,32
1243,13609,specialized_enriched,max,0.32882973551750183,0.22345586121082306,1.4715646505355835,1.4715646505355835,76,32
1244,7329,specialized_enriched,active_fraction,0.003954858053475618,0.002688318258151412,1.4711271524429321,1.4711271524429321,37,32
1245,10123,specialized_enriched,active_fraction,0.004663159139454365,0.003175461897626519,1.4684978723526,1.4684978723526,120,32
1246,204,specialized_enriched,max,0.3924204111099243,0.2675180733203888,1.4668930768966675,1.4668930768966675,147,32
1247,8372,specialized_enriched,max,0.2415129691362381,0.16536416113376617,1.46049165725708,1.46049165725708,118,32
1248,5234,specialized_enriched,max,0.05826655030250549,0.03989618271589279,1.4604542255401611,1.4604542255401611,54,32
1249,3069,specialized_enriched,max,0.17611683905124664,0.12068943679332733,1.4592564105987549,1.4592564105987549,118,32
1250,8255,specialized_enriched,max,0.4337548315525055,0.29739779233932495,1.4585005044937134,1.4585005044937134,105,32
1251,14547,specialized_enriched,max,0.23420721292495728,0.16072142124176025,1.4572246074676514,1.4572246074676514,48,32
1252,7154,specialized_enriched,max,0.4232509136199951,0.2905827462673187,1.4565589427947998,1.4565589427947998,213,32
1253,5886,specialized_enriched,max,0.15710826218128204,0.10787133127450943,1.4564412832260132,1.4564412832260132,102,32
1254,9868,specialized_enriched,max,0.15734738111495972,0.1080620288848877,1.45608389377594,1.45608389377594,182,32
1255,6890,specialized_enriched,max,0.3450973927974701,0.2375471591949463,1.4527531862258911,1.4527531862258911,151,32
1256,4282,specialized_enriched,max,0.1036548912525177,0.07143419235944748,1.451054334640503,1.451054334640503,43,32
1257,1419,specialized_enriched,max,0.38958802819252014,0.26855573058128357,1.4506784677505493,1.4506784677505493,191,32
1258,7737,specialized_enriched,max,0.12617792189121246,0.08704066276550293,1.4496433734893799,1.4496433734893799,59,32
1259,15444,specialized_enriched,max,0.1348486840724945,0.09303826838731766,1.4493894577026367,1.4493894577026367,110,32
1260,8977,specialized_enriched,max,0.1901586949825287,0.13134977221488953,1.4477276802062988,1.4477276802062988,82,32
1261,8152,specialized_enriched,max,0.3200540840625763,0.22130995988845825,1.4461802244186401,1.4461802244186401,36,32
1262,13502,specialized_enriched,max,0.18687748908996582,0.12937898933887482,1.4444191455841064,1.4444191455841064,108,32
1263,1290,specialized_enriched,max,0.2944386303424835,0.20438112318515778,1.4406352043151855,1.4406352043151855,34,32
1264,12408,specialized_enriched,max,0.5572111010551453,0.3877508044242859,1.437034010887146,1.437034010887146,52,32
1265,5514,specialized_enriched,max,0.5180479288101196,0.3608251214027405,1.435731291770935,1.435731291770935,103,32
1266,11575,specialized_enriched,max,0.21504174172878265,0.1505252867937088,1.428608775138855,1.428608775138855,117,32
1267,8358,specialized_enriched,max,0.6425227522850037,0.44998401403427124,1.4278790950775146,1.4278790950775146,69,32
1268,13012,specialized_enriched,max,0.5000318884849548,0.35047394037246704,1.4267306327819824,1.4267306327819824,131,32
1269,8590,specialized_enriched,max,0.2539985477924347,0.17807847261428833,1.4263293743133545,1.4263293743133545,149,32
1270,4990,specialized_enriched,max,0.1587635576725006,0.1114814281463623,1.4241256713867188,1.4241256713867188,91,32
1271,11941,specialized_enriched,max,0.3641000986099243,0.25570017099380493,1.423933744430542,1.423933744430542,116,32
1272,11428,specialized_enriched,max,0.28811612725257874,0.20372332632541656,1.4142520427703857,1.4142520427703857,117,32
1273,7403,specialized_enriched,max,0.13700903952121735,0.09725277870893478,1.4087930917739868,1.4087930917739868,161,32
1274,2643,specialized_enriched,max,0.42837199568748474,0.30477145314216614,1.405551552772522,1.405551552772522,97,32
1275,507,specialized_enriched,max,0.2731396555900574,0.19488520920276642,1.4015412330627441,1.4015412330627441,259,32
1276,1582,specialized_enriched,active_fraction,0.003927958197891712,0.0028119359631091356,1.3968875408172607,1.3968875408172607,50,32
1277,2411,specialized_enriched,max,0.22534599900245667,0.16173768043518066,1.3932807445526123,1.3932807445526123,118,32
1278,11264,specialized_enriched,active_fraction,0.0035653654485940933,0.0025609107688069344,1.3922256231307983,1.3922256231307983,84,32
1279,15063,specialized_enriched,max,0.11617738008499146,0.08353051543235779,1.390837550163269,1.390837550163269,129,32
1280,5725,specialized_enriched,max,0.4740757942199707,0.34090325236320496,1.3906461000442505,1.3906461000442505,51,32
1281,16347,specialized_enriched,max,0.2094927877187729,0.15092603862285614,1.3880493640899658,1.3880493640899658,74,32
1282,329,specialized_enriched,max,0.36585354804992676,0.2642870545387268,1.3843036890029907,1.3843036890029907,92,32
1283,12794,specialized_enriched,max,0.32441842555999756,0.23491694033145905,1.38099205493927,1.38099205493927,143,32
1284,15321,specialized_enriched,mean,0.025013979524374008,0.018145129084587097,1.37855064868927,1.37855064868927,61,32
1285,4525,specialized_enriched,max,0.1877584010362625,0.1363375037908554,1.3771588802337646,1.3771588802337646,149,32
1286,13508,specialized_enriched,max,0.2936466336250305,0.2134159803390503,1.3759355545043945,1.3759355545043945,48,32
1287,107,specialized_enriched,max,0.08422767370939255,0.06136781722307205,1.3725056648254395,1.3725056648254395,112,32
1288,1239,specialized_enriched,active_fraction,0.0032067839056253433,0.002339327707886696,1.370814323425293,1.370814323425293,141,32
1289,12369,specialized_enriched,max,0.22966334223747253,0.16784927248954773,1.3682713508605957,1.3682713508605957,52,32
1290,2228,specialized_enriched,mean,0.12193497270345688,0.08948983252048492,1.3625566959381104,1.3625566959381104,270,32
1291,5269,specialized_enriched,max,0.3115670680999756,0.2288418412208557,1.3614952564239502,1.3614952564239502,123,32
1292,9137,specialized_enriched,max,0.13649725914001465,0.10045462101697922,1.358795166015625,1.358795166015625,65,32
1293,7354,specialized_enriched,max,0.3167988955974579,0.23366165161132812,1.3558018207550049,1.3558018207550049,154,32
1294,8022,specialized_enriched,max,0.17967407405376434,0.13292832672595978,1.3516613245010376,1.3516613245010376,63,32
1295,10369,specialized_enriched,max,0.13954608142375946,0.10355161875486374,1.3475992679595947,1.3475992679595947,73,32
1296,14083,specialized_enriched,active_fraction,0.012349970638751984,0.009164493530988693,1.3475890159606934,1.3475890159606934,224,32
1297,10693,specialized_enriched,max,0.2641551196575165,0.19640284776687622,1.3449658155441284,1.3449658155441284,139,32
1298,5795,specialized_enriched,mean,0.09020010381937027,0.06728032976388931,1.340660810470581,1.340660810470581,32,32
1299,6947,specialized_enriched,max,0.11562533676624298,0.08625148236751556,1.3405605554580688,1.3405605554580688,202,32
1300,328,specialized_enriched,mean,0.0220877006649971,0.016509993001818657,1.3378382921218872,1.3378382921218872,33,32
1301,9060,specialized_enriched,max,0.3105905055999756,0.23219338059425354,1.337637186050415,1.337637186050415,34,32
1302,9459,specialized_enriched,mean,0.033829811960458755,0.02533577010035515,1.3352588415145874,1.3352588415145874,102,32
1303,3031,specialized_enriched,active_fraction,0.004517755005508661,0.0033858700189739466,1.334296703338623,1.334296703338623,39,32
1304,1375,specialized_enriched,max,0.4661391079425812,0.34969469904899597,1.3329887390136719,1.3329887390136719,187,32
1305,10283,specialized_enriched,max,0.27703332901000977,0.20855112373828888,1.328371286392212,1.328371286392212,131,32
1306,5284,specialized_enriched,active_fraction,0.00861694198101759,0.006492799147963524,1.3271536827087402,1.3271536827087402,102,32
1307,14137,specialized_enriched,max,0.2283511906862259,0.1724352091550827,1.3242723941802979,1.3242723941802979,110,32
1308,10245,specialized_enriched,max,0.055873803794384,0.04221197962760925,1.3236479759216309,1.3236479759216309,72,32
1309,14821,specialized_enriched,max,0.20781317353248596,0.1571277529001236,1.3225746154785156,1.3225746154785156,265,32
1310,13480,specialized_enriched,max,0.15606039762496948,0.1181998923420906,1.3203091621398926,1.3203091621398926,35,32
1311,4765,specialized_enriched,max,0.22122664749622345,0.16766536235809326,1.319453477859497,1.319453477859497,42,32
1312,9372,specialized_enriched,active_fraction,0.004680227022618055,0.0035540631506592035,1.3168666362762451,1.3168666362762451,86,32
1313,7563,specialized_enriched,max,0.20109133422374725,0.15275265276432037,1.3164507150650024,1.3164507150650024,80,32
1314,5105,specialized_enriched,max,0.13629087805747986,0.10366019606590271,1.314785122871399,1.314785122871399,122,32
1315,2935,specialized_enriched,max,0.14238013327121735,0.10844262689352036,1.3129535913467407,1.3129535913467407,54,32
1316,595,specialized_enriched,active_fraction,0.0011953242355957627,0.0009133501444011927,1.308725118637085,1.308725118637085,33,32
1317,13479,specialized_enriched,max,0.16638225317001343,0.12758946418762207,1.3040437698364258,1.3040437698364258,85,32
1318,14918,specialized_enriched,max,0.2879735231399536,0.22083906829357147,1.3039971590042114,1.3039971590042114,69,32
1319,11527,specialized_enriched,max,0.10244341939687729,0.07857605069875717,1.303748607635498,1.303748607635498,109,32
1320,13414,specialized_enriched,max,0.1561359018087387,0.11977308243513107,1.3035975694656372,1.3035975694656372,127,32
1321,5365,specialized_enriched,max,0.09645316749811172,0.07409481704235077,1.301753282546997,1.301753282546997,130,32
1322,3101,specialized_enriched,max,0.5494238138198853,0.4222709834575653,1.301116704940796,1.301116704940796,164,32
1323,4313,specialized_enriched,max,0.3584437370300293,0.2755432426929474,1.3008619546890259,1.3008619546890259,127,32
1324,14521,specialized_enriched,active_fraction,0.003930029459297657,0.003023196943104267,1.2999581098556519,1.2999581098556519,112,32
1325,9777,specialized_enriched,active_fraction,0.004110984969884157,0.003164062974974513,1.2992740869522095,1.2992740869522095,71,32
1326,3575,specialized_enriched,max,0.3146108388900757,0.2422965168952942,1.2984538078308105,1.2984538078308105,134,32
1327,5192,specialized_enriched,max,0.15494288504123688,0.11944406479597092,1.297200322151184,1.297200322151184,227,32
1328,10160,specialized_enriched,max,0.21891778707504272,0.16928377747535706,1.2932000160217285,1.2932000160217285,37,32
1329,16304,specialized_enriched,max,0.2985714077949524,0.23107221722602844,1.292112946510315,1.292112946510315,217,32
1330,3097,specialized_enriched,active_fraction,0.0038104236591607332,0.0029515402857214212,1.2909950017929077,1.2909950017929077,196,32
1331,11905,specialized_enriched,max,0.3635161519050598,0.28170326352119446,1.2904222011566162,1.2904222011566162,84,32
1332,13425,specialized_enriched,max,0.37461405992507935,0.29129692912101746,1.28602135181427,1.28602135181427,139,32
1333,4352,specialized_enriched,max,0.11227615922689438,0.08775131404399872,1.2794811725616455,1.2794811725616455,126,32
1334,11218,specialized_enriched,max,0.264482319355011,0.20723439753055573,1.2762471437454224,1.2762471437454224,100,32
1335,7000,specialized_enriched,active_fraction,0.005791995208710432,0.004541484639048576,1.2753528356552124,1.2753528356552124,192,32
1336,9577,specialized_enriched,max,0.19678069651126862,0.15445396304130554,1.2740410566329956,1.2740410566329956,168,32
1337,14273,specialized_enriched,max,0.06220636144280434,0.04885830357670784,1.2731993198394775,1.2731993198394775,37,32
1338,3360,specialized_enriched,max,0.23335815966129303,0.18354187905788422,1.271416425704956,1.271416425704956,70,32
1339,10651,specialized_enriched,max,0.33906519412994385,0.267619252204895,1.2669686079025269,1.2669686079025269,116,32
1340,8134,specialized_enriched,max,0.09414263814687729,0.07434630393981934,1.266271948814392,1.266271948814392,35,32
1341,8494,specialized_enriched,max,0.39785104990005493,0.3144036531448364,1.265414834022522,1.265414834022522,172,32
1342,6498,specialized_enriched,max,0.278827041387558,0.221949502825737,1.2562633752822876,1.2562633752822876,119,32
1343,8308,specialized_enriched,max,0.11419405043125153,0.09106533974409103,1.2539793252944946,1.2539793252944946,34,32
1344,13837,specialized_enriched,max,0.24255496263504028,0.19401875138282776,1.2501624822616577,1.2501624822616577,67,32
1345,2277,specialized_enriched,max,0.44602227210998535,0.35684290528297424,1.249912142753601,1.249912142753601,82,32
1346,7781,specialized_enriched,max,1.372719645500183,1.0989290475845337,1.249143123626709,1.249143123626709,126,32
1347,2812,specialized_enriched,max,0.18427500128746033,0.14759275317192078,1.2485369443893433,1.2485369443893433,139,32
1348,7616,specialized_enriched,max,0.1425110101699829,0.11415187269449234,1.2484333515167236,1.2484333515167236,44,32
1349,5219,specialized_enriched,max,0.3011067807674408,0.2417563945055008,1.2454966306686401,1.2454966306686401,117,32
1350,5617,specialized_enriched,active_fraction,0.0024400430265814066,0.0019671721383929253,1.2403810024261475,1.2403810024261475,46,32
1351,8458,specialized_enriched,active_fraction,0.006417028605937958,0.005177112761884928,1.2394994497299194,1.2394994497299194,55,32
1352,2028,specialized_enriched,max,0.15532712638378143,0.12536954879760742,1.2389541864395142,1.2389541864395142,95,32
1353,13514,specialized_enriched,max,0.13726910948753357,0.11085538566112518,1.238271951675415,1.238271951675415,134,32
1354,6653,specialized_enriched,active_fraction,0.003123699687421322,0.0025233684573322535,1.2379087209701538,1.2379087209701538,83,32
1355,324,specialized_enriched,max,0.19265463948249817,0.15577727556228638,1.2367312908172607,1.2367312908172607,129,32
1356,8288,specialized_enriched,max,0.17874784767627716,0.14453446865081787,1.2367143630981445,1.2367143630981445,42,32
1357,4113,specialized_enriched,max,0.28955918550491333,0.2344994843006134,1.2347966432571411,1.2347966432571411,123,32
1358,2002,specialized_enriched,max,0.2948480546474457,0.2388148158788681,1.2346304655075073,1.2346304655075073,61,32
1359,4099,specialized_enriched,active_fraction,0.005431997589766979,0.004403327591717243,1.2336119413375854,1.2336119413375854,116,32
1360,3044,specialized_enriched,max,0.333514541387558,0.2703894078731537,1.2334600687026978,1.2334600687026978,154,32
1361,14931,specialized_enriched,max,0.1974971741437912,0.1601613163948059,1.2331141233444214,1.2331141233444214,39,32
1362,3324,specialized_enriched,max,0.668181836605072,0.5424323081970215,1.231825351715088,1.231825351715088,80,32
1363,11992,specialized_enriched,max,0.14599525928497314,0.11865843087434769,1.2303825616836548,1.2303825616836548,179,32
1364,15031,specialized_enriched,max,0.11064520478248596,0.09022574126720428,1.2263152599334717,1.2263152599334717,155,32
1365,8407,specialized_enriched,max,0.25617146492004395,0.2089565396308899,1.2259557247161865,1.2259557247161865,63,32
1366,14659,specialized_enriched,active_fraction,0.0035131920594722033,0.00286626978777349,1.2257018089294434,1.2257018089294434,120,32
1367,12058,specialized_enriched,max,0.28291451930999756,0.23162877559661865,1.221413493156433,1.221413493156433,110,32
1368,1094,specialized_enriched,max,0.41175028681755066,0.33766645193099976,1.2193994522094727,1.2193994522094727,65,32
1369,2953,specialized_enriched,max,0.27154478430747986,0.2233317792415619,1.2158806324005127,1.2158806324005127,205,32
1370,15457,specialized_enriched,active_fraction,0.009167412295937538,0.007558347657322884,1.2128857374191284,1.2128857374191284,177,32
1371,3200,specialized_enriched,max,0.266094833612442,0.2197614163160324,1.2108350992202759,1.2108350992202759,88,32
1372,3060,specialized_enriched,max,0.2673214077949524,0.22085268795490265,1.210405945777893,1.210405945777893,286,32
1373,11269,specialized_enriched,max,0.4845562279224396,0.40086132287979126,1.2087876796722412,1.2087876796722412,65,32
1374,15808,specialized_enriched,max,0.20102086663246155,0.1664511263370514,1.2076870203018188,1.2076870203018188,127,32
1375,12863,specialized_enriched,max,0.22993852198123932,0.19088499248027802,1.204591989517212,1.204591989517212,133,32
1376,460,specialized_enriched,active_fraction,0.004778046160936356,0.003985954448580742,1.1987206935882568,1.1987206935882568,55,32
1377,6061,specialized_enriched,active_fraction,0.007774326950311661,0.0064873178489506245,1.1983884572982788,1.1983884572982788,136,32
1378,4479,specialized_enriched,mean,0.03205179423093796,0.02674608863890171,1.1983731985092163,1.1983731985092163,285,32
1379,14030,specialized_enriched,max,0.06701870262622833,0.056307435035705566,1.1902283430099487,1.1902283430099487,64,32
1380,1104,specialized_enriched,active_fraction,0.003070241305977106,0.002591016236692667,1.184956431388855,1.184956431388855,75,32
1381,9583,specialized_enriched,max,0.14207306504249573,0.12000250071287155,1.18391752243042,1.18391752243042,79,32
1382,11208,specialized_enriched,active_fraction,0.00966725591570139,0.008169270120561123,1.1833683252334595,1.1833683252334595,265,32
1383,14800,specialized_enriched,active_fraction,0.0038369300309568644,0.003250581445172429,1.1803827285766602,1.1803827285766602,121,32
1384,13562,specialized_enriched,max,0.2691587507724762,0.22868286073207855,1.1769957542419434,1.1769957542419434,134,32
1385,9533,specialized_enriched,max,0.1523219347000122,0.12947779893875122,1.1764328479766846,1.1764328479766846,151,32
1386,206,specialized_enriched,max,0.09078171849250793,0.07720378041267395,1.1758713722229004,1.1758713722229004,72,32
1387,10370,specialized_enriched,max,0.05791753903031349,0.04931577295064926,1.174422264099121,1.174422264099121,45,32
1388,5459,specialized_enriched,max,0.2265356481075287,0.19299069046974182,1.173816442489624,1.173816442489624,83,32
1389,15148,specialized_enriched,max,1.0792592763900757,0.9252626299858093,1.1664355993270874,1.1664355993270874,128,32
1390,879,specialized_enriched,max,0.1708044707775116,0.14654338359832764,1.165555715560913,1.165555715560913,98,32
1391,4698,specialized_enriched,max,0.30539223551750183,0.2624253034591675,1.1637301445007324,1.1637301445007324,239,32
1392,5566,specialized_enriched,max,0.4632866084575653,0.39837566018104553,1.1629390716552734,1.1629390716552734,159,32
1393,6683,specialized_enriched,max,0.16842347383499146,0.14487671852111816,1.1625295877456665,1.1625295877456665,102,32
1394,1420,specialized_enriched,max,0.11363277584314346,0.0978456437587738,1.1613472700119019,1.1613472700119019,75,32
1395,12534,specialized_enriched,max,0.24326306581497192,0.20958654582500458,1.1606807708740234,1.1606807708740234,127,32
1396,9158,specialized_enriched,max,0.14843498170375824,0.12794801592826843,1.1601194143295288,1.1601194143295288,209,32
1397,8533,specialized_enriched,max,0.24646960198879242,0.21338871121406555,1.1550264358520508,1.1550264358520508,37,32
1398,15185,specialized_enriched,max,0.2791173458099365,0.24269330501556396,1.1500825881958008,1.1500825881958008,132,32
1399,3851,specialized_enriched,max,0.11560352146625519,0.10073944181203842,1.1475497484207153,1.1475497484207153,85,32
1400,1320,specialized_enriched,max,0.22246161103248596,0.19402629137039185,1.1465539932250977,1.1465539932250977,72,32
1401,18,specialized_enriched,max,0.16511960327625275,0.14412879943847656,1.145639181137085,1.145639181137085,128,32
1402,128,specialized_enriched,max,0.07179915904998779,0.06287289410829544,1.1419731378555298,1.1419731378555298,84,32
1403,4811,specialized_enriched,mean,0.03494703024625778,0.030612612143158913,1.1415892839431763,1.1415892839431763,168,32
1404,13731,specialized_enriched,max,0.24750153720378876,0.21687260270118713,1.1412301063537598,1.1412301063537598,183,32
1405,4408,specialized_enriched,max,0.17883846163749695,0.15723425149917603,1.1374014616012573,1.1374014616012573,155,32
1406,16013,specialized_enriched,max,0.16937653720378876,0.1495697796344757,1.1324248313903809,1.1324248313903809,42,32
1407,9280,specialized_enriched,max,0.09272310137748718,0.08203685283660889,1.1302615404129028,1.1302615404129028,82,32
1408,5687,specialized_enriched,max,0.48422566056251526,0.42921876907348633,1.1281558275222778,1.1281558275222778,100,32
1409,10430,specialized_enriched,max,0.3137081265449524,0.27812954783439636,1.1279208660125732,1.1279208660125732,61,32
1410,7710,specialized_enriched,max,0.24532021582126617,0.2177864909172058,1.1264252662658691,1.1264252662658691,111,32
1411,9232,specialized_enriched,max,0.0455024428665638,0.040429096668958664,1.1254874467849731,1.1254874467849731,42,32
1412,4547,specialized_enriched,max,0.4304593503475189,0.3830874264240265,1.123658299446106,1.123658299446106,86,32
1413,2471,specialized_enriched,max,0.10646712779998779,0.09498205035924911,1.1209183931350708,1.1209183931350708,103,32
1414,1456,specialized_enriched,active_fraction,0.002367419423535466,0.0021198936738073826,1.1167632341384888,1.1167632341384888,43,32
1415,14874,specialized_enriched,max,0.11558674275875092,0.1035156324505806,1.1166114807128906,1.1166114807128906,80,32
1416,1970,specialized_enriched,max,0.2572084367275238,0.2313985377550125,1.1115387678146362,1.1115387678146362,38,32
1417,12766,specialized_enriched,max,0.10447373241186142,0.09404013305902481,1.1109483242034912,1.1109483242034912,87,32
1418,7175,specialized_enriched,max,0.23971085250377655,0.21578477323055267,1.1108794212341309,1.1108794212341309,250,32
1419,14788,specialized_enriched,max,0.12514598667621613,0.11270775645971298,1.1103582382202148,1.1103582382202148,120,32
1420,10586,specialized_enriched,max,0.27115046977996826,0.24504853785037994,1.1065174341201782,1.1065174341201782,113,32
1421,4902,specialized_enriched,max,0.29421547055244446,0.26673415303230286,1.1030288934707642,1.1030288934707642,75,32
1422,14448,specialized_enriched,max,0.10354582965373993,0.09394092112779617,1.1022441387176514,1.1022441387176514,37,32
1423,15163,specialized_enriched,max,0.09317782521247864,0.0846782997250557,1.1003743410110474,1.1003743410110474,230,32
1424,8797,specialized_enriched,max,0.3327057957649231,0.30271121859550476,1.0990864038467407,1.0990864038467407,56,32
1425,942,specialized_enriched,max,0.16930103302001953,0.15430504083633423,1.0971840620040894,1.0971840620040894,255,32
1426,6119,specialized_enriched,max,0.05875483155250549,0.05368427932262421,1.0944513082504272,1.0944513082504272,104,32
1427,14725,specialized_enriched,max,0.3225726783275604,0.2965283691883087,1.0878307819366455,1.0878307819366455,79,32
1428,2346,specialized_enriched,max,0.1466236412525177,0.135107159614563,1.0852396488189697,1.0852396488189697,72,32
1429,4177,specialized_enriched,max,0.22064271569252014,0.20356005430221558,1.0839195251464844,1.0839195251464844,71,32
1430,2632,specialized_enriched,max,0.109375,0.1015523374080658,1.077030897140503,1.077030897140503,70,32
1431,11551,specialized_enriched,active_fraction,0.0038923020474612713,0.003622129326686263,1.074589490890503,1.074589490890503,89,32
1432,1832,specialized_enriched,max,0.24684882164001465,0.22981178760528564,1.0741347074508667,1.0741347074508667,104,32
1433,8003,specialized_enriched,max,0.06753885746002197,0.06290611624717712,1.0736453533172607,1.0736453533172607,104,32
1434,1824,specialized_enriched,max,0.1589682698249817,0.14836901426315308,1.0714384317398071,1.0714384317398071,48,32
1435,6710,specialized_enriched,max,0.26077574491500854,0.24380920827388763,1.069589376449585,1.069589376449585,130,32
1436,10880,specialized_enriched,max,0.10073024034500122,0.09440543502569199,1.0669962167739868,1.0669962167739868,36,32
1437,1159,specialized_enriched,max,0.1584346741437912,0.1486710160970688,1.0656728744506836,1.0656728744506836,80,32
1438,10247,specialized_enriched,max,0.6384034156799316,0.5994498133659363,1.064982295036316,1.064982295036316,60,32
1439,11521,specialized_enriched,max,0.21318258345127106,0.20231318473815918,1.0537256002426147,1.0537256002426147,33,32
1440,1862,specialized_enriched,max,0.2843692898750305,0.2707832157611847,1.050173282623291,1.050173282623291,148,32
1441,1438,specialized_enriched,max,0.048487503081560135,0.046276338398456573,1.0477817058563232,1.0477817058563232,35,32
1442,12280,specialized_enriched,max,0.14218716323375702,0.135765939950943,1.0472962856292725,1.0472962856292725,40,32
1443,1810,specialized_enriched,max,0.37819814682006836,0.3618745803833008,1.0451083183288574,1.0451083183288574,48,32
1444,8175,specialized_enriched,max,0.05816084146499634,0.05568694323301315,1.044425129890442,1.044425129890442,59,32
1445,14138,specialized_enriched,max,0.11652471125125885,0.11165967583656311,1.0435701608657837,1.0435701608657837,99,32
1446,2855,specialized_enriched,active_fraction,0.005866610910743475,0.005660435650497675,1.036423921585083,1.036423921585083,113,32
1447,13711,specialized_enriched,max,0.15726850926876068,0.15218958258628845,1.033372402191162,1.033372402191162,85,32
1448,12678,specialized_enriched,mean,0.011471620760858059,0.011114295572042465,1.0321500301361084,1.0321500301361084,36,32
1449,2918,specialized_enriched,active_fraction,0.0016769461799412966,0.0016267872415482998,1.030833125114441,1.030833125114441,42,32
1450,13702,specialized_enriched,max,0.9507356286048889,0.9245764017105103,1.028293251991272,1.028293251991272,125,32
1451,8459,specialized_enriched,max,0.05551472678780556,0.05407510697841644,1.0266226530075073,1.0266226530075073,45,32
1452,6300,specialized_enriched,max,0.12472649663686752,0.12188198417425156,1.0233381986618042,1.0233381986618042,126,32
1453,3189,specialized_enriched,max,0.09869992733001709,0.0967157781124115,1.0205152034759521,1.0205152034759521,54,32
1454,1981,specialized_enriched,max,0.09238415211439133,0.09060356020927429,1.0196526050567627,1.0196526050567627,35,32
1455,15116,specialized_enriched,max,0.10262631624937057,0.10085693001747131,1.0175435543060303,1.0175435543060303,43,32
1456,13177,specialized_enriched,active_fraction,0.0019168395083397627,0.0018862741999328136,1.0162041187286377,1.0162041187286377,54,32
1457,13733,specialized_enriched,max,0.10673559457063675,0.10529381036758423,1.0136929750442505,1.0136929750442505,36,32
1458,2646,specialized_enriched,max,0.04452252388000488,0.043999671936035156,1.0118831396102905,1.0118831396102905,77,32
1459,16210,specialized_enriched,max,0.11001597344875336,0.10888358950614929,1.0103999376296997,1.0103999376296997,46,32
1460,705,specialized_enriched,max,0.18832218647003174,0.18648269772529602,1.009864091873169,1.009864091873169,84,32
1461,9788,specialized_enriched,max,0.04126899316906929,0.04096991568803787,1.0072999000549316,1.0072999000549316,42,32
1462,14711,specialized_enriched,max,0.48705971240997314,0.48381271958351135,1.0067112445831299,1.0067112445831299,37,32
1463,6869,specialized_enriched,max,0.23199567198753357,0.23061653971672058,1.0059802532196045,1.0059802532196045,60,32
1464,4663,specialized_enriched,active_fraction,0.0021923366002738476,0.002180827548727393,1.005277395248413,1.005277395248413,39,32
1465,6390,specialized_enriched,max,0.08501631021499634,0.08467807620763779,1.003994345664978,1.003994345664978,54,32
1466,13172,specialized_enriched,max,0.06843320280313492,0.06819461286067963,1.0034986734390259,1.0034986734390259,80,32
1467,4687,specialized_enriched,max,0.1337622106075287,0.1338750123977661,0.9991574287414551,0.9991574287414551,81,32
1468,14629,specialized_enriched,max,0.15775512158870697,0.15836657583713531,0.9961389899253845,0.9961389899253845,146,32
1469,11353,specialized_enriched,max,0.10215481370687485,0.10268016159534454,0.99488365650177,0.99488365650177,196,32
1470,12686,specialized_enriched,active_fraction,0.0020793378353118896,0.0021142377518117428,0.983492910861969,0.983492910861969,32,32
1471,3744,specialized_enriched,max,0.2895432412624359,0.29446420073509216,0.9832884073257446,0.9832884073257446,100,32
1472,2845,specialized_enriched,max,0.29207608103752136,0.3015691637992859,0.9685210585594177,0.9685210585594177,39,32
1473,12305,specialized_enriched,max,0.19026190042495728,0.1966666430234909,0.967433512210846,0.967433512210846,37,32
1474,4481,specialized_enriched,max,0.10859140008687973,0.11245737224817276,0.9656227827072144,0.9656227827072144,57,32
1475,16139,specialized_enriched,max,0.10752087086439133,0.11162784695625305,0.9632083177566528,0.9632083177566528,39,32
1476,15043,specialized_enriched,max,0.2114710807800293,0.21967223286628723,0.962666392326355,0.962666392326355,89,32
1477,11318,specialized_enriched,max,0.17260658740997314,0.17956635355949402,0.9612412452697754,0.9612412452697754,147,32
1478,3589,specialized_enriched,max,0.10631024092435837,0.11065727472305298,0.9607162475585938,0.9607162475585938,89,32
1479,9456,specialized_enriched,max,0.06835602223873138,0.07116743922233582,0.9604957699775696,0.9604957699775696,32,32
1480,15742,specialized_enriched,max,0.1624382585287094,0.1693844199180603,0.9589917063713074,0.9589917063713074,126,32
1481,5408,specialized_enriched,max,0.17365865409374237,0.18209286034107208,0.9536818265914917,0.9536818265914917,55,32
1482,3978,specialized_enriched,max,0.5812929272651672,0.6121178269386292,0.9496422410011292,0.9496422410011292,81,32
1483,14693,specialized_enriched,max,0.2675361633300781,0.2838849127292633,0.9424106478691101,0.9424106478691101,88,32
1484,5582,specialized_enriched,max,0.05532511696219444,0.0595429427921772,0.9291632771492004,0.9291632771492004,55,32
1485,9216,specialized_enriched,max,0.08827655017375946,0.09525182098150253,0.9267702102661133,0.9267702102661133,47,32
1486,569,specialized_enriched,mean,0.015835057944059372,0.017109032720327377,0.9255378842353821,0.9255378842353821,39,32
1487,13684,specialized_enriched,active_fraction,0.0027080154977738857,0.002932358533143997,0.9234939813613892,0.9234939813613892,113,32
1488,5163,specialized_enriched,active_fraction,0.0030911369249224663,0.003358864225447178,0.920292317867279,0.920292317867279,109,32
1489,4561,specialized_enriched,max,0.06972522288560867,0.07581579685211182,0.9196661710739136,0.9196661710739136,41,32
1490,14375,specialized_enriched,max,0.04848247021436691,0.05274832993745804,0.9191280603408813,0.9191280603408813,38,32
1491,6717,specialized_enriched,max,0.4168109595775604,0.45454081892967224,0.9169934391975403,0.9169934391975403,153,32
1492,3701,specialized_enriched,active_fraction,0.0031063957139849663,0.0033884821459650993,0.9167513847351074,0.9167513847351074,78,32
1493,4634,specialized_enriched,active_fraction,0.006913830526173115,0.007644379511475563,0.9044331908226013,0.9044331908226013,174,32
1494,12942,specialized_enriched,max,0.07458789646625519,0.08247613906860352,0.9043572545051575,0.9043572545051575,51,32
1495,3203,specialized_enriched,active_fraction,0.004323795437812805,0.004809557925909758,0.8990005850791931,0.8990005850791931,118,32
1496,2526,specialized_enriched,max,0.09056191146373749,0.10141738504171371,0.8929623961448669,0.8929623961448669,112,32
1497,14467,specialized_enriched,max,0.15654699504375458,0.17604786157608032,0.8892297744750977,0.8892297744750977,101,32
1498,11420,specialized_enriched,active_fraction,0.0024901190772652626,0.0028060171753168106,0.887421190738678,0.887421190738678,42,32
1499,1881,specialized_enriched,max,0.3098085820674896,0.34953632950782776,0.8863415718078613,0.8863415718078613,34,32
1500,10969,specialized_enriched,max,0.18481865525245667,0.20987915992736816,0.8805955648422241,0.8805955648422241,32,32
1501,13949,specialized_enriched,max,0.09904055297374725,0.11256366968154907,0.8798624873161316,0.8798624873161316,87,32
1502,7185,specialized_enriched,max,0.23454447090625763,0.26714301109313965,0.8779734373092651,0.8779734373092651,109,32
1503,4975,specialized_enriched,active_fraction,0.003676162101328373,0.0041977157816290855,0.8757529854774475,0.8757529854774475,100,32
1504,4350,specialized_enriched,max,0.07733636349439621,0.08876112848520279,0.8712863922119141,0.8712863922119141,116,32
1505,3405,specialized_enriched,max,0.05641745775938034,0.06476479023694992,0.871113121509552,0.871113121509552,99,32
1506,7834,specialized_enriched,max,0.16154055297374725,0.1854926198720932,0.870873212814331,0.870873212814331,140,32
1507,7153,specialized_enriched,max,0.14576956629753113,0.16821371018886566,0.8665736317634583,0.8665736317634583,130,32
1508,5661,specialized_enriched,mean,0.004698605742305517,0.005439897999167442,0.8637304902076721,0.8637304902076721,33,32
1509,12210,specialized_enriched,max,0.14028941094875336,0.16253580152988434,0.8631293177604675,0.8631293177604675,67,32
1510,6976,specialized_enriched,max,0.1660642921924591,0.1929357498884201,0.8607232570648193,0.8607232570648193,88,32
1511,11839,specialized_enriched,max,0.10196520388126373,0.11864972114562988,0.8593800663948059,0.8593800663948059,195,32
1512,1423,specialized_enriched,mean,0.020486969500780106,0.02384076453745365,0.8593251705169678,0.8593251705169678,127,32
1513,9077,specialized_enriched,max,0.1269514411687851,0.1482686549425125,0.8562257289886475,0.8562257289886475,79,32
1514,3394,specialized_enriched,max,0.09656894207000732,0.11333497613668442,0.8520665764808655,0.8520665764808655,62,32
1515,12555,specialized_enriched,max,0.2457934021949768,0.2901957333087921,0.846991777420044,0.846991777420044,112,32
1516,14327,specialized_enriched,max,0.2652256488800049,0.31474220752716064,0.8426758050918579,0.8426758050918579,46,32
1517,12246,specialized_enriched,max,0.2797868251800537,0.33231332898139954,0.8419368267059326,0.8419368267059326,71,32
1518,8049,specialized_enriched,mean,0.020127862691879272,0.023913169279694557,0.8417062163352966,0.8417062163352966,147,32
1519,9149,specialized_enriched,active_fraction,0.0020160479471087456,0.00240629306063056,0.8378230929374695,0.8378230929374695,42,32
1520,12038,specialized_enriched,max,0.06838790327310562,0.0819447860121727,0.834560751914978,0.834560751914978,164,32
1521,7453,specialized_enriched,max,0.1660374402999878,0.19926685094833374,0.8332416415214539,0.8332416415214539,184,32
1522,442,specialized_enriched,active_fraction,0.0026678498834371567,0.0032047235872596502,0.8324742317199707,0.8324742317199707,145,32
1523,2774,specialized_enriched,max,0.31053513288497925,0.3752540349960327,0.8275330662727356,0.8275330662727356,105,32
1524,12016,specialized_enriched,max,0.040235381573438644,0.04871112480759621,0.8259998559951782,0.8259998559951782,54,32
1525,5957,specialized_enriched,max,0.12214414030313492,0.14847370982170105,0.8226650953292847,0.8226650953292847,62,32
1526,13713,specialized_enriched,max,0.2127765268087387,0.2600213885307312,0.8183039426803589,0.8183039426803589,42,32
1527,3788,specialized_enriched,active_fraction,0.0022482331842184067,0.002758490387350321,0.8150230050086975,0.8150230050086975,38,32
1528,8491,specialized_enriched,active_fraction,0.002519037341699004,0.003096334170550108,0.8135547637939453,0.8135547637939453,46,32
1529,4955,specialized_enriched,max,0.16587132215499878,0.20433367788791656,0.8117669224739075,0.8117669224739075,138,32
1530,13883,specialized_enriched,max,0.06268960982561111,0.07738572359085083,0.8100926876068115,0.8100926876068115,83,32
1531,10040,specialized_enriched,max,0.24114717543125153,0.2989024519920349,0.8067755103111267,0.8067755103111267,202,32
1532,2182,specialized_enriched,mean,0.03685540333390236,0.045706138014793396,0.8063556551933289,0.8063556551933289,224,32
1533,13365,specialized_enriched,active_fraction,0.004389995709061623,0.005457533057779074,0.8043919801712036,0.8043919801712036,136,32
1534,1848,specialized_enriched,max,0.11965323984622955,0.1506836861371994,0.7940689921379089,0.7940689921379089,55,32
1535,10687,specialized_enriched,max,0.14317211508750916,0.18072088062763214,0.7922278642654419,0.7922278642654419,61,32
1536,6724,specialized_enriched,max,0.20388007164001465,0.25788700580596924,0.790579080581665,0.790579080581665,46,32
1537,9658,specialized_enriched,max,0.30270248651504517,0.38355106115341187,0.7892103791236877,0.7892103791236877,178,32
1538,279,specialized_enriched,active_fraction,0.0022576190531253815,0.0028703631833195686,0.7865273356437683,0.7865273356437683,81,32
1539,548,specialized_enriched,active_fraction,0.0027413908392190933,0.0035289295483380556,0.7768335342407227,0.7768335342407227,59,32
1540,14129,specialized_enriched,max,0.13084930181503296,0.16880598664283752,0.7751461267471313,0.7751461267471313,181,32
1541,14048,specialized_enriched,max,0.15075641870498657,0.19528892636299133,0.7719660401344299,0.7719660401344299,113,32
1542,628,specialized_enriched,max,0.16170834004878998,0.21013769507408142,0.7695351243019104,0.7695351243019104,93,32
1543,11241,specialized_enriched,max,0.14063338935375214,0.18420280516147614,0.7634704113006592,0.7634704113006592,123,32
1544,811,specialized_enriched,max,0.11173586547374725,0.14796727895736694,0.7551389932632446,0.7551389932632446,75,32
1545,12331,specialized_enriched,max,0.08445755392313004,0.1125325858592987,0.750516414642334,0.750516414642334,74,32
1546,15789,specialized_enriched,max,0.28535929322242737,0.3819347620010376,0.7471414804458618,0.7471414804458618,51,32
1547,4263,specialized_enriched,max,0.11631664633750916,0.15591807663440704,0.7460113167762756,0.7460113167762756,98,32
1548,6698,specialized_enriched,max,0.11359502375125885,0.15416520833969116,0.7368395328521729,0.7368395328521729,103,32
1549,1711,specialized_enriched,active_fraction,0.0008025284041650593,0.0010964045068249106,0.7319638133049011,0.7319638133049011,42,32
1550,4950,specialized_enriched,max,0.22520001232624054,0.3089507222175598,0.7289188504219055,0.7289188504219055,146,32
1551,3770,specialized_enriched,max,0.15859408676624298,0.21806398034095764,0.7272823452949524,0.7272823452949524,208,32
1552,7890,specialized_enriched,max,0.1238371878862381,0.17082947492599487,0.7249169945716858,0.7249169945716858,138,32
1553,11866,specialized_enriched,max,0.153670996427536,0.21359683573246002,0.7194441556930542,0.7194441556930542,116,32
1554,2046,specialized_enriched,max,0.1048630103468895,0.14683711528778076,0.7141451239585876,0.7141451239585876,153,32
1555,16276,specialized_enriched,mean,0.009622895158827305,0.013554605655372143,0.7099354863166809,0.7099354863166809,60,32
1556,3653,specialized_enriched,max,0.07910827547311783,0.11288219690322876,0.700803816318512,0.700803816318512,90,32
1557,13902,specialized_enriched,max,0.12099643051624298,0.17361855506896973,0.6969095468521118,0.6969095468521118,34,32
1558,8594,specialized_enriched,mean,0.02484162338078022,0.03579382598400116,0.6940197944641113,0.6940197944641113,177,32
1559,3442,specialized_enriched,mean,0.014757870696485043,0.02126968465745449,0.693845272064209,0.693845272064209,136,32
1560,15432,specialized_enriched,max,0.04975099489092827,0.07258506864309311,0.6854164004325867,0.6854164004325867,101,32
1561,1069,specialized_enriched,max,0.03831581398844719,0.05616219714283943,0.6822349429130554,0.6822349429130554,52,32
1562,2141,specialized_enriched,max,0.02565573900938034,0.037701111286878586,0.6805035471916199,0.6805035471916199,35,32
1563,9632,specialized_enriched,max,0.10761987417936325,0.15850280225276947,0.6789777278900146,0.6789777278900146,49,32
1564,2745,specialized_enriched,max,0.1178402230143547,0.17384429275989532,0.6778492331504822,0.6778492331504822,82,32
1565,3428,specialized_enriched,max,0.07323547452688217,0.10854711383581161,0.6746883392333984,0.6746883392333984,38,32
1566,15591,specialized_enriched,max,0.12328346818685532,0.1847459226846695,0.6673136353492737,0.6673136353492737,91,32
1567,13970,specialized_enriched,max,0.078334741294384,0.11925048381090164,0.6568924188613892,0.6568924188613892,68,32
1568,3513,specialized_enriched,max,0.11614885181188583,0.1774861067533493,0.6544109582901001,0.6544109582901001,47,32
1569,8585,specialized_enriched,active_fraction,0.003302688943222165,0.005119530018419027,0.6451156735420227,0.6451156735420227,187,32
1570,7860,specialized_enriched,mean,0.02355671301484108,0.036762677133083344,0.6407779455184937,0.6407779455184937,200,32
1571,5146,specialized_enriched,max,0.11526121944189072,0.18031100928783417,0.6392356157302856,0.6392356157302856,135,32
1572,6491,specialized_enriched,active_fraction,0.0026226502377539873,0.004121069330722094,0.6364004015922546,0.6364004015922546,158,32
1573,7222,specialized_enriched,max,0.17467212677001953,0.275020956993103,0.6351229548454285,0.6351229548454285,127,32
1574,5815,specialized_enriched,max,0.12158370763063431,0.19242550432682037,0.6318482160568237,0.6318482160568237,70,32
1575,10754,specialized_enriched,max,0.06301009654998779,0.10038568079471588,0.6276801228523254,0.6276801228523254,63,32
1576,14867,specialized_enriched,max,0.14787036180496216,0.23967160284519196,0.6169707179069519,0.6169707179069519,34,32
1577,11059,specialized_enriched,max,0.07685311883687973,0.12572944164276123,0.6112579107284546,0.6112579107284546,44,32
1578,15784,specialized_enriched,mean,0.0182119682431221,0.02992888353765011,0.6085081100463867,0.6085081100463867,143,32
1579,13466,specialized_enriched,max,0.11926311254501343,0.19971880316734314,0.5971551537513733,0.5971551537513733,73,32
1580,14016,specialized_enriched,max,0.13583782315254211,0.22837862372398376,0.5947921872138977,0.5947921872138977,47,32
1581,1370,specialized_enriched,active_fraction,0.0023186542093753815,0.003942077048122883,0.5881808400154114,0.5881808400154114,119,32
1582,5498,specialized_enriched,max,0.18223461508750916,0.31021079421043396,0.5874541401863098,0.5874541401863098,189,32
1583,13002,specialized_enriched,active_fraction,0.0018083762843161821,0.003123891307041049,0.5788857936859131,0.5788857936859131,48,32
1584,7525,specialized_enriched,active_fraction,0.0016920476919040084,0.002941401209682226,0.5752522349357605,0.5752522349357605,50,32
1585,12491,specialized_enriched,active_fraction,0.0020289733074605465,0.003627449506893754,0.5593388080596924,0.5593388080596924,133,32
1586,10194,specialized_enriched,max,0.08694090694189072,0.15587393939495087,0.5577642321586609,0.5577642321586609,165,32
1587,1415,specialized_enriched,active_fraction,0.0034438720904290676,0.006249495316296816,0.5510640144348145,0.5510640144348145,98,32
1588,5478,specialized_enriched,mean,0.01515916083008051,0.02772713080048561,0.546726644039154,0.546726644039154,53,32
1589,4676,specialized_enriched,active_fraction,0.0017151193460449576,0.0032203979790210724,0.5325799584388733,0.5325799584388733,37,32
1590,1032,specialized_enriched,max,0.0389467217028141,0.0733431726694107,0.5310204029083252,0.5310204029083252,69,32
1591,801,specialized_enriched,max,0.09317614138126373,0.17560192942619324,0.5306100249290466,0.5306100249290466,66,32
1592,14589,specialized_enriched,max,0.0677553191781044,0.12798060476779938,0.5294186472892761,0.5294186472892761,44,32
1593,1924,specialized_enriched,active_fraction,0.003498719772323966,0.006657502148300409,0.5255303978919983,0.5255303978919983,162,32
1594,15097,specialized_enriched,max,0.017497584223747253,0.03382396697998047,0.5173131823539734,0.5173131823539734,38,32
1595,11959,specialized_enriched,max,0.08607508987188339,0.16706788539886475,0.5152102708816528,0.5152102708816528,57,32
1596,14454,specialized_enriched,active_fraction,0.002079285215586424,0.004079933278262615,0.5096370577812195,0.5096370577812195,153,32
1597,11935,specialized_enriched,mean,0.00963626615703106,0.01900840736925602,0.5069475769996643,0.5069475769996643,114,32
1598,4725,specialized_enriched,active_fraction,0.002732424298301339,0.005408815108239651,0.5051798224449158,0.5051798224449158,90,32
1599,1797,specialized_enriched,mean,0.012318561784923077,0.024460729211568832,0.5036056637763977,0.5036056637763977,276,32
1600,6339,specialized_enriched,mean,0.008142268285155296,0.016426440328359604,0.49568063020706177,0.49568063020706177,76,32
1601,1931,specialized_enriched,active_fraction,0.0010706321336328983,0.002282525412738323,0.4690559506416321,0.4690559506416321,51,32
1602,1283,specialized_enriched,mean,0.020237848162651062,0.04326772689819336,0.4677354097366333,0.4677354097366333,48,32
1603,14456,specialized_enriched,max,0.15353845059871674,0.3397371768951416,0.45193302631378174,0.45193302631378174,139,32
1604,10549,specialized_enriched,active_fraction,0.0042428611777722836,0.009398543275892735,0.45143815875053406,0.45143815875053406,230,32
1605,4986,specialized_enriched,active_fraction,0.0010007878299802542,0.0022517957258969545,0.4444398880004883,0.4444398880004883,57,32
1606,6414,specialized_enriched,max,0.03910444676876068,0.09350410848855972,0.4182110130786896,0.4182110130786896,234,32
1607,6,specialized_enriched,active_fraction,0.0022385588381439447,0.005418885499238968,0.4131031930446625,0.4131031930446625,125,32
1608,7926,specialized_enriched,max,0.04108106344938278,0.10156950354576111,0.4044625759124756,0.4044625759124756,101,32
1609,16038,specialized_enriched,max,0.07547720521688461,0.19460086524486542,0.38785648345947266,0.38785648345947266,45,32
1610,3907,specialized_enriched,active_fraction,0.0008786650723777711,0.0023911711759865284,0.3674622178077698,0.3674622178077698,35,32
1611,1251,specialized_enriched,max,0.04993556812405586,0.14661625027656555,0.3405868709087372,0.3405868709087372,72,32
1612,2429,specialized_enriched,max,0.03108724020421505,0.10215968638658524,0.304300457239151,0.304300457239151,36,32
1613,3540,specialized_enriched,mean,0.0015419241972267628,0.005587030202150345,0.2759827971458435,0.2759827971458435,47,32
1614,553,specialized_enriched,mean,0.009166966192424297,0.05668771639466286,0.16170991957187653,0.16170991957187653,190,32
1615,8295,specialized_enriched,max,0.0371328666806221,0.30498552322387695,0.12175288051366806,0.12175288051366806,136,32
