rank,feature_id,orientation,summary,effect,null_sd,ev,abs_ev,positive_support,minimum_support
1,15559,specialized_enriched,mean,0.32885485887527466,0.056923091411590576,5.7771782875061035,5.7771782875061035,27,5
2,3097,specialized_enriched,active_fraction,0.06587293744087219,0.011969923973083496,5.503204345703125,5.503204345703125,43,5
3,565,specialized_enriched,mean,0.29228436946868896,0.053928617388010025,5.419837951660156,5.419837951660156,37,5
4,4173,specialized_enriched,active_fraction,0.06365329772233963,0.011923179030418396,5.33861780166626,5.33861780166626,29,5
5,15890,specialized_enriched,active_fraction,0.06344433128833771,0.011965716257691383,5.302175998687744,5.302175998687744,35,5
6,414,specialized_enriched,active_fraction,0.05250578001141548,0.01028226874768734,5.106439113616943,5.106439113616943,17,5
7,4740,specialized_enriched,mean,0.5511932373046875,0.11107408255338669,4.962392807006836,4.962392807006836,37,5
8,13768,specialized_enriched,active_fraction,0.07200342416763306,0.014769870787858963,4.875020503997803,4.875020503997803,37,5
9,4309,specialized_enriched,mean,0.36322247982025146,0.074687659740448,4.863219261169434,4.863219261169434,32,5
10,14969,specialized_enriched,active_fraction,0.05900513380765915,0.01214076392352581,4.860084056854248,4.860084056854248,26,5
11,13220,specialized_enriched,mean,0.2672578990459442,0.05511697754263878,4.848921298980713,4.848921298980713,14,5
12,15968,specialized_enriched,active_fraction,0.057749077677726746,0.011988645419478416,4.816980838775635,4.816980838775635,32,5
13,4534,specialized_enriched,active_fraction,0.060473956167697906,0.0125902583822608,4.803234100341797,4.803234100341797,35,5
14,4075,specialized_enriched,mean,0.16458195447921753,0.03442314267158508,4.781142711639404,4.781142711639404,20,5
15,12623,specialized_enriched,mean,0.3570713996887207,0.07506565004587173,4.75678825378418,4.75678825378418,15,5
16,11596,specialized_enriched,mean,0.43789100646972656,0.09306120872497559,4.705408573150635,4.705408573150635,28,5
17,2187,specialized_enriched,mean,0.45057412981987,0.09713143110275269,4.638808727264404,4.638808727264404,23,5
18,9419,specialized_enriched,active_fraction,0.05796787887811661,0.012550256215035915,4.618860244750977,4.618860244750977,26,5
19,13369,specialized_enriched,active_fraction,0.025841109454631805,0.005638826638460159,4.582710266113281,4.582710266113281,12,5
20,10283,specialized_enriched,active_fraction,0.06262366473674774,0.013718124479055405,4.565031051635742,4.565031051635742,31,5
21,4614,specialized_enriched,active_fraction,0.09112877398729324,0.0200150478631258,4.553012847900391,4.553012847900391,40,5
22,10123,specialized_enriched,active_fraction,0.04295533895492554,0.009608900174498558,4.470369815826416,4.470369815826416,26,5
23,765,specialized_enriched,active_fraction,0.02832820452749729,0.006354855839163065,4.457725524902344,4.457725524902344,9,5
24,7354,specialized_enriched,mean,0.35282742977142334,0.0796828344464302,4.4278974533081055,4.4278974533081055,29,5
25,7486,specialized_enriched,mean,0.968360424041748,0.21999616920948029,4.40171480178833,4.40171480178833,14,5
26,8142,specialized_enriched,mean,0.5415967702865601,0.12350045889616013,4.385382652282715,4.385382652282715,37,5
27,13746,specialized_enriched,active_fraction,0.05907940864562988,0.013597405515611172,4.344902992248535,4.344902992248535,31,5
28,929,specialized_enriched,mean,0.2125590741634369,0.04924234375357628,4.316591262817383,4.316591262817383,16,5
29,13231,specialized_enriched,mean,0.30468347668647766,0.07106862217187881,4.287172794342041,4.287172794342041,12,5
30,3233,specialized_enriched,mean,0.3811357319355011,0.08950916677713394,4.258063793182373,4.258063793182373,39,5
31,13289,specialized_enriched,active_fraction,0.02831355109810829,0.006656292825937271,4.2536516189575195,4.2536516189575195,11,5
32,7893,specialized_enriched,mean,0.24676784873008728,0.058293167501688004,4.23322057723999,4.23322057723999,15,5
33,16019,specialized_enriched,mean,0.08824695646762848,0.021387461572885513,4.126107215881348,4.126107215881348,7,5
34,13013,specialized_enriched,mean,0.0984509289264679,0.02403327263891697,4.096442699432373,4.096442699432373,8,5
35,6572,specialized_enriched,mean,0.4558779001235962,0.1120971068739891,4.066812515258789,4.066812515258789,22,5
36,6051,specialized_enriched,mean,0.2944501042366028,0.07284452766180038,4.042171955108643,4.042171955108643,27,5
37,4334,specialized_enriched,active_fraction,0.08873388171195984,0.022018982097506523,4.029881000518799,4.029881000518799,20,5
38,533,specialized_enriched,active_fraction,0.08380067348480225,0.02089289203286171,4.010965824127197,4.010965824127197,31,5
39,7692,specialized_enriched,active_fraction,0.048983946442604065,0.012241757474839687,4.001381874084473,4.001381874084473,22,5
40,3366,specialized_enriched,mean,0.3625388443470001,0.0906098484992981,4.001097679138184,4.001097679138184,13,5
41,4933,specialized_enriched,mean,0.2840580642223358,0.07139655202627182,3.9785964488983154,3.9785964488983154,11,5
42,2774,specialized_enriched,mean,0.2641061544418335,0.06639274209737778,3.9779372215270996,3.9779372215270996,8,5
43,5642,specialized_enriched,mean,0.36939072608947754,0.0928708165884018,3.977468252182007,3.977468252182007,24,5
44,13215,specialized_enriched,active_fraction,0.046873077750205994,0.011807326227426529,3.96983003616333,3.96983003616333,21,5
45,6388,specialized_enriched,active_fraction,0.07499699294567108,0.018976561725139618,3.952085494995117,3.952085494995117,25,5
46,14186,specialized_enriched,active_fraction,0.03665602207183838,0.009303441271185875,3.940049886703491,3.940049886703491,16,5
47,4990,specialized_enriched,active_fraction,0.04825066030025482,0.012296931818127632,3.9237966537475586,3.9237966537475586,18,5
48,954,specialized_enriched,active_fraction,0.04738283157348633,0.012115887366235256,3.910801649093628,3.910801649093628,25,5
49,12121,specialized_enriched,mean,0.6329492330551147,0.16193249821662903,3.9087226390838623,3.9087226390838623,6,5
50,12673,specialized_enriched,active_fraction,0.05668279901146889,0.014538714662194252,3.8987488746643066,3.8987488746643066,24,5
51,4272,specialized_enriched,active_fraction,0.024728596210479736,0.00635457132011652,3.891465663909912,3.891465663909912,7,5
52,13354,specialized_enriched,mean,0.17220419645309448,0.04427327960729599,3.8895740509033203,3.8895740509033203,14,5
53,9006,specialized_enriched,active_fraction,0.037637222558259964,0.009756370447576046,3.8577075004577637,3.8577075004577637,32,5
54,11046,specialized_enriched,active_fraction,0.051254674792289734,0.013301298953592777,3.853358507156372,3.853358507156372,46,5
55,5497,specialized_enriched,mean,0.15918339788913727,0.04157643765211105,3.828692674636841,3.828692674636841,6,5
56,5568,specialized_enriched,mean,0.4396801292896271,0.11485198885202408,3.828232526779175,3.828232526779175,5,5
57,15517,specialized_enriched,mean,0.10078423470258713,0.026360396295785904,3.823320150375366,3.823320150375366,11,5
58,11316,specialized_enriched,active_fraction,0.017052609473466873,0.004493740852922201,3.7947468757629395,3.7947468757629395,10,5
59,9812,specialized_enriched,mean,0.276654988527298,0.07305830717086792,3.7867698669433594,3.7867698669433594,20,5
60,1698,specialized_enriched,mean,0.2041284441947937,0.05396505445241928,3.782604217529297,3.782604217529297,14,5
61,6739,specialized_enriched,active_fraction,0.02434421144425869,0.006446460261940956,3.7763688564300537,3.7763688564300537,7,5
62,5244,specialized_enriched,active_fraction,0.04248293861746788,0.011259123682975769,3.7732012271881104,3.7732012271881104,18,5
63,1755,specialized_enriched,active_fraction,0.013311764225363731,0.0035371503327041864,3.7634148597717285,3.7634148597717285,10,5
64,5782,specialized_enriched,mean,0.17469438910484314,0.04656087979674339,3.7519564628601074,3.7519564628601074,15,5
65,14859,specialized_enriched,mean,0.2993803322315216,0.08018001914024353,3.7338521480560303,3.7338521480560303,35,5
66,12669,specialized_enriched,active_fraction,0.03582414984703064,0.009682134725153446,3.700026035308838,3.700026035308838,17,5
67,8244,specialized_enriched,active_fraction,0.05322157219052315,0.014412283897399902,3.6927924156188965,3.6927924156188965,33,5
68,7126,specialized_enriched,active_fraction,0.0597846657037735,0.016207564622163773,3.6886889934539795,3.6886889934539795,35,5
69,3631,specialized_enriched,mean,0.2601325511932373,0.07103710621595383,3.6619248390197754,3.6619248390197754,25,5
70,13384,specialized_enriched,mean,0.263111412525177,0.07204817235469818,3.6518819332122803,3.6518819332122803,40,5
71,1996,specialized_enriched,mean,0.2923687994480133,0.08035780489444733,3.6383373737335205,3.6383373737335205,8,5
72,945,specialized_enriched,mean,0.4855461120605469,0.13346481323242188,3.6380083560943604,3.6380083560943604,7,5
73,5930,specialized_enriched,active_fraction,0.08141431957483292,0.02245355397462845,3.625899076461792,3.625899076461792,35,5
74,15095,specialized_enriched,mean,0.3703764081001282,0.10217954963445663,3.624760627746582,3.624760627746582,20,5
75,12895,specialized_enriched,active_fraction,0.04647347331047058,0.012850694358348846,3.616417407989502,3.616417407989502,17,5
76,6415,specialized_enriched,active_fraction,0.046518974006175995,0.012871445156633854,3.614122152328491,3.614122152328491,11,5
77,5935,specialized_enriched,active_fraction,0.0550287701189518,0.01532165426760912,3.5915684700012207,3.5915684700012207,22,5
78,12573,specialized_enriched,mean,0.34631073474884033,0.09647081047296524,3.5897982120513916,3.5897982120513916,38,5
79,3078,specialized_enriched,mean,0.32230740785598755,0.09040625393390656,3.565100908279419,3.565100908279419,23,5
80,15164,specialized_enriched,mean,0.15469416975975037,0.043408527970314026,3.5636816024780273,3.5636816024780273,10,5
81,12044,specialized_enriched,active_fraction,0.06019982695579529,0.016975831240415573,3.546207904815674,3.546207904815674,28,5
82,2916,specialized_enriched,active_fraction,0.05836803466081619,0.016510535031557083,3.5351994037628174,3.5351994037628174,38,5
83,13177,specialized_enriched,active_fraction,0.0183750968426466,0.005199358332902193,3.5341086387634277,3.5341086387634277,6,5
84,7000,specialized_enriched,mean,0.5508397817611694,0.1562793254852295,3.5247130393981934,3.5247130393981934,34,5
85,324,specialized_enriched,active_fraction,0.04405631870031357,0.01252778060734272,3.5166897773742676,3.5166897773742676,30,5
86,7731,specialized_enriched,active_fraction,0.04387591779232025,0.012519877403974533,3.5045006275177,3.5045006275177,33,5
87,3136,specialized_enriched,active_fraction,0.030797479674220085,0.008804724551737309,3.497835636138916,3.497835636138916,13,5
88,3298,specialized_enriched,active_fraction,0.05227437615394592,0.014998593367636204,3.4852852821350098,3.4852852821350098,34,5
89,4150,specialized_enriched,mean,0.4663964807987213,0.13431891798973083,3.472306728363037,3.472306728363037,14,5
90,13524,specialized_enriched,mean,0.24243326485157013,0.06985177099704742,3.470681667327881,3.470681667327881,16,5
91,3907,specialized_enriched,mean,0.36623457074165344,0.10571666061878204,3.4643032550811768,3.4643032550811768,8,5
92,3377,specialized_enriched,active_fraction,0.03425293415784836,0.009914401918649673,3.454866409301758,3.454866409301758,16,5
93,9651,specialized_enriched,active_fraction,0.028003888204693794,0.008110417984426022,3.452829122543335,3.452829122543335,25,5
94,2407,specialized_enriched,mean,0.20465579628944397,0.05938958376646042,3.4459879398345947,3.4459879398345947,16,5
95,5825,specialized_enriched,mean,0.2554231584072113,0.07417305558919907,3.4436111450195312,3.4436111450195312,13,5
96,2994,specialized_enriched,mean,0.3685376048088074,0.10716511309146881,3.438969850540161,3.438969850540161,17,5
97,12766,specialized_enriched,active_fraction,0.06803083419799805,0.019808469340205193,3.434431552886963,3.434431552886963,24,5
98,11671,specialized_enriched,mean,0.17338265478610992,0.05054379254579544,3.430345058441162,3.430345058441162,15,5
99,13402,specialized_enriched,active_fraction,0.044449854642152786,0.012974169105291367,3.4260270595550537,3.4260270595550537,22,5
100,10219,specialized_enriched,mean,0.12894272804260254,0.037718843668699265,3.418522834777832,3.418522834777832,15,5
101,13762,specialized_enriched,active_fraction,0.029970021918416023,0.008778146468102932,3.4141628742218018,3.4141628742218018,14,5
102,2516,specialized_enriched,active_fraction,0.03665660321712494,0.010752269998192787,3.409196615219116,3.409196615219116,33,5
103,6865,specialized_enriched,mean,0.48335379362106323,0.14221660792827606,3.3987154960632324,3.3987154960632324,34,5
104,11264,specialized_enriched,mean,0.21042971312999725,0.06196080893278122,3.396174430847168,3.396174430847168,33,5
105,13127,specialized_enriched,mean,0.3010363280773163,0.08866575360298157,3.39518141746521,3.39518141746521,13,5
106,4966,specialized_enriched,mean,0.13052134215831757,0.038765206933021545,3.366971492767334,3.366971492767334,9,5
107,7051,specialized_enriched,active_fraction,0.0535014308989048,0.01590796932578087,3.3631842136383057,3.3631842136383057,20,5
108,4471,specialized_enriched,active_fraction,0.046102337539196014,0.013710220344364643,3.3626255989074707,3.3626255989074707,15,5
109,13057,specialized_enriched,mean,0.27745020389556885,0.08272071927785873,3.3540594577789307,3.3540594577789307,14,5
110,7469,specialized_enriched,active_fraction,0.04469098150730133,0.013344883918762207,3.3489224910736084,3.3489224910736084,15,5
111,3272,specialized_enriched,active_fraction,0.011518322862684727,0.0034400091972202063,3.3483407497406006,3.3483407497406006,14,5
112,11057,specialized_enriched,active_fraction,0.026204796507954597,0.007831509225070477,3.3460724353790283,3.3460724353790283,10,5
113,2156,specialized_enriched,mean,0.2550036907196045,0.07637272775173187,3.3389365673065186,3.3389365673065186,6,5
114,7531,specialized_enriched,active_fraction,0.044871799647808075,0.013464609161019325,3.332573413848877,3.332573413848877,19,5
115,4257,specialized_enriched,mean,0.23294082283973694,0.06996405124664307,3.3294358253479004,3.3294358253479004,12,5
116,13595,specialized_enriched,active_fraction,0.03313606604933739,0.009957249276340008,3.327833414077759,3.327833414077759,14,5
117,9577,specialized_enriched,active_fraction,0.0702536553144455,0.021113697439432144,3.327397108078003,3.327397108078003,23,5
118,4099,specialized_enriched,mean,0.5339357852935791,0.16048076748847961,3.327101469039917,3.327101469039917,13,5
119,10120,specialized_enriched,mean,0.36880621314048767,0.11090294271707535,3.325486183166504,3.325486183166504,5,5
120,15627,specialized_enriched,mean,0.24225756525993347,0.07290578633546829,3.322885274887085,3.322885274887085,37,5
121,12042,specialized_enriched,active_fraction,0.04498840868473053,0.013545510359108448,3.3212783336639404,3.3212783336639404,31,5
122,13845,specialized_enriched,active_fraction,0.03903108090162277,0.011771067976951599,3.3158488273620605,3.3158488273620605,20,5
123,2213,specialized_enriched,mean,0.08801664412021637,0.026562929153442383,3.313514232635498,3.313514232635498,6,5
124,6710,specialized_enriched,mean,0.18038395047187805,0.0546095035970211,3.3031604290008545,3.3031604290008545,15,5
125,13883,specialized_enriched,active_fraction,0.03466486558318138,0.01057349517941475,3.278467893600464,3.278467893600464,15,5
126,15943,specialized_enriched,mean,0.21829381585121155,0.0668061375617981,3.267571210861206,3.267571210861206,32,5
127,15477,specialized_enriched,mean,0.22934384644031525,0.07056094706058502,3.2502944469451904,3.2502944469451904,6,5
128,615,specialized_enriched,active_fraction,0.04312267526984215,0.013270864263176918,3.249424695968628,3.249424695968628,34,5
129,14243,specialized_enriched,mean,0.37255048751831055,0.11481305211782455,3.244844436645508,3.244844436645508,7,5
130,13462,specialized_enriched,mean,0.11966407299041748,0.037086810916662216,3.2265937328338623,3.2265937328338623,26,5
131,5365,specialized_enriched,mean,0.1614055633544922,0.0500679649412632,3.223729372024536,3.223729372024536,16,5
132,2792,specialized_enriched,mean,0.17358146607875824,0.05389975756406784,3.220449924468994,3.220449924468994,6,5
133,10886,specialized_enriched,active_fraction,0.02634211629629135,0.00818533543497324,3.2182085514068604,3.2182085514068604,11,5
134,194,specialized_enriched,active_fraction,0.02612468972802162,0.008137679658830166,3.210336446762085,3.210336446762085,11,5
135,8053,specialized_enriched,active_fraction,0.03952484577894211,0.012311822734773159,3.2103164196014404,3.2103164196014404,15,5
136,7818,specialized_enriched,active_fraction,0.023679528385400772,0.007386534009128809,3.2057700157165527,3.2057700157165527,7,5
137,8088,specialized_enriched,active_fraction,0.04682078957557678,0.014608791097998619,3.2049736976623535,3.2049736976623535,14,5
138,3796,specialized_enriched,mean,0.26367929577827454,0.0825396403670311,3.194577693939209,3.194577693939209,12,5
139,14840,specialized_enriched,mean,0.26378166675567627,0.08267510682344437,3.1905815601348877,3.1905815601348877,30,5
140,438,specialized_enriched,active_fraction,0.02527269348502159,0.007922537624835968,3.189974546432495,3.189974546432495,6,5
141,13081,specialized_enriched,mean,0.1532442718744278,0.04805372655391693,3.1890194416046143,3.1890194416046143,9,5
142,10688,specialized_enriched,active_fraction,0.03860082849860191,0.012162243016064167,3.1738247871398926,3.1738247871398926,23,5
143,12504,specialized_enriched,active_fraction,0.011062969453632832,0.0035079033114016056,3.1537270545959473,3.1537270545959473,9,5
144,13276,specialized_enriched,active_fraction,0.03322244808077812,0.01057143323123455,3.142662525177002,3.142662525177002,13,5
145,4188,specialized_enriched,active_fraction,0.036822304129600525,0.011718353256583214,3.1422762870788574,3.1422762870788574,33,5
146,14101,specialized_enriched,mean,0.45356622338294983,0.14466263353824615,3.1353378295898438,3.1353378295898438,18,5
147,970,specialized_enriched,mean,0.1796756386756897,0.05740255489945412,3.130098342895508,3.130098342895508,23,5
148,1808,specialized_enriched,active_fraction,0.05791523680090904,0.018516074866056442,3.127835512161255,3.127835512161255,15,5
149,1559,specialized_enriched,mean,0.12437333911657333,0.039780400693416595,3.126497983932495,3.126497983932495,7,5
150,10331,specialized_enriched,active_fraction,0.03532828390598297,0.011301941238343716,3.1258597373962402,3.1258597373962402,15,5
151,3375,specialized_enriched,mean,0.1312938630580902,0.04202547296881676,3.1241495609283447,3.1241495609283447,16,5
152,9425,specialized_enriched,mean,0.13301831483840942,0.042653147131204605,3.118604898452759,3.118604898452759,17,5
153,10307,specialized_enriched,mean,0.28952184319496155,0.09320448338985443,3.1063082218170166,3.1063082218170166,9,5
154,7344,specialized_enriched,active_fraction,0.04327160865068436,0.01397044025361538,3.0973689556121826,3.0973689556121826,34,5
155,14086,specialized_enriched,mean,0.2407137006521225,0.07785133272409439,3.091966390609741,3.091966390609741,20,5
156,5188,specialized_enriched,active_fraction,0.027431296184659004,0.008897080086171627,3.0831797122955322,3.0831797122955322,15,5
157,3085,specialized_enriched,mean,0.21130968630313873,0.06863735616207123,3.0786397457122803,3.0786397457122803,5,5
158,13742,specialized_enriched,mean,0.12698692083358765,0.041381608694791794,3.0686800479888916,3.0686800479888916,6,5
159,759,specialized_enriched,active_fraction,0.0320722758769989,0.010459288954734802,3.066391706466675,3.066391706466675,12,5
160,2969,specialized_enriched,active_fraction,0.03191254287958145,0.010433551855385303,3.0586462020874023,3.0586462020874023,14,5
161,5583,specialized_enriched,mean,0.2585916519165039,0.08518938720226288,3.035491466522217,3.035491466522217,12,5
162,15602,specialized_enriched,active_fraction,0.05501527339220047,0.01817726343870163,3.0265982151031494,3.0265982151031494,31,5
163,9769,specialized_enriched,active_fraction,0.011294062249362469,0.003747851587831974,3.0134763717651367,3.0134763717651367,13,5
164,5971,specialized_enriched,active_fraction,0.03166631981730461,0.010515784844756126,3.011312961578369,3.011312961578369,9,5
165,9725,specialized_enriched,mean,0.1639074981212616,0.05443200841546059,3.0112338066101074,3.0112338066101074,16,5
166,11269,specialized_enriched,active_fraction,0.015956098213791847,0.00530954310670495,3.005173444747925,3.005173444747925,8,5
167,2144,specialized_enriched,mean,0.158991277217865,0.052995044738054276,3.0001158714294434,3.0001158714294434,7,5
168,10262,specialized_enriched,mean,0.10949019342660904,0.03653361275792122,2.996971368789673,2.996971368789673,16,5
169,11128,specialized_enriched,mean,0.09847715497016907,0.03289096802473068,2.994048595428467,2.994048595428467,20,5
170,8284,specialized_enriched,active_fraction,0.023949112743139267,0.008019866421818733,2.9862234592437744,2.9862234592437744,9,5
171,4861,specialized_enriched,mean,0.15144452452659607,0.0510127954185009,2.9687557220458984,2.9687557220458984,7,5
172,14535,specialized_enriched,active_fraction,0.02157946303486824,0.007283663842827082,2.9627208709716797,2.9627208709716797,13,5
173,8483,specialized_enriched,mean,0.13366571068763733,0.04528115689754486,2.9519057273864746,2.9519057273864746,13,5
174,8035,specialized_enriched,active_fraction,0.03957624360918999,0.013430368155241013,2.946772813796997,2.946772813796997,25,5
175,2286,specialized_enriched,active_fraction,0.09612671285867691,0.032625094056129456,2.946404218673706,2.946404218673706,30,5
176,2211,specialized_enriched,mean,0.7764105796813965,0.2637022137641907,2.944270133972168,2.944270133972168,13,5
177,107,specialized_enriched,active_fraction,0.0448458194732666,0.015238350257277489,2.942957639694214,2.942957639694214,14,5
178,1840,specialized_enriched,active_fraction,0.05358017608523369,0.01827380433678627,2.9320755004882812,2.9320755004882812,32,5
179,6685,specialized_enriched,active_fraction,0.021584173664450645,0.007370961830019951,2.9282710552215576,2.9282710552215576,6,5
180,11322,specialized_enriched,active_fraction,0.033675387501716614,0.011540853418409824,2.917928695678711,2.917928695678711,27,5
181,91,specialized_enriched,mean,0.26480111479759216,0.09074979275465012,2.9179253578186035,2.9179253578186035,32,5
182,6100,specialized_enriched,active_fraction,0.03159814700484276,0.010847290977835655,2.912998914718628,2.912998914718628,6,5
183,11318,specialized_enriched,max,1.0142688751220703,0.34857696294784546,2.9097416400909424,2.9097416400909424,24,5
184,14448,specialized_enriched,active_fraction,0.011202257126569748,0.0038522302638739347,2.9079926013946533,2.9079926013946533,5,5
185,16347,specialized_enriched,active_fraction,0.03519026190042496,0.0121642230078578,2.8929312229156494,2.8929312229156494,10,5
186,4166,specialized_enriched,active_fraction,0.04160839319229126,0.014386852271854877,2.8921122550964355,2.8921122550964355,28,5
187,2393,specialized_enriched,mean,0.16400393843650818,0.056730955839157104,2.8909072875976562,2.8909072875976562,15,5
188,6400,specialized_enriched,mean,0.06361186504364014,0.022090259939432144,2.879634141921997,2.879634141921997,12,5
189,188,specialized_enriched,active_fraction,0.017660629004240036,0.006136107258498669,2.8781487941741943,2.8781487941741943,9,5
190,8875,specialized_enriched,active_fraction,0.033596739172935486,0.011713515035808086,2.8682029247283936,2.8682029247283936,11,5
191,15436,specialized_enriched,mean,0.07003037631511688,0.02445324696600437,2.8638477325439453,2.8638477325439453,5,5
192,5270,specialized_enriched,mean,0.33073264360427856,0.11589602380990982,2.85370135307312,2.85370135307312,19,5
193,843,specialized_enriched,mean,0.22882375121116638,0.08023305982351303,2.8519883155822754,2.8519883155822754,13,5
194,13426,specialized_enriched,active_fraction,0.02592107653617859,0.009102691896259785,2.847627639770508,2.847627639770508,10,5
195,8448,specialized_enriched,active_fraction,0.004471415188163519,0.0015702551463618875,2.8475723266601562,2.8475723266601562,5,5
196,7597,specialized_enriched,active_fraction,0.02982008457183838,0.010540473274886608,2.8291029930114746,2.8291029930114746,18,5
197,7274,specialized_enriched,active_fraction,0.025568561628460884,0.009058495983481407,2.822605609893799,2.822605609893799,11,5
198,6300,specialized_enriched,active_fraction,0.03693358972668648,0.013086727820336819,2.8222172260284424,2.8222172260284424,13,5
199,10859,specialized_enriched,mean,0.1539769023656845,0.054634276777505875,2.8183205127716064,2.8183205127716064,12,5
200,7109,specialized_enriched,active_fraction,0.030747659504413605,0.010936289094388485,2.811525821685791,2.811525821685791,17,5
201,13474,specialized_enriched,active_fraction,0.02618650160729885,0.009356413967907429,2.7987754344940186,2.7987754344940186,9,5
202,8112,specialized_enriched,active_fraction,0.017925262451171875,0.006405015010386705,2.7986292839050293,2.7986292839050293,8,5
203,10079,specialized_enriched,active_fraction,0.050501082092523575,0.018064673990011215,2.7955710887908936,2.7955710887908936,22,5
204,4674,specialized_enriched,active_fraction,0.01893049106001854,0.006786555051803589,2.7894110679626465,2.7894110679626465,8,5
205,15449,specialized_enriched,mean,0.3159579634666443,0.11328954249620438,2.7889420986175537,2.7889420986175537,6,5
206,4180,specialized_enriched,mean,0.28859657049179077,0.10373440384864807,2.782071828842163,2.782071828842163,11,5
207,12555,specialized_enriched,active_fraction,0.02794920839369297,0.010052706114947796,2.7802672386169434,2.7802672386169434,15,5
208,6938,specialized_enriched,active_fraction,0.07139122486114502,0.025683345273137093,2.779670000076294,2.779670000076294,17,5
209,128,specialized_enriched,mean,0.2008611559867859,0.07227465510368347,2.779136896133423,2.779136896133423,12,5
210,4506,specialized_enriched,active_fraction,0.02419937029480934,0.008713261224329472,2.777303457260132,2.777303457260132,6,5
211,1259,specialized_enriched,mean,0.32547450065612793,0.11719148606061935,2.7772879600524902,2.7772879600524902,8,5
212,2108,specialized_enriched,active_fraction,0.042665623128414154,0.015379267744719982,2.7742297649383545,2.7742297649383545,29,5
213,3893,specialized_enriched,active_fraction,0.013334895484149456,0.004820029716938734,2.766558885574341,2.766558885574341,15,5
214,6222,specialized_enriched,active_fraction,0.010931793600320816,0.003952483646571636,2.765803575515747,2.765803575515747,6,5
215,3225,specialized_enriched,active_fraction,0.02807740494608879,0.010167817585170269,2.761399269104004,2.761399269104004,17,5
216,6119,specialized_enriched,mean,0.11834616959095001,0.043043531477451324,2.749453067779541,2.749453067779541,10,5
217,7217,specialized_enriched,active_fraction,0.012900198809802532,0.004692137241363525,2.7493226528167725,2.7493226528167725,9,5
218,15432,specialized_enriched,mean,0.22607176005840302,0.08223412930965424,2.7491233348846436,2.7491233348846436,18,5
219,12154,specialized_enriched,mean,0.0814315527677536,0.029662875458598137,2.745234727859497,2.745234727859497,6,5
220,15167,specialized_enriched,active_fraction,0.048933714628219604,0.01784021034836769,2.742888927459717,2.742888927459717,23,5
221,8804,specialized_enriched,mean,0.14674465358257294,0.05352311208844185,2.741706371307373,2.741706371307373,5,5
222,1017,specialized_enriched,active_fraction,0.02149035781621933,0.007848924025893211,2.7380003929138184,2.7380003929138184,10,5
223,7746,specialized_enriched,active_fraction,0.03909008949995041,0.014291242696344852,2.735247850418091,2.735247850418091,12,5
224,10818,specialized_enriched,mean,0.10073123127222061,0.036999303847551346,2.7225170135498047,2.7225170135498047,9,5
225,2360,specialized_enriched,mean,0.34508126974105835,0.1270177811384201,2.716794967651367,2.716794967651367,6,5
226,1375,specialized_enriched,active_fraction,0.0513107068836689,0.018920643255114555,2.71189022064209,2.71189022064209,25,5
227,4143,specialized_enriched,mean,0.050647806376218796,0.018696395680308342,2.708961009979248,2.708961009979248,6,5
228,7588,specialized_enriched,mean,0.14774221181869507,0.05462537705898285,2.704644203186035,2.704644203186035,13,5
229,7009,specialized_enriched,mean,0.18130691349506378,0.06706588715314865,2.7034149169921875,2.7034149169921875,7,5
230,14725,specialized_enriched,active_fraction,0.01621798798441887,0.006004570983350277,2.7009403705596924,2.7009403705596924,9,5
231,5886,specialized_enriched,active_fraction,0.07319837808609009,0.027123434469103813,2.698713541030884,2.698713541030884,15,5
232,2345,specialized_enriched,mean,0.1298169195652008,0.04816005378961563,2.695531129837036,2.695531129837036,21,5
233,15633,specialized_enriched,mean,0.395844042301178,0.14697642624378204,2.6932485103607178,2.6932485103607178,15,5
234,5714,specialized_enriched,active_fraction,0.025507986545562744,0.00950699020177126,2.683077096939087,2.683077096939087,19,5
235,14676,specialized_enriched,mean,0.10021797567605972,0.03735380992293358,2.682938575744629,2.682938575744629,9,5
236,10369,specialized_enriched,mean,0.15232780575752258,0.056794773787260056,2.6820743083953857,2.6820743083953857,8,5
237,5967,specialized_enriched,mean,0.10396870225667953,0.038797471672296524,2.6797802448272705,2.6797802448272705,5,5
238,4581,specialized_enriched,active_fraction,0.03906932845711708,0.014585912227630615,2.6785659790039062,2.6785659790039062,30,5
239,11845,specialized_enriched,active_fraction,0.011472252197563648,0.004302280023694038,2.6665518283843994,2.6665518283843994,12,5
240,11667,specialized_enriched,mean,0.17025092244148254,0.06401227414608002,2.659660577774048,2.659660577774048,8,5
241,5146,specialized_enriched,mean,0.3989335000514984,0.15033572912216187,2.6536173820495605,2.6536173820495605,15,5
242,15433,specialized_enriched,active_fraction,0.004851829260587692,0.001831799396313727,2.6486685276031494,2.6486685276031494,6,5
243,10311,specialized_enriched,active_fraction,0.04363632574677467,0.01653437502682209,2.639127731323242,2.639127731323242,22,5
244,6232,specialized_enriched,active_fraction,0.029888145625591278,0.011362968012690544,2.6303114891052246,2.6303114891052246,17,5
245,7399,specialized_enriched,mean,0.11244065314531326,0.04276154190301895,2.6294808387756348,2.6294808387756348,6,5
246,3345,specialized_enriched,active_fraction,0.019388452172279358,0.0073791928589344025,2.627448797225952,2.627448797225952,13,5
247,4351,specialized_enriched,mean,0.24267786741256714,0.09237592667341232,2.627068281173706,2.627068281173706,29,5
248,16087,specialized_enriched,mean,0.15015676617622375,0.05721547454595566,2.62440824508667,2.62440824508667,8,5
249,11549,specialized_enriched,active_fraction,0.012597082182765007,0.004801586270332336,2.6235251426696777,2.6235251426696777,8,5
250,13617,specialized_enriched,active_fraction,0.039589427411556244,0.015143747441470623,2.6142425537109375,2.6142425537109375,10,5
251,4897,specialized_enriched,mean,0.4156664311885834,0.15908481180667877,2.612860679626465,2.612860679626465,20,5
252,4479,specialized_enriched,active_fraction,0.03172487020492554,0.0121510224416852,2.6108806133270264,2.6108806133270264,29,5
253,374,specialized_enriched,active_fraction,0.022674592211842537,0.008693031966686249,2.6083641052246094,2.6083641052246094,16,5
254,9098,specialized_enriched,active_fraction,0.020163265988230705,0.007733742706477642,2.6071808338165283,2.6071808338165283,12,5
255,14636,specialized_enriched,active_fraction,0.024406559765338898,0.009362060576677322,2.606964588165283,2.606964588165283,17,5
256,2858,specialized_enriched,mean,0.24828223884105682,0.0953746885061264,2.6032297611236572,2.6032297611236572,18,5
257,13173,specialized_enriched,active_fraction,0.03802034258842468,0.014616919681429863,2.601118564605713,2.601118564605713,21,5
258,4752,specialized_enriched,mean,0.29910022020339966,0.11502774059772491,2.6002442836761475,2.6002442836761475,34,5
259,12071,specialized_enriched,active_fraction,0.038442809134721756,0.014813322573900223,2.595150947570801,2.595150947570801,23,5
260,1032,specialized_enriched,mean,0.293954074382782,0.11343410611152649,2.5914082527160645,2.5914082527160645,21,5
261,15914,specialized_enriched,mean,0.25890132784843445,0.09993782639503479,2.5906238555908203,2.5906238555908203,7,5
262,1810,specialized_enriched,active_fraction,0.014304118230938911,0.005527922417968512,2.5876119136810303,2.5876119136810303,7,5
263,2541,specialized_enriched,mean,0.12979063391685486,0.0502874031662941,2.580976963043213,2.580976963043213,17,5
264,11304,specialized_enriched,max,0.6042318344116211,0.23438289761543274,2.5779690742492676,2.5779690742492676,6,5
265,14854,specialized_enriched,active_fraction,0.0348227396607399,0.013544990681111813,2.570894241333008,2.570894241333008,16,5
266,8732,specialized_enriched,active_fraction,0.05545765906572342,0.02157973311841488,2.5698955059051514,2.5698955059051514,22,5
267,13,specialized_enriched,active_fraction,0.010013492777943611,0.0038973353803157806,2.5693178176879883,2.5693178176879883,7,5
268,11426,specialized_enriched,active_fraction,0.037527669221162796,0.014610112644731998,2.5686092376708984,2.5686092376708984,20,5
269,2134,specialized_enriched,active_fraction,0.02499079331755638,0.009735272265970707,2.5670359134674072,2.5670359134674072,11,5
270,11445,specialized_enriched,mean,0.2641424536705017,0.10299648344516754,2.564577341079712,2.564577341079712,23,5
271,121,specialized_enriched,mean,0.14374206960201263,0.05610544979572296,2.5619983673095703,2.5619983673095703,15,5
272,11369,specialized_enriched,active_fraction,0.011228743940591812,0.004384066443890333,2.561262369155884,2.561262369155884,5,5
273,11260,specialized_enriched,mean,0.2873428463935852,0.11219193041324615,2.5611722469329834,2.5611722469329834,12,5
274,7175,specialized_enriched,mean,0.17060890793800354,0.06662026792764664,2.560915946960449,2.560915946960449,30,5
275,11449,specialized_enriched,active_fraction,0.04543408751487732,0.017774762585759163,2.556100845336914,2.556100845336914,32,5
276,12790,specialized_enriched,active_fraction,0.0066459886729717255,0.0026043965481221676,2.5518343448638916,2.5518343448638916,5,5
277,11574,specialized_enriched,mean,0.0985817238688469,0.038651250302791595,2.550544261932373,2.550544261932373,10,5
278,10430,specialized_enriched,active_fraction,0.013533617369830608,0.00531163951382041,2.547917127609253,2.547917127609253,6,5
279,10080,specialized_enriched,mean,0.14438578486442566,0.056669142097234726,2.547873020172119,2.547873020172119,13,5
280,10549,specialized_enriched,mean,0.24014411866664886,0.09437593817710876,2.5445480346679688,2.5445480346679688,23,5
281,4253,specialized_enriched,active_fraction,0.029109952971339226,0.011445200070738792,2.5434200763702393,2.5434200763702393,13,5
282,8658,specialized_enriched,active_fraction,0.02359718829393387,0.009294784627854824,2.5387558937072754,2.5387558937072754,9,5
283,5402,specialized_enriched,mean,0.2268756628036499,0.08936533331871033,2.538743495941162,2.538743495941162,27,5
284,1529,specialized_enriched,mean,0.17318004369735718,0.06834661215543747,2.5338497161865234,2.5338497161865234,20,5
285,1110,specialized_enriched,active_fraction,0.03185602277517319,0.01258817408233881,2.5306308269500732,2.5306308269500732,19,5
286,5387,specialized_enriched,max,1.1280474662780762,0.4458365738391876,2.530181646347046,2.530181646347046,6,5
287,15922,specialized_enriched,mean,0.5160290002822876,0.20400205254554749,2.5295283794403076,2.5295283794403076,15,5
288,8662,specialized_enriched,active_fraction,0.025111842900514603,0.009957109577953815,2.522001266479492,2.522001266479492,11,5
289,8220,specialized_enriched,max,1.1605429649353027,0.4603874385356903,2.520796298980713,2.520796298980713,11,5
290,7710,specialized_enriched,active_fraction,0.01887349784374237,0.007498642895370722,2.5169217586517334,2.5169217586517334,10,5
291,8249,specialized_enriched,active_fraction,0.02417849749326706,0.009642704389989376,2.507439374923706,2.507439374923706,28,5
292,14968,specialized_enriched,mean,0.045905858278274536,0.01832503266632557,2.5050902366638184,2.5050902366638184,5,5
293,1420,specialized_enriched,mean,0.45860666036605835,0.18310824036598206,2.504565954208374,2.504565954208374,21,5
294,894,specialized_enriched,mean,0.06547290086746216,0.02619796246290207,2.499160051345825,2.499160051345825,16,5
295,12785,specialized_enriched,active_fraction,0.021748222410678864,0.008703060448169708,2.4989166259765625,2.4989166259765625,11,5
296,7620,specialized_enriched,mean,0.16962012648582458,0.06794789433479309,2.496326446533203,2.496326446533203,16,5
297,11617,specialized_enriched,active_fraction,0.020852556452155113,0.00837253499776125,2.4905905723571777,2.4905905723571777,18,5
298,3963,specialized_enriched,mean,0.2611863613128662,0.10488799214363098,2.490145444869995,2.490145444869995,8,5
299,14105,specialized_enriched,active_fraction,0.018550913780927658,0.007467349991202354,2.4842700958251953,2.4842700958251953,9,5
300,14862,specialized_enriched,active_fraction,0.026842793449759483,0.010818731971085072,2.481140375137329,2.481140375137329,17,5
301,3405,specialized_enriched,max,1.0101194381713867,0.4081425368785858,2.4749183654785156,2.4749183654785156,10,5
302,2002,specialized_enriched,mean,0.08717437088489532,0.035255275666713715,2.4726617336273193,2.4726617336273193,6,5
303,10244,specialized_enriched,mean,0.08366460353136063,0.03394782915711403,2.464505195617676,2.464505195617676,10,5
304,9632,specialized_enriched,mean,0.11939652264118195,0.048461928963661194,2.4637179374694824,2.4637179374694824,5,5
305,5044,specialized_enriched,mean,0.1475803554058075,0.05997693911194801,2.460618257522583,2.460618257522583,26,5
306,10927,specialized_enriched,mean,0.26025325059890747,0.10611461848020554,2.4525673389434814,2.4525673389434814,8,5
307,3587,specialized_enriched,mean,0.08256581425666809,0.03372454643249512,2.4482409954071045,2.4482409954071045,5,5
308,14736,specialized_enriched,active_fraction,0.022158773615956306,0.009052162058651447,2.4478983879089355,2.4478983879089355,10,5
309,9456,specialized_enriched,mean,0.17564335465431213,0.07181155681610107,2.445892572402954,2.445892572402954,7,5
310,1118,specialized_enriched,active_fraction,0.03097086027264595,0.01268143579363823,2.4422202110290527,2.4422202110290527,32,5
311,2224,specialized_enriched,active_fraction,0.023710500448942184,0.009715537540614605,2.440472364425659,2.440472364425659,13,5
312,1367,specialized_enriched,active_fraction,0.01536242850124836,0.006295857019722462,2.4400854110717773,2.4400854110717773,9,5
313,7744,specialized_enriched,mean,0.07389230281114578,0.030296308919787407,2.4389870166778564,2.4389870166778564,16,5
314,3618,specialized_enriched,mean,0.08956486731767654,0.0369548574090004,2.42362904548645,2.42362904548645,21,5
315,10381,specialized_enriched,mean,0.08881727606058121,0.03670232743024826,2.419935703277588,2.419935703277588,14,5
316,10946,specialized_enriched,mean,0.15483666956424713,0.06414913386106491,2.413698434829712,2.413698434829712,30,5
317,11690,specialized_enriched,mean,0.05454843491315842,0.022605031728744507,2.4131102561950684,2.4131102561950684,9,5
318,2446,specialized_enriched,active_fraction,0.022801293060183525,0.009479355067014694,2.4053633213043213,2.4053633213043213,15,5
319,12745,specialized_enriched,active_fraction,0.016713298857212067,0.006948770955204964,2.4052164554595947,2.4052164554595947,7,5
320,169,specialized_enriched,mean,0.0904892086982727,0.037715017795562744,2.3992884159088135,2.3992884159088135,6,5
321,9957,specialized_enriched,active_fraction,0.02566784992814064,0.010698911733925343,2.399108409881592,2.399108409881592,22,5
322,9723,specialized_enriched,mean,0.09715867042541504,0.04053027182817459,2.3971877098083496,2.3971877098083496,5,5
323,9046,specialized_enriched,mean,0.10653652995824814,0.04448067769408226,2.3951191902160645,2.3951191902160645,16,5
324,14454,specialized_enriched,active_fraction,0.04398031160235405,0.01846986636519432,2.381192684173584,2.381192684173584,24,5
325,11339,specialized_enriched,mean,0.2863176167011261,0.12039216607809067,2.3782079219818115,2.3782079219818115,18,5
326,11724,specialized_enriched,max,0.5330353379249573,0.22442959249019623,2.3750669956207275,2.3750669956207275,9,5
327,7443,specialized_enriched,active_fraction,0.019550908356904984,0.00824392307549715,2.371553897857666,2.371553897857666,10,5
328,8108,specialized_enriched,active_fraction,0.022480489686131477,0.009498585015535355,2.366719961166382,2.366719961166382,17,5
329,9905,specialized_enriched,active_fraction,0.020320137962698936,0.008600925095379353,2.3625526428222656,2.3625526428222656,6,5
330,2228,specialized_enriched,active_fraction,0.05246168375015259,0.022222280502319336,2.360769510269165,2.360769510269165,26,5
331,6285,specialized_enriched,mean,0.38429147005081177,0.16293133795261383,2.358609914779663,2.358609914779663,24,5
332,10495,specialized_enriched,active_fraction,0.010580024681985378,0.004491687286645174,2.3554677963256836,2.3554677963256836,8,5
333,14137,specialized_enriched,active_fraction,0.030864078551530838,0.013113414868712425,2.353626251220703,2.353626251220703,12,5
334,12116,specialized_enriched,active_fraction,0.01719207502901554,0.007306677754968405,2.35292649269104,2.35292649269104,18,5
335,4634,specialized_enriched,mean,0.19505931437015533,0.0829438641667366,2.3517026901245117,2.3517026901245117,14,5
336,3350,specialized_enriched,mean,0.096442811191082,0.0411485992372036,2.343769073486328,2.343769073486328,21,5
337,11572,specialized_enriched,active_fraction,0.04557665437459946,0.019463922828435898,2.3415966033935547,2.3415966033935547,20,5
338,588,specialized_enriched,active_fraction,0.014776118099689484,0.006312915123999119,2.3406171798706055,2.3406171798706055,10,5
339,7192,specialized_enriched,active_fraction,0.022444678470492363,0.009599032811820507,2.3382229804992676,2.3382229804992676,8,5
340,3701,specialized_enriched,active_fraction,0.019754774868488312,0.008493383415043354,2.325901746749878,2.325901746749878,10,5
341,9299,specialized_enriched,mean,0.053581103682518005,0.02306196466088295,2.3233537673950195,2.3233537673950195,5,5
342,14244,specialized_enriched,mean,0.11263565719127655,0.04854787886142731,2.320094347000122,2.320094347000122,7,5
343,14194,specialized_enriched,mean,0.3559253215789795,0.15390190482139587,2.312676429748535,2.312676429748535,33,5
344,15642,specialized_enriched,active_fraction,0.007576413918286562,0.0032789951656013727,2.3105900287628174,2.3105900287628174,8,5
345,3653,specialized_enriched,active_fraction,0.029210714623332024,0.012653687037527561,2.308474540710449,2.308474540710449,12,5
346,3211,specialized_enriched,mean,0.09595781564712524,0.041574448347091675,2.308095932006836,2.308095932006836,9,5
347,8384,specialized_enriched,active_fraction,0.0075185466557741165,0.003259472781792283,2.306675672531128,2.306675672531128,14,5
348,15784,specialized_enriched,active_fraction,0.025571659207344055,0.011111073195934296,2.301457166671753,2.301457166671753,18,5
349,11384,specialized_enriched,mean,0.08338474482297897,0.036245979368686676,2.3005239963531494,2.3005239963531494,6,5
350,14016,specialized_enriched,active_fraction,0.013988046906888485,0.006081774830818176,2.2999942302703857,2.2999942302703857,5,5
351,2417,specialized_enriched,active_fraction,0.027119144797325134,0.011792217381298542,2.2997493743896484,2.2997493743896484,23,5
352,6262,specialized_enriched,active_fraction,0.019900744780898094,0.008674733340740204,2.29410457611084,2.29410457611084,13,5
353,5234,specialized_enriched,active_fraction,0.02161112055182457,0.009436190128326416,2.2902379035949707,2.2902379035949707,7,5
354,10162,specialized_enriched,mean,0.14873787760734558,0.06501694768667221,2.2876784801483154,2.2876784801483154,26,5
355,6983,specialized_enriched,active_fraction,0.02300729788839817,0.010071974247694016,2.2842888832092285,2.2842888832092285,13,5
356,10615,specialized_enriched,mean,0.26149019598960876,0.11448324471712112,2.2840914726257324,2.2840914726257324,32,5
357,9334,specialized_enriched,active_fraction,0.04263366386294365,0.018695876002311707,2.2803778648376465,2.2803778648376465,10,5
358,16290,specialized_enriched,active_fraction,0.03241971880197525,0.014225774444639683,2.278942346572876,2.278942346572876,19,5
359,2105,specialized_enriched,active_fraction,0.027095111086964607,0.011898729018867016,2.2771432399749756,2.2771432399749756,9,5
360,2327,specialized_enriched,mean,0.13715234398841858,0.060484010726213455,2.267580270767212,2.267580270767212,10,5
361,15203,specialized_enriched,mean,0.05742991715669632,0.025359012186527252,2.2646749019622803,2.2646749019622803,5,5
362,2018,specialized_enriched,active_fraction,0.008610816672444344,0.003802515333518386,2.264505386352539,2.264505386352539,5,5
363,15753,specialized_enriched,mean,0.06809036433696747,0.030082685872912407,2.2634403705596924,2.2634403705596924,13,5
364,5521,specialized_enriched,active_fraction,0.04196248948574066,0.018556494265794754,2.2613370418548584,2.2613370418548584,16,5
365,12942,specialized_enriched,mean,0.18861091136932373,0.08357413858175278,2.2568094730377197,2.2568094730377197,9,5
366,4561,specialized_enriched,active_fraction,0.03707440569996834,0.0164532121270895,2.2533233165740967,2.2533233165740967,26,5
367,5371,specialized_enriched,active_fraction,0.02144034206867218,0.009525991044938564,2.250720262527466,2.250720262527466,12,5
368,1711,specialized_enriched,active_fraction,0.023208139464259148,0.010313201695680618,2.250333070755005,2.250333070755005,11,5
369,10278,specialized_enriched,active_fraction,0.02401406690478325,0.010678253136575222,2.248875856399536,2.248875856399536,25,5
370,13514,specialized_enriched,mean,0.05901704728603363,0.026245133951306343,2.248685359954834,2.248685359954834,5,5
371,10478,specialized_enriched,mean,0.1329515129327774,0.05923442542552948,2.244497299194336,2.244497299194336,8,5
372,10250,specialized_enriched,active_fraction,0.019832497462630272,0.008876091800630093,2.234372615814209,2.234372615814209,21,5
373,1700,specialized_enriched,mean,0.40792226791381836,0.18277984857559204,2.2317683696746826,2.2317683696746826,28,5
374,3303,specialized_enriched,active_fraction,0.017067670822143555,0.007665462791919708,2.226567506790161,2.226567506790161,11,5
375,3037,specialized_enriched,mean,0.22901982069015503,0.10290312021970749,2.2255866527557373,2.2255866527557373,20,5
376,11586,specialized_enriched,active_fraction,0.02324332483112812,0.01045908685773611,2.222309112548828,2.222309112548828,16,5
377,13404,specialized_enriched,active_fraction,0.06828521192073822,0.03083636239171028,2.214437961578369,2.214437961578369,34,5
378,9353,specialized_enriched,active_fraction,0.05295000970363617,0.024084120988845825,2.198544502258301,2.198544502258301,29,5
379,11125,specialized_enriched,active_fraction,0.020605091005563736,0.00937340222299099,2.1982510089874268,2.1982510089874268,19,5
380,9012,specialized_enriched,active_fraction,0.022603657096624374,0.010289954952895641,2.196672201156616,2.196672201156616,19,5
381,9558,specialized_enriched,mean,0.07973214983940125,0.03630081191658974,2.1964287757873535,2.1964287757873535,14,5
382,809,specialized_enriched,active_fraction,0.03124125674366951,0.014248477295041084,2.19260311126709,2.19260311126709,23,5
383,2567,specialized_enriched,mean,0.14529123902320862,0.06637636572122574,2.1889002323150635,2.1889002323150635,13,5
384,9213,specialized_enriched,mean,0.13410444557666779,0.06130972504615784,2.1873273849487305,2.1873273849487305,6,5
385,15423,specialized_enriched,active_fraction,0.009479650296270847,0.004341546446084976,2.1834731101989746,2.1834731101989746,15,5
386,6691,specialized_enriched,mean,0.23846542835235596,0.1092270091176033,2.1832094192504883,2.1832094192504883,11,5
387,3537,specialized_enriched,active_fraction,0.030444182455539703,0.013949639163911343,2.1824350357055664,2.1824350357055664,18,5
388,2812,specialized_enriched,active_fraction,0.04234942048788071,0.019420789554715157,2.1806230545043945,2.1806230545043945,13,5
389,1346,specialized_enriched,active_fraction,0.03526712581515312,0.016177257522940636,2.1800434589385986,2.1800434589385986,23,5
390,4660,specialized_enriched,active_fraction,0.023881901055574417,0.010987007059156895,2.173649311065674,2.173649311065674,26,5
391,2028,specialized_enriched,active_fraction,0.017204822972416878,0.007916899397969246,2.1731770038604736,2.1731770038604736,14,5
392,9597,specialized_enriched,mean,0.04968901723623276,0.02287125587463379,2.172553062438965,2.172553062438965,12,5
393,13877,specialized_enriched,active_fraction,0.019868092611432076,0.00914772693067789,2.1719157695770264,2.1719157695770264,6,5
394,5227,specialized_enriched,active_fraction,0.03503604605793953,0.016133202239871025,2.17167329788208,2.17167329788208,7,5
395,12169,specialized_enriched,mean,0.2598581910133362,0.11996065080165863,2.1661951541900635,2.1661951541900635,18,5
396,6537,specialized_enriched,active_fraction,0.017108313739299774,0.007903970777988434,2.1645214557647705,2.1645214557647705,11,5
397,522,specialized_enriched,active_fraction,0.02145291306078434,0.009919852949678898,2.1626241207122803,2.1626241207122803,5,5
398,4364,specialized_enriched,mean,0.11143564432859421,0.051619697362184525,2.1587815284729004,2.1587815284729004,10,5
399,5048,specialized_enriched,mean,0.07740187644958496,0.03589700534939766,2.1562209129333496,2.1562209129333496,11,5
400,5800,specialized_enriched,mean,0.09345536679029465,0.04342110455036163,2.1523027420043945,2.1523027420043945,10,5
401,11618,specialized_enriched,active_fraction,0.019428953528404236,0.009066380560398102,2.1429669857025146,2.1429669857025146,8,5
402,4043,specialized_enriched,mean,0.06759375333786011,0.031611211597919464,2.138284206390381,2.138284206390381,5,5
403,9833,specialized_enriched,mean,0.23348644375801086,0.10925548523664474,2.137068271636963,2.137068271636963,5,5
404,7453,specialized_enriched,mean,0.15466724336147308,0.07251162827014923,2.1329991817474365,2.1329991817474365,28,5
405,7329,specialized_enriched,active_fraction,0.012203175574541092,0.005731371231377125,2.1291894912719727,2.1291894912719727,8,5
406,12900,specialized_enriched,max,1.073274850845337,0.5040918588638306,2.1291255950927734,2.1291255950927734,10,5
407,1555,specialized_enriched,active_fraction,0.012592591345310211,0.005934625398367643,2.121884822845459,2.121884822845459,9,5
408,2688,specialized_enriched,max,0.5690304040908813,0.2682846486568451,2.120995044708252,2.120995044708252,17,5
409,11218,specialized_enriched,mean,0.10914359986782074,0.0515231229364872,2.118342161178589,2.118342161178589,6,5
410,9090,specialized_enriched,mean,0.21196585893630981,0.10010209679603577,2.1174967288970947,2.1174967288970947,6,5
411,10754,specialized_enriched,max,0.8093562722206116,0.38288968801498413,2.1138105392456055,2.1138105392456055,12,5
412,6421,specialized_enriched,mean,0.07839715480804443,0.03715363144874573,2.1100804805755615,2.1100804805755615,5,5
413,11368,specialized_enriched,mean,0.11914363503456116,0.056703612208366394,2.1011648178100586,2.1011648178100586,8,5
414,3664,specialized_enriched,mean,0.1137961596250534,0.054197605699300766,2.0996530055999756,2.0996530055999756,25,5
415,9559,specialized_enriched,active_fraction,0.043796129524707794,0.02086275815963745,2.0992493629455566,2.0992493629455566,42,5
416,13499,specialized_enriched,active_fraction,0.01572825014591217,0.007504572160542011,2.095822334289551,2.095822334289551,12,5
417,13151,specialized_enriched,active_fraction,0.029725296422839165,0.014195944182574749,2.093928813934326,2.093928813934326,8,5
418,8295,specialized_enriched,active_fraction,0.04271417111158371,0.020402556285262108,2.09356951713562,2.09356951713562,17,5
419,3961,specialized_enriched,mean,0.13492357730865479,0.06462220102548599,2.0878827571868896,2.0878827571868896,15,5
420,485,specialized_enriched,mean,0.1111905425786972,0.053279418498277664,2.086932420730591,2.086932420730591,17,5
421,4833,specialized_enriched,mean,0.086744524538517,0.04157767444849014,2.086324691772461,2.086324691772461,8,5
422,3552,specialized_enriched,mean,0.11394239217042923,0.05462190508842468,2.086019992828369,2.086019992828369,9,5
423,7169,specialized_enriched,active_fraction,0.005505762062966824,0.0026435982435941696,2.0826773643493652,2.0826773643493652,5,5
424,9194,specialized_enriched,active_fraction,0.026020890101790428,0.012498365715146065,2.0819435119628906,2.0819435119628906,11,5
425,5974,specialized_enriched,active_fraction,0.02322642132639885,0.01118302159011364,2.0769360065460205,2.0769360065460205,23,5
426,1924,specialized_enriched,mean,0.1500532329082489,0.07228616625070572,2.075822353363037,2.075822353363037,21,5
427,16156,specialized_enriched,mean,0.09466541558504105,0.04567495360970497,2.072589159011841,2.072589159011841,9,5
428,9158,specialized_enriched,mean,0.20940954983234406,0.10105346888303757,2.0722649097442627,2.0722649097442627,19,5
429,631,specialized_enriched,active_fraction,0.023908022791147232,0.011573543772101402,2.0657477378845215,2.0657477378845215,32,5
430,10512,specialized_enriched,mean,0.11414142698049545,0.05526309087872505,2.0654187202453613,2.0654187202453613,10,5
431,6389,specialized_enriched,active_fraction,0.02100483328104019,0.010173127055168152,2.06473708152771,2.06473708152771,15,5
432,7502,specialized_enriched,active_fraction,0.01385906245559454,0.006721120793372393,2.062016487121582,2.062016487121582,7,5
433,9930,specialized_enriched,mean,0.16996163129806519,0.08250712603330612,2.0599629878997803,2.0599629878997803,13,5
434,13711,specialized_enriched,active_fraction,0.022280775010585785,0.010834779590368271,2.0564124584198,2.0564124584198,17,5
435,9468,specialized_enriched,mean,0.14752434194087982,0.07187812775373459,2.0524232387542725,2.0524232387542725,25,5
436,6072,specialized_enriched,mean,0.20702588558197021,0.10101112723350525,2.0495355129241943,2.0495355129241943,22,5
437,6061,specialized_enriched,mean,0.16638658940792084,0.08129584044218063,2.046680212020874,2.046680212020874,14,5
438,1549,specialized_enriched,mean,0.08190982788801193,0.04032399505376816,2.03129243850708,2.03129243850708,11,5
439,7097,specialized_enriched,mean,0.25925418734550476,0.12774764001369476,2.0294244289398193,2.0294244289398193,30,5
440,16081,specialized_enriched,active_fraction,0.008603949099779129,0.004245131742209196,2.026780128479004,2.026780128479004,6,5
441,14739,specialized_enriched,active_fraction,0.02735031768679619,0.01349484920501709,2.0267226696014404,2.0267226696014404,28,5
442,9311,specialized_enriched,active_fraction,0.011269772425293922,0.0055687869898974895,2.0237390995025635,2.0237390995025635,12,5
443,2537,specialized_enriched,active_fraction,0.033098671585321426,0.016366302967071533,2.022367000579834,2.022367000579834,16,5
444,4185,specialized_enriched,mean,0.07581230252981186,0.03749128058552742,2.0221316814422607,2.0221316814422607,22,5
445,11621,specialized_enriched,active_fraction,0.027857422828674316,0.013785124756395817,2.020832061767578,2.020832061767578,13,5
446,6496,specialized_enriched,mean,0.17127679288387299,0.08476678282022476,2.0205650329589844,2.0205650329589844,17,5
447,3713,specialized_enriched,active_fraction,0.00804031454026699,0.0040030330419540405,2.0085556507110596,2.0085556507110596,6,5
448,885,specialized_enriched,max,1.5112489461898804,0.7546980977058411,2.002454996109009,2.002454996109009,14,5
449,14803,specialized_enriched,active_fraction,0.01406971737742424,0.007037763018161058,1.9991745948791504,1.9991745948791504,7,5
450,7769,specialized_enriched,active_fraction,0.0316280759871006,0.0158543661236763,1.9949126243591309,1.9949126243591309,20,5
451,5700,specialized_enriched,active_fraction,0.02631514146924019,0.013191696256399155,1.9948261976242065,1.9948261976242065,22,5
452,13298,specialized_enriched,active_fraction,0.02855296991765499,0.014317852444946766,1.994221568107605,1.994221568107605,12,5
453,1214,specialized_enriched,active_fraction,0.025825761258602142,0.012954851612448692,1.9935203790664673,1.9935203790664673,21,5
454,16170,specialized_enriched,mean,0.05625760555267334,0.02822558768093586,1.993142008781433,1.993142008781433,15,5
455,10100,specialized_enriched,mean,0.10547904670238495,0.05293947458267212,1.9924460649490356,1.9924460649490356,21,5
456,7843,specialized_enriched,active_fraction,0.01747235842049122,0.008789866231381893,1.9877843856811523,1.9877843856811523,11,5
457,5069,specialized_enriched,mean,0.13251444697380066,0.06670592725276947,1.9865467548370361,1.9865467548370361,12,5
458,13172,specialized_enriched,max,0.7088212370872498,0.3568979501724243,1.9860613346099854,1.9860613346099854,13,5
459,12229,specialized_enriched,active_fraction,0.03467576205730438,0.017480507493019104,1.9836816787719727,1.9836816787719727,27,5
460,3640,specialized_enriched,active_fraction,0.009207717142999172,0.004642720799893141,1.983258843421936,1.983258843421936,13,5
461,15945,specialized_enriched,mean,0.037083566188812256,0.01870615966618061,1.9824254512786865,1.9824254512786865,8,5
462,14435,specialized_enriched,active_fraction,0.023672979325056076,0.01194293238222599,1.9821747541427612,1.9821747541427612,14,5
463,7088,specialized_enriched,mean,0.1169915646314621,0.059031981974840164,1.981833577156067,1.981833577156067,7,5
464,10460,specialized_enriched,active_fraction,0.015522150322794914,0.007832946255803108,1.9816490411758423,1.9816490411758423,9,5
465,7398,specialized_enriched,mean,0.12086469680070877,0.06105218082666397,1.9796949625015259,1.9796949625015259,12,5
466,15481,specialized_enriched,mean,0.14401191473007202,0.07277520000934601,1.978859782218933,1.978859782218933,6,5
467,7403,specialized_enriched,active_fraction,0.02652881108224392,0.013437124900519848,1.9742921590805054,1.9742921590805054,12,5
468,2387,specialized_enriched,active_fraction,0.014394555240869522,0.0072963354177773,1.9728472232818604,1.9728472232818604,13,5
469,6653,specialized_enriched,active_fraction,0.014363552443683147,0.007285227533429861,1.9715996980667114,1.9715996980667114,12,5
470,15789,specialized_enriched,mean,0.047181446105241776,0.02395157888531685,1.9698679447174072,1.9698679447174072,5,5
471,11630,specialized_enriched,mean,0.10492043197154999,0.05331449955701828,1.967953085899353,1.967953085899353,34,5
472,2257,specialized_enriched,active_fraction,0.025381330400705338,0.012902846559882164,1.9671108722686768,1.9671108722686768,27,5
473,7442,specialized_enriched,mean,0.08710968494415283,0.044306304305791855,1.966078758239746,1.966078758239746,6,5
474,2924,specialized_enriched,active_fraction,0.023755449801683426,0.012089721858501434,1.9649293422698975,1.9649293422698975,25,5
475,6698,specialized_enriched,mean,0.05947355180978775,0.030278408899903297,1.9642231464385986,1.9642231464385986,11,5
476,6422,specialized_enriched,mean,0.10614225268363953,0.054286666214466095,1.955217719078064,1.955217719078064,18,5
477,13428,specialized_enriched,mean,0.529809832572937,0.2711035907268524,1.954270839691162,1.954270839691162,44,5
478,10029,specialized_enriched,mean,0.099759042263031,0.05128229036927223,1.9452922344207764,1.9452922344207764,10,5
479,14851,specialized_enriched,mean,0.04228469729423523,0.021791424602270126,1.9404282569885254,1.9404282569885254,5,5
480,59,specialized_enriched,mean,0.09658672660589218,0.04980509355664253,1.9392940998077393,1.9392940998077393,13,5
481,14928,specialized_enriched,active_fraction,0.012244103476405144,0.006327426992356777,1.9350841045379639,1.9350841045379639,14,5
482,1981,specialized_enriched,max,1.259975790977478,0.6518436670303345,1.9329416751861572,1.9329416751861572,8,5
483,13556,specialized_enriched,mean,0.11244300752878189,0.058198925107717514,1.9320461750030518,1.9320461750030518,15,5
484,12534,specialized_enriched,active_fraction,0.02229767106473446,0.01155820768326521,1.9291633367538452,1.9291633367538452,15,5
485,9924,specialized_enriched,mean,0.06475957483053207,0.033624764531850815,1.9259487390518188,1.9259487390518188,10,5
486,9701,specialized_enriched,mean,0.07294201105833054,0.03798901289701462,1.9200817346572876,1.9200817346572876,13,5
487,8111,specialized_enriched,active_fraction,0.015234529972076416,0.007939700037240982,1.9187790155410767,1.9187790155410767,26,5
488,6339,specialized_enriched,mean,0.13698232173919678,0.07150831818580627,1.9156137704849243,1.9156137704849243,6,5
489,6151,specialized_enriched,active_fraction,0.007929917424917221,0.004143482074141502,1.9138293266296387,1.9138293266296387,7,5
490,16277,specialized_enriched,mean,0.08754107356071472,0.045788299292325974,1.9118655920028687,1.9118655920028687,8,5
491,8973,specialized_enriched,active_fraction,0.03462490811944008,0.01811840571463108,1.9110350608825684,1.9110350608825684,20,5
492,10908,specialized_enriched,active_fraction,0.02030075341463089,0.01065233163535595,1.9057568311691284,1.9057568311691284,21,5
493,8564,specialized_enriched,active_fraction,0.028014037758111954,0.014783347025513649,1.894972562789917,1.894972562789917,8,5
494,10509,specialized_enriched,active_fraction,0.01685716211795807,0.00890368688851595,1.8932788372039795,1.8932788372039795,14,5
495,9219,specialized_enriched,mean,0.08235287666320801,0.04350781440734863,1.8928295373916626,1.8928295373916626,13,5
496,7474,specialized_enriched,mean,0.17832022905349731,0.09433409571647644,1.8903051614761353,1.8903051614761353,6,5
497,5336,specialized_enriched,mean,0.07375916093587875,0.03903896361589432,1.8893729448318481,1.8893729448318481,23,5
498,6469,specialized_enriched,mean,0.11122038960456848,0.05890507623553276,1.8881291151046753,1.8881291151046753,5,5
499,5941,specialized_enriched,active_fraction,0.037503208965063095,0.01990855485200882,1.8837735652923584,1.8837735652923584,16,5
500,5582,specialized_enriched,active_fraction,0.02168950065970421,0.011520221829414368,1.88273286819458,1.88273286819458,9,5
501,4136,specialized_enriched,active_fraction,0.018031548708677292,0.00960202794522047,1.877889633178711,1.877889633178711,15,5
502,9237,specialized_enriched,active_fraction,0.02028581127524376,0.010804331861436367,1.8775627613067627,1.8775627613067627,13,5
503,11159,specialized_enriched,mean,0.022276323288679123,0.011884729377925396,1.874365210533142,1.874365210533142,6,5
504,14378,specialized_enriched,active_fraction,0.024702101945877075,0.013183794915676117,1.873671531677246,1.873671531677246,20,5
505,2701,specialized_enriched,active_fraction,0.012228620238602161,0.006532736588269472,1.8718985319137573,1.8718985319137573,11,5
506,5226,specialized_enriched,active_fraction,0.01648673415184021,0.008815602399408817,1.8701766729354858,1.8701766729354858,8,5
507,5541,specialized_enriched,active_fraction,0.03300550952553749,0.017658406868577003,1.8691102266311646,1.8691102266311646,21,5
508,4822,specialized_enriched,mean,0.06209225580096245,0.03322127088904381,1.869051218032837,1.869051218032837,14,5
509,8616,specialized_enriched,active_fraction,0.01316930539906025,0.007073311600834131,1.861830234527588,1.861830234527588,14,5
510,4670,specialized_enriched,active_fraction,0.03326928988099098,0.01786961778998375,1.8617795705795288,1.8617795705795288,21,5
511,1591,specialized_enriched,mean,0.09190373122692108,0.04956892877817154,1.8540592193603516,1.8540592193603516,6,5
512,11507,specialized_enriched,mean,0.09990423172712326,0.05392207205295563,1.8527520895004272,1.8527520895004272,18,5
513,2306,specialized_enriched,mean,0.03835123032331467,0.020729295909404755,1.8500980138778687,1.8500980138778687,10,5
514,7882,specialized_enriched,active_fraction,0.009753605350852013,0.005279448349028826,1.8474667072296143,1.8474667072296143,13,5
515,6005,specialized_enriched,mean,0.048367030918598175,0.02622084878385067,1.8446019887924194,1.8446019887924194,13,5
516,1639,specialized_enriched,mean,0.08575905859470367,0.046494051814079285,1.8445167541503906,1.8445167541503906,15,5
517,4375,specialized_enriched,active_fraction,0.019807878881692886,0.010739143937826157,1.8444560766220093,1.8444560766220093,10,5
518,3203,specialized_enriched,active_fraction,0.015674540773034096,0.008503436110913754,1.8433184623718262,1.8433184623718262,12,5
519,13359,specialized_enriched,active_fraction,0.011291885748505592,0.006128971464931965,1.8423786163330078,1.8423786163330078,6,5
520,4525,specialized_enriched,mean,0.16262023150920868,0.08850160986185074,1.837483286857605,1.837483286857605,25,5
521,9323,specialized_enriched,active_fraction,0.01094408892095089,0.0059579056687653065,1.8369020223617554,1.8369020223617554,5,5
522,7982,specialized_enriched,active_fraction,0.02091692015528679,0.011401576921343803,1.8345637321472168,1.8345637321472168,7,5
523,9546,specialized_enriched,mean,0.11361996829509735,0.062084849923849106,1.8300756216049194,1.8300756216049194,11,5
524,13408,specialized_enriched,mean,0.2255762815475464,0.12336450815200806,1.828534722328186,1.828534722328186,19,5
525,13002,specialized_enriched,mean,0.09436918795108795,0.05175171047449112,1.8234989643096924,1.8234989643096924,6,5
526,6184,specialized_enriched,active_fraction,0.02887481451034546,0.015846868976950645,1.8221148252487183,1.8221148252487183,21,5
527,4293,specialized_enriched,active_fraction,0.014419060200452805,0.007914730347692966,1.8218005895614624,1.8218005895614624,10,5
528,14639,specialized_enriched,mean,0.07761210203170776,0.04270455613732338,1.8174197673797607,1.8174197673797607,16,5
529,14138,specialized_enriched,active_fraction,0.026446497067809105,0.014686292968690395,1.8007605075836182,1.8007605075836182,16,5
530,1223,specialized_enriched,mean,0.02660534158349037,0.014790655113756657,1.7987940311431885,1.7987940311431885,5,5
531,10621,specialized_enriched,mean,0.12884464859962463,0.0717230886220932,1.7964180707931519,1.7964180707931519,11,5
532,12408,specialized_enriched,active_fraction,0.006481111980974674,0.0036105660255998373,1.7950403690338135,1.7950403690338135,9,5
533,4352,specialized_enriched,mean,0.2189113050699234,0.12212284654378891,1.792549967765808,1.792549967765808,17,5
534,827,specialized_enriched,mean,0.3226628303527832,0.18006746470928192,1.7918996810913086,1.7918996810913086,43,5
535,13080,specialized_enriched,active_fraction,0.039748065173625946,0.022217560559511185,1.7890381813049316,1.7890381813049316,22,5
536,4021,specialized_enriched,mean,0.0729670375585556,0.04095025360584259,1.7818458080291748,1.7818458080291748,11,5
537,9452,specialized_enriched,mean,0.03621337562799454,0.02033114619553089,1.781177282333374,1.781177282333374,5,5
538,9929,specialized_enriched,mean,0.07218250632286072,0.04053228348493576,1.7808645963668823,1.7808645963668823,24,5
539,4282,specialized_enriched,mean,0.22956062853336334,0.12939724326133728,1.7740767002105713,1.7740767002105713,7,5
540,12598,specialized_enriched,mean,0.1362771838903427,0.07684183120727539,1.773476481437683,1.773476481437683,9,5
541,5126,specialized_enriched,mean,0.2974337339401245,0.16781717538833618,1.7723677158355713,1.7723677158355713,36,5
542,9451,specialized_enriched,mean,0.07200787216424942,0.04063006862998009,1.7722803354263306,1.7722803354263306,11,5
543,903,specialized_enriched,mean,0.06521110236644745,0.036819323897361755,1.7711107730865479,1.7711107730865479,23,5
544,6355,specialized_enriched,max,0.5119693279266357,0.289216011762619,1.7701970338821411,1.7701970338821411,12,5
545,1280,specialized_enriched,active_fraction,0.01617095060646534,0.009137059561908245,1.769819974899292,1.769819974899292,9,5
546,7592,specialized_enriched,mean,0.2689652144908905,0.15290769934654236,1.759003758430481,1.759003758430481,10,5
547,7133,specialized_enriched,active_fraction,0.020673803985118866,0.01177920401096344,1.755110502243042,1.755110502243042,13,5
548,16154,specialized_enriched,mean,0.08239012956619263,0.04698159173130989,1.7536683082580566,1.7536683082580566,23,5
549,7905,specialized_enriched,active_fraction,0.019303083419799805,0.011014421470463276,1.7525280714035034,1.7525280714035034,25,5
550,14691,specialized_enriched,mean,0.08483828604221344,0.04841044172644615,1.752479076385498,1.752479076385498,14,5
551,5536,specialized_enriched,mean,0.036303937435150146,0.020732538774609566,1.7510608434677124,1.7510608434677124,8,5
552,4907,specialized_enriched,active_fraction,0.027277514338493347,0.015594794414937496,1.7491422891616821,1.7491422891616821,22,5
553,3554,specialized_enriched,active_fraction,0.01665494777262211,0.009536847472190857,1.746378779411316,1.746378779411316,12,5
554,5552,specialized_enriched,active_fraction,0.004979269579052925,0.002852722303941846,1.745444893836975,1.745444893836975,6,5
555,12362,specialized_enriched,active_fraction,0.049322836101055145,0.028261307626962662,1.7452424764633179,1.7452424764633179,18,5
556,13893,specialized_enriched,mean,0.09981737285852432,0.05721302703022957,1.744661569595337,1.744661569595337,17,5
557,3721,specialized_enriched,mean,0.11217522621154785,0.0643162801861763,1.7441186904907227,1.7441186904907227,10,5
558,5101,specialized_enriched,mean,0.1296524703502655,0.07441823929548264,1.7422136068344116,1.7422136068344116,36,5
559,15320,specialized_enriched,mean,0.22043836116790771,0.12687769532203674,1.7374082803726196,1.7374082803726196,37,5
560,1548,specialized_enriched,mean,0.09046880900859833,0.05212235823273659,1.7357006072998047,1.7357006072998047,32,5
561,9143,specialized_enriched,active_fraction,0.00872555561363697,0.005027702543884516,1.7354955673217773,1.7354955673217773,5,5
562,43,specialized_enriched,mean,0.04963405430316925,0.02862868830561638,1.7337173223495483,1.7337173223495483,10,5
563,11233,specialized_enriched,mean,0.1487172544002533,0.08583075553178787,1.7326802015304565,1.7326802015304565,9,5
564,5498,specialized_enriched,mean,0.0534617081284523,0.03095228038728237,1.7272300720214844,1.7272300720214844,9,5
565,11227,specialized_enriched,active_fraction,0.020083017647266388,0.011642475612461567,1.7249783277511597,1.7249783277511597,21,5
566,12253,specialized_enriched,active_fraction,0.013435134664177895,0.007792229298502207,1.7241708040237427,1.7241708040237427,13,5
567,1059,specialized_enriched,mean,0.18856656551361084,0.1095062717795372,1.7219704389572144,1.7219704389572144,27,5
568,2258,specialized_enriched,mean,0.07075370103120804,0.04126901552081108,1.7144509553909302,1.7144509553909302,12,5
569,10985,specialized_enriched,active_fraction,0.023535151034593582,0.013760166242718697,1.7103826999664307,1.7103826999664307,14,5
570,2786,specialized_enriched,mean,0.14146307110786438,0.08272773027420044,1.7099837064743042,1.7099837064743042,18,5
571,5627,specialized_enriched,active_fraction,0.018075596541166306,0.010620617307722569,1.7019346952438354,1.7019346952438354,23,5
572,5578,specialized_enriched,active_fraction,0.01615486666560173,0.00949417520314455,1.701555609703064,1.701555609703064,23,5
573,1060,specialized_enriched,mean,0.02158285677433014,0.01269148476421833,1.700577735900879,1.700577735900879,13,5
574,11510,specialized_enriched,active_fraction,0.01917065680027008,0.011274759657680988,1.7003161907196045,1.7003161907196045,11,5
575,1895,specialized_enriched,mean,0.09536609053611755,0.05619059503078461,1.6971895694732666,1.6971895694732666,29,5
576,975,specialized_enriched,mean,0.09838429093360901,0.05797651782631874,1.6969679594039917,1.6969679594039917,23,5
577,9099,specialized_enriched,active_fraction,0.01871214248239994,0.011065827682614326,1.6909844875335693,1.6909844875335693,9,5
578,4991,specialized_enriched,active_fraction,0.03298152983188629,0.019519658759236336,1.6896570920944214,1.6896570920944214,19,5
579,10247,specialized_enriched,active_fraction,0.010721197351813316,0.006354315672069788,1.6872308254241943,1.6872308254241943,10,5
580,5210,specialized_enriched,mean,0.0640673115849495,0.037983231246471405,1.6867262125015259,1.6867262125015259,8,5
581,7984,specialized_enriched,mean,0.0700342059135437,0.04152267053723335,1.6866497993469238,1.6866497993469238,13,5
582,4339,specialized_enriched,active_fraction,0.040232621133327484,0.02386205457150936,1.6860501766204834,1.6860501766204834,25,5
583,1127,specialized_enriched,active_fraction,0.014027482829988003,0.008319975808262825,1.6860004663467407,1.6860004663467407,5,5
584,10088,specialized_enriched,active_fraction,0.018306635320186615,0.010875973850488663,1.683218002319336,1.683218002319336,21,5
585,2737,specialized_enriched,active_fraction,0.009854334406554699,0.005863870494067669,1.6805170774459839,1.6805170774459839,8,5
586,5756,specialized_enriched,mean,0.08644149452447891,0.051740862429142,1.6706620454788208,1.6706620454788208,5,5
587,10441,specialized_enriched,mean,0.06291122734546661,0.03769325837492943,1.6690312623977661,1.6690312623977661,14,5
588,6919,specialized_enriched,max,0.6298497319221497,0.37782472372055054,1.6670421361923218,1.6670421361923218,8,5
589,9777,specialized_enriched,active_fraction,0.005990609526634216,0.0035945933777838945,1.6665611267089844,1.6665611267089844,5,5
590,15548,specialized_enriched,mean,0.10185915231704712,0.06126658245921135,1.6625564098358154,1.6625564098358154,25,5
591,2346,specialized_enriched,active_fraction,0.01568766124546528,0.009440031833946705,1.6618229150772095,1.6618229150772095,11,5
592,807,specialized_enriched,active_fraction,0.012176914140582085,0.007344632409512997,1.6579338312149048,1.6579338312149048,17,5
593,10254,specialized_enriched,active_fraction,0.014824884943664074,0.008952542208135128,1.655941367149353,1.655941367149353,9,5
594,9961,specialized_enriched,mean,0.10330954939126968,0.062452659010887146,1.6542057991027832,1.6542057991027832,8,5
595,11141,specialized_enriched,mean,0.07596144080162048,0.04592084512114525,1.6541820764541626,1.6541820764541626,18,5
596,13818,specialized_enriched,mean,0.12756645679473877,0.07715550065040588,1.6533682346343994,1.6533682346343994,21,5
597,1231,specialized_enriched,active_fraction,0.052445188164711,0.031785350292921066,1.649979829788208,1.649979829788208,39,5
598,10269,specialized_enriched,active_fraction,0.011178075335919857,0.006784980650991201,1.6474734544754028,1.6474734544754028,8,5
599,15938,specialized_enriched,active_fraction,0.008579402230679989,0.005225743632763624,1.6417572498321533,1.6417572498321533,10,5
600,11353,specialized_enriched,mean,0.17269247770309448,0.10535077750682831,1.639214038848877,1.639214038848877,22,5
601,14829,specialized_enriched,mean,0.153341144323349,0.09366484731435776,1.637125849723816,1.637125849723816,26,5
602,811,specialized_enriched,mean,0.08193659782409668,0.05011168122291565,1.6350798606872559,1.6350798606872559,6,5
603,7085,specialized_enriched,active_fraction,0.01598060317337513,0.009791219606995583,1.6321361064910889,1.6321361064910889,11,5
604,7777,specialized_enriched,mean,0.12090767920017242,0.07424957305192947,1.6283955574035645,1.6283955574035645,24,5
605,2405,specialized_enriched,active_fraction,0.009758548811078072,0.006015040446072817,1.622357964515686,1.622357964515686,5,5
606,11282,specialized_enriched,mean,0.07552316784858704,0.046553630381822586,1.6222831010818481,1.6222831010818481,8,5
607,10291,specialized_enriched,active_fraction,0.01277055125683546,0.007895381189882755,1.6174710988998413,1.6174710988998413,8,5
608,14765,specialized_enriched,mean,0.06464885175228119,0.0400058776140213,1.6159838438034058,1.6159838438034058,21,5
609,1407,specialized_enriched,mean,0.15177196264266968,0.09405060857534409,1.6137264966964722,1.6137264966964722,7,5
610,5584,specialized_enriched,mean,0.054102927446365356,0.03355785459280014,1.6122283935546875,1.6122283935546875,18,5
611,8820,specialized_enriched,mean,0.10360909253358841,0.06433063000440598,1.6105717420578003,1.6105717420578003,6,5
612,10127,specialized_enriched,mean,0.09682103991508484,0.06013604998588562,1.6100332736968994,1.6100332736968994,18,5
613,16018,specialized_enriched,mean,0.06113363802433014,0.037970829755067825,1.610015869140625,1.610015869140625,21,5
614,3451,specialized_enriched,mean,0.04195132851600647,0.026059629395604134,1.6098206043243408,1.6098206043243408,5,5
615,15899,specialized_enriched,mean,0.13788549602031708,0.0857388973236084,1.608202338218689,1.608202338218689,28,5
616,5692,specialized_enriched,active_fraction,0.03714456409215927,0.023127401247620583,1.6060847043991089,1.6060847043991089,28,5
617,15153,specialized_enriched,mean,0.20971271395683289,0.13118931651115417,1.5985502004623413,1.5985502004623413,24,5
618,1907,specialized_enriched,active_fraction,0.015169896185398102,0.009519511833786964,1.5935581922531128,1.5935581922531128,15,5
619,9104,specialized_enriched,mean,0.09032219648361206,0.05671001598238945,1.5927027463912964,1.5927027463912964,5,5
620,7507,specialized_enriched,active_fraction,0.02190188504755497,0.013795394450426102,1.5876230001449585,1.5876230001449585,15,5
621,8094,specialized_enriched,mean,0.06615886092185974,0.04179004207253456,1.5831249952316284,1.5831249952316284,12,5
622,10309,specialized_enriched,active_fraction,0.024101655930280685,0.015233210287988186,1.5821783542633057,1.5821783542633057,21,5
623,3770,specialized_enriched,mean,0.18653222918510437,0.11791573464870453,1.581911325454712,1.581911325454712,22,5
624,553,specialized_enriched,mean,0.13179528713226318,0.08356514573097229,1.5771561861038208,1.5771561861038208,17,5
625,4148,specialized_enriched,active_fraction,0.022542301565408707,0.014320404268801212,1.5741386413574219,1.5741386413574219,25,5
626,14083,specialized_enriched,mean,0.17131713032722473,0.10884851217269897,1.5739041566848755,1.5739041566848755,35,5
627,11084,specialized_enriched,active_fraction,0.01556716114282608,0.009897124953567982,1.5728973150253296,1.5728973150253296,22,5
628,2911,specialized_enriched,mean,0.20426011085510254,0.13002237677574158,1.5709612369537354,1.5709612369537354,21,5
629,4381,specialized_enriched,mean,0.059356674551963806,0.03780866414308548,1.5699225664138794,1.5699225664138794,23,5
630,6086,specialized_enriched,active_fraction,0.011061159893870354,0.007054839748889208,1.5678825378417969,1.5678825378417969,13,5
631,13715,specialized_enriched,active_fraction,0.015961285680532455,0.01018045749515295,1.567835807800293,1.567835807800293,25,5
632,11421,specialized_enriched,mean,0.06197395175695419,0.039615314453840256,1.5643937587738037,1.5643937587738037,9,5
633,4849,specialized_enriched,mean,0.14273382723331451,0.09154905378818512,1.5590966939926147,1.5590966939926147,9,5
634,11420,specialized_enriched,active_fraction,0.01963534764945507,0.01259780116379261,1.5586329698562622,1.5586329698562622,8,5
635,13789,specialized_enriched,active_fraction,0.052493780851364136,0.03379227593541145,1.5534254312515259,1.5534254312515259,31,5
636,12787,specialized_enriched,mean,0.06266587227582932,0.04037562757730484,1.5520718097686768,1.5520718097686768,11,5
637,11558,specialized_enriched,mean,0.06963381916284561,0.04487908259034157,1.5515873432159424,1.5515873432159424,12,5
638,15534,specialized_enriched,mean,0.06663285195827484,0.04306502640247345,1.547261357307434,1.547261357307434,9,5
639,5409,specialized_enriched,active_fraction,0.023084480315446854,0.01492382399737835,1.5468207597732544,1.5468207597732544,15,5
640,743,specialized_enriched,active_fraction,0.009221858344972134,0.005962936673313379,1.5465296506881714,1.5465296506881714,7,5
641,11905,specialized_enriched,mean,0.13663427531719208,0.08850251138210297,1.5438462495803833,1.5438462495803833,15,5
642,6398,specialized_enriched,mean,0.08281857520341873,0.053750813007354736,1.5407873392105103,1.5407873392105103,8,5
643,14050,specialized_enriched,active_fraction,0.011088534258306026,0.007200124207884073,1.5400476455688477,1.5400476455688477,5,5
644,10133,specialized_enriched,mean,0.12516380846500397,0.08174172788858414,1.5312106609344482,1.5312106609344482,16,5
645,12368,specialized_enriched,active_fraction,0.03544542193412781,0.023199541494250298,1.5278501510620117,1.5278501510620117,28,5
646,4938,specialized_enriched,active_fraction,0.012758314609527588,0.008355215191841125,1.52698814868927,1.52698814868927,18,5
647,7241,specialized_enriched,active_fraction,0.01912950724363327,0.012534496374428272,1.526148796081543,1.526148796081543,20,5
648,15069,specialized_enriched,mean,0.08691638708114624,0.05708055570721626,1.5226969718933105,1.5226969718933105,10,5
649,14659,specialized_enriched,active_fraction,0.013888325542211533,0.009141843765974045,1.519204020500183,1.519204020500183,15,5
650,3719,specialized_enriched,mean,0.12280075252056122,0.08090586960315704,1.517822504043579,1.517822504043579,12,5
651,7402,specialized_enriched,mean,0.2554459273815155,0.16854804754257202,1.515567421913147,1.515567421913147,21,5
652,1956,specialized_enriched,active_fraction,0.01825006864964962,0.012051700614392757,1.5143147706985474,1.5143147706985474,8,5
653,9150,specialized_enriched,active_fraction,0.01036711223423481,0.006847263313829899,1.514051914215088,1.514051914215088,5,5
654,6135,specialized_enriched,active_fraction,0.006289143580943346,0.004158637952059507,1.5123084783554077,1.5123084783554077,9,5
655,10736,specialized_enriched,active_fraction,0.014083578251302242,0.009314828552305698,1.511952519416809,1.511952519416809,11,5
656,14442,specialized_enriched,active_fraction,0.012852098792791367,0.00850329827517271,1.5114251375198364,1.5114251375198364,9,5
657,9757,specialized_enriched,active_fraction,0.03134090453386307,0.02084873430430889,1.5032521486282349,1.5032521486282349,15,5
658,12243,specialized_enriched,active_fraction,0.011221276596188545,0.007472831755876541,1.5016096830368042,1.5016096830368042,6,5
659,6097,specialized_enriched,mean,0.06456244736909866,0.04301948845386505,1.5007721185684204,1.5007721185684204,6,5
660,11811,specialized_enriched,mean,0.039805665612220764,0.026545517146587372,1.4995249509811401,1.4995249509811401,6,5
661,6670,specialized_enriched,active_fraction,0.005929110571742058,0.003969672601670027,1.49360191822052,1.49360191822052,7,5
662,9543,specialized_enriched,active_fraction,0.011444013565778732,0.007669312879443169,1.4921823740005493,1.4921823740005493,11,5
663,14950,specialized_enriched,mean,0.03277551382780075,0.021988773718476295,1.4905567169189453,1.4905567169189453,10,5
664,9142,specialized_enriched,active_fraction,0.018107810989022255,0.012149106711149216,1.490464448928833,1.490464448928833,13,5
665,5751,specialized_enriched,active_fraction,0.016901418566703796,0.011349937878549099,1.4891198873519897,1.4891198873519897,18,5
666,16125,specialized_enriched,mean,0.11736729741096497,0.07887019962072372,1.4881069660186768,1.4881069660186768,32,5
667,161,specialized_enriched,mean,0.07159692049026489,0.048302240669727325,1.4822691679000854,1.4822691679000854,13,5
668,14973,specialized_enriched,active_fraction,0.02541201561689377,0.017153918743133545,1.4814116954803467,1.4814116954803467,32,5
669,7966,specialized_enriched,mean,0.06658180803060532,0.04498598352074623,1.4800567626953125,1.4800567626953125,21,5
670,8587,specialized_enriched,active_fraction,0.03557749092578888,0.02403990924358368,1.4799344539642334,1.4799344539642334,26,5
671,8860,specialized_enriched,active_fraction,0.027906514704227448,0.018858496099710464,1.4797847270965576,1.4797847270965576,22,5
672,3574,specialized_enriched,active_fraction,0.01969963312149048,0.013313109055161476,1.4797168970108032,1.4797168970108032,21,5
673,120,specialized_enriched,mean,0.07770664989948273,0.05262376368045807,1.476645588874817,1.476645588874817,5,5
674,5635,specialized_enriched,active_fraction,0.013577982783317566,0.009195525199174881,1.476585865020752,1.476585865020752,18,5
675,14515,specialized_enriched,mean,0.053388819098472595,0.036196716129779816,1.4749630689620972,1.4749630689620972,6,5
676,12325,specialized_enriched,mean,0.07224397361278534,0.049286846071481705,1.465786099433899,1.465786099433899,10,5
677,15654,specialized_enriched,active_fraction,0.014823894947767258,0.010114935226738453,1.4655451774597168,1.4655451774597168,20,5
678,15041,specialized_enriched,mean,0.10374905169010162,0.07089393585920334,1.4634404182434082,1.4634404182434082,19,5
679,12331,specialized_enriched,mean,0.13545243442058563,0.09265053272247314,1.461971402168274,1.461971402168274,14,5
680,15439,specialized_enriched,mean,0.1553226113319397,0.10626772046089172,1.4616161584854126,1.4616161584854126,11,5
681,14629,specialized_enriched,active_fraction,0.012952182441949844,0.008868887089192867,1.46040678024292,1.46040678024292,11,5
682,5463,specialized_enriched,mean,0.04584707319736481,0.031474821269512177,1.4566270112991333,1.4566270112991333,16,5
683,7261,specialized_enriched,active_fraction,0.020675785839557648,0.014194495044648647,1.4566059112548828,1.4566059112548828,16,5
684,5284,specialized_enriched,active_fraction,0.005341167561709881,0.0036719886120408773,1.4545708894729614,1.4545708894729614,9,5
685,7072,specialized_enriched,mean,0.09812822937965393,0.06763555854558945,1.4508378505706787,1.4508378505706787,9,5
686,4550,specialized_enriched,active_fraction,0.015410920605063438,0.010636969469487667,1.4488074779510498,1.4488074779510498,14,5
687,7579,specialized_enriched,active_fraction,0.016300152987241745,0.011286215856671333,1.4442532062530518,1.4442532062530518,11,5
688,9650,specialized_enriched,active_fraction,0.019254297018051147,0.013333695940673351,1.4440330266952515,1.4440330266952515,31,5
689,13416,specialized_enriched,mean,0.12380297482013702,0.08579942584037781,1.4429347515106201,1.4429347515106201,21,5
690,10922,specialized_enriched,active_fraction,0.013803105801343918,0.009570528753101826,1.4422510862350464,1.4422510862350464,15,5
691,144,specialized_enriched,active_fraction,0.025931499898433685,0.01803574152290821,1.43778395652771,1.43778395652771,24,5
692,15533,specialized_enriched,mean,0.051534540951251984,0.035871461033821106,1.4366445541381836,1.4366445541381836,24,5
693,2310,specialized_enriched,active_fraction,0.018496107310056686,0.012891451828181744,1.4347574710845947,1.4347574710845947,29,5
694,11252,specialized_enriched,mean,0.13814827799797058,0.0966968983411789,1.428673267364502,1.428673267364502,17,5
695,14072,specialized_enriched,active_fraction,0.015527652576565742,0.010883897542953491,1.4266629219055176,1.4266629219055176,17,5
696,3171,specialized_enriched,active_fraction,0.011616216972470284,0.008156795054674149,1.4241153001785278,1.4241153001785278,8,5
697,3200,specialized_enriched,active_fraction,0.015314148738980293,0.010772354900836945,1.421615719795227,1.421615719795227,7,5
698,10107,specialized_enriched,active_fraction,0.015650033950805664,0.011047172360122204,1.41665518283844,1.41665518283844,9,5
699,15998,specialized_enriched,mean,0.03386051952838898,0.02393292635679245,1.414808988571167,1.414808988571167,6,5
700,11091,specialized_enriched,active_fraction,0.019874144345521927,0.01406824216246605,1.4126956462860107,1.4126956462860107,21,5
701,13631,specialized_enriched,mean,0.2569550573825836,0.18197204172611237,1.412057876586914,1.412057876586914,19,5
702,9075,specialized_enriched,active_fraction,0.0064335535280406475,0.004567215219140053,1.4086381196975708,1.4086381196975708,7,5
703,16102,specialized_enriched,max,0.4518465995788574,0.32184112071990967,1.4039430618286133,1.4039430618286133,9,5
704,5954,specialized_enriched,mean,0.06870751082897186,0.048987455666065216,1.4025532007217407,1.4025532007217407,22,5
705,6002,specialized_enriched,mean,0.0594618059694767,0.042398300021886826,1.402457356452942,1.402457356452942,5,5
706,14937,specialized_enriched,mean,0.14932399988174438,0.10659601539373398,1.400840401649475,1.400840401649475,29,5
707,1712,specialized_enriched,mean,0.093679279088974,0.06694890558719635,1.3992652893066406,1.3992652893066406,33,5
708,11142,specialized_enriched,mean,0.09774323552846909,0.06995182484388351,1.3972935676574707,1.3972935676574707,8,5
709,9827,specialized_enriched,mean,0.06978274136781693,0.05005275830626488,1.3941837549209595,1.3941837549209595,7,5
710,14264,specialized_enriched,max,0.44425538182258606,0.3199021518230438,1.3887226581573486,1.3887226581573486,6,5
711,14008,specialized_enriched,mean,0.0826154351234436,0.05949707701802254,1.3885629177093506,1.3885629177093506,9,5
712,10845,specialized_enriched,mean,0.11201244592666626,0.08082005381584167,1.385948657989502,1.385948657989502,22,5
713,7815,specialized_enriched,active_fraction,0.0076269106939435005,0.005522206425666809,1.3811346292495728,1.3811346292495728,10,5
714,3878,specialized_enriched,active_fraction,0.008039570413529873,0.005822253413498402,1.3808348178863525,1.3808348178863525,9,5
715,10229,specialized_enriched,active_fraction,0.028520382940769196,0.0206605214625597,1.3804290294647217,1.3804290294647217,26,5
716,9788,specialized_enriched,mean,0.11508947610855103,0.08339348435401917,1.380077600479126,1.380077600479126,8,5
717,938,specialized_enriched,max,0.6266885995864868,0.45456409454345703,1.378658413887024,1.378658413887024,12,5
718,1054,specialized_enriched,mean,0.1870274543762207,0.13580843806266785,1.3771415948867798,1.3771415948867798,14,5
719,14003,specialized_enriched,max,1.0119860172271729,0.7374239563941956,1.3723258972167969,1.3723258972167969,7,5
720,2359,specialized_enriched,max,0.8079039454460144,0.5902631282806396,1.3687182664871216,1.3687182664871216,5,5
721,11365,specialized_enriched,active_fraction,0.012257473543286324,0.008963125757873058,1.3675445318222046,1.3675445318222046,9,5
722,12527,specialized_enriched,active_fraction,0.005620308220386505,0.0041305748745799065,1.3606600761413574,1.3606600761413574,5,5
723,6693,specialized_enriched,active_fraction,0.006227796897292137,0.0045809089206159115,1.359511137008667,1.359511137008667,15,5
724,4495,specialized_enriched,mean,0.0734686404466629,0.05407199263572693,1.358718991279602,1.358718991279602,6,5
725,1373,specialized_enriched,mean,0.14419162273406982,0.10627869516611099,1.3567311763763428,1.3567311763763428,39,5
726,8400,specialized_enriched,active_fraction,0.01315028965473175,0.009694361127912998,1.356488585472107,1.356488585472107,22,5
727,13003,specialized_enriched,active_fraction,0.015745511278510094,0.011628132313489914,1.3540877103805542,1.3540877103805542,13,5
728,3044,specialized_enriched,active_fraction,0.01231200061738491,0.009095882065594196,1.3535796403884888,1.3535796403884888,12,5
729,4313,specialized_enriched,mean,0.06331612169742584,0.04684361442923546,1.3516489267349243,1.3516489267349243,7,5
730,1159,specialized_enriched,active_fraction,0.01193497609347105,0.008838403970003128,1.3503541946411133,1.3503541946411133,8,5
731,5105,specialized_enriched,active_fraction,0.037000130861997604,0.027445117011666298,1.3481498956680298,1.3481498956680298,15,5
732,3500,specialized_enriched,active_fraction,0.005753723904490471,0.004276302643120289,1.3454903364181519,1.3454903364181519,5,5
733,11428,specialized_enriched,active_fraction,0.011313769966363907,0.008413496427237988,1.3447167873382568,1.3447167873382568,13,5
734,14330,specialized_enriched,mean,0.10102696716785431,0.07521772384643555,1.3431271314620972,1.3431271314620972,22,5
735,10753,specialized_enriched,mean,0.10870349407196045,0.08137022703886032,1.3359123468399048,1.3359123468399048,15,5
736,6371,specialized_enriched,active_fraction,0.02170145884156227,0.016247181221842766,1.335706114768982,1.335706114768982,20,5
737,11953,specialized_enriched,active_fraction,0.005238215439021587,0.0039289663545787334,1.333229899406433,1.333229899406433,6,5
738,3993,specialized_enriched,mean,0.1454002857208252,0.10915913432836533,1.332002878189087,1.332002878189087,40,5
739,12544,specialized_enriched,mean,0.06082136183977127,0.04578598588705063,1.3283838033676147,1.3283838033676147,8,5
740,5163,specialized_enriched,active_fraction,0.009133799932897091,0.006883743219077587,1.326865315437317,1.326865315437317,9,5
741,10885,specialized_enriched,mean,0.05698074772953987,0.04298122227191925,1.3257125616073608,1.3257125616073608,6,5
742,12907,specialized_enriched,mean,0.06607170403003693,0.0499802827835083,1.3219554424285889,1.3219554424285889,12,5
743,11852,specialized_enriched,active_fraction,0.004027140326797962,0.003049747319892049,1.3204833269119263,1.3204833269119263,5,5
744,9280,specialized_enriched,mean,0.18085703253746033,0.13698282837867737,1.3202898502349854,1.3202898502349854,11,5
745,10315,specialized_enriched,active_fraction,0.010125593282282352,0.007682288996875286,1.318043828010559,1.318043828010559,9,5
746,4037,specialized_enriched,mean,0.03784332051873207,0.028872573748230934,1.3107013702392578,1.3107013702392578,7,5
747,10119,specialized_enriched,mean,0.0611594021320343,0.046678073704242706,1.3102383613586426,1.3102383613586426,19,5
748,7167,specialized_enriched,max,0.6687527894973755,0.5120298266410828,1.3060816526412964,1.3060816526412964,20,5
749,3181,specialized_enriched,mean,0.09838134050369263,0.07532922178506851,1.3060182332992554,1.3060182332992554,22,5
750,13457,specialized_enriched,active_fraction,0.030220024287700653,0.023235006257891655,1.3006247282028198,1.3006247282028198,24,5
751,933,specialized_enriched,mean,0.05061402544379234,0.03893641009926796,1.299915075302124,1.299915075302124,5,5
752,11272,specialized_enriched,active_fraction,0.005343932658433914,0.00411621667444706,1.2982631921768188,1.2982631921768188,12,5
753,3060,specialized_enriched,mean,0.033843666315078735,0.026147061958909035,1.294358253479004,1.294358253479004,18,5
754,13550,specialized_enriched,active_fraction,0.009561972692608833,0.0074584693647921085,1.2820287942886353,1.2820287942886353,10,5
755,12282,specialized_enriched,active_fraction,0.025752514600753784,0.020140741020441055,1.2786279916763306,1.2786279916763306,36,5
756,14149,specialized_enriched,mean,0.15778329968452454,0.12358400225639343,1.2767291069030762,1.2767291069030762,18,5
757,7003,specialized_enriched,mean,0.1351393759250641,0.1062256395816803,1.2721916437149048,1.2721916437149048,8,5
758,2194,specialized_enriched,active_fraction,0.00952333677560091,0.007504499517381191,1.2690168619155884,1.2690168619155884,6,5
759,9578,specialized_enriched,active_fraction,0.016191862523555756,0.012790835462510586,1.2658956050872803,1.2658956050872803,26,5
760,2710,specialized_enriched,mean,0.06983838975429535,0.055270180106163025,1.2635817527770996,1.2635817527770996,10,5
761,11059,specialized_enriched,max,0.5693620443344116,0.45153605937957764,1.2609448432922363,1.2609448432922363,7,5
762,10676,specialized_enriched,active_fraction,0.008098584599792957,0.006430941168218851,1.2593156099319458,1.2593156099319458,9,5
763,4618,specialized_enriched,active_fraction,0.009233340620994568,0.0073356907814741135,1.2586872577667236,1.2586872577667236,7,5
764,6990,specialized_enriched,mean,0.02967241406440735,0.023597391322255135,1.2574446201324463,1.2574446201324463,5,5
765,12157,specialized_enriched,active_fraction,0.010353527963161469,0.00825941376388073,1.2535426616668701,1.2535426616668701,9,5
766,14481,specialized_enriched,active_fraction,0.017794743180274963,0.014197063632309437,1.2534101009368896,1.2534101009368896,17,5
767,12643,specialized_enriched,active_fraction,0.013061005622148514,0.010434230789542198,1.2517459392547607,1.2517459392547607,11,5
768,10459,specialized_enriched,active_fraction,0.02548503503203392,0.02039128541946411,1.2498003244400024,1.2498003244400024,15,5
769,3326,specialized_enriched,active_fraction,0.011027720756828785,0.008835951797664165,1.2480512857437134,1.2480512857437134,5,5
770,14997,specialized_enriched,active_fraction,0.015809733420610428,0.012678967788815498,1.246925950050354,1.246925950050354,15,5
771,3503,specialized_enriched,mean,0.07512599974870682,0.06040897220373154,1.2436232566833496,1.2436232566833496,10,5
772,6122,specialized_enriched,active_fraction,0.019371505826711655,0.015577750280499458,1.2435368299484253,1.2435368299484253,12,5
773,13621,specialized_enriched,active_fraction,0.011342979967594147,0.00916959997266531,1.2370201349258423,1.2370201349258423,18,5
774,12678,specialized_enriched,active_fraction,0.011890320107340813,0.009619263932108879,1.23609459400177,1.23609459400177,6,5
775,8046,specialized_enriched,active_fraction,0.014154352247714996,0.011484743095934391,1.2324483394622803,1.2324483394622803,24,5
776,13752,specialized_enriched,mean,0.011253013275563717,0.009145806543529034,1.2304013967514038,1.2304013967514038,7,5
777,8074,specialized_enriched,mean,0.10293503105640411,0.08387120813131332,1.2272987365722656,1.2272987365722656,8,5
778,16270,specialized_enriched,active_fraction,0.009606316685676575,0.007830077782273293,1.2268481254577637,1.2268481254577637,9,5
779,9059,specialized_enriched,mean,0.040418803691864014,0.03299258276820183,1.2250876426696777,1.2250876426696777,22,5
780,168,specialized_enriched,active_fraction,0.010148115456104279,0.008290267549455166,1.22409987449646,1.22409987449646,24,5
781,6414,specialized_enriched,mean,0.11724147200584412,0.09578638523817062,1.2239888906478882,1.2239888906478882,22,5
782,5942,specialized_enriched,active_fraction,0.019680354744195938,0.01609024591743946,1.22312331199646,1.22312331199646,23,5
783,8752,specialized_enriched,mean,0.10505865514278412,0.08626098185777664,1.2179162502288818,1.2179162502288818,16,5
784,9246,specialized_enriched,active_fraction,0.017803380265831947,0.01464916579425335,1.2153170108795166,1.2153170108795166,10,5
785,9741,specialized_enriched,mean,0.07368334382772446,0.060655977576971054,1.2147746086120605,1.2147746086120605,11,5
786,8947,specialized_enriched,mean,0.0977255180478096,0.08056701719760895,1.212971806526184,1.212971806526184,7,5
787,6976,specialized_enriched,mean,0.12023806571960449,0.0994374081492424,1.2091834545135498,1.2091834545135498,13,5
788,10941,specialized_enriched,mean,0.10867038369178772,0.0898781344294548,1.2090859413146973,1.2090859413146973,16,5
789,6947,specialized_enriched,mean,0.12383618950843811,0.10244972258806229,1.20875084400177,1.20875084400177,20,5
790,1126,specialized_enriched,mean,0.08106648921966553,0.06741809099912643,1.2024441957473755,1.2024441957473755,31,5
791,12115,specialized_enriched,active_fraction,0.020351627841591835,0.01693911664187908,1.2014575004577637,1.2014575004577637,11,5
792,4805,specialized_enriched,active_fraction,0.010697921738028526,0.008923395536839962,1.1988621950149536,1.1988621950149536,15,5
793,5411,specialized_enriched,mean,0.5935244560241699,0.4953638017177582,1.1981587409973145,1.1981587409973145,50,5
794,2953,specialized_enriched,mean,0.08053252100944519,0.06734323501586914,1.1958516836166382,1.1958516836166382,24,5
795,2024,specialized_enriched,mean,0.051166072487831116,0.04279503971338272,1.1956075429916382,1.1956075429916382,13,5
796,16249,specialized_enriched,mean,0.06210727244615555,0.051956698298454285,1.1953660249710083,1.1953660249710083,15,5
797,15092,specialized_enriched,active_fraction,0.004321437329053879,0.0036209342069923878,1.1934592723846436,1.1934592723846436,6,5
798,15598,specialized_enriched,active_fraction,0.012294922024011612,0.010326974093914032,1.1905637979507446,1.1905637979507446,8,5
799,475,specialized_enriched,mean,0.18585145473480225,0.1562197208404541,1.1896798610687256,1.1896798610687256,7,5
800,11772,specialized_enriched,mean,0.03249846398830414,0.02746574953198433,1.183236002922058,1.183236002922058,7,5
801,3050,specialized_enriched,active_fraction,0.003990425728261471,0.003377523273229599,1.1814650297164917,1.1814650297164917,5,5
802,6117,specialized_enriched,active_fraction,0.008484229445457458,0.007190997246652842,1.1798404455184937,1.1798404455184937,8,5
803,12353,specialized_enriched,mean,0.08244703710079193,0.06995391100645065,1.1785907745361328,1.1785907745361328,17,5
804,5469,specialized_enriched,mean,0.046791985630989075,0.039808355271816254,1.175431251525879,1.175431251525879,7,5
805,6341,specialized_enriched,active_fraction,0.0033128326758742332,0.0028247544541954994,1.1727861166000366,1.1727861166000366,7,5
806,4844,specialized_enriched,mean,0.02023041993379593,0.017364216968417168,1.165063738822937,1.165063738822937,5,5
807,1769,specialized_enriched,active_fraction,0.005935476161539555,0.005143499467521906,1.1539762020111084,1.1539762020111084,9,5
808,1551,specialized_enriched,mean,0.04615021497011185,0.040036026388406754,1.152717113494873,1.152717113494873,11,5
809,2685,specialized_enriched,active_fraction,0.0025528157129883766,0.0022182438988238573,1.1508272886276245,1.1508272886276245,5,5
810,14789,specialized_enriched,mean,0.05083586275577545,0.0444059893488884,1.144797444343567,1.144797444343567,18,5
811,14689,specialized_enriched,mean,0.03823698312044144,0.03346759080886841,1.142507791519165,1.142507791519165,9,5
812,10749,specialized_enriched,mean,0.09509584307670593,0.08334996551275253,1.1409224271774292,1.1409224271774292,23,5
813,14272,specialized_enriched,active_fraction,0.017947010695934296,0.015825383365154266,1.134064793586731,1.134064793586731,21,5
814,7897,specialized_enriched,mean,0.03636397048830986,0.032088425010442734,1.1332426071166992,1.1332426071166992,8,5
815,6824,specialized_enriched,active_fraction,0.008457922376692295,0.007464141119271517,1.1331406831741333,1.1331406831741333,8,5
816,15132,specialized_enriched,active_fraction,0.0029995106160640717,0.00266261026263237,1.1265300512313843,1.1265300512313843,6,5
817,12754,specialized_enriched,active_fraction,0.009264620020985603,0.008238865993916988,1.1245018243789673,1.1245018243789673,17,5
818,12984,specialized_enriched,active_fraction,0.004522558301687241,0.00402322132140398,1.12411367893219,1.12411367893219,5,5
819,1323,specialized_enriched,active_fraction,0.016435205936431885,0.014622827060520649,1.1239417791366577,1.1239417791366577,6,5
820,8369,specialized_enriched,active_fraction,0.006027638912200928,0.005364720709621906,1.1235699653625488,1.1235699653625488,5,5
821,11783,specialized_enriched,mean,0.056114718317985535,0.0499456413090229,1.1235158443450928,1.1235158443450928,22,5
822,14359,specialized_enriched,active_fraction,0.006936855614185333,0.006183161400258541,1.1218945980072021,1.1218945980072021,17,5
823,1229,specialized_enriched,active_fraction,0.02835404872894287,0.02532210387289524,1.1197351217269897,1.1197351217269897,15,5
824,11078,specialized_enriched,active_fraction,0.005719650071114302,0.005126438569277525,1.1157160997390747,1.1157160997390747,6,5
825,1251,specialized_enriched,active_fraction,0.005897010676562786,0.005320384632796049,1.1083805561065674,1.1083805561065674,8,5
826,9065,specialized_enriched,active_fraction,0.0164494626224041,0.014848879538476467,1.107791543006897,1.107791543006897,14,5
827,6498,specialized_enriched,active_fraction,0.0070031024515628815,0.006333280820399523,1.105762243270874,1.105762243270874,13,5
828,577,specialized_enriched,mean,0.09910310804843903,0.08977780491113663,1.1038708686828613,1.1038708686828613,17,5
829,2935,specialized_enriched,active_fraction,0.017871985211968422,0.016247324645519257,1.0999956130981445,1.0999956130981445,10,5
830,12226,specialized_enriched,mean,0.04647816717624664,0.042281754314899445,1.0992487668991089,1.0992487668991089,8,5
831,1675,specialized_enriched,mean,0.023404676467180252,0.021298982203006744,1.0988636016845703,1.0988636016845703,14,5
832,29,specialized_enriched,active_fraction,0.01293923333287239,0.011776302009820938,1.0987517833709717,1.0987517833709717,9,5
833,2695,specialized_enriched,mean,0.13678506016731262,0.12452169507741928,1.0984838008880615,1.0984838008880615,19,5
834,2038,specialized_enriched,active_fraction,0.00473538413643837,0.004312117584049702,1.098157525062561,1.098157525062561,10,5
835,16354,specialized_enriched,active_fraction,0.007677276618778706,0.007008994463831186,1.0953463315963745,1.0953463315963745,8,5
836,528,specialized_enriched,mean,0.03960388898849487,0.03627002611756325,1.091917872428894,1.091917872428894,27,5
837,12879,specialized_enriched,max,0.3565041124820709,0.3268531262874603,1.0907166004180908,1.0907166004180908,6,5
838,13508,specialized_enriched,mean,0.07310331612825394,0.06714765727519989,1.0886949300765991,1.0886949300765991,5,5
839,6077,specialized_enriched,mean,0.02358745038509369,0.02168867364525795,1.087546944618225,1.087546944618225,10,5
840,13519,specialized_enriched,active_fraction,0.00871470756828785,0.0080407178029418,1.0838221311569214,1.0838221311569214,16,5
841,4113,specialized_enriched,active_fraction,0.005851577036082745,0.0054599326103925705,1.071730613708496,1.071730613708496,12,5
842,5928,specialized_enriched,active_fraction,0.01761387661099434,0.01644585095345974,1.0710225105285645,1.0710225105285645,12,5
843,15680,specialized_enriched,mean,0.11556409299373627,0.10826572775840759,1.0674115419387817,1.0674115419387817,9,5
844,2046,specialized_enriched,max,0.5872552394866943,0.5503813624382019,1.0669969320297241,1.0669969320297241,18,5
845,12686,specialized_enriched,active_fraction,0.014619873836636543,0.013771776109933853,1.061582326889038,1.061582326889038,12,5
846,3600,specialized_enriched,active_fraction,0.014955701306462288,0.014113855548202991,1.059646725654602,1.059646725654602,7,5
847,2861,specialized_enriched,active_fraction,0.010290274396538734,0.009732821024954319,1.057275652885437,1.057275652885437,6,5
848,10257,specialized_enriched,active_fraction,0.015393693000078201,0.014562210999429226,1.057098627090454,1.057098627090454,16,5
849,5862,specialized_enriched,mean,0.0712081640958786,0.06743170320987701,1.056004285812378,1.056004285812378,11,5
850,11325,specialized_enriched,mean,0.057024210691452026,0.05407906696200371,1.0544599294662476,1.0544599294662476,14,5
851,7571,specialized_enriched,max,0.6663241386413574,0.6323512196540833,1.053724765777588,1.053724765777588,16,5
852,1827,specialized_enriched,active_fraction,0.01014387235045433,0.00963625404983759,1.0526779890060425,1.0526779890060425,11,5
853,2536,specialized_enriched,mean,0.27450525760650635,0.26204097270965576,1.0475661754608154,1.0475661754608154,35,5
854,27,specialized_enriched,active_fraction,0.00928403902798891,0.008881174959242344,1.0453615188598633,1.0453615188598633,8,5
855,11939,specialized_enriched,active_fraction,0.0077184587717056274,0.007459347601979971,1.0347363948822021,1.0347363948822021,25,5
856,13413,specialized_enriched,active_fraction,0.0029545952565968037,0.0028566468972712755,1.034287929534912,1.034287929534912,5,5
857,11686,specialized_enriched,mean,0.11824354529380798,0.11477042734622955,1.0302613973617554,1.0302613973617554,25,5
858,12030,specialized_enriched,mean,0.09493608772754669,0.09228244423866272,1.0287556648254395,1.0287556648254395,10,5
859,7154,specialized_enriched,active_fraction,0.01098012924194336,0.01067814789712429,1.028280258178711,1.028280258178711,29,5
860,12016,specialized_enriched,mean,0.028700843453407288,0.0279682744294405,1.0261929035186768,1.0261929035186768,7,5
861,16058,specialized_enriched,mean,0.03896036744117737,0.03805462643504143,1.0238010883331299,1.0238010883331299,14,5
862,9337,specialized_enriched,mean,0.04839225113391876,0.04745418578386307,1.0197677612304688,1.0197677612304688,10,5
863,8753,specialized_enriched,mean,0.058295994997024536,0.0571817085146904,1.0194867849349976,1.0194867849349976,19,5
864,6951,specialized_enriched,mean,0.09829339385032654,0.09658340364694595,1.0177048444747925,1.0177048444747925,9,5
865,14884,specialized_enriched,active_fraction,0.005359843373298645,0.005287279840558767,1.0137242078781128,1.0137242078781128,9,5
866,10280,specialized_enriched,active_fraction,0.009760439395904541,0.009661110118031502,1.0102813243865967,1.0102813243865967,9,5
867,4507,specialized_enriched,mean,0.03479466587305069,0.034553416073322296,1.0069819688796997,1.0069819688796997,6,5
868,7696,specialized_enriched,active_fraction,0.00688989507034421,0.0068531520664691925,1.0053614377975464,1.0053614377975464,6,5
869,283,specialized_enriched,active_fraction,0.013427235186100006,0.01336455624550581,1.0046899318695068,1.0046899318695068,23,5
870,2289,specialized_enriched,mean,0.17535197734832764,0.1748533695936203,1.0028516054153442,1.0028516054153442,29,5
871,1293,specialized_enriched,active_fraction,0.014846418052911758,0.014821833930909634,1.0016586780548096,1.0016586780548096,19,5
872,6697,specialized_enriched,active_fraction,0.01539059728384018,0.015401381067931652,0.9992998242378235,0.9992998242378235,20,5
873,14410,specialized_enriched,active_fraction,0.023367684334516525,0.023446280509233475,0.996647834777832,0.996647834777832,11,5
874,13175,specialized_enriched,mean,0.08884461224079132,0.08919335156679153,0.9960900545120239,0.9960900545120239,17,5
875,404,specialized_enriched,mean,0.09893770515918732,0.09966281056404114,0.9927244186401367,0.9927244186401367,11,5
876,14371,specialized_enriched,mean,0.06429636478424072,0.06477698683738708,0.9925803542137146,0.9925803542137146,14,5
877,9182,specialized_enriched,mean,0.11679908633232117,0.11787813156843185,0.9908460974693298,0.9908460974693298,30,5
878,4184,specialized_enriched,mean,0.22465407848358154,0.22675855457782745,0.9907193183898926,0.9907193183898926,18,5
879,1083,specialized_enriched,mean,0.05150555074214935,0.051989179104566574,0.9906975030899048,0.9906975030899048,15,5
880,6985,specialized_enriched,active_fraction,0.005416137166321278,0.0054906983859837055,0.9864204525947571,0.9864204525947571,9,5
881,4662,specialized_enriched,active_fraction,0.013251826167106628,0.013449644669890404,0.9852918982505798,0.9852918982505798,18,5
882,1853,specialized_enriched,active_fraction,0.00490763783454895,0.005022905301302671,0.9770516157150269,0.9770516157150269,7,5
883,18,specialized_enriched,active_fraction,0.02068353071808815,0.02122051641345024,0.9746949672698975,0.9746949672698975,14,5
884,5733,specialized_enriched,mean,0.0396665558218956,0.04069984704256058,0.9746119379997253,0.9746119379997253,11,5
885,14014,specialized_enriched,active_fraction,0.016238443553447723,0.016662761569023132,0.9745349287986755,0.9745349287986755,16,5
886,14837,specialized_enriched,active_fraction,0.008194101974368095,0.008439967408776283,0.9708688855171204,0.9708688855171204,12,5
887,10623,specialized_enriched,active_fraction,0.01836444064974785,0.018933946266770363,0.9699214696884155,0.9699214696884155,13,5
888,2679,specialized_enriched,active_fraction,0.0055297790095210075,0.00570587906986475,0.9691370725631714,0.9691370725631714,5,5
889,8070,specialized_enriched,mean,0.03354968875646591,0.03475423529744148,0.9653410315513611,0.9653410315513611,15,5
890,3360,specialized_enriched,mean,0.028640974313020706,0.02975763939321041,0.9624747037887573,0.9624747037887573,6,5
891,7926,specialized_enriched,mean,0.05225737392902374,0.05453461408615112,0.9582422971725464,0.9582422971725464,15,5
892,13902,specialized_enriched,mean,0.010577967390418053,0.011137240566313267,0.9497835040092468,0.9497835040092468,6,5
893,7758,specialized_enriched,mean,0.029670558869838715,0.03127219155430794,0.9487841129302979,0.9487841129302979,8,5
894,5626,specialized_enriched,mean,0.012956969439983368,0.013706354424357414,0.9453257322311401,0.9453257322311401,7,5
895,8539,specialized_enriched,mean,0.12732788920402527,0.13480359315872192,0.944543719291687,0.944543719291687,15,5
896,2147,specialized_enriched,max,0.3385503888130188,0.35851970314979553,0.944300651550293,0.944300651550293,6,5
897,4739,specialized_enriched,max,0.2247057557106018,0.23949573934078217,0.9382452964782715,0.9382452964782715,11,5
898,5201,specialized_enriched,mean,0.08265067636966705,0.08841438591480255,0.9348102807998657,0.9348102807998657,12,5
899,10392,specialized_enriched,active_fraction,0.006903344765305519,0.007416260428726673,0.9308390617370605,0.9308390617370605,15,5
900,9934,specialized_enriched,active_fraction,0.010694090276956558,0.011494118720293045,0.9303967356681824,0.9303967356681824,6,5
901,912,specialized_enriched,active_fraction,0.008771911263465881,0.009477037936449051,0.925596296787262,0.925596296787262,16,5
902,8908,specialized_enriched,active_fraction,0.019383113831281662,0.021050503477454185,0.92079097032547,0.92079097032547,13,5
903,12445,specialized_enriched,mean,0.0726969838142395,0.07918088138103485,0.9181128144264221,0.9181128144264221,11,5
904,1897,specialized_enriched,mean,0.06942004710435867,0.07570143043994904,0.9170242547988892,0.9170242547988892,6,5
905,14334,specialized_enriched,active_fraction,0.010711552575230598,0.011708625592291355,0.9148428440093994,0.9148428440093994,7,5
906,470,specialized_enriched,active_fraction,0.007083260454237461,0.007761391345411539,0.912627637386322,0.912627637386322,6,5
907,13913,specialized_enriched,active_fraction,0.005471993237733841,0.006011764984577894,0.9102141261100769,0.9102141261100769,5,5
908,10400,specialized_enriched,mean,0.030557438731193542,0.033593032509088516,0.9096361994743347,0.9096361994743347,10,5
909,8545,specialized_enriched,active_fraction,0.005824767053127289,0.006540126167237759,0.8906199932098389,0.8906199932098389,9,5
910,11780,specialized_enriched,active_fraction,0.007488055154681206,0.008408313617110252,0.8905537128448486,0.8905537128448486,10,5
911,548,specialized_enriched,active_fraction,0.007435986772179604,0.008423447608947754,0.8827723860740662,0.8827723860740662,7,5
912,8003,specialized_enriched,active_fraction,0.01869935169816017,0.02122364193201065,0.8810623288154602,0.8810623288154602,11,5
913,6717,specialized_enriched,active_fraction,0.005189092829823494,0.005910189356654882,0.8779909610748291,0.8779909610748291,16,5
914,3287,specialized_enriched,mean,0.033379457890987396,0.038247961550951004,0.8727120757102966,0.8727120757102966,11,5
915,6722,specialized_enriched,active_fraction,0.011136194691061974,0.012764453887939453,0.8724380135536194,0.8724380135536194,10,5
916,9533,specialized_enriched,active_fraction,0.016354359686374664,0.018763331696391106,0.8716127872467041,0.8716127872467041,14,5
917,10187,specialized_enriched,mean,0.035950735211372375,0.04128345102071762,0.870826780796051,0.870826780796051,12,5
918,13299,specialized_enriched,active_fraction,0.0036611566320061684,0.004205446224659681,0.8705750703811646,0.8705750703811646,10,5
919,6212,specialized_enriched,active_fraction,0.011513665318489075,0.01323012076318264,0.870261549949646,0.870261549949646,11,5
920,878,specialized_enriched,active_fraction,0.007786685600876808,0.008973429910838604,0.8677490949630737,0.8677490949630737,15,5
921,873,specialized_enriched,active_fraction,0.012666147202253342,0.014709508046507835,0.8610857129096985,0.8610857129096985,8,5
922,9007,specialized_enriched,active_fraction,0.005004027858376503,0.005826638080179691,0.8588190674781799,0.8588190674781799,5,5
923,9372,specialized_enriched,max,0.45636266469955444,0.535710334777832,0.8518832325935364,0.8518832325935364,10,5
924,7185,specialized_enriched,mean,0.02544579654932022,0.0298882145434618,0.8513655662536621,0.8513655662536621,11,5
925,5355,specialized_enriched,mean,0.02417544648051262,0.028438197448849678,0.8501047492027283,0.8501047492027283,8,5
926,12160,specialized_enriched,active_fraction,0.005396761000156403,0.006355454213917255,0.8491542339324951,0.8491542339324951,11,5
927,9077,specialized_enriched,mean,0.07952338457107544,0.09368883818387985,0.8488031625747681,0.8488031625747681,9,5
928,14752,specialized_enriched,active_fraction,0.014084886759519577,0.016605133190751076,0.8482248783111572,0.8482248783111572,25,5
929,1094,specialized_enriched,active_fraction,0.003687250427901745,0.004347027745097876,0.8482233285903931,0.8482233285903931,5,5
930,1848,specialized_enriched,mean,0.026296913623809814,0.031107928603887558,0.8453444242477417,0.8453444242477417,6,5
931,6939,specialized_enriched,active_fraction,0.006097052246332169,0.007231764495372772,0.8430933356285095,0.8430933356285095,8,5
932,5204,specialized_enriched,mean,0.015097666531801224,0.017963334918022156,0.8404712677001953,0.8404712677001953,7,5
933,12264,specialized_enriched,max,0.3022257685661316,0.3601153492927551,0.8392471075057983,0.8392471075057983,5,5
934,3442,specialized_enriched,active_fraction,0.00429947953671217,0.005132103338837624,0.8377617001533508,0.8377617001533508,13,5
935,5556,specialized_enriched,mean,0.026292741298675537,0.03141263872385025,0.8370115160942078,0.8370115160942078,9,5
936,8313,specialized_enriched,active_fraction,0.043809711933135986,0.05249487981200218,0.8345521092414856,0.8345521092414856,45,5
937,6913,specialized_enriched,mean,0.052130118012428284,0.06266232579946518,0.8319212198257446,0.8319212198257446,9,5
938,6892,specialized_enriched,mean,0.02570868283510208,0.031208518892526627,0.8237712979316711,0.8237712979316711,12,5
939,460,specialized_enriched,active_fraction,0.007825048640370369,0.009532546624541283,0.8208770155906677,0.8208770155906677,9,5
940,10879,specialized_enriched,active_fraction,0.016883794218301773,0.020591329783201218,0.8199467658996582,0.8199467658996582,13,5
941,8749,specialized_enriched,active_fraction,0.003096276428550482,0.0037778466939926147,0.8195876479148865,0.8195876479148865,5,5
942,9137,specialized_enriched,mean,0.059665292501449585,0.07282279431819916,0.8193216323852539,0.8193216323852539,8,5
943,3832,specialized_enriched,active_fraction,0.009099198505282402,0.011141018941998482,0.8167294859886169,0.8167294859886169,12,5
944,12031,specialized_enriched,active_fraction,0.009982619434595108,0.012258741073310375,0.8143266439437866,0.8143266439437866,8,5
945,12376,specialized_enriched,mean,0.03811974078416824,0.04716308414936066,0.8082537651062012,0.8082537651062012,15,5
946,974,specialized_enriched,mean,0.018060646951198578,0.02252296917140484,0.8018768429756165,0.8018768429756165,5,5
947,10082,specialized_enriched,mean,0.04846368730068207,0.060516614466905594,0.8008327484130859,0.8008327484130859,26,5
948,14273,specialized_enriched,active_fraction,0.011865127831697464,0.014846144244074821,0.799206018447876,0.799206018447876,6,5
949,3402,specialized_enriched,active_fraction,0.006820634938776493,0.008550917729735374,0.7976494431495667,0.7976494431495667,7,5
950,15390,specialized_enriched,max,0.5291019678115845,0.6633933782577515,0.7975689768791199,0.7975689768791199,13,5
951,1349,specialized_enriched,active_fraction,0.003436095081269741,0.004312221426516771,0.7968271374702454,0.7968271374702454,12,5
952,3009,specialized_enriched,mean,0.028056979179382324,0.035245630890131,0.7960413098335266,0.7960413098335266,5,5
953,14305,specialized_enriched,active_fraction,0.004540871828794479,0.0057094586081802845,0.795324444770813,0.795324444770813,8,5
954,15097,specialized_enriched,max,0.09391726553440094,0.12100336700677872,0.7761541604995728,0.7761541604995728,8,5
955,10863,specialized_enriched,active_fraction,0.012410588562488556,0.016081394627690315,0.7717358469963074,0.7717358469963074,16,5
956,2742,specialized_enriched,mean,0.039331674575805664,0.05096741393208504,0.7717023491859436,0.7717023491859436,16,5
957,8372,specialized_enriched,active_fraction,0.013110384345054626,0.017014579847455025,0.7705382108688354,0.7705382108688354,17,5
958,11380,specialized_enriched,mean,0.011757774278521538,0.015298821963369846,0.768541157245636,0.768541157245636,5,5
959,2026,specialized_enriched,active_fraction,0.006080168299376965,0.007925707846879959,0.7671451568603516,0.7671451568603516,7,5
960,1537,specialized_enriched,active_fraction,0.004460679367184639,0.005829689092934132,0.7651659250259399,0.7651659250259399,7,5
961,13124,specialized_enriched,mean,0.02123226597905159,0.027869632467627525,0.7618423104286194,0.7618423104286194,5,5
962,2429,specialized_enriched,active_fraction,0.0036446312442421913,0.004792230203747749,0.7605292797088623,0.7605292797088623,5,5
963,6432,specialized_enriched,max,0.5926355123519897,0.7847409844398499,0.7551988959312439,0.7551988959312439,8,5
964,1819,specialized_enriched,active_fraction,0.00980023667216301,0.012982591055333614,0.7548752427101135,0.7548752427101135,8,5
965,16203,specialized_enriched,active_fraction,0.011877529323101044,0.01573491282761097,0.7548519372940063,0.7548519372940063,15,5
966,14674,specialized_enriched,active_fraction,0.00265855947509408,0.0035411419812589884,0.7507632970809937,0.7507632970809937,5,5
967,9037,specialized_enriched,active_fraction,0.014960601925849915,0.02003614604473114,0.7466806173324585,0.7466806173324585,19,5
968,11625,specialized_enriched,active_fraction,0.002984807826578617,0.004012376070022583,0.7439002990722656,0.7439002990722656,6,5
969,6974,specialized_enriched,active_fraction,0.013049958273768425,0.017679445445537567,0.7381429672241211,0.7381429672241211,10,5
970,4922,specialized_enriched,active_fraction,0.006242512725293636,0.008467696607112885,0.737214982509613,0.737214982509613,7,5
971,3258,specialized_enriched,active_fraction,0.0018988314550369978,0.002593653043732047,0.7321069836616516,0.7321069836616516,5,5
972,15747,specialized_enriched,active_fraction,0.007035940885543823,0.009672753512859344,0.7273979187011719,0.7273979187011719,7,5
973,7525,specialized_enriched,active_fraction,0.0031415694393217564,0.004337700083851814,0.7242477536201477,0.7242477536201477,5,5
974,4590,specialized_enriched,max,0.320886492729187,0.4462423622608185,0.719085693359375,0.719085693359375,11,5
975,8558,specialized_enriched,active_fraction,0.0068572573363780975,0.009673389606177807,0.7088784575462341,0.7088784575462341,6,5
976,8755,specialized_enriched,active_fraction,0.006736718118190765,0.009581390768289566,0.7031044363975525,0.7031044363975525,6,5
977,6868,specialized_enriched,active_fraction,0.009703490883111954,0.014033145271241665,0.6914694309234619,0.6914694309234619,18,5
978,779,specialized_enriched,active_fraction,0.003084502648562193,0.004476021509617567,0.6891170144081116,0.6891170144081116,5,5
979,13389,specialized_enriched,mean,0.01809387281537056,0.02626652456820011,0.6888567805290222,0.6888567805290222,9,5
980,7123,specialized_enriched,max,0.28101837635040283,0.4099140763282776,0.6855543255805969,0.6855543255805969,8,5
981,11362,specialized_enriched,mean,0.059053897857666016,0.08621098101139069,0.6849927306175232,0.6849927306175232,14,5
982,5492,specialized_enriched,mean,0.06627711653709412,0.0970650166273117,0.6828115582466125,0.6828115582466125,9,5
983,9808,specialized_enriched,mean,0.03247237205505371,0.0477612242102623,0.6798898577690125,0.6798898577690125,10,5
984,1182,specialized_enriched,mean,0.044029220938682556,0.06482304632663727,0.6792216897010803,0.6792216897010803,5,5
985,10357,specialized_enriched,max,0.30199921131134033,0.4450048506259918,0.6786425113677979,0.6786425113677979,20,5
986,6887,specialized_enriched,mean,0.028030842542648315,0.04138884320855141,0.6772559881210327,0.6772559881210327,6,5
987,6551,specialized_enriched,mean,0.03502298891544342,0.05183941870927811,0.6756053566932678,0.6756053566932678,20,5
988,10888,specialized_enriched,active_fraction,0.010885722935199738,0.016223611310124397,0.6709802746772766,0.6709802746772766,19,5
989,3774,specialized_enriched,active_fraction,0.010734803974628448,0.01623920165002346,0.6610425710678101,0.6610425710678101,30,5
990,13358,specialized_enriched,mean,0.031739018857479095,0.04803023859858513,0.6608132719993591,0.6608132719993591,12,5
991,13530,specialized_enriched,max,0.32475268840789795,0.49421200156211853,0.6571121215820312,0.6571121215820312,5,5
992,15808,specialized_enriched,active_fraction,0.005659447982907295,0.008654860779643059,0.6539039611816406,0.6539039611816406,12,5
993,13103,specialized_enriched,max,0.27606773376464844,0.4242841601371765,0.6506670713424683,0.6506670713424683,11,5
994,12491,specialized_enriched,active_fraction,0.009751148521900177,0.014988320879638195,0.6505830883979797,0.6505830883979797,15,5
995,1385,specialized_enriched,active_fraction,0.0033715497702360153,0.005191346630454063,0.649455726146698,0.649455726146698,16,5
996,16336,specialized_enriched,max,0.17797470092773438,0.2756514549255371,0.6456512212753296,0.6456512212753296,19,5
997,14409,specialized_enriched,mean,0.03531785309314728,0.05474402755498886,0.6451452970504761,0.6451452970504761,20,5
998,12275,specialized_enriched,mean,0.02829665318131447,0.04390161857008934,0.6445469260215759,0.6445469260215759,5,5
999,12140,specialized_enriched,mean,0.021112974733114243,0.032803576439619064,0.6436180472373962,0.6436180472373962,5,5
1000,1030,specialized_enriched,mean,0.06277911365032196,0.097992904484272,0.6406495571136475,0.6406495571136475,11,5
1001,2326,specialized_enriched,max,0.2583528757095337,0.4065978229045868,0.6354015469551086,0.6354015469551086,8,5
1002,13194,specialized_enriched,active_fraction,0.008465461432933807,0.013393474742770195,0.6320586204528809,0.6320586204528809,5,5
1003,14589,specialized_enriched,max,0.17976349592208862,0.2845057249069214,0.6318449378013611,0.6318449378013611,5,5
1004,7738,specialized_enriched,mean,0.020249120891094208,0.032071553170681,0.6313732266426086,0.6313732266426086,16,5
1005,9659,specialized_enriched,mean,0.06500904262065887,0.10394037514925003,0.625445544719696,0.625445544719696,16,5
1006,10417,specialized_enriched,active_fraction,0.005256852135062218,0.008407071232795715,0.6252893805503845,0.6252893805503845,20,5
1007,1731,specialized_enriched,mean,0.013765938580036163,0.022137314081192017,0.6218432188034058,0.6218432188034058,17,5
1008,15902,specialized_enriched,max,0.18910181522369385,0.3046644628047943,0.620688796043396,0.620688796043396,5,5
1009,7468,specialized_enriched,active_fraction,0.0070060305297374725,0.01136250514537096,0.6165920495986938,0.6165920495986938,20,5
1010,15207,specialized_enriched,active_fraction,0.007528975605964661,0.012212789617478848,0.6164828538894653,0.6164828538894653,17,5
1011,15723,specialized_enriched,active_fraction,0.004315842874348164,0.007006247993558645,0.615999162197113,0.615999162197113,10,5
1012,7933,specialized_enriched,mean,0.04052235186100006,0.06608828902244568,0.6131548285484314,0.6131548285484314,10,5
1013,11207,specialized_enriched,mean,0.038112640380859375,0.06271073967218399,0.6077529788017273,0.6077529788017273,37,5
1014,942,specialized_enriched,active_fraction,0.011614911258220673,0.019183332100510597,0.6054689288139343,0.6054689288139343,29,5
1015,2182,specialized_enriched,mean,0.018983468413352966,0.03149803727865219,0.6026873588562012,0.6026873588562012,14,5
1016,9430,specialized_enriched,mean,0.03605811297893524,0.06046287715435028,0.5963677763938904,0.5963677763938904,5,5
1017,11935,specialized_enriched,active_fraction,0.009661786258220673,0.0162146408110857,0.5958680510520935,0.5958680510520935,12,5
1018,6365,specialized_enriched,mean,0.02970573678612709,0.05006430670619011,0.5933516025543213,0.5933516025543213,6,5
1019,5595,specialized_enriched,mean,0.06468789279460907,0.11008499562740326,0.5876176953315735,0.5876176953315735,7,5
1020,237,specialized_enriched,active_fraction,0.006109233945608139,0.010399159975349903,0.5874738097190857,0.5874738097190857,13,5
1021,3408,specialized_enriched,mean,0.05526497960090637,0.09536820650100708,0.579490602016449,0.579490602016449,13,5
1022,4159,specialized_enriched,mean,0.019227102398872375,0.03328150510787964,0.5777113437652588,0.5777113437652588,12,5
1023,5643,specialized_enriched,mean,0.06493771076202393,0.1125919446349144,0.5767527222633362,0.5767527222633362,22,5
1024,1622,specialized_enriched,mean,0.01622210070490837,0.0281284898519516,0.5767142176628113,0.5767142176628113,6,5
1025,11784,specialized_enriched,active_fraction,0.011403657495975494,0.01984482817351818,0.5746412873268127,0.5746412873268127,34,5
1026,15975,specialized_enriched,mean,0.013081878423690796,0.022795643657445908,0.5738762617111206,0.5738762617111206,9,5
1027,15714,specialized_enriched,mean,0.044350266456604004,0.07796645909547806,0.5688377618789673,0.5688377618789673,8,5
1028,2086,specialized_enriched,active_fraction,0.0015785223804414272,0.002776926150545478,0.5684423446655273,0.5684423446655273,5,5
1029,1502,specialized_enriched,active_fraction,0.025171637535095215,0.04460316151380539,0.5643464922904968,0.5643464922904968,46,5
1030,2374,specialized_enriched,max,0.3917900323867798,0.6985856294631958,0.560833215713501,0.560833215713501,15,5
1031,7581,specialized_enriched,mean,0.03875342011451721,0.06919793784618378,0.5600371956825256,0.5600371956825256,29,5
1032,9566,specialized_enriched,active_fraction,0.003928123973309994,0.007111737970262766,0.5523437261581421,0.5523437261581421,9,5
1033,12251,specialized_enriched,active_fraction,0.004362383857369423,0.007906809449195862,0.551724910736084,0.551724910736084,8,5
1034,13674,specialized_enriched,max,0.17786574363708496,0.3228355944156647,0.5509483814239502,0.5509483814239502,13,5
1035,4687,specialized_enriched,max,0.2458929419517517,0.4515988230705261,0.5444942116737366,0.5444942116737366,8,5
1036,10596,specialized_enriched,mean,0.01678454875946045,0.031056512147188187,0.5404518246650696,0.5404518246650696,8,5
1037,11885,specialized_enriched,active_fraction,0.00411948561668396,0.007714432198554277,0.5339972376823425,0.5339972376823425,9,5
1038,4653,specialized_enriched,mean,0.01931024342775345,0.036389850080013275,0.5306491851806641,0.5306491851806641,12,5
1039,15504,specialized_enriched,active_fraction,0.0028621144592761993,0.005444817710667849,0.5256584286689758,0.5256584286689758,11,5
1040,12780,specialized_enriched,max,0.4579085111618042,0.8723041415214539,0.5249413251876831,0.5249413251876831,9,5
1041,10514,specialized_enriched,active_fraction,0.0036689722910523415,0.0070681581273674965,0.519084632396698,0.519084632396698,7,5
1042,13259,specialized_enriched,active_fraction,0.007858697324991226,0.015222325921058655,0.5162612795829773,0.5162612795829773,12,5
1043,3235,specialized_enriched,active_fraction,0.00577675923705101,0.011417479254305363,0.5059574842453003,0.5059574842453003,13,5
1044,10968,specialized_enriched,active_fraction,0.005979347974061966,0.01190516259521246,0.5022483468055725,0.5022483468055725,19,5
1045,1101,specialized_enriched,mean,0.008175482973456383,0.016429847106337547,0.49759945273399353,0.49759945273399353,5,5
1046,5725,specialized_enriched,max,0.5750412940979004,1.15614652633667,0.49737751483917236,0.49737751483917236,7,5
1047,5813,specialized_enriched,active_fraction,0.0030140280723571777,0.0061424849554896355,0.49068546295166016,0.49068546295166016,5,5
1048,4837,specialized_enriched,active_fraction,0.0026278216391801834,0.005393183324486017,0.4872487187385559,0.4872487187385559,6,5
1049,2004,specialized_enriched,active_fraction,0.011079907417297363,0.02320191077888012,0.4775428771972656,0.4775428771972656,20,5
1050,16264,specialized_enriched,mean,0.010844577103853226,0.022817332297563553,0.4752780497074127,0.4752780497074127,5,5
1051,10654,specialized_enriched,mean,0.015193842351436615,0.03211371973156929,0.47312620282173157,0.47312620282173157,11,5
1052,1833,specialized_enriched,mean,0.010033562779426575,0.021265264600515366,0.47182872891426086,0.47182872891426086,6,5
1053,2471,specialized_enriched,active_fraction,0.009066745638847351,0.019290581345558167,0.4700089395046234,0.4700089395046234,18,5
1054,13133,specialized_enriched,mean,0.018591854721307755,0.03965746611356735,0.46881094574928284,0.46881094574928284,5,5
1055,3531,specialized_enriched,mean,0.024729132652282715,0.05326283350586891,0.4642849564552307,0.4642849564552307,15,5
1056,2309,specialized_enriched,active_fraction,0.0029269130900502205,0.006439222954213619,0.45454445481300354,0.45454445481300354,7,5
1057,9784,specialized_enriched,active_fraction,0.004539163783192635,0.010062029585242271,0.4511181116104126,0.4511181116104126,13,5
1058,461,specialized_enriched,mean,0.016075443476438522,0.03573928773403168,0.44979754090309143,0.44979754090309143,7,5
1059,10196,specialized_enriched,active_fraction,0.0025086160749197006,0.005714436061680317,0.43899625539779663,0.43899625539779663,9,5
1060,4962,specialized_enriched,mean,0.03445154428482056,0.07887071371078491,0.43681034445762634,0.43681034445762634,16,5
1061,4092,specialized_enriched,active_fraction,0.002640150487422943,0.006062847562134266,0.4354637861251831,0.4354637861251831,5,5
1062,4350,specialized_enriched,active_fraction,0.007609207183122635,0.017552735283970833,0.43350550532341003,0.43350550532341003,11,5
1063,10446,specialized_enriched,active_fraction,0.0026682298630476,0.006204191129654646,0.4300689399242401,0.4300689399242401,7,5
1064,7153,specialized_enriched,mean,0.02075888216495514,0.04835400730371475,0.42931047081947327,0.42931047081947327,10,5
1065,10854,specialized_enriched,mean,0.027474254369735718,0.06550636142492294,0.4194135367870331,0.4194135367870331,7,5
1066,6491,specialized_enriched,max,0.37694239616394043,0.9018521308898926,0.41796475648880005,0.41796475648880005,8,5
1067,1444,specialized_enriched,active_fraction,0.006265686824917793,0.015149268321692944,0.41359665989875793,0.41359665989875793,10,5
1068,251,specialized_enriched,active_fraction,0.0032254718244075775,0.007978838868439198,0.4042532742023468,0.4042532742023468,16,5
1069,386,specialized_enriched,active_fraction,0.0021445881575345993,0.005484912544488907,0.3909977078437805,0.3909977078437805,12,5
1070,13390,specialized_enriched,active_fraction,0.002138778567314148,0.0055253999307751656,0.38708123564720154,0.38708123564720154,7,5
1071,15491,specialized_enriched,mean,0.031823307275772095,0.08391671627759933,0.37922489643096924,0.37922489643096924,17,5
1072,9531,specialized_enriched,mean,0.01707223430275917,0.045538030564785004,0.37490057945251465,0.37490057945251465,5,5
1073,13912,specialized_enriched,mean,0.014242611825466156,0.03870353847742081,0.36799249053001404,0.36799249053001404,9,5
1074,15402,specialized_enriched,max,0.2271716594696045,0.6425074338912964,0.35357049107551575,0.35357049107551575,14,5
1075,7902,specialized_enriched,max,0.11740994453430176,0.33484402298927307,0.3506407141685486,0.3506407141685486,16,5
1076,3699,specialized_enriched,max,0.11382830142974854,0.33501550555229187,0.33977025747299194,0.33977025747299194,6,5
1077,866,specialized_enriched,active_fraction,0.007744356989860535,0.023480011150240898,0.3298276662826538,0.3298276662826538,27,5
1078,3441,specialized_enriched,active_fraction,0.0014659175649285316,0.004643493331968784,0.31569284200668335,0.31569284200668335,5,5
1079,16080,specialized_enriched,active_fraction,0.0018021594732999802,0.006284331902861595,0.2867702543735504,0.2867702543735504,8,5
1080,15912,specialized_enriched,active_fraction,0.0010931114666163921,0.003814137540757656,0.2865946590900421,0.2865946590900421,6,5
1081,384,specialized_enriched,active_fraction,0.003563733771443367,0.012837059795856476,0.27761292457580566,0.27761292457580566,7,5
1082,5408,specialized_enriched,max,0.13515383005142212,0.4890197217464447,0.2763770520687103,0.2763770520687103,6,5
1083,9068,specialized_enriched,max,0.19529414176940918,0.7678257822990417,0.25434693694114685,0.25434693694114685,20,5
1084,13834,specialized_enriched,active_fraction,0.004283096641302109,0.01749604195356369,0.24480374157428741,0.24480374157428741,8,5
1085,4280,specialized_enriched,active_fraction,0.002237776294350624,0.00943292211741209,0.23723044991493225,0.23723044991493225,6,5
1086,12075,specialized_enriched,active_fraction,0.001489264890551567,0.006404009647667408,0.2325519472360611,0.2325519472360611,7,5
1087,2925,specialized_enriched,active_fraction,0.0011892588809132576,0.005493616685271263,0.21648013591766357,0.21648013591766357,6,5
1088,13839,specialized_enriched,active_fraction,0.0014399141073226929,0.006766864564269781,0.21278896927833557,0.21278896927833557,7,5
1089,4111,specialized_enriched,active_fraction,0.003027467057108879,0.01486930251121521,0.20360518991947174,0.20360518991947174,10,5
1090,12832,specialized_enriched,mean,0.010373607277870178,0.05243654176592827,0.1978316456079483,0.1978316456079483,8,5
1091,1773,specialized_enriched,active_fraction,0.0013767406344413757,0.007441722322255373,0.18500295281410217,0.18500295281410217,14,5
1092,12500,specialized_enriched,mean,0.007234461605548859,0.039332564920186996,0.18393057584762573,0.18393057584762573,11,5
1093,6329,specialized_enriched,active_fraction,0.000786706805229187,0.0052527254447340965,0.14977116882801056,0.14977116882801056,13,5
1094,12967,specialized_enriched,mean,0.0031619705259799957,0.021856162697076797,0.14467181265354156,0.14467181265354156,9,5
