rank,feature_id,orientation,summary,effect,null_sd,ev,abs_ev,positive_support,minimum_support
1,8309,base_enriched,max,-4.070430755615234,0.8878589272499084,-4.5845465660095215,4.5845465660095215,45,5
2,173,base_enriched,max,-2.9533724784851074,0.6531990766525269,-4.521397113800049,4.521397113800049,11,5
3,16193,base_enriched,max,-4.174078941345215,0.9380895495414734,-4.449552536010742,4.449552536010742,8,5
4,9281,base_enriched,max,-5.102565288543701,1.1574807167053223,-4.408337116241455,4.408337116241455,19,5
5,14881,base_enriched,max,-8.693970680236816,2.0066370964050293,-4.332607269287109,4.332607269287109,18,5
6,9686,base_enriched,max,-3.3993072509765625,0.7924707531929016,-4.2895050048828125,4.2895050048828125,5,5
7,11698,base_enriched,max,-4.222733020782471,0.9864633679389954,-4.280679225921631,4.280679225921631,33,5
8,5691,base_enriched,max,-3.0954604148864746,0.724212646484375,-4.274242401123047,4.274242401123047,30,5
9,4185,base_enriched,max,-5.0197930335998535,1.1784285306930542,-4.259734630584717,4.259734630584717,42,5
10,7740,base_enriched,max,-3.9729690551757812,0.9336743950843811,-4.255197525024414,4.255197525024414,15,5
11,11046,base_enriched,max,-2.6866226196289062,0.6353849768638611,-4.228338241577148,4.228338241577148,50,5
12,4484,base_enriched,max,-1.2229260206222534,0.2909453511238098,-4.20328426361084,4.20328426361084,7,5
13,7384,base_enriched,max,-3.7228472232818604,0.9002396464347839,-4.1353960037231445,4.1353960037231445,22,5
14,5909,base_enriched,max,-2.7771248817443848,0.6727085709571838,-4.1282734870910645,4.1282734870910645,13,5
15,7958,base_enriched,active_fraction,-0.1677049696445465,0.04107935354113579,-4.08246374130249,4.08246374130249,8,5
16,15852,base_enriched,max,-4.648350238800049,1.1392457485198975,-4.080199718475342,4.080199718475342,6,5
17,13704,base_enriched,max,-4.601414680480957,1.1447356939315796,-4.019630432128906,4.019630432128906,13,5
18,11433,base_enriched,max,-2.719451427459717,0.6767316460609436,-4.018507957458496,4.018507957458496,12,5
19,7712,base_enriched,max,-3.6541314125061035,0.9218825101852417,-3.963771343231201,3.963771343231201,19,5
20,1664,base_enriched,max,-1.8288116455078125,0.46145138144493103,-3.9631729125976562,3.9631729125976562,50,5
21,4058,base_enriched,max,-2.757930278778076,0.6992759704589844,-3.9439797401428223,3.9439797401428223,21,5
22,3257,base_enriched,max,-2.3578479290008545,0.5995520353317261,-3.932682752609253,3.932682752609253,38,5
23,5611,base_enriched,max,-1.720308780670166,0.44025397300720215,-3.9075372219085693,3.9075372219085693,31,5
24,1108,base_enriched,max,-4.147796630859375,1.0655654668807983,-3.892577886581421,3.892577886581421,14,5
25,5993,base_enriched,max,-3.2947542667388916,0.8482406735420227,-3.884221076965332,3.884221076965332,19,5
26,12763,base_enriched,max,-4.810311794281006,1.2403658628463745,-3.8781394958496094,3.8781394958496094,9,5
27,11435,base_enriched,max,-1.7470779418945312,0.45096355676651,-3.8740999698638916,3.8740999698638916,24,5
28,12601,base_enriched,max,-3.0379655361175537,0.7847215533256531,-3.8713929653167725,3.8713929653167725,25,5
29,10991,base_enriched,max,-2.376096725463867,0.6157527565956116,-3.858848810195923,3.858848810195923,36,5
30,6918,base_enriched,active_fraction,-0.12622562050819397,0.0327519066631794,-3.8539929389953613,3.8539929389953613,42,5
31,508,base_enriched,max,-3.593862295150757,0.9325067400932312,-3.85398006439209,3.85398006439209,16,5
32,13280,base_enriched,max,-2.577791690826416,0.6697091460227966,-3.849121332168579,3.849121332168579,10,5
33,14833,base_enriched,max,-2.996889591217041,0.7817299365997314,-3.8336637020111084,3.8336637020111084,26,5
34,7184,base_enriched,max,-2.311277389526367,0.606435239315033,-3.8112518787384033,3.8112518787384033,8,5
35,935,base_enriched,active_fraction,-0.06234457343816757,0.016380080953240395,-3.8061211109161377,3.8061211109161377,29,5
36,13329,base_enriched,active_fraction,-0.05524320527911186,0.014517915435135365,-3.8051748275756836,3.8051748275756836,32,5
37,6372,base_enriched,max,-3.5014569759368896,0.9219381809234619,-3.7979302406311035,3.7979302406311035,5,5
38,3579,base_enriched,max,-2.3704185485839844,0.6286218762397766,-3.770817756652832,3.770817756652832,8,5
39,15740,base_enriched,max,-3.540221691131592,0.9443970918655396,-3.7486579418182373,3.7486579418182373,35,5
40,11580,base_enriched,max,-3.158315658569336,0.8433850407600403,-3.7448086738586426,3.7448086738586426,42,5
41,13115,base_enriched,max,-1.937603235244751,0.5175949335098267,-3.743474006652832,3.743474006652832,38,5
42,2203,base_enriched,max,-3.5990495681762695,0.9630990624427795,-3.7369463443756104,3.7369463443756104,15,5
43,3380,base_enriched,max,-2.8943192958831787,0.7761398553848267,-3.7291207313537598,3.7291207313537598,5,5
44,11579,base_enriched,max,-3.211543083190918,0.8614177107810974,-3.7282063961029053,3.7282063961029053,12,5
45,11812,base_enriched,max,-2.915679454803467,0.7824951410293579,-3.726130962371826,3.726130962371826,7,5
46,2750,base_enriched,max,-1.8800849914550781,0.5070305466651917,-3.708030939102173,3.708030939102173,40,5
47,3612,base_enriched,active_fraction,-0.14288225769996643,0.03871787339448929,-3.6903436183929443,3.6903436183929443,46,5
48,10287,base_enriched,max,-1.6663119792938232,0.4535592198371887,-3.6738576889038086,3.6738576889038086,34,5
49,4179,base_enriched,max,-2.1701245307922363,0.5917186737060547,-3.6674938201904297,3.6674938201904297,18,5
50,3782,base_enriched,max,-2.1549723148345947,0.5877756476402283,-3.6663177013397217,3.6663177013397217,5,5
51,11681,base_enriched,max,-3.6727232933044434,1.0031143426895142,-3.661320686340332,3.661320686340332,11,5
52,2594,base_enriched,max,-2.130195379257202,0.5820550322532654,-3.659783363342285,3.659783363342285,6,5
53,332,base_enriched,max,-3.2518177032470703,0.8887956142425537,-3.6586787700653076,3.6586787700653076,19,5
54,2368,base_enriched,max,-0.8914434313774109,0.24398420751094818,-3.653693199157715,3.653693199157715,19,5
55,1626,base_enriched,max,-3.3007562160491943,0.9076489806175232,-3.6366000175476074,3.6366000175476074,9,5
56,14048,base_enriched,max,-2.0547919273376465,0.5653095841407776,-3.634808301925659,3.634808301925659,22,5
57,673,base_enriched,max,-5.104221343994141,1.4043704271316528,-3.634526252746582,3.634526252746582,21,5
58,9739,base_enriched,max,-2.9207019805908203,0.8039945363998413,-3.6327385902404785,3.6327385902404785,29,5
59,10820,base_enriched,max,-2.3179666996002197,0.6403188705444336,-3.6200194358825684,3.6200194358825684,31,5
60,9579,base_enriched,max,-1.945589303970337,0.5379542112350464,-3.616644859313965,3.616644859313965,11,5
61,9402,base_enriched,mean,-0.1399950385093689,0.03871683031320572,-3.615870237350464,3.615870237350464,15,5
62,3178,base_enriched,max,-2.325303554534912,0.6452530026435852,-3.603708267211914,3.603708267211914,40,5
63,5566,base_enriched,max,-4.521146774291992,1.2547425031661987,-3.6032466888427734,3.6032466888427734,10,5
64,12817,base_enriched,max,-4.423999786376953,1.2299941778182983,-3.5967648029327393,3.5967648029327393,14,5
65,13948,base_enriched,max,-2.9369308948516846,0.8167527318000793,-3.595862865447998,3.595862865447998,18,5
66,6797,base_enriched,max,-1.9866132736206055,0.553013801574707,-3.592339515686035,3.592339515686035,12,5
67,9203,base_enriched,max,-1.9451684951782227,0.5418275594711304,-3.5900139808654785,3.5900139808654785,30,5
68,10091,base_enriched,max,-2.5110201835632324,0.6996474266052246,-3.588979482650757,3.588979482650757,20,5
69,15960,base_enriched,max,-2.9447240829467773,0.8208025693893433,-3.587615489959717,3.587615489959717,18,5
70,10378,base_enriched,max,-3.021423816680908,0.8426135778427124,-3.5857763290405273,3.5857763290405273,14,5
71,14280,base_enriched,max,-2.2157747745513916,0.6194994449615479,-3.5767178535461426,3.5767178535461426,7,5
72,9608,base_enriched,max,-3.8212814331054688,1.0765390396118164,-3.549598455429077,3.549598455429077,32,5
73,6673,base_enriched,max,-2.7639944553375244,0.7794656753540039,-3.5460116863250732,3.5460116863250732,13,5
74,6324,base_enriched,max,-2.8443186283111572,0.8027705550193787,-3.5431277751922607,3.5431277751922607,28,5
75,7199,base_enriched,max,-1.706271767616272,0.482361763715744,-3.537328004837036,3.537328004837036,6,5
76,3583,base_enriched,max,-1.9226723909378052,0.5441778302192688,-3.5331692695617676,3.5331692695617676,5,5
77,8364,base_enriched,max,-3.7155537605285645,1.0519417524337769,-3.532090663909912,3.532090663909912,7,5
78,5388,base_enriched,max,-2.2683725357055664,0.6428275108337402,-3.5287420749664307,3.5287420749664307,14,5
79,10867,base_enriched,max,-1.8194457292556763,0.5160433053970337,-3.525761604309082,3.525761604309082,5,5
80,3680,base_enriched,max,-1.907911777496338,0.5419524312019348,-3.5204412937164307,3.5204412937164307,22,5
81,1296,base_enriched,max,-2.332166910171509,0.6633637547492981,-3.5156683921813965,3.5156683921813965,17,5
82,1350,base_enriched,max,-3.672896385192871,1.0495256185531616,-3.499577522277832,3.499577522277832,22,5
83,2031,base_enriched,active_fraction,-0.02227630838751793,0.006398044526576996,-3.481736898422241,3.481736898422241,12,5
84,8109,base_enriched,max,-4.578906059265137,1.3155971765518188,-3.4804773330688477,3.4804773330688477,26,5
85,4709,base_enriched,max,-3.3535637855529785,0.9640306830406189,-3.4786899089813232,3.4786899089813232,24,5
86,11862,base_enriched,max,-3.203507900238037,0.9217497110366821,-3.4754638671875,3.4754638671875,5,5
87,6314,base_enriched,max,-5.048264503479004,1.4534685611724854,-3.4732532501220703,3.4732532501220703,16,5
88,8999,base_enriched,max,-3.107786178588867,0.8956214189529419,-3.469977617263794,3.469977617263794,13,5
89,8301,base_enriched,max,-4.131948471069336,1.1919258832931519,-3.4666152000427246,3.4666152000427246,18,5
90,7145,base_enriched,active_fraction,-0.0216018408536911,0.006271055433899164,-3.4446897506713867,3.4446897506713867,36,5
91,4944,base_enriched,max,-3.154594898223877,0.9163832068443298,-3.4424407482147217,3.4424407482147217,16,5
92,5895,base_enriched,max,-5.433563232421875,1.5784307718276978,-3.442383050918579,3.442383050918579,16,5
93,9470,base_enriched,max,-4.597263336181641,1.3358994722366333,-3.441324234008789,3.441324234008789,15,5
94,10777,base_enriched,max,-2.86384916305542,0.8329511284828186,-3.4381959438323975,3.4381959438323975,20,5
95,11244,base_enriched,active_fraction,-0.037813700735569,0.011014764197170734,-3.4330012798309326,3.4330012798309326,36,5
96,14862,base_enriched,max,-2.799543857574463,0.8167423009872437,-3.4276955127716064,3.4276955127716064,33,5
97,11535,base_enriched,active_fraction,-0.044979941099882126,0.013151532970368862,-3.4201290607452393,3.4201290607452393,31,5
98,7563,base_enriched,max,-2.2216877937316895,0.650848388671875,-3.4135258197784424,3.4135258197784424,12,5
99,13922,base_enriched,max,-2.32254695892334,0.6808238625526428,-3.411377191543579,3.411377191543579,42,5
100,9898,base_enriched,max,-1.7276942729949951,0.5071882605552673,-3.406416177749634,3.406416177749634,21,5
101,15528,base_enriched,max,-2.955812454223633,0.8677698969841003,-3.406216859817505,3.406216859817505,26,5
102,11222,base_enriched,max,-2.8824422359466553,0.8512563705444336,-3.386103630065918,3.386103630065918,34,5
103,11241,base_enriched,max,-3.174849510192871,0.9398753643035889,-3.3779473304748535,3.3779473304748535,23,5
104,13343,base_enriched,max,-3.017940044403076,0.8934340476989746,-3.3779103755950928,3.3779103755950928,27,5
105,8494,base_enriched,max,-3.0733394622802734,0.9103276133537292,-3.3760807514190674,3.3760807514190674,19,5
106,6214,base_enriched,max,-4.197275161743164,1.2433801889419556,-3.375697374343872,3.375697374343872,31,5
107,13562,base_enriched,max,-2.317582607269287,0.6869407892227173,-3.3737735748291016,3.3737735748291016,5,5
108,3471,base_enriched,max,-2.2602171897888184,0.6700133085250854,-3.3733913898468018,3.3733913898468018,16,5
109,4029,base_enriched,max,-1.9209920167922974,0.5699469447135925,-3.3704750537872314,3.3704750537872314,28,5
110,1239,base_enriched,max,-4.69255256652832,1.3928724527359009,-3.3689751625061035,3.3689751625061035,13,5
111,3564,base_enriched,max,-2.6738085746765137,0.7947286367416382,-3.3644297122955322,3.3644297122955322,17,5
112,14322,base_enriched,active_fraction,-0.06189175322651863,0.018402768298983574,-3.3631763458251953,3.3631763458251953,25,5
113,7953,base_enriched,max,-3.263089179992676,0.9706469774246216,-3.361767292022705,3.361767292022705,16,5
114,1882,base_enriched,active_fraction,-0.124102383852005,0.03692929819226265,-3.3605399131774902,3.3605399131774902,28,5
115,2268,base_enriched,max,-3.236071825027466,0.9635864496231079,-3.3583617210388184,3.3583617210388184,23,5
116,4284,base_enriched,max,-3.747903823852539,1.119931936264038,-3.346546173095703,3.346546173095703,32,5
117,2257,base_enriched,max,-2.7453842163085938,0.8204289674758911,-3.3462789058685303,3.3462789058685303,42,5
118,1832,base_enriched,active_fraction,-0.01569841429591179,0.004691847134381533,-3.3458921909332275,3.3458921909332275,10,5
119,8719,base_enriched,max,-3.5494399070739746,1.0632109642028809,-3.3384153842926025,3.3384153842926025,27,5
120,2254,base_enriched,max,-3.1083359718322754,0.9314669370651245,-3.3370330333709717,3.3370330333709717,11,5
121,3890,base_enriched,active_fraction,-0.008651609532535076,0.0025931838899850845,-3.3362884521484375,3.3362884521484375,7,5
122,8834,base_enriched,active_fraction,-0.09834259748458862,0.029494306072592735,-3.3342909812927246,3.3342909812927246,18,5
123,14690,base_enriched,max,-1.6054221391677856,0.48237520456314087,-3.328160524368286,3.328160524368286,13,5
124,3691,base_enriched,max,-2.34730863571167,0.7064396142959595,-3.322730779647827,3.322730779647827,30,5
125,160,base_enriched,max,-2.3363587856292725,0.7046394944190979,-3.3156795501708984,3.3156795501708984,33,5
126,2832,base_enriched,max,-2.947036027908325,0.889148473739624,-3.3144476413726807,3.3144476413726807,8,5
127,13324,base_enriched,max,-1.4854644536972046,0.44882386922836304,-3.3096823692321777,3.3096823692321777,20,5
128,7302,base_enriched,max,-3.3647897243499756,1.0168484449386597,-3.309037685394287,3.309037685394287,20,5
129,13403,base_enriched,max,-3.2249348163604736,0.9748619794845581,-3.308093786239624,3.308093786239624,28,5
130,8941,base_enriched,max,-2.8184661865234375,0.8524516820907593,-3.3063061237335205,3.3063061237335205,21,5
131,6920,base_enriched,max,-4.330423831939697,1.3112804889678955,-3.302438974380493,3.302438974380493,10,5
132,5921,base_enriched,max,-3.151934862136841,0.9562172293663025,-3.2962539196014404,3.2962539196014404,17,5
133,14323,base_enriched,max,-2.1840720176696777,0.6628245711326599,-3.295098066329956,3.295098066329956,27,5
134,8321,base_enriched,max,-2.690786123275757,0.8171250224113464,-3.292991876602173,3.292991876602173,9,5
135,7997,base_enriched,active_fraction,-0.07218237221240997,0.02194303646683693,-3.289534330368042,3.289534330368042,15,5
136,5267,base_enriched,max,-3.096187114715576,0.9414656758308411,-3.2886881828308105,3.2886881828308105,30,5
137,11864,base_enriched,max,-3.717054843902588,1.1310527324676514,-3.286367416381836,3.286367416381836,20,5
138,1058,base_enriched,max,-3.324881076812744,1.0122992992401123,-3.2844841480255127,3.2844841480255127,36,5
139,7287,base_enriched,max,-3.4555256366729736,1.0536316633224487,-3.2796335220336914,3.2796335220336914,13,5
140,12671,base_enriched,max,-2.813904285430908,0.8582581877708435,-3.2786221504211426,3.2786221504211426,36,5
141,12132,base_enriched,max,-1.5559415817260742,0.4751785695552826,-3.274435520172119,3.274435520172119,39,5
142,2755,base_enriched,max,-2.558194637298584,0.7820643186569214,-3.2710795402526855,3.2710795402526855,9,5
143,14426,base_enriched,max,-1.8886590003967285,0.5781806707382202,-3.266555070877075,3.266555070877075,9,5
144,9981,base_enriched,max,-2.1956021785736084,0.6725471019744873,-3.2646071910858154,3.2646071910858154,5,5
145,10210,base_enriched,max,-1.8525965213775635,0.5683463215827942,-3.2596261501312256,3.2596261501312256,10,5
146,2497,base_enriched,max,-4.037359237670898,1.240242838859558,-3.2552974224090576,3.2552974224090576,14,5
147,2746,base_enriched,max,-4.923107147216797,1.5217324495315552,-3.235198974609375,3.235198974609375,8,5
148,10396,base_enriched,max,-4.148655891418457,1.2846941947937012,-3.229294538497925,3.229294538497925,11,5
149,1104,base_enriched,active_fraction,-0.009106355719268322,0.0028257714584469795,-3.222608804702759,3.222608804702759,6,5
150,6030,base_enriched,max,-1.5845820903778076,0.4917904734611511,-3.2220675945281982,3.2220675945281982,9,5
151,11710,base_enriched,max,-8.526835441589355,2.6555657386779785,-3.2109298706054688,3.2109298706054688,13,5
152,13365,base_enriched,max,-3.4894421100616455,1.0868475437164307,-3.210608720779419,3.210608720779419,10,5
153,6245,base_enriched,max,-4.707137584686279,1.46738600730896,-3.207838773727417,3.207838773727417,7,5
154,11729,base_enriched,max,-2.7074027061462402,0.8459421992301941,-3.200458288192749,3.200458288192749,15,5
155,14013,base_enriched,max,-2.8516454696655273,0.8927372694015503,-3.1942718029022217,3.1942718029022217,17,5
156,15049,base_enriched,active_fraction,-0.07788310199975967,0.02438519522547722,-3.193868398666382,3.193868398666382,9,5
157,3369,base_enriched,max,-3.2684407234191895,1.0270578861236572,-3.182333469390869,3.182333469390869,9,5
158,12863,base_enriched,max,-1.7039217948913574,0.5356199145317078,-3.1812143325805664,3.1812143325805664,5,5
159,10193,base_enriched,active_fraction,-0.02732280269265175,0.00859757885336876,-3.177964687347412,3.177964687347412,37,5
160,13766,base_enriched,max,-3.123183250427246,0.9829995036125183,-3.177197217941284,3.177197217941284,16,5
161,3874,base_enriched,max,-2.5402438640594482,0.8014600276947021,-3.169520378112793,3.169520378112793,5,5
162,14543,base_enriched,max,-1.3180360794067383,0.41596555709838867,-3.1686182022094727,3.1686182022094727,19,5
163,13830,base_enriched,max,-5.85427188873291,1.8500826358795166,-3.164330005645752,3.164330005645752,10,5
164,8599,base_enriched,max,-2.2431957721710205,0.7094573378562927,-3.1618473529815674,3.1618473529815674,7,5
165,4426,base_enriched,max,-0.5464760661125183,0.17308512330055237,-3.1572675704956055,3.1572675704956055,5,5
166,12002,base_enriched,max,-2.344207286834717,0.7428157925605774,-3.155839204788208,3.155839204788208,13,5
167,12682,base_enriched,max,-3.783059597015381,1.1988861560821533,-3.1554784774780273,3.1554784774780273,38,5
168,4631,base_enriched,max,-1.5239758491516113,0.4830644726753235,-3.154808282852173,3.154808282852173,7,5
169,113,base_enriched,max,-1.12314772605896,0.3561047613620758,-3.1539812088012695,3.1539812088012695,33,5
170,14460,base_enriched,max,-1.4546802043914795,0.4612346291542053,-3.153883218765259,3.153883218765259,44,5
171,1236,base_enriched,max,-2.4993016719818115,0.7925852537155151,-3.153353691101074,3.153353691101074,13,5
172,5528,base_enriched,max,-2.7644786834716797,0.877018392086029,-3.152132987976074,3.152132987976074,13,5
173,10741,base_enriched,max,-2.287731170654297,0.7269342541694641,-3.147094964981079,3.147094964981079,40,5
174,8145,base_enriched,max,-2.3089609146118164,0.7343000173568726,-3.1444380283355713,3.1444380283355713,9,5
175,8255,base_enriched,max,-2.7470223903656006,0.8745108246803284,-3.1412103176116943,3.1412103176116943,8,5
176,13158,base_enriched,max,-2.6706254482269287,0.8503934144973755,-3.140458822250366,3.140458822250366,21,5
177,13969,base_enriched,max,-2.2132108211517334,0.7049084901809692,-3.139713764190674,3.139713764190674,31,5
178,15382,base_enriched,max,-3.375865936279297,1.0765568017959595,-3.1357991695404053,3.1357991695404053,6,5
179,737,base_enriched,active_fraction,-0.008564295247197151,0.002734661567956209,-3.1317570209503174,3.1317570209503174,9,5
180,10096,base_enriched,max,-2.66922664642334,0.854068398475647,-3.12530779838562,3.12530779838562,41,5
181,3561,base_enriched,max,-2.81227445602417,0.9028332829475403,-3.114943265914917,3.114943265914917,13,5
182,2185,base_enriched,max,-1.7396272420883179,0.5585663318634033,-3.114450693130493,3.114450693130493,17,5
183,10586,base_enriched,max,-2.3336288928985596,0.7504882216453552,-3.1094810962677,3.1094810962677,25,5
184,7428,base_enriched,max,-1.421765923500061,0.45734331011772156,-3.1087498664855957,3.1087498664855957,5,5
185,14897,base_enriched,max,-1.9819735288619995,0.6376112699508667,-3.10843563079834,3.10843563079834,11,5
186,14800,base_enriched,max,-3.673872709274292,1.1843100786209106,-3.1021206378936768,3.1021206378936768,10,5
187,5916,base_enriched,max,-2.375596046447754,0.7669730186462402,-3.0973658561706543,3.0973658561706543,26,5
188,13678,base_enriched,max,-2.297938346862793,0.7419207692146301,-3.097282648086548,3.097282648086548,36,5
189,7714,base_enriched,max,-3.135627508163452,1.0127532482147217,-3.0961415767669678,3.0961415767669678,22,5
190,12512,base_enriched,max,-2.1813762187957764,0.7060271501541138,-3.089649200439453,3.089649200439453,36,5
191,220,base_enriched,max,-3.995117664337158,1.2934017181396484,-3.0888452529907227,3.0888452529907227,15,5
192,2734,base_enriched,active_fraction,-0.046659987419843674,0.015159433707594872,-3.0779504776000977,3.0779504776000977,7,5
193,415,base_enriched,max,-3.415349245071411,1.1099224090576172,-3.077106237411499,3.077106237411499,17,5
194,11306,base_enriched,max,-2.461907148361206,0.800544261932373,-3.075291633605957,3.075291633605957,19,5
195,12932,base_enriched,max,-2.5941405296325684,0.8439439535140991,-3.0738303661346436,3.0738303661346436,7,5
196,3021,base_enriched,max,-1.4376106262207031,0.46826568245887756,-3.0700747966766357,3.0700747966766357,31,5
197,12853,base_enriched,max,-2.6825613975524902,0.8738446235656738,-3.069838047027588,3.069838047027588,12,5
198,16002,base_enriched,max,-2.044717311859131,0.6671447157859802,-3.064878225326538,3.064878225326538,16,5
199,2020,base_enriched,max,-2.5847368240356445,0.8433436155319214,-3.0648679733276367,3.0648679733276367,38,5
200,8338,base_enriched,max,-1.9973034858703613,0.6518388390541077,-3.0641062259674072,3.0641062259674072,29,5
201,1418,base_enriched,max,-1.9822068214416504,0.6469752192497253,-3.0638062953948975,3.0638062953948975,27,5
202,12943,base_enriched,max,-2.804898262023926,0.9163317680358887,-3.061007261276245,3.061007261276245,16,5
203,2453,base_enriched,max,-3.4527957439422607,1.1288607120513916,-3.058655261993408,3.058655261993408,30,5
204,11790,base_enriched,max,-1.4803922176361084,0.4853365421295166,-3.050238609313965,3.050238609313965,15,5
205,4688,base_enriched,max,-1.618412733078003,0.5326947569847107,-3.038161516189575,3.038161516189575,34,5
206,14664,base_enriched,max,-4.5502471923828125,1.5039008855819702,-3.025629758834839,3.025629758834839,8,5
207,649,base_enriched,max,-2.156965970993042,0.7144660949707031,-3.0189900398254395,3.0189900398254395,7,5
208,7725,base_enriched,max,-4.034051895141602,1.3365428447723389,-3.0182735919952393,3.0182735919952393,19,5
209,6101,base_enriched,active_fraction,-0.04046696424484253,0.013410472311079502,-3.017564535140991,3.017564535140991,27,5
210,6524,base_enriched,max,-2.5440967082977295,0.8436455130577087,-3.015599250793457,3.015599250793457,11,5
211,16173,base_enriched,max,-2.021892547607422,0.6711027026176453,-3.012791633605957,3.012791633605957,11,5
212,9605,base_enriched,max,-1.6027177572250366,0.5319791436195374,-3.0127453804016113,3.0127453804016113,33,5
213,15326,base_enriched,max,-2.5106732845306396,0.8336922526359558,-3.0115108489990234,3.0115108489990234,8,5
214,6934,base_enriched,max,-3.151732921600342,1.0485247373580933,-3.005873680114746,3.005873680114746,7,5
215,1500,base_enriched,max,-2.942135810852051,0.9791035056114197,-3.0049283504486084,3.0049283504486084,34,5
216,15980,base_enriched,max,-2.0924386978149414,0.6973505616188049,-3.0005550384521484,3.0005550384521484,23,5
217,9571,base_enriched,max,-2.9503464698791504,0.9845455884933472,-2.9966580867767334,2.9966580867767334,40,5
218,13425,base_enriched,max,-2.5826919078826904,0.8630592226982117,-2.9924850463867188,2.9924850463867188,16,5
219,13702,base_enriched,max,-8.070185661315918,2.6969449520111084,-2.9923434257507324,2.9923434257507324,7,5
220,13144,base_enriched,max,-2.122936248779297,0.709965705871582,-2.9901955127716064,2.9901955127716064,5,5
221,15346,base_enriched,max,-1.9928786754608154,0.6668819785118103,-2.9883527755737305,2.9883527755737305,9,5
222,12173,base_enriched,active_fraction,-0.09129399806261063,0.030622633174061775,-2.9812588691711426,2.9812588691711426,33,5
223,10693,base_enriched,max,-2.515857219696045,0.8444467782974243,-2.9792964458465576,2.9792964458465576,7,5
224,14386,base_enriched,max,-1.6511263847351074,0.5562175512313843,-2.9684903621673584,2.9684903621673584,27,5
225,11277,base_enriched,max,-2.4018406867980957,0.8091396689414978,-2.968388319015503,2.968388319015503,29,5
226,7500,base_enriched,max,-2.2238247394561768,0.7502107620239258,-2.964266538619995,2.964266538619995,18,5
227,14916,base_enriched,mean,-0.08731326460838318,0.02946270816028118,-2.963517904281616,2.963517904281616,8,5
228,9921,base_enriched,max,-2.7582998275756836,0.9309906363487244,-2.9627578258514404,2.9627578258514404,9,5
229,13271,base_enriched,max,-3.7160520553588867,1.2557367086410522,-2.9592604637145996,2.9592604637145996,35,5
230,7246,base_enriched,max,-3.435075283050537,1.160915732383728,-2.9589359760284424,2.9589359760284424,25,5
231,9863,base_enriched,max,-1.3176134824752808,0.4453033208847046,-2.9589123725891113,2.9589123725891113,6,5
232,6023,base_enriched,max,-6.116791725158691,2.067304849624634,-2.9588241577148438,2.9588241577148438,5,5
233,7053,base_enriched,max,-2.767364025115967,0.935653030872345,-2.957681894302368,2.957681894302368,10,5
234,9005,base_enriched,max,-1.9189517498016357,0.649428129196167,-2.9548330307006836,2.9548330307006836,31,5
235,1794,base_enriched,active_fraction,-0.10251080989837646,0.034720778465270996,-2.9524340629577637,2.9524340629577637,5,5
236,13925,base_enriched,max,-1.2530276775360107,0.42447856068611145,-2.9519221782684326,2.9519221782684326,5,5
237,15454,base_enriched,max,-4.2438154220581055,1.43828284740448,-2.9506125450134277,2.9506125450134277,6,5
238,7386,base_enriched,max,-3.0371947288513184,1.0306034088134766,-2.9470062255859375,2.9470062255859375,15,5
239,3154,base_enriched,max,-1.6892294883728027,0.573582649230957,-2.94504976272583,2.94504976272583,19,5
240,16117,base_enriched,max,-2.2621512413024902,0.7705729007720947,-2.9356744289398193,2.9356744289398193,30,5
241,2463,base_enriched,max,-3.206573963165283,1.0930594205856323,-2.933577060699463,2.933577060699463,23,5
242,13139,base_enriched,active_fraction,-0.0766696110367775,0.02614682726562023,-2.932271957397461,2.932271957397461,20,5
243,9178,base_enriched,max,-2.373088836669922,0.8103843331336975,-2.928349733352661,2.928349733352661,15,5
244,10860,base_enriched,max,-2.4906423091888428,0.8516412377357483,-2.924520492553711,2.924520492553711,12,5
245,12471,base_enriched,max,-2.424940586090088,0.8324833512306213,-2.9128997325897217,2.9128997325897217,16,5
246,6758,base_enriched,max,-2.515467405319214,0.8638167381286621,-2.9120383262634277,2.9120383262634277,36,5
247,4738,base_enriched,max,-2.833740234375,0.9740293025970459,-2.909296751022339,2.909296751022339,27,5
248,15507,base_enriched,max,-1.7500948905944824,0.6015967726707458,-2.9090828895568848,2.9090828895568848,50,5
249,2939,base_enriched,max,-2.7340898513793945,0.9414055943489075,-2.904263496398926,2.904263496398926,15,5
250,15148,base_enriched,max,-7.728470802307129,2.6624596118927,-2.9027559757232666,2.9027559757232666,7,5
251,16281,base_enriched,active_fraction,-0.03193967789411545,0.011007731780409813,-2.9015676975250244,2.9015676975250244,43,5
252,242,base_enriched,max,-3.308882474899292,1.1407440900802612,-2.900635242462158,2.900635242462158,16,5
253,5232,base_enriched,active_fraction,-0.10362976789474487,0.035738591104745865,-2.899660110473633,2.899660110473633,35,5
254,6933,base_enriched,max,-1.6872422695159912,0.5821386575698853,-2.8983511924743652,2.8983511924743652,39,5
255,12047,base_enriched,max,-3.4004201889038086,1.1733677387237549,-2.898000478744507,2.898000478744507,28,5
256,12272,base_enriched,max,-2.3639438152313232,0.8158610463142395,-2.8974833488464355,2.8974833488464355,8,5
257,3914,base_enriched,max,-1.8913075923919678,0.6527429223060608,-2.8974769115448,2.8974769115448,38,5
258,11233,base_enriched,max,-3.8369288444519043,1.324925184249878,-2.89595890045166,2.89595890045166,24,5
259,15336,base_enriched,max,-2.7155914306640625,0.93876051902771,-2.8927414417266846,2.8927414417266846,33,5
260,9163,base_enriched,active_fraction,-0.026204638183116913,0.009066618978977203,-2.890232563018799,2.890232563018799,32,5
261,8508,base_enriched,max,-2.285965919494629,0.791296124458313,-2.888888120651245,2.888888120651245,16,5
262,2889,base_enriched,active_fraction,-0.0411376953125,0.01424639392644167,-2.8875865936279297,2.8875865936279297,39,5
263,354,base_enriched,max,-2.7332708835601807,0.9467685222625732,-2.8869473934173584,2.8869473934173584,29,5
264,8234,base_enriched,max,-3.3431034088134766,1.1588711738586426,-2.8847930431365967,2.8847930431365967,42,5
265,9670,base_enriched,max,-3.2330729961395264,1.1218386888504028,-2.881941080093384,2.881941080093384,18,5
266,4729,base_enriched,max,-3.1940202713012695,1.1088639497756958,-2.880443811416626,2.880443811416626,17,5
267,11744,base_enriched,max,-5.603120803833008,1.9472057819366455,-2.877518653869629,2.877518653869629,8,5
268,3487,base_enriched,active_fraction,-0.09271132946014404,0.03234758600592613,-2.8660972118377686,2.8660972118377686,38,5
269,11551,base_enriched,max,-2.721475601196289,0.9497114419937134,-2.865581512451172,2.865581512451172,16,5
270,6880,base_enriched,max,-1.9275803565979004,0.6746019124984741,-2.8573596477508545,2.8573596477508545,35,5
271,14338,base_enriched,mean,-0.13044467568397522,0.04568148031830788,-2.8555264472961426,2.8555264472961426,25,5
272,5211,base_enriched,max,-2.043307304382324,0.7163280844688416,-2.8524742126464844,2.8524742126464844,26,5
273,8420,base_enriched,max,-2.214468479156494,0.7765470743179321,-2.8516860008239746,2.8516860008239746,27,5
274,4696,base_enriched,max,-2.0982933044433594,0.7364489436149597,-2.8492040634155273,2.8492040634155273,13,5
275,469,base_enriched,max,-2.4259047508239746,0.8529340624809265,-2.8441879749298096,2.8441879749298096,7,5
276,3996,base_enriched,max,-1.3610697984695435,0.47858926653862,-2.8439204692840576,2.8439204692840576,7,5
277,6022,base_enriched,active_fraction,-0.03362758085131645,0.011828065849840641,-2.8430328369140625,2.8430328369140625,17,5
278,7781,base_enriched,max,-9.229475021362305,3.248046398162842,-2.8415465354919434,2.8415465354919434,11,5
279,9786,base_enriched,max,-2.5381016731262207,0.8939691781997681,-2.8391377925872803,2.8391377925872803,16,5
280,105,base_enriched,active_fraction,-0.03749121353030205,0.013215819373726845,-2.836843729019165,2.836843729019165,23,5
281,429,base_enriched,max,-1.540235161781311,0.5439102053642273,-2.831782102584839,2.831782102584839,7,5
282,5923,base_enriched,max,-1.7002856731414795,0.6034055352210999,-2.8178157806396484,2.8178157806396484,28,5
283,15674,base_enriched,max,-1.7511723041534424,0.6216955184936523,-2.8167684078216553,2.8167684078216553,13,5
284,11509,base_enriched,max,-2.9607858657836914,1.0519723892211914,-2.814509153366089,2.814509153366089,12,5
285,2938,base_enriched,max,-2.9323863983154297,1.04341459274292,-2.810375213623047,2.810375213623047,21,5
286,4761,base_enriched,max,-3.531078815460205,1.2580182552337646,-2.8068580627441406,2.8068580627441406,13,5
287,7232,base_enriched,max,-3.87052583694458,1.3814605474472046,-2.8017635345458984,2.8017635345458984,21,5
288,13269,base_enriched,max,-3.2161922454833984,1.148800253868103,-2.799609661102295,2.799609661102295,25,5
289,10407,base_enriched,max,-1.9676470756530762,0.7038494348526001,-2.795551061630249,2.795551061630249,41,5
290,16088,base_enriched,max,-1.862107276916504,0.6676542162895203,-2.789029359817505,2.789029359817505,41,5
291,8663,base_enriched,max,-2.1034960746765137,0.7543095350265503,-2.78863787651062,2.78863787651062,40,5
292,3312,base_enriched,max,-1.1086089611053467,0.39767664670944214,-2.7877144813537598,2.7877144813537598,8,5
293,14583,base_enriched,max,-1.8754183053970337,0.6728751063346863,-2.7871713638305664,2.7871713638305664,6,5
294,8022,base_enriched,max,-1.8304286003112793,0.6570858955383301,-2.7856762409210205,2.7856762409210205,6,5
295,9381,base_enriched,max,-0.8687918186187744,0.31218186020851135,-2.7829670906066895,2.7829670906066895,9,5
296,11683,base_enriched,max,-2.5225634574890137,0.9065583348274231,-2.78257155418396,2.78257155418396,13,5
297,10217,base_enriched,max,-3.852738857269287,1.3851479291915894,-2.781463861465454,2.781463861465454,17,5
298,15150,base_enriched,max,-2.9951934814453125,1.07756507396698,-2.7795939445495605,2.7795939445495605,15,5
299,16164,base_enriched,max,-0.9534754753112793,0.34311404824256897,-2.778887987136841,2.778887987136841,44,5
300,1687,base_enriched,active_fraction,-0.016659080982208252,0.006016285624355078,-2.7689976692199707,2.7689976692199707,12,5
301,7080,base_enriched,max,-2.6855483055114746,0.9704573750495911,-2.767301559448242,2.767301559448242,35,5
302,4686,base_enriched,max,-1.759566307067871,0.6361555457115173,-2.765937328338623,2.765937328338623,7,5
303,13864,base_enriched,max,-2.6657960414886475,0.9647485613822937,-2.7632029056549072,2.7632029056549072,6,5
304,6552,base_enriched,max,-2.0577852725982666,0.7453237771987915,-2.76092791557312,2.76092791557312,15,5
305,11026,base_enriched,max,-1.6981897354125977,0.6155309677124023,-2.758902072906494,2.758902072906494,24,5
306,2015,base_enriched,max,-1.2126336097717285,0.44005462527275085,-2.755643367767334,2.755643367767334,7,5
307,6950,base_enriched,max,-2.660013198852539,0.9656049609184265,-2.75476336479187,2.75476336479187,11,5
308,9607,base_enriched,max,-2.21336030960083,0.8035140633583069,-2.7546005249023438,2.7546005249023438,33,5
309,5979,base_enriched,active_fraction,-0.013474157080054283,0.004894251003861427,-2.7530579566955566,2.7530579566955566,12,5
310,1963,base_enriched,active_fraction,-0.08034809678792953,0.029188133776187897,-2.7527658939361572,2.7527658939361572,12,5
311,114,base_enriched,max,-1.2429392337799072,0.45164668560028076,-2.75201678276062,2.75201678276062,31,5
312,8858,base_enriched,max,-2.4282584190368652,0.8828709721565247,-2.7504115104675293,2.7504115104675293,36,5
313,14088,base_enriched,active_fraction,-0.013039626181125641,0.004750325810164213,-2.7449960708618164,2.7449960708618164,6,5
314,15685,base_enriched,max,-4.001089096069336,1.4603890180587769,-2.7397420406341553,2.7397420406341553,18,5
315,8843,base_enriched,active_fraction,-0.010317702777683735,0.003767267568036914,-2.738776206970215,2.738776206970215,9,5
316,15655,base_enriched,active_fraction,-0.08496934175491333,0.03105883300304413,-2.7357544898986816,2.7357544898986816,48,5
317,8144,base_enriched,active_fraction,-0.016848601400852203,0.006162645295262337,-2.7339885234832764,2.7339885234832764,12,5
318,6436,base_enriched,max,-5.097067832946777,1.8675763607025146,-2.7292420864105225,2.7292420864105225,28,5
319,9207,base_enriched,max,-2.397193670272827,0.878693163394928,-2.728135108947754,2.728135108947754,8,5
320,15323,base_enriched,max,-3.041985511779785,1.1151080131530762,-2.7279739379882812,2.7279739379882812,8,5
321,12118,base_enriched,max,-1.4453239440917969,0.5308420658111572,-2.722700357437134,2.722700357437134,14,5
322,9560,base_enriched,max,-1.976672649383545,0.7261967062950134,-2.721952199935913,2.721952199935913,13,5
323,14233,base_enriched,max,-2.2741522789001465,0.8355730175971985,-2.721668004989624,2.721668004989624,37,5
324,11115,base_enriched,max,-2.2498528957366943,0.8272049427032471,-2.719825267791748,2.719825267791748,24,5
325,13662,base_enriched,max,-1.8133468627929688,0.6670425534248352,-2.718487501144409,2.718487501144409,37,5
326,15866,base_enriched,max,-1.476966142654419,0.543348491191864,-2.718266725540161,2.718266725540161,31,5
327,9306,base_enriched,active_fraction,-0.015505391173064709,0.005710036959499121,-2.7154624462127686,2.7154624462127686,16,5
328,8726,base_enriched,active_fraction,-0.014481143094599247,0.005334677640348673,-2.7145302295684814,2.7145302295684814,28,5
329,9746,base_enriched,max,-3.228574514389038,1.1894901990890503,-2.7142505645751953,2.7142505645751953,11,5
330,3169,base_enriched,max,-3.1838464736938477,1.174072265625,-2.7117977142333984,2.7117977142333984,16,5
331,4989,base_enriched,max,-2.3395867347717285,0.862750768661499,-2.711775779724121,2.711775779724121,19,5
332,442,base_enriched,max,-3.3890531063079834,1.2505125999450684,-2.7101311683654785,2.7101311683654785,23,5
333,8621,base_enriched,max,-1.6697673797607422,0.6161487102508545,-2.7100071907043457,2.7100071907043457,9,5
334,6281,base_enriched,max,-2.0824265480041504,0.769054651260376,-2.7077744007110596,2.7077744007110596,9,5
335,8167,base_enriched,max,-1.5538783073425293,0.5743433833122253,-2.705486536026001,2.705486536026001,39,5
336,15762,base_enriched,max,-2.858941078186035,1.0570940971374512,-2.704528570175171,2.704528570175171,14,5
337,1469,base_enriched,max,-3.528472423553467,1.3049956560134888,-2.7038192749023438,2.7038192749023438,11,5
338,10733,base_enriched,max,-1.002882480621338,0.3710390627384186,-2.7029027938842773,2.7029027938842773,43,5
339,10321,base_enriched,max,-1.6212975978851318,0.6017155647277832,-2.694458484649658,2.694458484649658,7,5
340,981,base_enriched,max,-2.4592173099517822,0.912796139717102,-2.6941583156585693,2.6941583156585693,9,5
341,5539,base_enriched,max,-1.7762782573699951,0.6608740091323853,-2.6877713203430176,2.6877713203430176,32,5
342,14673,base_enriched,max,-1.4912605285644531,0.5549554824829102,-2.687171459197998,2.687171459197998,50,5
343,14461,base_enriched,active_fraction,-0.025643358007073402,0.009565629996359348,-2.6807808876037598,2.6807808876037598,27,5
344,10238,base_enriched,max,-2.9096474647521973,1.0864816904067993,-2.6780455112457275,2.6780455112457275,8,5
345,16308,base_enriched,max,-2.4008216857910156,0.8965129852294922,-2.677955389022827,2.677955389022827,9,5
346,311,base_enriched,max,-2.1634960174560547,0.8088430166244507,-2.6748032569885254,2.6748032569885254,45,5
347,7915,base_enriched,max,-0.7700352668762207,0.28810960054397583,-2.6727163791656494,2.6727163791656494,47,5
348,14672,base_enriched,max,-2.3562536239624023,0.8826211094856262,-2.669609308242798,2.669609308242798,15,5
349,44,base_enriched,max,-1.5706707239151,0.5890068411827087,-2.666642665863037,2.666642665863037,12,5
350,5791,base_enriched,max,-2.669074535369873,1.0013471841812134,-2.6654837131500244,2.6654837131500244,7,5
351,14555,base_enriched,max,-1.6616277694702148,0.6247843503952026,-2.65952205657959,2.65952205657959,45,5
352,12170,base_enriched,max,-3.837441921234131,1.4466270208358765,-2.652682304382324,2.652682304382324,6,5
353,10234,base_enriched,max,-3.116471767425537,1.1762526035308838,-2.649492025375366,2.649492025375366,16,5
354,2401,base_enriched,max,-2.383465528488159,0.9014960527420044,-2.643900156021118,2.643900156021118,7,5
355,12725,base_enriched,max,-1.4570891857147217,0.5522435307502747,-2.6384902000427246,2.6384902000427246,37,5
356,14356,base_enriched,active_fraction,-0.030868157744407654,0.011716069653630257,-2.634685516357422,2.634685516357422,39,5
357,15250,base_enriched,max,-1.6965727806091309,0.6452284455299377,-2.6294140815734863,2.6294140815734863,20,5
358,955,base_enriched,max,-1.673698902130127,0.6379103064537048,-2.6237213611602783,2.6237213611602783,35,5
359,9189,base_enriched,max,-1.238825798034668,0.47234755754470825,-2.622699737548828,2.622699737548828,27,5
360,13607,base_enriched,max,-3.6893670558929443,1.4082502126693726,-2.619823455810547,2.619823455810547,7,5
361,14941,base_enriched,max,-1.6597609519958496,0.6344342231750488,-2.6161277294158936,2.6161277294158936,32,5
362,740,base_enriched,max,-1.7904257774353027,0.6846318244934082,-2.615165948867798,2.615165948867798,8,5
363,9910,base_enriched,max,-1.0978140830993652,0.42005863785743713,-2.613478183746338,2.613478183746338,40,5
364,1974,base_enriched,max,-1.6465167999267578,0.630507230758667,-2.6114161014556885,2.6114161014556885,38,5
365,10710,base_enriched,max,-1.7245707511901855,0.6606988906860352,-2.6102218627929688,2.6102218627929688,40,5
366,3693,base_enriched,active_fraction,-0.07843562960624695,0.030050178989768028,-2.6101551055908203,2.6101551055908203,6,5
367,10020,base_enriched,max,-3.033261775970459,1.1636390686035156,-2.606703281402588,2.606703281402588,12,5
368,4239,base_enriched,max,-3.280937671661377,1.2593399286270142,-2.605283498764038,2.605283498764038,24,5
369,14220,base_enriched,max,-1.277120590209961,0.4903700053691864,-2.6044018268585205,2.6044018268585205,27,5
370,14785,base_enriched,max,-0.9350454807281494,0.35911476612091064,-2.6037511825561523,2.6037511825561523,5,5
371,1351,base_enriched,max,-2.6460366249084473,1.0180951356887817,-2.5990071296691895,2.5990071296691895,5,5
372,9654,base_enriched,max,-3.110464334487915,1.1971701383590698,-2.5981807708740234,2.5981807708740234,11,5
373,3090,base_enriched,max,-2.4507317543029785,0.9434056282043457,-2.597749710083008,2.597749710083008,28,5
374,2704,base_enriched,max,-4.166130065917969,1.6077255010604858,-2.5913193225860596,2.5913193225860596,9,5
375,784,base_enriched,max,-2.2539334297180176,0.8707082867622375,-2.588620662689209,2.588620662689209,14,5
376,11261,base_enriched,max,-2.624534845352173,1.0140364170074463,-2.5882058143615723,2.5882058143615723,13,5
377,3945,base_enriched,max,-1.604851245880127,0.6206244230270386,-2.5858654975891113,2.5858654975891113,35,5
378,3079,base_enriched,max,-2.0697519779205322,0.801052987575531,-2.583789110183716,2.583789110183716,29,5
379,8618,base_enriched,mean,-0.04723509028553963,0.018323585391044617,-2.5778300762176514,2.5778300762176514,19,5
380,1797,base_enriched,max,-1.7546052932739258,0.6808704733848572,-2.577003002166748,2.577003002166748,48,5
381,1796,base_enriched,max,-2.575873851776123,1.0002976655960083,-2.5751073360443115,2.5751073360443115,10,5
382,11576,base_enriched,max,-1.5353312492370605,0.5962891578674316,-2.574810028076172,2.574810028076172,38,5
383,4547,base_enriched,max,-2.5396065711975098,0.9869868159294128,-2.5730907917022705,2.5730907917022705,7,5
384,13545,base_enriched,max,-2.583570957183838,1.0046948194503784,-2.571498155593872,2.571498155593872,16,5
385,15839,base_enriched,max,-2.765000820159912,1.0767489671707153,-2.567915916442871,2.567915916442871,11,5
386,16126,base_enriched,mean,-0.07907971739768982,0.03080219030380249,-2.567340612411499,2.567340612411499,15,5
387,1854,base_enriched,max,-2.2915427684783936,0.8930646777153015,-2.565931558609009,2.565931558609009,24,5
388,4408,base_enriched,max,-1.7015373706817627,0.663219690322876,-2.5655713081359863,2.5655713081359863,26,5
389,7821,base_enriched,active_fraction,-0.01908697932958603,0.007448842283338308,-2.562408924102783,2.562408924102783,22,5
390,9683,base_enriched,active_fraction,-0.010370591655373573,0.004055418539792299,-2.557218551635742,2.557218551635742,7,5
391,11751,base_enriched,max,-1.2777684926986694,0.49967119097709656,-2.557218551635742,2.557218551635742,11,5
392,4437,base_enriched,max,-1.6303677558898926,0.637886643409729,-2.555889368057251,2.555889368057251,6,5
393,4486,base_enriched,max,-0.9798358678817749,0.3836739957332611,-2.553823947906494,2.553823947906494,11,5
394,14937,base_enriched,max,-0.9483382701873779,0.3715696334838867,-2.5522491931915283,2.5522491931915283,43,5
395,6875,base_enriched,max,-2.290398597717285,0.8981296420097351,-2.550187110900879,2.550187110900879,38,5
396,14944,base_enriched,max,-2.497805595397949,0.9800509214401245,-2.5486488342285156,2.5486488342285156,20,5
397,14817,base_enriched,max,-3.530176877975464,1.3874852657318115,-2.5442986488342285,2.5442986488342285,19,5
398,5596,base_enriched,active_fraction,-0.06661564111709595,0.02623315155506134,-2.5393686294555664,2.5393686294555664,12,5
399,3769,base_enriched,max,-1.357955813407898,0.5364687442779541,-2.5312860012054443,2.5312860012054443,8,5
400,2055,base_enriched,max,-1.2683494091033936,0.5010932683944702,-2.5311644077301025,2.5311644077301025,33,5
401,8148,base_enriched,max,-1.454047679901123,0.5744591951370239,-2.5311591625213623,2.5311591625213623,44,5
402,4863,base_enriched,max,-1.3598690032958984,0.537854015827179,-2.5283236503601074,2.5283236503601074,47,5
403,15088,base_enriched,max,-1.6313740015029907,0.6459357738494873,-2.5255978107452393,2.5255978107452393,16,5
404,9811,base_enriched,max,-1.2117269039154053,0.4800068140029907,-2.524395227432251,2.524395227432251,10,5
405,15873,base_enriched,max,-1.8941296339035034,0.7506402134895325,-2.5233521461486816,2.5233521461486816,20,5
406,12665,base_enriched,max,-1.1909058094024658,0.47200533747673035,-2.5230770111083984,2.5230770111083984,28,5
407,12905,base_enriched,max,-1.8926963806152344,0.7502617239952087,-2.522714853286743,2.522714853286743,23,5
408,8590,base_enriched,max,-1.8515636920928955,0.7358274459838867,-2.516301393508911,2.516301393508911,28,5
409,7349,base_enriched,active_fraction,-0.07480853796005249,0.029730413109064102,-2.5162293910980225,2.5162293910980225,49,5
410,6558,base_enriched,max,-2.999988555908203,1.1928857564926147,-2.5149002075195312,2.5149002075195312,12,5
411,13970,base_enriched,max,-1.5729119777679443,0.6256190538406372,-2.5141689777374268,2.5141689777374268,16,5
412,6403,base_enriched,max,-1.7353436946868896,0.6908453106880188,-2.511913537979126,2.511913537979126,30,5
413,3676,base_enriched,max,-2.8625731468200684,1.1407703161239624,-2.509333372116089,2.509333372116089,22,5
414,1327,base_enriched,max,-2.1985387802124023,0.8764524459838867,-2.5084519386291504,2.5084519386291504,18,5
415,2419,base_enriched,max,-1.4023263454437256,0.5595012307167053,-2.5063865184783936,2.5063865184783936,30,5
416,14756,base_enriched,max,-1.192539930343628,0.47612354159355164,-2.504685878753662,2.504685878753662,7,5
417,7362,base_enriched,max,-3.2611474990844727,1.3022502660751343,-2.5042402744293213,2.5042402744293213,9,5
418,9622,base_enriched,max,-2.6979916095733643,1.0778888463974,-2.50303316116333,2.50303316116333,25,5
419,1362,base_enriched,max,-4.442106246948242,1.774980068206787,-2.5026230812072754,2.5026230812072754,8,5
420,5459,base_enriched,max,-2.470932722091675,0.9893427491188049,-2.4975497722625732,2.4975497722625732,12,5
421,9556,base_enriched,max,-1.7047386169433594,0.6827134490013123,-2.497004508972168,2.497004508972168,39,5
422,5314,base_enriched,max,-2.8512279987335205,1.144813060760498,-2.4905619621276855,2.4905619621276855,6,5
423,457,base_enriched,max,-3.595734119415283,1.444846272468567,-2.488662004470825,2.488662004470825,9,5
424,6877,base_enriched,max,-1.5679776668548584,0.6314520239830017,-2.4831302165985107,2.4831302165985107,19,5
425,11003,base_enriched,max,-1.927915096282959,0.7775777578353882,-2.4793856143951416,2.4793856143951416,43,5
426,3122,base_enriched,active_fraction,-0.01863916963338852,0.007523840293288231,-2.4773478507995605,2.4773478507995605,34,5
427,2526,base_enriched,max,-1.3367003202438354,0.5395716428756714,-2.4773361682891846,2.4773361682891846,15,5
428,2827,base_enriched,mean,-0.16638247668743134,0.06719816476106644,-2.4759974479675293,2.4759974479675293,38,5
429,12551,base_enriched,max,-1.7691516876220703,0.7159836292266846,-2.4709386825561523,2.4709386825561523,7,5
430,4595,base_enriched,max,-3.2778515815734863,1.328316330909729,-2.4676740169525146,2.4676740169525146,22,5
431,3630,base_enriched,max,-2.6559195518493652,1.0784199237823486,-2.4627878665924072,2.4627878665924072,41,5
432,5219,base_enriched,mean,-0.05107784643769264,0.020749276503920555,-2.4616687297821045,2.4616687297821045,26,5
433,2551,base_enriched,active_fraction,-0.004115095362067223,0.0016724880551919341,-2.460463285446167,2.460463285446167,6,5
434,5409,base_enriched,max,-1.313454270362854,0.5338530540466309,-2.460329294204712,2.460329294204712,17,5
435,10633,base_enriched,max,-3.4140310287475586,1.3891342878341675,-2.4576680660247803,2.4576680660247803,14,5
436,1820,base_enriched,max,-3.0618927478790283,1.2471199035644531,-2.4551711082458496,2.4551711082458496,6,5
437,9868,base_enriched,max,-1.0504035949707031,0.42818281054496765,-2.4531662464141846,2.4531662464141846,36,5
438,1852,base_enriched,max,-1.0839848518371582,0.44197195768356323,-2.4526100158691406,2.4526100158691406,42,5
439,15021,base_enriched,max,-2.066373348236084,0.8429915308952332,-2.4512386322021484,2.4512386322021484,41,5
440,4725,base_enriched,max,-2.3288779258728027,0.9502853155136108,-2.450714349746704,2.450714349746704,5,5
441,14849,base_enriched,max,-2.274538040161133,0.9304311871528625,-2.444606304168701,2.444606304168701,9,5
442,102,base_enriched,max,-1.8797962665557861,0.7694821953773499,-2.442936658859253,2.442936658859253,9,5
443,3867,base_enriched,max,-3.5105342864990234,1.440101981163025,-2.4376983642578125,2.4376983642578125,6,5
444,13457,base_enriched,max,-0.9628832340240479,0.39542850852012634,-2.43503737449646,2.43503737449646,35,5
445,1711,base_enriched,max,-1.8322396278381348,0.7527315020561218,-2.4341211318969727,2.4341211318969727,24,5
446,9673,base_enriched,max,-1.1580767631530762,0.47632673382759094,-2.4312655925750732,2.4312655925750732,7,5
447,12694,base_enriched,max,-1.4948303699493408,0.6163977384567261,-2.4251067638397217,2.4251067638397217,31,5
448,3030,base_enriched,max,-2.3313748836517334,0.9615905284881592,-2.4244985580444336,2.4244985580444336,9,5
449,10865,base_enriched,max,-2.5812182426452637,1.0647401809692383,-2.4242706298828125,2.4242706298828125,6,5
450,7343,base_enriched,max,-2.278249740600586,0.9401893615722656,-2.4231817722320557,2.4231817722320557,11,5
451,4267,base_enriched,max,-2.4168524742126465,0.9976970553398132,-2.422431230545044,2.422431230545044,35,5
452,3092,base_enriched,max,-1.9744782447814941,0.8159594535827637,-2.4198238849639893,2.4198238849639893,29,5
453,2657,base_enriched,max,-3.2562596797943115,1.3458560705184937,-2.419471025466919,2.419471025466919,20,5
454,5181,base_enriched,max,-2.386057138442993,0.9880792498588562,-2.414843797683716,2.414843797683716,20,5
455,3859,base_enriched,max,-1.6335036754608154,0.6771369576454163,-2.4123682975769043,2.4123682975769043,6,5
456,594,base_enriched,max,-3.675710678100586,1.525019645690918,-2.410270929336548,2.410270929336548,7,5
457,4750,base_enriched,max,-1.0350911617279053,0.42949751019477844,-2.4100050926208496,2.4100050926208496,7,5
458,11342,base_enriched,max,-3.5300228595733643,1.4650168418884277,-2.4095442295074463,2.4095442295074463,8,5
459,5671,base_enriched,max,-4.474164009094238,1.8584173917770386,-2.407512903213501,2.407512903213501,6,5
460,14129,base_enriched,max,-1.3720695972442627,0.5700609683990479,-2.4068822860717773,2.4068822860717773,31,5
461,8616,base_enriched,max,-1.7323763370513916,0.7208062410354614,-2.4033870697021484,2.4033870697021484,24,5
462,5108,base_enriched,max,-2.588283061981201,1.0780904293060303,-2.400803327560425,2.400803327560425,10,5
463,13349,base_enriched,max,-2.664442300796509,1.1104000806808472,-2.39953351020813,2.39953351020813,6,5
464,11840,base_enriched,max,-2.6568665504455566,1.1089775562286377,-2.395780324935913,2.395780324935913,23,5
465,11495,base_enriched,max,-1.326324462890625,0.5537606477737427,-2.3951222896575928,2.3951222896575928,38,5
466,6279,base_enriched,max,-1.943331003189087,0.8122159242630005,-2.3926284313201904,2.3926284313201904,26,5
467,13294,base_enriched,max,-1.475527048110962,0.6169411540031433,-2.3916819095611572,2.3916819095611572,26,5
468,2131,base_enriched,max,-1.9106268882751465,0.7998591065406799,-2.388704299926758,2.388704299926758,7,5
469,12475,base_enriched,active_fraction,-0.008363713510334492,0.003502023871988058,-2.388251543045044,2.388251543045044,7,5
470,15243,base_enriched,max,-1.5839715003967285,0.6635882258415222,-2.386979579925537,2.386979579925537,39,5
471,16041,base_enriched,max,-0.8718812465667725,0.3655233085155487,-2.385295867919922,2.385295867919922,8,5
472,13400,base_enriched,max,-1.2589044570922852,0.5294764637947083,-2.3776400089263916,2.3776400089263916,18,5
473,8152,base_enriched,max,-2.213810443878174,0.9313700795173645,-2.376939535140991,2.376939535140991,6,5
474,11866,base_enriched,max,-2.360034942626953,0.9939714670181274,-2.3743488788604736,2.3743488788604736,19,5
475,15981,base_enriched,max,-1.9452314376831055,0.8212943077087402,-2.368494987487793,2.368494987487793,39,5
476,13488,base_enriched,max,-1.3145267963409424,0.5555986166000366,-2.365964889526367,2.365964889526367,33,5
477,2870,base_enriched,max,-3.115999460220337,1.3182318210601807,-2.363771915435791,2.363771915435791,5,5
478,8799,base_enriched,max,-0.8602511286735535,0.36467865109443665,-2.35892915725708,2.35892915725708,14,5
479,13805,base_enriched,max,-2.511484146118164,1.0648393630981445,-2.3585567474365234,2.3585567474365234,12,5
480,5421,base_enriched,max,-2.120206832885742,0.8990105390548706,-2.3583781719207764,2.3583781719207764,14,5
481,13581,base_enriched,max,-1.8069965839385986,0.7663053870201111,-2.358063220977783,2.358063220977783,13,5
482,2417,base_enriched,max,-1.8304293155670166,0.7778608202934265,-2.3531577587127686,2.3531577587127686,29,5
483,16207,base_enriched,max,-2.01389217376709,0.8571255207061768,-2.349588394165039,2.349588394165039,39,5
484,4490,base_enriched,max,-2.693096399307251,1.147945523262024,-2.3460140228271484,2.3460140228271484,33,5
485,12992,base_enriched,max,-2.077676296234131,0.8862813115119934,-2.3442628383636475,2.3442628383636475,12,5
486,2375,base_enriched,max,-1.2047910690307617,0.5140291452407837,-2.3438186645507812,2.3438186645507812,26,5
487,4618,base_enriched,max,-1.7160069942474365,0.7326675653457642,-2.3421359062194824,2.3421359062194824,16,5
488,2767,base_enriched,max,-1.5068835020065308,0.6442553997039795,-2.338953733444214,2.338953733444214,15,5
489,14040,base_enriched,active_fraction,-0.020611532032489777,0.008818676695227623,-2.33725905418396,2.33725905418396,32,5
490,7883,base_enriched,max,-1.1796331405639648,0.5049022436141968,-2.3363595008850098,2.3363595008850098,33,5
491,2277,base_enriched,max,-3.135389804840088,1.3430747985839844,-2.334486246109009,2.334486246109009,13,5
492,6629,base_enriched,max,-0.6826345920562744,0.2926759719848633,-2.332390308380127,2.332390308380127,48,5
493,14337,base_enriched,max,-2.017864465713501,0.8654799461364746,-2.3314976692199707,2.3314976692199707,16,5
494,9710,base_enriched,max,-2.3608744144439697,1.0126546621322632,-2.331371784210205,2.331371784210205,23,5
495,8897,base_enriched,max,-1.5130696296691895,0.6491331458091736,-2.3309080600738525,2.3309080600738525,45,5
496,7164,base_enriched,max,-1.3397170305252075,0.5747818350791931,-2.330826997756958,2.330826997756958,18,5
497,1369,base_enriched,max,-2.1622838973999023,0.9279717803001404,-2.330118179321289,2.330118179321289,23,5
498,14728,base_enriched,max,-3.123483657836914,1.3405886888504028,-2.3299343585968018,2.3299343585968018,9,5
499,5992,base_enriched,max,-1.1487901210784912,0.49411049485206604,-2.3249659538269043,2.3249659538269043,41,5
500,4811,base_enriched,max,-1.9587950706481934,0.8432192206382751,-2.322996139526367,2.322996139526367,29,5
501,10654,base_enriched,max,-1.3862583637237549,0.5971522927284241,-2.321448564529419,2.321448564529419,20,5
502,5609,base_enriched,max,-2.371556043624878,1.02255117893219,-2.319254159927368,2.319254159927368,26,5
503,14496,base_enriched,max,-1.3199048042297363,0.5702286958694458,-2.3146936893463135,2.3146936893463135,10,5
504,9139,base_enriched,max,-2.172342300415039,0.9399707913398743,-2.3110742568969727,2.3110742568969727,28,5
505,15105,base_enriched,max,-1.5882691144943237,0.6872570514678955,-2.3110263347625732,2.3110263347625732,17,5
506,9570,base_enriched,max,-1.792562484741211,0.7762068510055542,-2.309387683868408,2.309387683868408,21,5
507,1391,base_enriched,max,-1.5076725482940674,0.6532465219497681,-2.3079686164855957,2.3079686164855957,5,5
508,5215,base_enriched,max,-2.462526321411133,1.0673359632492065,-2.307170867919922,2.307170867919922,8,5
509,6668,base_enriched,max,-2.1015145778656006,0.9116306900978088,-2.3052258491516113,2.3052258491516113,13,5
510,7657,base_enriched,max,-1.5884969234466553,0.6893784403800964,-2.3042452335357666,2.3042452335357666,10,5
511,11475,base_enriched,active_fraction,-0.017011884599924088,0.007386971265077591,-2.3029580116271973,2.3029580116271973,27,5
512,1546,base_enriched,max,-1.5633553266525269,0.6820545792579651,-2.292126417160034,2.292126417160034,6,5
513,12274,base_enriched,max,-1.343909502029419,0.5868021845817566,-2.2902257442474365,2.2902257442474365,29,5
514,5321,base_enriched,max,-2.3943474292755127,1.0456207990646362,-2.2898812294006348,2.2898812294006348,19,5
515,9476,base_enriched,max,-0.8985289335250854,0.39261385798454285,-2.2885818481445312,2.2885818481445312,8,5
516,15744,base_enriched,max,-0.9447469711303711,0.4128999710083008,-2.2880771160125732,2.2880771160125732,47,5
517,5085,base_enriched,max,-2.4619593620300293,1.0767238140106201,-2.2865281105041504,2.2865281105041504,8,5
518,12402,base_enriched,max,-1.70582914352417,0.7461285591125488,-2.286240339279175,2.286240339279175,35,5
519,14310,base_enriched,active_fraction,-0.015423817560076714,0.006746786180883646,-2.2860984802246094,2.2860984802246094,31,5
520,10141,base_enriched,max,-1.1522681713104248,0.5053114295005798,-2.280313014984131,2.280313014984131,11,5
521,965,base_enriched,active_fraction,-0.023090392351150513,0.010130847804248333,-2.2792162895202637,2.2792162895202637,41,5
522,8724,base_enriched,max,-1.7381136417388916,0.7629547715187073,-2.27813458442688,2.27813458442688,10,5
523,6326,base_enriched,max,-0.7323758006095886,0.3220587372779846,-2.2740442752838135,2.2740442752838135,13,5
524,14730,base_enriched,max,-1.62103271484375,0.7135563492774963,-2.2717654705047607,2.2717654705047607,34,5
525,2636,base_enriched,max,-2.439575672149658,1.0749355554580688,-2.2695088386535645,2.2695088386535645,36,5
526,10790,base_enriched,max,-1.7389349937438965,0.7669381499290466,-2.2673730850219727,2.2673730850219727,39,5
527,12862,base_enriched,max,-1.7495112419128418,0.7717551589012146,-2.26692533493042,2.26692533493042,43,5
528,9405,base_enriched,max,-1.2968506813049316,0.5726051330566406,-2.2648253440856934,2.2648253440856934,50,5
529,13028,base_enriched,max,-1.6255073547363281,0.717919111251831,-2.264192819595337,2.264192819595337,6,5
530,4126,base_enriched,active_fraction,-0.006481674499809742,0.0028673054184764624,-2.260545492172241,2.260545492172241,9,5
531,11608,base_enriched,max,-0.8743860721588135,0.3874235153198242,-2.256925582885742,2.256925582885742,10,5
532,10808,base_enriched,max,-1.1968063116073608,0.5305814146995544,-2.255650758743286,2.255650758743286,24,5
533,9282,base_enriched,max,-2.3710520267486572,1.0511831045150757,-2.255603313446045,2.255603313446045,17,5
534,9722,base_enriched,mean,-0.07002381235361099,0.031060390174388885,-2.2544407844543457,2.2544407844543457,13,5
535,11125,base_enriched,max,-1.779902458190918,0.7901564836502075,-2.2525949478149414,2.2525949478149414,34,5
536,8665,base_enriched,max,-1.696901798248291,0.7536188960075378,-2.251671075820923,2.251671075820923,38,5
537,3754,base_enriched,max,-2.2243027687072754,0.9882175326347351,-2.2508230209350586,2.2508230209350586,39,5
538,5784,base_enriched,max,-0.7891335487365723,0.3515588939189911,-2.2446696758270264,2.2446696758270264,48,5
539,6928,base_enriched,max,-3.6738085746765137,1.6367113590240479,-2.2446281909942627,2.2446281909942627,6,5
540,8249,base_enriched,max,-1.6062750816345215,0.7157844305038452,-2.2440764904022217,2.2440764904022217,43,5
541,4986,base_enriched,max,-2.8733022212982178,1.2809919118881226,-2.2430291175842285,2.2430291175842285,7,5
542,4972,base_enriched,max,-1.7301125526428223,0.771620512008667,-2.242180585861206,2.242180585861206,24,5
543,2632,base_enriched,max,-1.4132671356201172,0.630653440952301,-2.2409567832946777,2.2409567832946777,27,5
544,10780,base_enriched,max,-2.0616326332092285,0.9204118847846985,-2.2399022579193115,2.2399022579193115,31,5
545,13967,base_enriched,max,-0.901150107383728,0.40312695503234863,-2.2354001998901367,2.2354001998901367,10,5
546,5242,base_enriched,max,-1.147934079170227,0.5138275027275085,-2.2340846061706543,2.2340846061706543,20,5
547,6607,base_enriched,max,-0.8554978370666504,0.38329997658729553,-2.2319276332855225,2.2319276332855225,7,5
548,1970,base_enriched,max,-2.2338624000549316,1.0010020732879639,-2.231626033782959,2.231626033782959,5,5
549,6204,base_enriched,max,-1.6981208324432373,0.7625378370285034,-2.226933240890503,2.226933240890503,15,5
550,11668,base_enriched,max,-2.824766159057617,1.2694696187973022,-2.2251546382904053,2.2251546382904053,6,5
551,6390,base_enriched,max,-1.2603297233581543,0.5689415335655212,-2.2152183055877686,2.2152183055877686,14,5
552,285,base_enriched,max,-1.4201478958129883,0.6416268944740295,-2.2133545875549316,2.2133545875549316,17,5
553,1903,base_enriched,max,-2.3793513774871826,1.075229287147522,-2.2128782272338867,2.2128782272338867,10,5
554,13303,base_enriched,max,-1.2862725257873535,0.5835385918617249,-2.2042629718780518,2.2042629718780518,8,5
555,10068,base_enriched,max,-1.9064483642578125,0.8650791645050049,-2.203784942626953,2.203784942626953,7,5
556,6150,base_enriched,max,-3.0608088970184326,1.391919493675232,-2.198984146118164,2.198984146118164,7,5
557,14868,base_enriched,max,-1.6844940185546875,0.7661604285240173,-2.198617935180664,2.198617935180664,27,5
558,10908,base_enriched,max,-1.9260525703430176,0.876671314239502,-2.1970064640045166,2.1970064640045166,35,5
559,14307,base_enriched,active_fraction,-0.005714969709515572,0.0026014011818915606,-2.1968812942504883,2.1968812942504883,5,5
560,14693,base_enriched,max,-2.08072829246521,0.947170615196228,-2.1967830657958984,2.1967830657958984,18,5
561,3978,base_enriched,active_fraction,-0.003217874327674508,0.0014654176775366068,-2.1958751678466797,2.1958751678466797,6,5
562,10507,base_enriched,max,-2.520098924636841,1.1479045152664185,-2.1953907012939453,2.1953907012939453,23,5
563,13621,base_enriched,max,-1.9649946689605713,0.8956255912780762,-2.193991184234619,2.193991184234619,36,5
564,13236,base_enriched,max,-1.6515095233917236,0.7534269690513611,-2.1919968128204346,2.1919968128204346,12,5
565,895,base_enriched,max,-1.8751312494277954,0.8556081056594849,-2.191577196121216,2.191577196121216,20,5
566,16134,base_enriched,max,-1.9545310735702515,0.8919795751571655,-2.1912283897399902,2.1912283897399902,22,5
567,10458,base_enriched,max,-2.0879735946655273,0.9531168937683105,-2.1906795501708984,2.1906795501708984,12,5
568,619,base_enriched,max,-0.9386968612670898,0.42866629362106323,-2.189807891845703,2.189807891845703,47,5
569,4452,base_enriched,max,-3.704223394393921,1.6935666799545288,-2.18723201751709,2.18723201751709,16,5
570,13313,base_enriched,max,-2.0723204612731934,0.9476702809333801,-2.1867525577545166,2.1867525577545166,32,5
571,6498,base_enriched,max,-1.8932313919067383,0.8658201694488525,-2.186633586883545,2.186633586883545,25,5
572,10522,base_enriched,max,-1.9089138507843018,0.8738108277320862,-2.184584856033325,2.184584856033325,33,5
573,8974,base_enriched,max,-0.6208164691925049,0.2845514118671417,-2.1817374229431152,2.1817374229431152,10,5
574,2607,base_enriched,max,-2.9184658527374268,1.340453863143921,-2.17722225189209,2.17722225189209,19,5
575,10113,base_enriched,max,-1.3823485374450684,0.6349612474441528,-2.1770596504211426,2.1770596504211426,10,5
576,10887,base_enriched,max,-0.9846532344818115,0.4523460268974304,-2.176769971847534,2.176769971847534,29,5
577,1994,base_enriched,active_fraction,-0.012244824320077896,0.005634448491036892,-2.1732072830200195,2.1732072830200195,28,5
578,3101,base_enriched,max,-3.166811943054199,1.457477331161499,-2.1728036403656006,2.1728036403656006,39,5
579,7267,base_enriched,max,-2.6653380393981934,1.227704405784607,-2.1709933280944824,2.1709933280944824,21,5
580,771,base_enriched,max,-0.9823429584503174,0.45251011848449707,-2.170875072479248,2.170875072479248,30,5
581,7745,base_enriched,max,-2.881319284439087,1.3290519714355469,-2.1679508686065674,2.1679508686065674,26,5
582,10173,base_enriched,max,-1.0686454772949219,0.4931231439113617,-2.1670966148376465,2.1670966148376465,14,5
583,6519,base_enriched,max,-0.8331926465034485,0.38535523414611816,-2.162141799926758,2.162141799926758,5,5
584,6296,base_enriched,max,-1.6948208808898926,0.7873213887214661,-2.152641773223877,2.152641773223877,23,5
585,2916,base_enriched,max,-1.5838637351989746,0.7367724180221558,-2.1497325897216797,2.1497325897216797,46,5
586,13211,base_enriched,max,-1.3751885890960693,0.640403151512146,-2.1473793983459473,2.1473793983459473,9,5
587,1171,base_enriched,max,-1.814145803451538,0.8450540900230408,-2.1467807292938232,2.1467807292938232,24,5
588,5039,base_enriched,max,-1.836861252784729,0.8562530875205994,-2.1452317237854004,2.1452317237854004,18,5
589,12794,base_enriched,max,-2.3323187828063965,1.0872423648834229,-2.145169258117676,2.145169258117676,16,5
590,1603,base_enriched,max,-0.9121252298355103,0.42575499415397644,-2.14237117767334,2.14237117767334,24,5
591,14364,base_enriched,max,-0.6292362213134766,0.2942008674144745,-2.1387979984283447,2.1387979984283447,50,5
592,12944,base_enriched,max,-1.1627802848815918,0.5436769723892212,-2.1387336254119873,2.1387336254119873,40,5
593,13614,base_enriched,max,-2.5661001205444336,1.2006103992462158,-2.137329578399658,2.137329578399658,42,5
594,6687,base_enriched,max,-1.3555347919464111,0.6342247724533081,-2.1373097896575928,2.1373097896575928,36,5
595,10337,base_enriched,max,-1.5816922187805176,0.7404412627220154,-2.13614821434021,2.13614821434021,41,5
596,11016,base_enriched,max,-1.4173126220703125,0.66401207447052,-2.1344680786132812,2.1344680786132812,22,5
597,775,base_enriched,max,-1.9069509506225586,0.8952954411506653,-2.1299684047698975,2.1299684047698975,22,5
598,15219,base_enriched,max,-1.287320613861084,0.6051209568977356,-2.1273772716522217,2.1273772716522217,24,5
599,10176,base_enriched,max,-1.6313749551773071,0.7690684795379639,-2.121234893798828,2.121234893798828,15,5
600,2824,base_enriched,max,-1.439279556274414,0.6786345839500427,-2.1208462715148926,2.1208462715148926,29,5
601,13522,base_enriched,max,-1.8317103385925293,0.8647511005401611,-2.1181936264038086,2.1181936264038086,15,5
602,7561,base_enriched,max,-3.037900686264038,1.4348399639129639,-2.1172401905059814,2.1172401905059814,7,5
603,4313,base_enriched,max,-2.02276873588562,0.9559820890426636,-2.1159064769744873,2.1159064769744873,21,5
604,4164,base_enriched,max,-1.3014062643051147,0.615192711353302,-2.1154448986053467,2.1154448986053467,8,5
605,3993,base_enriched,max,-1.3883304595947266,0.6563408374786377,-2.1152584552764893,2.1152584552764893,50,5
606,13360,base_enriched,max,-2.671786308288574,1.2631033658981323,-2.115255355834961,2.115255355834961,36,5
607,9492,base_enriched,max,-1.9971580505371094,0.9441933035850525,-2.1152002811431885,2.1152002811431885,14,5
608,15047,base_enriched,max,-3.149176597595215,1.4888925552368164,-2.1151134967803955,2.1151134967803955,5,5
609,9658,base_enriched,max,-2.5230987071990967,1.1929283142089844,-2.115046262741089,2.115046262741089,18,5
610,6632,base_enriched,max,-2.2916250228881836,1.0841562747955322,-2.1137404441833496,2.1137404441833496,40,5
611,3847,base_enriched,max,-2.1409835815429688,1.0132471323013306,-2.112992525100708,2.112992525100708,6,5
612,8471,base_enriched,max,-0.8477044105529785,0.40121322870254517,-2.1128525733947754,2.1128525733947754,23,5
613,14521,base_enriched,active_fraction,-0.01072365790605545,0.005080073606222868,-2.1109256744384766,2.1109256744384766,19,5
614,4207,base_enriched,max,-2.9851651191711426,1.4147106409072876,-2.11008882522583,2.11008882522583,7,5
615,12431,base_enriched,max,-1.9779505729675293,0.9382086396217346,-2.108220338821411,2.108220338821411,46,5
616,1419,base_enriched,max,-1.9983532428741455,0.9489345550537109,-2.105891466140747,2.105891466140747,31,5
617,2998,base_enriched,max,-1.6611504554748535,0.7890063524246216,-2.105370283126831,2.105370283126831,27,5
618,11207,base_enriched,max,-1.7625060081481934,0.8373834490776062,-2.1047778129577637,2.1047778129577637,45,5
619,7934,base_enriched,max,-0.8903393745422363,0.423340380191803,-2.1031289100646973,2.1031289100646973,25,5
620,6207,base_enriched,max,-1.4914987087249756,0.7099652886390686,-2.1008050441741943,2.1008050441741943,11,5
621,9808,base_enriched,max,-2.1135973930358887,1.0060946941375732,-2.1007936000823975,2.1007936000823975,28,5
622,8582,base_enriched,max,-1.5593657493591309,0.7456380128860474,-2.0913174152374268,2.0913174152374268,35,5
623,15532,base_enriched,max,-1.9010539054870605,0.9103873372077942,-2.088181495666504,2.088181495666504,28,5
624,9157,base_enriched,max,-1.817939281463623,0.8709056377410889,-2.0874123573303223,2.0874123573303223,5,5
625,1262,base_enriched,max,-1.8280835151672363,0.8758979439735413,-2.0870964527130127,2.0870964527130127,37,5
626,11868,base_enriched,max,-1.8802947998046875,0.9013166427612305,-2.0861644744873047,2.0861644744873047,44,5
627,5837,base_enriched,max,-1.206407070159912,0.5799353122711182,-2.080244302749634,2.080244302749634,38,5
628,13502,base_enriched,max,-1.185276746749878,0.5699877738952637,-2.079477548599243,2.079477548599243,22,5
629,14698,base_enriched,max,-1.9567418098449707,0.949828028678894,-2.06010103225708,2.06010103225708,25,5
630,12723,base_enriched,max,-1.266249179840088,0.6148496866226196,-2.0594451427459717,2.0594451427459717,28,5
631,768,base_enriched,max,-1.3244603872299194,0.6435596942901611,-2.0580224990844727,2.0580224990844727,10,5
632,6954,base_enriched,max,-1.6021721363067627,0.7785034775733948,-2.0580153465270996,2.0580153465270996,35,5
633,6747,base_enriched,max,-0.9317052364349365,0.45340612530708313,-2.0549020767211914,2.0549020767211914,32,5
634,4450,base_enriched,max,-0.8830500841140747,0.4301814138889313,-2.052738904953003,2.052738904953003,22,5
635,1800,base_enriched,max,-1.7199029922485352,0.8382871747016907,-2.051687002182007,2.051687002182007,7,5
636,7705,base_enriched,max,-1.864466667175293,0.9089962244033813,-2.0511269569396973,2.0511269569396973,31,5
637,11229,base_enriched,max,-1.3532476425170898,0.6607658863067627,-2.0479986667633057,2.0479986667633057,45,5
638,15831,base_enriched,max,-1.3664369583129883,0.6674422025680542,-2.047273874282837,2.047273874282837,40,5
639,2572,base_enriched,max,-1.3481123447418213,0.6585013270378113,-2.047243118286133,2.047243118286133,37,5
640,1666,base_enriched,max,-0.9767458438873291,0.4774564802646637,-2.045727491378784,2.045727491378784,17,5
641,610,base_enriched,max,-2.3522722721099854,1.1567893028259277,-2.033449172973633,2.033449172973633,13,5
642,2918,base_enriched,max,-1.7714979648590088,0.8713161945343018,-2.0331287384033203,2.0331287384033203,7,5
643,5759,base_enriched,max,-1.257352590560913,0.6189494729042053,-2.0314300060272217,2.0314300060272217,18,5
644,10554,base_enriched,max,-2.3572750091552734,1.1612266302108765,-2.029987096786499,2.029987096786499,33,5
645,6093,base_enriched,max,-1.4775865077972412,0.728330135345459,-2.0287318229675293,2.0287318229675293,31,5
646,14014,base_enriched,max,-1.496258020401001,0.7376095056533813,-2.0285232067108154,2.0285232067108154,26,5
647,496,base_enriched,active_fraction,-0.010157402604818344,0.005011030472815037,-2.0270087718963623,2.0270087718963623,18,5
648,11284,base_enriched,max,-1.1349358558654785,0.5601064562797546,-2.0262858867645264,2.0262858867645264,14,5
649,10659,base_enriched,active_fraction,-0.005885309539735317,0.0029057685751467943,-2.025388240814209,2.025388240814209,7,5
650,14821,base_enriched,max,-1.265777587890625,0.6253024339675903,-2.0242645740509033,2.0242645740509033,49,5
651,15777,base_enriched,max,-2.154940605163574,1.0653342008590698,-2.0227837562561035,2.0227837562561035,6,5
652,16263,base_enriched,max,-2.115713357925415,1.0465385913848877,-2.021629571914673,2.021629571914673,14,5
653,257,base_enriched,active_fraction,-0.007432623766362667,0.003677548374980688,-2.0210812091827393,2.0210812091827393,12,5
654,1287,base_enriched,max,-1.6881589889526367,0.8357778191566467,-2.0198657512664795,2.0198657512664795,25,5
655,4033,base_enriched,max,-1.3297755718231201,0.6586323380470276,-2.0189952850341797,2.0189952850341797,36,5
656,4182,base_enriched,max,-1.3351192474365234,0.6612988114356995,-2.018934965133667,2.018934965133667,39,5
657,8585,base_enriched,mean,-0.14959225058555603,0.07409659773111343,-2.0188815593719482,2.0188815593719482,37,5
658,10648,base_enriched,active_fraction,-0.03297518193721771,0.016354791820049286,-2.016239881515503,2.016239881515503,46,5
659,12218,base_enriched,max,-0.9463557600975037,0.46981802582740784,-2.0143027305603027,2.0143027305603027,7,5
660,2651,base_enriched,max,-3.818794012069702,1.8967887163162231,-2.0132944583892822,2.0132944583892822,6,5
661,10054,base_enriched,max,-1.7817202806472778,0.8852640986442566,-2.0126426219940186,2.0126426219940186,7,5
662,14974,base_enriched,max,-2.0344479084014893,1.0117214918136597,-2.0108773708343506,2.0108773708343506,13,5
663,8475,base_enriched,active_fraction,-0.020870618522167206,0.010381960310041904,-2.010277271270752,2.010277271270752,28,5
664,3160,base_enriched,max,-1.0297707319259644,0.5123091340065002,-2.0100574493408203,2.0100574493408203,20,5
665,4028,base_enriched,max,-1.2356717586517334,0.6150979995727539,-2.0089023113250732,2.0089023113250732,25,5
666,7076,base_enriched,max,-1.1646761894226074,0.5802552103996277,-2.0071792602539062,2.0071792602539062,40,5
667,9966,base_enriched,active_fraction,-0.024507232010364532,0.01220981776714325,-2.007174253463745,2.007174253463745,45,5
668,13855,base_enriched,max,-3.094261407852173,1.5416431427001953,-2.0071191787719727,2.0071191787719727,10,5
669,1010,base_enriched,max,-1.505270004272461,0.7501486539840698,-2.00662899017334,2.00662899017334,33,5
670,2445,base_enriched,max,-3.1661829948425293,1.5797510147094727,-2.0042290687561035,2.0042290687561035,10,5
671,5815,base_enriched,max,-1.357998251914978,0.6781055927276611,-2.0026354789733887,2.0026354789733887,13,5
672,10009,base_enriched,active_fraction,-0.02133329212665558,0.010656697675585747,-2.0018670558929443,2.0018670558929443,47,5
673,4187,base_enriched,max,-1.6746153831481934,0.8370953798294067,-2.000507354736328,2.000507354736328,22,5
674,533,base_enriched,max,-1.363110065460205,0.681893527507782,-1.999007225036621,1.999007225036621,42,5
675,2579,base_enriched,max,-2.223642110824585,1.11482572555542,-1.9946095943450928,1.9946095943450928,12,5
676,3495,base_enriched,max,-1.6160850524902344,0.8103076219558716,-1.9944093227386475,1.9944093227386475,33,5
677,8594,base_enriched,max,-1.8399341106414795,0.923238217830658,-1.9929137229919434,1.9929137229919434,34,5
678,10931,base_enriched,max,-2.25461745262146,1.1338016986846924,-1.9885464906692505,1.9885464906692505,5,5
679,6901,base_enriched,max,-1.9118547439575195,0.9616556763648987,-1.9880865812301636,1.9880865812301636,43,5
680,2411,base_enriched,max,-1.4668984413146973,0.7382649779319763,-1.986953854560852,1.986953854560852,26,5
681,2167,base_enriched,max,-0.8861124515533447,0.44596531987190247,-1.9869537353515625,1.9869537353515625,31,5
682,9,base_enriched,active_fraction,-0.005945292767137289,0.002992418594658375,-1.9867851734161377,1.9867851734161377,7,5
683,6128,base_enriched,max,-0.9816288948059082,0.4947955906391144,-1.98390793800354,1.98390793800354,40,5
684,15955,base_enriched,max,-1.2335140705108643,0.6219024658203125,-1.983452558517456,1.983452558517456,28,5
685,9051,base_enriched,max,-2.919466495513916,1.4730092287063599,-1.9819743633270264,1.9819743633270264,6,5
686,5225,base_enriched,max,-0.6686196327209473,0.33736494183540344,-1.9818882942199707,1.9818882942199707,44,5
687,8324,base_enriched,max,-1.0324947834014893,0.521466076374054,-1.9799845218658447,1.9799845218658447,24,5
688,15591,base_enriched,active_fraction,-0.00876337755471468,0.0044364649802446365,-1.9753063917160034,1.9753063917160034,19,5
689,13314,base_enriched,max,-1.2752224206924438,0.6471445560455322,-1.9705371856689453,1.9705371856689453,30,5
690,13348,base_enriched,max,-0.7742109298706055,0.39324530959129333,-1.9687734842300415,1.9687734842300415,42,5
691,7905,base_enriched,max,-1.9787988662719727,1.0052564144134521,-1.9684518575668335,1.9684518575668335,43,5
692,179,base_enriched,max,-1.145790457725525,0.5821020007133484,-1.968367099761963,1.968367099761963,9,5
693,8111,base_enriched,max,-1.5730218887329102,0.7994478344917297,-1.9676353931427002,1.9676353931427002,36,5
694,5068,base_enriched,active_fraction,-0.0264359712600708,0.01345369778573513,-1.9649595022201538,1.9649595022201538,33,5
695,8977,base_enriched,max,-1.2034602165222168,0.612670361995697,-1.9642866849899292,1.9642866849899292,27,5
696,11501,base_enriched,max,-0.6102406978607178,0.31148114800453186,-1.9591577053070068,1.9591577053070068,6,5
697,1548,base_enriched,active_fraction,-0.0230182446539402,0.01175795029848814,-1.9576749801635742,1.9576749801635742,45,5
698,634,base_enriched,active_fraction,-0.054357245564460754,0.027775373309850693,-1.9570302963256836,1.9570302963256836,16,5
699,16167,base_enriched,max,-1.192641258239746,0.6115595102310181,-1.9501638412475586,1.9501638412475586,22,5
700,14980,base_enriched,max,-2.611337184906006,1.3394012451171875,-1.9496302604675293,1.9496302604675293,10,5
701,14330,base_enriched,max,-0.902599573135376,0.4630340039730072,-1.9493159055709839,1.9493159055709839,36,5
702,10380,base_enriched,max,-1.7158422470092773,0.8803693056106567,-1.9490028619766235,1.9490028619766235,40,5
703,10615,base_enriched,max,-1.8104944229125977,0.929382860660553,-1.9480608701705933,1.9480608701705933,46,5
704,6090,base_enriched,max,-1.0435208082199097,0.5361179113388062,-1.9464390277862549,1.9464390277862549,9,5
705,3069,base_enriched,max,-1.016894817352295,0.5229642987251282,-1.9444823265075684,1.9444823265075684,27,5
706,4606,base_enriched,max,-1.581955075263977,0.8142621517181396,-1.9428080320358276,1.9428080320358276,19,5
707,15210,base_enriched,max,-1.7937302589416504,0.9234620928764343,-1.9423972368240356,1.9423972368240356,16,5
708,10148,base_enriched,max,-0.7729671001434326,0.3981187045574188,-1.941549301147461,1.941549301147461,8,5
709,12683,base_enriched,max,-2.5431830883026123,1.3112969398498535,-1.9394410848617554,1.9394410848617554,11,5
710,15031,base_enriched,max,-0.7763854265213013,0.4003443717956543,-1.9392939805984497,1.9392939805984497,20,5
711,15224,base_enriched,max,-0.5598629713058472,0.28877025842666626,-1.9387834072113037,1.9387834072113037,7,5
712,2742,base_enriched,max,-2.048248767852783,1.0573961734771729,-1.9370684623718262,1.9370684623718262,40,5
713,13012,base_enriched,max,-2.3375086784362793,1.2070391178131104,-1.9365640878677368,1.9365640878677368,11,5
714,13790,base_enriched,max,-2.5952959060668945,1.34178626537323,-1.9342095851898193,1.9342095851898193,19,5
715,570,base_enriched,max,-1.3300144672393799,0.6880626678466797,-1.932984471321106,1.932984471321106,33,5
716,7746,base_enriched,max,-1.2653305530548096,0.6551094055175781,-1.931479811668396,1.931479811668396,22,5
717,11896,base_enriched,max,-1.881084680557251,0.9758365154266357,-1.927663803100586,1.927663803100586,20,5
718,1691,base_enriched,max,-1.413028359413147,0.733796238899231,-1.9256412982940674,1.9256412982940674,22,5
719,3740,base_enriched,mean,-0.07079597562551498,0.03683212772011757,-1.9221255779266357,1.9221255779266357,18,5
720,12423,base_enriched,max,-2.01667857170105,1.0538582801818848,-1.9136146306991577,1.9136146306991577,14,5
721,4759,base_enriched,max,-0.8167519569396973,0.4269550144672394,-1.9129695892333984,1.9129695892333984,39,5
722,4177,base_enriched,max,-1.4675073623657227,0.7674733996391296,-1.91212797164917,1.91212797164917,17,5
723,1370,base_enriched,max,-1.760746717453003,0.9208374619483948,-1.9121145009994507,1.9121145009994507,20,5
724,4586,base_enriched,max,-2.6630475521087646,1.393621802330017,-1.9108824729919434,1.9108824729919434,18,5
725,15808,base_enriched,max,-1.3194289207458496,0.6912244558334351,-1.9088284969329834,1.9088284969329834,29,5
726,863,base_enriched,max,-2.0534863471984863,1.075911521911621,-1.9086015224456787,1.9086015224456787,30,5
727,7303,base_enriched,max,-0.6619214415550232,0.34727901220321655,-1.9060219526290894,1.9060219526290894,6,5
728,8341,base_enriched,max,-1.8680461645126343,0.9810700416564941,-1.9040905237197876,1.9040905237197876,5,5
729,9321,base_enriched,active_fraction,-0.009855356067419052,0.005179157014936209,-1.9028880596160889,1.9028880596160889,6,5
730,16038,base_enriched,max,-1.6916851997375488,0.8898481130599976,-1.9010943174362183,1.9010943174362183,8,5
731,2234,base_enriched,max,-1.4493211507797241,0.7626821994781494,-1.9002950191497803,1.9002950191497803,10,5
732,15473,base_enriched,active_fraction,-0.010165484622120857,0.0053511736914515495,-1.8996738195419312,1.8996738195419312,9,5
733,7890,base_enriched,max,-1.126617193222046,0.593776285648346,-1.897376537322998,1.897376537322998,26,5
734,5124,base_enriched,max,-2.4473609924316406,1.2900446653366089,-1.89711332321167,1.89711332321167,5,5
735,14416,base_enriched,max,-1.324389934539795,0.6981508731842041,-1.8969967365264893,1.8969967365264893,33,5
736,16099,base_enriched,max,-3.831146240234375,2.021937847137451,-1.8947893381118774,1.8947893381118774,6,5
737,489,base_enriched,max,-1.1780242919921875,0.6226383447647095,-1.8919880390167236,1.8919880390167236,40,5
738,12246,base_enriched,max,-1.724545955657959,0.9118491411209106,-1.891262412071228,1.891262412071228,8,5
739,11503,base_enriched,max,-1.5852000713348389,0.8391779661178589,-1.8889914751052856,1.8889914751052856,10,5
740,6050,base_enriched,max,-3.2543675899505615,1.7234399318695068,-1.8882976770401,1.8882976770401,19,5
741,12340,base_enriched,max,-1.9379863739013672,1.0274893045425415,-1.8861377239227295,1.8861377239227295,15,5
742,16270,base_enriched,max,-1.4251933097839355,0.756191074848175,-1.8846999406814575,1.8846999406814575,25,5
743,3660,base_enriched,max,-1.0768918991088867,0.5715419054031372,-1.88418710231781,1.88418710231781,20,5
744,8965,base_enriched,max,-2.0807132720947266,1.104895830154419,-1.8831759691238403,1.8831759691238403,34,5
745,1075,base_enriched,max,-1.3231087923049927,0.7043066620826721,-1.878597617149353,1.878597617149353,17,5
746,15043,base_enriched,max,-1.3379002809524536,0.7157297730445862,-1.86928129196167,1.86928129196167,19,5
747,4942,base_enriched,max,-0.9081143140792847,0.48625579476356506,-1.8675650358200073,1.8675650358200073,23,5
748,14302,base_enriched,max,-2.653156280517578,1.4234429597854614,-1.8639006614685059,1.8639006614685059,5,5
749,6681,base_enriched,max,-1.6163158416748047,0.8695630431175232,-1.8587678670883179,1.8587678670883179,27,5
750,9901,base_enriched,max,-1.9419713020324707,1.0507760047912598,-1.8481305837631226,1.8481305837631226,10,5
751,3298,base_enriched,max,-1.4890265464782715,0.806208074092865,-1.846950650215149,1.846950650215149,47,5
752,3763,base_enriched,max,-1.333862543106079,0.723714292049408,-1.843078851699829,1.843078851699829,26,5
753,11669,base_enriched,max,-1.215720295906067,0.6611103415489197,-1.8389067649841309,1.8389067649841309,17,5
754,5065,base_enriched,max,-1.3271901607513428,0.7223296761512756,-1.8373745679855347,1.8373745679855347,8,5
755,5771,base_enriched,active_fraction,-0.0068342359736561775,0.003723577130585909,-1.835395336151123,1.835395336151123,9,5
756,8668,base_enriched,max,-1.5616575479507446,0.8518663048744202,-1.833219051361084,1.833219051361084,20,5
757,12753,base_enriched,max,-0.9993619918823242,0.5460808277130127,-1.8300623893737793,1.8300623893737793,40,5
758,1423,base_enriched,max,-1.3888609409332275,0.7594513893127441,-1.8287687301635742,1.8287687301635742,27,5
759,13665,base_enriched,max,-2.532712697982788,1.3868306875228882,-1.8262594938278198,1.8262594938278198,11,5
760,12298,base_enriched,max,-0.9024292826652527,0.49445077776908875,-1.8251144886016846,1.8251144886016846,6,5
761,8623,base_enriched,max,-1.721171498298645,0.9437477588653564,-1.8237621784210205,1.8237621784210205,5,5
762,13978,base_enriched,max,-1.9847636222839355,1.0882893800735474,-1.8237462043762207,1.8237462043762207,35,5
763,2608,base_enriched,max,-1.1384575366973877,0.6248565912246704,-1.821950078010559,1.821950078010559,28,5
764,5366,base_enriched,max,-2.2856202125549316,1.2545992136001587,-1.8217930793762207,1.8217930793762207,9,5
765,1375,base_enriched,max,-2.5289053916931152,1.3882280588150024,-1.821678638458252,1.821678638458252,39,5
766,10161,base_enriched,max,-1.6202863454818726,0.8896089196205139,-1.8213467597961426,1.8213467597961426,7,5
767,6789,base_enriched,max,-1.437272071838379,0.790152370929718,-1.8189809322357178,1.8189809322357178,27,5
768,10661,base_enriched,max,-1.1250247955322266,0.6203335523605347,-1.8135803937911987,1.8135803937911987,47,5
769,4554,base_enriched,max,-1.338635802268982,0.7383486032485962,-1.8130131959915161,1.8130131959915161,19,5
770,8407,base_enriched,max,-1.6714160442352295,0.9223124980926514,-1.8122014999389648,1.8122014999389648,16,5
771,5159,base_enriched,max,-1.7768783569335938,0.9835880994796753,-1.8065268993377686,1.8065268993377686,13,5
772,2292,base_enriched,max,-1.3043134212493896,0.7229971885681152,-1.8040366172790527,1.8040366172790527,33,5
773,8087,base_enriched,max,-0.5899175405502319,0.32714706659317017,-1.8032182455062866,1.8032182455062866,5,5
774,1688,base_enriched,active_fraction,-0.002634938806295395,0.001464436762034893,-1.799284815788269,1.799284815788269,5,5
775,14811,base_enriched,max,-2.204545259475708,1.2279694080352783,-1.7952769994735718,1.7952769994735718,15,5
776,3416,base_enriched,max,-3.05792236328125,1.7038688659667969,-1.7946934700012207,1.7946934700012207,5,5
777,11212,base_enriched,max,-1.876175880432129,1.0454378128051758,-1.7946317195892334,1.7946317195892334,5,5
778,10177,base_enriched,active_fraction,-0.003181161591783166,0.0017778988694772124,-1.7892814874649048,1.7892814874649048,7,5
779,8262,base_enriched,max,-1.2624328136444092,0.7057408094406128,-1.7888051271438599,1.7888051271438599,6,5
780,2622,base_enriched,max,-0.870295524597168,0.48666539788246155,-1.788283109664917,1.788283109664917,47,5
781,9896,base_enriched,max,-1.5709795951843262,0.8800984025001526,-1.7850044965744019,1.7850044965744019,17,5
782,3355,base_enriched,max,-0.6631498336791992,0.37228140234947205,-1.7813133001327515,1.7813133001327515,39,5
783,6288,base_enriched,max,-0.8031778931617737,0.4517137110233307,-1.7780684232711792,1.7780684232711792,20,5
784,4321,base_enriched,max,-2.2813796997070312,1.2853199243545532,-1.7749508619308472,1.7749508619308472,14,5
785,15457,base_enriched,max,-1.3584089279174805,0.7654253840446472,-1.7747111320495605,1.7747111320495605,31,5
786,8428,base_enriched,max,-0.7827417850494385,0.4412691593170166,-1.7738420963287354,1.7738420963287354,37,5
787,5057,base_enriched,max,-1.168907642364502,0.6598551869392395,-1.7714608907699585,1.7714608907699585,47,5
788,12406,base_enriched,max,-1.8654426336288452,1.053261399269104,-1.7711107730865479,1.7711107730865479,7,5
789,5780,base_enriched,max,-2.2486655712127686,1.2703039646148682,-1.7701791524887085,1.7701791524887085,11,5
790,3701,base_enriched,max,-2.3544092178344727,1.3316525220870972,-1.7680357694625854,1.7680357694625854,19,5
791,7979,base_enriched,max,-1.4593201875686646,0.8259721398353577,-1.7667911052703857,1.7667911052703857,17,5
792,2393,base_enriched,max,-1.9854004383087158,1.1276438236236572,-1.7606626749038696,1.7606626749038696,29,5
793,6896,base_enriched,max,-0.9628036022186279,0.5477343201637268,-1.7577930688858032,1.7577930688858032,29,5
794,7084,base_enriched,max,-1.069091796875,0.6083337068557739,-1.7574100494384766,1.7574100494384766,32,5
795,4877,base_enriched,max,-1.2040050029754639,0.6869514584541321,-1.752678394317627,1.752678394317627,12,5
796,8764,base_enriched,max,-1.434892177581787,0.8193766474723816,-1.751199722290039,1.751199722290039,21,5
797,7344,base_enriched,max,-0.923060417175293,0.5271413326263428,-1.7510682344436646,1.7510682344436646,46,5
798,7222,base_enriched,max,-1.6085467338562012,0.9187727570533752,-1.750755786895752,1.750755786895752,32,5
799,7299,base_enriched,max,-1.8281545639038086,1.0449634790420532,-1.7494913339614868,1.7494913339614868,43,5
800,764,base_enriched,max,-1.1149520874023438,0.6375961303710938,-1.7486807107925415,1.7486807107925415,7,5
801,14659,base_enriched,max,-1.3055121898651123,0.7466303110122681,-1.7485389709472656,1.7485389709472656,25,5
802,9559,base_enriched,max,-1.7659997940063477,1.0122581720352173,-1.7446140050888062,1.7446140050888062,46,5
803,5207,base_enriched,max,-1.4130792617797852,0.8107532858848572,-1.7429213523864746,1.7429213523864746,23,5
804,15714,base_enriched,max,-1.9957759380340576,1.146636962890625,-1.7405474185943604,1.7405474185943604,18,5
805,16027,base_enriched,max,-1.1268491744995117,0.648043155670166,-1.7388489246368408,1.7388489246368408,29,5
806,13204,base_enriched,max,-1.2614881992340088,0.7264406085014343,-1.7365331649780273,1.7365331649780273,26,5
807,6670,base_enriched,max,-1.3644458055496216,0.7863640189170837,-1.7351325750350952,1.7351325750350952,17,5
808,1235,base_enriched,max,-0.9845261573791504,0.5676916241645813,-1.734262228012085,1.734262228012085,29,5
809,13037,base_enriched,max,-1.1976455450057983,0.690787136554718,-1.7337403297424316,1.7337403297424316,14,5
810,1415,base_enriched,max,-1.7789313793182373,1.0262665748596191,-1.733400821685791,1.733400821685791,15,5
811,15742,base_enriched,max,-1.5194377899169922,0.8770748972892761,-1.7323923110961914,1.7323923110961914,27,5
812,8454,base_enriched,active_fraction,-0.006625952199101448,0.0038278999272733927,-1.7309627532958984,1.7309627532958984,5,5
813,15026,base_enriched,max,-0.8789312839508057,0.5081237554550171,-1.7297582626342773,1.7297582626342773,38,5
814,7419,base_enriched,max,-2.022970199584961,1.1712896823883057,-1.7271305322647095,1.7271305322647095,9,5
815,4698,base_enriched,active_fraction,-0.015832126140594482,0.009177564643323421,-1.7250901460647583,1.7250901460647583,44,5
816,4979,base_enriched,max,-1.5321907997131348,0.8886575698852539,-1.724163293838501,1.724163293838501,13,5
817,2910,base_enriched,max,-1.1117593050003052,0.6451782584190369,-1.7231816053390503,1.7231816053390503,10,5
818,711,base_enriched,max,-0.3337686061859131,0.19390833377838135,-1.7212700843811035,1.7212700843811035,5,5
819,5514,base_enriched,max,-2.946347236633301,1.7143288850784302,-1.7186592817306519,1.7186592817306519,19,5
820,1202,base_enriched,active_fraction,-0.0061890194192528725,0.0036045867018401623,-1.716984510421753,1.716984510421753,21,5
821,14433,base_enriched,max,-3.2716195583343506,1.9068793058395386,-1.7156929969787598,1.7156929969787598,5,5
822,10218,base_enriched,max,-1.898301124572754,1.1069834232330322,-1.7148414850234985,1.7148414850234985,35,5
823,2950,base_enriched,max,-1.4251470565795898,0.8322802186012268,-1.7123404741287231,1.7123404741287231,11,5
824,7210,base_enriched,max,-0.8684091567993164,0.5075541138648987,-1.7109686136245728,1.7109686136245728,13,5
825,6906,base_enriched,max,-1.049597978591919,0.6135909557342529,-1.7105824947357178,1.7105824947357178,15,5
826,16338,base_enriched,max,-1.5255162715911865,0.8951159715652466,-1.7042666673660278,1.7042666673660278,30,5
827,8358,base_enriched,max,-2.529944896697998,1.4844924211502075,-1.7042491436004639,1.7042491436004639,15,5
828,8509,base_enriched,max,-1.2870757579803467,0.7564546465873718,-1.7014579772949219,1.7014579772949219,34,5
829,5966,base_enriched,max,-0.9760631322860718,0.5737048387527466,-1.7013332843780518,1.7013332843780518,16,5
830,9728,base_enriched,max,-2.0310540199279785,1.1980514526367188,-1.6952978372573853,1.6952978372573853,20,5
831,7509,base_enriched,max,-0.9838712215423584,0.5805191993713379,-1.694812536239624,1.694812536239624,6,5
832,4184,base_enriched,max,-1.3244884014129639,0.7817720770835876,-1.6942130327224731,1.6942130327224731,28,5
833,16067,base_enriched,max,-1.6469016075134277,0.9724751710891724,-1.6935153007507324,1.6935153007507324,5,5
834,15747,base_enriched,max,-1.1024243831634521,0.6509841680526733,-1.6934734582901,1.6934734582901,13,5
835,6129,base_enriched,max,-0.805564284324646,0.47638726234436035,-1.690986156463623,1.690986156463623,13,5
836,8013,base_enriched,max,-0.9712817072868347,0.577771008014679,-1.681084156036377,1.681084156036377,8,5
837,485,base_enriched,max,-1.4909486770629883,0.8883677124977112,-1.6783013343811035,1.6783013343811035,32,5
838,5395,base_enriched,max,-2.903573989868164,1.7331770658493042,-1.6752898693084717,1.6752898693084717,23,5
839,5121,base_enriched,max,-0.8603675365447998,0.5137500166893005,-1.674681305885315,1.674681305885315,31,5
840,3931,base_enriched,max,-2.7033653259277344,1.6156152486801147,-1.673272967338562,1.673272967338562,14,5
841,159,base_enriched,max,-0.7781270146369934,0.46544304490089417,-1.671798586845398,1.671798586845398,16,5
842,15567,base_enriched,mean,-0.10334596037864685,0.06184879317879677,-1.670945405960083,1.670945405960083,37,5
843,4152,base_enriched,max,-1.3292391300201416,0.7957829236984253,-1.670353889465332,1.670353889465332,24,5
844,6824,base_enriched,max,-0.9653587341308594,0.5780318975448608,-1.6700786352157593,1.6700786352157593,16,5
845,12369,base_enriched,max,-1.1929945945739746,0.7145909070968628,-1.6694791316986084,1.6694791316986084,10,5
846,11469,base_enriched,max,-0.8511600494384766,0.5099714994430542,-1.6690346002578735,1.6690346002578735,35,5
847,3511,base_enriched,max,-0.8997540473937988,0.5397986769676208,-1.666832685470581,1.666832685470581,13,5
848,11610,base_enriched,max,-0.7992351055145264,0.48016247153282166,-1.6645097732543945,1.6645097732543945,42,5
849,15716,base_enriched,active_fraction,-0.005942630581557751,0.003582096891477704,-1.6589809656143188,1.6589809656143188,10,5
850,14731,base_enriched,max,-0.978361964225769,0.5897753238677979,-1.658872365951538,1.658872365951538,13,5
851,11846,base_enriched,max,-0.9454660415649414,0.5701663494110107,-1.6582283973693848,1.6582283973693848,17,5
852,11119,base_enriched,active_fraction,-0.016056638211011887,0.009689012542366982,-1.6572006940841675,1.6572006940841675,42,5
853,828,base_enriched,max,-1.324510097503662,0.7994829416275024,-1.6567083597183228,1.6567083597183228,33,5
854,8915,base_enriched,max,-0.9021272659301758,0.5445982813835144,-1.6565003395080566,1.6565003395080566,46,5
855,13286,base_enriched,max,-2.0244927406311035,1.2235229015350342,-1.6546423435211182,1.6546423435211182,24,5
856,3500,base_enriched,max,-2.787635087966919,1.6854488849639893,-1.6539422273635864,1.6539422273635864,6,5
857,8254,base_enriched,active_fraction,-0.008520624600350857,0.005156730767339468,-1.652330756187439,1.652330756187439,16,5
858,13818,base_enriched,max,-0.9463608264923096,0.5730281472206116,-1.6515084505081177,1.6515084505081177,37,5
859,7484,base_enriched,max,-1.2010886669158936,0.7282657027244568,-1.6492451429367065,1.6492451429367065,10,5
860,5239,base_enriched,active_fraction,-0.006246461533010006,0.0037888442166149616,-1.6486456394195557,1.6486456394195557,8,5
861,2941,base_enriched,max,-0.8322051763534546,0.5058660507202148,-1.64510977268219,1.64510977268219,22,5
862,10532,base_enriched,max,-1.3318519592285156,0.8096674084663391,-1.6449371576309204,1.6449371576309204,35,5
863,13986,base_enriched,max,-1.09818434715271,0.6687759160995483,-1.6420811414718628,1.6420811414718628,6,5
864,808,base_enriched,max,-0.9120520949363708,0.5555705428123474,-1.6416494846343994,1.6416494846343994,7,5
865,11630,base_enriched,active_fraction,-0.009106084704399109,0.0055520134046673775,-1.6401410102844238,1.6401410102844238,43,5
866,15441,base_enriched,max,-1.6487298011779785,1.006035566329956,-1.638838529586792,1.638838529586792,32,5
867,8542,base_enriched,active_fraction,-0.008579878136515617,0.0052397120743989944,-1.637471318244934,1.637471318244934,32,5
868,12529,base_enriched,max,-1.1520912647247314,0.7039059400558472,-1.6367119550704956,1.6367119550704956,20,5
869,6890,base_enriched,active_fraction,-0.009164819493889809,0.005602353252470493,-1.6358875036239624,1.6358875036239624,31,5
870,9325,base_enriched,max,-1.3607490062713623,0.8319318294525146,-1.6356496810913086,1.6356496810913086,25,5
871,9609,base_enriched,max,-0.9588345289230347,0.5862403512001038,-1.6355655193328857,1.6355655193328857,8,5
872,12921,base_enriched,max,-0.6996583938598633,0.42785242199897766,-1.6352797746658325,1.6352797746658325,30,5
873,15485,base_enriched,max,-0.7962671518325806,0.48699039220809937,-1.635077714920044,1.635077714920044,10,5
874,6716,base_enriched,max,-1.3040573596954346,0.7979733347892761,-1.6342116594314575,1.6342116594314575,11,5
875,2587,base_enriched,max,-1.650773525238037,1.010163426399231,-1.634164810180664,1.634164810180664,11,5
876,84,base_enriched,max,-1.2068719863891602,0.7398488521575928,-1.6312413215637207,1.6312413215637207,19,5
877,5814,base_enriched,max,-1.8769617080688477,1.1507790088653564,-1.6310358047485352,1.6310358047485352,19,5
878,12789,base_enriched,max,-2.1457130908966064,1.3180696964263916,-1.6279208660125732,1.6279208660125732,8,5
879,9342,base_enriched,max,-0.660041332244873,0.4060930013656616,-1.625345230102539,1.625345230102539,36,5
880,11457,base_enriched,max,-2.632615566253662,1.6209869384765625,-1.6240819692611694,1.6240819692611694,10,5
881,479,base_enriched,max,-1.0276124477386475,0.6332427263259888,-1.6227781772613525,1.6227781772613525,13,5
882,1899,base_enriched,active_fraction,-0.01238568127155304,0.007632743567228317,-1.6227036714553833,1.6227036714553833,37,5
883,10214,base_enriched,max,-0.9516487121582031,0.5872554183006287,-1.620502233505249,1.620502233505249,17,5
884,694,base_enriched,max,-0.9689264893531799,0.5979329347610474,-1.6204601526260376,1.6204601526260376,11,5
885,7371,base_enriched,max,-1.416935682296753,0.8770763278007507,-1.6155215501785278,1.6155215501785278,37,5
886,10509,base_enriched,max,-2.3581948280334473,1.4616514444351196,-1.6133769750595093,1.6133769750595093,27,5
887,4470,base_enriched,active_fraction,-0.039247170090675354,0.024335216730833054,-1.6127725839614868,1.6127725839614868,49,5
888,4084,base_enriched,max,-0.6252424716949463,0.3877444267272949,-1.6125118732452393,1.6125118732452393,41,5
889,1174,base_enriched,max,-0.9107842445373535,0.5659988522529602,-1.60916268825531,1.60916268825531,29,5
890,8131,base_enriched,max,-1.5467281341552734,0.961794376373291,-1.6081691980361938,1.6081691980361938,40,5
891,6359,base_enriched,max,-0.6207219362258911,0.3873269557952881,-1.6025787591934204,1.6025787591934204,14,5
892,730,base_enriched,max,-0.8283431529998779,0.5169581770896912,-1.6023406982421875,1.6023406982421875,13,5
893,5968,base_enriched,max,-0.5431705117225647,0.3390970230102539,-1.6018145084381104,1.6018145084381104,8,5
894,4929,base_enriched,max,-1.3188363313674927,0.8238241076469421,-1.600871205329895,1.600871205329895,10,5
895,7416,base_enriched,max,-0.9735528230667114,0.6090594530105591,-1.5984528064727783,1.5984528064727783,15,5
896,8432,base_enriched,max,-0.7966671586036682,0.49842265248298645,-1.598376750946045,1.598376750946045,8,5
897,7578,base_enriched,max,-1.8433685302734375,1.154968500137329,-1.5960335731506348,1.5960335731506348,8,5
898,4248,base_enriched,max,-1.9126759767532349,1.1994255781173706,-1.5946600437164307,1.5946600437164307,11,5
899,2289,base_enriched,active_fraction,-0.03643634170293808,0.022908374667167664,-1.5905249118804932,1.5905249118804932,39,5
900,2643,base_enriched,max,-1.272228717803955,0.8004838824272156,-1.5893245935440063,1.5893245935440063,29,5
901,4603,base_enriched,max,-1.461064338684082,0.9217425584793091,-1.5851110219955444,1.5851110219955444,29,5
902,3428,base_enriched,active_fraction,-0.0038390515837818384,0.0024220228660851717,-1.5850600004196167,1.5850600004196167,9,5
903,14225,base_enriched,active_fraction,-0.01805301010608673,0.011401485651731491,-1.5833910703659058,1.5833910703659058,40,5
904,840,base_enriched,max,-0.8513262271881104,0.538088321685791,-1.582131028175354,1.582131028175354,39,5
905,882,base_enriched,max,-0.784963846206665,0.49618062376976013,-1.5820122957229614,1.5820122957229614,12,5
906,9446,base_enriched,max,-1.4430879354476929,0.9130479097366333,-1.5805171728134155,1.5805171728134155,6,5
907,5204,base_enriched,max,-2.219681739807129,1.404610514640808,-1.5802826881408691,1.5802826881408691,14,5
908,11640,base_enriched,max,-1.2896578311920166,0.8162813782691956,-1.5799182653427124,1.5799182653427124,7,5
909,5588,base_enriched,max,-0.5430648326873779,0.3441186249256134,-1.5781326293945312,1.5781326293945312,5,5
910,10229,base_enriched,max,-0.4558732509613037,0.28988200426101685,-1.5726165771484375,1.5726165771484375,37,5
911,3083,base_enriched,max,-2.6702957153320312,1.698338270187378,-1.5722991228103638,1.5722991228103638,14,5
912,903,base_enriched,max,-1.6372089385986328,1.0442893505096436,-1.5677732229232788,1.5677732229232788,36,5
913,14007,base_enriched,max,-0.8511297702789307,0.5429335236549377,-1.5676500797271729,1.5676500797271729,20,5
914,1373,base_enriched,max,-0.6162338256835938,0.39366239309310913,-1.5653865337371826,1.5653865337371826,46,5
915,10906,base_enriched,max,-0.753729522228241,0.4818253815174103,-1.5643209218978882,1.5643209218978882,8,5
916,13218,base_enriched,active_fraction,-0.003471079282462597,0.002220557304099202,-1.5631568431854248,1.5631568431854248,9,5
917,6476,base_enriched,max,-1.233870029449463,0.7908431887626648,-1.5601955652236938,1.5601955652236938,29,5
918,10245,base_enriched,active_fraction,-0.007063647732138634,0.004528464283794165,-1.5598329305648804,1.5598329305648804,18,5
919,14754,base_enriched,max,-1.6439801454544067,1.0540335178375244,-1.5597038269042969,1.5597038269042969,10,5
920,12109,base_enriched,max,-0.7219334244728088,0.463232159614563,-1.5584700107574463,1.5584700107574463,12,5
921,15117,base_enriched,max,-1.5710148811340332,1.0082517862319946,-1.5581573247909546,1.5581573247909546,36,5
922,260,base_enriched,max,-1.7947759628295898,1.1531920433044434,-1.5563547611236572,1.5563547611236572,10,5
923,13376,base_enriched,max,-0.9517714977264404,0.612040638923645,-1.5550788640975952,1.5550788640975952,8,5
924,11037,base_enriched,max,-1.4918766021728516,0.9612196683883667,-1.5520662069320679,1.5520662069320679,46,5
925,8649,base_enriched,max,-1.9917559623718262,1.284010648727417,-1.551198959350586,1.551198959350586,11,5
926,13452,base_enriched,max,-0.639278769493103,0.4124866724014282,-1.5498168468475342,1.5498168468475342,16,5
927,3349,base_enriched,max,-1.038642406463623,0.6702799201011658,-1.5495651960372925,1.5495651960372925,15,5
928,4331,base_enriched,max,-1.7196755409240723,1.1098953485488892,-1.5494033098220825,1.5494033098220825,18,5
929,7154,base_enriched,max,-1.5199975967407227,0.9829593300819397,-1.5463484525680542,1.5463484525680542,44,5
930,10651,base_enriched,max,-1.4362025260925293,0.9298628568649292,-1.5445315837860107,1.5445315837860107,18,5
931,9616,base_enriched,max,-1.0226218700408936,0.6623554825782776,-1.543916940689087,1.543916940689087,31,5
932,13479,base_enriched,max,-1.2356078624725342,0.8006158471107483,-1.5433217287063599,1.5433217287063599,25,5
933,9149,base_enriched,active_fraction,-0.0024598054587841034,0.0015942015452310443,-1.5429701805114746,1.5429701805114746,6,5
934,4975,base_enriched,max,-1.0312485694885254,0.6684786081314087,-1.542680025100708,1.542680025100708,26,5
935,1109,base_enriched,max,-2.084287166595459,1.351119875907898,-1.542636752128601,1.542636752128601,8,5
936,6548,base_enriched,max,-1.7256484031677246,1.1191959381103516,-1.5418643951416016,1.5418643951416016,29,5
937,6113,base_enriched,max,-0.4581526517868042,0.29748672246932983,-1.5400776863098145,1.5400776863098145,9,5
938,8523,base_enriched,max,-1.2271803617477417,0.7968510985374451,-1.5400372743606567,1.5400372743606567,5,5
939,10503,base_enriched,max,-1.855406403541565,1.2049916982650757,-1.5397669076919556,1.5397669076919556,6,5
940,8459,base_enriched,max,-0.5414145588874817,0.35193872451782227,-1.538377285003662,1.538377285003662,15,5
941,14319,base_enriched,max,-1.6672964096069336,1.084840178489685,-1.53690505027771,1.53690505027771,18,5
942,6729,base_enriched,max,-1.0725868940353394,0.6986852288246155,-1.535150408744812,1.535150408744812,12,5
943,15598,base_enriched,max,-0.9802789688110352,0.6390753388404846,-1.5339020490646362,1.5339020490646362,21,5
944,11575,base_enriched,mean,-0.03135118633508682,0.020453469827771187,-1.532805323600769,1.532805323600769,23,5
945,1366,base_enriched,max,-1.157281756401062,0.7554919123649597,-1.5318254232406616,1.5318254232406616,19,5
946,11396,base_enriched,active_fraction,-0.01400882750749588,0.009148666635155678,-1.5312424898147583,1.5312424898147583,43,5
947,12754,base_enriched,max,-1.2421810626983643,0.8116225004196167,-1.5304911136627197,1.5304911136627197,28,5
948,9459,base_enriched,max,-0.803734540939331,0.5255707502365112,-1.5292603969573975,1.5292603969573975,23,5
949,279,base_enriched,max,-0.9948588609695435,0.6510435342788696,-1.5280988216400146,1.5280988216400146,20,5
950,11653,base_enriched,max,-1.0689287185668945,0.7009372115135193,-1.5249992609024048,1.5249992609024048,27,5
951,11326,base_enriched,max,-0.9309040307998657,0.6110458970069885,-1.523460030555725,1.523460030555725,26,5
952,15516,base_enriched,max,-1.674767017364502,1.100234031677246,-1.5221916437149048,1.5221916437149048,16,5
953,10726,base_enriched,max,-1.1612952947616577,0.7640020251274109,-1.5200159549713135,1.5200159549713135,17,5
954,9900,base_enriched,max,-0.5406438112258911,0.35573795437812805,-1.5197811126708984,1.5197811126708984,14,5
955,3326,base_enriched,max,-1.1655253171920776,0.7669780850410461,-1.519633173942566,1.519633173942566,9,5
956,12201,base_enriched,max,-1.1901683807373047,0.7833269238471985,-1.519376277923584,1.519376277923584,8,5
957,8203,base_enriched,max,-1.2573530673980713,0.8276724815368652,-1.5191432237625122,1.5191432237625122,26,5
958,286,base_enriched,max,-1.180550217628479,0.779400646686554,-1.5146898031234741,1.5146898031234741,21,5
959,12580,base_enriched,active_fraction,-0.006504690740257502,0.004299251828342676,-1.5129820108413696,1.5129820108413696,5,5
960,91,base_enriched,max,-0.9457454681396484,0.6251027584075928,-1.512943983078003,1.512943983078003,44,5
961,7820,base_enriched,max,-0.8102471828460693,0.5359674692153931,-1.511746883392334,1.511746883392334,18,5
962,9604,base_enriched,max,-1.7545245885849,1.1646795272827148,-1.5064440965652466,1.5064440965652466,9,5
963,11404,base_enriched,max,-1.5853582620620728,1.0530200004577637,-1.5055347681045532,1.5055347681045532,9,5
964,6141,base_enriched,max,-1.4811416864395142,0.985002875328064,-1.5036927461624146,1.5036927461624146,7,5
965,9216,base_enriched,max,-1.214003086090088,0.8075270056724548,-1.503359079360962,1.503359079360962,8,5
966,15342,base_enriched,max,-1.2824547290802002,0.853065550327301,-1.5033483505249023,1.5033483505249023,25,5
967,6905,base_enriched,active_fraction,-0.0051403287798166275,0.0034269385505467653,-1.4999769926071167,1.4999769926071167,6,5
968,14922,base_enriched,max,-0.6347531080245972,0.42361122369766235,-1.4984331130981445,1.4984331130981445,13,5
969,13407,base_enriched,max,-1.792851448059082,1.1965337991714478,-1.498370885848999,1.498370885848999,20,5
970,13228,base_enriched,active_fraction,-0.005785057321190834,0.003863016376271844,-1.497549295425415,1.497549295425415,14,5
971,15146,base_enriched,max,-1.8164876699447632,1.2135374546051025,-1.4968533515930176,1.4968533515930176,11,5
972,8175,base_enriched,max,-0.6637691259384155,0.4440140128135681,-1.4949283599853516,1.4949283599853516,14,5
973,5930,base_enriched,max,-1.5826330184936523,1.059216022491455,-1.4941550493240356,1.4941550493240356,48,5
974,4835,base_enriched,max,-0.9418022632598877,0.6322934031486511,-1.489501953125,1.489501953125,16,5
975,16293,base_enriched,max,-0.9377586841583252,0.6296300888061523,-1.4893803596496582,1.4893803596496582,17,5
976,2412,base_enriched,active_fraction,-0.0025046328082680702,0.0016833329573273659,-1.487900972366333,1.487900972366333,6,5
977,7392,base_enriched,mean,-0.12129083275794983,0.08156318962574005,-1.487078070640564,1.487078070640564,20,5
978,890,base_enriched,max,-2.928001642227173,1.9707999229431152,-1.485692024230957,1.485692024230957,7,5
979,6133,base_enriched,max,-0.8600722551345825,0.5792246460914612,-1.4848681688308716,1.4848681688308716,6,5
980,14104,base_enriched,max,-1.5381064414978027,1.0360301733016968,-1.484615445137024,1.484615445137024,26,5
981,3744,base_enriched,max,-1.432884693145752,0.9656521081924438,-1.4838519096374512,1.4838519096374512,24,5
982,7940,base_enriched,max,-1.6846070289611816,1.1353209018707275,-1.4838157892227173,1.4838157892227173,17,5
983,13837,base_enriched,max,-1.286991834640503,0.8680235147476196,-1.4826693534851074,1.4826693534851074,20,5
984,14194,base_enriched,max,-1.0973730087280273,0.7419395446777344,-1.4790598154067993,1.4790598154067993,42,5
985,13637,base_enriched,active_fraction,-0.0051526897586882114,0.003485346445813775,-1.478386640548706,1.478386640548706,15,5
986,15888,base_enriched,max,-1.2042499780654907,0.8156090974807739,-1.476503849029541,1.476503849029541,19,5
987,3335,base_enriched,max,-0.8159356713294983,0.5529237985610962,-1.4756747484207153,1.4756747484207153,7,5
988,13449,base_enriched,max,-0.8825335502624512,0.5986549854278564,-1.4741939306259155,1.4741939306259155,28,5
989,1230,base_enriched,active_fraction,-0.007084455341100693,0.004809665959328413,-1.4729620218276978,1.4729620218276978,31,5
990,5692,base_enriched,max,-0.7832107543945312,0.5328884124755859,-1.4697462320327759,1.4697462320327759,41,5
991,14631,base_enriched,max,-1.0245404243469238,0.6973223090171814,-1.4692494869232178,1.4692494869232178,44,5
992,1126,base_enriched,active_fraction,-0.01706632971763611,0.011616921052336693,-1.4690923690795898,1.4690923690795898,47,5
993,7169,base_enriched,max,-2.4804646968841553,1.6885944604873657,-1.4689522981643677,1.4689522981643677,12,5
994,12765,base_enriched,max,-0.7745952010154724,0.5275500416755676,-1.4682875871658325,1.4682875871658325,6,5
995,9232,base_enriched,max,-0.3252447843551636,0.22198128700256348,-1.465190052986145,1.465190052986145,6,5
996,2102,base_enriched,max,-1.3115651607513428,0.8960017561912537,-1.4637975692749023,1.4637975692749023,27,5
997,7941,base_enriched,max,-1.5625581741333008,1.067489743232727,-1.4637688398361206,1.4637688398361206,26,5
998,13311,base_enriched,active_fraction,-0.004345632158219814,0.0029688635841012,-1.4637359380722046,1.4637359380722046,8,5
999,11959,base_enriched,max,-1.3818156719207764,0.9448883533477783,-1.4624115228652954,1.4624115228652954,17,5
1000,6063,base_enriched,max,-0.9284718036651611,0.6350936889648438,-1.461944580078125,1.461944580078125,35,5
1001,9468,base_enriched,max,-1.3478188514709473,0.9229074716567993,-1.4604052305221558,1.4604052305221558,42,5
1002,1456,base_enriched,max,-1.568067193031311,1.0756458044052124,-1.4577914476394653,1.4577914476394653,7,5
1003,7787,base_enriched,max,-0.7970353364944458,0.5472179651260376,-1.4565225839614868,1.4565225839614868,5,5
1004,15793,base_enriched,max,-1.5916657447814941,1.0932501554489136,-1.4559025764465332,1.4559025764465332,9,5
1005,1920,base_enriched,max,-0.8429850339889526,0.5790882706642151,-1.455710768699646,1.455710768699646,12,5
1006,161,base_enriched,max,-0.6154471635818481,0.4229639172554016,-1.4550819396972656,1.4550819396972656,30,5
1007,13617,base_enriched,max,-1.3552203178405762,0.9324163794517517,-1.4534497261047363,1.4534497261047363,20,5
1008,10255,base_enriched,max,-0.8779457211494446,0.6042025089263916,-1.453065276145935,1.453065276145935,6,5
1009,4849,base_enriched,max,-0.5762680768966675,0.3966292142868042,-1.4529138803482056,1.4529138803482056,21,5
1010,3803,base_enriched,max,-0.9144945740699768,0.6294930577278137,-1.4527477025985718,1.4527477025985718,7,5
1011,8530,base_enriched,max,-0.9343597888946533,0.6439367532730103,-1.4510117769241333,1.4510117769241333,20,5
1012,12980,base_enriched,max,-0.7731354236602783,0.533047080039978,-1.4504073858261108,1.4504073858261108,13,5
1013,495,base_enriched,max,-1.2095577716827393,0.8344476819038391,-1.4495309591293335,1.4495309591293335,18,5
1014,7315,base_enriched,max,-1.0217041969299316,0.7049241065979004,-1.4493818283081055,1.4493818283081055,8,5
1015,2855,base_enriched,max,-0.7904765605926514,0.54567551612854,-1.4486202001571655,1.4486202001571655,21,5
1016,7191,base_enriched,max,-0.9452823400497437,0.6538006663322449,-1.445826530456543,1.445826530456543,12,5
1017,8720,base_enriched,max,-1.0052177906036377,0.6966989040374756,-1.4428296089172363,1.4428296089172363,30,5
1018,1897,base_enriched,max,-0.49668407440185547,0.34487324953079224,-1.4401930570602417,1.4401930570602417,14,5
1019,12229,base_enriched,max,-1.4979820251464844,1.0402902364730835,-1.4399654865264893,1.4399654865264893,41,5
1020,10877,base_enriched,max,-0.7065602540969849,0.491224080324173,-1.4383665323257446,1.4383665323257446,15,5
1021,3964,base_enriched,max,-1.2324790954589844,0.8569800853729248,-1.4381654262542725,1.4381654262542725,7,5
1022,4503,base_enriched,max,-0.5456719398498535,0.37960168719291687,-1.4374855756759644,1.4374855756759644,6,5
1023,2017,base_enriched,max,-2.0351738929748535,1.4158031940460205,-1.437469482421875,1.437469482421875,12,5
1024,11525,base_enriched,active_fraction,-0.0040487986989319324,0.0028179625514894724,-1.4367822408676147,1.4367822408676147,7,5
1025,7065,base_enriched,max,-0.8594312071800232,0.5981953740119934,-1.43670654296875,1.43670654296875,9,5
1026,1229,base_enriched,max,-1.3300890922546387,0.9269548654556274,-1.4349017143249512,1.4349017143249512,31,5
1027,10103,base_enriched,max,-2.3440489768981934,1.637514352798462,-1.4314677715301514,1.4314677715301514,13,5
1028,15623,base_enriched,active_fraction,-0.006028347183018923,0.004213161300867796,-1.4308370351791382,1.4308370351791382,7,5
1029,8334,base_enriched,max,-0.5914028882980347,0.41373103857040405,-1.4294379949569702,1.4294379949569702,16,5
1030,13306,base_enriched,max,-1.2001712322235107,0.8399854898452759,-1.4287999868392944,1.4287999868392944,12,5
1031,8372,base_enriched,max,-0.9616925716400146,0.6741386651992798,-1.426550030708313,1.426550030708313,29,5
1032,1895,base_enriched,max,-0.8722167015075684,0.6125102639198303,-1.4240033626556396,1.4240033626556396,45,5
1033,8049,base_enriched,max,-1.0321769714355469,0.724909782409668,-1.4238696098327637,1.4238696098327637,34,5
1034,6342,base_enriched,max,-0.622443437576294,0.437252014875412,-1.4235347509384155,1.4235347509384155,7,5
1035,16322,base_enriched,max,-0.8218854665756226,0.5779539942741394,-1.4220603704452515,1.4220603704452515,21,5
1036,1862,base_enriched,active_fraction,-0.005605390295386314,0.003943056333810091,-1.4215850830078125,1.4215850830078125,18,5
1037,5201,base_enriched,max,-0.8011720180511475,0.563744068145752,-1.4211626052856445,1.4211626052856445,25,5
1038,10890,base_enriched,max,-0.9540448188781738,0.6717821359634399,-1.4201699495315552,1.4201699495315552,21,5
1039,556,base_enriched,max,-0.840735912322998,0.5926498770713806,-1.4186047315597534,1.4186047315597534,14,5
1040,874,base_enriched,max,-0.63874351978302,0.4503055810928345,-1.4184668064117432,1.4184668064117432,10,5
1041,2202,base_enriched,max,-0.8793199062347412,0.6200957894325256,-1.4180388450622559,1.4180388450622559,8,5
1042,9027,base_enriched,active_fraction,-0.004893042147159576,0.003451845608651638,-1.4175148010253906,1.4175148010253906,6,5
1043,6819,base_enriched,active_fraction,-0.007637282833456993,0.005390453618019819,-1.4168163537979126,1.4168163537979126,32,5
1044,8124,base_enriched,max,-0.6231095194816589,0.43995401263237,-1.4163060188293457,1.4163060188293457,9,5
1045,8009,base_enriched,max,-1.4172461032867432,1.0103371143341064,-1.4027457237243652,1.4027457237243652,13,5
1046,5911,base_enriched,active_fraction,-0.0028506016824394464,0.00203257636167109,-1.402457356452942,1.402457356452942,6,5
1047,11521,base_enriched,active_fraction,-0.005934825167059898,0.004234114196151495,-1.401668667793274,1.401668667793274,9,5
1048,695,base_enriched,active_fraction,-0.0026657944545149803,0.0019019752508029342,-1.4015926122665405,1.4015926122665405,5,5
1049,7482,base_enriched,max,-0.7560120820999146,0.5401761531829834,-1.3995658159255981,1.3995658159255981,5,5
1050,13892,base_enriched,max,-1.3915371894836426,0.9950156211853027,-1.398507833480835,1.398507833480835,16,5
1051,14072,base_enriched,max,-1.0867834091186523,0.777527391910553,-1.3977428674697876,1.3977428674697876,27,5
1052,3033,base_enriched,max,-1.8617011308670044,1.3333173990249634,-1.3962925672531128,1.3962925672531128,5,5
1053,6067,base_enriched,max,-1.2958483695983887,0.9289048314094543,-1.3950281143188477,1.3950281143188477,29,5
1054,5756,base_enriched,max,-1.3266830444335938,0.9514794945716858,-1.3943369388580322,1.3943369388580322,15,5
1055,15919,base_enriched,max,-0.7229180335998535,0.5190571546554565,-1.3927522897720337,1.3927522897720337,41,5
1056,11380,base_enriched,max,-0.8303946256637573,0.5977786779403687,-1.3891339302062988,1.3891339302062988,13,5
1057,11569,base_enriched,active_fraction,-0.004135082941502333,0.0029771579429507256,-1.3889364004135132,1.3889364004135132,10,5
1058,8631,base_enriched,max,-0.7889243364334106,0.5686958432197571,-1.387251853942871,1.387251853942871,22,5
1059,9585,base_enriched,max,-0.23817023634910583,0.17186841368675232,-1.3857707977294922,1.3857707977294922,7,5
1060,14419,base_enriched,max,-1.1685316562652588,0.8446957468986511,-1.3833757638931274,1.3833757638931274,7,5
1061,628,base_enriched,max,-1.0119825601577759,0.731772780418396,-1.3829190731048584,1.3829190731048584,24,5
1062,10011,base_enriched,max,-0.8621964454650879,0.62382972240448,-1.3821022510528564,1.3821022510528564,29,5
1063,13358,base_enriched,max,-0.7965294122695923,0.5765231847763062,-1.3816086053848267,1.3816086053848267,23,5
1064,12809,base_enriched,max,-1.4105629920959473,1.021654486656189,-1.3806654214859009,1.3806654214859009,34,5
1065,6213,base_enriched,max,-1.318544626235962,0.9559504985809326,-1.3793021440505981,1.3793021440505981,16,5
1066,13956,base_enriched,max,-0.5404238700866699,0.3920949399471283,-1.3782985210418701,1.3782985210418701,23,5
1067,14318,base_enriched,max,-1.2638992071151733,0.9197684526443481,-1.3741493225097656,1.3741493225097656,13,5
1068,521,base_enriched,max,-0.5693527460098267,0.41547727584838867,-1.3703583478927612,1.3703583478927612,19,5
1069,1551,base_enriched,active_fraction,-0.005119170993566513,0.003736860118806362,-1.3699123859405518,1.3699123859405518,27,5
1070,4279,base_enriched,max,-1.167140007019043,0.8539336919784546,-1.3667806386947632,1.3667806386947632,28,5
1071,14230,base_enriched,max,-0.9708538055419922,0.7110511064529419,-1.3653783798217773,1.3653783798217773,37,5
1072,10156,base_enriched,active_fraction,-0.003735253121703863,0.0027404981665313244,-1.362983226776123,1.362983226776123,6,5
1073,12762,base_enriched,max,-0.860377311706543,0.6318683624267578,-1.3616400957107544,1.3616400957107544,37,5
1074,5700,base_enriched,max,-0.9358401298522949,0.6898559927940369,-1.356573224067688,1.356573224067688,41,5
1075,6,base_enriched,max,-1.6554479598999023,1.2248210906982422,-1.351583480834961,1.351583480834961,22,5
1076,9390,base_enriched,max,-2.378812313079834,1.7621980905532837,-1.3499119281768799,1.3499119281768799,8,5
1077,2013,base_enriched,max,-1.4491623640060425,1.074259877204895,-1.3489867448806763,1.3489867448806763,13,5
1078,5723,base_enriched,max,-1.8360083103179932,1.3615267276763916,-1.3484922647476196,1.3484922647476196,8,5
1079,9682,base_enriched,max,-0.8594255447387695,0.6377013325691223,-1.347692847251892,1.347692847251892,15,5
1080,5376,base_enriched,max,-1.5583088397979736,1.1566563844680786,-1.3472530841827393,1.3472530841827393,9,5
1081,2454,base_enriched,max,-0.8542090058326721,0.6347577571868896,-1.3457244634628296,1.3457244634628296,7,5
1082,1459,base_enriched,max,-0.787822961807251,0.5857272744178772,-1.3450337648391724,1.3450337648391724,14,5
1083,13813,base_enriched,max,-1.6716089248657227,1.2430148124694824,-1.3448021411895752,1.3448021411895752,6,5
1084,9224,base_enriched,active_fraction,-0.006471611093729734,0.004814316518604755,-1.3442429304122925,1.3442429304122925,13,5
1085,177,base_enriched,max,-1.9294891357421875,1.4359276294708252,-1.3437230587005615,1.3437230587005615,6,5
1086,12797,base_enriched,active_fraction,-0.013712011277675629,0.010222630575299263,-1.341338872909546,1.341338872909546,47,5
1087,15033,base_enriched,max,-0.7072337865829468,0.5274568796157837,-1.3408371210098267,1.3408371210098267,11,5
1088,12470,base_enriched,max,-0.756435751914978,0.5648666024208069,-1.33914053440094,1.33914053440094,10,5
1089,15561,base_enriched,max,-1.197609782218933,0.8959671258926392,-1.3366670608520508,1.3366670608520508,19,5
1090,8003,base_enriched,max,-0.7070707082748413,0.5289860367774963,-1.3366528749465942,1.3366528749465942,23,5
1091,329,base_enriched,max,-1.0519442558288574,0.7883004546165466,-1.334445834159851,1.334445834159851,26,5
1092,6828,base_enriched,max,-1.1284079551696777,0.845668613910675,-1.3343381881713867,1.3343381881713867,11,5
1093,8105,base_enriched,max,-0.9229836463928223,0.6934565901756287,-1.3309898376464844,1.3309898376464844,21,5
1094,13814,base_enriched,max,-1.1279380321502686,0.8492221236228943,-1.328201413154602,1.328201413154602,30,5
1095,716,base_enriched,max,-1.2125067710876465,0.9168388247489929,-1.3224862813949585,1.3224862813949585,36,5
1096,6845,base_enriched,max,-0.8426351547241211,0.6385863423347473,-1.319532036781311,1.319532036781311,47,5
1097,13848,base_enriched,max,-0.9299007654190063,0.704879105091095,-1.3192343711853027,1.3192343711853027,14,5
1098,5868,base_enriched,max,-1.242445707321167,0.9430328607559204,-1.3174998760223389,1.3174998760223389,25,5
1099,4724,base_enriched,max,-1.2137255668640137,0.9213815331459045,-1.3172887563705444,1.3172887563705444,29,5
1100,14211,base_enriched,max,-1.1941421031951904,0.9066171646118164,-1.3171404600143433,1.3171404600143433,11,5
1101,10892,base_enriched,max,-0.2508624196052551,0.19051744043827057,-1.3167425394058228,1.3167425394058228,9,5
1102,3190,base_enriched,max,-1.065079927444458,0.8097444772720337,-1.3153284788131714,1.3153284788131714,7,5
1103,9519,base_enriched,max,-0.5419332385063171,0.41243305802345276,-1.313990831375122,1.313990831375122,7,5
1104,5402,base_enriched,max,-1.3047566413879395,0.9937710165977478,-1.3129348754882812,1.3129348754882812,40,5
1105,6236,base_enriched,max,-0.686814546585083,0.5236884951591492,-1.3114944696426392,1.3114944696426392,13,5
1106,12390,base_enriched,max,-2.0086092948913574,1.5326054096221924,-1.3105847835540771,1.3105847835540771,23,5
1107,11227,base_enriched,max,-1.1640405654907227,0.8894898891448975,-1.308660864830017,1.308660864830017,34,5
1108,6212,base_enriched,max,-0.7143145799636841,0.5460371971130371,-1.3081793785095215,1.3081793785095215,23,5
1109,10773,base_enriched,max,-1.0022146701812744,0.7687755823135376,-1.3036504983901978,1.3036504983901978,7,5
1110,12280,base_enriched,max,-1.1451057195663452,0.8785276412963867,-1.303437352180481,1.303437352180481,7,5
1111,7943,base_enriched,active_fraction,-0.001753348857164383,0.0013461577473208308,-1.3024839162826538,1.3024839162826538,5,5
1112,6072,base_enriched,max,-0.9159431457519531,0.7034215331077576,-1.3021255731582642,1.3021255731582642,40,5
1113,4935,base_enriched,max,-0.9717565178871155,0.747157871723175,-1.300603985786438,1.300603985786438,5,5
1114,216,base_enriched,max,-0.42493709921836853,0.32712534070014954,-1.2990039587020874,1.2990039587020874,7,5
1115,6016,base_enriched,active_fraction,-0.007315787486732006,0.005659742746502161,-1.2926007509231567,1.2926007509231567,15,5
1116,12090,base_enriched,active_fraction,-0.004758306313306093,0.0036815237253904343,-1.292482852935791,1.292482852935791,8,5
1117,9636,base_enriched,active_fraction,-0.006676330231130123,0.005175496451556683,-1.289988398551941,1.289988398551941,19,5
1118,2204,base_enriched,max,-0.41514870524406433,0.3229607343673706,-1.2854464054107666,1.2854464054107666,6,5
1119,14867,base_enriched,mean,-0.09480034559965134,0.07378046959638596,-1.2848975658416748,1.2848975658416748,11,5
1120,3463,base_enriched,max,-0.4621281623840332,0.35985058546066284,-1.2842223644256592,1.2842223644256592,5,5
1121,5903,base_enriched,max,-0.8576846122741699,0.6707623600959778,-1.278671383857727,1.278671383857727,31,5
1122,15411,base_enriched,max,-2.2197561264038086,1.7369372844696045,-1.2779713869094849,1.2779713869094849,7,5
1123,13359,base_enriched,max,-1.7886748313903809,1.4000051021575928,-1.2776201963424683,1.2776201963424683,14,5
1124,3057,base_enriched,max,-0.5109975337982178,0.4004144072532654,-1.2761716842651367,1.2761716842651367,42,5
1125,4501,base_enriched,max,-0.7279614210128784,0.5705929398536682,-1.2757982015609741,1.2757982015609741,5,5
1126,10922,base_enriched,max,-1.5852861404418945,1.242875099182129,-1.2754991054534912,1.2754991054534912,29,5
1127,8611,base_enriched,mean,-0.027243707329034805,0.021387262269854546,-1.2738286256790161,1.2738286256790161,10,5
1128,9934,base_enriched,max,-1.0755865573883057,0.8452128171920776,-1.2725629806518555,1.2725629806518555,16,5
1129,11216,base_enriched,max,-1.148686408996582,0.9031710624694824,-1.2718369960784912,1.2718369960784912,34,5
1130,12533,base_enriched,max,-0.6111425757408142,0.480976939201355,-1.2706276178359985,1.2706276178359985,12,5
1131,13422,base_enriched,max,-0.741694450378418,0.5844458937644958,-1.2690558433532715,1.2690558433532715,9,5
1132,8140,base_enriched,max,-0.839235782623291,0.661580502986908,-1.2685315608978271,1.2685315608978271,28,5
1133,6218,base_enriched,max,-0.8182129859924316,0.6490395069122314,-1.2606520652770996,1.2606520652770996,47,5
1134,6086,base_enriched,max,-0.7439279556274414,0.5919506549835205,-1.256739854812622,1.256739854812622,25,5
1135,8857,base_enriched,max,-0.7666213512420654,0.6107759475708008,-1.2551597356796265,1.2551597356796265,22,5
1136,4672,base_enriched,max,-1.1606154441833496,0.925284743309021,-1.254333257675171,1.254333257675171,33,5
1137,6722,base_enriched,max,-0.5529958605766296,0.44126614928245544,-1.2532025575637817,1.2532025575637817,14,5
1138,660,base_enriched,max,-0.9158543944358826,0.7314856648445129,-1.2520469427108765,1.2520469427108765,7,5
1139,384,base_enriched,max,-0.531913161277771,0.42546337842941284,-1.2501972913742065,1.2501972913742065,11,5
1140,11449,base_enriched,max,-1.1955013275146484,0.9572522044181824,-1.248888611793518,1.248888611793518,43,5
1141,12911,base_enriched,max,-1.3138339519500732,1.0535866022109985,-1.2470108270645142,1.2470108270645142,15,5
1142,14691,base_enriched,max,-1.0178656578063965,0.817130446434021,-1.2456587553024292,1.2456587553024292,24,5
1143,5494,base_enriched,max,-0.6700161695480347,0.5382084846496582,-1.2449008226394653,1.2449008226394653,7,5
1144,2695,base_enriched,max,-0.9399087429046631,0.75551837682724,-1.2440581321716309,1.2440581321716309,32,5
1145,3788,base_enriched,max,-0.5219389200210571,0.4201909005641937,-1.2421470880508423,1.2421470880508423,14,5
1146,251,base_enriched,max,-1.14603590965271,0.923119843006134,-1.2414811849594116,1.2414811849594116,29,5
1147,3739,base_enriched,max,-1.1753500699996948,0.9468913674354553,-1.2412723302841187,1.2412723302841187,15,5
1148,10596,base_enriched,max,-1.4994254112243652,1.208560824394226,-1.2406702041625977,1.2406702041625977,20,5
1149,6551,base_enriched,max,-1.0234756469726562,0.825474739074707,-1.2398630380630493,1.2398630380630493,33,5
1150,1789,base_enriched,max,-0.8637510538101196,0.6974514126777649,-1.2384390830993652,1.2384390830993652,7,5
1151,1438,base_enriched,max,-1.1254425048828125,0.9089036583900452,-1.2382417917251587,1.2382417917251587,14,5
1152,10643,base_enriched,max,-1.1088318824768066,0.8965334296226501,-1.2367992401123047,1.2367992401123047,32,5
1153,2248,base_enriched,max,-0.7733196020126343,0.6260037422180176,-1.2353274822235107,1.2353274822235107,6,5
1154,5783,base_enriched,max,-1.283163070678711,1.0398515462875366,-1.233986735343933,1.233986735343933,38,5
1155,7617,base_enriched,max,-1.3694076538085938,1.1117591857910156,-1.2317484617233276,1.2317484617233276,25,5
1156,10731,base_enriched,max,-0.6544337868690491,0.531868577003479,-1.2304426431655884,1.2304426431655884,6,5
1157,11465,base_enriched,max,-0.9832019805908203,0.8003433346748352,-1.2284752130508423,1.2284752130508423,17,5
1158,8826,base_enriched,active_fraction,-0.0043330504558980465,0.0035274706315249205,-1.2283731698989868,1.2283731698989868,16,5
1159,1931,base_enriched,max,-1.5202410221099854,1.2456538677215576,-1.2204362154006958,1.2204362154006958,9,5
1160,10419,base_enriched,active_fraction,-0.003574926173314452,0.002930517541244626,-1.219895839691162,1.219895839691162,5,5
1161,10418,base_enriched,max,-1.8704438209533691,1.533703327178955,-1.2195603847503662,1.2195603847503662,15,5
1162,14272,base_enriched,max,-0.7094845771789551,0.5828410387039185,-1.2172865867614746,1.2172865867614746,33,5
1163,11621,base_enriched,max,-1.081714391708374,0.8904762268066406,-1.2147594690322876,1.2147594690322876,26,5
1164,14788,base_enriched,max,-0.7629265785217285,0.6281220316886902,-1.2146152257919312,1.2146152257919312,22,5
1165,3809,base_enriched,max,-0.6723153591156006,0.5543356537818909,-1.2128307819366455,1.2128307819366455,34,5
1166,10199,base_enriched,max,-1.3936986923217773,1.150446891784668,-1.211441159248352,1.211441159248352,27,5
1167,11088,base_enriched,max,-0.6088188886642456,0.503147304058075,-1.2100211381912231,1.2100211381912231,14,5
1168,7483,base_enriched,max,-1.347719669342041,1.1138406991958618,-1.209975242614746,1.209975242614746,28,5
1169,3315,base_enriched,max,-0.7925899028778076,0.6560147404670715,-1.2081891298294067,1.2081891298294067,32,5
1170,14884,base_enriched,max,-0.6422693729400635,0.5320457816123962,-1.2071694135665894,1.2071694135665894,11,5
1171,8709,base_enriched,mean,-0.012358558364212513,0.010255655273795128,-1.2050482034683228,1.2050482034683228,11,5
1172,15153,base_enriched,max,-1.3172063827514648,1.093206524848938,-1.2049016952514648,1.2049016952514648,36,5
1173,2005,base_enriched,max,-1.0725185871124268,0.8918017148971558,-1.2026424407958984,1.2026424407958984,31,5
1174,6554,base_enriched,max,-0.6416864991188049,0.5336117148399353,-1.202534556388855,1.202534556388855,5,5
1175,9859,base_enriched,active_fraction,-0.0020751599222421646,0.0017305492656305432,-1.1991336345672607,1.1991336345672607,5,5
1176,1182,base_enriched,max,-0.6640770435333252,0.5544524192810059,-1.1977169513702393,1.1977169513702393,17,5
1177,4569,base_enriched,mean,-0.132989764213562,0.11108769476413727,-1.1971601247787476,1.1971601247787476,10,5
1178,6480,base_enriched,max,-1.2954998016357422,1.0855551958084106,-1.193398356437683,1.193398356437683,25,5
1179,4037,base_enriched,max,-0.295833945274353,0.2480226755142212,-1.1927697658538818,1.1927697658538818,22,5
1180,4269,base_enriched,max,-0.6816766858100891,0.571532130241394,-1.1927180290222168,1.1927180290222168,6,5
1181,71,base_enriched,max,-0.6323307752609253,0.5305566191673279,-1.191825270652771,1.191825270652771,19,5
1182,10894,base_enriched,max,-2.558593273162842,2.149993658065796,-1.1900469064712524,1.1900469064712524,16,5
1183,5076,base_enriched,max,-0.4888184070587158,0.4107879400253296,-1.1899532079696655,1.1899532079696655,35,5
1184,12453,base_enriched,max,-0.9101238250732422,0.7655365467071533,-1.1888705492019653,1.1888705492019653,9,5
1185,14456,base_enriched,max,-1.1875860691070557,0.9995798468589783,-1.1880851984024048,1.1880851984024048,21,5
1186,3350,base_enriched,max,-1.0151286125183105,0.8555371165275574,-1.1865395307540894,1.1865395307540894,37,5
1187,10644,base_enriched,active_fraction,-0.007520698010921478,0.006365062668919563,-1.1815592050552368,1.1815592050552368,18,5
1188,6806,base_enriched,max,-0.9669413566589355,0.8205340504646301,-1.1784292459487915,1.1784292459487915,6,5
1189,5627,base_enriched,max,-1.0300025939941406,0.875546395778656,-1.1764111518859863,1.1764111518859863,33,5
1190,11905,base_enriched,max,-1.177401065826416,1.0022318363189697,-1.1747791767120361,1.1747791767120361,27,5
1191,3934,base_enriched,active_fraction,-0.0024039156269282103,0.0020491688046604395,-1.1731173992156982,1.1731173992156982,8,5
1192,9375,base_enriched,max,-0.5025187730789185,0.42870891094207764,-1.1721677780151367,1.1721677780151367,22,5
1193,7573,base_enriched,max,-0.5485615730285645,0.46859627962112427,-1.1706485748291016,1.1706485748291016,12,5
1194,15958,base_enriched,max,-0.5241245627403259,0.4479311406612396,-1.1701006889343262,1.1701006889343262,13,5
1195,9293,base_enriched,max,-0.8270430564880371,0.7079737186431885,-1.1681833267211914,1.1681833267211914,41,5
1196,2745,base_enriched,max,-0.8776849508285522,0.7537429332733154,-1.1644353866577148,1.1644353866577148,20,5
1197,4263,base_enriched,max,-0.8173441886901855,0.702217698097229,-1.1639469861984253,1.1639469861984253,17,5
1198,11091,base_enriched,max,-0.6463494300842285,0.5554373860359192,-1.1636765003204346,1.1636765003204346,38,5
1199,1466,base_enriched,max,-1.536705493927002,1.3236110210418701,-1.1609947681427002,1.1609947681427002,17,5
1200,15442,base_enriched,max,-0.35851413011550903,0.3090270161628723,-1.160138487815857,1.160138487815857,10,5
1201,2141,base_enriched,mean,-0.10651320219039917,0.09189718216657639,-1.1590474843978882,1.1590474843978882,13,5
1202,10256,base_enriched,max,-1.030141830444336,0.8892312049865723,-1.158463478088379,1.158463478088379,25,5
1203,14395,base_enriched,max,-0.5005015134811401,0.43222177028656006,-1.1579738855361938,1.1579738855361938,24,5
1204,1525,base_enriched,max,-1.4876899719238281,1.2847900390625,-1.1579245328903198,1.1579245328903198,11,5
1205,4205,base_enriched,active_fraction,-0.0028193313628435135,0.0024381917901337147,-1.156320571899414,1.156320571899414,7,5
1206,9826,base_enriched,max,-1.0553913116455078,0.9131540060043335,-1.1557648181915283,1.1557648181915283,14,5
1207,14818,base_enriched,max,-0.7537598609924316,0.6526172757148743,-1.154979944229126,1.154979944229126,21,5
1208,773,base_enriched,active_fraction,-0.00633319653570652,0.005496220197528601,-1.1522821187973022,1.1522821187973022,17,5
1209,471,base_enriched,max,-0.406095027923584,0.35251471400260925,-1.1519945859909058,1.1519945859909058,15,5
1210,879,base_enriched,max,-0.7038071155548096,0.6125776767730713,-1.148927092552185,1.148927092552185,20,5
1211,120,base_enriched,max,-1.0836899280548096,0.946908175945282,-1.1444509029388428,1.1444509029388428,20,5
1212,16239,base_enriched,max,-0.7692110538482666,0.6727422475814819,-1.1433963775634766,1.1433963775634766,22,5
1213,13137,base_enriched,max,-1.0380759239196777,0.9087631106376648,-1.1422953605651855,1.1422953605651855,25,5
1214,14739,base_enriched,max,-0.6608977317810059,0.5795915126800537,-1.1402819156646729,1.1402819156646729,39,5
1215,8045,base_enriched,max,-1.0065865516662598,0.8840776085853577,-1.1385725736618042,1.1385725736618042,41,5
1216,6371,base_enriched,max,-0.5275747776031494,0.46357491612434387,-1.1380572319030762,1.1380572319030762,38,5
1217,8996,base_enriched,max,-0.512049674987793,0.45074155926704407,-1.1360161304473877,1.1360161304473877,40,5
1218,12907,base_enriched,max,-0.9206497669219971,0.8117247223854065,-1.1341896057128906,1.1341896057128906,24,5
1219,5183,base_enriched,max,-0.8658142685890198,0.7639834880828857,-1.1332892179489136,1.1332892179489136,6,5
1220,9543,base_enriched,max,-0.6444237232208252,0.5688822269439697,-1.1327893733978271,1.1327893733978271,19,5
1221,9566,base_enriched,mean,-0.021161099895834923,0.018752623349428177,-1.1284340620040894,1.1284340620040894,18,5
1222,7420,base_enriched,max,-1.5295994281768799,1.3595227003097534,-1.1251003742218018,1.1251003742218018,11,5
1223,7402,base_enriched,max,-0.8235902786254883,0.732141375541687,-1.124906063079834,1.124906063079834,34,5
1224,7769,base_enriched,max,-0.8524503707885742,0.7583931088447571,-1.1240217685699463,1.1240217685699463,29,5
1225,5701,base_enriched,max,-0.5982937812805176,0.5322978496551514,-1.1239831447601318,1.1239831447601318,31,5
1226,11379,base_enriched,active_fraction,-0.007660485804080963,0.0068286387249827385,-1.1218173503875732,1.1218173503875732,28,5
1227,9182,base_enriched,max,-0.6036026477813721,0.53990238904953,-1.1179847717285156,1.1179847717285156,44,5
1228,2757,base_enriched,max,-0.6636030673980713,0.5943938493728638,-1.1164366006851196,1.1164366006851196,32,5
1229,3631,base_enriched,active_fraction,-0.007664404809474945,0.006875474005937576,-1.1147456169128418,1.1147456169128418,35,5
1230,11648,base_enriched,max,-0.3284120559692383,0.2947344481945038,-1.1142642498016357,1.1142642498016357,6,5
1231,15361,base_enriched,max,-0.9590692520141602,0.861081063747406,-1.1137967109680176,1.1137967109680176,27,5
1232,15579,base_enriched,max,-0.5650736093521118,0.5073949694633484,-1.1136760711669922,1.1136760711669922,22,5
1233,10676,base_enriched,max,-1.0521435737609863,0.9459872245788574,-1.1122175455093384,1.1122175455093384,23,5
1234,10473,base_enriched,active_fraction,-0.00825485959649086,0.007424679584801197,-1.1118135452270508,1.1118135452270508,30,5
1235,15367,base_enriched,max,-0.8723855018615723,0.7850065231323242,-1.1113098859786987,1.1113098859786987,29,5
1236,15491,base_enriched,max,-0.4136115312576294,0.3735893964767456,-1.107128620147705,1.107128620147705,27,5
1237,15319,base_enriched,active_fraction,-0.0037593510933220387,0.003396872663870454,-1.1067094802856445,1.1067094802856445,7,5
1238,8593,base_enriched,max,-0.6714235544204712,0.6074144244194031,-1.1053797006607056,1.1053797006607056,9,5
1239,3501,base_enriched,active_fraction,-0.011652223765850067,0.010560440830886364,-1.103384256362915,1.103384256362915,8,5
1240,4481,base_enriched,active_fraction,-0.006278397049754858,0.005690373945981264,-1.1033364534378052,1.1033364534378052,11,5
1241,12075,base_enriched,max,-0.5285130739212036,0.4793606102466583,-1.1025375127792358,1.1025375127792358,14,5
1242,12332,base_enriched,max,-0.8527593612670898,0.7744892835617065,-1.1010602712631226,1.1010602712631226,39,5
1243,5060,base_enriched,active_fraction,-0.002889730269089341,0.0026274260599166155,-1.0998331308364868,1.0998331308364868,8,5
1244,11381,base_enriched,mean,-0.01953280344605446,0.017786234617233276,-1.0981978178024292,1.0981978178024292,12,5
1245,13466,base_enriched,max,-0.8792908191680908,0.8007844686508179,-1.098036766052246,1.098036766052246,15,5
1246,11472,base_enriched,max,-1.1690683364868164,1.0661050081253052,-1.0965789556503296,1.0965789556503296,36,5
1247,8400,base_enriched,max,-0.9422492980957031,0.8605228066444397,-1.094973087310791,1.094973087310791,31,5
1248,14027,base_enriched,max,-0.6669951677322388,0.609221875667572,-1.0948312282562256,1.0948312282562256,12,5
1249,14778,base_enriched,max,-0.7287268042564392,0.666495680809021,-1.0933706760406494,1.0933706760406494,6,5
1250,12230,base_enriched,max,-1.3220875263214111,1.211438775062561,-1.0913366079330444,1.0913366079330444,24,5
1251,16190,base_enriched,active_fraction,-0.010525939054787159,0.009647113271057606,-1.0910972356796265,1.0910972356796265,17,5
1252,12501,base_enriched,max,-0.47266334295272827,0.43544405698776245,-1.0854743719100952,1.0854743719100952,5,5
1253,11308,base_enriched,max,-0.5522187948226929,0.5087601542472839,-1.0854207277297974,1.0854207277297974,9,5
1254,9875,base_enriched,active_fraction,-0.012287583202123642,0.01132206805050373,-1.0852773189544678,1.0852773189544678,35,5
1255,1613,base_enriched,max,-0.8985729217529297,0.8287205100059509,-1.0842894315719604,1.0842894315719604,28,5
1256,3064,base_enriched,max,-0.9407869577407837,0.8678013682365417,-1.084104061126709,1.084104061126709,5,5
1257,3951,base_enriched,max,-1.1108512878417969,1.025161623954773,-1.0835864543914795,1.0835864543914795,37,5
1258,9006,base_enriched,max,-0.9483819007873535,0.8762309551239014,-1.0823423862457275,1.0823423862457275,40,5
1259,7186,base_enriched,max,-0.8592710494995117,0.7941665053367615,-1.081978440284729,1.081978440284729,12,5
1260,4662,base_enriched,max,-0.8456909656524658,0.781949520111084,-1.0815160274505615,1.0815160274505615,30,5
1261,11098,base_enriched,max,-0.5764915943145752,0.533713161945343,-1.0801525115966797,1.0801525115966797,6,5
1262,14491,base_enriched,max,-0.38820624351501465,0.360187292098999,-1.0777899026870728,1.0777899026870728,48,5
1263,1712,base_enriched,max,-0.6682233810424805,0.6200254559516907,-1.077735424041748,1.077735424041748,43,5
1264,4342,base_enriched,max,-0.9449203014373779,0.8783692121505737,-1.075766682624817,1.075766682624817,28,5
1265,4922,base_enriched,max,-0.447884202003479,0.41638174653053284,-1.075657606124878,1.075657606124878,9,5
1266,7738,base_enriched,max,-0.483412504196167,0.45009133219718933,-1.0740320682525635,1.0740320682525635,32,5
1267,2024,base_enriched,max,-0.6044199466705322,0.5627827048301697,-1.0739846229553223,1.0739846229553223,28,5
1268,10694,base_enriched,max,-0.5576801896095276,0.5199105739593506,-1.0726463794708252,1.0726463794708252,10,5
1269,5998,base_enriched,max,-1.1963343620300293,1.1160900592803955,-1.0718977451324463,1.0718977451324463,5,5
1270,10459,base_enriched,max,-0.4525132179260254,0.4225352108478546,-1.0709480047225952,1.0709480047225952,30,5
1271,15254,base_enriched,max,-0.9709142446517944,0.9074476957321167,-1.0699396133422852,1.0699396133422852,8,5
1272,254,base_enriched,max,-0.6171994209289551,0.5805197954177856,-1.063184142112732,1.063184142112732,40,5
1273,15410,base_enriched,max,-0.4709484577178955,0.4455213248729706,-1.0570727586746216,1.0570727586746216,28,5
1274,3898,base_enriched,max,-0.3945293128490448,0.37478476762771606,-1.0526823997497559,1.0526823997497559,5,5
1275,1673,base_enriched,max,-0.8431534767150879,0.8030292391777039,-1.0499660968780518,1.0499660968780518,16,5
1276,15818,base_enriched,max,-0.9066629409790039,0.8670819401741028,-1.045648455619812,1.045648455619812,41,5
1277,4060,base_enriched,max,-0.5017145276069641,0.47984570264816284,-1.04557466506958,1.04557466506958,8,5
1278,206,base_enriched,mean,-0.1779663860797882,0.17024418711662292,-1.045359492301941,1.045359492301941,19,5
1279,2822,base_enriched,max,-0.761376142501831,0.7291697859764099,-1.044168472290039,1.044168472290039,11,5
1280,11597,base_enriched,max,-1.6724870204925537,1.6046981811523438,-1.0422439575195312,1.0422439575195312,12,5
1281,11527,base_enriched,max,-0.4349687099456787,0.41896355152130127,-1.0382018089294434,1.0382018089294434,24,5
1282,7498,base_enriched,mean,-0.1288774311542511,0.12429138273000717,-1.0368975400924683,1.0368975400924683,9,5
1283,10510,base_enriched,max,-1.1297852993011475,1.0895946025848389,-1.0368859767913818,1.0368859767913818,12,5
1284,1283,base_enriched,max,-0.6721161603927612,0.648393452167511,-1.036586880683899,1.036586880683899,13,5
1285,13722,base_enriched,max,-0.6551177501678467,0.6322283744812012,-1.0362043380737305,1.0362043380737305,6,5
1286,5231,base_enriched,active_fraction,-0.0025236799847334623,0.002436913549900055,-1.0356050729751587,1.0356050729751587,6,5
1287,2653,base_enriched,max,-1.147768497467041,1.1083577871322632,-1.035557746887207,1.035557746887207,35,5
1288,15116,base_enriched,max,-0.32825741171836853,0.3174782395362854,-1.0339524745941162,1.0339524745941162,12,5
1289,2630,base_enriched,max,-0.46863579750061035,0.4535432457923889,-1.0332770347595215,1.0332770347595215,17,5
1290,12458,base_enriched,max,-0.2746034860610962,0.2668195366859436,-1.0291731357574463,1.0291731357574463,8,5
1291,742,base_enriched,max,-0.7570232152938843,0.7362541556358337,-1.0282090902328491,1.0282090902328491,19,5
1292,16304,base_enriched,max,-0.7571749687194824,0.7366242408752441,-1.0278985500335693,1.0278985500335693,42,5
1293,8947,base_enriched,max,-1.0676891803741455,1.039408564567566,-1.0272083282470703,1.0272083282470703,17,5
1294,12305,base_enriched,max,-0.692001461982727,0.6743150353431702,-1.0262287855148315,1.0262287855148315,10,5
1295,131,base_enriched,active_fraction,-0.0038351328112185,0.0037514050491154194,-1.0223190784454346,1.0223190784454346,7,5
1296,8308,base_enriched,max,-0.6082272529602051,0.5956401228904724,-1.0211321115493774,1.0211321115493774,6,5
1297,9247,base_enriched,max,-1.1843624114990234,1.1656298637390137,-1.0160707235336304,1.0160707235336304,46,5
1298,10387,base_enriched,max,-0.4694145917892456,0.4620656967163086,-1.015904426574707,1.015904426574707,19,5
1299,14467,base_enriched,mean,-0.04199707508087158,0.04134095087647438,-1.0158710479736328,1.0158710479736328,30,5
1300,14126,base_enriched,max,-0.8467926979064941,0.8351022601127625,-1.0139988660812378,1.0139988660812378,27,5
1301,1777,base_enriched,max,-0.7865333557128906,0.7760457992553711,-1.0135140419006348,1.0135140419006348,44,5
1302,8928,base_enriched,max,-1.1259739398956299,1.112714171409607,-1.0119166374206543,1.0119166374206543,18,5
1303,4044,base_enriched,max,-0.475472092628479,0.4712340831756592,-1.00899338722229,1.00899338722229,10,5
1304,13110,base_enriched,max,-1.0472538471221924,1.038313388824463,-1.0086106061935425,1.0086106061935425,20,5
1305,3390,base_enriched,mean,-0.03470047563314438,0.03449701517820358,-1.005897879600525,1.005897879600525,14,5
1306,4902,base_enriched,max,-0.8271610736846924,0.8224677443504333,-1.0057064294815063,1.0057064294815063,22,5
1307,6947,base_enriched,max,-0.4312431812286377,0.42933356761932373,-1.0044478178024292,1.0044478178024292,37,5
1308,1502,base_enriched,max,-0.33593082427978516,0.3348656892776489,-1.003180742263794,1.003180742263794,50,5
1309,2391,base_enriched,mean,-0.03556063771247864,0.03549132123589516,-1.0019530057907104,1.0019530057907104,10,5
1310,1807,base_enriched,max,-0.7403411865234375,0.7399260997772217,-1.000560998916626,1.000560998916626,7,5
1311,2058,base_enriched,max,-1.2068424224853516,1.207313895225525,-0.9996094703674316,0.9996094703674316,26,5
1312,6809,base_enriched,mean,-0.05780262127518654,0.05789501592516899,-0.9984040856361389,0.9984040856361389,6,5
1313,13165,base_enriched,max,-1.0229711532592773,1.0251073837280273,-0.9979161024093628,0.9979161024093628,41,5
1314,13499,base_enriched,max,-0.9623963832855225,0.9669299721717834,-0.9953113794326782,0.9953113794326782,18,5
1315,11362,base_enriched,max,-0.4172677993774414,0.4209800660610199,-0.9911818504333496,0.9911818504333496,22,5
1316,4958,base_enriched,max,-0.5145508050918579,0.5193848013877869,-0.9906928539276123,0.9906928539276123,18,5
1317,11069,base_enriched,mean,-0.030532412230968475,0.030904771760106087,-0.987951397895813,0.987951397895813,18,5
1318,16276,base_enriched,mean,-0.04402336850762367,0.0445956327021122,-0.9871677160263062,0.9871677160263062,23,5
1319,13731,base_enriched,max,-0.6464173793792725,0.6578627228736877,-0.9826022386550903,0.9826022386550903,39,5
1320,8447,base_enriched,max,-0.7803744077682495,0.7969871759414673,-0.9791555404663086,0.9791555404663086,8,5
1321,14902,base_enriched,max,-0.5606554746627808,0.5736579298973083,-0.9773341417312622,0.9773341417312622,11,5
1322,3589,base_enriched,max,-0.5617640018463135,0.5751853585243225,-0.9766660332679749,0.9766660332679749,22,5
1323,14874,base_enriched,max,-0.663294792175293,0.6799901127815247,-0.9754477143287659,0.9754477143287659,25,5
1324,7004,base_enriched,max,-0.20930644869804382,0.21458321809768677,-0.975409209728241,0.975409209728241,6,5
1325,3305,base_enriched,max,-0.9074103832244873,0.9304696917533875,-0.9752175807952881,0.9752175807952881,12,5
1326,11994,base_enriched,max,-0.5914810299873352,0.6070924997329712,-0.9742848873138428,0.9742848873138428,8,5
1327,13384,base_enriched,max,-0.5726985931396484,0.5884310603141785,-0.973263680934906,0.973263680934906,44,5
1328,2486,base_enriched,max,-0.5066194534301758,0.5214406251907349,-0.9715765118598938,0.9715765118598938,14,5
1329,12243,base_enriched,max,-0.5892438888549805,0.6070473194122314,-0.970672070980072,0.970672070980072,12,5
1330,7882,base_enriched,max,-0.6009821891784668,0.6198086142539978,-0.9696254134178162,0.9696254134178162,31,5
1331,1638,base_enriched,mean,-0.050837114453315735,0.05263015627861023,-0.9659312963485718,0.9659312963485718,12,5
1332,13902,base_enriched,max,-0.7335537672042847,0.7604352235794067,-0.9646499156951904,0.9646499156951904,9,5
1333,9098,base_enriched,max,-0.7863645553588867,0.8168527483940125,-0.9626760482788086,0.9626760482788086,27,5
1334,13565,base_enriched,max,-0.7361477613449097,0.7670221328735352,-0.9597477316856384,0.9597477316856384,5,5
1335,7123,base_enriched,max,-0.7316479682922363,0.7624201774597168,-0.959638774394989,0.959638774394989,17,5
1336,14465,base_enriched,max,-0.6069464683532715,0.6334533095359802,-0.9581550359725952,0.9581550359725952,14,5
1337,12595,base_enriched,max,-0.7858495712280273,0.8209078311920166,-0.9572933316230774,0.9572933316230774,43,5
1338,10961,base_enriched,max,-0.6427145004272461,0.6715043187141418,-0.9571263790130615,0.9571263790130615,28,5
1339,15654,base_enriched,max,-0.4906296730041504,0.5127360224723816,-0.9568855166435242,0.9568855166435242,35,5
1340,13508,base_enriched,max,-0.8536877632141113,0.8981506824493408,-0.9504950046539307,0.9504950046539307,10,5
1341,9409,base_enriched,active_fraction,-0.002686811378225684,0.002831924706697464,-0.948758065700531,0.948758065700531,5,5
1342,7753,base_enriched,active_fraction,-0.007508914917707443,0.007924344390630722,-0.947575569152832,0.947575569152832,29,5
1343,9307,base_enriched,max,-0.9345149993896484,0.9864854216575623,-0.9473176002502441,0.9473176002502441,16,5
1344,1727,base_enriched,max,-0.929997444152832,0.9857478737831116,-0.9434435367584229,0.9434435367584229,21,5
1345,4210,base_enriched,mean,-0.07445681095123291,0.07901487499475479,-0.9423138499259949,0.9423138499259949,44,5
1346,6002,base_enriched,max,-0.9202303886413574,0.9776929020881653,-0.9412264227867126,0.9412264227867126,19,5
1347,12162,base_enriched,max,-0.7483015060424805,0.7959222197532654,-0.9401691555976868,0.9401691555976868,15,5
1348,9642,base_enriched,active_fraction,-0.0025019138120114803,0.0026698089204728603,-0.9371134638786316,0.9371134638786316,5,5
1349,10494,base_enriched,active_fraction,-0.007194202393293381,0.00768145639449358,-0.936567485332489,0.936567485332489,29,5
1350,14931,base_enriched,max,-0.5411339402198792,0.5784332156181335,-0.9355167150497437,0.9355167150497437,7,5
1351,3049,base_enriched,active_fraction,-0.003290570341050625,0.003537750570103526,-0.930130660533905,0.930130660533905,19,5
1352,14327,base_enriched,max,-1.1066477298736572,1.1909849643707275,-0.929186999797821,0.929186999797821,10,5
1353,2396,base_enriched,max,-0.5252830386161804,0.5662901401519775,-0.9275864362716675,0.9275864362716675,11,5
1354,5688,base_enriched,active_fraction,-0.003402271308004856,0.003673708066344261,-0.9261136651039124,0.9261136651039124,20,5
1355,3575,base_enriched,max,-0.6972002983093262,0.7593685984611511,-0.9181315898895264,0.9181315898895264,29,5
1356,12388,base_enriched,max,-0.9583964347839355,1.0466219186782837,-0.9157045483589172,0.9157045483589172,5,5
1357,6092,base_enriched,mean,-0.022392673417925835,0.02446434646844864,-0.9153186678886414,0.9153186678886414,7,5
1358,13259,base_enriched,max,-0.4768242835998535,0.5276889204978943,-0.9036086797714233,0.9036086797714233,24,5
1359,14214,base_enriched,max,-0.6469428539276123,0.7191808223724365,-0.8995552062988281,0.8995552062988281,25,5
1360,7363,base_enriched,max,-0.49501466751098633,0.5504096746444702,-0.8993567824363708,0.8993567824363708,44,5
1361,12042,base_enriched,max,-0.595184326171875,0.6620089411735535,-0.8990578651428223,0.8990578651428223,46,5
1362,3273,base_enriched,active_fraction,-0.0016630475874990225,0.0018524350598454475,-0.8977629542350769,0.8977629542350769,7,5
1363,1526,base_enriched,max,-0.4552340507507324,0.5098295211791992,-0.8929142355918884,0.8929142355918884,40,5
1364,15279,base_enriched,max,-0.5581600666046143,0.6256251931190491,-0.8921636939048767,0.8921636939048767,38,5
1365,12686,base_enriched,max,-0.5864135026931763,0.6584405899047852,-0.8906095623970032,0.8906095623970032,19,5
1366,9659,base_enriched,max,-0.5507230758666992,0.6197338700294495,-0.8886444568634033,0.8886444568634033,35,5
1367,10863,base_enriched,max,-0.42429447174072266,0.47862425446510315,-0.886487603187561,0.886487603187561,30,5
1368,9583,base_enriched,max,-0.7219998836517334,0.8151251673698425,-0.8857533931732178,0.8857533931732178,22,5
1369,8074,base_enriched,active_fraction,-0.004465218633413315,0.005061850417405367,-0.8821316957473755,0.8821316957473755,17,5
1370,3917,base_enriched,max,-0.5062592029571533,0.5746780633926392,-0.880944013595581,0.880944013595581,12,5
1371,13708,base_enriched,active_fraction,-0.004857263993471861,0.005524154752492905,-0.8792773485183716,0.8792773485183716,7,5
1372,10553,base_enriched,mean,-0.19131171703338623,0.2181980311870575,-0.8767802119255066,0.8767802119255066,20,5
1373,11568,base_enriched,active_fraction,-0.005026258062571287,0.005732645280659199,-0.8767781257629395,0.8767781257629395,12,5
1374,2381,base_enriched,max,-0.6715986728668213,0.7764562964439392,-0.8649535775184631,0.8649535775184631,19,5
1375,452,base_enriched,max,-1.2595815658569336,1.4630526304244995,-0.8609270453453064,0.8609270453453064,15,5
1376,5578,base_enriched,mean,-0.051497623324394226,0.05985647812485695,-0.8603516817092896,0.8603516817092896,38,5
1377,7580,base_enriched,max,-0.6134777069091797,0.7142028212547302,-0.8589684963226318,0.8589684963226318,39,5
1378,11109,base_enriched,max,-0.4053635597229004,0.4727693200111389,-0.8574235439300537,0.8574235439300537,7,5
1379,10079,base_enriched,max,-0.5741229057312012,0.6702820658683777,-0.856539249420166,0.856539249420166,34,5
1380,10370,base_enriched,mean,-0.011218381114304066,0.013138753361999989,-0.853839099407196,0.853839099407196,11,5
1381,11386,base_enriched,mean,-0.09560646116733551,0.11200925707817078,-0.8535585403442383,0.8535585403442383,20,5
1382,7619,base_enriched,active_fraction,-0.0037826034240424633,0.004460119642317295,-0.8480945825576782,0.8480945825576782,9,5
1383,14612,base_enriched,max,-0.2935991883277893,0.34639063477516174,-0.8475956320762634,0.8475956320762634,5,5
1384,478,base_enriched,max,-0.7896996736526489,0.9340304136276245,-0.8454753160476685,0.8454753160476685,12,5
1385,3774,base_enriched,max,-0.6376461982727051,0.7591208815574646,-0.8399797677993774,0.8399797677993774,44,5
1386,283,base_enriched,max,-0.7017240524291992,0.8388338088989258,-0.8365471959114075,0.8365471959114075,33,5
1387,948,base_enriched,max,-0.27925771474838257,0.3343471586704254,-0.8352327942848206,0.8352327942848206,7,5
1388,8393,base_enriched,active_fraction,-0.003361710347235203,0.004025941248983145,-0.8350122570991516,0.8350122570991516,16,5
1389,6210,base_enriched,active_fraction,-0.005944378674030304,0.0071274712681770325,-0.8340094685554504,0.8340094685554504,29,5
1390,2149,base_enriched,active_fraction,-0.0030869883485138416,0.003702814457938075,-0.8336870074272156,0.8336870074272156,12,5
1391,4535,base_enriched,max,-0.48399949073791504,0.5825238823890686,-0.8308663368225098,0.8308663368225098,21,5
1392,13480,base_enriched,max,-0.6335633993148804,0.7631977796554565,-0.83014315366745,0.83014315366745,8,5
1393,3871,base_enriched,mean,-0.025460440665483475,0.03067290596663952,-0.8300628662109375,0.8300628662109375,16,5
1394,14635,base_enriched,mean,-0.02893921360373497,0.03486921265721321,-0.8299359679222107,0.8299359679222107,6,5
1395,14518,base_enriched,max,-0.47409772872924805,0.5722699165344238,-0.8284512758255005,0.8284512758255005,50,5
1396,3446,base_enriched,mean,-0.04102986305952072,0.04954063519835472,-0.8282062411308289,0.8282062411308289,15,5
1397,1769,base_enriched,max,-0.4574548006057739,0.5528876781463623,-0.8273919224739075,0.8273919224739075,17,5
1398,11780,base_enriched,active_fraction,-0.0022733621299266815,0.002758233342319727,-0.8242095112800598,0.8242095112800598,14,5
1399,14773,base_enriched,max,-0.3804017901420593,0.4637809693813324,-0.8202186226844788,0.8202186226844788,8,5
1400,13103,base_enriched,mean,-0.05926378816366196,0.07242980599403381,-0.818223774433136,0.818223774433136,20,5
1401,3558,base_enriched,active_fraction,-0.003205973654985428,0.0039263516664505005,-0.8165273666381836,0.8165273666381836,11,5
1402,10342,base_enriched,max,-0.763012170791626,0.9367541670799255,-0.8145276308059692,0.8145276308059692,14,5
1403,13229,base_enriched,active_fraction,-0.006469151005148888,0.007953857071697712,-0.8133350610733032,0.8133350610733032,23,5
1404,866,base_enriched,max,-0.49378514289855957,0.607707679271698,-0.8125372529029846,0.8125372529029846,41,5
1405,9052,base_enriched,max,-0.29337120056152344,0.3610883951187134,-0.812463641166687,0.812463641166687,15,5
1406,9213,base_enriched,max,-0.7596008777618408,0.9367382526397705,-0.8108997941017151,0.8108997941017151,10,5
1407,2309,base_enriched,active_fraction,-0.003290838096290827,0.004060244187712669,-0.8105025291442871,0.8105025291442871,13,5
1408,13497,base_enriched,mean,-0.023582009598612785,0.02916613779962063,-0.8085407018661499,0.8085407018661499,14,5
1409,3854,base_enriched,max,-0.29226791858673096,0.361705482006073,-0.8080273270606995,0.8080273270606995,6,5
1410,12210,base_enriched,max,-0.6248993873596191,0.7771319150924683,-0.8041098117828369,0.8041098117828369,14,5
1411,1301,base_enriched,active_fraction,-0.0012098527513444424,0.0015076490817591548,-0.8024763464927673,0.8024763464927673,7,5
1412,15244,base_enriched,max,-0.21151793003082275,0.2635815143585205,-0.8024763464927673,0.8024763464927673,13,5
1413,2685,base_enriched,max,-0.6068763136863708,0.7569237947463989,-0.8017667531967163,0.8017667531967163,8,5
1414,16125,base_enriched,max,-0.5161523818969727,0.6470455527305603,-0.7977064251899719,0.7977064251899719,43,5
1415,12353,base_enriched,active_fraction,-0.005599919706583023,0.0070385076105594635,-0.7956117987632751,0.7956117987632751,29,5
1416,10829,base_enriched,max,-0.4083918333053589,0.5148665308952332,-0.7931994199752808,0.7931994199752808,15,5
1417,11625,base_enriched,max,-0.5149590969085693,0.6530457139015198,-0.7885498404502869,0.7885498404502869,14,5
1418,10247,base_enriched,mean,-0.05684049427509308,0.07220035046339035,-0.7872606515884399,0.7872606515884399,18,5
1419,14547,base_enriched,active_fraction,-0.002325738314539194,0.002955026924610138,-0.7870447039604187,0.7870447039604187,8,5
1420,2722,base_enriched,max,-0.6712665557861328,0.8538849949836731,-0.786132276058197,0.786132276058197,16,5
1421,16080,base_enriched,active_fraction,-0.0034572831355035305,0.004409455228596926,-0.7840613126754761,0.7840613126754761,15,5
1422,12870,base_enriched,max,-1.0092824697494507,1.2882386445999146,-0.7834592461585999,0.7834592461585999,9,5
1423,9930,base_enriched,max,-0.5503475666046143,0.7038211226463318,-0.7819423675537109,0.7819423675537109,28,5
1424,15063,base_enriched,max,-0.3874393701553345,0.49785152077674866,-0.7782227396965027,0.7782227396965027,21,5
1425,15526,base_enriched,max,-0.5812849998474121,0.7478565573692322,-0.7772680521011353,0.7772680521011353,6,5
1426,15928,base_enriched,max,-0.4870098829269409,0.6305733323097229,-0.7723286747932434,0.7723286747932434,8,5
1427,1857,base_enriched,max,-0.324863076210022,0.4209807217121124,-0.7716816067695618,0.7716816067695618,11,5
1428,1675,base_enriched,max,-0.3824450969696045,0.4963096082210541,-0.7705776691436768,0.7705776691436768,25,5
1429,5018,base_enriched,active_fraction,-0.01022115908563137,0.013265825808048248,-0.7704879641532898,0.7704879641532898,7,5
1430,8755,base_enriched,max,-0.438043475151062,0.5715274214744568,-0.7664434909820557,0.7664434909820557,11,5
1431,8099,base_enriched,max,-0.4234376549720764,0.5528954863548279,-0.7658547759056091,0.7658547759056091,13,5
1432,4300,base_enriched,max,-0.39577150344848633,0.5185565948486328,-0.763217568397522,0.763217568397522,30,5
1433,2169,base_enriched,mean,-0.020368138328194618,0.02668905444443226,-0.7631644606590271,0.7631644606590271,7,5
1434,13147,base_enriched,max,-0.16451072692871094,0.21564443409442902,-0.7628795504570007,0.7628795504570007,10,5
1435,16058,base_enriched,max,-0.6460676193237305,0.8471843004226685,-0.7626057267189026,0.7626057267189026,31,5
1436,14699,base_enriched,active_fraction,-0.0011546170571818948,0.0015247249975800514,-0.7572624683380127,0.7572624683380127,8,5
1437,3402,base_enriched,mean,-0.046485256403684616,0.06152470409870148,-0.7555543184280396,0.7555543184280396,17,5
1438,15648,base_enriched,max,-0.76869797706604,1.01766037940979,-0.7553580403327942,0.7553580403327942,19,5
1439,10514,base_enriched,max,-0.8936493396759033,1.1859718561172485,-0.7535164952278137,0.7535164952278137,20,5
1440,1625,base_enriched,max,-0.31354618072509766,0.4174058735370636,-0.7511781454086304,0.7511781454086304,23,5
1441,13955,base_enriched,max,-0.4428755044937134,0.5901775360107422,-0.7504106163978577,0.7504106163978577,12,5
1442,3490,base_enriched,max,-0.14272475242614746,0.19042590260505676,-0.7495028376579285,0.7495028376579285,8,5
1443,9246,base_enriched,max,-0.4014533758163452,0.5375381708145142,-0.7468369603157043,0.7468369603157043,17,5
1444,1591,base_enriched,max,-0.4884861707687378,0.6580957770347595,-0.742272138595581,0.742272138595581,10,5
1445,5795,base_enriched,mean,-0.04205751791596413,0.056937940418720245,-0.7386553883552551,0.7386553883552551,6,5
1446,6992,base_enriched,max,-0.6811723709106445,0.9282916784286499,-0.7337912917137146,0.7337912917137146,21,5
1447,11870,base_enriched,max,-0.46351051330566406,0.6345216631889343,-0.7304880619049072,0.7304880619049072,6,5
1448,12330,base_enriched,max,-1.1554269790649414,1.5824990272521973,-0.7301281094551086,0.7301281094551086,8,5
1449,2207,base_enriched,active_fraction,-0.0012518223375082016,0.0017220727168023586,-0.7269276976585388,0.7269276976585388,14,5
1450,11852,base_enriched,max,-0.4145330786705017,0.5705176591873169,-0.726591169834137,0.726591169834137,6,5
1451,3503,base_enriched,max,-0.555004358291626,0.7690304517745972,-0.7216935753822327,0.7216935753822327,22,5
1452,12368,base_enriched,max,-0.3894500732421875,0.5416251420974731,-0.7190398573875427,0.7190398573875427,44,5
1453,11788,base_enriched,max,-0.3856813907623291,0.5371151566505432,-0.7180609107017517,0.7180609107017517,10,5
1454,4668,base_enriched,max,-0.8943629264831543,1.2487515211105347,-0.7162056565284729,0.7162056565284729,31,5
1455,1030,base_enriched,max,-0.3177863359451294,0.44563189148902893,-0.7131139636039734,0.7131139636039734,19,5
1456,9491,base_enriched,active_fraction,-0.002263975329697132,0.003180687315762043,-0.7117880582809448,0.7117880582809448,6,5
1457,14298,base_enriched,max,-0.7400641441345215,1.0433844327926636,-0.709291934967041,0.709291934967041,9,5
1458,6665,base_enriched,max,-0.7655425071716309,1.0801844596862793,-0.7087146043777466,0.7087146043777466,15,5
1459,3255,base_enriched,max,-0.45937490463256836,0.6568417549133301,-0.6993691921234131,0.6993691921234131,42,5
1460,11789,base_enriched,active_fraction,-0.0018419232219457626,0.002634542528539896,-0.6991434693336487,0.6991434693336487,17,5
1461,10853,base_enriched,max,-0.6477923393249512,0.9312319159507751,-0.6956294178962708,0.6956294178962708,20,5
1462,4663,base_enriched,max,-0.28981781005859375,0.41706582903862,-0.6948970556259155,0.6948970556259155,10,5
1463,15902,base_enriched,mean,-0.025855664163827896,0.0374307855963707,-0.6907593011856079,0.6907593011856079,11,5
1464,7839,base_enriched,max,-0.39138245582580566,0.5671064257621765,-0.6901393532752991,0.6901393532752991,33,5
1465,7799,base_enriched,max,-0.21386083960533142,0.31134548783302307,-0.6868923902511597,0.6868923902511597,9,5
1466,11313,base_enriched,max,-0.08350332081317902,0.12162569165229797,-0.6865598559379578,0.6865598559379578,7,5
1467,13002,base_enriched,max,-0.5069571733474731,0.7401130795478821,-0.6849725842475891,0.6849725842475891,11,5
1468,4918,base_enriched,max,-0.5512323379516602,0.8068148493766785,-0.683220386505127,0.683220386505127,11,5
1469,13733,base_enriched,active_fraction,-0.0016176612116396427,0.002387500833719969,-0.677554190158844,0.677554190158844,11,5
1470,14379,base_enriched,max,-0.443789005279541,0.6554062962532043,-0.6771204471588135,0.6771204471588135,6,5
1471,6887,base_enriched,mean,-0.020065031945705414,0.02969181537628174,-0.6757765412330627,0.6757765412330627,17,5
1472,5747,base_enriched,mean,-0.01851463131606579,0.027543654665350914,-0.6721922755241394,0.6721922755241394,7,5
1473,15132,base_enriched,max,-0.8181114196777344,1.2233830690383911,-0.668728768825531,0.668728768825531,12,5
1474,2011,base_enriched,max,-0.7539534568786621,1.1368252038955688,-0.6632096767425537,0.6632096767425537,5,5
1475,13985,base_enriched,max,-0.5393424034118652,0.8163238167762756,-0.6606966257095337,0.6606966257095337,18,5
1476,8138,base_enriched,max,-0.4424891471862793,0.6721035838127136,-0.6583645343780518,0.6583645343780518,43,5
1477,13287,base_enriched,max,-0.40409934520721436,0.6164804100990295,-0.655494213104248,0.655494213104248,19,5
1478,7737,base_enriched,max,-0.5597847700119019,0.8555418848991394,-0.6543043255805969,0.6543043255805969,20,5
1479,4837,base_enriched,max,-0.6596105098724365,1.0109012126922607,-0.6524974703788757,0.6524974703788757,19,5
1480,2004,base_enriched,max,-0.46766066551208496,0.7169969081878662,-0.6522492170333862,0.6522492170333862,35,5
1481,13834,base_enriched,max,-0.18972653150558472,0.2929050922393799,-0.6477406620979309,0.6477406620979309,14,5
1482,7596,base_enriched,active_fraction,-0.002161237411201,0.003345514414831996,-0.6460105180740356,0.6460105180740356,14,5
1483,3819,base_enriched,max,-0.5204572677612305,0.8062871098518372,-0.6454986929893494,0.6454986929893494,33,5
1484,10080,base_enriched,max,-0.8517417907714844,1.3244823217391968,-0.6430752277374268,0.6430752277374268,30,5
1485,11892,base_enriched,max,-0.41759049892425537,0.6515432000160217,-0.6409252882003784,0.6409252882003784,7,5
1486,2253,base_enriched,max,-0.6827864646911621,1.0655769109725952,-0.6407669186592102,0.6407669186592102,30,5
1487,11314,base_enriched,max,-0.39973318576812744,0.6258141994476318,-0.6387410163879395,0.6387410163879395,10,5
1488,12940,base_enriched,max,-0.7237899303436279,1.1391632556915283,-0.6353697776794434,0.6353697776794434,16,5
1489,10302,base_enriched,max,-0.43133115768432617,0.6789340376853943,-0.6353064179420471,0.6353064179420471,23,5
1490,10854,base_enriched,active_fraction,-0.004410061985254288,0.006980739533901215,-0.6317471265792847,0.6317471265792847,15,5
1491,14294,base_enriched,max,-0.590364933013916,0.9412599802017212,-0.6272071003913879,0.6272071003913879,35,5
1492,4525,base_enriched,max,-0.39364051818847656,0.628650963306427,-0.6261670589447021,0.6261670589447021,35,5
1493,11183,base_enriched,max,-0.16900628805160522,0.26998209953308105,-0.6259906888008118,0.6259906888008118,9,5
1494,4959,base_enriched,max,-0.16591650247573853,0.2668359577655792,-0.6217921376228333,0.6217921376228333,5,5
1495,6149,base_enriched,max,-0.23054766654968262,0.37141096591949463,-0.620734691619873,0.620734691619873,14,5
1496,9675,base_enriched,max,-0.3119317293167114,0.504301130771637,-0.6185426115989685,0.6185426115989685,19,5
1497,10552,base_enriched,mean,-0.04712110385298729,0.07618892937898636,-0.6184770464897156,0.6184770464897156,10,5
1498,15340,base_enriched,max,-0.39230573177337646,0.6361940503120422,-0.6166447401046753,0.6166447401046753,25,5
1499,15641,base_enriched,max,-0.3843719959259033,0.6248531341552734,-0.6151397228240967,0.6151397228240967,14,5
1500,13949,base_enriched,max,-0.3301457166671753,0.5383187532424927,-0.6132903695106506,0.6132903695106506,19,5
1501,15660,base_enriched,mean,-0.01747898757457733,0.028702883049845695,-0.6089627742767334,0.6089627742767334,13,5
1502,13054,base_enriched,max,-0.41195905208587646,0.6775230765342712,-0.6080369353294373,0.6080369353294373,11,5
1503,11827,base_enriched,max,-0.43769097328186035,0.7202268242835999,-0.6077126860618591,0.6077126860618591,23,5
1504,4529,base_enriched,active_fraction,-0.003734876401722431,0.006275988183915615,-0.5951057076454163,0.5951057076454163,8,5
1505,11592,base_enriched,max,-0.8271536827087402,1.3910284042358398,-0.5946346521377563,0.5946346521377563,16,5
1506,4834,base_enriched,max,-0.2799023389816284,0.47656935453414917,-0.5873275995254517,0.5873275995254517,15,5
1507,6808,base_enriched,active_fraction,-0.0015785181894898415,0.0026968028396368027,-0.5853294730186462,0.5853294730186462,12,5
1508,4739,base_enriched,mean,-0.047468483448028564,0.08127306401729584,-0.5840616822242737,0.5840616822242737,18,5
1509,14149,base_enriched,max,-0.6108427047729492,1.0469205379486084,-0.5834661722183228,0.5834661722183228,31,5
1510,14951,base_enriched,mean,-0.02358497865498066,0.04051174968481064,-0.5821762681007385,0.5821762681007385,8,5
1511,4962,base_enriched,max,-0.34679555892944336,0.5965162515640259,-0.5813681483268738,0.5813681483268738,38,5
1512,14030,base_enriched,mean,-0.07473054528236389,0.1289234757423401,-0.5796504020690918,0.5796504020690918,18,5
1513,14774,base_enriched,mean,-0.011163681745529175,0.019425153732299805,-0.5747023820877075,0.5747023820877075,14,5
1514,12251,base_enriched,max,-0.5969259738922119,1.0458626747131348,-0.5707498788833618,0.5707498788833618,18,5
1515,15482,base_enriched,max,-0.19628113508224487,0.344785213470459,-0.5692852735519409,0.5692852735519409,13,5
1516,12495,base_enriched,max,-0.2839047908782959,0.5071770548820496,-0.5597745180130005,0.5597745180130005,39,5
1517,7070,base_enriched,max,-0.3963921070098877,0.7118756771087646,-0.55682772397995,0.55682772397995,31,5
1518,10023,base_enriched,mean,-0.03364003449678421,0.060429707169532776,-0.55668044090271,0.55668044090271,10,5
1519,11928,base_enriched,max,-0.33681046962738037,0.6109232902526855,-0.5513138771057129,0.5513138771057129,12,5
1520,1069,base_enriched,active_fraction,-0.0014294963330030441,0.002623573411256075,-0.544866144657135,0.544866144657135,24,5
1521,4236,base_enriched,max,-0.3609659671783447,0.6625139117240906,-0.5448428392410278,0.5448428392410278,33,5
1522,11801,base_enriched,max,-0.740027904510498,1.3668293952941895,-0.5414193868637085,0.5414193868637085,9,5
1523,13650,base_enriched,mean,-0.0431392528116703,0.08019807189702988,-0.5379088521003723,0.5379088521003723,8,5
1524,4685,base_enriched,max,-0.11189225316047668,0.20824742317199707,-0.5373044013977051,0.5373044013977051,6,5
1525,10937,base_enriched,active_fraction,-0.0031555555760860443,0.005896403919905424,-0.5351661443710327,0.5351661443710327,30,5
1526,6541,base_enriched,max,-0.4001483917236328,0.7528151869773865,-0.5315360426902771,0.5315360426902771,9,5
1527,9785,base_enriched,max,-0.35617756843566895,0.67315274477005,-0.5291184782981873,0.5291184782981873,6,5
1528,5038,base_enriched,max,-0.42366790771484375,0.8026353120803833,-0.527846097946167,0.527846097946167,8,5
1529,1433,base_enriched,max,-0.3592185974121094,0.6867446303367615,-0.5230745077133179,0.5230745077133179,9,5
1530,2782,base_enriched,max,-0.378436803817749,0.7279859781265259,-0.5198407769203186,0.5198407769203186,10,5
1531,1563,base_enriched,active_fraction,-0.00174725241959095,0.003367835422977805,-0.518805742263794,0.518805742263794,9,5
1532,746,base_enriched,mean,-0.017525848001241684,0.03408169373869896,-0.5142305493354797,0.5142305493354797,12,5
1533,3851,base_enriched,max,-0.33835434913635254,0.6616041660308838,-0.5114150643348694,0.5114150643348694,28,5
1534,10367,base_enriched,mean,-0.12404102087020874,0.2458762377500534,-0.5044856071472168,0.5044856071472168,7,5
1535,1705,base_enriched,max,-0.43765830993652344,0.868155837059021,-0.504124104976654,0.504124104976654,37,5
1536,14740,base_enriched,max,-0.8446478843688965,1.688820242881775,-0.5001407861709595,0.5001407861709595,20,5
1537,7101,base_enriched,max,-0.21143871545791626,0.4269399642944336,-0.49524226784706116,0.49524226784706116,11,5
1538,13519,base_enriched,max,-0.34976625442504883,0.7085587382316589,-0.4936305582523346,0.4936305582523346,34,5
1539,16336,base_enriched,active_fraction,-0.008004866540431976,0.016223959624767303,-0.4933978319168091,0.4933978319168091,35,5
1540,12597,base_enriched,max,-0.1932196021080017,0.3917399048805237,-0.49323442578315735,0.49323442578315735,6,5
1541,5714,base_enriched,mean,-0.02387891709804535,0.04911741986870766,-0.4861598312854767,0.4861598312854767,34,5
1542,14295,base_enriched,mean,-0.009628137573599815,0.019982310011982918,-0.4818330705165863,0.4818330705165863,8,5
1543,3919,base_enriched,max,-0.37702155113220215,0.7843887805938721,-0.4806564748287201,0.4806564748287201,33,5
1544,8797,base_enriched,mean,-0.022457994520664215,0.047231275588274,-0.47548991441726685,0.47548991441726685,17,5
1545,5029,base_enriched,active_fraction,-0.002406022511422634,0.005128023214638233,-0.4691910445690155,0.4691910445690155,20,5
1546,7201,base_enriched,max,-0.22156602144241333,0.4743984043598175,-0.4670462906360626,0.4670462906360626,9,5
1547,12212,base_enriched,active_fraction,-0.001692360732704401,0.0036431418266147375,-0.4645332992076874,0.4645332992076874,9,5
1548,9294,base_enriched,mean,-0.015994485467672348,0.034679461270570755,-0.46120917797088623,0.46120917797088623,9,5
1549,1582,base_enriched,mean,-0.01969161629676819,0.043497491627931595,-0.4527069330215454,0.4527069330215454,13,5
1550,5120,base_enriched,max,-0.28983020782470703,0.6417706608772278,-0.4516102373600006,0.4516102373600006,47,5
1551,9994,base_enriched,active_fraction,-0.0010799248702824116,0.0024393245112150908,-0.44271472096443176,0.44271472096443176,12,5
1552,7696,base_enriched,max,-0.25978702306747437,0.5932707786560059,-0.4378894567489624,0.4378894567489624,8,5
1553,3513,base_enriched,active_fraction,-0.0008935388177633286,0.0020728278905153275,-0.4310723543167114,0.4310723543167114,10,5
1554,6466,base_enriched,active_fraction,-0.0007388701196759939,0.0017326463712379336,-0.4264402389526367,0.4264402389526367,9,5
1555,10357,base_enriched,max,-0.2577357292175293,0.611350417137146,-0.42158427834510803,0.42158427834510803,30,5
1556,10082,base_enriched,max,-0.24458646774291992,0.5992546081542969,-0.40815117955207825,0.40815117955207825,39,5
1557,11066,base_enriched,max,-0.0810781717300415,0.20569296181201935,-0.3941708505153656,0.3941708505153656,9,5
1558,2604,base_enriched,active_fraction,-0.001120892120525241,0.002849798882380128,-0.39332324266433716,0.39332324266433716,7,5
1559,11990,base_enriched,mean,-0.007372353225946426,0.018818167969584465,-0.39176785945892334,0.39176785945892334,9,5
1560,13631,base_enriched,max,-0.2437436580657959,0.6674222350120544,-0.36520159244537354,0.36520159244537354,27,5
1561,7456,base_enriched,max,-0.4314279556274414,1.187394380569458,-0.3633400797843933,0.3633400797843933,5,5
1562,11547,base_enriched,mean,-0.0051786284893751144,0.014412330463528633,-0.3593192994594574,0.3593192994594574,11,5
1563,5608,base_enriched,max,-0.1937861144542694,0.5481671690940857,-0.35351645946502686,0.35351645946502686,6,5
1564,10969,base_enriched,mean,-0.014130990952253342,0.040628883987665176,-0.34780651330947876,0.34780651330947876,10,5
1565,15238,base_enriched,mean,-0.027743183076381683,0.08143202215433121,-0.34069132804870605,0.34069132804870605,28,5
1566,6117,base_enriched,max,-0.2663121223449707,0.8019501566886902,-0.3320806324481964,0.3320806324481964,17,5
1567,779,base_enriched,mean,-0.006422398611903191,0.019797470420598984,-0.3244050145149231,0.3244050145149231,10,5
1568,5311,base_enriched,active_fraction,-0.001084404531866312,0.003349392209202051,-0.32376158237457275,0.32376158237457275,10,5
1569,8134,base_enriched,max,-0.19202518463134766,0.595597505569458,-0.32240763306617737,0.32240763306617737,10,5
1570,12508,base_enriched,mean,-0.009334366768598557,0.03090146742761135,-0.30206871032714844,0.30206871032714844,15,5
1571,1401,base_enriched,active_fraction,-0.002086787484586239,0.006943257991224527,-0.3005487322807312,0.3005487322807312,13,5
1572,361,base_enriched,mean,-0.016529902815818787,0.059008412063121796,-0.2801279127597809,0.2801279127597809,10,5
1573,15402,base_enriched,max,-0.23964333534240723,0.8590812683105469,-0.27895304560661316,0.27895304560661316,25,5
1574,14896,base_enriched,mean,-0.013004226610064507,0.048320457339286804,-0.2691246569156647,0.2691246569156647,9,5
1575,11825,base_enriched,max,-0.2451798915863037,0.9177334904670715,-0.26715806126594543,0.26715806126594543,14,5
1576,15565,base_enriched,max,-0.14187359809875488,0.5326782464981079,-0.26634013652801514,0.26634013652801514,23,5
1577,8369,base_enriched,max,-0.25533246994018555,0.9861333966255188,-0.25892284512519836,0.25892284512519836,10,5
1578,9060,base_enriched,mean,-0.007008031010627747,0.03108704276382923,-0.22543254494667053,0.22543254494667053,11,5
1579,2945,base_enriched,max,-0.251187801361084,1.1523220539093018,-0.21798402070999146,0.21798402070999146,30,5
1580,16335,base_enriched,max,-0.12456881999969482,0.5719833970069885,-0.21778397262096405,0.21778397262096405,10,5
1581,10160,base_enriched,active_fraction,-0.0005965214222669601,0.0030387898441404104,-0.19630229473114014,0.19630229473114014,10,5
1582,2646,base_enriched,active_fraction,-0.002720445394515991,0.014096380211412907,-0.19298893213272095,0.19298893213272095,16,5
1583,10392,base_enriched,max,-0.09885740280151367,0.704055905342102,-0.14041130244731903,0.14041130244731903,23,5
1584,7852,base_enriched,mean,-0.003961388021707535,0.03704306110739708,-0.10694008320569992,0.10694008320569992,19,5
1585,9135,base_enriched,active_fraction,-0.0007235519587993622,0.01334433164447546,-0.05422167107462883,0.05422167107462883,17,5
