rank,feature_id,orientation,summary,effect,null_sd,ev,abs_ev,positive_support,minimum_support
1,7692,specialized_enriched,active_fraction,0.023114755749702454,0.003918319009244442,5.899150848388672,5.899150848388672,38,5
2,10818,specialized_enriched,active_fraction,0.02738167904317379,0.004642909858375788,5.897525310516357,5.897525310516357,29,5
3,5642,specialized_enriched,active_fraction,0.18980741500854492,0.03305946663022041,5.741393566131592,5.741393566131592,50,5
4,447,specialized_enriched,active_fraction,0.02886947989463806,0.005067998077720404,5.696426868438721,5.696426868438721,50,5
5,11596,specialized_enriched,active_fraction,0.15351945161819458,0.027367938309907913,5.609463691711426,5.609463691711426,45,5
6,1017,specialized_enriched,active_fraction,0.04077887162566185,0.0072865234687924385,5.596478462219238,5.596478462219238,26,5
7,4634,specialized_enriched,active_fraction,0.0691663920879364,0.012458208948373795,5.551872730255127,5.551872730255127,41,5
8,7588,specialized_enriched,active_fraction,0.021084165200591087,0.0038826484233140945,5.430356502532959,5.430356502532959,40,5
9,3442,specialized_enriched,active_fraction,0.015886489301919937,0.002931854920461774,5.418579578399658,5.418579578399658,39,5
10,8384,specialized_enriched,mean,0.17231863737106323,0.03227431699633598,5.3391876220703125,5.3391876220703125,33,5
11,8875,specialized_enriched,active_fraction,0.03963645547628403,0.007540303748100996,5.256612777709961,5.256612777709961,31,5
12,4933,specialized_enriched,active_fraction,0.06960462033748627,0.013758494518697262,5.059028625488281,5.059028625488281,31,5
13,8142,specialized_enriched,active_fraction,0.02612922340631485,0.005201822612434626,5.02308988571167,5.02308988571167,49,5
14,3893,specialized_enriched,mean,0.17491421103477478,0.0348697267472744,5.016219615936279,5.016219615936279,33,5
15,3272,specialized_enriched,active_fraction,0.0141006950289011,0.0028383329045027494,4.967949867248535,4.967949867248535,34,5
16,9769,specialized_enriched,active_fraction,0.016280870884656906,0.0032779902685433626,4.966723442077637,4.966723442077637,31,5
17,14968,specialized_enriched,mean,0.1010281965136528,0.02047027461230755,4.935360908508301,4.935360908508301,27,5
18,1559,specialized_enriched,active_fraction,0.035506099462509155,0.007198989391326904,4.932095050811768,4.932095050811768,27,5
19,4833,specialized_enriched,active_fraction,0.012686040252447128,0.002580226631835103,4.916637897491455,4.916637897491455,33,5
20,1639,specialized_enriched,mean,0.1619056910276413,0.03297374024987221,4.910140514373779,4.910140514373779,34,5
21,9011,specialized_enriched,mean,0.2396039366722107,0.04950205609202385,4.840282440185547,4.840282440185547,45,5
22,8662,specialized_enriched,active_fraction,0.02838139981031418,0.0058706384152174,4.834465503692627,4.834465503692627,30,5
23,8220,specialized_enriched,active_fraction,0.02450154349207878,0.005073960404843092,4.828879356384277,4.828879356384277,31,5
24,15517,specialized_enriched,active_fraction,0.06033528596162796,0.012539549730718136,4.811599254608154,4.811599254608154,38,5
25,13524,specialized_enriched,mean,0.15156623721122742,0.03150860220193863,4.810312747955322,4.810312747955322,30,5
26,107,specialized_enriched,active_fraction,0.04276931285858154,0.008920682594180107,4.794399261474609,4.794399261474609,27,5
27,14765,specialized_enriched,active_fraction,0.030983179807662964,0.006472472567111254,4.7869157791137695,4.7869157791137695,45,5
28,3366,specialized_enriched,mean,0.158626526594162,0.03316274657845497,4.7832746505737305,4.7832746505737305,23,5
29,5825,specialized_enriched,active_fraction,0.03613707423210144,0.007600405719131231,4.754624366760254,4.754624366760254,27,5
30,12623,specialized_enriched,active_fraction,0.022819455713033676,0.004804094787687063,4.750000953674316,4.750000953674316,31,5
31,7486,specialized_enriched,active_fraction,0.1005023866891861,0.021235082298517227,4.732846736907959,4.732846736907959,29,5
32,15627,specialized_enriched,mean,0.18871495127677917,0.03998780995607376,4.7193121910095215,4.7193121910095215,49,5
33,12895,specialized_enriched,active_fraction,0.06221882626414299,0.013207774609327316,4.71077299118042,4.71077299118042,48,5
34,4075,specialized_enriched,mean,0.1037803441286087,0.02208186313509941,4.69980001449585,4.69980001449585,44,5
35,3060,specialized_enriched,active_fraction,0.024487975984811783,0.005211463198065758,4.6988677978515625,4.6988677978515625,47,5
36,5284,specialized_enriched,active_fraction,0.027276089414954185,0.005812238436192274,4.692871570587158,4.692871570587158,30,5
37,5862,specialized_enriched,active_fraction,0.012746334075927734,0.0027178903110325336,4.689789772033691,4.689789772033691,39,5
38,1874,specialized_enriched,active_fraction,0.01840278133749962,0.003934466280043125,4.677326202392578,4.677326202392578,50,5
39,7088,specialized_enriched,mean,0.2502223253250122,0.05358796566724777,4.669375419616699,4.669375419616699,34,5
40,121,specialized_enriched,active_fraction,0.03694358468055725,0.007926654070615768,4.660678386688232,4.660678386688232,42,5
41,3317,specialized_enriched,mean,0.13076269626617432,0.028451992198824883,4.595906734466553,4.595906734466553,26,5
42,2144,specialized_enriched,mean,0.1437450349330902,0.031384728848934174,4.580094814300537,4.580094814300537,17,5
43,4043,specialized_enriched,active_fraction,0.018304307013750076,0.004024391993880272,4.548340797424316,4.548340797424316,26,5
44,15095,specialized_enriched,mean,0.156399205327034,0.03455661982297897,4.525882720947266,4.525882720947266,43,5
45,14186,specialized_enriched,active_fraction,0.026748981326818466,0.0059143416583538055,4.522731781005859,4.522731781005859,28,5
46,15533,specialized_enriched,active_fraction,0.03505847975611687,0.007841136306524277,4.471096992492676,4.471096992492676,48,5
47,13220,specialized_enriched,active_fraction,0.03355750814080238,0.007506287191063166,4.470586776733398,4.470586776733398,38,5
48,3085,specialized_enriched,active_fraction,0.05617980659008026,0.01262614130973816,4.449483394622803,4.449483394622803,27,5
49,11375,specialized_enriched,active_fraction,0.005368718411773443,0.001207336550578475,4.4467453956604,4.4467453956604,18,5
50,2774,specialized_enriched,mean,0.13254937529563904,0.02989654242992401,4.433602333068848,4.433602333068848,26,5
51,15789,specialized_enriched,active_fraction,0.009051337838172913,0.002042589243501425,4.431305885314941,4.431305885314941,25,5
52,414,specialized_enriched,mean,0.16954754292964935,0.038437370210886,4.411007881164551,4.411007881164551,34,5
53,8070,specialized_enriched,mean,0.2048836648464203,0.046505581587553024,4.405571460723877,4.405571460723877,44,5
54,10749,specialized_enriched,mean,0.2145962417125702,0.049000464379787445,4.379473686218262,4.379473686218262,47,5
55,7126,specialized_enriched,active_fraction,0.05661557614803314,0.012927953153848648,4.37931489944458,4.37931489944458,50,5
56,1231,specialized_enriched,mean,0.49864548444747925,0.11444360017776489,4.357128620147705,4.357128620147705,50,5
57,7403,specialized_enriched,active_fraction,0.05514336749911308,0.0126769058406353,4.349907398223877,4.349907398223877,31,5
58,11316,specialized_enriched,active_fraction,0.014099354855716228,0.003256751922890544,4.329268932342529,4.329268932342529,24,5
59,15559,specialized_enriched,active_fraction,0.030908076092600822,0.007148283068090677,4.323846340179443,4.323846340179443,40,5
60,4253,specialized_enriched,active_fraction,0.031876340508461,0.0073967683129012585,4.309495449066162,4.309495449066162,27,5
61,5782,specialized_enriched,active_fraction,0.013187197968363762,0.003074062755331397,4.289827346801758,4.289827346801758,31,5
62,12745,specialized_enriched,active_fraction,0.030084257945418358,0.007013100665062666,4.289722919464111,4.289722919464111,24,5
63,15433,specialized_enriched,active_fraction,0.005774933844804764,0.001358980662189424,4.249459743499756,4.249459743499756,23,5
64,5886,specialized_enriched,active_fraction,0.10474599152803421,0.024655861780047417,4.24832010269165,4.24832010269165,26,5
65,13768,specialized_enriched,active_fraction,0.017809372395277023,0.004206320736557245,4.233954906463623,4.233954906463623,48,5
66,12253,specialized_enriched,active_fraction,0.013460049405694008,0.0031858556903898716,4.224940299987793,4.224940299987793,34,5
67,13839,specialized_enriched,active_fraction,0.028152039274573326,0.006670531816780567,4.220358848571777,4.220358848571777,29,5
68,11558,specialized_enriched,active_fraction,0.019092954695224762,0.004529028199613094,4.21568489074707,4.21568489074707,39,5
69,12785,specialized_enriched,active_fraction,0.030058644711971283,0.007142201066017151,4.208596706390381,4.208596706390381,25,5
70,4620,specialized_enriched,active_fraction,0.007491804659366608,0.0017827440751716495,4.2024006843566895,4.2024006843566895,21,5
71,16019,specialized_enriched,active_fraction,0.02856987528502941,0.006817989517003298,4.190366744995117,4.190366744995117,27,5
72,6537,specialized_enriched,active_fraction,0.02360091358423233,0.0056518679484725,4.175772190093994,4.175772190093994,24,5
73,13177,specialized_enriched,active_fraction,0.01776694878935814,0.004278864711523056,4.152257442474365,4.152257442474365,19,5
74,528,specialized_enriched,mean,0.11569124460220337,0.02788144163787365,4.149399757385254,4.149399757385254,50,5
75,13354,specialized_enriched,active_fraction,0.015837617218494415,0.00384847866371274,4.115293025970459,4.115293025970459,32,5
76,12555,specialized_enriched,mean,0.20514559745788574,0.049897074699401855,4.111375331878662,4.111375331878662,29,5
77,13013,specialized_enriched,mean,0.038757383823394775,0.009448155760765076,4.102110862731934,4.102110862731934,20,5
78,5498,specialized_enriched,active_fraction,0.023117076605558395,0.005639443639665842,4.09917688369751,4.09917688369751,35,5
79,7502,specialized_enriched,active_fraction,0.007836321368813515,0.0019170768791809678,4.087640762329102,4.087640762329102,23,5
80,8732,specialized_enriched,active_fraction,0.07271081209182739,0.017827875912189484,4.078489780426025,4.078489780426025,36,5
81,2028,specialized_enriched,active_fraction,0.0156627856194973,0.0038517380598932505,4.066420078277588,4.066420078277588,26,5
82,2213,specialized_enriched,mean,0.10860155522823334,0.026736972853541374,4.061849117279053,4.061849117279053,19,5
83,4966,specialized_enriched,mean,0.17559027671813965,0.04325394332408905,4.059520721435547,4.059520721435547,25,5
84,12534,specialized_enriched,active_fraction,0.023786790668964386,0.005874187685549259,4.049375534057617,4.049375534057617,32,5
85,8448,specialized_enriched,active_fraction,0.0065415543504059315,0.001616238267160952,4.047394752502441,4.047394752502441,10,5
86,5536,specialized_enriched,active_fraction,0.024857521057128906,0.006169311236590147,4.029221534729004,4.029221534729004,28,5
87,10262,specialized_enriched,active_fraction,0.030153915286064148,0.0074853114783763885,4.028411388397217,4.028411388397217,43,5
88,4309,specialized_enriched,active_fraction,0.01776561513543129,0.004410336259752512,4.028176784515381,4.028176784515381,44,5
89,168,specialized_enriched,active_fraction,0.021029962226748466,0.005229175556451082,4.0216593742370605,4.0216593742370605,43,5
90,1698,specialized_enriched,active_fraction,0.05630021169781685,0.01403506938368082,4.011395454406738,4.011395454406738,22,5
91,11572,specialized_enriched,active_fraction,0.043763648718595505,0.010957962833344936,3.9937760829925537,3.9937760829925537,41,5
92,3225,specialized_enriched,active_fraction,0.031266868114471436,0.007830159738659859,3.9931328296661377,3.9931328296661377,39,5
93,12044,specialized_enriched,active_fraction,0.03142932057380676,0.007881054654717445,3.9879586696624756,3.9879586696624756,45,5
94,2258,specialized_enriched,mean,0.17895452678203583,0.0449230894446373,3.9835755825042725,3.9835755825042725,44,5
95,13173,specialized_enriched,active_fraction,0.03997249901294708,0.010035517625510693,3.983102798461914,3.983102798461914,35,5
96,13426,specialized_enriched,active_fraction,0.021152906119823456,0.005312659312039614,3.9816040992736816,3.9816040992736816,25,5
97,7581,specialized_enriched,active_fraction,0.03437110781669617,0.008648484013974667,3.9742350578308105,3.9742350578308105,45,5
98,4173,specialized_enriched,active_fraction,0.018902068957686424,0.004756428766995668,3.9740045070648193,3.9740045070648193,41,5
99,14409,specialized_enriched,active_fraction,0.024762194603681564,0.006246351171284914,3.9642655849456787,3.9642655849456787,42,5
100,10678,specialized_enriched,active_fraction,0.018579769879579544,0.004695899784564972,3.956594228744507,3.956594228744507,10,5
101,13577,specialized_enriched,mean,0.08485238254070282,0.02159665711224079,3.9289591312408447,3.9289591312408447,14,5
102,8088,specialized_enriched,active_fraction,0.05043775588274002,0.012848368845880032,3.9256155490875244,3.9256155490875244,27,5
103,12673,specialized_enriched,active_fraction,0.015343280509114265,0.003917697351425886,3.916402816772461,3.916402816772461,44,5
104,15602,specialized_enriched,active_fraction,0.03678302466869354,0.009396443143486977,3.9145689010620117,3.9145689010620117,48,5
105,386,specialized_enriched,active_fraction,0.010280883871018887,0.0026448487769812346,3.8871347904205322,3.8871347904205322,40,5
106,15423,specialized_enriched,mean,0.12190934270620346,0.031400397419929504,3.8824141025543213,3.8824141025543213,34,5
107,8194,specialized_enriched,active_fraction,0.02855244092643261,0.007376153487712145,3.8709120750427246,3.8709120750427246,36,5
108,2228,specialized_enriched,active_fraction,0.07544878125190735,0.019497914239764214,3.869582176208496,3.869582176208496,47,5
109,9284,specialized_enriched,mean,0.06930322200059891,0.017937378957867622,3.8636202812194824,3.8636202812194824,10,5
110,5497,specialized_enriched,active_fraction,0.023023076355457306,0.005975014995783567,3.853224754333496,3.853224754333496,22,5
111,9849,specialized_enriched,active_fraction,0.015989964827895164,0.004156775306910276,3.8467233180999756,3.8467233180999756,40,5
112,538,specialized_enriched,active_fraction,0.05239381641149521,0.013624210841953754,3.8456404209136963,3.8456404209136963,48,5
113,9311,specialized_enriched,active_fraction,0.016492310911417007,0.004295999649912119,3.8389925956726074,3.8389925956726074,29,5
114,6710,specialized_enriched,mean,0.14343006908893585,0.037425313144922256,3.83243465423584,3.83243465423584,33,5
115,974,specialized_enriched,active_fraction,0.013335770927369595,0.0034992832224816084,3.8110008239746094,3.8110008239746094,24,5
116,13231,specialized_enriched,mean,0.16043442487716675,0.04227684438228607,3.794853448867798,3.794853448867798,24,5
117,1385,specialized_enriched,active_fraction,0.017743999138474464,0.004679621662944555,3.7917592525482178,3.7917592525482178,43,5
118,3037,specialized_enriched,mean,0.20779243111610413,0.05481138825416565,3.7910449504852295,3.7910449504852295,36,5
119,4471,specialized_enriched,active_fraction,0.04380732402205467,0.011580153368413448,3.782965898513794,3.782965898513794,29,5
120,9425,specialized_enriched,mean,0.14907518029212952,0.03943610191345215,3.780170202255249,3.780170202255249,37,5
121,14570,specialized_enriched,active_fraction,0.014787919819355011,0.003916141577064991,3.7761454582214355,3.7761454582214355,20,5
122,4740,specialized_enriched,mean,0.13749489188194275,0.036417827010154724,3.7754831314086914,3.7754831314086914,47,5
123,6739,specialized_enriched,active_fraction,0.010887511074543,0.002886940957978368,3.771296739578247,3.771296739578247,13,5
124,13081,specialized_enriched,active_fraction,0.024900056421756744,0.006607990246266127,3.768173933029175,3.768173933029175,20,5
125,6415,specialized_enriched,active_fraction,0.027496393769979477,0.0073113213293254375,3.7607967853546143,3.7607967853546143,25,5
126,13289,specialized_enriched,active_fraction,0.010102313943207264,0.0026883804239332676,3.7577695846557617,3.7577695846557617,24,5
127,11549,specialized_enriched,active_fraction,0.014425452798604965,0.0038458772469311953,3.750887393951416,3.750887393951416,19,5
128,12504,specialized_enriched,active_fraction,0.00900675356388092,0.0024028692860156298,3.7483327388763428,3.7483327388763428,25,5
129,3507,specialized_enriched,active_fraction,0.009512756019830704,0.0025414491537958384,3.743043899536133,3.743043899536133,20,5
130,7744,specialized_enriched,mean,0.16120833158493042,0.043336376547813416,3.719931125640869,3.719931125640869,48,5
131,15364,specialized_enriched,mean,0.12599435448646545,0.033874548971652985,3.71943998336792,3.71943998336792,16,5
132,14859,specialized_enriched,active_fraction,0.05901277810335159,0.01587620936334133,3.717057228088379,3.717057228088379,44,5
133,6005,specialized_enriched,mean,0.08074688166379929,0.021737875416874886,3.714570999145508,3.714570999145508,34,5
134,10331,specialized_enriched,active_fraction,0.02958906628191471,0.007983241230249405,3.706397533416748,3.706397533416748,32,5
135,9577,specialized_enriched,active_fraction,0.05887452885508537,0.01590336114168167,3.7020180225372314,3.7020180225372314,46,5
136,13127,specialized_enriched,mean,0.28301775455474854,0.07650593668222427,3.699291467666626,3.699291467666626,29,5
137,13913,specialized_enriched,active_fraction,0.023060081526637077,0.00623484468087554,3.6985814571380615,3.6985814571380615,22,5
138,4614,specialized_enriched,mean,0.12520821392536163,0.033891454339027405,3.6943888664245605,3.6943888664245605,45,5
139,10430,specialized_enriched,active_fraction,0.020846514031291008,0.005643876735121012,3.6936514377593994,3.6936514377593994,15,5
140,970,specialized_enriched,active_fraction,0.03887002170085907,0.010523959994316101,3.693478584289551,3.693478584289551,44,5
141,12121,specialized_enriched,mean,0.49504798650741577,0.13412073254585266,3.6910624504089355,3.6910624504089355,17,5
142,10980,specialized_enriched,active_fraction,0.01290004700422287,0.0035004005767405033,3.6853058338165283,3.6853058338165283,37,5
143,11369,specialized_enriched,active_fraction,0.015612547285854816,0.004243551753461361,3.6791226863861084,3.6791226863861084,16,5
144,7051,specialized_enriched,active_fraction,0.04445502534508705,0.012090573087334633,3.6768336296081543,3.6768336296081543,37,5
145,3360,specialized_enriched,active_fraction,0.02200840786099434,0.005988536402583122,3.6750895977020264,3.6750895977020264,23,5
146,6388,specialized_enriched,active_fraction,0.025748837739229202,0.007019118405878544,3.668386220932007,3.668386220932007,44,5
147,5568,specialized_enriched,mean,0.1612873375415802,0.04408453404903412,3.6585922241210938,3.6585922241210938,21,5
148,12790,specialized_enriched,active_fraction,0.009789159521460533,0.0026797051541507244,3.653073310852051,3.653073310852051,12,5
149,2326,specialized_enriched,mean,0.19002433121204376,0.052071694284677505,3.649282693862915,3.649282693862915,28,5
150,12614,specialized_enriched,active_fraction,0.003562986385077238,0.000978010823018849,3.643095016479492,3.643095016479492,10,5
151,11128,specialized_enriched,mean,0.08295289427042007,0.02278793230652809,3.640211582183838,3.640211582183838,36,5
152,5584,specialized_enriched,mean,0.14233547449111938,0.03914839029312134,3.635793685913086,3.635793685913086,48,5
153,945,specialized_enriched,active_fraction,0.053793299943208694,0.014811506494879723,3.6318588256835938,3.6318588256835938,21,5
154,12893,specialized_enriched,mean,0.10048917680978775,0.0277485940605402,3.621415138244629,3.621415138244629,12,5
155,14008,specialized_enriched,active_fraction,0.024248266592621803,0.006702442187815905,3.617825508117676,3.617825508117676,33,5
156,3136,specialized_enriched,mean,0.14975816011428833,0.04139626398682594,3.617673397064209,3.617673397064209,25,5
157,4534,specialized_enriched,active_fraction,0.02516316995024681,0.006970633752644062,3.6098825931549072,3.6098825931549072,42,5
158,4180,specialized_enriched,active_fraction,0.03361237794160843,0.009315886534750462,3.6080708503723145,3.6080708503723145,20,5
159,7531,specialized_enriched,active_fraction,0.0248823594301939,0.006898867432028055,3.6067311763763428,3.6067311763763428,31,5
160,6389,specialized_enriched,active_fraction,0.0283693578094244,0.007872252725064754,3.603715419769287,3.603715419769287,33,5
161,2286,specialized_enriched,active_fraction,0.044794321060180664,0.012442369945347309,3.6001439094543457,3.6001439094543457,42,5
162,5935,specialized_enriched,active_fraction,0.016562364995479584,0.004601928871124983,3.5990049839019775,3.5990049839019775,37,5
163,3078,specialized_enriched,mean,0.09393027424812317,0.02611262910068035,3.597120523452759,3.597120523452759,38,5
164,12083,specialized_enriched,mean,0.05307263880968094,0.014767813496291637,3.5938048362731934,3.5938048362731934,13,5
165,11760,specialized_enriched,mean,0.12772874534130096,0.03555364906787872,3.5925636291503906,3.5925636291503906,28,5
166,5819,specialized_enriched,mean,0.10227715969085693,0.028521232306957245,3.586000680923462,3.586000680923462,50,5
167,6300,specialized_enriched,active_fraction,0.028025459498167038,0.007844280451536179,3.572725296020508,3.572725296020508,33,5
168,10269,specialized_enriched,active_fraction,0.014467926695942879,0.004057379439473152,3.5658302307128906,3.5658302307128906,22,5
169,13762,specialized_enriched,active_fraction,0.012316273525357246,0.003457136917859316,3.5625646114349365,3.5625646114349365,23,5
170,7710,specialized_enriched,active_fraction,0.019809573888778687,0.00558186462149024,3.548916816711426,3.548916816711426,27,5
171,10381,specialized_enriched,active_fraction,0.017578482627868652,0.004962542559951544,3.5422332286834717,3.5422332286834717,42,5
172,894,specialized_enriched,mean,0.1308446079492569,0.03697903826832771,3.5383453369140625,3.5383453369140625,44,5
173,9237,specialized_enriched,active_fraction,0.028016773983836174,0.007936293259263039,3.5302090644836426,3.5302090644836426,36,5
174,10278,specialized_enriched,active_fraction,0.020053235813975334,0.0056809792295098305,3.529890775680542,3.529890775680542,38,5
175,585,specialized_enriched,active_fraction,0.025309324264526367,0.007181358523666859,3.524308681488037,3.524308681488037,32,5
176,13934,specialized_enriched,active_fraction,0.09151652455329895,0.025997111573815346,3.5202574729919434,3.5202574729919434,50,5
177,12669,specialized_enriched,active_fraction,0.013528766110539436,0.003848377149552107,3.5154471397399902,3.5154471397399902,35,5
178,13746,specialized_enriched,mean,0.08189666271209717,0.02335491217672825,3.5066139698028564,3.5066139698028564,48,5
179,1549,specialized_enriched,active_fraction,0.010558400303125381,0.0030117398127913475,3.5057477951049805,3.5057477951049805,31,5
180,7354,specialized_enriched,mean,0.10939586162567139,0.031233200803399086,3.5025503635406494,3.5025503635406494,42,5
181,14674,specialized_enriched,active_fraction,0.01129528321325779,0.003228208050131798,3.4989328384399414,3.4989328384399414,18,5
182,10688,specialized_enriched,active_fraction,0.019177820533514023,0.005486424546688795,3.495504379272461,3.495504379272461,37,5
183,12766,specialized_enriched,active_fraction,0.018749216571450233,0.00536544481292367,3.494438409805298,3.494438409805298,39,5
184,10369,specialized_enriched,active_fraction,0.03220072761178017,0.009219091385602951,3.492830991744995,3.492830991744995,17,5
185,14997,specialized_enriched,active_fraction,0.03294270485639572,0.009433850646018982,3.4919679164886475,3.4919679164886475,37,5
186,5044,specialized_enriched,mean,0.0798778384923935,0.022877614945173264,3.491528272628784,3.491528272628784,44,5
187,11618,specialized_enriched,active_fraction,0.03220369294285774,0.009249924682080746,3.481508731842041,3.481508731842041,46,5
188,7893,specialized_enriched,mean,0.09160755574703217,0.02636726200580597,3.4742915630340576,3.4742915630340576,29,5
189,8068,specialized_enriched,mean,0.09366247802972794,0.026970546692609787,3.472769021987915,3.472769021987915,13,5
190,3405,specialized_enriched,active_fraction,0.021520450711250305,0.006197430193424225,3.472479820251465,3.472479820251465,28,5
191,1083,specialized_enriched,mean,0.13745851814746857,0.03961231932044029,3.470095157623291,3.470095157623291,41,5
192,15164,specialized_enriched,active_fraction,0.012103642337024212,0.0034900764003396034,3.4680163860321045,3.4680163860321045,21,5
193,7966,specialized_enriched,active_fraction,0.03611455112695694,0.01042780838906765,3.4632925987243652,3.4632925987243652,49,5
194,13369,specialized_enriched,active_fraction,0.012750653550028801,0.0036826161667704582,3.4623899459838867,3.4623899459838867,17,5
195,10219,specialized_enriched,mean,0.10817861557006836,0.03126845508813858,3.459672451019287,3.459672451019287,42,5
196,3718,specialized_enriched,mean,0.1087724044919014,0.03144713118672371,3.458897590637207,3.458897590637207,28,5
197,11279,specialized_enriched,active_fraction,0.01856030523777008,0.00537501135841012,3.4530727863311768,3.4530727863311768,20,5
198,13215,specialized_enriched,active_fraction,0.01820296049118042,0.00528276152908802,3.445728302001953,3.445728302001953,40,5
199,9812,specialized_enriched,mean,0.09486456960439682,0.027564628049731255,3.441532611846924,3.441532611846924,40,5
200,6100,specialized_enriched,active_fraction,0.038241658359766006,0.011146445758640766,3.4308388233184814,3.4308388233184814,20,5
201,15481,specialized_enriched,mean,0.1353602409362793,0.03946901857852936,3.4295315742492676,3.4295315742492676,18,5
202,2792,specialized_enriched,mean,0.2567324638366699,0.0748673751950264,3.4291634559631348,3.4291634559631348,16,5
203,2968,specialized_enriched,mean,0.10199551284313202,0.029760228469967842,3.4272422790527344,3.4272422790527344,19,5
204,8346,specialized_enriched,active_fraction,0.01137014850974083,0.0033256083261221647,3.4189679622650146,3.4189679622650146,37,5
205,10315,specialized_enriched,active_fraction,0.024923650547862053,0.007307509891688824,3.4106900691986084,3.4106900691986084,28,5
206,1345,specialized_enriched,mean,0.17715734243392944,0.05210186168551445,3.4002113342285156,3.4002113342285156,17,5
207,1840,specialized_enriched,active_fraction,0.02073550969362259,0.006099514663219452,3.3995344638824463,3.3995344638824463,45,5
208,6938,specialized_enriched,active_fraction,0.06714048981666565,0.019762322306632996,3.3973987102508545,3.3973987102508545,27,5
209,1651,specialized_enriched,mean,0.18425598740577698,0.05431248992681503,3.3925158977508545,3.3925158977508545,48,5
210,4136,specialized_enriched,active_fraction,0.03242138773202896,0.009560145437717438,3.3913068771362305,3.3913068771362305,33,5
211,5411,specialized_enriched,mean,1.0907764434814453,0.3218516409397125,3.389065980911255,3.389065980911255,50,5
212,6983,specialized_enriched,active_fraction,0.029867177829146385,0.008822614327073097,3.385298013687134,3.385298013687134,24,5
213,12154,specialized_enriched,mean,0.08624608814716339,0.025484245270490646,3.3842904567718506,3.3842904567718506,17,5
214,59,specialized_enriched,active_fraction,0.02162107639014721,0.006399654317647219,3.3784756660461426,3.3784756660461426,33,5
215,12697,specialized_enriched,active_fraction,0.019080668687820435,0.0056484155356884,3.378056764602661,3.378056764602661,48,5
216,9299,specialized_enriched,mean,0.12391272932291031,0.03670244291424751,3.3761439323425293,3.3761439323425293,17,5
217,4092,specialized_enriched,mean,0.14334101974964142,0.04246889799833298,3.375199794769287,3.375199794769287,22,5
218,16156,specialized_enriched,active_fraction,0.02227671816945076,0.006604568567126989,3.3729255199432373,3.3729255199432373,25,5
219,14636,specialized_enriched,active_fraction,0.011852259747684002,0.003514289390295744,3.3725907802581787,3.3725907802581787,32,5
220,2359,specialized_enriched,mean,0.12299422919750214,0.03656512871384621,3.3637027740478516,3.3637027740478516,28,5
221,8717,specialized_enriched,mean,0.10014872252941132,0.029875563457608223,3.3521952629089355,3.3521952629089355,15,5
222,9452,specialized_enriched,active_fraction,0.0092068612575531,0.0027486032340675592,3.3496508598327637,3.3496508598327637,20,5
223,9419,specialized_enriched,active_fraction,0.014831539243459702,0.004457155708223581,3.3275792598724365,3.3275792598724365,38,5
224,11057,specialized_enriched,mean,0.14121252298355103,0.04246353358030319,3.325500965118408,3.325500965118408,20,5
225,8483,specialized_enriched,active_fraction,0.016578098759055138,0.004985847044736147,3.3250315189361572,3.3250315189361572,28,5
226,13428,specialized_enriched,mean,0.848395586013794,0.25575360655784607,3.3172380924224854,3.3172380924224854,49,5
227,11280,specialized_enriched,active_fraction,0.012372448109090328,0.0037331280764192343,3.3142309188842773,3.3142309188842773,27,5
228,7731,specialized_enriched,active_fraction,0.015187859535217285,0.004588820040225983,3.3097527027130127,3.3097527027130127,42,5
229,4099,specialized_enriched,mean,0.21359896659851074,0.0645439550280571,3.309356689453125,3.309356689453125,32,5
230,12264,specialized_enriched,mean,0.0697886198759079,0.021141311153769493,3.3010544776916504,3.3010544776916504,16,5
231,6432,specialized_enriched,active_fraction,0.01813114434480667,0.005501128733158112,3.2958953380584717,3.2958953380584717,28,5
232,5974,specialized_enriched,active_fraction,0.03802531957626343,0.011542489752173424,3.294377565383911,3.294377565383911,43,5
233,1214,specialized_enriched,mean,0.11175897717475891,0.033977001905441284,3.2892537117004395,3.2892537117004395,39,5
234,14969,specialized_enriched,active_fraction,0.015352530404925346,0.004676934331655502,3.2826054096221924,3.2826054096221924,41,5
235,1472,specialized_enriched,mean,0.11534969508647919,0.03515314310789108,3.2813479900360107,3.2813479900360107,49,5
236,10283,specialized_enriched,mean,0.1362510621547699,0.04152882099151611,3.280879497528076,3.280879497528076,41,5
237,5336,specialized_enriched,active_fraction,0.030924662947654724,0.00943621527403593,3.2772316932678223,3.2772316932678223,44,5
238,12408,specialized_enriched,mean,0.17391186952590942,0.05309974029660225,3.2751924991607666,3.2751924991607666,18,5
239,14359,specialized_enriched,active_fraction,0.022147249430418015,0.006763767916709185,3.274395227432251,3.274395227432251,45,5
240,11845,specialized_enriched,active_fraction,0.009079666808247566,0.0027761277742683887,3.270622730255127,3.270622730255127,25,5
241,16154,specialized_enriched,active_fraction,0.024506960064172745,0.007498844992369413,3.2680978775024414,3.2680978775024414,46,5
242,6865,specialized_enriched,active_fraction,0.04018735885620117,0.012323056347668171,3.2611520290374756,3.2611520290374756,48,5
243,6868,specialized_enriched,active_fraction,0.013976460322737694,0.004288919270038605,3.258737087249756,3.258737087249756,31,5
244,7133,specialized_enriched,active_fraction,0.02183678187429905,0.006704791449010372,3.256891965866089,3.256891965866089,24,5
245,8658,specialized_enriched,active_fraction,0.036427754908800125,0.011185468174517155,3.2567036151885986,3.2567036151885986,29,5
246,4272,specialized_enriched,active_fraction,0.009592849761247635,0.002948404522612691,3.253573179244995,3.253573179244995,19,5
247,7982,specialized_enriched,active_fraction,0.020877497270703316,0.00643756752833724,3.243072271347046,3.243072271347046,22,5
248,14851,specialized_enriched,active_fraction,0.021319996565580368,0.00658072903752327,3.2397620677948,3.2397620677948,19,5
249,3072,specialized_enriched,mean,0.06493693590164185,0.02004828117787838,3.239027500152588,3.239027500152588,13,5
250,565,specialized_enriched,mean,0.0670178234577179,0.020691756159067154,3.238865852355957,3.238865852355957,45,5
251,2994,specialized_enriched,mean,0.14412406086921692,0.04451943561434746,3.2373290061950684,3.2373290061950684,31,5
252,10549,specialized_enriched,active_fraction,0.05587295442819595,0.017264429479837418,3.236304759979248,3.236304759979248,43,5
253,1367,specialized_enriched,active_fraction,0.012736376374959946,0.003942583687603474,3.230464458465576,3.230464458465576,26,5
254,4150,specialized_enriched,mean,0.09132557362318039,0.02828686125576496,3.228550910949707,3.228550910949707,30,5
255,954,specialized_enriched,active_fraction,0.015957465395331383,0.004947334993630648,3.2254669666290283,3.2254669666290283,39,5
256,11368,specialized_enriched,mean,0.1243518590927124,0.03861395642161369,3.220386266708374,3.220386266708374,21,5
257,4590,specialized_enriched,active_fraction,0.013422323390841484,0.004178296774625778,3.2123911380767822,3.2123911380767822,33,5
258,7443,specialized_enriched,active_fraction,0.020911701023578644,0.0065118251368403435,3.2113425731658936,3.2113425731658936,25,5
259,10417,specialized_enriched,active_fraction,0.017632700502872467,0.0054916637018322945,3.2108120918273926,3.2108120918273926,44,5
260,12573,specialized_enriched,active_fraction,0.02511570230126381,0.007825045846402645,3.209655523300171,3.209655523300171,48,5
261,811,specialized_enriched,active_fraction,0.01824379712343216,0.005689402110874653,3.2066280841827393,3.2066280841827393,23,5
262,12589,specialized_enriched,mean,0.1149776428937912,0.035950854420661926,3.1981894969940186,3.1981894969940186,13,5
263,3907,specialized_enriched,mean,0.19832351803779602,0.06210898980498314,3.193153142929077,3.193153142929077,15,5
264,14928,specialized_enriched,active_fraction,0.014383113011717796,0.004504599142819643,3.192984104156494,3.192984104156494,34,5
265,1755,specialized_enriched,active_fraction,0.00925062969326973,0.0028979280032217503,3.192152976989746,3.192152976989746,16,5
266,15945,specialized_enriched,mean,0.07774414867162704,0.02441558614373207,3.184201717376709,3.184201717376709,25,5
267,6339,specialized_enriched,mean,0.19623656570911407,0.06165786460042,3.182668924331665,3.182668924331665,15,5
268,12722,specialized_enriched,active_fraction,0.006781900767236948,0.002132024150341749,3.1809680461883545,3.1809680461883545,15,5
269,1924,specialized_enriched,active_fraction,0.03340214490890503,0.010508006438612938,3.1787328720092773,3.1787328720092773,35,5
270,10581,specialized_enriched,mean,0.12734383344650269,0.040083155035972595,3.1769912242889404,3.1769912242889404,15,5
271,7469,specialized_enriched,mean,0.15372151136398315,0.048429228365421295,3.174147367477417,3.174147367477417,19,5
272,7000,specialized_enriched,mean,0.17333537340164185,0.05466834828257561,3.1706714630126953,3.1706714630126953,47,5
273,10307,specialized_enriched,mean,0.2508394420146942,0.07938137650489807,3.1599280834198,3.1599280834198,17,5
274,8944,specialized_enriched,mean,0.14747455716133118,0.04670855030417442,3.1573352813720703,3.1573352813720703,47,5
275,12271,specialized_enriched,active_fraction,0.018098313361406326,0.00575515441596508,3.144713878631592,3.144713878631592,42,5
276,6882,specialized_enriched,active_fraction,0.052885495126247406,0.016823433339595795,3.143561363220215,3.143561363220215,40,5
277,4289,specialized_enriched,mean,0.1248536929488182,0.039726048707962036,3.142867088317871,3.142867088317871,29,5
278,8028,specialized_enriched,active_fraction,0.009253164753317833,0.0029443081002682447,3.1427297592163086,3.1427297592163086,26,5
279,10946,specialized_enriched,mean,0.2580128610134125,0.08217208087444305,3.139909029006958,3.139909029006958,42,5
280,1060,specialized_enriched,mean,0.05254721641540527,0.016736233606934547,3.1397275924682617,3.1397275924682617,42,5
281,3618,specialized_enriched,active_fraction,0.019090861082077026,0.006082465406507254,3.138671636581421,3.138671636581421,47,5
282,27,specialized_enriched,active_fraction,0.025836842134594917,0.008240473456680775,3.135359048843384,3.135359048843384,26,5
283,3796,specialized_enriched,mean,0.1432226151227951,0.04569542780518532,3.1342875957489014,3.1342875957489014,23,5
284,3574,specialized_enriched,active_fraction,0.02799231931567192,0.008953121490776539,3.1265430450439453,3.1265430450439453,39,5
285,10254,specialized_enriched,active_fraction,0.01627374067902565,0.005205843597650528,3.1260526180267334,3.1260526180267334,28,5
286,5582,specialized_enriched,active_fraction,0.030410978943109512,0.009728292934596539,3.1260344982147217,3.1260344982147217,21,5
287,14950,specialized_enriched,active_fraction,0.03937048837542534,0.012610532343387604,3.1220321655273438,3.1220321655273438,32,5
288,5226,specialized_enriched,active_fraction,0.019033299759030342,0.0060977996326982975,3.1213390827178955,3.1213390827178955,23,5
289,6422,specialized_enriched,active_fraction,0.03002786636352539,0.009627866558730602,3.118849515914917,3.118849515914917,37,5
290,13844,specialized_enriched,active_fraction,0.03215888887643814,0.010320325382053852,3.1160731315612793,3.1160731315612793,28,5
291,13175,specialized_enriched,active_fraction,0.038680873811244965,0.01241565402597189,3.115492343902588,3.115492343902588,32,5
292,7097,specialized_enriched,active_fraction,0.07990339398384094,0.025716785341501236,3.1070520877838135,3.1070520877838135,47,5
293,3664,specialized_enriched,mean,0.075059674680233,0.024194050580263138,3.1024022102355957,3.1024022102355957,41,5
294,14832,specialized_enriched,active_fraction,0.022126272320747375,0.007141064386814833,3.0984559059143066,3.0984559059143066,43,5
295,5957,specialized_enriched,active_fraction,0.012948170304298401,0.004179871175438166,3.0977437496185303,3.0977437496185303,25,5
296,1110,specialized_enriched,active_fraction,0.03277577459812164,0.01060046348720789,3.0919189453125,3.0919189453125,35,5
297,9194,specialized_enriched,active_fraction,0.030213652178645134,0.00978044606745243,3.0891895294189453,3.0891895294189453,21,5
298,11304,specialized_enriched,max,1.2039419412612915,0.3900655508041382,3.0865118503570557,3.0865118503570557,11,5
299,15467,specialized_enriched,active_fraction,0.018122892826795578,0.005876473616808653,3.0839741230010986,3.0839741230010986,12,5
300,5006,specialized_enriched,active_fraction,0.00759051414206624,0.0024685829412192106,3.0748467445373535,3.0748467445373535,19,5
301,4506,specialized_enriched,active_fraction,0.011825374327600002,0.0038667109329253435,3.05825138092041,3.05825138092041,18,5
302,4436,specialized_enriched,active_fraction,0.009872066788375378,0.003234259784221649,3.052341938018799,3.052341938018799,16,5
303,2969,specialized_enriched,active_fraction,0.015764232724905014,0.005181874148547649,3.042187452316284,3.042187452316284,28,5
304,5626,specialized_enriched,active_fraction,0.01659156195819378,0.005455126985907555,3.0414621829986572,3.0414621829986572,37,5
305,11269,specialized_enriched,mean,0.14587849378585815,0.04797883704304695,3.040475845336914,3.040475845336914,17,5
306,11772,specialized_enriched,mean,0.10888379067182541,0.03581707552075386,3.03999662399292,3.03999662399292,28,5
307,3258,specialized_enriched,active_fraction,0.005580279976129532,0.001835918053984642,3.039503812789917,3.039503812789917,20,5
308,1808,specialized_enriched,mean,0.26453301310539246,0.08712676167488098,3.0361855030059814,3.0361855030059814,36,5
309,6572,specialized_enriched,mean,0.27506184577941895,0.09069879353046417,3.032695770263672,3.032695770263672,35,5
310,13416,specialized_enriched,active_fraction,0.055392906069755554,0.01831112802028656,3.025095224380493,3.025095224380493,36,5
311,9104,specialized_enriched,active_fraction,0.012194204144179821,0.004045940935611725,3.0139353275299072,3.0139353275299072,20,5
312,15432,specialized_enriched,active_fraction,0.029479652643203735,0.00978393666446209,3.013066530227661,3.013066530227661,32,5
313,1101,specialized_enriched,active_fraction,0.019015304744243622,0.006313179153949022,3.0120015144348145,3.0120015144348145,25,5
314,7818,specialized_enriched,mean,0.15777797996997833,0.052400361746549606,3.011009454727173,3.011009454727173,13,5
315,9353,specialized_enriched,active_fraction,0.06650777161121368,0.022091833874583244,3.0105137825012207,3.0105137825012207,46,5
316,2156,specialized_enriched,mean,0.11407675594091415,0.0379890576004982,3.00288462638855,3.00288462638855,12,5
317,10460,specialized_enriched,active_fraction,0.01202479563653469,0.004006486851722002,3.0013315677642822,3.0013315677642822,19,5
318,10120,specialized_enriched,mean,0.23464706540107727,0.07818847894668579,3.0010440349578857,3.0010440349578857,15,5
319,11365,specialized_enriched,active_fraction,0.02589235082268715,0.008640360087156296,2.9966750144958496,2.9966750144958496,24,5
320,2446,specialized_enriched,active_fraction,0.02717360481619835,0.009071294218301773,2.9955599308013916,2.9955599308013916,31,5
321,2737,specialized_enriched,active_fraction,0.01976177468895912,0.006622231565415859,2.984156370162964,2.984156370162964,22,5
322,13299,specialized_enriched,active_fraction,0.009468967095017433,0.003175250254571438,2.98211669921875,2.98211669921875,27,5
323,13752,specialized_enriched,active_fraction,0.006291375029832125,0.002112557413056493,2.9780848026275635,2.9780848026275635,21,5
324,4861,specialized_enriched,mean,0.1270664632320404,0.04268966615200043,2.976515769958496,2.976515769958496,15,5
325,8295,specialized_enriched,active_fraction,0.044879913330078125,0.01510512176901102,2.9711718559265137,2.9711718559265137,36,5
326,4350,specialized_enriched,active_fraction,0.03332776576280594,0.011222830973565578,2.969639778137207,2.969639778137207,28,5
327,3097,specialized_enriched,active_fraction,0.013878948986530304,0.004678853787481785,2.9663138389587402,2.9663138389587402,50,5
328,8973,specialized_enriched,active_fraction,0.03188924491405487,0.01075226441025734,2.9658167362213135,2.9658167362213135,40,5
329,1907,specialized_enriched,mean,0.06576370447874069,0.022196635603904724,2.962778091430664,2.962778091430664,34,5
330,4495,specialized_enriched,active_fraction,0.022831778973340988,0.0077066570520401,2.9626047611236572,2.9626047611236572,27,5
331,1810,specialized_enriched,max,3.5519332885742188,1.1991990804672241,2.961921215057373,2.961921215057373,17,5
332,1259,specialized_enriched,mean,0.1632382571697235,0.05513601377606392,2.960646629333496,2.960646629333496,24,5
333,6135,specialized_enriched,active_fraction,0.007107683457434177,0.0024007409811019897,2.960620641708374,2.960620641708374,28,5
334,13595,specialized_enriched,mean,0.23067544400691986,0.07796036452054977,2.958881139755249,2.958881139755249,34,5
335,16102,specialized_enriched,active_fraction,0.03260765224695206,0.011059671640396118,2.948338270187378,2.948338270187378,14,5
336,10886,specialized_enriched,active_fraction,0.017465559765696526,0.005925594829022884,2.9474778175354004,2.9474778175354004,34,5
337,9723,specialized_enriched,mean,0.04786189645528793,0.016270935535430908,2.9415576457977295,2.9415576457977295,12,5
338,6697,specialized_enriched,active_fraction,0.05050784721970558,0.01720024272799492,2.9364612102508545,2.9364612102508545,39,5
339,5967,specialized_enriched,mean,0.04618839547038078,0.015729384496808052,2.9364399909973145,2.9364399909973145,11,5
340,631,specialized_enriched,active_fraction,0.025808341801166534,0.008801165036857128,2.932377815246582,2.932377815246582,46,5
341,2187,specialized_enriched,mean,0.08857500553131104,0.0302136167883873,2.9316253662109375,2.9316253662109375,39,5
342,522,specialized_enriched,active_fraction,0.020523179322481155,0.007006652187556028,2.9290990829467773,2.9290990829467773,22,5
343,7442,specialized_enriched,active_fraction,0.022869925945997238,0.00781321432441473,2.9270827770233154,2.9270827770233154,15,5
344,3895,specialized_enriched,active_fraction,0.030883420258760452,0.010555127635598183,2.9259164333343506,2.9259164333343506,46,5
345,8313,specialized_enriched,active_fraction,0.13041925430297852,0.044580623507499695,2.925469398498535,2.925469398498535,50,5
346,6400,specialized_enriched,mean,0.06270673871040344,0.021438585594296455,2.924947500228882,2.924947500228882,25,5
347,6077,specialized_enriched,active_fraction,0.013887250795960426,0.004750290885567665,2.923452615737915,2.923452615737915,34,5
348,15130,specialized_enriched,mean,0.11965867877006531,0.040933556854724884,2.92324161529541,2.92324161529541,10,5
349,12025,specialized_enriched,active_fraction,0.017482973635196686,0.005982648581266403,2.9222798347473145,2.9222798347473145,43,5
350,14454,specialized_enriched,mean,0.10523821413516998,0.03603709116578102,2.9202749729156494,2.9202749729156494,38,5
351,14840,specialized_enriched,mean,0.1704045534133911,0.05840304121375084,2.917734146118164,2.917734146118164,45,5
352,6329,specialized_enriched,active_fraction,0.02247946336865425,0.00770752876996994,2.9165592193603516,2.9165592193603516,46,5
353,5270,specialized_enriched,active_fraction,0.05499998852610588,0.018898848444223404,2.9102296829223633,2.9102296829223633,34,5
354,8035,specialized_enriched,active_fraction,0.026235979050397873,0.009018911980092525,2.908996105194092,2.908996105194092,43,5
355,6363,specialized_enriched,active_fraction,0.008987006731331348,0.003089854260906577,2.9085536003112793,2.9085536003112793,18,5
356,5662,specialized_enriched,mean,0.07211458683013916,0.024794140830636024,2.9085333347320557,2.9085333347320557,12,5
357,1956,specialized_enriched,mean,0.13417352735996246,0.04615781828761101,2.9068429470062256,2.9068429470062256,16,5
358,9961,specialized_enriched,mean,0.16603714227676392,0.05716460570693016,2.9045445919036865,2.9045445919036865,23,5
359,12160,specialized_enriched,mean,0.10053954273462296,0.03469427675008774,2.8978710174560547,2.8978710174560547,29,5
360,10968,specialized_enriched,mean,0.14412404596805573,0.04978177696466446,2.8951165676116943,2.8951165676116943,48,5
361,10564,specialized_enriched,mean,0.06560873985290527,0.022745806723833084,2.884432315826416,2.884432315826416,8,5
362,16087,specialized_enriched,mean,0.10773099213838577,0.03737886995077133,2.882136106491089,2.882136106491089,18,5
363,8113,specialized_enriched,active_fraction,0.026082443073391914,0.009067286737263203,2.8765432834625244,2.8765432834625244,25,5
364,15633,specialized_enriched,mean,0.21607641875743866,0.07512021064758301,2.876408576965332,2.876408576965332,26,5
365,4433,specialized_enriched,mean,0.09627874195575714,0.03349281847476959,2.8746085166931152,2.8746085166931152,40,5
366,8053,specialized_enriched,active_fraction,0.007907483726739883,0.002751583931967616,2.873793363571167,2.873793363571167,31,5
367,8558,specialized_enriched,active_fraction,0.011734741739928722,0.004084132146090269,2.8732521533966064,2.8732521533966064,17,5
368,5552,specialized_enriched,active_fraction,0.007646837737411261,0.002661721780896187,2.872891426086426,2.872891426086426,18,5
369,8860,specialized_enriched,active_fraction,0.056787364184856415,0.019826913252472878,2.8641555309295654,2.8641555309295654,49,5
370,10311,specialized_enriched,active_fraction,0.042818013578653336,0.014971023425459862,2.8600592613220215,2.8600592613220215,40,5
371,2358,specialized_enriched,active_fraction,0.007501962594687939,0.0026251079980283976,2.8577728271484375,2.8577728271484375,29,5
372,3377,specialized_enriched,active_fraction,0.010894132778048515,0.003814535681158304,2.855952501296997,2.855952501296997,26,5
373,4660,specialized_enriched,active_fraction,0.015356458723545074,0.005380813963711262,2.853928565979004,2.853928565979004,43,5
374,15247,specialized_enriched,active_fraction,0.012072041630744934,0.004232717212289572,2.852078437805176,2.852078437805176,30,5
375,16347,specialized_enriched,active_fraction,0.023751605302095413,0.008331462740898132,2.850832462310791,2.850832462310791,19,5
376,13080,specialized_enriched,active_fraction,0.03692552447319031,0.01295513566583395,2.8502614498138428,2.8502614498138428,39,5
377,1744,specialized_enriched,active_fraction,0.01135993655771017,0.003992225509136915,2.8455147743225098,2.8455147743225098,19,5
378,4334,specialized_enriched,active_fraction,0.059332557022571564,0.02088974602520466,2.8402717113494873,2.8402717113494873,32,5
379,8804,specialized_enriched,mean,0.14854896068572998,0.052365075796842575,2.83679461479187,2.83679461479187,16,5
380,10859,specialized_enriched,mean,0.08332288265228271,0.029470020905137062,2.8273777961730957,2.8273777961730957,30,5
381,1555,specialized_enriched,active_fraction,0.012325012125074863,0.004360203631222248,2.8267056941986084,2.8267056941986084,25,5
382,9334,specialized_enriched,mean,0.30417853593826294,0.10777560621500015,2.8223319053649902,2.8223319053649902,17,5
383,15968,specialized_enriched,mean,0.07970729470252991,0.028272489085793495,2.8192527294158936,2.8192527294158936,43,5
384,7153,specialized_enriched,mean,0.08163020014762878,0.02896651066839695,2.8180887699127197,2.8180887699127197,31,5
385,13474,specialized_enriched,mean,0.09779815375804901,0.03472435101866722,2.8164141178131104,2.8164141178131104,17,5
386,5954,specialized_enriched,mean,0.09704920649528503,0.03466637432575226,2.7995200157165527,2.7995200157165527,42,5
387,2812,specialized_enriched,mean,0.2897736430168152,0.10375039279460907,2.7929883003234863,2.7929883003234863,29,5
388,5463,specialized_enriched,active_fraction,0.013884898275136948,0.004977775737643242,2.7893779277801514,2.7893779277801514,44,5
389,6421,specialized_enriched,mean,0.08041149377822876,0.02884700521826744,2.7875161170959473,2.7875161170959473,15,5
390,9451,specialized_enriched,active_fraction,0.013319341465830803,0.004781260155141354,2.785738706588745,2.785738706588745,42,5
391,7507,specialized_enriched,mean,0.14742371439933777,0.052953410893678665,2.784026861190796,2.784026861190796,28,5
392,4166,specialized_enriched,mean,0.11518792808055878,0.041482217609882355,2.7768025398254395,2.7768025398254395,39,5
393,3640,specialized_enriched,active_fraction,0.010121497325599194,0.003651059465482831,2.7722082138061523,2.7722082138061523,27,5
394,855,specialized_enriched,mean,0.10590528696775436,0.038240913301706314,2.769423484802246,2.769423484802246,34,5
395,14244,specialized_enriched,mean,0.16331782937049866,0.0590742863714695,2.764617919921875,2.764617919921875,15,5
396,72,specialized_enriched,active_fraction,0.01573992893099785,0.005712711717933416,2.75524640083313,2.75524640083313,5,5
397,13404,specialized_enriched,active_fraction,0.06661486625671387,0.024185609072446823,2.7543182373046875,2.7543182373046875,46,5
398,507,specialized_enriched,active_fraction,0.020175959914922714,0.00732793752104044,2.753293037414551,2.753293037414551,49,5
399,11963,specialized_enriched,mean,0.054273467510938644,0.019726958125829697,2.7512335777282715,2.7512335777282715,13,5
400,15477,specialized_enriched,mean,0.09433725476264954,0.03431953862309456,2.748791456222534,2.748791456222534,12,5
401,3324,specialized_enriched,mean,0.10874935239553452,0.039629168808460236,2.7441744804382324,2.7441744804382324,20,5
402,1827,specialized_enriched,active_fraction,0.01997106336057186,0.00727768475189805,2.7441506385803223,2.7441506385803223,29,5
403,4990,specialized_enriched,active_fraction,0.00886547937989235,0.003245461033657193,2.7316548824310303,2.7316548824310303,37,5
404,7192,specialized_enriched,active_fraction,0.02240431308746338,0.008204630576074123,2.7306911945343018,2.7306911945343018,22,5
405,15330,specialized_enriched,active_fraction,0.012391711585223675,0.004542077891528606,2.728203296661377,2.728203296661377,22,5
406,16205,specialized_enriched,active_fraction,0.007439044304192066,0.002730618230998516,2.7243077754974365,2.7243077754974365,27,5
407,10029,specialized_enriched,mean,0.05437886714935303,0.019985467195510864,2.7209205627441406,2.7209205627441406,24,5
408,12544,specialized_enriched,mean,0.08923802524805069,0.03279881179332733,2.7207701206207275,2.7207701206207275,21,5
409,5583,specialized_enriched,mean,0.21234309673309326,0.07809244096279144,2.7191247940063477,2.7191247940063477,30,5
410,10446,specialized_enriched,mean,0.03605794161558151,0.01327608060091734,2.716007947921753,2.716007947921753,17,5
411,11426,specialized_enriched,mean,0.13301938772201538,0.04909200966358185,2.7095935344696045,2.7095935344696045,33,5
412,9546,specialized_enriched,active_fraction,0.022638071328401566,0.008355014957487583,2.7095189094543457,2.7095189094543457,22,5
413,6200,specialized_enriched,active_fraction,0.009258193895220757,0.0034183135721832514,2.7084097862243652,2.7084097862243652,17,5
414,13057,specialized_enriched,mean,0.1770211160182953,0.06545205414295197,2.704592227935791,2.704592227935791,18,5
415,14016,specialized_enriched,active_fraction,0.00930898729711771,0.003444412723183632,2.70263409614563,2.70263409614563,19,5
416,5387,specialized_enriched,mean,0.054058611392974854,0.02002296969294548,2.6998298168182373,2.6998298168182373,14,5
417,2306,specialized_enriched,active_fraction,0.0159903597086668,0.005923277232795954,2.6995797157287598,2.6995797157287598,37,5
418,5985,specialized_enriched,active_fraction,0.021948112174868584,0.008132245391607285,2.698899507522583,2.698899507522583,7,5
419,11318,specialized_enriched,mean,0.05501573532819748,0.020386656746268272,2.6986148357391357,2.6986148357391357,40,5
420,878,specialized_enriched,mean,0.057697661221027374,0.021471045911312103,2.6872310638427734,2.6872310638427734,27,5
421,10100,specialized_enriched,mean,0.1253688633441925,0.046762075275182724,2.6809945106506348,2.6809945106506348,41,5
422,12832,specialized_enriched,active_fraction,0.006371483206748962,0.002378692151978612,2.678565740585327,2.678565740585327,21,5
423,12031,specialized_enriched,active_fraction,0.022266285493969917,0.008322995156049728,2.6752731800079346,2.6752731800079346,25,5
424,15735,specialized_enriched,active_fraction,0.03851287066936493,0.014410645700991154,2.6725292205810547,2.6725292205810547,47,5
425,11078,specialized_enriched,active_fraction,0.006363309919834137,0.002381070051342249,2.6724581718444824,2.6724581718444824,22,5
426,6653,specialized_enriched,mean,0.049101538956165314,0.018374580889940262,2.6722536087036133,2.6722536087036133,26,5
427,7496,specialized_enriched,mean,0.09465302526950836,0.035441864281892776,2.6706559658050537,2.6706559658050537,15,5
428,13298,specialized_enriched,active_fraction,0.03382714092731476,0.01266656443476677,2.6705853939056396,2.6705853939056396,24,5
429,8336,specialized_enriched,mean,0.10513478517532349,0.03943042829632759,2.6663362979888916,2.6663362979888916,43,5
430,8244,specialized_enriched,mean,0.07583312690258026,0.02844223566353321,2.666215419769287,2.666215419769287,48,5
431,11824,specialized_enriched,active_fraction,0.03883533179759979,0.014587095007300377,2.6623075008392334,2.6623075008392334,45,5
432,4479,specialized_enriched,active_fraction,0.0208045095205307,0.007815051823854446,2.6621077060699463,2.6621077060699463,46,5
433,4148,specialized_enriched,mean,0.1004299521446228,0.037738025188446045,2.661240339279175,2.661240339279175,44,5
434,4375,specialized_enriched,active_fraction,0.013307366520166397,0.0050070760771632195,2.657711982727051,2.657711982727051,26,5
435,606,specialized_enriched,active_fraction,0.024170193821191788,0.00909865740686655,2.6564571857452393,2.6564571857452393,24,5
436,6585,specialized_enriched,mean,0.02820397913455963,0.010621592402458191,2.655343770980835,2.655343770980835,6,5
437,8753,specialized_enriched,mean,0.11682882905006409,0.044078923761844635,2.6504464149475098,2.6504464149475098,41,5
438,13789,specialized_enriched,active_fraction,0.07303902506828308,0.027605107054114342,2.6458518505096436,2.6458518505096436,46,5
439,15723,specialized_enriched,mean,0.1341811716556549,0.050741009414196014,2.644432544708252,2.644432544708252,26,5
440,7217,specialized_enriched,active_fraction,0.0054824454709887505,0.0020752723794430494,2.6417956352233887,2.6417956352233887,13,5
441,6491,specialized_enriched,active_fraction,0.014971375465393066,0.005675561726093292,2.637866735458374,2.637866735458374,37,5
442,144,specialized_enriched,active_fraction,0.04196532070636749,0.01592380926012993,2.6353819370269775,2.6353819370269775,42,5
443,1293,specialized_enriched,active_fraction,0.019497547298669815,0.007425283081829548,2.6258320808410645,2.6258320808410645,39,5
444,9212,specialized_enriched,active_fraction,0.012706978246569633,0.004842676222324371,2.623957872390747,2.623957872390747,18,5
445,12644,specialized_enriched,active_fraction,0.02361300215125084,0.009007221087813377,2.62156343460083,2.62156343460083,24,5
446,4991,specialized_enriched,active_fraction,0.04773983359336853,0.018223874270915985,2.61963152885437,2.61963152885437,42,5
447,5941,specialized_enriched,active_fraction,0.03761308267712593,0.014361731708049774,2.6189796924591064,2.6189796924591064,26,5
448,16249,specialized_enriched,mean,0.08047188818454742,0.030732642859220505,2.6184499263763428,2.6184499263763428,37,5
449,11671,specialized_enriched,active_fraction,0.006458722986280918,0.002466665580868721,2.6184024810791016,2.6184024810791016,29,5
450,10598,specialized_enriched,active_fraction,0.009076441638171673,0.0034669307060539722,2.61800479888916,2.61800479888916,31,5
451,7897,specialized_enriched,active_fraction,0.014248020946979523,0.005457699298858643,2.6106276512145996,2.6106276512145996,34,5
452,11617,specialized_enriched,active_fraction,0.01358804665505886,0.005227109417319298,2.5995335578918457,2.5995335578918457,32,5
453,128,specialized_enriched,mean,0.11894473433494568,0.045790232717990875,2.5976004600524902,2.5976004600524902,26,5
454,14243,specialized_enriched,mean,0.14417271316051483,0.05551540106534958,2.5969858169555664,2.5969858169555664,14,5
455,9396,specialized_enriched,active_fraction,0.006913542281836271,0.0026628882624208927,2.596256971359253,2.596256971359253,17,5
456,7274,specialized_enriched,active_fraction,0.011303969658911228,0.004355158656835556,2.5955357551574707,2.5955357551574707,20,5
457,1118,specialized_enriched,mean,0.08761703968048096,0.0338805615901947,2.5860562324523926,2.5860562324523926,46,5
458,10123,specialized_enriched,mean,0.09662197530269623,0.03747555986046791,2.5782663822174072,2.5782663822174072,39,5
459,11954,specialized_enriched,active_fraction,0.011494995094835758,0.004462053067982197,2.576167345046997,2.576167345046997,22,5
460,8587,specialized_enriched,active_fraction,0.05509038269519806,0.02139754593372345,2.5746121406555176,2.5746121406555176,45,5
461,6341,specialized_enriched,active_fraction,0.01023213192820549,0.003978441469371319,2.571894645690918,2.571894645690918,28,5
462,10119,specialized_enriched,active_fraction,0.01662779226899147,0.006502480711787939,2.5571460723876953,2.5571460723876953,45,5
463,4021,specialized_enriched,active_fraction,0.0241461843252182,0.009443719871342182,2.5568509101867676,2.5568509101867676,41,5
464,8545,specialized_enriched,active_fraction,0.010412321425974369,0.004074059892445803,2.555760622024536,2.555760622024536,20,5
465,15875,specialized_enriched,mean,0.05799645557999611,0.022739138454198837,2.5505125522613525,2.5505125522613525,22,5
466,2108,specialized_enriched,active_fraction,0.02220546454191208,0.008712909184396267,2.5485706329345703,2.5485706329345703,43,5
467,14086,specialized_enriched,mean,0.1723577380180359,0.06770536303520203,2.5457029342651367,2.5457029342651367,34,5
468,15203,specialized_enriched,active_fraction,0.007076823152601719,0.0027863343711942434,2.539832592010498,2.539832592010498,21,5
469,9948,specialized_enriched,mean,0.06145799160003662,0.024213727563619614,2.538146734237671,2.538146734237671,34,5
470,5617,specialized_enriched,mean,0.12219283729791641,0.04818955436348915,2.535670518875122,2.535670518875122,14,5
471,2407,specialized_enriched,mean,0.06251561641693115,0.024674201384186745,2.5336430072784424,2.5336430072784424,36,5
472,885,specialized_enriched,active_fraction,0.0062000383622944355,0.002449760911986232,2.5308749675750732,2.5308749675750732,22,5
473,15784,specialized_enriched,active_fraction,0.023384541273117065,0.009240026585757732,2.530787229537964,2.530787229537964,35,5
474,5971,specialized_enriched,active_fraction,0.018644295632839203,0.007370450999587774,2.5296003818511963,2.5296003818511963,26,5
475,15167,specialized_enriched,active_fraction,0.03524255007505417,0.013959776610136032,2.524578332901001,2.524578332901001,34,5
476,169,specialized_enriched,max,4.178656101226807,1.655401349067688,2.5242555141448975,2.5242555141448975,16,5
477,6414,specialized_enriched,active_fraction,0.046672523021698,0.01849082112312317,2.5240914821624756,2.5240914821624756,42,5
478,4381,specialized_enriched,active_fraction,0.01575620099902153,0.006247485056519508,2.5220069885253906,2.5220069885253906,47,5
479,7468,specialized_enriched,active_fraction,0.020199544727802277,0.008009816519916058,2.521848678588867,2.521848678588867,43,5
480,9099,specialized_enriched,mean,0.10135236382484436,0.04020949825644493,2.5206074714660645,2.5206074714660645,20,5
481,6939,specialized_enriched,active_fraction,0.012968907132744789,0.0051453206688165665,2.520524501800537,2.520524501800537,23,5
482,7453,specialized_enriched,active_fraction,0.03218042850494385,0.012785425409674644,2.5169618129730225,2.5169618129730225,44,5
483,4293,specialized_enriched,active_fraction,0.018855132162570953,0.007493982091546059,2.5160365104675293,2.5160365104675293,26,5
484,10133,specialized_enriched,mean,0.06510984152555466,0.025885744020342827,2.515277862548828,2.515277862548828,28,5
485,3233,specialized_enriched,mean,0.07327891886234283,0.029150012880563736,2.513855457305908,2.513855457305908,45,5
486,4752,specialized_enriched,mean,0.09731291234493256,0.03872770816087723,2.512746572494507,2.512746572494507,47,5
487,6691,specialized_enriched,mean,0.2383802831172943,0.09523336589336395,2.503117322921753,2.503117322921753,23,5
488,15642,specialized_enriched,active_fraction,0.012096681632101536,0.004834015853703022,2.502408266067505,2.502408266067505,30,5
489,10802,specialized_enriched,active_fraction,0.015495844185352325,0.0061928508803248405,2.5022149085998535,2.5022149085998535,40,5
490,4687,specialized_enriched,mean,0.11384034156799316,0.04553171992301941,2.5002424716949463,2.5002424716949463,20,5
491,205,specialized_enriched,active_fraction,0.006123839411884546,0.0024493299424648285,2.5002100467681885,2.5002100467681885,14,5
492,12282,specialized_enriched,active_fraction,0.035876303911209106,0.014375795610249043,2.4956047534942627,2.4956047534942627,49,5
493,9924,specialized_enriched,mean,0.0702497661113739,0.028157806023955345,2.494859457015991,2.494859457015991,14,5
494,11339,specialized_enriched,mean,0.23180857300758362,0.09292199462652206,2.4946577548980713,2.4946577548980713,24,5
495,2002,specialized_enriched,mean,0.047007329761981964,0.01886865869164467,2.4912915229797363,2.4912915229797363,13,5
496,5365,specialized_enriched,active_fraction,0.030992697924375534,0.01244286447763443,2.4908008575439453,2.4908008575439453,27,5
497,7879,specialized_enriched,mean,0.1247386634349823,0.05009610205888748,2.489987373352051,2.489987373352051,50,5
498,194,specialized_enriched,active_fraction,0.00697894673794508,0.002807792043313384,2.4855639934539795,2.4855639934539795,31,5
499,16047,specialized_enriched,active_fraction,0.015550460666418076,0.00626280577853322,2.4829862117767334,2.4829862117767334,39,5
500,5559,specialized_enriched,mean,0.04941217228770256,0.019930260255932808,2.4792537689208984,2.4792537689208984,7,5
501,13912,specialized_enriched,active_fraction,0.016942067071795464,0.006834011524915695,2.47908091545105,2.47908091545105,42,5
502,2387,specialized_enriched,active_fraction,0.01945286989212036,0.007850198075175285,2.4780101776123047,2.4780101776123047,40,5
503,1251,specialized_enriched,active_fraction,0.01029833871871233,0.004158240742981434,2.476609468460083,2.476609468460083,26,5
504,14101,specialized_enriched,active_fraction,0.006265189498662949,0.0025323699228465557,2.4740419387817383,2.4740419387817383,32,5
505,8533,specialized_enriched,mean,0.07295745611190796,0.029544435441493988,2.469414472579956,2.469414472579956,11,5
506,15912,specialized_enriched,active_fraction,0.007029636763036251,0.0028511458076536655,2.465548038482666,2.465548038482666,25,5
507,5048,specialized_enriched,active_fraction,0.01173851266503334,0.00476235244423151,2.464855909347534,2.464855909347534,23,5
508,1773,specialized_enriched,active_fraction,0.007637493312358856,0.0030998792499303818,2.46380352973938,2.46380352973938,34,5
509,10927,specialized_enriched,mean,0.09270311146974564,0.037655461579561234,2.46187686920166,2.46187686920166,23,5
510,13668,specialized_enriched,mean,0.09122507274150848,0.03707785904407501,2.460365056991577,2.460365056991577,46,5
511,14689,specialized_enriched,active_fraction,0.012749256566166878,0.005186104215681553,2.4583494663238525,2.4583494663238525,18,5
512,12546,specialized_enriched,active_fraction,0.015381541103124619,0.00628248555585742,2.4483208656311035,2.4483208656311035,45,5
513,10400,specialized_enriched,mean,0.049721378833055496,0.020339258015155792,2.44460129737854,2.44460129737854,23,5
514,1323,specialized_enriched,active_fraction,0.03723704814910889,0.015239850617945194,2.4433999061584473,2.4433999061584473,26,5
515,10736,specialized_enriched,active_fraction,0.011209964752197266,0.0046141683124005795,2.4294660091400146,2.4294660091400146,31,5
516,12116,specialized_enriched,mean,0.08058071881532669,0.03320053219795227,2.427091121673584,2.427091121673584,29,5
517,2182,specialized_enriched,active_fraction,0.011664289981126785,0.004808529745787382,2.4257497787475586,2.4257497787475586,46,5
518,7167,specialized_enriched,mean,0.058158911764621735,0.023989791050553322,2.424319267272949,2.424319267272949,42,5
519,2925,specialized_enriched,active_fraction,0.00800282135605812,0.003305448219180107,2.42110013961792,2.42110013961792,23,5
520,6061,specialized_enriched,active_fraction,0.02865435555577278,0.011863980442285538,2.4152395725250244,2.4152395725250244,36,5
521,12140,specialized_enriched,active_fraction,0.006505582947283983,0.0026935581117868423,2.4152376651763916,2.4152376651763916,21,5
522,9784,specialized_enriched,mean,0.06335854530334473,0.026240069419145584,2.414572238922119,2.414572238922119,33,5
523,11264,specialized_enriched,mean,0.06830945611000061,0.028334271162748337,2.410842180252075,2.410842180252075,42,5
524,843,specialized_enriched,mean,0.12821778655052185,0.053209491074085236,2.4096789360046387,2.4096789360046387,25,5
525,5441,specialized_enriched,active_fraction,0.018500257283449173,0.007687616627663374,2.406501054763794,2.406501054763794,47,5
526,1833,specialized_enriched,active_fraction,0.018825042992830276,0.007825588807463646,2.4055752754211426,2.4055752754211426,26,5
527,15069,specialized_enriched,active_fraction,0.028940897434949875,0.012039832770824432,2.4037623405456543,2.4037623405456543,30,5
528,15675,specialized_enriched,max,4.179688453674316,1.7390162944793701,2.4034786224365234,2.4034786224365234,21,5
529,11084,specialized_enriched,mean,0.10477270185947418,0.043651893734931946,2.400186777114868,2.400186777114868,43,5
530,4897,specialized_enriched,active_fraction,0.04465433210134506,0.01863834448158741,2.395831346511841,2.395831346511841,36,5
531,15140,specialized_enriched,mean,0.07748381048440933,0.032342925667762756,2.395695686340332,2.395695686340332,16,5
532,2371,specialized_enriched,active_fraction,0.01335587352514267,0.005587518680840731,2.3903050422668457,2.3903050422668457,45,5
533,788,specialized_enriched,mean,0.07934609055519104,0.03319921717047691,2.3899989128112793,2.3899989128112793,39,5
534,3832,specialized_enriched,active_fraction,0.024022119119763374,0.010057085193693638,2.3885767459869385,2.3885767459869385,27,5
535,12362,specialized_enriched,active_fraction,0.04799060523509979,0.02010244131088257,2.3873023986816406,2.3873023986816406,33,5
536,6496,specialized_enriched,active_fraction,0.03215980529785156,0.013472139835357666,2.387134075164795,2.387134075164795,43,5
537,5733,specialized_enriched,mean,0.05925843119621277,0.02487376146018505,2.3823671340942383,2.3823671340942383,30,5
538,588,specialized_enriched,active_fraction,0.006908073090016842,0.0029027312994003296,2.379852771759033,2.379852771759033,24,5
539,4907,specialized_enriched,active_fraction,0.02693774178624153,0.01132467482239008,2.3786768913269043,2.3786768913269043,43,5
540,13883,specialized_enriched,active_fraction,0.02345426008105278,0.009863153100013733,2.3779678344726562,2.3779678344726562,25,5
541,4670,specialized_enriched,active_fraction,0.02537878230214119,0.01070358231663704,2.3710548877716064,2.3710548877716064,44,5
542,11420,specialized_enriched,active_fraction,0.017723077908158302,0.007476294878870249,2.3705697059631348,2.3705697059631348,17,5
543,11394,specialized_enriched,active_fraction,0.021567605435848236,0.009103307500481606,2.3692054748535156,2.3692054748535156,18,5
544,14854,specialized_enriched,mean,0.10137131810188293,0.042854152619838715,2.3654959201812744,2.3654959201812744,30,5
545,12942,specialized_enriched,active_fraction,0.007844921201467514,0.0033166303765028715,2.365328788757324,2.365328788757324,21,5
546,5800,specialized_enriched,mean,0.08435862511396408,0.0356900729238987,2.3636438846588135,2.3636438846588135,21,5
547,16264,specialized_enriched,mean,0.05454671010375023,0.023091714829206467,2.3621766567230225,2.3621766567230225,17,5
548,2516,specialized_enriched,active_fraction,0.012629400938749313,0.0053468793630599976,2.362013339996338,2.362013339996338,43,5
549,6693,specialized_enriched,active_fraction,0.007307877764105797,0.003097358625382185,2.3593902587890625,2.3593902587890625,30,5
550,11690,specialized_enriched,active_fraction,0.029981177300214767,0.012711363844573498,2.358612060546875,2.358612060546875,28,5
551,7597,specialized_enriched,active_fraction,0.01994911953806877,0.008460151962935925,2.3580095767974854,2.3580095767974854,33,5
552,11783,specialized_enriched,mean,0.06596945226192474,0.02800845168530941,2.3553409576416016,2.3553409576416016,39,5
553,2046,specialized_enriched,mean,0.30136391520500183,0.12832514941692352,2.348439931869507,2.348439931869507,30,5
554,759,specialized_enriched,active_fraction,0.0053816139698028564,0.002292369492352009,2.347620725631714,2.347620725631714,30,5
555,5244,specialized_enriched,active_fraction,0.007318129763007164,0.0031279379036277533,2.339601993560791,2.339601993560791,33,5
556,615,specialized_enriched,active_fraction,0.01784861832857132,0.007640718016773462,2.335987091064453,2.335987091064453,46,5
557,10489,specialized_enriched,mean,0.08442257344722748,0.03620366379618645,2.3318793773651123,2.3318793773651123,16,5
558,14442,specialized_enriched,active_fraction,0.011856636963784695,0.005087649915367365,2.3304741382598877,2.3304741382598877,24,5
559,9757,specialized_enriched,active_fraction,0.046077556908130646,0.019792169332504272,2.3280701637268066,2.3280701637268066,29,5
560,4822,specialized_enriched,mean,0.053728774189949036,0.023083623498678207,2.327571153640747,2.327571153640747,30,5
561,4130,specialized_enriched,mean,0.08559242635965347,0.03680872544646263,2.3253297805786133,2.3253297805786133,36,5
562,3044,specialized_enriched,active_fraction,0.01174875907599926,0.0050724162720143795,2.3162055015563965,2.3162055015563965,33,5
563,15522,specialized_enriched,mean,0.07686927914619446,0.03321545943617821,2.3142621517181396,2.3142621517181396,50,5
564,2018,specialized_enriched,mean,0.10038353502750397,0.043419454246759415,2.311948299407959,2.311948299407959,10,5
565,12325,specialized_enriched,mean,0.1037052795290947,0.04488682374358177,2.3103723526000977,2.3103723526000977,20,5
566,5541,specialized_enriched,active_fraction,0.04259949177503586,0.0184527225792408,2.308574914932251,2.308574914932251,41,5
567,2099,specialized_enriched,active_fraction,0.018463298678398132,0.008001485839486122,2.307483673095703,2.307483673095703,46,5
568,4581,specialized_enriched,mean,0.08612358570098877,0.03733765333890915,2.306614875793457,2.306614875793457,39,5
569,13252,specialized_enriched,mean,0.10453648865222931,0.04533446207642555,2.305894613265991,2.305894613265991,29,5
570,15534,specialized_enriched,active_fraction,0.015659036114811897,0.006811946164816618,2.2987608909606934,2.2987608909606934,22,5
571,13124,specialized_enriched,active_fraction,0.014145756140351295,0.006170341745018959,2.2925400733947754,2.2925400733947754,17,5
572,13276,specialized_enriched,active_fraction,0.012549463659524918,0.005475037265568972,2.292123794555664,2.292123794555664,18,5
573,807,specialized_enriched,active_fraction,0.008738616481423378,0.0038164432626217604,2.2897279262542725,2.2897279262542725,33,5
574,15680,specialized_enriched,active_fraction,0.04164138063788414,0.018192658200860023,2.2889113426208496,2.2889113426208496,27,5
575,2134,specialized_enriched,active_fraction,0.015536006540060043,0.006791380699723959,2.2876064777374268,2.2876064777374268,27,5
576,1996,specialized_enriched,mean,0.06884594261646271,0.030102377757430077,2.287060022354126,2.287060022354126,20,5
577,9059,specialized_enriched,mean,0.047245293855667114,0.020671498030424118,2.2855284214019775,2.2855284214019775,38,5
578,1529,specialized_enriched,mean,0.0976477861404419,0.04273279011249542,2.285078763961792,2.285078763961792,34,5
579,8820,specialized_enriched,mean,0.10457728803157806,0.04580904170870781,2.2828962802886963,2.2828962802886963,18,5
580,11059,specialized_enriched,active_fraction,0.00637991726398468,0.0027948864735662937,2.2827107906341553,2.2827107906341553,17,5
581,6724,specialized_enriched,active_fraction,0.007658358663320541,0.0033600872848182917,2.2792141437530518,2.2792141437530518,13,5
582,1420,specialized_enriched,mean,0.09562867879867554,0.04203023388981819,2.275235414505005,2.275235414505005,37,5
583,7474,specialized_enriched,mean,0.13677740097045898,0.060279153287410736,2.269066333770752,2.269066333770752,17,5
584,11421,specialized_enriched,active_fraction,0.009242746978998184,0.004089823458343744,2.2599380016326904,2.2599380016326904,30,5
585,3451,specialized_enriched,mean,0.05015416070818901,0.022197559475898743,2.2594447135925293,2.2594447135925293,16,5
586,14156,specialized_enriched,active_fraction,0.0028494736179709435,0.0012614912120625377,2.2588136196136475,2.2588136196136475,11,5
587,9701,specialized_enriched,active_fraction,0.010554185137152672,0.004673830699175596,2.2581446170806885,2.2581446170806885,30,5
588,5146,specialized_enriched,mean,0.2922486960887909,0.12966668605804443,2.253845691680908,2.253845691680908,29,5
589,13408,specialized_enriched,mean,0.2908979058265686,0.1292179524898529,2.2512190341949463,2.2512190341949463,39,5
590,13414,specialized_enriched,mean,0.06325690448284149,0.028186766430735588,2.2442057132720947,2.2442057132720947,8,5
591,13893,specialized_enriched,mean,0.11947531998157501,0.05333581566810608,2.240057945251465,2.240057945251465,36,5
592,2405,specialized_enriched,active_fraction,0.013724970631301403,0.006131177302449942,2.238553762435913,2.238553762435913,16,5
593,5355,specialized_enriched,active_fraction,0.018009008839726448,0.008057180792093277,2.235150098800659,2.235150098800659,20,5
594,15938,specialized_enriched,active_fraction,0.011915309354662895,0.005331315565854311,2.2349660396575928,2.2349660396575928,29,5
595,7241,specialized_enriched,active_fraction,0.015106476843357086,0.006773065775632858,2.230375051498413,2.230375051498413,40,5
596,1317,specialized_enriched,active_fraction,0.07403980195522308,0.033215880393981934,2.229048252105713,2.229048252105713,43,5
597,7984,specialized_enriched,active_fraction,0.014079399406909943,0.006323759909719229,2.226428508758545,2.226428508758545,46,5
598,14829,specialized_enriched,mean,0.18611803650856018,0.08361995965242386,2.2257609367370605,2.2257609367370605,48,5
599,1444,specialized_enriched,active_fraction,0.032216593623161316,0.014475617557764053,2.225576400756836,2.225576400756836,23,5
600,6469,specialized_enriched,mean,0.08662314713001251,0.03901480510830879,2.2202634811401367,2.2202634811401367,9,5
601,10162,specialized_enriched,mean,0.10566326975822449,0.04761334881186485,2.219194173812866,2.219194173812866,40,5
602,2211,specialized_enriched,mean,0.13026028871536255,0.05897646024823189,2.2086827754974365,2.2086827754974365,25,5
603,12405,specialized_enriched,active_fraction,0.03164127469062805,0.014353987760841846,2.2043542861938477,2.2043542861938477,46,5
604,10250,specialized_enriched,active_fraction,0.012975964695215225,0.005890953820198774,2.202693223953247,2.202693223953247,32,5
605,9578,specialized_enriched,mean,0.10923674702644348,0.04962596297264099,2.2012016773223877,2.2012016773223877,44,5
606,14736,specialized_enriched,active_fraction,0.014826406724750996,0.006736493669450283,2.200908660888672,2.200908660888672,19,5
607,11272,specialized_enriched,active_fraction,0.011488007381558418,0.005227370653301477,2.197664499282837,2.197664499282837,40,5
608,3303,specialized_enriched,active_fraction,0.010339819826185703,0.00470506027340889,2.1975955963134766,2.1975955963134766,20,5
609,1981,specialized_enriched,active_fraction,0.009938126429915428,0.004530014004558325,2.1938400268554688,2.1938400268554688,18,5
610,3171,specialized_enriched,active_fraction,0.011313493363559246,0.005158552899956703,2.19315242767334,2.19315242767334,17,5
611,9597,specialized_enriched,mean,0.08927062153816223,0.040724270045757294,2.1920742988586426,2.1920742988586426,40,5
612,3963,specialized_enriched,mean,0.14029255509376526,0.06403033435344696,2.191032648086548,2.191032648086548,16,5
613,8749,specialized_enriched,active_fraction,0.015219942666590214,0.0069486661814153194,2.190340280532837,2.190340280532837,17,5
614,4257,specialized_enriched,mean,0.09188248962163925,0.041950199753046036,2.1902754306793213,2.1902754306793213,24,5
615,617,specialized_enriched,max,0.9424489736557007,0.4304094612598419,2.1896567344665527,2.1896567344665527,8,5
616,5725,specialized_enriched,mean,0.21414360404014587,0.0978340283036232,2.1888458728790283,2.1888458728790283,18,5
617,13000,specialized_enriched,mean,0.07820400595664978,0.03575100749731064,2.1874630451202393,2.1874630451202393,13,5
618,3587,specialized_enriched,mean,0.0569276325404644,0.02604806236922741,2.1854844093322754,2.1854844093322754,18,5
619,765,specialized_enriched,active_fraction,0.005423861555755138,0.0024820587132126093,2.1852269172668457,2.1852269172668457,32,5
620,7185,specialized_enriched,mean,0.08064837753772736,0.03693287819623947,2.1836471557617188,2.1836471557617188,21,5
621,367,specialized_enriched,active_fraction,0.010900251567363739,0.004996139090508223,2.181735038757324,2.181735038757324,45,5
622,13223,specialized_enriched,active_fraction,0.01725439913570881,0.007920741103589535,2.17838191986084,2.17838191986084,10,5
623,14610,specialized_enriched,mean,0.033616431057453156,0.015474563464522362,2.1723670959472656,2.1723670959472656,6,5
624,1054,specialized_enriched,mean,0.1742708384990692,0.08037465810775757,2.168231248855591,2.168231248855591,29,5
625,1280,specialized_enriched,mean,0.14188195765018463,0.06546398252248764,2.1673285961151123,2.1673285961151123,23,5
626,7003,specialized_enriched,mean,0.19320301711559296,0.08922670036554337,2.1653048992156982,2.1653048992156982,15,5
627,13462,specialized_enriched,mean,0.06016220152378082,0.02781563438475132,2.1628916263580322,2.1628916263580322,46,5
628,12169,specialized_enriched,mean,0.16912902891635895,0.078211709856987,2.1624515056610107,2.1624515056610107,34,5
629,15479,specialized_enriched,active_fraction,0.014508217573165894,0.0067115421406924725,2.161681652069092,2.161681652069092,44,5
630,3375,specialized_enriched,mean,0.06562334299087524,0.030382590368390083,2.1598994731903076,2.1598994731903076,24,5
631,5953,specialized_enriched,active_fraction,0.03488431125879288,0.01617209054529667,2.1570687294006348,2.1570687294006348,23,5
632,7758,specialized_enriched,mean,0.0893477350473404,0.041433461010456085,2.1564149856567383,2.1564149856567383,25,5
633,7233,specialized_enriched,active_fraction,0.007631232962012291,0.0035416893661022186,2.1546871662139893,2.1546871662139893,24,5
634,9372,specialized_enriched,max,2.1258974075317383,0.9875035881996155,2.152799606323242,2.152799606323242,21,5
635,7579,specialized_enriched,active_fraction,0.014059631153941154,0.00653613219037652,2.1510629653930664,2.1510629653930664,20,5
636,15722,specialized_enriched,active_fraction,0.004875781014561653,0.002271725330501795,2.146289825439453,2.146289825439453,14,5
637,13742,specialized_enriched,mean,0.0786212682723999,0.03667993098497391,2.1434409618377686,2.1434409618377686,16,5
638,4938,specialized_enriched,active_fraction,0.011499503627419472,0.005365557037293911,2.1432077884674072,2.1432077884674072,32,5
639,942,specialized_enriched,mean,0.1023542582988739,0.047800611704587936,2.14127516746521,2.14127516746521,46,5
640,12900,specialized_enriched,mean,0.10782714188098907,0.05043058097362518,2.1381301879882812,2.1381301879882812,16,5
641,2537,specialized_enriched,mean,0.1926289051771164,0.09013330191373825,2.137155771255493,2.137155771255493,24,5
642,11709,specialized_enriched,active_fraction,0.019359208643436432,0.00909484550356865,2.128591299057007,2.128591299057007,8,5
643,11574,specialized_enriched,active_fraction,0.011958693154156208,0.0056205084547400475,2.1276888847351074,2.1276888847351074,16,5
644,1700,specialized_enriched,active_fraction,0.02445194497704506,0.011530828662216663,2.1205713748931885,2.1205713748931885,46,5
645,14305,specialized_enriched,active_fraction,0.005987818352878094,0.0028242762200534344,2.1201248168945312,2.1201248168945312,20,5
646,12445,specialized_enriched,active_fraction,0.04164532944560051,0.019666125997900963,2.11761736869812,2.11761736869812,19,5
647,14952,specialized_enriched,active_fraction,0.005865070968866348,0.0027696830220520496,2.117596387863159,2.117596387863159,9,5
648,3719,specialized_enriched,active_fraction,0.01349625363945961,0.006376288365572691,2.1166317462921143,2.1166317462921143,22,5
649,9833,specialized_enriched,mean,0.18749582767486572,0.08861126750707626,2.115936756134033,2.115936756134033,5,5
650,2935,specialized_enriched,active_fraction,0.018922921270132065,0.008961034007370472,2.111689567565918,2.111689567565918,23,5
651,2374,specialized_enriched,active_fraction,0.017868664115667343,0.008488055318593979,2.105154037475586,2.105154037475586,44,5
652,10621,specialized_enriched,mean,0.06286123394966125,0.02986934222280979,2.1045403480529785,2.1045403480529785,23,5
653,13711,specialized_enriched,active_fraction,0.01087212935090065,0.005167193710803986,2.1040685176849365,2.1040685176849365,30,5
654,6818,specialized_enriched,mean,0.14006949961185455,0.06657525897026062,2.1039271354675293,2.1039271354675293,10,5
655,12902,specialized_enriched,active_fraction,0.0069056409411132336,0.003290045540779829,2.098949909210205,2.098949909210205,18,5
656,7777,specialized_enriched,active_fraction,0.027513548731803894,0.013120414689183235,2.0970029830932617,2.0970029830932617,42,5
657,6097,specialized_enriched,mean,0.1392219066619873,0.06639852374792099,2.096762180328369,2.096762180328369,26,5
658,14725,specialized_enriched,active_fraction,0.01766044646501541,0.008425437845289707,2.0960865020751953,2.0960865020751953,24,5
659,7860,specialized_enriched,active_fraction,0.009665613994002342,0.004616247955709696,2.093824625015259,2.093824625015259,39,5
660,2127,specialized_enriched,mean,0.14640673995018005,0.07005013525485992,2.0900280475616455,2.0900280475616455,7,5
661,14629,specialized_enriched,active_fraction,0.015828657895326614,0.007574442774057388,2.08974552154541,2.08974552154541,33,5
662,2327,specialized_enriched,active_fraction,0.01852267049252987,0.008867514319717884,2.0888233184814453,2.0888233184814453,24,5
663,13845,specialized_enriched,active_fraction,0.01340368203818798,0.006420739460736513,2.0875604152679443,2.0875604152679443,35,5
664,15922,specialized_enriched,mean,0.093764528632164,0.044943422079086304,2.0862791538238525,2.0862791538238525,29,5
665,6222,specialized_enriched,mean,0.10783105343580246,0.05169207602739334,2.086026668548584,2.086026668548584,13,5
666,2688,specialized_enriched,max,0.9498770236968994,0.457579642534256,2.0758726596832275,2.0758726596832275,31,5
667,3345,specialized_enriched,active_fraction,0.012183278799057007,0.005871283356100321,2.0750622749328613,2.0750622749328613,18,5
668,4282,specialized_enriched,mean,0.10945741087198257,0.0528116375207901,2.0726001262664795,2.0726001262664795,16,5
669,9012,specialized_enriched,mean,0.0548076331615448,0.026447216048836708,2.072340250015259,2.072340250015259,31,5
670,15943,specialized_enriched,mean,0.05086961388587952,0.02458917908370495,2.0687804222106934,2.0687804222106934,44,5
671,14278,specialized_enriched,active_fraction,0.0032062730751931667,0.001550729968585074,2.067589521408081,2.067589521408081,7,5
672,11510,specialized_enriched,active_fraction,0.012295203283429146,0.005948524922132492,2.0669331550598145,2.0669331550598145,27,5
673,15380,specialized_enriched,active_fraction,0.007419582922011614,0.003597452538087964,2.0624547004699707,2.0624547004699707,16,5
674,6698,specialized_enriched,mean,0.12280881404876709,0.059609007090330124,2.060239315032959,2.060239315032959,28,5
675,3200,specialized_enriched,active_fraction,0.020073482766747475,0.009762929752469063,2.0560920238494873,2.0560920238494873,17,5
676,2786,specialized_enriched,active_fraction,0.03635869175195694,0.017697537317872047,2.0544493198394775,2.0544493198394775,37,5
677,1223,specialized_enriched,active_fraction,0.006489808205515146,0.0031593453604727983,2.0541622638702393,2.0541622638702393,9,5
678,10600,specialized_enriched,mean,0.0765582025051117,0.03732684254646301,2.05102276802063,2.05102276802063,7,5
679,12035,specialized_enriched,mean,0.05193609744310379,0.0253419391810894,2.049412965774536,2.049412965774536,33,5
680,12879,specialized_enriched,active_fraction,0.013981131836771965,0.0068291835486888885,2.047262668609619,2.047262668609619,14,5
681,16203,specialized_enriched,active_fraction,0.028421293944120407,0.013897128403186798,2.0451200008392334,2.0451200008392334,35,5
682,5227,specialized_enriched,active_fraction,0.03406963497400284,0.016706077381968498,2.039355754852295,2.039355754852295,23,5
683,6262,specialized_enriched,mean,0.09608660638332367,0.04711688309907913,2.0393242835998535,2.0393242835998535,23,5
684,9456,specialized_enriched,mean,0.11345285922288895,0.05569290742278099,2.0371150970458984,2.0371150970458984,12,5
685,2208,specialized_enriched,active_fraction,0.010282102972269058,0.005054387263953686,2.034292697906494,2.034292697906494,41,5
686,104,specialized_enriched,max,1.5706164836883545,0.7724827527999878,2.033205986022949,2.033205986022949,5,5
687,3287,specialized_enriched,active_fraction,0.008282067254185677,0.00407780846580863,2.0310094356536865,2.0310094356536865,36,5
688,204,specialized_enriched,mean,0.051261983811855316,0.025301489979028702,2.02604603767395,2.02604603767395,34,5
689,12500,specialized_enriched,mean,0.08515645563602448,0.042112164199352264,2.022134304046631,2.022134304046631,44,5
690,4352,specialized_enriched,max,1.2801856994628906,0.6332957148551941,2.021466016769409,2.021466016769409,37,5
691,1731,specialized_enriched,active_fraction,0.005633607506752014,0.002796473680064082,2.0145397186279297,2.0145397186279297,36,5
692,5210,specialized_enriched,mean,0.05300365015864372,0.026362834498286247,2.010544538497925,2.010544538497925,19,5
693,5534,specialized_enriched,active_fraction,0.020417671650648117,0.01016442384570837,2.0087387561798096,2.0087387561798096,48,5
694,4351,specialized_enriched,mean,0.1088399589061737,0.0542571134865284,2.0060033798217773,2.0060033798217773,41,5
695,4192,specialized_enriched,active_fraction,0.00716450996696949,0.003572901012375951,2.0052361488342285,2.0052361488342285,25,5
696,16142,specialized_enriched,active_fraction,0.01620997115969658,0.008112063631415367,1.9982548952102661,1.9982548952102661,18,5
697,209,specialized_enriched,active_fraction,0.015327002853155136,0.007673139218240976,1.9974879026412964,1.9974879026412964,46,5
698,6051,specialized_enriched,active_fraction,0.028241656720638275,0.014154168777167797,1.9952889680862427,1.9952889680862427,43,5
699,9651,specialized_enriched,max,1.930511474609375,0.9679819345474243,1.994367241859436,1.994367241859436,38,5
700,2541,specialized_enriched,active_fraction,0.011421563103795052,0.005727710202336311,1.994088888168335,1.994088888168335,34,5
701,14803,specialized_enriched,active_fraction,0.006141845136880875,0.0030819957610219717,1.992814302444458,1.992814302444458,14,5
702,4950,specialized_enriched,mean,0.09004434943199158,0.04536204785108566,1.9850150346755981,1.9850150346755981,35,5
703,6285,specialized_enriched,mean,0.23279422521591187,0.1176191046833992,1.979221224784851,1.979221224784851,45,5
704,3681,specialized_enriched,mean,0.05406932905316353,0.027326950803399086,1.978608250617981,1.978608250617981,16,5
705,3457,specialized_enriched,mean,0.10427622497081757,0.052732568234205246,1.9774539470672607,1.9774539470672607,6,5
706,6119,specialized_enriched,active_fraction,0.024090241640806198,0.012233369052410126,1.9692238569259644,1.9692238569259644,24,5
707,14973,specialized_enriched,mean,0.08939829468727112,0.04544166103005409,1.9673200845718384,1.9673200845718384,43,5
708,324,specialized_enriched,active_fraction,0.009225064888596535,0.00468918401747942,1.9673070907592773,1.9673070907592773,39,5
709,6685,specialized_enriched,active_fraction,0.010368420742452145,0.005276196636259556,1.9651316404342651,1.9651316404342651,10,5
710,13760,specialized_enriched,mean,0.1504863202571869,0.07663079351186752,1.9637839794158936,1.9637839794158936,19,5
711,11485,specialized_enriched,mean,0.17544901371002197,0.08948102593421936,1.9607398509979248,1.9607398509979248,7,5
712,2911,specialized_enriched,active_fraction,0.046788834035396576,0.02387191914021969,1.9599946737289429,1.9599946737289429,34,5
713,10196,specialized_enriched,active_fraction,0.010595038533210754,0.005407282616943121,1.9594016075134277,1.9594016075134277,33,5
714,15667,specialized_enriched,mean,0.05915772542357445,0.030220994725823402,1.9575042724609375,1.9575042724609375,10,5
715,11667,specialized_enriched,mean,0.12070387601852417,0.061775367707014084,1.9539159536361694,1.9539159536361694,15,5
716,14083,specialized_enriched,mean,0.08623911440372467,0.044146157801151276,1.9534908533096313,1.9534908533096313,47,5
717,15899,specialized_enriched,active_fraction,0.021604590117931366,0.011063715443015099,1.9527426958084106,1.9527426958084106,44,5
718,243,specialized_enriched,mean,0.08252720534801483,0.04232364147901535,1.949907898902893,1.949907898902893,20,5
719,3600,specialized_enriched,mean,0.11823392659425735,0.060673944652080536,1.9486770629882812,1.9486770629882812,17,5
720,14535,specialized_enriched,active_fraction,0.011925380676984787,0.006123958621174097,1.9473320245742798,1.9473320245742798,22,5
721,15736,specialized_enriched,mean,0.09449949860572815,0.048558663576841354,1.9460893869400024,1.9460893869400024,50,5
722,14314,specialized_enriched,mean,0.09262081235647202,0.04768533259630203,1.9423333406448364,1.9423333406448364,11,5
723,11881,specialized_enriched,mean,0.06361036002635956,0.032779209315776825,1.94057035446167,1.94057035446167,9,5
724,569,specialized_enriched,mean,0.04606562852859497,0.023785464465618134,1.936713457107544,1.936713457107544,17,5
725,188,specialized_enriched,mean,0.10509669780731201,0.05438123643398285,1.932591199874878,1.932591199874878,16,5
726,1853,specialized_enriched,mean,0.08821751922369003,0.04568130150437355,1.9311516284942627,1.9311516284942627,19,5
727,10753,specialized_enriched,active_fraction,0.03132307901978493,0.016223281621932983,1.930748701095581,1.930748701095581,34,5
728,16290,specialized_enriched,active_fraction,0.017388228327035904,0.009011423215270042,1.9295762777328491,1.9295762777328491,38,5
729,388,specialized_enriched,mean,0.12984929978847504,0.06733566522598267,1.9283881187438965,1.9283881187438965,8,5
730,6717,specialized_enriched,active_fraction,0.008357003331184387,0.0043356469832360744,1.927510142326355,1.927510142326355,35,5
731,6869,specialized_enriched,active_fraction,0.014993101358413696,0.007778701838105917,1.9274554252624512,1.9274554252624512,18,5
732,4246,specialized_enriched,active_fraction,0.01072702743113041,0.005567886400967836,1.926588773727417,1.926588773727417,30,5
733,4143,specialized_enriched,active_fraction,0.007827123627066612,0.004064169246703386,1.9258852005004883,1.9258852005004883,18,5
734,609,specialized_enriched,active_fraction,0.005345304496586323,0.0027778649237006903,1.924249291419983,1.924249291419983,14,5
735,577,specialized_enriched,mean,0.12839658558368683,0.06674467027187347,1.9236979484558105,1.9236979484558105,39,5
736,1521,specialized_enriched,active_fraction,0.011735722422599792,0.006118812598288059,1.9179738759994507,1.9179738759994507,40,5
737,7009,specialized_enriched,mean,0.07369779050350189,0.03846524655818939,1.9159578084945679,1.9159578084945679,29,5
738,9272,specialized_enriched,mean,0.2108980119228363,0.11022910475730896,1.9132697582244873,1.9132697582244873,11,5
739,9558,specialized_enriched,mean,0.07220183312892914,0.03777517378330231,1.9113566875457764,1.9113566875457764,28,5
740,10040,specialized_enriched,mean,0.07122521102428436,0.03726795315742493,1.9111651182174683,1.9111651182174683,37,5
741,8284,specialized_enriched,active_fraction,0.010457813739776611,0.0054929968900978565,1.9038448333740234,1.9038448333740234,25,5
742,16081,specialized_enriched,active_fraction,0.0025997553020715714,0.0013673624489456415,1.9012919664382935,1.9012919664382935,15,5
743,7398,specialized_enriched,mean,0.04225291311740875,0.022338395938277245,1.8914927244186401,1.8914927244186401,22,5
744,11586,specialized_enriched,active_fraction,0.013178937137126923,0.006986673921346664,1.886296272277832,1.886296272277832,28,5
745,5928,specialized_enriched,active_fraction,0.031455229967832565,0.016685253009200096,1.88521146774292,1.88521146774292,21,5
746,11142,specialized_enriched,active_fraction,0.030430186539888382,0.016151174902915955,1.8840850591659546,1.8840850591659546,31,5
747,4745,specialized_enriched,active_fraction,0.020454393699765205,0.010876153595745564,1.880664348602295,1.880664348602295,24,5
748,11023,specialized_enriched,active_fraction,0.004057399928569794,0.0021606122609227896,1.8778935670852661,1.8778935670852661,23,5
749,14242,specialized_enriched,mean,0.07951589673757553,0.04236201196908951,1.8770567178726196,1.8770567178726196,7,5
750,6268,specialized_enriched,active_fraction,0.004064882639795542,0.0021730002481490374,1.870631456375122,1.870631456375122,15,5
751,10466,specialized_enriched,active_fraction,0.037688449025154114,0.020157601684331894,1.8696891069412231,1.8696891069412231,48,5
752,8908,specialized_enriched,active_fraction,0.02637680247426033,0.014125621877610683,1.8673020601272583,1.8673020601272583,25,5
753,15646,specialized_enriched,active_fraction,0.0040388042107224464,0.0021639878395944834,1.8663710355758667,1.8663710355758667,12,5
754,3531,specialized_enriched,mean,0.06445923447608948,0.03457660973072052,1.8642438650131226,1.8642438650131226,37,5
755,18,specialized_enriched,active_fraction,0.030972536653280258,0.01665586419403553,1.8595575094223022,1.8595575094223022,31,5
756,10107,specialized_enriched,active_fraction,0.021256478503346443,0.011431852355599403,1.8594080209732056,1.8594080209732056,21,5
757,13389,specialized_enriched,mean,0.08921970427036285,0.0480198971927166,1.8579736948013306,1.8579736948013306,16,5
758,7834,specialized_enriched,mean,0.058692045509815216,0.03159516304731369,1.857627511024475,1.857627511024475,32,5
759,13550,specialized_enriched,active_fraction,0.008378634229302406,0.004522299859672785,1.8527374267578125,1.8527374267578125,25,5
760,1078,specialized_enriched,active_fraction,0.008550288155674934,0.004617867525666952,1.8515663146972656,1.8515663146972656,34,5
761,5234,specialized_enriched,active_fraction,0.015793796628713608,0.008534779772162437,1.8505219221115112,1.8505219221115112,15,5
762,9957,specialized_enriched,mean,0.07687845826148987,0.04159978777170181,1.848049283027649,1.848049283027649,39,5
763,5163,specialized_enriched,mean,0.06627124547958374,0.035864513367414474,1.8478221893310547,1.8478221893310547,19,5
764,15908,specialized_enriched,mean,0.06253093481063843,0.03385433554649353,1.8470584154129028,1.8470584154129028,37,5
765,16170,specialized_enriched,active_fraction,0.007323702797293663,0.0039664264768362045,1.8464233875274658,1.8464233875274658,38,5
766,1180,specialized_enriched,mean,0.12952621281147003,0.07018838077783585,1.8454082012176514,1.8454082012176514,15,5
767,11208,specialized_enriched,mean,0.09863325953483582,0.05354919284582138,1.841918706893921,1.841918706893921,44,5
768,1127,specialized_enriched,active_fraction,0.010470222681760788,0.00568445073440671,1.8419058322906494,1.8419058322906494,7,5
769,11416,specialized_enriched,active_fraction,0.008478349074721336,0.004612015560269356,1.8383175134658813,1.8383175134658813,18,5
770,5643,specialized_enriched,active_fraction,0.046932339668273926,0.02556440979242325,1.8358467817306519,1.8358467817306519,44,5
771,2710,specialized_enriched,active_fraction,0.013943087309598923,0.007598542142659426,1.8349686861038208,1.8349686861038208,20,5
772,2224,specialized_enriched,active_fraction,0.01518317125737667,0.008277269080281258,1.83432137966156,1.83432137966156,25,5
773,3408,specialized_enriched,mean,0.17716605961322784,0.09661708772182465,1.8336927890777588,1.8336927890777588,34,5
774,14400,specialized_enriched,mean,0.08904942870140076,0.04857490956783295,1.833239197731018,1.833239197731018,8,5
775,15144,specialized_enriched,mean,0.05459603667259216,0.029831307008862495,1.830159068107605,1.830159068107605,7,5
776,14137,specialized_enriched,active_fraction,0.01746421493589878,0.009544684551656246,1.829732060432434,1.829732060432434,31,5
777,7481,specialized_enriched,mean,0.05441470444202423,0.02975628711283207,1.8286792039871216,1.8286792039871216,48,5
778,11935,specialized_enriched,active_fraction,0.03090372309088707,0.016978777945041656,1.8201382160186768,1.8201382160186768,24,5
779,2310,specialized_enriched,active_fraction,0.008798826485872269,0.004845710936933756,1.8157968521118164,1.8157968521118164,38,5
780,933,specialized_enriched,mean,0.061829812824726105,0.03405288606882095,1.815699577331543,1.815699577331543,13,5
781,4800,specialized_enriched,active_fraction,0.0025653850752860308,0.0014130540657788515,1.815489649772644,1.815489649772644,10,5
782,9150,specialized_enriched,active_fraction,0.00584834348410368,0.00322845415212214,1.8114995956420898,1.8114995956420898,15,5
783,6990,specialized_enriched,mean,0.04484118893742561,0.02476569451391697,1.8106170892715454,1.8106170892715454,20,5
784,231,specialized_enriched,mean,0.07458120584487915,0.041287779808044434,1.8063747882843018,1.8063747882843018,41,5
785,8183,specialized_enriched,active_fraction,0.017167575657367706,0.009537643752992153,1.7999807596206665,1.7999807596206665,41,5
786,12527,specialized_enriched,active_fraction,0.00786699540913105,0.004372857976704836,1.7990511655807495,1.7990511655807495,26,5
787,14357,specialized_enriched,active_fraction,0.015713995322585106,0.008737947791814804,1.7983622550964355,1.7983622550964355,26,5
788,4188,specialized_enriched,active_fraction,0.006689447909593582,0.0037229391746222973,1.7968189716339111,1.7968189716339111,43,5
789,7072,specialized_enriched,mean,0.11396987736225128,0.06353776901960373,1.7937343120574951,1.7937343120574951,15,5
790,9827,specialized_enriched,mean,0.0997486561536789,0.05567225068807602,1.7917122840881348,1.7917122840881348,17,5
791,13062,specialized_enriched,active_fraction,0.008987288922071457,0.005024285987019539,1.7887693643569946,1.7887693643569946,40,5
792,13270,specialized_enriched,mean,0.07732979953289032,0.04325036704540253,1.7879570722579956,1.7879570722579956,6,5
793,461,specialized_enriched,active_fraction,0.01149091124534607,0.0064333598129451275,1.7861446142196655,1.7861446142196655,21,5
794,11384,specialized_enriched,mean,0.05266938358545303,0.029489073902368546,1.7860643863677979,1.7860643863677979,12,5
795,10127,specialized_enriched,mean,0.046204641461372375,0.02590014785528183,1.7839528322219849,1.7839528322219849,34,5
796,14334,specialized_enriched,active_fraction,0.019050169736146927,0.010690415278077126,1.7819859981536865,1.7819859981536865,19,5
797,5101,specialized_enriched,mean,0.07085144519805908,0.03976413980126381,1.7817925214767456,1.7817925214767456,45,5
798,15837,specialized_enriched,max,1.4553699493408203,0.8180254101753235,1.7791255712509155,1.7791255712509155,37,5
799,12016,specialized_enriched,active_fraction,0.017501134425401688,0.009838010184466839,1.7789303064346313,1.7789303064346313,16,5
800,13439,specialized_enriched,mean,0.01833665929734707,0.010308237746357918,1.7788355350494385,1.7788355350494385,12,5
801,11218,specialized_enriched,mean,0.09351328015327454,0.0526692159473896,1.7754826545715332,1.7754826545715332,23,5
802,8992,specialized_enriched,active_fraction,0.002228248631581664,0.0012557044392451644,1.774500846862793,1.774500846862793,15,5
803,1374,specialized_enriched,active_fraction,0.030597176402807236,0.01725519634783268,1.7732151746749878,1.7732151746749878,32,5
804,1311,specialized_enriched,active_fraction,0.0088877584785223,0.005014104302972555,1.7725515365600586,1.7725515365600586,8,5
805,14515,specialized_enriched,mean,0.040095776319503784,0.02263656072318554,1.7712839841842651,1.7712839841842651,19,5
806,11784,specialized_enriched,active_fraction,0.027797311544418335,0.015725664794445038,1.7676398754119873,1.7676398754119873,50,5
807,809,specialized_enriched,active_fraction,0.015437066555023193,0.008741425350308418,1.765966773033142,1.765966773033142,39,5
808,14789,specialized_enriched,mean,0.04892416298389435,0.027767479419708252,1.76192307472229,1.76192307472229,40,5
809,4159,specialized_enriched,active_fraction,0.010553471744060516,0.005990395322442055,1.7617321014404297,1.7617321014404297,38,5
810,4113,specialized_enriched,mean,0.05449073016643524,0.030934514477849007,1.761486530303955,1.761486530303955,28,5
811,3697,specialized_enriched,active_fraction,0.003983506001532078,0.0022643383126705885,1.759236216545105,1.759236216545105,11,5
812,10280,specialized_enriched,active_fraction,0.01627029851078987,0.009273028001189232,1.7545831203460693,1.7545831203460693,20,5
813,873,specialized_enriched,active_fraction,0.021443910896778107,0.012246398255228996,1.7510381937026978,1.7510381937026978,17,5
814,15504,specialized_enriched,active_fraction,0.010828347876667976,0.006188453175127506,1.74976646900177,1.74976646900177,28,5
815,12598,specialized_enriched,mean,0.1013452485203743,0.058022063225507736,1.7466673851013184,1.7466673851013184,17,5
816,5492,specialized_enriched,active_fraction,0.02309228852391243,0.013232622295618057,1.7451030015945435,1.7451030015945435,27,5
817,11627,specialized_enriched,mean,0.036139629781246185,0.020733634009957314,1.7430436611175537,1.7430436611175537,11,5
818,8564,specialized_enriched,active_fraction,0.01723909191787243,0.009900609962642193,1.7412151098251343,1.7412151098251343,18,5
819,2360,specialized_enriched,mean,0.11583999544382095,0.0665953978896141,1.73945951461792,1.73945951461792,16,5
820,15890,specialized_enriched,mean,0.05902072787284851,0.033931076526641846,1.7394298315048218,1.7394298315048218,43,5
821,929,specialized_enriched,mean,0.03280327469110489,0.01891014538705349,1.734691858291626,1.734691858291626,35,5
822,11724,specialized_enriched,active_fraction,0.012439338490366936,0.007186454720795155,1.7309422492980957,1.7309422492980957,21,5
823,535,specialized_enriched,active_fraction,0.01104268990457058,0.006382564082741737,1.7301337718963623,1.7301337718963623,38,5
824,1622,specialized_enriched,mean,0.04469761997461319,0.025835614651441574,1.7300776243209839,1.7300776243209839,21,5
825,2858,specialized_enriched,mean,0.12195557355880737,0.07053989171981812,1.7288880348205566,1.7288880348205566,37,5
826,13253,specialized_enriched,active_fraction,0.004158571362495422,0.0024094334803521633,1.7259540557861328,1.7259540557861328,8,5
827,9007,specialized_enriched,max,1.3822648525238037,0.8039599657058716,1.71932053565979,1.71932053565979,23,5
828,10257,specialized_enriched,active_fraction,0.01630263216793537,0.009503773413598537,1.7153851985931396,1.7153851985931396,32,5
829,14448,specialized_enriched,active_fraction,0.0038688741624355316,0.0022554316092282534,1.7153586149215698,1.7153586149215698,17,5
830,552,specialized_enriched,active_fraction,0.00935560092329979,0.005465101916342974,1.7118804454803467,1.7118804454803467,33,5
831,3878,specialized_enriched,mean,0.030701734125614166,0.017959313467144966,1.7095160484313965,1.7095160484313965,19,5
832,7525,specialized_enriched,active_fraction,0.00826120376586914,0.004837815649807453,1.70763099193573,1.70763099193573,18,5
833,7755,specialized_enriched,active_fraction,0.014091655611991882,0.008254126645624638,1.7072255611419678,1.7072255611419678,32,5
834,3961,specialized_enriched,active_fraction,0.02887341007590294,0.016919326037168503,1.7065342664718628,1.7065342664718628,34,5
835,2924,specialized_enriched,active_fraction,0.011479426175355911,0.006733828689903021,1.7047398090362549,1.7047398090362549,39,5
836,9219,specialized_enriched,mean,0.05833302438259125,0.034241605550050735,1.7035715579986572,1.7035715579986572,26,5
837,7109,specialized_enriched,mean,0.054755792021751404,0.03217412158846855,1.7018581628799438,1.7018581628799438,35,5
838,6232,specialized_enriched,active_fraction,0.009140633046627045,0.005376777146011591,1.7000207901000977,1.7000207901000977,31,5
839,10088,specialized_enriched,mean,0.08890625834465027,0.05234731733798981,1.6983919143676758,1.6983919143676758,28,5
840,1848,specialized_enriched,mean,0.04006657749414444,0.02374120056629181,1.6876391172409058,1.6876391172409058,14,5
841,9860,specialized_enriched,active_fraction,0.005970219615846872,0.003539494937285781,1.6867433786392212,1.6867433786392212,12,5
842,11252,specialized_enriched,mean,0.1587580144405365,0.09422523528337479,1.684877872467041,1.684877872467041,41,5
843,9941,specialized_enriched,mean,0.05895846709609032,0.035011742264032364,1.6839627027511597,1.6839627027511597,7,5
844,6974,specialized_enriched,active_fraction,0.0245063453912735,0.014577202498912811,1.6811418533325195,1.6811418533325195,23,5
845,11533,specialized_enriched,active_fraction,0.009027073159813881,0.005372223444283009,1.6803234815597534,1.6803234815597534,37,5
846,460,specialized_enriched,active_fraction,0.014689609408378601,0.008752083405852318,1.678412914276123,1.678412914276123,21,5
847,2345,specialized_enriched,mean,0.0629223957657814,0.03750511631369591,1.677701711654663,1.677701711654663,29,5
848,1726,specialized_enriched,active_fraction,0.005571700632572174,0.003326255828142166,1.6750668287277222,1.6750668287277222,6,5
849,7571,specialized_enriched,active_fraction,0.016556138172745705,0.0098984120413661,1.6726055145263672,1.6726055145263672,24,5
850,14378,specialized_enriched,active_fraction,0.010420698672533035,0.006230582017451525,1.6725081205368042,1.6725081205368042,41,5
851,16354,specialized_enriched,mean,0.06488347053527832,0.038916878402233124,1.6672321557998657,1.6672321557998657,17,5
852,5188,specialized_enriched,mean,0.03716718405485153,0.0223887600004673,1.6600823402404785,1.6600823402404785,27,5
853,5708,specialized_enriched,mean,0.0601399689912796,0.0363578237593174,1.654113531112671,1.654113531112671,6,5
854,4817,specialized_enriched,mean,0.05707421898841858,0.03451867401599884,1.6534302234649658,1.6534302234649658,34,5
855,5751,specialized_enriched,active_fraction,0.012153822928667068,0.007352506276220083,1.6530176401138306,1.6530176401138306,38,5
856,11191,specialized_enriched,active_fraction,0.004900525324046612,0.0029659236315637827,1.6522762775421143,1.6522762775421143,30,5
857,13151,specialized_enriched,max,0.9332798719406128,0.565002977848053,1.6518141031265259,1.6518141031265259,16,5
858,8288,specialized_enriched,active_fraction,0.004627068527042866,0.0028116689063608646,1.645666241645813,1.645666241645813,19,5
859,8097,specialized_enriched,active_fraction,0.007904887199401855,0.004808128345757723,1.644067406654358,1.644067406654358,12,5
860,13,specialized_enriched,mean,0.027127012610435486,0.01651676557958126,1.6423925161361694,1.6423925161361694,16,5
861,10194,specialized_enriched,active_fraction,0.017488006502389908,0.010687766596674919,1.6362638473510742,1.6362638473510742,36,5
862,5687,specialized_enriched,active_fraction,0.008046894334256649,0.004952296614646912,1.624881386756897,1.624881386756897,17,5
863,15321,specialized_enriched,mean,0.07164907455444336,0.044109512120485306,1.6243451833724976,1.6243451833724976,14,5
864,15975,specialized_enriched,active_fraction,0.004131492227315903,0.002544534159824252,1.6236733198165894,1.6236733198165894,27,5
865,15097,specialized_enriched,active_fraction,0.014033706858754158,0.00866570882499218,1.6194528341293335,1.6194528341293335,18,5
866,9632,specialized_enriched,mean,0.06101913005113602,0.03775714337825775,1.616094946861267,1.616094946861267,15,5
867,11532,specialized_enriched,active_fraction,0.0032212298829108477,0.001993432641029358,1.615921139717102,1.615921139717102,6,5
868,14918,specialized_enriched,mean,0.06074371561408043,0.037619560956954956,1.6146843433380127,1.6146843433380127,13,5
869,9143,specialized_enriched,active_fraction,0.0037925175856798887,0.002351266797631979,1.6129677295684814,1.6129677295684814,7,5
870,10985,specialized_enriched,active_fraction,0.01770414412021637,0.010984011925756931,1.611810326576233,1.611810326576233,28,5
871,1094,specialized_enriched,active_fraction,0.004427547566592693,0.002747562248259783,1.6114457845687866,1.6114457845687866,21,5
872,4730,specialized_enriched,active_fraction,0.004145744722336531,0.002573770936578512,1.6107667684555054,1.6107667684555054,11,5
873,3537,specialized_enriched,mean,0.04440402239561081,0.02760026603937149,1.608825922012329,1.608825922012329,37,5
874,8491,specialized_enriched,active_fraction,0.008020197041332722,0.004986104089766741,1.6085097789764404,1.6085097789764404,13,5
875,14262,specialized_enriched,active_fraction,0.00526696490123868,0.003277858253568411,1.6068311929702759,1.6068311929702759,16,5
876,7616,specialized_enriched,active_fraction,0.013279473409056664,0.008336396887898445,1.5929511785507202,1.5929511785507202,21,5
877,912,specialized_enriched,mean,0.04304464906454086,0.02702808380126953,1.5925897359848022,1.5925897359848022,33,5
878,9788,specialized_enriched,active_fraction,0.009822936728596687,0.006169007625430822,1.5923042297363281,1.5923042297363281,22,5
879,11885,specialized_enriched,active_fraction,0.00888006016612053,0.005582047626376152,1.590824842453003,1.590824842453003,21,5
880,11953,specialized_enriched,active_fraction,0.0060989148914813995,0.00384021014906466,1.588172197341919,1.588172197341919,18,5
881,3170,specialized_enriched,active_fraction,0.02859725058078766,0.01801304891705513,1.587585210800171,1.587585210800171,46,5
882,6949,specialized_enriched,mean,0.03338667005300522,0.02107548527419567,1.5841472148895264,1.5841472148895264,6,5
883,14435,specialized_enriched,active_fraction,0.004132295958697796,0.0026134385261684656,1.5811721086502075,1.5811721086502075,28,5
884,9660,specialized_enriched,mean,0.08646801114082336,0.054691437631845474,1.5810154676437378,1.5810154676437378,49,5
885,14404,specialized_enriched,active_fraction,0.007007647771388292,0.004451415967196226,1.574251413345337,1.574251413345337,14,5
886,801,specialized_enriched,mean,0.04574159160256386,0.029143067076802254,1.5695531368255615,1.5695531368255615,20,5
887,13514,specialized_enriched,mean,0.05345001071691513,0.03411545604467392,1.5667388439178467,1.5667388439178467,11,5
888,15320,specialized_enriched,mean,0.1489812731742859,0.09511666744947433,1.566300392150879,1.566300392150879,48,5
889,11890,specialized_enriched,mean,0.13364960253238678,0.08547106385231018,1.5636824369430542,1.5636824369430542,12,5
890,5105,specialized_enriched,active_fraction,0.03837212920188904,0.024562446400523186,1.562227487564087,1.562227487564087,24,5
891,438,specialized_enriched,active_fraction,0.00918896310031414,0.005887409206479788,1.5607820749282837,1.5607820749282837,9,5
892,10502,specialized_enriched,mean,0.06345188617706299,0.04067295789718628,1.5600509643554688,1.5600509643554688,40,5
893,13556,specialized_enriched,active_fraction,0.013836126774549484,0.008886147290468216,1.557044506072998,1.557044506072998,25,5
894,15368,specialized_enriched,mean,0.017362073063850403,0.01117629837244749,1.553472638130188,1.553472638130188,12,5
895,9337,specialized_enriched,active_fraction,0.0339759886264801,0.02191288024187088,1.550503134727478,1.550503134727478,29,5
896,7085,specialized_enriched,active_fraction,0.011257646605372429,0.007265850901603699,1.5493913888931274,1.5493913888931274,30,5
897,9741,specialized_enriched,mean,0.12235300242900848,0.07911820709705353,1.5464582443237305,1.5464582443237305,27,5
898,15137,specialized_enriched,active_fraction,0.017989665269851685,0.011658080853521824,1.5431069135665894,1.5431069135665894,48,5
899,6304,specialized_enriched,mean,0.03809601441025734,0.02478245459496975,1.537217140197754,1.537217140197754,12,5
900,4844,specialized_enriched,max,0.8035522103309631,0.5232126116752625,1.5358043909072876,1.5358043909072876,10,5
901,10888,specialized_enriched,active_fraction,0.02753896266222,0.017944883555173874,1.5346415042877197,1.5346415042877197,39,5
902,10512,specialized_enriched,active_fraction,0.019897323101758957,0.012974460609257221,1.5335761308670044,1.5335761308670044,29,5
903,374,specialized_enriched,active_fraction,0.010485177859663963,0.006850149016827345,1.5306495428085327,1.5306495428085327,27,5
904,10478,specialized_enriched,mean,0.031012721359729767,0.02029385417699814,1.528182864189148,1.528182864189148,20,5
905,10623,specialized_enriched,max,1.1048526763916016,0.7229934930801392,1.528164029121399,1.528164029121399,24,5
906,4857,specialized_enriched,mean,0.06181520223617554,0.04047461226582527,1.5272586345672607,1.5272586345672607,29,5
907,7261,specialized_enriched,active_fraction,0.016645265743136406,0.010903850197792053,1.5265493392944336,1.5265493392944336,26,5
908,10085,specialized_enriched,mean,0.05066898465156555,0.033277109265327454,1.5226378440856934,1.5226378440856934,43,5
909,9997,specialized_enriched,active_fraction,0.016394654288887978,0.01077268272638321,1.521872878074646,1.521872878074646,27,5
910,1819,specialized_enriched,active_fraction,0.013797275722026825,0.009070535190403461,1.5211093425750732,1.5211093425750732,15,5
911,4111,specialized_enriched,mean,0.10111316293478012,0.06650940328836441,1.5202836990356445,1.5202836990356445,15,5
912,11445,specialized_enriched,active_fraction,0.038611605763435364,0.025435322895646095,1.5180308818817139,1.5180308818817139,40,5
913,1159,specialized_enriched,active_fraction,0.011356865987181664,0.007507374510169029,1.5127613544464111,1.5127613544464111,23,5
914,5126,specialized_enriched,mean,0.0686822235584259,0.04553794115781784,1.5082417726516724,1.5082417726516724,46,5
915,3713,specialized_enriched,active_fraction,0.003302916418761015,0.00219131913036108,1.5072730779647827,1.5072730779647827,9,5
916,5290,specialized_enriched,active_fraction,0.0064893849194049835,0.004311326891183853,1.5051943063735962,1.5051943063735962,28,5
917,10828,specialized_enriched,mean,0.045204415917396545,0.03007870353758335,1.5028711557388306,1.5028711557388306,38,5
918,11094,specialized_enriched,active_fraction,0.027771811932325363,0.018534360453486443,1.4983960390090942,1.4983960390090942,8,5
919,9046,specialized_enriched,mean,0.04439430683851242,0.029649915173649788,1.4972827434539795,1.4972827434539795,25,5
920,6985,specialized_enriched,active_fraction,0.005085131153464317,0.00341303669847548,1.4899139404296875,1.4899139404296875,20,5
921,12040,specialized_enriched,active_fraction,0.005707123316824436,0.003831248264759779,1.4896249771118164,1.4896249771118164,26,5
922,10291,specialized_enriched,mean,0.03843770548701286,0.02583952061831951,1.487554907798767,1.487554907798767,20,5
923,9736,specialized_enriched,active_fraction,0.014982044696807861,0.01008055079728365,1.4862327575683594,1.4862327575683594,45,5
924,1346,specialized_enriched,active_fraction,0.02670297771692276,0.01797688752412796,1.4854060411453247,1.4854060411453247,39,5
925,796,specialized_enriched,active_fraction,0.00356494658626616,0.0024020608980208635,1.4841200113296509,1.4841200113296509,10,5
926,4661,specialized_enriched,mean,0.07292861491441727,0.04934307560324669,1.4779908657073975,1.4779908657073975,27,5
927,237,specialized_enriched,active_fraction,0.018315527588129044,0.012430744245648384,1.4734055995941162,1.4734055995941162,27,5
928,4280,specialized_enriched,active_fraction,0.010655577294528484,0.007237146608531475,1.4723451137542725,1.4723451137542725,12,5
929,1241,specialized_enriched,active_fraction,0.007748506963253021,0.0052667646668851376,1.471208095550537,1.471208095550537,46,5
930,11428,specialized_enriched,active_fraction,0.010980896651744843,0.007466674316674471,1.4706542491912842,1.4706542491912842,30,5
931,4507,specialized_enriched,mean,0.053393132984638214,0.036361753940582275,1.4683871269226074,1.4683871269226074,20,5
932,10035,specialized_enriched,active_fraction,0.00862126424908638,0.00587534299120307,1.4673635959625244,1.4673635959625244,25,5
933,14105,specialized_enriched,active_fraction,0.007662395015358925,0.005229986738413572,1.4650888442993164,1.4650888442993164,16,5
934,6271,specialized_enriched,active_fraction,0.0072624571621418,0.0049587637186050415,1.464570164680481,1.464570164680481,38,5
935,6369,specialized_enriched,mean,0.06566842645406723,0.044984955340623856,1.4597864151000977,1.4597864151000977,5,5
936,6532,specialized_enriched,mean,0.13271310925483704,0.09092744439840317,1.4595495462417603,1.4595495462417603,16,5
937,15998,specialized_enriched,active_fraction,0.007761777378618717,0.0053182970732450485,1.4594478607177734,1.4594478607177734,20,5
938,6365,specialized_enriched,mean,0.04343247786164284,0.02979373186826706,1.4577723741531372,1.4577723741531372,18,5
939,1879,specialized_enriched,active_fraction,0.0035483166575431824,0.0024342541582882404,1.4576606750488281,1.4576606750488281,24,5
940,11992,specialized_enriched,active_fraction,0.027994267642498016,0.019214946776628494,1.4569005966186523,1.4569005966186523,40,5
941,6951,specialized_enriched,mean,0.04967895895242691,0.034102119505405426,1.456770420074463,1.456770420074463,16,5
942,4230,specialized_enriched,active_fraction,0.0019415714778006077,0.0013337209820747375,1.455755352973938,1.455755352973938,12,5
943,4051,specialized_enriched,mean,0.03568074479699135,0.02456400915980339,1.4525619745254517,1.4525619745254517,19,5
944,3441,specialized_enriched,active_fraction,0.008523267693817616,0.005877741612493992,1.4500923156738281,1.4500923156738281,13,5
945,11322,specialized_enriched,mean,0.040658190846443176,0.02808498963713646,1.4476840496063232,1.4476840496063232,40,5
946,12858,specialized_enriched,active_fraction,0.01388760469853878,0.009593624621629715,1.4475868940353394,1.4475868940353394,21,5
947,13390,specialized_enriched,active_fraction,0.008229251019656658,0.005688243079930544,1.4467122554779053,1.4467122554779053,20,5
948,3554,specialized_enriched,active_fraction,0.011046944186091423,0.0076409983448684216,1.4457461833953857,1.4457461833953857,24,5
949,14125,specialized_enriched,mean,0.06689711660146713,0.04629074037075043,1.4451510906219482,1.4451510906219482,15,5
950,15449,specialized_enriched,mean,0.045327261090278625,0.031444985419511795,1.4414782524108887,1.4414782524108887,15,5
951,10687,specialized_enriched,mean,0.041208550333976746,0.028647378087043762,1.438475489616394,1.438475489616394,20,5
952,743,specialized_enriched,mean,0.057845838367938995,0.04035252332687378,1.4335123300552368,1.4335123300552368,22,5
953,7399,specialized_enriched,active_fraction,0.009127347730100155,0.006367419846355915,1.4334452152252197,1.4334452152252197,14,5
954,15548,specialized_enriched,active_fraction,0.017517924308776855,0.01223012711852789,1.4323582649230957,1.4323582649230957,38,5
955,2325,specialized_enriched,active_fraction,0.012991970404982567,0.00907258689403534,1.4320029020309448,1.4320029020309448,27,5
956,5635,specialized_enriched,active_fraction,0.00890805572271347,0.006221096031367779,1.4319109916687012,1.4319109916687012,40,5
957,3777,specialized_enriched,active_fraction,0.002186630154028535,0.0015277327038347721,1.431291103363037,1.431291103363037,11,5
958,4598,specialized_enriched,mean,0.040286801755428314,0.028229638934135437,1.4271100759506226,1.4271100759506226,13,5
959,9905,specialized_enriched,mean,0.03448273986577988,0.024199608713388443,1.4249296188354492,1.4249296188354492,12,5
960,2861,specialized_enriched,active_fraction,0.015055720694363117,0.010569242760539055,1.424484372138977,1.424484372138977,15,5
961,13506,specialized_enriched,active_fraction,0.009427070617675781,0.006651507690548897,1.417283296585083,1.417283296585083,35,5
962,13413,specialized_enriched,active_fraction,0.007520823273807764,0.0053169624879956245,1.4144961833953857,1.4144961833953857,10,5
963,14700,specialized_enriched,mean,0.04837432876229286,0.034361496567726135,1.4078062772750854,1.4078062772750854,5,5
964,5238,specialized_enriched,active_fraction,0.008283916860818863,0.005887630395591259,1.4070035219192505,1.4070035219192505,22,5
965,11260,specialized_enriched,mean,0.05159638077020645,0.03676977381110191,1.4032281637191772,1.4032281637191772,19,5
966,16351,specialized_enriched,active_fraction,0.008160356432199478,0.0058243670500814915,1.4010717868804932,1.4010717868804932,36,5
967,10885,specialized_enriched,max,0.8655247688293457,0.6184756755828857,1.3994483947753906,1.3994483947753906,11,5
968,9929,specialized_enriched,active_fraction,0.007255576550960541,0.005186993628740311,1.3988019227981567,1.3988019227981567,44,5
969,15436,specialized_enriched,mean,0.033618293702602386,0.024108177050948143,1.3944767713546753,1.3944767713546753,14,5
970,15002,specialized_enriched,active_fraction,0.012020571157336235,0.008622825145721436,1.3940409421920776,1.3940409421920776,18,5
971,14622,specialized_enriched,active_fraction,0.0034363935701549053,0.0024748221039772034,1.3885416984558105,1.3885416984558105,7,5
972,4674,specialized_enriched,active_fraction,0.008016927167773247,0.0057783848606050014,1.3873993158340454,1.3873993158340454,11,5
973,11028,specialized_enriched,mean,0.0524587482213974,0.037885408848524094,1.3846689462661743,1.3846689462661743,29,5
974,7592,specialized_enriched,mean,0.08620951324701309,0.06229212507605553,1.3839552402496338,1.3839552402496338,28,5
975,4550,specialized_enriched,active_fraction,0.009854728356003761,0.007123560179024935,1.3833993673324585,1.3833993673324585,31,5
976,5521,specialized_enriched,active_fraction,0.013497302308678627,0.009760580956935883,1.3828380107879639,1.3828380107879639,22,5
977,12967,specialized_enriched,active_fraction,0.004856773652136326,0.0035207481123507023,1.379472017288208,1.379472017288208,29,5
978,3770,specialized_enriched,active_fraction,0.0109366774559021,0.00793150719255209,1.3788901567459106,1.3788901567459106,40,5
979,2129,specialized_enriched,mean,0.01471757609397173,0.010740192607045174,1.3703269958496094,1.3703269958496094,7,5
980,14410,specialized_enriched,active_fraction,0.02986987680196762,0.021872084587812424,1.3656620979309082,1.3656620979309082,26,5
981,1537,specialized_enriched,max,1.1220701932907104,0.8241711258888245,1.3614529371261597,1.3614529371261597,14,5
982,5275,specialized_enriched,mean,0.077188640832901,0.05682731792330742,1.3583016395568848,1.3583016395568848,8,5
983,9606,specialized_enriched,mean,0.06110179424285889,0.045096494257450104,1.354912281036377,1.354912281036377,23,5
984,9323,specialized_enriched,active_fraction,0.006350792944431305,0.004695287439972162,1.3525887727737427,1.3525887727737427,9,5
985,568,specialized_enriched,mean,0.04831944406032562,0.03580460697412491,1.3495315313339233,1.3495315313339233,21,5
986,14138,specialized_enriched,max,0.7618391513824463,0.5645576119422913,1.3494445085525513,1.3494445085525513,32,5
987,3379,specialized_enriched,active_fraction,0.005189100746065378,0.003846576437354088,1.3490179777145386,1.3490179777145386,8,5
988,14648,specialized_enriched,mean,0.0526110976934433,0.0390266478061676,1.348081350326538,1.348081350326538,6,5
989,9377,specialized_enriched,active_fraction,0.013140693306922913,0.009752514772117138,1.3474159240722656,1.3474159240722656,38,5
990,6184,specialized_enriched,mean,0.06695131957530975,0.04974677041172981,1.3458424806594849,1.3458424806594849,29,5
991,5192,specialized_enriched,active_fraction,0.03215358406305313,0.023905329406261444,1.3450382947921753,1.3450382947921753,41,5
992,9158,specialized_enriched,active_fraction,0.024045538157224655,0.017883557826280594,1.344561219215393,1.344561219215393,35,5
993,13584,specialized_enriched,active_fraction,0.022213749587535858,0.01653868891298771,1.3431384563446045,1.3431384563446045,40,5
994,328,specialized_enriched,active_fraction,0.0028083468787372112,0.00209306669421494,1.3417378664016724,1.3417378664016724,11,5
995,16213,specialized_enriched,active_fraction,0.002389513887465,0.0017814594320952892,1.341323733329773,1.341323733329773,7,5
996,975,specialized_enriched,active_fraction,0.017973586916923523,0.013402005657553673,1.3411117792129517,1.3411117792129517,44,5
997,1835,specialized_enriched,mean,0.07623577862977982,0.05686268210411072,1.3406996726989746,1.3406996726989746,6,5
998,1113,specialized_enriched,mean,0.04578400030732155,0.03417571261525154,1.3396648168563843,1.3396648168563843,28,5
999,3050,specialized_enriched,active_fraction,0.004989718087017536,0.003729551797732711,1.3378868103027344,1.3378868103027344,11,5
1000,9137,specialized_enriched,active_fraction,0.017192235216498375,0.012866291217505932,1.3362231254577637,1.3362231254577637,14,5
1001,1084,specialized_enriched,mean,0.020836804062128067,0.015595981851220131,1.3360366821289062,1.3360366821289062,23,5
1002,13172,specialized_enriched,max,0.6124979257583618,0.458988755941391,1.3344508409500122,1.3344508409500122,18,5
1003,10904,specialized_enriched,mean,0.04772675782442093,0.035784367471933365,1.333732008934021,1.333732008934021,20,5
1004,5478,specialized_enriched,mean,0.05927155166864395,0.04447013884782791,1.3328393697738647,1.3328393697738647,13,5
1005,12643,specialized_enriched,active_fraction,0.0033830637112259865,0.002540864748880267,1.3314615488052368,1.3314615488052368,25,5
1006,13859,specialized_enriched,active_fraction,0.009135585278272629,0.006868130061775446,1.330141544342041,1.330141544342041,36,5
1007,1824,specialized_enriched,mean,0.046176910400390625,0.034745316952466965,1.329011082649231,1.329011082649231,11,5
1008,9162,specialized_enriched,mean,0.023782245814800262,0.01792878471314907,1.326483964920044,1.326483964920044,7,5
1009,1424,specialized_enriched,active_fraction,0.00661879125982523,0.004993059206753969,1.3255983591079712,1.3255983591079712,18,5
1010,3203,specialized_enriched,active_fraction,0.007832864299416542,0.005917464382946491,1.323685884475708,1.323685884475708,25,5
1011,8474,specialized_enriched,mean,0.05988871306180954,0.045257341116666794,1.3232927322387695,1.3232927322387695,12,5
1012,6405,specialized_enriched,active_fraction,0.021787527948617935,0.016481703147292137,1.3219220638275146,1.3219220638275146,18,5
1013,12823,specialized_enriched,active_fraction,0.006805470213294029,0.005163698457181454,1.317944884300232,1.317944884300232,26,5
1014,2741,specialized_enriched,active_fraction,0.004585569724440575,0.003503884421661496,1.3087103366851807,1.3087103366851807,12,5
1015,12115,specialized_enriched,active_fraction,0.014719463884830475,0.01126524992287159,1.3066256046295166,1.3066256046295166,26,5
1016,8752,specialized_enriched,mean,0.11128970980644226,0.08533630520105362,1.3041309118270874,1.3041309118270874,26,5
1017,7329,specialized_enriched,active_fraction,0.007721789181232452,0.005923183634877205,1.3036551475524902,1.3036551475524902,16,5
1018,12226,specialized_enriched,active_fraction,0.019014280289411545,0.014593455940485,1.3029320240020752,1.3029320240020752,30,5
1019,14676,specialized_enriched,active_fraction,0.011727835983037949,0.009013351052999496,1.3011627197265625,1.3011627197265625,19,5
1020,705,specialized_enriched,mean,0.04076216369867325,0.03137391060590744,1.299237608909607,1.299237608909607,15,5
1021,15828,specialized_enriched,mean,0.03373342752456665,0.02597237564623356,1.2988195419311523,1.2988195419311523,12,5
1022,12058,specialized_enriched,mean,0.04707162082195282,0.036292482167482376,1.297007441520691,1.297007441520691,21,5
1023,14041,specialized_enriched,mean,0.023352865129709244,0.018016470596194267,1.296195387840271,1.296195387840271,12,5
1024,12526,specialized_enriched,mean,0.025352947413921356,0.019590625539422035,1.294136643409729,1.294136643409729,8,5
1025,3653,specialized_enriched,active_fraction,0.010872788727283478,0.008403278887271881,1.2938745021820068,1.2938745021820068,20,5
1026,3636,specialized_enriched,active_fraction,0.014086250215768814,0.010893087834119797,1.2931365966796875,1.2931365966796875,42,5
1027,13402,specialized_enriched,active_fraction,0.016130413860082626,0.012476944364607334,1.2928175926208496,1.2928175926208496,30,5
1028,14722,specialized_enriched,active_fraction,0.003210044465959072,0.0024852179922163486,1.2916550636291504,1.2916550636291504,11,5
1029,4089,specialized_enriched,active_fraction,0.008908499032258987,0.006933446973562241,1.2848585844039917,1.2848585844039917,46,5
1030,7200,specialized_enriched,active_fraction,0.008188439533114433,0.006373327691107988,1.2847981452941895,1.2847981452941895,11,5
1031,6494,specialized_enriched,mean,0.2783060073852539,0.21735124289989471,1.280443549156189,1.280443549156189,50,5
1032,15803,specialized_enriched,active_fraction,0.018638040870428085,0.01456444337964058,1.279694676399231,1.279694676399231,24,5
1033,8108,specialized_enriched,active_fraction,0.008255457505583763,0.0064561208710074425,1.2787024974822998,1.2787024974822998,28,5
1034,3211,specialized_enriched,mean,0.06130373477935791,0.047964200377464294,1.2781144380569458,1.2781144380569458,35,5
1035,10880,specialized_enriched,active_fraction,0.004451060201972723,0.003508493071421981,1.2686530351638794,1.2686530351638794,16,5
1036,6976,specialized_enriched,active_fraction,0.016148574650287628,0.012748738750815392,1.266680121421814,1.266680121421814,23,5
1037,15708,specialized_enriched,mean,0.048828672617673874,0.03854953870177269,1.2666473388671875,1.2666473388671875,5,5
1038,990,specialized_enriched,active_fraction,0.0062988921999931335,0.004985317587852478,1.2634886503219604,1.2634886503219604,41,5
1039,11353,specialized_enriched,mean,0.10487377643585205,0.08300825208425522,1.263413906097412,1.263413906097412,38,5
1040,11939,specialized_enriched,active_fraction,0.007113613188266754,0.005633174907416105,1.2628071308135986,1.2628071308135986,39,5
1041,6151,specialized_enriched,active_fraction,0.004064612090587616,0.0032226871699094772,1.261249303817749,1.261249303817749,27,5
1042,13133,specialized_enriched,active_fraction,0.007544674910604954,0.005984087474644184,1.2607895135879517,1.2607895135879517,19,5
1043,5118,specialized_enriched,mean,0.040651220828294754,0.032274648547172546,1.259540319442749,1.259540319442749,12,5
1044,14752,specialized_enriched,active_fraction,0.006749661639332771,0.005375816021114588,1.2555603981018066,1.2555603981018066,38,5
1045,11686,specialized_enriched,mean,0.05755457282066345,0.04588573798537254,1.2543020248413086,1.2543020248413086,37,5
1046,12071,specialized_enriched,active_fraction,0.006444461643695831,0.005146287847310305,1.2522543668746948,1.2522543668746948,38,5
1047,3721,specialized_enriched,mean,0.06144742667675018,0.049082305282354355,1.251926302909851,1.251926302909851,22,5
1048,5813,specialized_enriched,active_fraction,0.00613989494740963,0.004905498120933771,1.2516353130340576,1.2516353130340576,14,5
1049,3699,specialized_enriched,active_fraction,0.004451674409210682,0.0035654387902468443,1.2485628128051758,1.2485628128051758,18,5
1050,6039,specialized_enriched,active_fraction,0.0033578439615666866,0.0026907918509095907,1.2479017972946167,1.2479017972946167,13,5
1051,15764,specialized_enriched,mean,0.05515536665916443,0.04424484074115753,1.2465943098068237,1.2465943098068237,32,5
1052,1059,specialized_enriched,mean,0.06307916343212128,0.05061975494027138,1.246137261390686,1.246137261390686,36,5
1053,8019,specialized_enriched,mean,0.04934979975223541,0.039602771401405334,1.2461198568344116,1.2461198568344116,8,5
1054,11507,specialized_enriched,mean,0.052150219678878784,0.04188773036003113,1.244999885559082,1.244999885559082,38,5
1055,785,specialized_enriched,mean,0.06465968489646912,0.05203498154878616,1.242619514465332,1.242619514465332,41,5
1056,6846,specialized_enriched,mean,0.04421720653772354,0.03561294078826904,1.2416050434112549,1.2416050434112549,6,5
1057,9077,specialized_enriched,mean,0.05943256616592407,0.04791311174631119,1.2404237985610962,1.2404237985610962,15,5
1058,12157,specialized_enriched,mean,0.032529763877391815,0.026273153722286224,1.2381370067596436,1.2381370067596436,24,5
1059,3812,specialized_enriched,active_fraction,0.005228649824857712,0.0042234486900269985,1.2380048036575317,1.2380048036575317,42,5
1060,404,specialized_enriched,mean,0.09359540045261383,0.07589304447174072,1.2332539558410645,1.2332539558410645,20,5
1061,5333,specialized_enriched,active_fraction,0.0019759933929890394,0.0016041737981140614,1.2317825555801392,1.2317825555801392,5,5
1062,6962,specialized_enriched,max,1.1650341749191284,0.9483452439308167,1.2284916639328003,1.2284916639328003,8,5
1063,15163,specialized_enriched,active_fraction,0.019608281552791595,0.015962325036525726,1.2284101247787476,1.2284101247787476,43,5
1064,15390,specialized_enriched,mean,0.04700680077075958,0.03826666250824928,1.2284008264541626,1.2284008264541626,33,5
1065,11561,specialized_enriched,mean,0.05901310592889786,0.04806804284453392,1.2276993989944458,1.2276993989944458,16,5
1066,12376,specialized_enriched,mean,0.04247760772705078,0.03460727632045746,1.2274184226989746,1.2274184226989746,30,5
1067,12049,specialized_enriched,mean,0.1593717336654663,0.13031384348869324,1.222983956336975,1.222983956336975,8,5
1068,16376,specialized_enriched,mean,0.033568739891052246,0.02747412957251072,1.2218308448791504,1.2218308448791504,17,5
1069,9090,specialized_enriched,active_fraction,0.010110173374414444,0.008290677331387997,1.2194628715515137,1.2194628715515137,16,5
1070,4519,specialized_enriched,active_fraction,0.0035220268182456493,0.0028888594824820757,1.2191755771636963,1.2191755771636963,16,5
1071,2679,specialized_enriched,mean,0.06126219034194946,0.05030132830142975,1.217903971672058,1.217903971672058,10,5
1072,470,specialized_enriched,mean,0.05314243957400322,0.043909959495067596,1.2102593183517456,1.2102593183517456,19,5
1073,5371,specialized_enriched,active_fraction,0.005504366010427475,0.004551319405436516,1.2094000577926636,1.2094000577926636,21,5
1074,595,specialized_enriched,max,0.7312586307525635,0.6047383546829224,1.2092149257659912,1.2092149257659912,10,5
1075,2147,specialized_enriched,max,0.7006821632385254,0.5807064771652222,1.206602931022644,1.206602931022644,14,5
1076,10328,specialized_enriched,mean,0.01508764922618866,0.012506683357059956,1.2063668966293335,1.2063668966293335,15,5
1077,11141,specialized_enriched,mean,0.03702491521835327,0.030744772404432297,1.2042670249938965,1.2042670249938965,38,5
1078,16353,specialized_enriched,active_fraction,0.010799158364534378,0.00897589698433876,1.2031285762786865,1.2031285762786865,36,5
1079,15753,specialized_enriched,active_fraction,0.005382046103477478,0.004475635942071676,1.2025209665298462,1.2025209665298462,36,5
1080,2567,specialized_enriched,mean,0.060366421937942505,0.05020444467663765,1.2024118900299072,1.2024118900299072,31,5
1081,7790,specialized_enriched,active_fraction,0.020972508937120438,0.01757778413593769,1.19312584400177,1.19312584400177,20,5
1082,9075,specialized_enriched,active_fraction,0.004555410705506802,0.0038184833247214556,1.1929895877838135,1.1929895877838135,14,5
1083,7107,specialized_enriched,active_fraction,0.0022918470203876495,0.0019244055729359388,1.1909376382827759,1.1909376382827759,14,5
1084,6913,specialized_enriched,mean,0.05077655613422394,0.042723435908555984,1.1884942054748535,1.1884942054748535,35,5
1085,6230,specialized_enriched,active_fraction,0.0023071453906595707,0.001944235642440617,1.186659336090088,1.186659336090088,13,5
1086,1742,specialized_enriched,active_fraction,0.014046132564544678,0.011914527043700218,1.178908109664917,1.178908109664917,32,5
1087,5469,specialized_enriched,active_fraction,0.004206161014735699,0.0035772460978478193,1.1758097410202026,1.1758097410202026,20,5
1088,1908,specialized_enriched,mean,0.03988189250230789,0.0339844711124897,1.1735328435897827,1.1735328435897827,9,5
1089,12103,specialized_enriched,active_fraction,0.006860671564936638,0.0058699725195765495,1.1687740087509155,1.1687740087509155,38,5
1090,12245,specialized_enriched,active_fraction,0.0070119937881827354,0.006008308846503496,1.167049527168274,1.167049527168274,12,5
1091,15914,specialized_enriched,mean,0.05259431153535843,0.04521592706441879,1.1631810665130615,1.1631810665130615,22,5
1092,14639,specialized_enriched,mean,0.04843813180923462,0.04174228385090828,1.1604092121124268,1.1604092121124268,39,5
1093,1407,specialized_enriched,mean,0.16456371545791626,0.14184890687465668,1.1601338386535645,1.1601338386535645,20,5
1094,12491,specialized_enriched,active_fraction,0.008061964064836502,0.006958376616239548,1.1585984230041504,1.1585984230041504,32,5
1095,7843,specialized_enriched,active_fraction,0.007753550074994564,0.006695592310279608,1.158008098602295,1.158008098602295,16,5
1096,2991,specialized_enriched,mean,0.02568197250366211,0.022181537002325058,1.157808542251587,1.157808542251587,41,5
1097,3181,specialized_enriched,active_fraction,0.008373431861400604,0.007256887387484312,1.1538599729537964,1.1538599729537964,35,5
1098,4502,specialized_enriched,active_fraction,0.005304101854562759,0.00459708459675312,1.153796911239624,1.153796911239624,33,5
1099,12062,specialized_enriched,max,0.6243093609809875,0.5413427352905273,1.1532608270645142,1.1532608270645142,7,5
1100,13674,specialized_enriched,max,0.6368827819824219,0.5523711442947388,1.1529979705810547,1.1529979705810547,26,5
1101,10495,specialized_enriched,active_fraction,0.005749393254518509,0.004994786810129881,1.1510788202285767,1.1510788202285767,14,5
1102,12984,specialized_enriched,max,0.9004155397415161,0.7826539278030396,1.150464415550232,1.150464415550232,10,5
1103,9777,specialized_enriched,active_fraction,0.003299386240541935,0.002872939920052886,1.1484354734420776,1.1484354734420776,10,5
1104,8112,specialized_enriched,active_fraction,0.006685404106974602,0.005835531745105982,1.1456375122070312,1.1456375122070312,13,5
1105,13194,specialized_enriched,active_fraction,0.013283971697092056,0.011655927635729313,1.139675259590149,1.139675259590149,16,5
1106,2026,specialized_enriched,active_fraction,0.008342636749148369,0.007355735171586275,1.1341676712036133,1.1341676712036133,26,5
1107,16144,specialized_enriched,mean,0.022088846191763878,0.019506940618157387,1.1323583126068115,1.1323583126068115,8,5
1108,5069,specialized_enriched,mean,0.06780552864074707,0.060071129351854324,1.1287540197372437,1.1287540197372437,36,5
1109,15444,specialized_enriched,active_fraction,0.01791951432824135,0.015922388061881065,1.1254287958145142,1.1254287958145142,24,5
1110,11008,specialized_enriched,active_fraction,0.015500184148550034,0.013823074288666248,1.1213268041610718,1.1213268041610718,28,5
1111,14036,specialized_enriched,active_fraction,0.0008642965694889426,0.0007716221734881401,1.120103359222412,1.120103359222412,12,5
1112,9065,specialized_enriched,active_fraction,0.01118311658501625,0.01006854698061943,1.1106981039047241,1.1106981039047241,25,5
1113,9533,specialized_enriched,active_fraction,0.020083952695131302,0.018110450357198715,1.1089704036712646,1.1089704036712646,30,5
1114,2429,specialized_enriched,active_fraction,0.0038502393290400505,0.0034793426748365164,1.1065996885299683,1.1065996885299683,14,5
1115,4955,specialized_enriched,active_fraction,0.011065782979130745,0.010032448917627335,1.102999210357666,1.102999210357666,27,5
1116,13947,specialized_enriched,active_fraction,0.0036853565834462643,0.0033491873182356358,1.100373387336731,1.100373387336731,9,5
1117,7620,specialized_enriched,mean,0.04379737377166748,0.03995312750339508,1.0962189435958862,1.0962189435958862,31,5
1118,2194,specialized_enriched,active_fraction,0.010404122993350029,0.009511793963611126,1.0938129425048828,1.0938129425048828,14,5
1119,2383,specialized_enriched,active_fraction,0.006501724012196064,0.005958684254437685,1.0911341905593872,1.0911341905593872,17,5
1120,3552,specialized_enriched,mean,0.04810287058353424,0.04437989741563797,1.0838887691497803,1.0838887691497803,28,5
1121,827,specialized_enriched,mean,0.09998726844787598,0.09245889633893967,1.0814239978790283,1.0814239978790283,47,5
1122,5661,specialized_enriched,mean,0.0642457902431488,0.05953674763441086,1.0790947675704956,1.0790947675704956,9,5
1123,10111,specialized_enriched,mean,0.020402709022164345,0.018909452483057976,1.0789687633514404,1.0789687633514404,11,5
1124,16210,specialized_enriched,max,0.6409727334976196,0.5942806601524353,1.0785690546035767,1.0785690546035767,15,5
1125,10440,specialized_enriched,mean,0.07685031741857529,0.0713399276137352,1.07724130153656,1.07724130153656,12,5
1126,9001,specialized_enriched,active_fraction,0.008955576457083225,0.00831521674990654,1.0770106315612793,1.0770106315612793,10,5
1127,10572,specialized_enriched,active_fraction,0.007116085849702358,0.006629755720496178,1.0733556747436523,1.0733556747436523,13,5
1128,10845,specialized_enriched,active_fraction,0.021098852157592773,0.019658511504530907,1.0732680559158325,1.0732680559158325,40,5
1129,15092,specialized_enriched,active_fraction,0.002936030738055706,0.0027598135638982058,1.0638511180877686,1.0638511180877686,10,5
1130,4339,specialized_enriched,active_fraction,0.024187497794628143,0.02281247079372406,1.0602751970291138,1.0602751970291138,39,5
1131,5542,specialized_enriched,mean,0.048891425132751465,0.04613087698817253,1.0598416328430176,1.0598416328430176,8,5
1132,12026,specialized_enriched,mean,0.04246659576892853,0.04017283767461777,1.0570971965789795,1.0570971965789795,19,5
1133,1697,specialized_enriched,mean,0.012703828513622284,0.012033835053443909,1.0556758642196655,1.0556758642196655,12,5
1134,6778,specialized_enriched,active_fraction,0.004086376167833805,0.003911192994564772,1.044790267944336,1.044790267944336,26,5
1135,16277,specialized_enriched,active_fraction,0.007998809218406677,0.007666760589927435,1.0433101654052734,1.0433101654052734,34,5
1136,13715,specialized_enriched,mean,0.022288307547569275,0.021406779065728188,1.041179895401001,1.041179895401001,41,5
1137,3031,specialized_enriched,mean,0.05899986997246742,0.05675835907459259,1.039492130279541,1.039492130279541,12,5
1138,2953,specialized_enriched,mean,0.04362522065639496,0.04196925833821297,1.0394566059112549,1.0394566059112549,39,5
1139,15185,specialized_enriched,active_fraction,0.0048772115260362625,0.004700929392129183,1.0374994277954102,1.0374994277954102,34,5
1140,15207,specialized_enriched,active_fraction,0.007426410913467407,0.007166314870119095,1.0362942218780518,1.0362942218780518,30,5
1141,10010,specialized_enriched,mean,0.005212177522480488,0.005035067908465862,1.0351752042770386,1.0351752042770386,5,5
1142,11841,specialized_enriched,max,0.5734199285507202,0.5539578199386597,1.035132884979248,1.035132884979248,16,5
1143,9037,specialized_enriched,mean,0.11595627665519714,0.11204221099615097,1.0349338054656982,1.0349338054656982,36,5
1144,9650,specialized_enriched,active_fraction,0.006846301257610321,0.0066438885405659676,1.0304659605026245,1.0304659605026245,44,5
1145,2120,specialized_enriched,mean,0.033005326986312866,0.03209133818745613,1.028480887413025,1.028480887413025,6,5
1146,4561,specialized_enriched,active_fraction,0.004494376480579376,0.004378411453217268,1.0264856815338135,1.0264856815338135,34,5
1147,6919,specialized_enriched,mean,0.028993457555770874,0.02847752347588539,1.0181171894073486,1.0181171894073486,22,5
1148,2086,specialized_enriched,active_fraction,0.0023489464074373245,0.002334818709641695,1.0060508251190186,1.0060508251190186,13,5
1149,7902,specialized_enriched,max,0.44037890434265137,0.4381011724472046,1.0051990747451782,1.0051990747451782,35,5
1150,2346,specialized_enriched,mean,0.04395546019077301,0.04380273446440697,1.0034866333007812,1.0034866333007812,21,5
1151,553,specialized_enriched,active_fraction,0.019356902688741684,0.019293807446956635,1.0032702684402466,1.0032702684402466,33,5
1152,4211,specialized_enriched,active_fraction,0.005473682656884193,0.005465252324938774,1.001542568206787,1.001542568206787,17,5
1153,2536,specialized_enriched,mean,0.1882861852645874,0.18812651932239532,1.0008487701416016,1.0008487701416016,44,5
1154,6683,specialized_enriched,max,0.74161696434021,0.7416409254074097,0.9999676942825317,0.9999676942825317,31,5
1155,7022,specialized_enriched,mean,0.006684258580207825,0.006707015447318554,0.9966070055961609,0.9966070055961609,15,5
1156,2733,specialized_enriched,mean,0.06399219483137131,0.06453345715999603,0.9916126728057861,0.9916126728057861,6,5
1157,14481,specialized_enriched,active_fraction,0.01406048983335495,0.014188185334205627,0.9909998774528503,0.9909998774528503,32,5
1158,16013,specialized_enriched,active_fraction,0.002437290269881487,0.0024646033998578787,0.9889178276062012,0.9889178276062012,12,5
1159,10754,specialized_enriched,max,0.5708041191101074,0.5776670575141907,0.9881195425987244,0.9881195425987244,17,5
1160,6398,specialized_enriched,mean,0.048884011805057526,0.04955555126070976,0.9864487648010254,0.9864487648010254,18,5
1161,12331,specialized_enriched,active_fraction,0.010845731943845749,0.011014687828719616,0.9846608638763428,0.9846608638763428,26,5
1162,43,specialized_enriched,active_fraction,0.004021460190415382,0.004090494010597467,0.9831233620643616,0.9831233620643616,31,5
1163,14586,specialized_enriched,mean,0.022643588483333588,0.02312808483839035,0.9790515899658203,0.9790515899658203,16,5
1164,377,specialized_enriched,mean,0.027583183720707893,0.028258154168725014,0.9761141538619995,0.9761141538619995,7,5
1165,7175,specialized_enriched,mean,0.037116676568984985,0.03815704584121704,0.9727345705032349,0.9727345705032349,46,5
1166,9903,specialized_enriched,active_fraction,0.008027688600122929,0.008276702836155891,0.9699138402938843,0.9699138402938843,20,5
1167,6294,specialized_enriched,mean,0.051227957010269165,0.0530669167637825,0.9653463959693909,0.9653463959693909,16,5
1168,8094,specialized_enriched,mean,0.02289663255214691,0.02372613176703453,0.9650385975837708,0.9650385975837708,21,5
1169,11811,specialized_enriched,mean,0.017682325094938278,0.018465455621480942,0.9575894474983215,0.9575894474983215,10,5
1170,2701,specialized_enriched,active_fraction,0.004892399534583092,0.005112072452902794,0.9570286273956299,0.9570286273956299,22,5
1171,9531,specialized_enriched,active_fraction,0.003325972706079483,0.0034838011488318443,0.9546964764595032,0.9546964764595032,18,5
1172,5595,specialized_enriched,mean,0.07135707139968872,0.07488510012626648,0.9528874158859253,0.9528874158859253,9,5
1173,2410,specialized_enriched,active_fraction,0.005175023339688778,0.0054356870241463184,0.9520458579063416,0.9520458579063416,16,5
1174,13877,specialized_enriched,active_fraction,0.005940677598118782,0.006243992131203413,0.9514229893684387,0.9514229893684387,16,5
1175,8412,specialized_enriched,active_fraction,0.012566480785608292,0.013211715966463089,0.9511619210243225,0.9511619210243225,39,5
1176,14050,specialized_enriched,active_fraction,0.0019313688389956951,0.0020310156978666782,0.9509374499320984,0.9509374499320984,13,5
1177,11159,specialized_enriched,mean,0.009031644091010094,0.00951363891363144,0.9493364095687866,0.9493364095687866,16,5
1178,6239,specialized_enriched,active_fraction,0.006982753053307533,0.007370700594037771,0.9473662376403809,0.9473662376403809,29,5
1179,14485,specialized_enriched,max,1.229572057723999,1.3026301860809326,0.9439148902893066,0.9439148902893066,13,5
1180,14003,specialized_enriched,max,1.0967497825622559,1.1629091501235962,0.9431087374687195,0.9431087374687195,14,5
1181,5785,specialized_enriched,mean,0.012934662401676178,0.013774766586720943,0.9390113949775696,0.9390113949775696,12,5
1182,7926,specialized_enriched,mean,0.029519423842430115,0.031452685594558716,0.9385342597961426,0.9385342597961426,31,5
1183,4359,specialized_enriched,active_fraction,0.007225248962640762,0.007701042573899031,0.9382169842720032,0.9382169842720032,36,5
1184,8539,specialized_enriched,mean,0.13290351629257202,0.14196562767028809,0.9361668825149536,0.9361668825149536,27,5
1185,13129,specialized_enriched,mean,0.030634790658950806,0.03274145349860191,0.9356576204299927,0.9356576204299927,8,5
1186,5942,specialized_enriched,active_fraction,0.00693792849779129,0.007471201475709677,0.928622841835022,0.928622841835022,40,5
1187,12038,specialized_enriched,mean,0.041470058262348175,0.04472261294722557,0.9272726774215698,0.9272726774215698,35,5
1188,5454,specialized_enriched,active_fraction,0.014808449894189835,0.015977898612618446,0.9268083572387695,0.9268083572387695,27,5
1189,630,specialized_enriched,mean,0.019567038863897324,0.02114938572049141,0.9251824021339417,0.9251824021339417,25,5
1190,5269,specialized_enriched,active_fraction,0.005708536133170128,0.006171828135848045,0.9249343872070312,0.9249343872070312,29,5
1191,10441,specialized_enriched,active_fraction,0.005303144454956055,0.005740233696997166,0.9238551259040833,0.9238551259040833,36,5
1192,14204,specialized_enriched,mean,0.10580414533615112,0.11462695151567459,0.9230302572250366,0.9230302572250366,24,5
1193,10765,specialized_enriched,active_fraction,0.004265294875949621,0.004677258897572756,0.9119219183921814,0.9119219183921814,9,5
1194,14589,specialized_enriched,max,0.5149880647659302,0.5666911602020264,0.9087631702423096,0.9087631702423096,14,5
1195,9725,specialized_enriched,mean,0.020586274564266205,0.022667817771434784,0.9081718921661377,0.9081718921661377,23,5
1196,3009,specialized_enriched,active_fraction,0.006091444753110409,0.006725552957504988,0.905716598033905,0.905716598033905,19,5
1197,2038,specialized_enriched,active_fraction,0.003931023180484772,0.0043498133309185505,0.9037222862243652,0.9037222862243652,28,5
1198,10187,specialized_enriched,active_fraction,0.007022302597761154,0.007800583261996508,0.9002279043197632,0.9002279043197632,37,5
1199,14837,specialized_enriched,mean,0.032652392983436584,0.03650820255279541,0.8943850994110107,0.8943850994110107,23,5
1200,4364,specialized_enriched,mean,0.035727038979530334,0.04011154547333717,0.8906921744346619,0.8906921744346619,29,5
1201,12780,specialized_enriched,active_fraction,0.0027952026575803757,0.0031571139115840197,0.8853664398193359,0.8853664398193359,15,5
1202,16018,specialized_enriched,active_fraction,0.004675537347793579,0.005299396812915802,0.882277250289917,0.882277250289917,39,5
1203,14180,specialized_enriched,active_fraction,0.006065148860216141,0.006879460997879505,0.8816314339637756,0.8816314339637756,20,5
1204,14049,specialized_enriched,mean,0.03568024933338165,0.04047325253486633,0.8815760016441345,0.8815760016441345,32,5
1205,1349,specialized_enriched,active_fraction,0.003221469931304455,0.0036621636245399714,0.8796630501747131,0.8796630501747131,22,5
1206,7586,specialized_enriched,active_fraction,0.0010782598983496428,0.0012328940210863948,0.8745763301849365,0.8745763301849365,7,5
1207,6839,specialized_enriched,active_fraction,0.014568716287612915,0.016662536188960075,0.8743396401405334,0.8743396401405334,45,5
1208,1881,specialized_enriched,max,1.643406867980957,1.880873680114746,0.8737465143203735,0.8737465143203735,19,5
1209,15041,specialized_enriched,mean,0.047452494502067566,0.05449459329247475,0.8707743287086487,0.8707743287086487,33,5
1210,13132,specialized_enriched,active_fraction,0.0021977778524160385,0.002526262542232871,0.8699720501899719,0.8699720501899719,14,5
1211,6576,specialized_enriched,mean,0.01750580407679081,0.02015293575823307,0.8686478137969971,0.8686478137969971,8,5
1212,13568,specialized_enriched,active_fraction,0.0045141614973545074,0.0052141593769192696,0.8657505512237549,0.8657505512237549,16,5
1213,5499,specialized_enriched,mean,0.01967690885066986,0.022832414135336876,0.8617971539497375,0.8617971539497375,6,5
1214,13254,specialized_enriched,max,0.75780189037323,0.8796011209487915,0.8615289926528931,0.8615289926528931,8,5
1215,9680,specialized_enriched,mean,0.0380159467458725,0.04414418339729309,0.8611767888069153,0.8611767888069153,16,5
1216,9280,specialized_enriched,mean,0.042623214423656464,0.04952622577548027,0.860619068145752,0.860619068145752,26,5
1217,11958,specialized_enriched,active_fraction,0.01598486304283142,0.018689950928092003,0.8552651405334473,0.8552651405334473,30,5
1218,14116,specialized_enriched,active_fraction,0.00186538090929389,0.002184269716963172,0.8540066480636597,0.8540066480636597,12,5
1219,15151,specialized_enriched,mean,0.02407371997833252,0.028220146894454956,0.8530685305595398,0.8530685305595398,20,5
1220,8993,specialized_enriched,active_fraction,0.0025622807443141937,0.0030189238023012877,0.8487398028373718,0.8487398028373718,23,5
1221,7062,specialized_enriched,active_fraction,0.0032136626541614532,0.0037957518361508846,0.8466472029685974,0.8466472029685974,18,5
1222,1641,specialized_enriched,mean,0.044138357043266296,0.052319638431072235,0.8436288833618164,0.8436288833618164,14,5
1223,13003,specialized_enriched,active_fraction,0.008091557770967484,0.009599537588655949,0.8429111838340759,0.8429111838340759,31,5
1224,1357,specialized_enriched,mean,0.004124682396650314,0.004915846511721611,0.8390583992004395,0.8390583992004395,9,5
1225,2357,specialized_enriched,max,0.7908468246459961,0.9473150968551636,0.8348297476768494,0.8348297476768494,31,5
1226,4992,specialized_enriched,max,0.4306424856185913,0.5158682465553284,0.8347916007041931,0.8347916007041931,5,5
1227,5408,specialized_enriched,active_fraction,0.006482855416834354,0.007810905110090971,0.8299749493598938,0.8299749493598938,15,5
1228,12396,specialized_enriched,active_fraction,0.004339829087257385,0.005260420497506857,0.8249965906143188,0.8249965906143188,36,5
1229,7063,specialized_enriched,mean,0.053990185260772705,0.06558636575937271,0.8231921792030334,0.8231921792030334,21,5
1230,7933,specialized_enriched,mean,0.03898317366838455,0.04743615537881851,0.8218029737472534,0.8218029737472534,28,5
1231,5273,specialized_enriched,mean,0.009948821738362312,0.012113894335925579,0.8212736248970032,0.8212736248970032,12,5
1232,13371,specialized_enriched,mean,0.039558038115501404,0.04825922101736069,0.8196990489959717,0.8196990489959717,37,5
1233,10964,specialized_enriched,active_fraction,0.0021289000287652016,0.0026026361156255007,0.8179783821105957,0.8179783821105957,26,5
1234,1290,specialized_enriched,max,0.5524609088897705,0.6756790280342102,0.817638099193573,0.817638099193573,9,5
1235,3109,specialized_enriched,active_fraction,0.006233081221580505,0.007654064334928989,0.8143492341041565,0.8143492341041565,16,5
1236,3189,specialized_enriched,mean,0.02727118507027626,0.033970270305871964,0.8027956485748291,0.8027956485748291,19,5
1237,462,specialized_enriched,active_fraction,0.008535917848348618,0.010703410021960735,0.7974951863288879,0.7974951863288879,17,5
1238,12787,specialized_enriched,mean,0.019943974912166595,0.025169380009174347,0.7923904061317444,0.7923904061317444,22,5
1239,13684,specialized_enriched,active_fraction,0.004415471106767654,0.005596624221652746,0.7889525890350342,0.7889525890350342,33,5
1240,12701,specialized_enriched,mean,0.010763514786958694,0.013643313199281693,0.7889223694801331,0.7889223694801331,12,5
1241,4653,specialized_enriched,active_fraction,0.0031334180384874344,0.003981792833656073,0.7869364619255066,0.7869364619255066,29,5
1242,1964,specialized_enriched,max,0.40027952194213867,0.5148822665214539,0.7774195075035095,0.7774195075035095,11,5
1243,2772,specialized_enriched,mean,0.021596122533082962,0.027785569429397583,0.7772424221038818,0.7772424221038818,15,5
1244,13162,specialized_enriched,mean,0.04006841778755188,0.051684021949768066,0.7752573490142822,0.7752573490142822,33,5
1245,11282,specialized_enriched,active_fraction,0.00542067177593708,0.007056401111185551,0.7681921124458313,0.7681921124458313,17,5
1246,10244,specialized_enriched,mean,0.021597735583782196,0.02820703387260437,0.7656861543655396,0.7656861543655396,19,5
1247,16139,specialized_enriched,active_fraction,0.008902130648493767,0.01163017563521862,0.7654339075088501,0.7654339075088501,17,5
1248,14371,specialized_enriched,mean,0.02733321487903595,0.03590182960033417,0.761332094669342,0.761332094669342,27,5
1249,3235,specialized_enriched,active_fraction,0.005816956982016563,0.007660337723791599,0.7593603730201721,0.7593603730201721,26,5
1250,4666,specialized_enriched,active_fraction,0.010867521166801453,0.014468618668615818,0.751109778881073,0.751109778881073,20,5
1251,8458,specialized_enriched,mean,0.06271322071552277,0.08355258405208588,0.750583827495575,0.750583827495575,10,5
1252,12030,specialized_enriched,active_fraction,0.0022937050089240074,0.0030727635603398085,0.7464632391929626,0.7464632391929626,26,5
1253,9142,specialized_enriched,max,0.35819435119628906,0.48806291818618774,0.7339102029800415,0.7339102029800415,22,5
1254,6122,specialized_enriched,mean,0.03465472161769867,0.04753687605261803,0.7290071249008179,0.7290071249008179,22,5
1255,2926,specialized_enriched,max,0.37218934297561646,0.5169951319694519,0.7199087738990784,0.7199087738990784,5,5
1256,2999,specialized_enriched,active_fraction,0.0019762483425438404,0.002758387941867113,0.7164504528045654,0.7164504528045654,13,5
1257,29,specialized_enriched,active_fraction,0.003763597458600998,0.0052716839127242565,0.7139269709587097,0.7139269709587097,25,5
1258,6832,specialized_enriched,mean,0.03686770796775818,0.05188991501927376,0.7104985117912292,0.7104985117912292,47,5
1259,13680,specialized_enriched,active_fraction,0.004878380335867405,0.006962400861084461,0.7006750106811523,0.7006750106811523,8,5
1260,11839,specialized_enriched,mean,0.03827507793903351,0.05467678979039192,0.7000242471694946,0.7000242471694946,40,5
1261,16286,specialized_enriched,mean,0.06579990684986115,0.09420841932296753,0.6984503865242004,0.6984503865242004,5,5
1262,9572,specialized_enriched,mean,0.009716968983411789,0.013977527618408203,0.695185124874115,0.695185124874115,7,5
1263,13609,specialized_enriched,max,0.5970597267150879,0.8612216114997864,0.693270742893219,0.693270742893219,18,5
1264,562,specialized_enriched,active_fraction,0.0017274548299610615,0.002501273760572076,0.6906300783157349,0.6906300783157349,14,5
1265,12792,specialized_enriched,active_fraction,0.003229619935154915,0.004686370957642794,0.6891515851020813,0.6891515851020813,27,5
1266,4340,specialized_enriched,mean,0.011326711624860764,0.016647057607769966,0.6804032325744629,0.6804032325744629,9,5
1267,14678,specialized_enriched,active_fraction,0.002888532355427742,0.004253828898072243,0.6790429353713989,0.6790429353713989,15,5
1268,14375,specialized_enriched,max,0.16964668035507202,0.2498404085636139,0.6790201663970947,0.6790201663970947,12,5
1269,3764,specialized_enriched,active_fraction,0.0016853967681527138,0.00248260167427361,0.6788832545280457,0.6788832545280457,15,5
1270,1672,specialized_enriched,mean,0.01120678335428238,0.016811419278383255,0.6666173338890076,0.6666173338890076,9,5
1271,8046,specialized_enriched,mean,0.017319053411483765,0.02612069994211197,0.6630393862724304,0.6630393862724304,38,5
1272,14479,specialized_enriched,mean,0.09000111371278763,0.1361316740512848,0.6611328125,0.6611328125,5,5
1273,9430,specialized_enriched,mean,0.04715427756309509,0.07136273384094238,0.6607689261436462,0.6607689261436462,17,5
1274,16060,specialized_enriched,mean,0.02365216612815857,0.03589145094156265,0.6589916348457336,0.6589916348457336,34,5
1275,11275,specialized_enriched,active_fraction,0.0016935807652771473,0.0025905442889779806,0.6537548303604126,0.6537548303604126,9,5
1276,10941,specialized_enriched,active_fraction,0.006216449663043022,0.00960198137909174,0.6474131941795349,0.6474131941795349,25,5
1277,7815,specialized_enriched,active_fraction,0.002816413529217243,0.004390902351588011,0.6414201855659485,0.6414201855659485,15,5
1278,9053,specialized_enriched,mean,0.015251651406288147,0.024067187681794167,0.6337113976478577,0.6337113976478577,7,5
1279,9423,specialized_enriched,mean,0.023937322199344635,0.03860842064023018,0.6200026273727417,0.6200026273727417,14,5
1280,5663,specialized_enriched,mean,0.019655495882034302,0.03176138550043106,0.6188488006591797,0.6188488006591797,19,5
1281,3477,specialized_enriched,active_fraction,0.002498460002243519,0.004037727136164904,0.6187788248062134,0.6187788248062134,25,5
1282,1268,specialized_enriched,mean,0.01905430108308792,0.030840376392006874,0.6178361773490906,0.6178361773490906,7,5
1283,16236,specialized_enriched,active_fraction,0.00689484179019928,0.011172467842698097,0.6171278953552246,0.6171278953552246,7,5
1284,4805,specialized_enriched,max,0.9145488739013672,1.5000417232513428,0.6096822619438171,0.6096822619438171,26,5
1285,9589,specialized_enriched,mean,0.0031512994319200516,0.005177688784897327,0.6086305379867554,0.6086305379867554,5,5
1286,13628,specialized_enriched,max,0.28301942348480225,0.4654351770877838,0.6080748438835144,0.6080748438835144,10,5
1287,1320,specialized_enriched,mean,0.017858441919088364,0.029698334634304047,0.6013280749320984,0.6013280749320984,21,5
1288,15781,specialized_enriched,active_fraction,0.004642560612410307,0.007734575308859348,0.6002346873283386,0.6002346873283386,7,5
1289,2471,specialized_enriched,active_fraction,0.007745411247014999,0.012939458712935448,0.5985885262489319,0.5985885262489319,29,5
1290,6730,specialized_enriched,mean,0.01153949648141861,0.019307931885123253,0.5976557731628418,0.5976557731628418,6,5
1291,12302,specialized_enriched,mean,0.018812507390975952,0.031702689826488495,0.5934041142463684,0.5934041142463684,18,5
1292,2525,specialized_enriched,active_fraction,0.007373720407485962,0.012500184588134289,0.5898889303207397,0.5898889303207397,19,5
1293,5106,specialized_enriched,mean,0.007674723863601685,0.013149078004062176,0.5836701393127441,0.5836701393127441,15,5
1294,14704,specialized_enriched,active_fraction,0.00186209287494421,0.0032189053017646074,0.5784863829612732,0.5784863829612732,17,5
1295,11941,specialized_enriched,mean,0.02376316487789154,0.041083648800849915,0.5784093141555786,0.5784093141555786,18,5
1296,2981,specialized_enriched,active_fraction,0.0010634218342602253,0.0018437617691233754,0.5767675042152405,0.5767675042152405,12,5
1297,6892,specialized_enriched,mean,0.020768240094184875,0.0360218808054924,0.5765451192855835,0.5765451192855835,35,5
1298,4765,specialized_enriched,max,0.5248380899429321,0.9179795980453491,0.5717317461967468,0.5717317461967468,7,5
1299,7393,specialized_enriched,active_fraction,0.0029045939445495605,0.005086855962872505,0.5709998607635498,0.5709998607635498,6,5
1300,12520,specialized_enriched,active_fraction,0.0021695541217923164,0.0038168514147400856,0.5684146285057068,0.5684146285057068,17,5
1301,8825,specialized_enriched,active_fraction,0.004646621644496918,0.008264507167041302,0.5622382164001465,0.5622382164001465,37,5
1302,3540,specialized_enriched,active_fraction,0.003640643320977688,0.006520318798720837,0.5583536028862,0.5583536028862,16,5
1303,14163,specialized_enriched,mean,0.00665233563631773,0.011943480931222439,0.5569846630096436,0.5569846630096436,6,5
1304,3999,specialized_enriched,max,0.28914791345596313,0.5207582712173462,0.5552440285682678,0.5552440285682678,9,5
1305,5243,specialized_enriched,max,0.3686974048614502,0.677179753780365,0.5444601774215698,0.5444601774215698,12,5
1306,15439,specialized_enriched,max,0.30595862865448,0.5678447484970093,0.5388068556785583,0.5388068556785583,22,5
1307,10879,specialized_enriched,active_fraction,0.009307973086833954,0.017413757741451263,0.5345183610916138,0.5345183610916138,34,5
1308,1032,specialized_enriched,mean,0.02471526712179184,0.04629231244325638,0.53389573097229,0.53389573097229,34,5
1309,2085,specialized_enriched,active_fraction,0.0016344338655471802,0.003070497652515769,0.5323026180267334,0.5323026180267334,9,5
1310,9781,specialized_enriched,max,0.28049230575561523,0.5372700691223145,0.5220694541931152,0.5220694541931152,21,5
1311,11919,specialized_enriched,mean,0.0876910462975502,0.17230618000030518,0.50892573595047,0.50892573595047,5,5
1312,9380,specialized_enriched,active_fraction,0.005909614264965057,0.011615471914410591,0.5087709426879883,0.5087709426879883,9,5
1313,9855,specialized_enriched,mean,0.018250301480293274,0.0359216183423996,0.508059024810791,0.508059024810791,8,5
1314,15595,specialized_enriched,active_fraction,0.00541277788579464,0.0108161810785532,0.5004333853721619,0.5004333853721619,22,5
1315,15374,specialized_enriched,active_fraction,0.002304171212017536,0.004660889506340027,0.4943629801273346,0.4943629801273346,10,5
1316,14264,specialized_enriched,mean,0.011252107098698616,0.023426376283168793,0.4803178608417511,0.4803178608417511,9,5
1317,4676,specialized_enriched,active_fraction,0.000987575389444828,0.002072318224236369,0.47655585408210754,0.47655585408210754,8,5
1318,938,specialized_enriched,mean,0.008550502359867096,0.01830272190272808,0.4671710729598999,0.4671710729598999,26,5
1319,6227,specialized_enriched,active_fraction,0.004621364176273346,0.01030275970697403,0.44855594635009766,0.44855594635009766,20,5
1320,6130,specialized_enriched,mean,0.006474249064922333,0.01447442639619112,0.4472888112068176,0.4472888112068176,8,5
1321,6355,specialized_enriched,active_fraction,0.0026578539982438087,0.005958640947937965,0.44605037569999695,0.44605037569999695,24,5
1322,7858,specialized_enriched,max,0.3867150545120239,0.8683542013168335,0.4453425407409668,0.4453425407409668,5,5
1323,14273,specialized_enriched,active_fraction,0.00634339451789856,0.01458554994314909,0.43490952253341675,0.43490952253341675,10,5
1324,5630,specialized_enriched,mean,0.010789956897497177,0.025668594986200333,0.4203563630580902,0.4203563630580902,14,5
1325,2313,specialized_enriched,active_fraction,0.0008048294112086296,0.0020774509757757187,0.3874119818210602,0.3874119818210602,11,5
1326,12275,specialized_enriched,mean,0.01154407113790512,0.029897959902882576,0.3861156702041626,0.3861156702041626,7,5
1327,9068,specialized_enriched,max,0.5718579292297363,1.4839129447937012,0.3853716254234314,0.3853716254234314,37,5
1328,8909,specialized_enriched,mean,0.016275405883789062,0.04226510599255562,0.385079026222229,0.385079026222229,39,5
1329,5556,specialized_enriched,mean,0.015291288495063782,0.03971944749355316,0.3849824070930481,0.3849824070930481,32,5
1330,5047,specialized_enriched,mean,0.026850730180740356,0.06980684399604797,0.38464322686195374,0.38464322686195374,47,5
1331,13148,specialized_enriched,active_fraction,0.004989532753825188,0.012989956885576248,0.38410696387290955,0.38410696387290955,14,5
1332,13825,specialized_enriched,active_fraction,0.0034052394330501556,0.008977777324616909,0.3792964816093445,0.3792964816093445,15,5
1333,2105,specialized_enriched,active_fraction,0.003052273765206337,0.008139880374073982,0.374977707862854,0.374977707862854,24,5
1334,13530,specialized_enriched,max,0.3776053190231323,1.0224980115890503,0.3692968785762787,0.3692968785762787,10,5
1335,10707,specialized_enriched,active_fraction,0.0016556917689740658,0.004492929670959711,0.36851051449775696,0.36851051449775696,7,5
1336,8259,specialized_enriched,active_fraction,0.0010552755557000637,0.0028705268632620573,0.36762434244155884,0.36762434244155884,14,5
1337,14176,specialized_enriched,active_fraction,0.0013311924412846565,0.0037218411453068256,0.357670396566391,0.357670396566391,15,5
1338,3704,specialized_enriched,active_fraction,0.0022767558693885803,0.006528281606733799,0.3487527072429657,0.3487527072429657,10,5
1339,15180,specialized_enriched,max,0.20280730724334717,0.594756007194519,0.34099245071411133,0.34099245071411133,11,5
1340,1602,specialized_enriched,mean,0.014574676752090454,0.04357690364122391,0.33445873856544495,0.33445873856544495,46,5
1341,4895,specialized_enriched,mean,0.009416289627552032,0.02819802053272724,0.3339344263076782,0.3339344263076782,31,5
1342,12678,specialized_enriched,active_fraction,0.0019404590129852295,0.005899581592530012,0.32891467213630676,0.32891467213630676,14,5
1343,9291,specialized_enriched,active_fraction,0.0011288505047559738,0.0034332838840782642,0.3287961483001709,0.3287961483001709,24,5
1344,5690,specialized_enriched,mean,0.013401828706264496,0.0426253005862236,0.31441017985343933,0.31441017985343933,25,5
1345,475,specialized_enriched,max,0.2218308448791504,0.7077532410621643,0.31342965364456177,0.31342965364456177,18,5
1346,11325,specialized_enriched,active_fraction,0.00153401680290699,0.004986623767763376,0.307626336812973,0.307626336812973,28,5
1347,6354,specialized_enriched,max,0.11006855964660645,0.36384356021881104,0.3025161623954773,0.3025161623954773,15,5
1348,2151,specialized_enriched,active_fraction,0.0010984321124851704,0.003747215261682868,0.2931329011917114,0.2931329011917114,10,5
1349,548,specialized_enriched,active_fraction,0.0014205649495124817,0.004976134281605482,0.28547561168670654,0.28547561168670654,19,5
1350,487,specialized_enriched,mean,0.016723185777664185,0.061767637729644775,0.2707434892654419,0.2707434892654419,12,5
1351,15280,specialized_enriched,mean,0.008248824626207352,0.030840083956718445,0.2674708962440491,0.2674708962440491,7,5
1352,6275,specialized_enriched,mean,0.04323317110538483,0.17193496227264404,0.25145071744918823,0.25145071744918823,6,5
1353,10309,specialized_enriched,mean,0.011917546391487122,0.048199839890003204,0.24725282192230225,0.24725282192230225,35,5
1354,567,specialized_enriched,mean,0.010266847908496857,0.04183639958500862,0.2454046756029129,0.2454046756029129,17,5
1355,4054,specialized_enriched,max,0.1862950325012207,0.7646153569221497,0.24364542961120605,0.24364542961120605,12,5
1356,8060,specialized_enriched,mean,0.0057249534875154495,0.024351051077246666,0.2351008802652359,0.2351008802652359,6,5
1357,5537,specialized_enriched,max,0.14597392082214355,0.6806357502937317,0.21446701884269714,0.21446701884269714,29,5
1358,4493,specialized_enriched,mean,0.0046048350632190704,0.02156854048371315,0.21349775791168213,0.21349775791168213,16,5
1359,11468,specialized_enriched,active_fraction,0.0005112937651574612,0.0024196419399231672,0.21130968630313873,0.21130968630313873,11,5
1360,13713,specialized_enriched,active_fraction,0.0007899990305304527,0.004343671258538961,0.18187357485294342,0.18187357485294342,11,5
1361,3394,specialized_enriched,active_fraction,0.0015154220163822174,0.01100741233676672,0.13767287135124207,0.13767287135124207,12,5
