rank,feature_id,orientation,summary,effect,null_sd,ev,abs_ev,positive_support,minimum_support
1,8875,specialized_enriched,active_fraction,0.038992173969745636,0.007082414347678423,5.505491733551025,5.505491733551025,39,5
2,7588,specialized_enriched,mean,0.1441633701324463,0.026665598154067993,5.40634298324585,5.40634298324585,48,5
3,12895,specialized_enriched,active_fraction,0.06443868577480316,0.012514622882008553,5.149071216583252,5.149071216583252,50,5
4,447,specialized_enriched,mean,0.29996469616889954,0.05962056294083595,5.031229019165039,5.031229019165039,50,5
5,4634,specialized_enriched,active_fraction,0.059919409453868866,0.012459810823202133,4.809014320373535,4.809014320373535,46,5
6,5862,specialized_enriched,active_fraction,0.011910000815987587,0.002487147692590952,4.788618087768555,4.788618087768555,47,5
7,3366,specialized_enriched,mean,0.13375602662563324,0.027987666428089142,4.779106140136719,4.779106140136719,29,5
8,7486,specialized_enriched,mean,0.7919731140136719,0.17073360085487366,4.63864803314209,4.63864803314209,34,5
9,1017,specialized_enriched,active_fraction,0.028126318007707596,0.006191100459545851,4.543024063110352,4.543024063110352,34,5
10,5642,specialized_enriched,mean,0.728240966796875,0.1609433889389038,4.524827003479004,4.524827003479004,50,5
11,5284,specialized_enriched,active_fraction,0.026975711807608604,0.005966466851532459,4.5212202072143555,4.5212202072143555,36,5
12,15517,specialized_enriched,mean,0.2720174193382263,0.06038455665111542,4.504751682281494,4.504751682281494,42,5
13,14765,specialized_enriched,active_fraction,0.0290822833776474,0.006504432298243046,4.471148490905762,4.471148490905762,50,5
14,12623,specialized_enriched,mean,0.11520061641931534,0.02578531950712204,4.467682361602783,4.467682361602783,37,5
15,4043,specialized_enriched,mean,0.18875697255134583,0.04228958487510681,4.463438987731934,4.463438987731934,33,5
16,7088,specialized_enriched,mean,0.2173731029033661,0.048723477870225906,4.461362838745117,4.461362838745117,38,5
17,4933,specialized_enriched,active_fraction,0.05915189906954765,0.013298353180289268,4.448061943054199,4.448061943054199,40,5
18,8662,specialized_enriched,active_fraction,0.024776730686426163,0.005688037257641554,4.3559370040893555,4.3559370040893555,32,5
19,14881,base_enriched,max,-8.598297119140625,1.9786286354064941,-4.345583915710449,4.345583915710449,27,5
20,15164,specialized_enriched,active_fraction,0.014375630766153336,0.0033389939926564693,4.305377960205078,4.305377960205078,27,5
21,11604,base_enriched,max,-2.074230670928955,0.4822823703289032,-4.300863742828369,4.300863742828369,5,5
22,11618,specialized_enriched,mean,0.1349368542432785,0.03141419589519501,4.29541015625,4.29541015625,46,5
23,7744,specialized_enriched,mean,0.1781039535999298,0.0415150448679924,4.290106296539307,4.290106296539307,48,5
24,121,specialized_enriched,active_fraction,0.03221755474805832,0.007621305994689465,4.227301120758057,4.227301120758057,46,5
25,1231,specialized_enriched,mean,0.4321187436580658,0.10227195173501968,4.225193023681641,4.225193023681641,50,5
26,4966,specialized_enriched,mean,0.1455252468585968,0.034719862043857574,4.191411972045898,4.191411972045898,29,5
27,9686,base_enriched,max,-3.2753634452819824,0.7815735936164856,-4.19072961807251,4.19072961807251,5,5
28,14186,specialized_enriched,active_fraction,0.025789882987737656,0.006155270617455244,4.189886093139648,4.189886093139648,37,5
29,9425,specialized_enriched,mean,0.15720240771770477,0.037542328238487244,4.187337875366211,4.187337875366211,44,5
30,6415,specialized_enriched,mean,0.16415110230445862,0.03923153504729271,4.184162139892578,4.184162139892578,35,5
31,14928,specialized_enriched,active_fraction,0.01849154755473137,0.004423107020556927,4.18066930770874,4.18066930770874,46,5
32,11316,specialized_enriched,mean,0.07773309201002121,0.018687130883336067,4.159712314605713,4.159712314605713,30,5
33,9577,specialized_enriched,active_fraction,0.056573979556560516,0.013612819835543633,4.155933856964111,4.155933856964111,49,5
34,9769,specialized_enriched,mean,0.12196725606918335,0.02935163304209709,4.15538215637207,4.15538215637207,38,5
35,6983,specialized_enriched,active_fraction,0.035383597016334534,0.008553064428269863,4.13694953918457,4.13694953918457,33,5
36,13172,base_enriched,mean,-0.2711949646472931,0.06610897183418274,-4.102241516113281,4.102241516113281,22,5
37,5498,specialized_enriched,active_fraction,0.021572088822722435,0.005274394992738962,4.089964389801025,4.089964389801025,41,5
38,6077,specialized_enriched,active_fraction,0.017612377181649208,0.0043092528358101845,4.087106704711914,4.087106704711914,46,5
39,13839,specialized_enriched,mean,0.1441946029663086,0.035376593470573425,4.07598876953125,4.07598876953125,32,5
40,1559,specialized_enriched,active_fraction,0.028923682868480682,0.007101972121745348,4.072627067565918,4.072627067565918,30,5
41,7958,base_enriched,active_fraction,-0.16709554195404053,0.04103164002299309,-4.072358131408691,4.072358131408691,9,5
42,4253,specialized_enriched,active_fraction,0.026008961722254753,0.00639470387250185,4.06726598739624,4.06726598739624,34,5
43,15095,specialized_enriched,mean,0.11882568895816803,0.02931268699467182,4.053729057312012,4.053729057312012,48,5
44,6324,base_enriched,max,-3.219782590866089,0.7985756397247314,-4.031907081604004,4.031907081604004,44,5
45,538,specialized_enriched,active_fraction,0.05106338486075401,0.01271666120737791,4.0154709815979,4.0154709815979,50,5
46,8088,specialized_enriched,mean,0.10272932052612305,0.02569904737174511,3.9973978996276855,3.9973978996276855,42,5
47,4471,specialized_enriched,mean,0.22991442680358887,0.057560618966817856,3.9943008422851562,3.9943008422851562,40,5
48,3317,specialized_enriched,active_fraction,0.008883459493517876,0.002228525234386325,3.986250400543213,3.986250400543213,31,5
49,1664,base_enriched,mean,-2.098818302154541,0.5293830037117004,-3.9646499156951904,3.9646499156951904,50,5
50,5941,specialized_enriched,mean,0.2471073865890503,0.06236452981829643,3.962306499481201,3.962306499481201,39,5
51,4185,base_enriched,max,-4.730672359466553,1.19521164894104,-3.9580206871032715,3.9580206871032715,49,5
52,3085,specialized_enriched,active_fraction,0.03953726589679718,0.01002185046672821,3.945106267929077,3.945106267929077,33,5
53,1651,specialized_enriched,mean,0.1943282037973404,0.04944542422890663,3.9301555156707764,3.9301555156707764,48,5
54,2774,specialized_enriched,mean,0.1283714920282364,0.032814186066389084,3.9120731353759766,3.9120731353759766,35,5
55,14997,specialized_enriched,active_fraction,0.03617140278220177,0.009296978823840618,3.8906619548797607,3.8906619548797607,46,5
56,12785,specialized_enriched,mean,0.1485503911972046,0.03819546848535538,3.8892149925231934,3.8892149925231934,34,5
57,8068,specialized_enriched,mean,0.08645687252283096,0.022251980379223824,3.8853564262390137,3.8853564262390137,24,5
58,935,base_enriched,max,-1.9998464584350586,0.5147518515586853,-3.885068893432617,3.885068893432617,40,5
59,15627,specialized_enriched,mean,0.16940779983997345,0.04367707669734955,3.878643274307251,3.878643274307251,49,5
60,9334,specialized_enriched,mean,0.23718130588531494,0.061219487339258194,3.8742778301239014,3.8742778301239014,25,5
61,386,specialized_enriched,active_fraction,0.010022460483014584,0.0025889654643833637,3.8712222576141357,3.8712222576141357,49,5
62,6710,specialized_enriched,mean,0.1464059054851532,0.03813737630844116,3.8389086723327637,3.8389086723327637,46,5
63,5825,specialized_enriched,active_fraction,0.027109503746032715,0.007068749982863665,3.8351199626922607,3.8351199626922607,34,5
64,4173,specialized_enriched,active_fraction,0.019433634355664253,0.005077196750789881,3.8276307582855225,3.8276307582855225,46,5
65,9591,base_enriched,max,-2.469791889190674,0.6454498171806335,-3.8264660835266113,3.8264660835266113,11,5
66,15548,specialized_enriched,mean,0.13650907576084137,0.035677190870046616,3.826228141784668,3.826228141784668,48,5
67,16019,specialized_enriched,active_fraction,0.026494622230529785,0.00694738794118166,3.8136091232299805,3.8136091232299805,33,5
68,7982,specialized_enriched,active_fraction,0.02482578530907631,0.006512209307402372,3.8121910095214844,3.8121910095214844,37,5
69,14833,base_enriched,max,-2.9674768447875977,0.77949059009552,-3.806943655014038,3.806943655014038,38,5
70,8309,base_enriched,max,-3.204087257385254,0.8435474634170532,-3.7983484268188477,3.7983484268188477,48,5
71,3893,specialized_enriched,mean,0.11742690205574036,0.030916208401322365,3.7982311248779297,3.7982311248779297,41,5
72,16193,base_enriched,max,-3.2048745155334473,0.8458344340324402,-3.7890093326568604,3.7890093326568604,20,5
73,13151,base_enriched,mean,-0.21774709224700928,0.057573575526475906,-3.782066583633423,3.782066583633423,20,5
74,14968,specialized_enriched,mean,0.0712771862745285,0.018867861479520798,3.7777035236358643,3.7777035236358643,32,5
75,7384,base_enriched,max,-3.445223331451416,0.9129898548126221,-3.773561477661133,3.773561477661133,31,5
76,7436,base_enriched,max,-2.1726670265197754,0.5765734314918518,-3.768239974975586,3.768239974975586,8,5
77,12253,specialized_enriched,active_fraction,0.012438541278243065,0.003310794709250331,3.756965398788452,3.756965398788452,49,5
78,13231,specialized_enriched,mean,0.1366092562675476,0.03646918013691902,3.745882272720337,3.745882272720337,29,5
79,9237,specialized_enriched,active_fraction,0.014296143315732479,0.0038227583281695843,3.739745616912842,3.739745616912842,48,5
80,8732,specialized_enriched,active_fraction,0.04961048811674118,0.013274597935378551,3.7372498512268066,3.7372498512268066,43,5
81,12121,specialized_enriched,mean,0.5082045793533325,0.1365702748298645,3.7211947441101074,3.7211947441101074,22,5
82,14859,specialized_enriched,mean,0.15299338102340698,0.04122632369399071,3.7110605239868164,3.7110605239868164,47,5
83,13081,specialized_enriched,active_fraction,0.02645975910127163,0.0071330624632537365,3.7094528675079346,3.7094528675079346,25,5
84,13177,specialized_enriched,active_fraction,0.01519492082297802,0.004107045009732246,3.699721097946167,3.699721097946167,26,5
85,8113,specialized_enriched,mean,0.2254965901374817,0.0609855055809021,3.6975440979003906,3.6975440979003906,32,5
86,107,specialized_enriched,mean,0.09475673735141754,0.025662804022431374,3.6923766136169434,3.6923766136169434,34,5
87,10581,specialized_enriched,mean,0.1480361372232437,0.0402105413377285,3.681525707244873,3.681525707244873,27,5
88,9011,specialized_enriched,mean,0.18365924060344696,0.04996028542518616,3.676104784011841,3.676104784011841,50,5
89,8142,specialized_enriched,active_fraction,0.021180586889386177,0.005781557876616716,3.6634740829467773,3.6634740829467773,50,5
90,7126,specialized_enriched,active_fraction,0.04742930829524994,0.013000188395380974,3.648355484008789,3.648355484008789,50,5
91,6918,base_enriched,active_fraction,-0.12026315927505493,0.03308911249041557,-3.634523630142212,3.634523630142212,49,5
92,6868,specialized_enriched,active_fraction,0.015886154025793076,0.004378813318908215,3.6279587745666504,3.6279587745666504,48,5
93,2326,specialized_enriched,mean,0.1525052785873413,0.04205501824617386,3.6263277530670166,3.6263277530670166,32,5
94,5626,specialized_enriched,active_fraction,0.018970884382724762,0.005242164712399244,3.6189026832580566,3.6189026832580566,39,5
95,8220,specialized_enriched,active_fraction,0.016608690842986107,0.004627841524779797,3.5888633728027344,3.5888633728027344,37,5
96,11698,base_enriched,max,-3.7260642051696777,1.040810465812683,-3.5799641609191895,3.5799641609191895,44,5
97,2594,base_enriched,max,-2.066236734390259,0.5776090621948242,-3.577223539352417,3.577223539352417,6,5
98,13426,specialized_enriched,active_fraction,0.02307637594640255,0.006462204735726118,3.5709757804870605,3.5709757804870605,31,5
99,1874,specialized_enriched,mean,0.08716747909784317,0.02445818856358528,3.5639383792877197,3.5639383792877197,50,5
100,9281,base_enriched,max,-3.9478373527526855,1.1083186864852905,-3.5620055198669434,3.5620055198669434,32,5
101,3782,base_enriched,max,-2.051326274871826,0.5773295164108276,-3.553128957748413,3.553128957748413,5,5
102,1293,specialized_enriched,active_fraction,0.029049351811408997,0.008178523741662502,3.5519065856933594,3.5519065856933594,48,5
103,730,base_enriched,max,-1.8890058994293213,0.5328738689422607,-3.5449399948120117,3.5449399948120117,25,5
104,3200,specialized_enriched,active_fraction,0.017390556633472443,0.004906154703348875,3.5446410179138184,3.5446410179138184,24,5
105,9367,base_enriched,max,-2.4891676902770996,0.7029910087585449,-3.5408244132995605,3.5408244132995605,5,5
106,5803,base_enriched,mean,-0.14640936255455017,0.04136204719543457,-3.539702892303467,3.539702892303467,5,5
107,14280,base_enriched,max,-2.1660220623016357,0.6120598912239075,-3.538905382156372,3.538905382156372,11,5
108,13220,specialized_enriched,active_fraction,0.024602899327874184,0.006966074462980032,3.5318169593811035,3.5318169593811035,45,5
109,10331,specialized_enriched,mean,0.17016690969467163,0.048362042754888535,3.5186047554016113,3.5186047554016113,43,5
110,4179,base_enriched,active_fraction,-0.1027076318860054,0.029258212074637413,-3.5103864669799805,3.5103864669799805,27,5
111,6363,specialized_enriched,active_fraction,0.009032719768583775,0.0025821616873145103,3.4981231689453125,3.4981231689453125,21,5
112,10749,specialized_enriched,mean,0.15427756309509277,0.04421086981892586,3.489584445953369,3.489584445953369,49,5
113,9419,specialized_enriched,active_fraction,0.01679263263940811,0.004828289616852999,3.4779670238494873,3.4779670238494873,47,5
114,6100,specialized_enriched,active_fraction,0.025888994336128235,0.007449273485690355,3.4753715991973877,3.4753715991973877,25,5
115,14322,base_enriched,active_fraction,-0.06224101036787033,0.01794264279305935,-3.4688875675201416,3.4688875675201416,33,5
116,8860,specialized_enriched,mean,0.17535050213336945,0.050586309283971786,3.466362714767456,3.466362714767456,50,5
117,7893,specialized_enriched,active_fraction,0.013744303956627846,0.003966812510043383,3.4648232460021973,3.4648232460021973,38,5
118,4334,specialized_enriched,active_fraction,0.05518799275159836,0.015935558825731277,3.463197946548462,3.463197946548462,42,5
119,7199,base_enriched,max,-1.699796199798584,0.49102121591567993,-3.461757183074951,3.461757183074951,9,5
120,3612,base_enriched,active_fraction,-0.13323524594306946,0.03849044442176819,-3.461514949798584,3.461514949798584,49,5
121,7879,specialized_enriched,mean,0.14001651108264923,0.04047856852412224,3.4590282440185547,3.4590282440185547,50,5
122,13329,base_enriched,active_fraction,-0.048776041716337204,0.014108912087976933,-3.457108736038208,3.457108736038208,45,5
123,16154,specialized_enriched,active_fraction,0.026146642863750458,0.0075676594860851765,3.455050230026245,3.455050230026245,49,5
124,10818,specialized_enriched,active_fraction,0.015647225081920624,0.00453426968306303,3.450881004333496,3.450881004333496,34,5
125,4058,base_enriched,max,-2.4344921112060547,0.7076042890548706,-3.4404711723327637,3.4404711723327637,29,5
126,15778,base_enriched,max,-2.215611457824707,0.6476606726646423,-3.420944929122925,3.420944929122925,5,5
127,16002,base_enriched,max,-2.1789662837982178,0.6369835734367371,-3.420757532119751,3.420757532119751,26,5
128,4075,specialized_enriched,active_fraction,0.02256983518600464,0.006614008918404579,3.412428855895996,3.412428855895996,49,5
129,13175,specialized_enriched,active_fraction,0.04260072857141495,0.012519923970103264,3.402634859085083,3.402634859085083,44,5
130,11572,specialized_enriched,active_fraction,0.03495270386338234,0.010279200971126556,3.4003326892852783,3.4003326892852783,49,5
131,2750,base_enriched,active_fraction,-0.055268075317144394,0.016256211325526237,-3.399812698364258,3.399812698364258,47,5
132,2228,specialized_enriched,active_fraction,0.05956197530031204,0.017527567222714424,3.398188352584839,3.398188352584839,49,5
133,10315,specialized_enriched,active_fraction,0.022073376923799515,0.006502355914562941,3.3946738243103027,3.3946738243103027,34,5
134,15210,base_enriched,max,-2.7451589107513428,0.8106349110603333,-3.3864307403564453,3.3864307403564453,27,5
135,14416,base_enriched,max,-1.5757781267166138,0.46606239676475525,-3.381045341491699,3.381045341491699,42,5
136,3178,base_enriched,max,-2.3718338012695312,0.7031151056289673,-3.3733222484588623,3.3733222484588623,46,5
137,13127,specialized_enriched,mean,0.20806005597114563,0.061697762459516525,3.372246265411377,3.372246265411377,37,5
138,970,specialized_enriched,active_fraction,0.033485472202301025,0.00993150845170021,3.371640205383301,3.371640205383301,49,5
139,10287,base_enriched,active_fraction,-0.06097755953669548,0.01808835007250309,-3.371095657348633,3.371095657348633,46,5
140,5691,base_enriched,max,-2.715925693511963,0.8094625473022461,-3.3552210330963135,3.3552210330963135,45,5
141,10262,specialized_enriched,active_fraction,0.026295654475688934,0.00784251093864441,3.35296368598938,3.35296368598938,48,5
142,11244,base_enriched,active_fraction,-0.038871880620718,0.01159591879695654,-3.352203607559204,3.352203607559204,47,5
143,4436,specialized_enriched,active_fraction,0.008300645276904106,0.0024862466380000114,3.338624954223633,3.338624954223633,22,5
144,5993,base_enriched,max,-2.6971209049224854,0.8085493445396423,-3.3357529640197754,3.3357529640197754,34,5
145,5935,specialized_enriched,active_fraction,0.013866990804672241,0.004157735966145992,3.33522629737854,3.33522629737854,50,5
146,173,base_enriched,max,-1.956268548965454,0.5866169333457947,-3.334831476211548,3.334831476211548,20,5
147,15789,specialized_enriched,active_fraction,0.007483414374291897,0.002246919320896268,3.330522060394287,3.330522060394287,34,5
148,3907,specialized_enriched,mean,0.2069627195596695,0.06218273937702179,3.328298568725586,3.328298568725586,21,5
149,8007,base_enriched,max,-1.3723775148391724,0.41266003251075745,-3.325685501098633,3.325685501098633,6,5
150,10123,specialized_enriched,mean,0.12337742745876312,0.03711390495300293,3.324291229248047,3.324291229248047,46,5
151,13595,specialized_enriched,mean,0.2711610794067383,0.0816960409283638,3.319145917892456,3.319145917892456,43,5
152,8717,specialized_enriched,mean,0.07951676100492477,0.023996626958251,3.313664197921753,3.313664197921753,21,5
153,414,specialized_enriched,active_fraction,0.01331288181245327,0.004018248990178108,3.313105344772339,3.313105344772339,42,5
154,3618,specialized_enriched,active_fraction,0.01933782547712326,0.005842452868819237,3.3098812103271484,3.3098812103271484,49,5
155,974,specialized_enriched,active_fraction,0.009925773367285728,0.0030056422110646963,3.302380323410034,3.302380323410034,28,5
156,9579,base_enriched,max,-1.7597182989120483,0.5330886840820312,-3.3009860515594482,3.3009860515594482,18,5
157,10210,base_enriched,max,-1.9647289514541626,0.5959149599075317,-3.2969954013824463,3.2969954013824463,18,5
158,12534,specialized_enriched,mean,0.1043643057346344,0.03166712075471878,3.2956676483154297,3.2956676483154297,38,5
159,7997,base_enriched,active_fraction,-0.07272112369537354,0.022099293768405914,-3.290653705596924,3.290653705596924,25,5
160,4092,specialized_enriched,mean,0.12214438617229462,0.03712430223822594,3.2901463508605957,3.2901463508605957,28,5
161,7287,base_enriched,max,-3.189359188079834,0.9702538847923279,-3.2871387004852295,3.2871387004852295,27,5
162,8249,specialized_enriched,active_fraction,0.02924264967441559,0.00890510343015194,3.2838079929351807,3.2838079929351807,47,5
163,6030,base_enriched,max,-1.5810999870300293,0.48168307542800903,-3.2824487686157227,3.2824487686157227,13,5
164,14356,base_enriched,active_fraction,-0.03604155033826828,0.010980087332427502,-3.2824466228485107,3.2824466228485107,47,5
165,10777,base_enriched,max,-3.2451364994049072,0.9894428849220276,-3.27976131439209,3.27976131439209,35,5
166,8834,base_enriched,max,-3.39316725730896,1.0352466106414795,-3.277641534805298,3.277641534805298,32,5
167,6214,base_enriched,max,-4.046699047088623,1.235625147819519,-3.275021553039551,3.275021553039551,40,5
168,14323,base_enriched,max,-2.5361623764038086,0.7751863598823547,-3.2716808319091797,3.2716808319091797,37,5
169,4614,specialized_enriched,mean,0.11853039264678955,0.03624033182859421,3.2706761360168457,3.2706761360168457,50,5
170,3442,specialized_enriched,active_fraction,0.01189522072672844,0.0036405560094863176,3.267418622970581,3.267418622970581,47,5
171,5584,specialized_enriched,mean,0.11705117672681808,0.035858117043972015,3.264286756515503,3.264286756515503,49,5
172,6232,specialized_enriched,mean,0.10207672417163849,0.031288959085941315,3.262387990951538,3.262387990951538,46,5
173,11580,base_enriched,active_fraction,-0.05112658441066742,0.015688247978687286,-3.2589097023010254,3.2589097023010254,49,5
174,4745,specialized_enriched,active_fraction,0.032278914004564285,0.009920729324221611,3.253683567047119,3.253683567047119,27,5
175,15869,base_enriched,max,-2.1759936809539795,0.6688897609710693,-3.2531423568725586,3.2531423568725586,5,5
176,1639,specialized_enriched,mean,0.09193778038024902,0.02832932583987713,3.245321750640869,3.245321750640869,40,5
177,10307,specialized_enriched,mean,0.25992608070373535,0.08014244586229324,3.2433011531829834,3.2433011531829834,21,5
178,5528,base_enriched,max,-2.785004138946533,0.8589702844619751,-3.2422590255737305,3.2422590255737305,18,5
179,3874,base_enriched,max,-2.50213885307312,0.7721747756004333,-3.2403788566589355,3.2403788566589355,11,5
180,168,specialized_enriched,active_fraction,0.0182038564234972,0.005626150872558355,3.235579252243042,3.235579252243042,50,5
181,1810,specialized_enriched,max,3.260594367980957,1.0110417604446411,3.224984884262085,3.224984884262085,22,5
182,12408,specialized_enriched,mean,0.1403738260269165,0.0435272678732872,3.2249629497528076,3.2249629497528076,26,5
183,14832,specialized_enriched,active_fraction,0.021681692451238632,0.00673901429399848,3.217338800430298,3.217338800430298,47,5
184,9849,specialized_enriched,active_fraction,0.012056677602231503,0.003748983843252063,3.2159855365753174,3.2159855365753174,47,5
185,5954,specialized_enriched,mean,0.10695381462574005,0.03336596488952637,3.2054765224456787,3.2054765224456787,50,5
186,13668,specialized_enriched,mean,0.10021873563528061,0.0313793309032917,3.193781852722168,3.193781852722168,49,5
187,8587,specialized_enriched,active_fraction,0.054249487817287445,0.017003793269395828,3.190434455871582,3.190434455871582,50,5
188,9099,specialized_enriched,mean,0.12446697056293488,0.03902076557278633,3.1897623538970947,3.1897623538970947,27,5
189,15723,specialized_enriched,mean,0.15660586953163147,0.04910576716065407,3.1891543865203857,3.1891543865203857,36,5
190,8321,base_enriched,max,-2.6757893562316895,0.839672327041626,-3.18670654296875,3.18670654296875,14,5
191,2812,specialized_enriched,mean,0.24841374158859253,0.07795693725347519,3.1865508556365967,3.1865508556365967,36,5
192,15632,base_enriched,max,-1.9112980365753174,0.6000019311904907,-3.1854865550994873,3.1854865550994873,5,5
193,2144,specialized_enriched,mean,0.11816368997097015,0.03710193932056427,3.1848385334014893,3.1848385334014893,26,5
194,6389,specialized_enriched,active_fraction,0.022396225482225418,0.007042130455374718,3.1803195476531982,3.1803195476531982,43,5
195,14543,base_enriched,active_fraction,-0.07108139991760254,0.022400634363293648,-3.173187017440796,3.173187017440796,28,5
196,15049,base_enriched,mean,-0.32754236459732056,0.10326851904392242,-3.1717543601989746,3.1717543601989746,10,5
197,4150,specialized_enriched,mean,0.08323562145233154,0.026247212663292885,3.171217441558838,3.171217441558838,49,5
198,11535,base_enriched,active_fraction,-0.04037993401288986,0.012733884155750275,-3.1710617542266846,3.1710617542266846,42,5
199,10549,specialized_enriched,mean,0.14023727178573608,0.04423169046640396,3.170515775680542,3.170515775680542,45,5
200,12725,base_enriched,max,-1.3252325057983398,0.4184970259666443,-3.166647434234619,3.166647434234619,46,5
201,10859,specialized_enriched,mean,0.09759759902954102,0.03082127869129181,3.1665656566619873,3.1665656566619873,41,5
202,9981,base_enriched,max,-2.1947765350341797,0.6931332945823669,-3.166456699371338,3.166456699371338,11,5
203,4861,specialized_enriched,mean,0.13631045818328857,0.04306742548942566,3.1650476455688477,3.1650476455688477,19,5
204,14442,specialized_enriched,active_fraction,0.017898935824632645,0.005660610273480415,3.162015199661255,3.162015199661255,35,5
205,10651,base_enriched,max,-2.6495277881622314,0.838100790977478,-3.1613473892211914,3.1613473892211914,33,5
206,15980,base_enriched,max,-2.2495484352111816,0.7123715877532959,-3.157829999923706,3.157829999923706,34,5
207,11368,specialized_enriched,mean,0.12168101966381073,0.03854461759328842,3.1568875312805176,3.1568875312805176,28,5
208,10381,specialized_enriched,active_fraction,0.01601676642894745,0.005078666843473911,3.1537344455718994,3.1537344455718994,50,5
209,2994,specialized_enriched,mean,0.11948372423648834,0.03790026530623436,3.152582883834839,3.152582883834839,44,5
210,15633,specialized_enriched,mean,0.1871180683374405,0.05942172557115555,3.14898419380188,3.14898419380188,36,5
211,6865,specialized_enriched,active_fraction,0.04060401767492294,0.01289804745465517,3.1480748653411865,3.1480748653411865,50,5
212,3211,specialized_enriched,active_fraction,0.020368319004774094,0.006470225751399994,3.148007392883301,3.148007392883301,41,5
213,2446,specialized_enriched,active_fraction,0.022156769409775734,0.007055346854031086,3.1404223442077637,3.1404223442077637,38,5
214,3257,base_enriched,max,-1.894798994064331,0.6043009757995605,-3.13552188873291,3.13552188873291,48,5
215,7714,base_enriched,max,-3.1018896102905273,0.9893770217895508,-3.135194778442383,3.135194778442383,34,5
216,5756,base_enriched,max,-2.23179030418396,0.7127435207366943,-3.1312670707702637,3.1312670707702637,25,5
217,8999,base_enriched,max,-2.8151981830596924,0.8995859622955322,-3.1294376850128174,3.1294376850128174,19,5
218,7085,specialized_enriched,active_fraction,0.023018572479486465,0.00738832401111722,3.1155335903167725,3.1155335903167725,41,5
219,14937,base_enriched,max,-1.153096079826355,0.3704298138618469,-3.1128597259521484,3.1128597259521484,50,5
220,8028,specialized_enriched,active_fraction,0.007654203101992607,0.002464744495227933,3.1054751873016357,3.1054751873016357,30,5
221,9194,specialized_enriched,mean,0.12214480340480804,0.03935971483588219,3.103294849395752,3.103294849395752,25,5
222,8070,specialized_enriched,mean,0.0997033566236496,0.032152291387319565,3.1009719371795654,3.1009719371795654,45,5
223,13173,specialized_enriched,active_fraction,0.03300388529896736,0.010653569363057613,3.0979180335998535,3.0979180335998535,43,5
224,5819,specialized_enriched,mean,0.07398473471403122,0.023920655250549316,3.0929226875305176,3.0929226875305176,50,5
225,6388,specialized_enriched,active_fraction,0.023327920585870743,0.007558131590485573,3.0864665508270264,3.0864665508270264,50,5
226,10119,specialized_enriched,active_fraction,0.0232313834130764,0.0075342971831560135,3.0834174156188965,3.0834174156188965,50,5
227,2755,base_enriched,mean,-0.369833767414093,0.12001252919435501,-3.0816264152526855,3.0816264152526855,13,5
228,11420,specialized_enriched,active_fraction,0.022720078006386757,0.007374701090157032,3.080813407897949,3.080813407897949,27,5
229,15559,specialized_enriched,mean,0.12193840742111206,0.03958534076809883,3.080393075942993,3.080393075942993,47,5
230,15382,base_enriched,max,-3.303227424621582,1.072786808013916,-3.079108953475952,3.079108953475952,7,5
231,2187,specialized_enriched,mean,0.09447510540485382,0.030718062072992325,3.0755555629730225,3.0755555629730225,45,5
232,9430,base_enriched,max,-2.5461652278900146,0.8280994892120361,-3.074709415435791,3.074709415435791,30,5
233,8658,specialized_enriched,mean,0.1393134444952011,0.04540316015481949,3.068364381790161,3.068364381790161,34,5
234,1882,base_enriched,active_fraction,-0.11222384124994278,0.03661946579813957,-3.0645952224731445,3.0645952224731445,41,5
235,2734,base_enriched,active_fraction,-0.0464782789349556,0.015180534683167934,-3.061702251434326,3.061702251434326,9,5
236,3324,specialized_enriched,mean,0.11398977041244507,0.03724207356572151,3.060779333114624,3.060779333114624,24,5
237,8384,specialized_enriched,active_fraction,0.00794946402311325,0.002602791180834174,3.0542073249816895,3.0542073249816895,38,5
238,3574,specialized_enriched,active_fraction,0.02481233701109886,0.008168041706085205,3.037733793258667,3.037733793258667,50,5
239,11339,specialized_enriched,active_fraction,0.040071770548820496,0.013193429447710514,3.0372519493103027,3.0372519493103027,33,5
240,1367,specialized_enriched,active_fraction,0.011683417484164238,0.003848607651889324,3.0357518196105957,3.0357518196105957,33,5
241,9005,base_enriched,active_fraction,-0.028445754200220108,0.009394703432917595,-3.0278501510620117,3.0278501510620117,46,5
242,8145,base_enriched,active_fraction,-0.04261121153831482,0.014093009755015373,-3.0235707759857178,3.0235707759857178,17,5
243,8167,base_enriched,max,-1.656597375869751,0.548267126083374,-3.021515130996704,3.021515130996704,44,5
244,1058,base_enriched,max,-3.0128626823425293,1.0003801584243774,-3.0117177963256836,3.0117177963256836,43,5
245,12858,specialized_enriched,active_fraction,0.027749504894018173,0.00921603012830019,3.0110042095184326,3.0110042095184326,31,5
246,11790,base_enriched,active_fraction,-0.08444762974977493,0.02805202640593052,-3.0103931427001953,3.0103931427001953,18,5
247,12853,base_enriched,active_fraction,-0.06167479604482651,0.020503325387835503,-3.0080387592315674,3.0080387592315674,15,5
248,785,specialized_enriched,active_fraction,0.06963498890399933,0.02316577360033989,3.0059428215026855,3.0059428215026855,50,5
249,3360,specialized_enriched,active_fraction,0.016162855550646782,0.0053778341971337795,3.005458116531372,3.005458116531372,31,5
250,10148,base_enriched,max,-0.9650415182113647,0.321168452501297,-3.0047831535339355,3.0047831535339355,14,5
251,649,base_enriched,max,-2.1553187370300293,0.7173285484313965,-3.0046465396881104,3.0046465396881104,9,5
252,2737,specialized_enriched,active_fraction,0.013834723271429539,0.0046211061999201775,2.993812084197998,2.993812084197998,31,5
253,12817,base_enriched,max,-3.247563362121582,1.0847960710525513,-2.993708610534668,2.993708610534668,26,5
254,3060,specialized_enriched,active_fraction,0.01683097705245018,0.00562645448371768,2.9914002418518066,2.9914002418518066,50,5
255,10430,specialized_enriched,active_fraction,0.011751782149076462,0.003934750333428383,2.9866652488708496,2.9866652488708496,20,5
256,6797,base_enriched,max,-1.6348755359649658,0.5496256947517395,-2.974525213241577,2.974525213241577,16,5
257,14960,base_enriched,max,-5.954475402832031,2.0039873123168945,-2.971313953399658,2.971313953399658,13,5
258,16281,base_enriched,active_fraction,-0.03528112545609474,0.011879848316311836,-2.969829559326172,2.969829559326172,49,5
259,1794,base_enriched,active_fraction,-0.10325070470571518,0.03476753458380699,-2.9697446823120117,2.9697446823120117,6,5
260,2099,specialized_enriched,active_fraction,0.027003780007362366,0.009094130247831345,2.9693636894226074,2.9693636894226074,50,5
261,8599,base_enriched,max,-2.1151223182678223,0.7124398350715637,-2.968843460083008,2.968843460083008,10,5
262,12115,specialized_enriched,active_fraction,0.02399141527712345,0.008084669709205627,2.967519521713257,2.967519521713257,39,5
263,4284,base_enriched,max,-3.0988926887512207,1.0448999404907227,-2.965731620788574,2.965731620788574,42,5
264,3350,base_enriched,max,-2.890812635421753,0.9751418828964233,-2.9645047187805176,2.9645047187805176,48,5
265,16207,base_enriched,max,-2.8086414337158203,0.947638988494873,-2.9638307094573975,2.9638307094573975,48,5
266,2889,base_enriched,active_fraction,-0.039189402014017105,0.013226880691945553,-2.962860584259033,2.962860584259033,47,5
267,6339,specialized_enriched,mean,0.20575830340385437,0.0694531500339508,2.96254825592041,2.96254825592041,24,5
268,1808,specialized_enriched,mean,0.18153399229049683,0.06129598990082741,2.9615964889526367,2.9615964889526367,42,5
269,12471,base_enriched,max,-2.416271686553955,0.8165774941444397,-2.9590232372283936,2.9590232372283936,25,5
270,11744,base_enriched,active_fraction,-0.0074104005470871925,0.0025049392133951187,-2.95831561088562,2.95831561088562,16,5
271,4021,specialized_enriched,active_fraction,0.029781341552734375,0.010093243792653084,2.9506213665008545,2.9506213665008545,47,5
272,5815,base_enriched,mean,-0.12702669203281403,0.04306197911500931,-2.949857234954834,2.949857234954834,28,5
273,1259,specialized_enriched,active_fraction,0.02700018882751465,0.009169208817183971,2.9446585178375244,2.9446585178375244,31,5
274,4484,base_enriched,max,-0.8164557218551636,0.2772841453552246,-2.9444732666015625,2.9444732666015625,14,5
275,13298,specialized_enriched,active_fraction,0.025295253843069077,0.008591950871050358,2.944064140319824,2.944064140319824,30,5
276,7000,specialized_enriched,mean,0.16891156136989594,0.05738978832960129,2.9432337284088135,2.9432337284088135,50,5
277,3078,specialized_enriched,mean,0.07608772069215775,0.025864822790026665,2.9417452812194824,2.9417452812194824,50,5
278,15808,base_enriched,max,-1.7827743291854858,0.6065273880958557,-2.9393138885498047,2.9393138885498047,41,5
279,2792,specialized_enriched,mean,0.17545825242996216,0.059807486832141876,2.9337172508239746,2.9337172508239746,24,5
280,12932,base_enriched,max,-2.5246877670288086,0.8607913851737976,-2.9329845905303955,2.9329845905303955,11,5
281,13115,base_enriched,max,-1.2464925050735474,0.42523500323295593,-2.931302785873413,2.931302785873413,46,5
282,11222,base_enriched,max,-2.316131830215454,0.7910116910934448,-2.928062677383423,2.928062677383423,42,5
283,12673,specialized_enriched,mean,0.06310585886240005,0.021554291248321533,2.9277632236480713,2.9277632236480713,48,5
284,16173,base_enriched,max,-1.9691705703735352,0.6728869676589966,-2.926450729370117,2.926450729370117,12,5
285,11579,base_enriched,active_fraction,-0.02428210899233818,0.00830002874135971,-2.9255452156066895,2.9255452156066895,25,5
286,11811,base_enriched,active_fraction,-0.009778691455721855,0.0033426927402615547,-2.9253933429718018,2.9253933429718018,27,5
287,13269,base_enriched,max,-3.7662582397460938,1.2876921892166138,-2.9248125553131104,2.9248125553131104,38,5
288,7940,base_enriched,max,-2.6396992206573486,0.9026415348052979,-2.9244158267974854,2.9244158267974854,24,5
289,1346,specialized_enriched,active_fraction,0.04661888629198074,0.015945207327604294,2.9236927032470703,2.9236927032470703,48,5
290,5974,specialized_enriched,active_fraction,0.029202014207839966,0.010004570707678795,2.918867349624634,2.918867349624634,48,5
291,15432,specialized_enriched,mean,0.06858620047569275,0.02350180596113205,2.918337345123291,2.918337345123291,44,5
292,13844,specialized_enriched,active_fraction,0.026228561997413635,0.00900332722812891,2.913207769393921,2.913207769393921,39,5
293,7710,specialized_enriched,active_fraction,0.01499241590499878,0.005148871336132288,2.9117867946624756,2.9117867946624756,32,5
294,1529,specialized_enriched,mean,0.1246635913848877,0.04282525181770325,2.9109833240509033,2.9109833240509033,43,5
295,15140,specialized_enriched,mean,0.09657474607229233,0.03320031240582466,2.9088504314422607,2.9088504314422607,30,5
296,11888,base_enriched,max,-1.778890609741211,0.6117045283317566,-2.908087968826294,2.908087968826294,5,5
297,7741,base_enriched,max,-1.1100687980651855,0.3820122480392456,-2.905846118927002,2.905846118927002,7,5
298,14220,base_enriched,max,-1.6101785898208618,0.5542144775390625,-2.905334711074829,2.905334711074829,36,5
299,3272,specialized_enriched,active_fraction,0.009443262591958046,0.003256333526223898,2.899967908859253,2.899967908859253,39,5
300,3487,base_enriched,active_fraction,-0.09354076534509659,0.03227689489722252,-2.8980720043182373,2.8980720043182373,45,5
301,1418,base_enriched,max,-1.788177251815796,0.6172651648521423,-2.896935224533081,2.896935224533081,37,5
302,13215,specialized_enriched,active_fraction,0.01779761351644993,0.006153706926852465,2.8921775817871094,2.8921775817871094,48,5
303,13925,base_enriched,max,-1.2306294441223145,0.4255719780921936,-2.891706943511963,2.891706943511963,7,5
304,894,specialized_enriched,active_fraction,0.021333210170269012,0.007377831265330315,2.891528606414795,2.891528606414795,47,5
305,3405,specialized_enriched,active_fraction,0.015961259603500366,0.005523527506738901,2.889685869216919,2.889685869216919,35,5
306,15410,base_enriched,max,-1.56580650806427,0.5418795943260193,-2.8895838260650635,2.8895838260650635,40,5
307,1472,specialized_enriched,mean,0.10504887253046036,0.03639911487698555,2.886028289794922,2.886028289794922,49,5
308,14636,specialized_enriched,active_fraction,0.011456156149506569,0.003970490302890539,2.8853251934051514,2.8853251934051514,42,5
309,10688,specialized_enriched,active_fraction,0.01948360539972782,0.006757556926459074,2.8832321166992188,2.8832321166992188,49,5
310,12573,specialized_enriched,active_fraction,0.022310299798846245,0.0077535840682685375,2.87741756439209,2.87741756439209,50,5
311,12173,base_enriched,active_fraction,-0.09162241965532303,0.031842850148677826,-2.877331018447876,2.877331018447876,44,5
312,11784,specialized_enriched,active_fraction,0.041144538670778275,0.014302182011306286,2.8768014907836914,2.8768014907836914,50,5
313,1985,base_enriched,max,-2.567671060562134,0.8930795192718506,-2.875075578689575,2.875075578689575,5,5
314,14897,base_enriched,max,-1.8596842288970947,0.64714515209198,-2.873674154281616,2.873674154281616,13,5
315,10886,specialized_enriched,active_fraction,0.018314583227038383,0.006386745721101761,2.8675923347473145,2.8675923347473145,43,5
316,11772,specialized_enriched,mean,0.07795526832342148,0.027197839692234993,2.8662302494049072,2.8662302494049072,33,5
317,14244,specialized_enriched,mean,0.1558821201324463,0.05454430356621742,2.8578991889953613,2.8578991889953613,20,5
318,8313,specialized_enriched,active_fraction,0.1031896322965622,0.03612874448299408,2.8561644554138184,2.8561644554138184,50,5
319,7191,specialized_enriched,active_fraction,0.011456641368567944,0.004013197496533394,2.8547415733337402,2.8547415733337402,13,5
320,429,base_enriched,max,-1.5383164882659912,0.5400322675704956,-2.8485639095306396,2.8485639095306396,8,5
321,13934,specialized_enriched,active_fraction,0.07503876835107803,0.026354506611824036,2.8472840785980225,2.8472840785980225,50,5
322,4029,base_enriched,max,-1.6457602977752686,0.578777551651001,-2.843510866165161,2.843510866165161,36,5
323,10302,base_enriched,max,-1.017920970916748,0.3583104610443115,-2.840891122817993,2.840891122817993,29,5
324,11279,specialized_enriched,mean,0.11557736992835999,0.040688466280698776,2.840543746948242,2.840543746948242,24,5
325,3680,base_enriched,max,-1.3960620164871216,0.49168896675109863,-2.8393194675445557,2.8393194675445557,32,5
326,8194,specialized_enriched,active_fraction,0.02395656891167164,0.00844112690538168,2.8380770683288574,2.8380770683288574,44,5
327,6491,specialized_enriched,active_fraction,0.013184931129217148,0.00464928662404418,2.835904121398926,2.835904121398926,47,5
328,7003,specialized_enriched,active_fraction,0.026052970439195633,0.00918947346508503,2.8350884914398193,2.8350884914398193,26,5
329,14048,base_enriched,active_fraction,-0.03601318597793579,0.012703122571110725,-2.834986925125122,2.834986925125122,36,5
330,9299,specialized_enriched,mean,0.08481131494045258,0.029927246272563934,2.833916425704956,2.833916425704956,23,5
331,2832,base_enriched,max,-2.8123817443847656,0.9925664663314819,-2.833444356918335,2.833444356918335,28,5
332,16239,base_enriched,max,-0.9372038245201111,0.33097243309020996,-2.831667423248291,2.831667423248291,34,5
333,11057,specialized_enriched,active_fraction,0.014854243025183678,0.005255069583654404,2.8266501426696777,2.8266501426696777,30,5
334,72,specialized_enriched,active_fraction,0.017324823886156082,0.006134081166237593,2.824355125427246,2.824355125427246,6,5
335,5985,specialized_enriched,active_fraction,0.013041336089372635,0.004619234707206488,2.823267698287964,2.823267698287964,10,5
336,878,specialized_enriched,mean,0.06162694841623306,0.021842041984200478,2.8214828968048096,2.8214828968048096,35,5
337,1819,specialized_enriched,active_fraction,0.02272798866033554,0.008058497682213783,2.820375442504883,2.820375442504883,25,5
338,15243,base_enriched,max,-2.0571117401123047,0.7295253872871399,-2.8197946548461914,2.8197946548461914,49,5
339,5552,specialized_enriched,active_fraction,0.006820079870522022,0.002420235425233841,2.8179407119750977,2.8179407119750977,25,5
340,8341,base_enriched,mean,-0.05136919021606445,0.01825360395014286,-2.814194440841675,2.814194440841675,16,5
341,457,base_enriched,max,-4.78072452545166,1.6994504928588867,-2.8131000995635986,2.8131000995635986,21,5
342,13425,base_enriched,max,-2.29673171043396,0.8166664242744446,-2.8123254776000977,2.8123254776000977,30,5
343,12030,specialized_enriched,active_fraction,0.008155779913067818,0.002904103137552738,2.8083643913269043,2.8083643913269043,45,5
344,6537,specialized_enriched,active_fraction,0.013220173306763172,0.004708598833531141,2.807666063308716,2.807666063308716,32,5
345,1385,specialized_enriched,mean,0.06691838055849075,0.023839015513658524,2.8070950508117676,2.8070950508117676,50,5
346,14704,base_enriched,max,-3.2041678428649902,1.1415857076644897,-2.806769371032715,2.806769371032715,24,5
347,6758,base_enriched,max,-2.4063451290130615,0.8583576679229736,-2.803429365158081,2.803429365158081,45,5
348,13416,specialized_enriched,active_fraction,0.037556473165750504,0.013410492800176144,2.8005290031433105,2.8005290031433105,44,5
349,9342,specialized_enriched,active_fraction,0.026884272694587708,0.009603015147149563,2.7995657920837402,2.7995657920837402,48,5
350,14359,specialized_enriched,active_fraction,0.017864229157567024,0.006401001941412687,2.790848970413208,2.790848970413208,48,5
351,1833,specialized_enriched,active_fraction,0.01867828145623207,0.006693101953715086,2.7906763553619385,2.7906763553619385,34,5
352,10096,base_enriched,max,-2.5026278495788574,0.8968080878257751,-2.7905945777893066,2.7905945777893066,50,5
353,13139,base_enriched,active_fraction,-0.07320007681846619,0.02624351903796196,-2.7892630100250244,2.7892630100250244,28,5
354,11365,specialized_enriched,active_fraction,0.02175460197031498,0.007801518309861422,2.788508653640747,2.788508653640747,32,5
355,3090,base_enriched,max,-2.4791858196258545,0.8896975517272949,-2.7865490913391113,2.7865490913391113,38,5
356,1549,specialized_enriched,mean,0.0722113624215126,0.025925353169441223,2.7853569984436035,2.7853569984436035,35,5
357,5635,specialized_enriched,active_fraction,0.0180213525891304,0.006472105626016855,2.7844650745391846,2.7844650745391846,49,5
358,5580,base_enriched,active_fraction,-0.010707439854741096,0.0038462721277028322,-2.783848762512207,2.783848762512207,7,5
359,11142,specialized_enriched,active_fraction,0.03990445286035538,0.014340473338961601,2.7826454639434814,2.7826454639434814,41,5
360,12669,specialized_enriched,active_fraction,0.014013838022947311,0.005039936862885952,2.7805583477020264,2.7805583477020264,46,5
361,2258,specialized_enriched,mean,0.10370992124080658,0.03730227053165436,2.7802577018737793,2.7802577018737793,48,5
362,10968,specialized_enriched,active_fraction,0.03240452706813812,0.011656769551336765,2.7798891067504883,2.7798891067504883,50,5
363,10964,specialized_enriched,active_fraction,0.007712199352681637,0.002777817891910672,2.7763516902923584,2.7763516902923584,41,5
364,10219,specialized_enriched,mean,0.0925665870308876,0.033346034586429596,2.77593994140625,2.77593994140625,48,5
365,12644,specialized_enriched,active_fraction,0.02101416513323784,0.0075716315768659115,2.775381326675415,2.775381326675415,30,5
366,5018,base_enriched,max,-0.9027960896492004,0.32545456290245056,-2.773954391479492,2.773954391479492,19,5
367,945,specialized_enriched,active_fraction,0.028084196150302887,0.010126536712050438,2.773326873779297,2.773326873779297,25,5
368,14674,specialized_enriched,active_fraction,0.00822448916733265,0.0029661105945706367,2.7728195190429688,2.7728195190429688,24,5
369,11003,base_enriched,active_fraction,-0.042386338114738464,0.015294969081878662,-2.7712600231170654,2.7712600231170654,50,5
370,5611,base_enriched,active_fraction,-0.030000194907188416,0.010826081968843937,-2.771103620529175,2.771103620529175,39,5
371,12544,specialized_enriched,mean,0.09747275710105896,0.03517968952655792,2.7707111835479736,2.7707111835479736,33,5
372,1202,base_enriched,active_fraction,-0.009700029157102108,0.003511494491249323,-2.7623648643493652,2.7623648643493652,38,5
373,10980,specialized_enriched,active_fraction,0.008982418105006218,0.0032543500419706106,2.7601265907287598,2.7601265907287598,45,5
374,4696,base_enriched,active_fraction,-0.07082381844520569,0.02566647343337536,-2.759390354156494,2.759390354156494,15,5
375,6869,specialized_enriched,active_fraction,0.019416075199842453,0.0070397090166807175,2.7580792903900146,2.7580792903900146,26,5
376,13760,specialized_enriched,active_fraction,0.009226645343005657,0.0033454494550824165,2.7579689025878906,2.7579689025878906,22,5
377,16088,base_enriched,max,-1.9051258563995361,0.6909364461898804,-2.757309913635254,2.757309913635254,49,5
378,5411,specialized_enriched,mean,0.9009544849395752,0.32684066891670227,2.7565555572509766,2.7565555572509766,50,5
379,15069,specialized_enriched,active_fraction,0.03019285574555397,0.01096357312053442,2.75392484664917,2.75392484664917,41,5
380,7469,specialized_enriched,mean,0.13985837996006012,0.050863198935985565,2.749696969985962,2.749696969985962,29,5
381,15837,specialized_enriched,max,2.2844088077545166,0.8309192657470703,2.7492549419403076,2.7492549419403076,45,5
382,7531,specialized_enriched,mean,0.08285427838563919,0.030139386653900146,2.7490365505218506,2.7490365505218506,41,5
383,10417,specialized_enriched,mean,0.09066171944141388,0.033008772879838943,2.7465946674346924,2.7465946674346924,50,5
384,14104,base_enriched,max,-2.1589691638946533,0.786268949508667,-2.745840549468994,2.745840549468994,40,5
385,11026,base_enriched,max,-1.6247293949127197,0.5924946665763855,-2.7421839237213135,2.7421839237213135,43,5
386,113,base_enriched,active_fraction,-0.09400434792041779,0.03428209573030472,-2.7420828342437744,2.7420828342437744,44,5
387,10257,specialized_enriched,active_fraction,0.023209918290376663,0.008465618826448917,2.741668224334717,2.741668224334717,40,5
388,5568,specialized_enriched,mean,0.13152720034122467,0.047977231442928314,2.741450309753418,2.741450309753418,30,5
389,8131,base_enriched,max,-2.284677505493164,0.8337936401367188,-2.7400994300842285,2.7400994300842285,48,5
390,14232,base_enriched,max,-1.0104560852050781,0.36883485317230225,-2.7395894527435303,2.7395894527435303,7,5
391,2827,base_enriched,max,-2.7979562282562256,1.0213693380355835,-2.7394165992736816,2.7394165992736816,44,5
392,1963,base_enriched,active_fraction,-0.07934310287237167,0.028980325907468796,-2.737826347351074,2.737826347351074,18,5
393,11435,base_enriched,max,-1.2510416507720947,0.4581349194049835,-2.7307276725769043,2.7307276725769043,41,5
394,6092,base_enriched,active_fraction,-0.0046425629407167435,0.0017022381071001291,-2.7273287773132324,2.7273287773132324,14,5
395,7966,specialized_enriched,active_fraction,0.027010057121515274,0.009906407445669174,2.7265238761901855,2.7265238761901855,50,5
396,6697,specialized_enriched,mean,0.20358817279338837,0.07472707331180573,2.7244231700897217,2.7244231700897217,43,5
397,5957,specialized_enriched,active_fraction,0.011590208858251572,0.004256917629390955,2.7226762771606445,2.7226762771606445,41,5
398,11549,specialized_enriched,active_fraction,0.011441233567893505,0.004204089287668467,2.7214534282684326,2.7214534282684326,27,5
399,5886,specialized_enriched,active_fraction,0.03185172379016876,0.011709590442478657,2.720139980316162,2.720139980316162,34,5
400,14583,base_enriched,max,-1.8210101127624512,0.6697593331336975,-2.718902111053467,2.718902111053467,9,5
401,6341,specialized_enriched,active_fraction,0.010064398869872093,0.0037059811875224113,2.7157177925109863,2.7157177925109863,31,5
402,12500,specialized_enriched,mean,0.10850474238395691,0.039992716163396835,2.7131125926971436,2.7131125926971436,50,5
403,9476,base_enriched,max,-1.0314090251922607,0.380313903093338,-2.711993932723999,2.711993932723999,11,5
404,11862,base_enriched,max,-2.2763168811798096,0.8403468132019043,-2.70878267288208,2.70878267288208,12,5
405,8564,specialized_enriched,active_fraction,0.019577501341700554,0.007228343281894922,2.708435535430908,2.708435535430908,23,5
406,1214,specialized_enriched,mean,0.10358622670173645,0.03826318681240082,2.7072033882141113,2.7072033882141113,49,5
407,7581,specialized_enriched,active_fraction,0.026265425607562065,0.009703618474304676,2.706766128540039,2.706766128540039,50,5
408,3718,specialized_enriched,mean,0.0691600888967514,0.025558726862072945,2.7059285640716553,2.7059285640716553,32,5
409,10065,base_enriched,max,-1.4316935539245605,0.5293461084365845,-2.7046453952789307,2.7046453952789307,6,5
410,11475,base_enriched,max,-2.3447279930114746,0.8676856160163879,-2.7022783756256104,2.7022783756256104,39,5
411,12697,specialized_enriched,active_fraction,0.018743084743618965,0.006942960899323225,2.6995809078216553,2.6995809078216553,50,5
412,15247,specialized_enriched,active_fraction,0.01066230796277523,0.003951378632336855,2.6983766555786133,2.6983766555786133,39,5
413,13704,base_enriched,max,-3.2199063301086426,1.1940290927886963,-2.6966731548309326,2.6966731548309326,29,5
414,7496,specialized_enriched,mean,0.09552944451570511,0.03545641154050827,2.6942784786224365,2.6942784786224365,18,5
415,6693,specialized_enriched,active_fraction,0.009863892570137978,0.0036628502421081066,2.692955493927002,2.692955493927002,36,5
416,15163,specialized_enriched,mean,0.11533339321613312,0.04291713610291481,2.6873507499694824,2.6873507499694824,47,5
417,15477,specialized_enriched,mean,0.09282848238945007,0.03455982729792595,2.6860227584838867,2.6860227584838867,18,5
418,13912,specialized_enriched,active_fraction,0.016612695530056953,0.0062160310335457325,2.6725566387176514,2.6725566387176514,48,5
419,2257,base_enriched,max,-2.5916099548339844,0.9700061082839966,-2.671746015548706,2.671746015548706,50,5
420,8820,specialized_enriched,mean,0.11449315398931503,0.04288475960493088,2.6697864532470703,2.6697864532470703,26,5
421,6739,specialized_enriched,mean,0.13016921281814575,0.04884304478764534,2.665051221847534,2.665051221847534,22,5
422,6061,specialized_enriched,active_fraction,0.02613467164337635,0.009811910800635815,2.6635658740997314,2.6635658740997314,44,5
423,9158,specialized_enriched,active_fraction,0.027828527614474297,0.010450869798660278,2.662795305252075,2.662795305252075,42,5
424,788,specialized_enriched,mean,0.08226069808006287,0.03089270181953907,2.662787437438965,2.662787437438965,47,5
425,2156,specialized_enriched,mean,0.0773230642080307,0.029046371579170227,2.6620559692382812,2.6620559692382812,14,5
426,3225,specialized_enriched,active_fraction,0.026526685804128647,0.009966456331312656,2.6615965366363525,2.6615965366363525,49,5
427,13289,specialized_enriched,active_fraction,0.008042882196605206,0.0030249119736254215,2.658881425857544,2.658881425857544,35,5
428,11683,base_enriched,active_fraction,-0.07075377553701401,0.026610733941197395,-2.658843517303467,2.658843517303467,15,5
429,13013,specialized_enriched,active_fraction,0.006761432159692049,0.0025433285627514124,2.6584973335266113,2.6584973335266113,27,5
430,2223,base_enriched,max,-1.9749771356582642,0.7432096004486084,-2.657362222671509,2.657362222671509,8,5
431,10311,specialized_enriched,active_fraction,0.03779137134552002,0.014228797517716885,2.655977964401245,2.655977964401245,45,5
432,2031,base_enriched,active_fraction,-0.017066029831767082,0.006426071748137474,-2.6557483673095703,2.6557483673095703,26,5
433,9556,base_enriched,max,-1.9056674242019653,0.7178639769554138,-2.6546359062194824,2.6546359062194824,46,5
434,4437,base_enriched,max,-1.687090516090393,0.6357287168502808,-2.65378999710083,2.65378999710083,9,5
435,528,specialized_enriched,mean,0.06854692101478577,0.02586277946829796,2.6504080295562744,2.6504080295562744,50,5
436,2358,specialized_enriched,mean,0.16602963209152222,0.06266019493341446,2.6496827602386475,2.6496827602386475,33,5
437,3693,base_enriched,active_fraction,-0.07949382066726685,0.030048400163650513,-2.6455259323120117,2.6455259323120117,7,5
438,485,base_enriched,max,-1.9132087230682373,0.7243149280548096,-2.641404628753662,2.641404628753662,46,5
439,9311,specialized_enriched,active_fraction,0.011324792169034481,0.004288532305508852,2.6407151222229004,2.6407151222229004,35,5
440,11890,specialized_enriched,active_fraction,0.01820668950676918,0.0069060176610946655,2.6363513469696045,2.6363513469696045,17,5
441,843,specialized_enriched,mean,0.12730439007282257,0.04834820330142975,2.6330738067626953,2.6330738067626953,33,5
442,1108,base_enriched,max,-2.449249744415283,0.9307400584220886,-2.6315078735351562,2.6315078735351562,23,5
443,9723,specialized_enriched,active_fraction,0.011812791228294373,0.004492562264204025,2.629410743713379,2.629410743713379,25,5
444,8372,specialized_enriched,active_fraction,0.028934620320796967,0.01101410947740078,2.6270503997802734,2.6270503997802734,39,5
445,9402,base_enriched,mean,-0.11713764071464539,0.0446765199303627,-2.621906042098999,2.621906042098999,27,5
446,7799,base_enriched,max,-0.8948240280151367,0.34133419394493103,-2.6215481758117676,2.6215481758117676,20,5
447,13665,base_enriched,max,-2.9475607872009277,1.1255621910095215,-2.6187453269958496,2.6187453269958496,23,5
448,4833,specialized_enriched,active_fraction,0.007393217645585537,0.002827773569151759,2.6145012378692627,2.6145012378692627,37,5
449,6200,specialized_enriched,active_fraction,0.008495170623064041,0.0032503141555935144,2.6136460304260254,2.6136460304260254,21,5
450,10091,base_enriched,active_fraction,-0.025318998843431473,0.009696274064481258,-2.6112091541290283,2.6112091541290283,34,5
451,7097,specialized_enriched,mean,0.334857702255249,0.12831339240074158,2.6096863746643066,2.6096863746643066,50,5
452,15507,base_enriched,max,-1.3529493808746338,0.5187397599220276,-2.6081466674804688,2.6081466674804688,50,5
453,279,base_enriched,max,-1.5648586750030518,0.6010300517082214,-2.603627920150757,2.603627920150757,26,5
454,1597,base_enriched,max,-2.8671629428863525,1.1012545824050903,-2.6035423278808594,2.6035423278808594,10,5
455,3561,base_enriched,max,-2.4240782260894775,0.9313446879386902,-2.6027724742889404,2.6027724742889404,19,5
456,7858,base_enriched,max,-2.3791966438293457,0.9144627451896667,-2.6017425060272217,2.6017425060272217,12,5
457,6698,specialized_enriched,mean,0.1144217774271965,0.043994106352329254,2.6008434295654297,2.6008434295654297,33,5
458,1350,base_enriched,max,-2.437459707260132,0.9377579689025879,-2.5992417335510254,2.5992417335510254,37,5
459,4486,base_enriched,max,-1.0431551933288574,0.4015473425388336,-2.5978386402130127,2.5978386402130127,24,5
460,3072,specialized_enriched,active_fraction,0.00671581132337451,0.0025867593940347433,2.5962257385253906,2.5962257385253906,22,5
461,2935,specialized_enriched,mean,0.11741701513528824,0.04523763805627823,2.595560312271118,2.595560312271118,30,5
462,3579,base_enriched,max,-1.6848479509353638,0.6498516798019409,-2.592665433883667,2.592665433883667,15,5
463,12722,specialized_enriched,mean,0.0655650720000267,0.025302572175860405,2.5912413597106934,2.5912413597106934,27,5
464,7818,specialized_enriched,mean,0.14513880014419556,0.05601377412676811,2.5911269187927246,2.5911269187927246,19,5
465,5687,specialized_enriched,active_fraction,0.011631835252046585,0.004489659797400236,2.5908055305480957,2.5908055305480957,21,5
466,3864,base_enriched,max,-0.981559157371521,0.37901750206947327,-2.5897462368011475,2.5897462368011475,10,5
467,879,base_enriched,max,-1.770867943763733,0.6838005781173706,-2.5897433757781982,2.5897433757781982,36,5
468,13132,base_enriched,max,-5.349575519561768,2.0665876865386963,-2.5886032581329346,2.5886032581329346,26,5
469,13252,specialized_enriched,max,2.2162508964538574,0.8572327494621277,2.585354804992676,2.585354804992676,35,5
470,634,base_enriched,max,-1.4489599466323853,0.5610281825065613,-2.58268666267395,2.58268666267395,28,5
471,16338,specialized_enriched,mean,0.08085305988788605,0.03130776807665825,2.582523822784424,2.582523822784424,38,5
472,11261,base_enriched,max,-2.5106725692749023,0.9729539752006531,-2.5804638862609863,2.5804638862609863,23,5
473,10278,specialized_enriched,active_fraction,0.016300953924655914,0.006320522166788578,2.5790517330169678,2.5790517330169678,47,5
474,4750,base_enriched,max,-1.0665106773376465,0.4143202602863312,-2.5741214752197266,2.5741214752197266,8,5
475,5617,specialized_enriched,mean,0.12187430262565613,0.047356877475976944,2.573529005050659,2.573529005050659,24,5
476,14690,base_enriched,active_fraction,-0.04427390918135643,0.01721041090786457,-2.572507381439209,2.572507381439209,21,5
477,12405,specialized_enriched,active_fraction,0.03328640013933182,0.01295136846601963,2.5701067447662354,2.5701067447662354,50,5
478,13457,specialized_enriched,active_fraction,0.033988531678915024,0.013233388774096966,2.568392038345337,2.568392038345337,47,5
479,4688,base_enriched,max,-1.2891178131103516,0.5019564032554626,-2.5681867599487305,2.5681867599487305,45,5
480,6239,specialized_enriched,active_fraction,0.025960903614759445,0.010115688666701317,2.5664000511169434,2.5664000511169434,41,5
481,1469,base_enriched,max,-3.244647264480591,1.2646485567092896,-2.5656514167785645,2.5656514167785645,27,5
482,8045,specialized_enriched,active_fraction,0.021565724164247513,0.008409373462200165,2.564486503601074,2.564486503601074,47,5
483,4730,specialized_enriched,active_fraction,0.006551867816597223,0.002557312836870551,2.5620126724243164,2.5620126724243164,16,5
484,16126,base_enriched,mean,-0.07901345193386078,0.03087748773396015,-2.558933973312378,2.558933973312378,19,5
485,6880,base_enriched,max,-1.6182366609573364,0.6327825784683228,-2.5573344230651855,2.5573344230651855,41,5
486,4099,specialized_enriched,mean,0.1827184557914734,0.07150653749704361,2.555269241333008,2.555269241333008,42,5
487,16080,base_enriched,max,-1.909308671951294,0.7475081086158752,-2.5542314052581787,2.5542314052581787,25,5
488,9546,specialized_enriched,mean,0.10909834504127502,0.04272652417421341,2.553410291671753,2.553410291671753,32,5
489,5226,specialized_enriched,active_fraction,0.016017450019717216,0.006273284554481506,2.5532796382904053,2.5532796382904053,37,5
490,9212,specialized_enriched,active_fraction,0.0118671003729105,0.004652700386941433,2.5505833625793457,2.5505833625793457,25,5
491,7133,specialized_enriched,active_fraction,0.01629399135708809,0.006394696421921253,2.5480477809906006,2.5480477809906006,35,5
492,5782,specialized_enriched,mean,0.06284380704164505,0.024668607860803604,2.5475213527679443,2.5475213527679443,34,5
493,4990,specialized_enriched,mean,0.05768084153532982,0.02264263480901718,2.5474438667297363,2.5474438667297363,50,5
494,2387,specialized_enriched,mean,0.1250576674938202,0.049112461507320404,2.5463531017303467,2.5463531017303467,46,5
495,12025,specialized_enriched,active_fraction,0.01524437591433525,0.005987744778394699,2.545929431915283,2.545929431915283,49,5
496,7616,specialized_enriched,active_fraction,0.019514713436365128,0.007675901986658573,2.542334794998169,2.542334794998169,30,5
497,9163,base_enriched,active_fraction,-0.02348044514656067,0.009239356964826584,-2.5413506031036377,2.5413506031036377,46,5
498,13462,specialized_enriched,mean,0.08703120052814484,0.03430081158876419,2.537292718887329,2.537292718887329,49,5
499,6938,specialized_enriched,active_fraction,0.03560212254524231,0.014034785330295563,2.53670597076416,2.53670597076416,31,5
500,3369,base_enriched,max,-2.282050132751465,0.9001379609107971,-2.5352225303649902,2.5352225303649902,17,5
501,16264,specialized_enriched,active_fraction,0.005158383399248123,0.002035539597272873,2.5341601371765137,2.5341601371765137,25,5
502,13360,specialized_enriched,active_fraction,0.011966237798333168,0.0047233738005161285,2.5334091186523438,2.5334091186523438,45,5
503,10088,specialized_enriched,mean,0.12057453393936157,0.047617487609386444,2.5321481227874756,2.5321481227874756,41,5
504,1374,base_enriched,max,-0.7273654937744141,0.2877224087715149,-2.5280113220214844,2.5280113220214844,42,5
505,3871,base_enriched,max,-1.5086660385131836,0.5973294973373413,-2.5256848335266113,2.5256848335266113,27,5
506,15736,specialized_enriched,mean,0.11883622407913208,0.04707152768969536,2.524588108062744,2.524588108062744,50,5
507,9597,specialized_enriched,mean,0.10891640186309814,0.04321438446640968,2.520373821258545,2.520373821258545,48,5
508,6005,specialized_enriched,active_fraction,0.0077202836982905865,0.003063275944441557,2.520270347595215,2.520270347595215,41,5
509,11233,base_enriched,max,-3.2789173126220703,1.3018171787261963,-2.518723249435425,2.518723249435425,30,5
510,12748,base_enriched,max,-0.8713458776473999,0.3460630178451538,-2.5178821086883545,2.5178821086883545,6,5
511,13354,specialized_enriched,active_fraction,0.010215500369668007,0.0040609934367239475,2.515517473220825,2.515517473220825,39,5
512,5765,base_enriched,active_fraction,-0.01185973547399044,0.004717390052974224,-2.5140459537506104,2.5140459537506104,8,5
513,12154,base_enriched,max,-2.3075063228607178,0.9180252552032471,-2.513554334640503,2.513554334640503,25,5
514,855,specialized_enriched,active_fraction,0.017090726643800735,0.0068081337958574295,2.5103394985198975,2.5103394985198975,48,5
515,15522,base_enriched,max,-0.6916598081588745,0.27556201815605164,-2.5099968910217285,2.5099968910217285,50,5
516,12201,base_enriched,max,-1.7856051921844482,0.7121719121932983,-2.5072669982910156,2.5072669982910156,15,5
517,14310,base_enriched,active_fraction,-0.01701078750193119,0.006792422384023666,-2.5043771266937256,2.5043771266937256,42,5
518,1626,base_enriched,mean,-0.07883533835411072,0.03148077800869942,-2.504237413406372,2.504237413406372,15,5
519,16293,base_enriched,max,-1.3368542194366455,0.5339177846908569,-2.5038578510284424,2.5038578510284424,25,5
520,10196,specialized_enriched,active_fraction,0.010145043954253197,0.0040579503402113914,2.5000414848327637,2.5000414848327637,43,5
521,866,specialized_enriched,active_fraction,0.029378358274698257,0.011760123074054718,2.498133659362793,2.498133659362793,47,5
522,9934,base_enriched,max,-1.8398295640945435,0.7368249893188477,-2.49696946144104,2.49696946144104,24,5
523,11008,specialized_enriched,active_fraction,0.02625828981399536,0.010521484538912773,2.495682954788208,2.495682954788208,33,5
524,4618,specialized_enriched,active_fraction,0.01569608598947525,0.006290229968726635,2.495311975479126,2.495311975479126,22,5
525,6875,base_enriched,max,-1.747707486152649,0.7007303237915039,-2.4941227436065674,2.4941227436065674,45,5
526,6877,base_enriched,max,-1.5245020389556885,0.6113327741622925,-2.4937350749969482,2.4937350749969482,28,5
527,4992,base_enriched,mean,-0.1006971076130867,0.04038495197892189,-2.493431329727173,2.493431329727173,10,5
528,71,base_enriched,max,-0.9156585931777954,0.36727866530418396,-2.493089437484741,2.493089437484741,29,5
529,10141,base_enriched,max,-1.2505923509597778,0.5019208192825317,-2.4916129112243652,2.4916129112243652,18,5
530,12044,specialized_enriched,active_fraction,0.019370052963495255,0.007775732781738043,2.4910902976989746,2.4910902976989746,50,5
531,8663,base_enriched,max,-1.7770200967788696,0.713554322719574,-2.4903781414031982,2.4903781414031982,48,5
532,10790,base_enriched,active_fraction,-0.024484433233737946,0.009833276271820068,-2.489956855773926,2.489956855773926,44,5
533,12504,specialized_enriched,active_fraction,0.0055185770615935326,0.0022213163319975138,2.48437237739563,2.48437237739563,31,5
534,4950,specialized_enriched,mean,0.0995408445596695,0.040095530450344086,2.4825921058654785,2.4825921058654785,40,5
535,7123,base_enriched,max,-1.7342543601989746,0.699262797832489,-2.4801180362701416,2.4801180362701416,31,5
536,4660,specialized_enriched,active_fraction,0.014573623426258564,0.005885055288672447,2.4763784408569336,2.4763784408569336,48,5
537,2286,specialized_enriched,active_fraction,0.030481692403554916,0.012309620156884193,2.4762496948242188,2.4762496948242188,50,5
538,3136,specialized_enriched,mean,0.09199589490890503,0.037160471081733704,2.4756386280059814,2.4756386280059814,33,5
539,2277,base_enriched,max,-4.013736724853516,1.6221716403961182,-2.4742984771728516,2.4742984771728516,27,5
540,1351,base_enriched,max,-2.857816696166992,1.1569850444793701,-2.470055103302002,2.470055103302002,11,5
541,10802,specialized_enriched,active_fraction,0.01553935743868351,0.0062911356799304485,2.4700400829315186,2.4700400829315186,49,5
542,15238,base_enriched,mean,-0.14974470436573029,0.060655463486909866,-2.4687752723693848,2.4687752723693848,42,5
543,15533,specialized_enriched,active_fraction,0.018933050334453583,0.007669804617762566,2.468518018722534,2.468518018722534,50,5
544,9812,specialized_enriched,mean,0.07074875384569168,0.028660530224442482,2.468508243560791,2.468508243560791,46,5
545,2939,base_enriched,max,-2.3561127185821533,0.9554910063743591,-2.4658658504486084,2.4658658504486084,28,5
546,3895,specialized_enriched,mean,0.1111254096031189,0.04507185518741608,2.4655165672302246,2.4655165672302246,50,5
547,533,specialized_enriched,active_fraction,0.020568350329995155,0.008344138972461224,2.46500563621521,2.46500563621521,48,5
548,5596,base_enriched,active_fraction,-0.06440377980470657,0.026155680418014526,-2.462324857711792,2.462324857711792,12,5
549,6072,specialized_enriched,mean,0.1254824995994568,0.051057714968919754,2.457659959793091,2.457659959793091,46,5
550,15167,specialized_enriched,mean,0.1646992564201355,0.0671476423740387,2.4527928829193115,2.4527928829193115,44,5
551,6422,specialized_enriched,active_fraction,0.020178399980068207,0.008227819576859474,2.452460289001465,2.452460289001465,43,5
552,12601,base_enriched,max,-1.757237195968628,0.7166978716850281,-2.4518520832061768,2.4518520832061768,37,5
553,11751,base_enriched,max,-1.2871254682540894,0.5250178575515747,-2.4515841007232666,2.4515841007232666,16,5
554,5188,specialized_enriched,mean,0.05719401687383652,0.02335606887936592,2.4487860202789307,2.4487860202789307,34,5
555,8009,base_enriched,max,-1.9306073188781738,0.788771390914917,-2.44761323928833,2.44761323928833,24,5
556,15866,base_enriched,active_fraction,-0.02539478987455368,0.010384293273091316,-2.445500135421753,2.445500135421753,38,5
557,8719,base_enriched,active_fraction,-0.016620168462395668,0.006796619389206171,-2.4453580379486084,2.4453580379486084,42,5
558,8346,specialized_enriched,active_fraction,0.009423911571502686,0.003863860387355089,2.43898868560791,2.43898868560791,46,5
559,7185,specialized_enriched,mean,0.0669202208518982,0.027439221739768982,2.4388527870178223,2.4388527870178223,35,5
560,6271,specialized_enriched,active_fraction,0.009112110361456871,0.003737405641004443,2.438084363937378,2.438084363937378,48,5
561,105,base_enriched,active_fraction,-0.032155003398656845,0.013191290199756622,-2.437593460083008,2.437593460083008,32,5
562,10946,specialized_enriched,mean,0.1637575775384903,0.06721748411655426,2.436234951019287,2.436234951019287,47,5
563,11824,specialized_enriched,active_fraction,0.03676162660121918,0.015093401074409485,2.4356091022491455,2.4356091022491455,50,5
564,13768,specialized_enriched,mean,0.0919264554977417,0.03776184469461441,2.4343740940093994,2.4343740940093994,50,5
565,13855,base_enriched,max,-3.849600076675415,1.5814123153686523,-2.4342799186706543,2.4342799186706543,27,5
566,1101,specialized_enriched,active_fraction,0.012914277613162994,0.00531052565202117,2.431826591491699,2.431826591491699,31,5
567,15602,specialized_enriched,active_fraction,0.02359333448112011,0.009708237834274769,2.430238723754883,2.430238723754883,50,5
568,13,specialized_enriched,mean,0.040671542286872864,0.01676100306212902,2.426557779312134,2.426557779312134,21,5
569,9452,specialized_enriched,active_fraction,0.0065047843381762505,0.002681710058823228,2.4256105422973633,2.4256105422973633,25,5
570,12047,base_enriched,max,-2.937795639038086,1.2112122774124146,-2.4255001544952393,2.4255001544952393,37,5
571,2325,base_enriched,max,-2.2967891693115234,0.9474213123321533,-2.424253225326538,2.424253225326538,37,5
572,102,base_enriched,max,-1.8647772073745728,0.7693849205970764,-2.42372465133667,2.42372465133667,18,5
573,10020,base_enriched,active_fraction,-0.015600915998220444,0.006439153105020523,-2.422821044921875,2.422821044921875,29,5
574,4375,specialized_enriched,active_fraction,0.014087071642279625,0.005821519996970892,2.4198269844055176,2.4198269844055176,36,5
575,15839,base_enriched,max,-2.8802664279937744,1.190355658531189,-2.419668674468994,2.419668674468994,20,5
576,15922,specialized_enriched,mean,0.0821278989315033,0.033949874341487885,2.419092893600464,2.419092893600464,48,5
577,8301,base_enriched,max,-2.7782979011535645,1.1484960317611694,-2.419074773788452,2.419074773788452,30,5
578,8035,specialized_enriched,active_fraction,0.02619686909019947,0.01083220075815916,2.4184253215789795,2.4184253215789795,50,5
579,11521,base_enriched,max,-2.119917154312134,0.8770618438720703,-2.417066812515259,2.417066812515259,23,5
580,615,specialized_enriched,active_fraction,0.017825646325945854,0.007377367001026869,2.4162611961364746,2.4162611961364746,50,5
581,7428,base_enriched,max,-1.191502571105957,0.4931701421737671,-2.4160070419311523,2.4160070419311523,7,5
582,4938,specialized_enriched,active_fraction,0.013039295561611652,0.005397595465183258,2.415760040283203,2.415760040283203,40,5
583,11507,specialized_enriched,mean,0.09565479308366776,0.03959622234106064,2.4157555103302,2.4157555103302,45,5
584,556,base_enriched,max,-1.1033313274383545,0.45690616965293884,-2.414787530899048,2.414787530899048,19,5
585,15735,specialized_enriched,active_fraction,0.03245917335152626,0.013449118472635746,2.4134795665740967,2.4134795665740967,50,5
586,5895,base_enriched,active_fraction,-0.010159473866224289,0.004209574311971664,-2.4134206771850586,2.4134206771850586,27,5
587,2637,base_enriched,max,-0.8949186205863953,0.3710171580314636,-2.4120681285858154,2.4120681285858154,6,5
588,14426,base_enriched,max,-1.6209251880645752,0.672148585319519,-2.411557912826538,2.411557912826538,14,5
589,12893,specialized_enriched,mean,0.06463046371936798,0.026817722246050835,2.4099907875061035,2.4099907875061035,19,5
590,5909,base_enriched,active_fraction,-0.0191865935921669,0.007962439209222794,-2.409637689590454,2.409637689590454,29,5
591,2861,specialized_enriched,active_fraction,0.0180157832801342,0.007483311928808689,2.407461166381836,2.407461166381836,23,5
592,59,specialized_enriched,mean,0.09272486716508865,0.03854207322001457,2.405808925628662,2.405808925628662,39,5
593,5183,base_enriched,max,-2.176468849182129,0.9056649804115295,-2.403172254562378,2.403172254562378,20,5
594,5967,specialized_enriched,active_fraction,0.00503780972212553,0.0020965749863535166,2.4028759002685547,2.4028759002685547,19,5
595,16117,base_enriched,max,-1.9911943674087524,0.8290855884552002,-2.401675224304199,2.401675224304199,42,5
596,3037,specialized_enriched,mean,0.15509742498397827,0.06467113643884659,2.3982479572296143,2.3982479572296143,49,5
597,11841,base_enriched,max,-0.8340083956718445,0.34781011939048767,-2.3978841304779053,2.3978841304779053,24,5
598,10079,specialized_enriched,active_fraction,0.016371943056583405,0.00682981638237834,2.397127866744995,2.397127866744995,47,5
599,12527,specialized_enriched,active_fraction,0.01051392126828432,0.0043872627429664135,2.3964648246765137,2.3964648246765137,38,5
600,9898,base_enriched,max,-1.2407456636428833,0.5178171992301941,-2.3961074352264404,2.3961074352264404,36,5
601,462,specialized_enriched,active_fraction,0.01069706678390503,0.004464698489755392,2.395921468734741,2.395921468734741,21,5
602,14629,specialized_enriched,active_fraction,0.014649249613285065,0.006115847732871771,2.3952934741973877,2.3952934741973877,45,5
603,10100,specialized_enriched,mean,0.11018770933151245,0.04603952169418335,2.3933286666870117,2.3933286666870117,47,5
604,12396,specialized_enriched,active_fraction,0.012268314138054848,0.005128467455506325,2.3921988010406494,2.3921988010406494,43,5
605,346,base_enriched,max,-1.0663225650787354,0.44615885615348816,-2.3900065422058105,2.3900065422058105,7,5
606,1083,specialized_enriched,mean,0.10281930863857269,0.04303216561675072,2.389359474182129,2.389359474182129,48,5
607,13254,base_enriched,max,-2.3623576164245605,0.9892767667770386,-2.3879642486572266,2.3879642486572266,16,5
608,3030,base_enriched,max,-2.1895945072174072,0.917079746723175,-2.3875725269317627,2.3875725269317627,14,5
609,11241,base_enriched,max,-1.7657591104507446,0.7403141856193542,-2.385148286819458,2.385148286819458,33,5
610,5956,base_enriched,max,-1.6851463317871094,0.7070779800415039,-2.383253812789917,2.383253812789917,10,5
611,5085,base_enriched,max,-2.3380277156829834,0.9811141490936279,-2.383033275604248,2.383033275604248,22,5
612,14314,specialized_enriched,max,5.362780570983887,2.2523674964904785,2.380952835083008,2.380952835083008,18,5
613,6730,base_enriched,active_fraction,-0.010616395622491837,0.004461095668375492,-2.3797731399536133,2.3797731399536133,10,5
614,11681,base_enriched,active_fraction,-0.018048422411084175,0.007584824226796627,-2.3795440196990967,2.3795440196990967,20,5
615,9682,specialized_enriched,active_fraction,0.013111375272274017,0.005515529774129391,2.377174139022827,2.377174139022827,22,5
616,4765,base_enriched,max,-2.295657157897949,0.9658973813056946,-2.376709222793579,2.376709222793579,14,5
617,13287,base_enriched,max,-1.539788007736206,0.6482190489768982,-2.375413179397583,2.375413179397583,29,5
618,11576,base_enriched,max,-1.4361066818237305,0.6046070456504822,-2.375272750854492,2.375272750854492,45,5
619,11252,specialized_enriched,mean,0.19716204702854156,0.08303011953830719,2.374584674835205,2.374584674835205,47,5
620,9739,base_enriched,max,-2.0984134674072266,0.8844614624977112,-2.372532367706299,2.372532367706299,47,5
621,14461,base_enriched,active_fraction,-0.022306963801383972,0.009402915835380554,-2.372345447540283,2.372345447540283,36,5
622,5181,base_enriched,max,-2.089017152786255,0.8806115984916687,-2.372234344482422,2.372234344482422,31,5
623,1773,specialized_enriched,mean,0.05981708690524101,0.02522057108581066,2.371757745742798,2.371757745742798,49,5
624,609,specialized_enriched,active_fraction,0.005326604004949331,0.0022468524985015392,2.3706958293914795,2.3706958293914795,19,5
625,765,specialized_enriched,active_fraction,0.007252458482980728,0.0030605222564190626,2.3696799278259277,2.3696799278259277,39,5
626,3537,specialized_enriched,mean,0.052540652453899384,0.022186430171132088,2.3681435585021973,2.3681435585021973,48,5
627,10378,base_enriched,max,-2.0075478553771973,0.8479547500610352,-2.3675177097320557,2.3675177097320557,23,5
628,2746,base_enriched,max,-3.8003687858581543,1.6069016456604004,-2.3650288581848145,2.3650288581848145,15,5
629,10887,base_enriched,active_fraction,-0.027212541550397873,0.011512062512338161,-2.363828420639038,2.363828420639038,43,5
630,14364,base_enriched,max,-0.6278614401817322,0.26562532782554626,-2.363710641860962,2.363710641860962,50,5
631,15481,specialized_enriched,active_fraction,0.016097158193588257,0.006811607629060745,2.3631951808929443,2.3631951808929443,27,5
632,7145,base_enriched,active_fraction,-0.014468524605035782,0.006122703664004803,-2.3630940914154053,2.3630940914154053,49,5
633,12002,base_enriched,max,-1.7715847492218018,0.7502555847167969,-2.3613083362579346,2.3613083362579346,20,5
634,27,base_enriched,max,-1.769813060760498,0.7500104308128357,-2.359717845916748,2.359717845916748,31,5
635,11760,specialized_enriched,mean,0.07042206823825836,0.029862696304917336,2.3581953048706055,2.3581953048706055,33,5
636,7712,base_enriched,active_fraction,-0.016836974769830704,0.00714031932875514,-2.3580143451690674,2.3580143451690674,33,5
637,13408,specialized_enriched,mean,0.2587820887565613,0.1098637804389,2.3554813861846924,2.3554813861846924,46,5
638,13674,base_enriched,mean,-0.06755717098712921,0.028683461248874664,-2.3552656173706055,2.3552656173706055,38,5
639,16170,specialized_enriched,active_fraction,0.010514886118471622,0.004464535508304834,2.3552026748657227,2.3552026748657227,46,5
640,606,specialized_enriched,active_fraction,0.017673052847385406,0.007508827839046717,2.3536367416381836,2.3536367416381836,31,5
641,9833,specialized_enriched,mean,0.034254223108291626,0.014563578180968761,2.3520472049713135,2.3520472049713135,10,5
642,12942,specialized_enriched,active_fraction,0.007788424380123615,0.0033117905259132385,2.3517260551452637,2.3517260551452637,30,5
643,10733,base_enriched,max,-0.6726065278053284,0.28614115715026855,-2.3506109714508057,2.3506109714508057,50,5
644,3764,specialized_enriched,max,5.766934394836426,2.454902172088623,2.3491504192352295,2.3491504192352295,31,5
645,14555,base_enriched,active_fraction,-0.0460616759955883,0.01961532235145569,-2.348249673843384,2.348249673843384,50,5
646,18,specialized_enriched,mean,0.15644225478172302,0.06668172776699066,2.3461039066314697,2.3461039066314697,44,5
647,5421,base_enriched,max,-2.178658962249756,0.9291592836380005,-2.34476375579834,2.34476375579834,29,5
648,9673,base_enriched,active_fraction,-0.01640673354268074,0.006999999284744263,-2.3438193798065186,2.3438193798065186,7,5
649,5478,specialized_enriched,mean,0.06851175427436829,0.029256656765937805,2.3417491912841797,2.3417491912841797,23,5
650,7474,base_enriched,max,-1.4879828691482544,0.6359161138534546,-2.339904308319092,2.339904308319092,25,5
651,9948,specialized_enriched,mean,0.05759840086102486,0.02461952157318592,2.3395419120788574,2.3395419120788574,42,5
652,13830,base_enriched,max,-3.9628758430480957,1.6940511465072632,-2.339289426803589,2.339289426803589,21,5
653,981,base_enriched,mean,-0.09637319296598434,0.04120219498872757,-2.3390305042266846,2.3390305042266846,19,5
654,631,specialized_enriched,active_fraction,0.023433644324541092,0.010029725730419159,2.3364193439483643,2.3364193439483643,50,5
655,14756,base_enriched,max,-1.1092349290847778,0.47487661242485046,-2.3358380794525146,2.3358380794525146,9,5
656,14862,base_enriched,max,-2.3954625129699707,1.0255556106567383,-2.33577036857605,2.33577036857605,42,5
657,11326,specialized_enriched,active_fraction,0.012442195788025856,0.005329208914190531,2.334717273712158,2.334717273712158,43,5
658,15762,base_enriched,max,-2.542616367340088,1.090333342552185,-2.3319623470306396,2.3319623470306396,19,5
659,9957,specialized_enriched,mean,0.08717260509729385,0.03740338236093521,2.3306076526641846,2.3306076526641846,47,5
660,311,base_enriched,max,-1.7906460762023926,0.7685036659240723,-2.3300423622131348,2.3300423622131348,50,5
661,7481,specialized_enriched,mean,0.07737888395786285,0.03322267904877663,2.3290982246398926,2.3290982246398926,50,5
662,9203,base_enriched,max,-1.4207344055175781,0.6101595163345337,-2.3284637928009033,2.3284637928009033,43,5
663,5791,base_enriched,max,-2.3752593994140625,1.0211713314056396,-2.326014518737793,2.326014518737793,11,5
664,1700,specialized_enriched,active_fraction,0.025360696017742157,0.010903528891503811,2.325916290283203,2.325916290283203,50,5
665,209,specialized_enriched,active_fraction,0.02004850097000599,0.008623866364359856,2.3247694969177246,2.3247694969177246,49,5
666,13280,base_enriched,max,-1.4035215377807617,0.6040692329406738,-2.3234448432922363,2.3234448432922363,22,5
667,9470,base_enriched,mean,-0.11208619177341461,0.04827243834733963,-2.3219499588012695,2.3219499588012695,31,5
668,6558,base_enriched,active_fraction,-0.01102706789970398,0.004750157240778208,-2.3214111328125,2.3214111328125,22,5
669,14854,specialized_enriched,mean,0.07879360020160675,0.033947136253118515,2.3210675716400146,2.3210675716400146,49,5
670,3477,base_enriched,mean,-0.05024205148220062,0.02165902592241764,-2.3196818828582764,2.3196818828582764,38,5
671,15326,base_enriched,max,-1.8340486288070679,0.7909010052680969,-2.3189358711242676,2.3189358711242676,17,5
672,16354,specialized_enriched,mean,0.06962411105632782,0.030025679618120193,2.3188188076019287,2.3188188076019287,27,5
673,9862,base_enriched,max,-1.1557890176773071,0.4990188479423523,-2.3161230087280273,2.3161230087280273,5,5
674,5321,base_enriched,max,-2.3818981647491455,1.02906334400177,-2.3146274089813232,2.3146274089813232,24,5
675,6329,specialized_enriched,active_fraction,0.01694035716354847,0.007325066719204187,2.3126556873321533,2.3126556873321533,50,5
676,4590,specialized_enriched,active_fraction,0.009797105565667152,0.004236617125570774,2.312483072280884,2.312483072280884,45,5
677,4148,specialized_enriched,mean,0.09795315563678741,0.04240429401397705,2.3099820613861084,2.3099820613861084,50,5
678,15852,base_enriched,max,-2.499279260635376,1.0823085308074951,-2.309211492538452,2.309211492538452,15,5
679,5232,base_enriched,max,-1.520545244216919,0.6586621999740601,-2.3085358142852783,2.3085358142852783,48,5
680,15150,base_enriched,max,-2.486454486846924,1.0776801109313965,-2.3072288036346436,2.3072288036346436,26,5
681,7597,specialized_enriched,active_fraction,0.016413211822509766,0.007114185951650143,2.30711030960083,2.30711030960083,41,5
682,4130,specialized_enriched,mean,0.09067907929420471,0.03930710628628731,2.306938648223877,2.306938648223877,44,5
683,5583,specialized_enriched,active_fraction,0.03673332557082176,0.015925223007798195,2.306612968444824,2.306612968444824,38,5
684,10860,base_enriched,max,-2.1473817825317383,0.9313498139381409,-2.305666208267212,2.305666208267212,20,5
685,14941,base_enriched,max,-1.4372010231018066,0.6234805583953857,-2.3051257133483887,2.3051257133483887,40,5
686,14950,specialized_enriched,active_fraction,0.024306997656822205,0.010548227466642857,2.304368019104004,2.304368019104004,37,5
687,4126,base_enriched,active_fraction,-0.00669681653380394,0.0029078854713588953,-2.3029849529266357,2.3029849529266357,19,5
688,11369,specialized_enriched,active_fraction,0.00933805201202631,0.0040597496554255486,2.300154685974121,2.300154685974121,21,5
689,860,base_enriched,active_fraction,-0.019560320302844048,0.008509623818099499,-2.298611640930176,2.298611640930176,9,5
690,7443,specialized_enriched,active_fraction,0.012859043665230274,0.005595182999968529,2.298234701156616,2.298234701156616,38,5
691,8915,specialized_enriched,active_fraction,0.03006540797650814,0.013083911500871181,2.29789137840271,2.29789137840271,49,5
692,12031,specialized_enriched,active_fraction,0.013634885661303997,0.005936021450906992,2.296973705291748,2.296973705291748,32,5
693,13285,base_enriched,max,-0.8443638682365417,0.3678097128868103,-2.295654058456421,2.295654058456421,5,5
694,6691,specialized_enriched,mean,0.1899448037147522,0.08279784023761749,2.294079303741455,2.294079303741455,35,5
695,12118,base_enriched,max,-1.303727388381958,0.5684260725975037,-2.293574333190918,2.293574333190918,26,5
696,3914,base_enriched,active_fraction,-0.024618666619062424,0.01073545217514038,-2.2932119369506836,2.2932119369506836,46,5
697,5267,base_enriched,max,-1.9747995138168335,0.8612362146377563,-2.292982339859009,2.292982339859009,38,5
698,13428,specialized_enriched,mean,0.4967796802520752,0.21674169600009918,2.2920355796813965,2.2920355796813965,49,5
699,12512,base_enriched,mean,-0.06697750091552734,0.029237760230898857,-2.290787696838379,2.290787696838379,47,5
700,8897,base_enriched,max,-1.5073789358139038,0.6585674285888672,-2.2888755798339844,2.2888755798339844,49,5
701,13893,specialized_enriched,mean,0.12723515927791595,0.055601153522729874,2.2883546352386475,2.2883546352386475,45,5
702,4180,specialized_enriched,active_fraction,0.01936427317559719,0.00846308097243309,2.288087844848633,2.288087844848633,27,5
703,14409,specialized_enriched,active_fraction,0.013482095673680305,0.005897583439946175,2.2860372066497803,2.2860372066497803,50,5
704,14016,specialized_enriched,active_fraction,0.009904191829264164,0.004332553595304489,2.285994052886963,2.285994052886963,28,5
705,11394,specialized_enriched,active_fraction,0.02158825471997261,0.00945945642888546,2.2821877002716064,2.2821877002716064,23,5
706,8483,specialized_enriched,mean,0.09576824307441711,0.04196351766586304,2.2821786403656006,2.2821786403656006,35,5
707,8109,base_enriched,max,-2.6690549850463867,1.17032790184021,-2.280604362487793,2.280604362487793,35,5
708,10283,specialized_enriched,mean,0.10788309574127197,0.04731805995106697,2.279956102371216,2.279956102371216,48,5
709,14040,base_enriched,active_fraction,-0.021101752296090126,0.009255826473236084,-2.279834508895874,2.279834508895874,41,5
710,1323,specialized_enriched,mean,0.1718318611383438,0.07545975595712662,2.277132511138916,2.277132511138916,28,5
711,4433,specialized_enriched,mean,0.07983896136283875,0.0350726842880249,2.27638578414917,2.27638578414917,48,5
712,13814,specialized_enriched,active_fraction,0.014863686636090279,0.006529762409627438,2.2762982845306396,2.2762982845306396,39,5
713,7758,specialized_enriched,mean,0.09133706986904144,0.04015523940324783,2.274599075317383,2.274599075317383,37,5
714,11885,specialized_enriched,active_fraction,0.013985956087708473,0.006148843094706535,2.274567127227783,2.274567127227783,31,5
715,11558,specialized_enriched,active_fraction,0.010971135459840298,0.004826164338737726,2.273261785507202,2.273261785507202,48,5
716,6882,specialized_enriched,active_fraction,0.036766167730093,0.01617698185145855,2.2727458477020264,2.2727458477020264,47,5
717,1879,specialized_enriched,active_fraction,0.006912943907082081,0.003044016193598509,2.2709944248199463,2.2709944248199463,37,5
718,2453,base_enriched,max,-2.845715045928955,1.2542651891708374,-2.2688305377960205,2.2688305377960205,48,5
719,2564,specialized_enriched,active_fraction,0.003994316793978214,0.0017625975888222456,2.266153573989868,2.266153573989868,9,5
720,14083,specialized_enriched,active_fraction,0.020864808931946754,0.009212085045874119,2.2649388313293457,2.2649388313293457,50,5
721,10991,base_enriched,max,-1.3587816953659058,0.6002426147460938,-2.263720750808716,2.263720750808716,47,5
722,7181,base_enriched,max,-2.707575559616089,1.196256160736084,-2.2633743286132812,2.2633743286132812,10,5
723,955,specialized_enriched,active_fraction,0.017790043726563454,0.007864811457693577,2.261979579925537,2.261979579925537,46,5
724,10751,base_enriched,max,-1.280741810798645,0.5664306282997131,-2.2610745429992676,2.2610745429992676,8,5
725,14204,specialized_enriched,active_fraction,0.027888702228665352,0.012337901629507542,2.260408878326416,2.260408878326416,29,5
726,1502,base_enriched,max,-0.657273530960083,0.2909103035926819,-2.259368419647217,2.259368419647217,50,5
727,6400,specialized_enriched,active_fraction,0.007069271523505449,0.0031288720201700926,2.2593674659729004,2.2593674659729004,35,5
728,3021,base_enriched,max,-1.183847427368164,0.5242775678634644,-2.258054733276367,2.258054733276367,44,5
729,10600,specialized_enriched,mean,0.06572486460208893,0.029114432632923126,2.2574667930603027,2.2574667930603027,10,5
730,1290,base_enriched,max,-1.1978075504302979,0.5306740999221802,-2.257143497467041,2.257143497467041,17,5
731,1243,base_enriched,max,-0.4375396966934204,0.19402457773685455,-2.2550735473632812,2.2550735473632812,6,5
732,2704,base_enriched,max,-3.7143473625183105,1.647240161895752,-2.2548911571502686,2.2548911571502686,15,5
733,1345,specialized_enriched,mean,0.1139487475156784,0.050603847950696945,2.2517802715301514,2.2517802715301514,25,5
734,12325,specialized_enriched,mean,0.10616625100374222,0.04716608300805092,2.2509024143218994,2.2509024143218994,29,5
735,7692,specialized_enriched,active_fraction,0.010869402438402176,0.004831183236092329,2.249842643737793,2.249842643737793,44,5
736,3819,specialized_enriched,max,1.4964193105697632,0.6664496064186096,2.2453601360321045,2.2453601360321045,43,5
737,1521,specialized_enriched,active_fraction,0.012453332543373108,0.0055484771728515625,2.244459629058838,2.244459629058838,49,5
738,11280,specialized_enriched,active_fraction,0.008128029294312,0.003621455980464816,2.2444093227386475,2.2444093227386475,34,5
739,13752,specialized_enriched,active_fraction,0.0065564303658902645,0.002922546351328492,2.243396520614624,2.243396520614624,31,5
740,14973,specialized_enriched,mean,0.08710600435733795,0.038852062076330185,2.2419917583465576,2.2419917583465576,49,5
741,11098,base_enriched,mean,-0.021390162408351898,0.009541204199194908,-2.2418723106384277,2.2418723106384277,13,5
742,1317,base_enriched,max,-0.5660310983657837,0.2526301443576813,-2.2405524253845215,2.2405524253845215,50,5
743,10193,base_enriched,mean,-0.16406932473182678,0.07323608547449112,-2.2402799129486084,2.2402799129486084,46,5
744,6135,specialized_enriched,active_fraction,0.005763767287135124,0.002573838457465172,2.239366292953491,2.239366292953491,40,5
745,1840,specialized_enriched,active_fraction,0.014430468901991844,0.0064489212818443775,2.2376561164855957,2.2376561164855957,50,5
746,2203,base_enriched,max,-2.0965182781219482,0.9375359416007996,-2.2362003326416016,2.2362003326416016,28,5
747,11375,specialized_enriched,active_fraction,0.003876444883644581,0.0017339250771328807,2.235647201538086,2.235647201538086,24,5
748,2105,base_enriched,mean,-0.07276395708322525,0.03255721554160118,-2.2349565029144287,2.2349565029144287,35,5
749,16087,specialized_enriched,mean,0.0734652429819107,0.03287483751773834,2.2346951961517334,2.2346951961517334,25,5
750,1548,base_enriched,active_fraction,-0.027136819437146187,0.01214834488928318,-2.2337872982025146,2.2337872982025146,49,5
751,11433,base_enriched,mean,-0.07161418348550797,0.03210411220788956,-2.2306857109069824,2.2306857109069824,24,5
752,15868,base_enriched,max,-1.1490648984909058,0.5157393217086792,-2.2279956340789795,2.2279956340789795,11,5
753,8508,base_enriched,max,-1.8924130201339722,0.8494072556495667,-2.227921962738037,2.227921962738037,26,5
754,2015,base_enriched,max,-0.9813107848167419,0.44065216183662415,-2.2269511222839355,2.2269511222839355,11,5
755,4907,specialized_enriched,active_fraction,0.022585522383451462,0.010143416002392769,2.226619005203247,2.226619005203247,50,5
756,3160,base_enriched,max,-1.0232353210449219,0.46060559153556824,-2.2214999198913574,2.2214999198913574,36,5
757,10845,base_enriched,max,-0.8276883959770203,0.3726222515106201,-2.2212531566619873,2.2212531566619873,48,5
758,10596,base_enriched,max,-2.8265671730041504,1.2729408740997314,-2.22050142288208,2.22050142288208,30,5
759,4519,specialized_enriched,active_fraction,0.0078523438423872,0.0035368558019399643,2.2201480865478516,2.2201480865478516,26,5
760,11561,base_enriched,max,-3.198235034942627,1.4409905672073364,-2.2194697856903076,2.2194697856903076,23,5
761,508,base_enriched,mean,-0.07720642536878586,0.03482181951403618,-2.2171852588653564,2.2171852588653564,26,5
762,10753,specialized_enriched,active_fraction,0.027997596189379692,0.01263287104666233,2.216249704360962,2.216249704360962,45,5
763,15914,base_enriched,max,-2.221865653991699,1.0062470436096191,-2.208071708679199,2.208071708679199,31,5
764,12218,base_enriched,active_fraction,-0.005575535353273153,0.002525842050090432,-2.2073967456817627,2.2073967456817627,9,5
765,10103,base_enriched,max,-3.172666072845459,1.4374586343765259,-2.2071356773376465,2.2071356773376465,21,5
766,594,base_enriched,max,-3.4239277839660645,1.5515152215957642,-2.2068283557891846,2.2068283557891846,18,5
767,1060,specialized_enriched,active_fraction,0.009924309328198433,0.00450131855905056,2.204756021499634,2.204756021499634,45,5
768,11861,base_enriched,max,-0.8699045181274414,0.3947202265262604,-2.2038509845733643,2.2038509845733643,9,5
769,9178,base_enriched,max,-1.9223706722259521,0.8724760413169861,-2.203350782394409,2.203350782394409,25,5
770,7167,specialized_enriched,active_fraction,0.009572990238666534,0.004346814472228289,2.2023000717163086,2.2023000717163086,48,5
771,7080,base_enriched,max,-2.3882858753204346,1.0854148864746094,-2.2003438472747803,2.2003438472747803,45,5
772,10234,base_enriched,max,-2.5087006092071533,1.141192078590393,-2.1983158588409424,2.1983158588409424,18,5
773,10741,base_enriched,max,-1.6635111570358276,0.7578867077827454,-2.1949338912963867,2.1949338912963867,48,5
774,2046,specialized_enriched,mean,0.15746337175369263,0.07182613015174866,2.1922852993011475,2.1922852993011475,37,5
775,12766,specialized_enriched,mean,0.06153038516640663,0.028071332722902298,2.191929578781128,2.191929578781128,48,5
776,2359,specialized_enriched,active_fraction,0.007179681211709976,0.003276004921644926,2.191596508026123,2.191596508026123,40,5
777,9456,specialized_enriched,mean,0.12137173116207123,0.05539559945464134,2.1909995079040527,2.1909995079040527,20,5
778,11428,specialized_enriched,active_fraction,0.01432839035987854,0.00654521444812417,2.1891398429870605,2.1891398429870605,38,5
779,15534,specialized_enriched,active_fraction,0.012674150988459587,0.005789664573967457,2.1890993118286133,2.1890993118286133,26,5
780,2767,base_enriched,max,-1.3938946723937988,0.6380389928817749,-2.184654474258423,2.184654474258423,27,5
781,4863,specialized_enriched,active_fraction,0.03896629437804222,0.017837021499872208,2.1845741271972656,2.1845741271972656,50,5
782,1996,specialized_enriched,mean,0.060400933027267456,0.02766531892120838,2.18327260017395,2.18327260017395,28,5
783,673,base_enriched,max,-2.980485439300537,1.3662447929382324,-2.181516408920288,2.181516408920288,35,5
784,15945,specialized_enriched,active_fraction,0.0059705739840865135,0.002737270900979638,2.1812140941619873,2.1812140941619873,30,5
785,14386,base_enriched,mean,-0.06785640120506287,0.03111274167895317,-2.1809842586517334,2.1809842586517334,38,5
786,14214,specialized_enriched,active_fraction,0.012018375098705292,0.005511369090527296,2.1806514263153076,2.1806514263153076,42,5
787,4495,specialized_enriched,active_fraction,0.013637312687933445,0.0062570590525865555,2.1795084476470947,2.1795084476470947,33,5
788,11709,specialized_enriched,mean,0.07766468822956085,0.03564467653632164,2.1788580417633057,2.1788580417633057,12,5
789,4324,base_enriched,active_fraction,-0.0034238677471876144,0.001574977650307119,-2.173915147781372,2.173915147781372,14,5
790,16308,base_enriched,max,-2.088064193725586,0.96062833070755,-2.1736443042755127,2.1736443042755127,17,5
791,7755,specialized_enriched,active_fraction,0.015231956727802753,0.007007934153079987,2.173530340194702,2.173530340194702,39,5
792,15117,specialized_enriched,active_fraction,0.008935375139117241,0.004111383110284805,2.173325777053833,2.173325777053833,44,5
793,5771,base_enriched,max,-0.797229528427124,0.3670951724052429,-2.171724319458008,2.171724319458008,16,5
794,5697,base_enriched,active_fraction,-0.003650845494121313,0.0016816677525639534,-2.1709671020507812,2.1709671020507812,7,5
795,14952,specialized_enriched,active_fraction,0.006734134629368782,0.003103833645582199,2.1696183681488037,2.1696183681488037,16,5
796,14410,specialized_enriched,active_fraction,0.02781679481267929,0.012842242605984211,2.166038751602173,2.166038751602173,31,5
797,14101,specialized_enriched,active_fraction,0.004960318561643362,0.0022963706869632006,2.1600687503814697,2.1600687503814697,49,5
798,3719,specialized_enriched,active_fraction,0.013141337782144547,0.006085106637328863,2.159590482711792,2.159590482711792,31,5
799,14295,specialized_enriched,active_fraction,0.0033463805448263884,0.0015505856135860085,2.158139705657959,2.158139705657959,12,5
800,15346,base_enriched,max,-1.4595388174057007,0.6764256358146667,-2.1577224731445312,2.1577224731445312,14,5
801,1296,base_enriched,active_fraction,-0.03340565413236618,0.015484757721424103,-2.157325029373169,2.157325029373169,22,5
802,3796,specialized_enriched,mean,0.07871139049530029,0.036540687084198,2.1540753841400146,2.1540753841400146,35,5
803,5463,specialized_enriched,mean,0.06146091967821121,0.028543950989842415,2.153203010559082,2.153203010559082,49,5
804,242,base_enriched,max,-2.937918186187744,1.364583134651184,-2.1529784202575684,2.1529784202575684,31,5
805,2207,base_enriched,max,-2.9862499237060547,1.387959361076355,-2.1515398025512695,2.1515398025512695,27,5
806,6818,specialized_enriched,mean,0.14406690001487732,0.06699032336473465,2.1505627632141113,2.1505627632141113,17,5
807,10931,base_enriched,max,-2.5621232986450195,1.1917048692703247,-2.1499645709991455,2.1499645709991455,12,5
808,13488,base_enriched,mean,-0.05694593861699104,0.0264890119433403,-2.149794816970825,2.149794816970825,46,5
809,15250,base_enriched,active_fraction,-0.034180693328380585,0.015906425192952156,-2.1488606929779053,2.1488606929779053,29,5
810,6403,base_enriched,active_fraction,-0.054740965366363525,0.025505123659968376,-2.146273374557495,2.146273374557495,40,5
811,2411,base_enriched,max,-1.6363707780838013,0.762694239616394,-2.1455135345458984,2.1455135345458984,42,5
812,4979,base_enriched,max,-1.911400556564331,0.8912066221237183,-2.144733428955078,2.144733428955078,19,5
813,7453,specialized_enriched,mean,0.14047428965568542,0.06550107151269913,2.144610643386841,2.144610643386841,49,5
814,3312,base_enriched,max,-0.9471469521522522,0.44190147519111633,-2.1433441638946533,2.1433441638946533,24,5
815,5536,specialized_enriched,active_fraction,0.012220188044011593,0.0057030837051570415,2.142733335494995,2.142733335494995,31,5
816,3303,specialized_enriched,active_fraction,0.00796523317694664,0.00371789769269526,2.142402410507202,2.142402410507202,29,5
817,4661,specialized_enriched,mean,0.07489986717700958,0.03498858958482742,2.1406941413879395,2.1406941413879395,39,5
818,6532,specialized_enriched,mean,0.15637347102165222,0.07314237952232361,2.137932538986206,2.137932538986206,19,5
819,1555,specialized_enriched,active_fraction,0.009368614293634892,0.0043830848298966885,2.1374475955963135,2.1374475955963135,30,5
820,6432,specialized_enriched,mean,0.10504825413227081,0.04914763942360878,2.137401819229126,2.137401819229126,37,5
821,12330,base_enriched,max,-2.676330089569092,1.253270149230957,-2.135477304458618,2.135477304458618,16,5
822,3691,base_enriched,max,-1.367616891860962,0.6404470801353455,-2.1354095935821533,2.1354095935821533,39,5
823,5227,specialized_enriched,active_fraction,0.017499208450317383,0.008197387680411339,2.1347298622131348,2.1347298622131348,25,5
824,10120,base_enriched,max,-2.2360548973083496,1.0481635332107544,-2.1333072185516357,2.1333072185516357,29,5
825,11275,specialized_enriched,active_fraction,0.005183395929634571,0.0024303554091602564,2.132772922515869,2.132772922515869,13,5
826,14337,base_enriched,max,-1.9290261268615723,0.9048647284507751,-2.1318392753601074,2.1318392753601074,27,5
827,10407,base_enriched,max,-1.6389529705047607,0.7691727876663208,-2.1307995319366455,2.1307995319366455,50,5
828,14622,specialized_enriched,active_fraction,0.004012951627373695,0.0018833923386409879,2.130703926086426,2.130703926086426,15,5
829,3044,specialized_enriched,active_fraction,0.009917763993144035,0.004656800534576178,2.1297378540039062,2.1297378540039062,44,5
830,13524,specialized_enriched,active_fraction,0.011259824968874454,0.005287445615977049,2.129539728164673,2.129539728164673,36,5
831,10446,specialized_enriched,active_fraction,0.009685216471552849,0.004549673292785883,2.1287717819213867,2.1287717819213867,34,5
832,15479,specialized_enriched,active_fraction,0.01451578363776207,0.006820736452937126,2.1281843185424805,2.1281843185424805,48,5
833,768,base_enriched,max,-1.39385187625885,0.6556996703147888,-2.1257474422454834,2.1257474422454834,17,5
834,3653,specialized_enriched,mean,0.05776306241750717,0.027173450216650963,2.1257169246673584,2.1257169246673584,25,5
835,2471,base_enriched,max,-0.9880343675613403,0.46488359570503235,-2.1253371238708496,2.1253371238708496,36,5
836,3355,base_enriched,max,-0.8571016788482666,0.40342506766319275,-2.1245622634887695,2.1245622634887695,49,5
837,14243,specialized_enriched,mean,0.11388872563838959,0.05361749976873398,2.124096155166626,2.124096155166626,22,5
838,10978,base_enriched,max,-1.1140700578689575,0.5246533155441284,-2.1234405040740967,2.1234405040740967,12,5
839,2786,specialized_enriched,active_fraction,0.02602926269173622,0.012263912707567215,2.122427225112915,2.122427225112915,41,5
840,8858,base_enriched,max,-1.8503525257110596,0.8718224167823792,-2.122396230697632,2.122396230697632,49,5
841,2131,base_enriched,max,-1.6092723608016968,0.7582575678825378,-2.1223294734954834,2.1223294734954834,14,5
842,4800,specialized_enriched,active_fraction,0.003777726786211133,0.0017816465115174651,2.120357036590576,2.120357036590576,15,5
843,1848,specialized_enriched,mean,0.04540115222334862,0.0214189775288105,2.1196694374084473,2.1196694374084473,26,5
844,7349,base_enriched,active_fraction,-0.05942036211490631,0.028039108961820602,-2.1191956996917725,2.1191956996917725,50,5
845,15968,specialized_enriched,active_fraction,0.010802414268255234,0.005100212525576353,2.118032217025757,2.118032217025757,50,5
846,1127,specialized_enriched,active_fraction,0.012228798121213913,0.0057739755138754845,2.1179165840148926,2.1179165840148926,9,5
847,11525,specialized_enriched,max,2.7679364681243896,1.3074634075164795,2.117027759552002,2.117027759552002,16,5
848,1059,specialized_enriched,active_fraction,0.026249520480632782,0.012404395267367363,2.1161468029022217,2.1161468029022217,47,5
849,4481,base_enriched,active_fraction,-0.01175159215927124,0.005558321252465248,-2.11423397064209,2.11423397064209,25,5
850,128,specialized_enriched,mean,0.10548625141382217,0.04999973997473717,2.1097359657287598,2.1097359657287598,40,5
851,2870,base_enriched,max,-2.793452262878418,1.3247331380844116,-2.1086905002593994,2.1086905002593994,9,5
852,1924,specialized_enriched,active_fraction,0.017769373953342438,0.008427468128502369,2.108506917953491,2.108506917953491,45,5
853,6390,specialized_enriched,active_fraction,0.014647523872554302,0.006948069669306278,2.108142852783203,2.108142852783203,30,5
854,4740,specialized_enriched,mean,0.07242119312286377,0.03435491770505905,2.108029842376709,2.108029842376709,50,5
855,15655,base_enriched,active_fraction,-0.06746137887239456,0.03202386945486069,-2.1065967082977295,2.1065967082977295,50,5
856,1698,specialized_enriched,active_fraction,0.020707571879029274,0.009845728054642677,2.103203773498535,2.103203773498535,32,5
857,415,base_enriched,active_fraction,-0.017554137855768204,0.008353246375918388,-2.1014750003814697,2.1014750003814697,27,5
858,11596,specialized_enriched,active_fraction,0.05599232017993927,0.026646817103028297,2.101276159286499,2.101276159286499,48,5
859,713,base_enriched,active_fraction,-0.009212679229676723,0.004385392181575298,-2.1007652282714844,2.1007652282714844,12,5
860,11495,base_enriched,max,-1.3554208278656006,0.6453058123588562,-2.1004316806793213,2.1004316806793213,49,5
861,1907,specialized_enriched,active_fraction,0.014334932900965214,0.006824832875281572,2.100407838821411,2.100407838821411,45,5
862,15368,specialized_enriched,mean,0.02640770561993122,0.01257344614714384,2.100275993347168,2.100275993347168,15,5
863,6670,base_enriched,active_fraction,-0.005902132950723171,0.0028121983632445335,-2.0987613201141357,2.0987613201141357,28,5
864,8974,base_enriched,max,-0.6128915548324585,0.29214343428611755,-2.0979132652282715,2.0979132652282715,10,5
865,5671,base_enriched,active_fraction,-0.0048129563219845295,0.0022955751046538353,-2.096623420715332,2.096623420715332,12,5
866,4342,specialized_enriched,max,2.416787624359131,1.1528472900390625,2.0963640213012695,2.0963640213012695,45,5
867,4037,specialized_enriched,active_fraction,0.014036646112799644,0.006696172524243593,2.096219301223755,2.096219301223755,32,5
868,7563,base_enriched,mean,-0.09366073459386826,0.044700928032398224,-2.0952749252319336,2.0952749252319336,13,5
869,3203,specialized_enriched,active_fraction,0.017375200986862183,0.008297729305922985,2.093970537185669,2.093970537185669,44,5
870,6128,base_enriched,max,-0.8204367756843567,0.391972154378891,-2.093099594116211,2.093099594116211,44,5
871,14496,base_enriched,max,-1.2062673568725586,0.576819896697998,-2.0912375450134277,2.0912375450134277,19,5
872,5355,specialized_enriched,active_fraction,0.014461774379014969,0.006921030580997467,2.089540481567383,2.089540481567383,28,5
873,4182,base_enriched,max,-1.392033576965332,0.6664866805076599,-2.0886142253875732,2.0886142253875732,48,5
874,13313,base_enriched,max,-2.1274707317352295,1.0186922550201416,-2.088433265686035,2.088433265686035,41,5
875,3421,base_enriched,active_fraction,-0.005905707832425833,0.0028303153812885284,-2.086590051651001,2.086590051651001,10,5
876,12745,specialized_enriched,active_fraction,0.01512643788009882,0.0072501832619309425,2.086352586746216,2.086352586746216,33,5
877,11078,specialized_enriched,active_fraction,0.00612570671364665,0.002937805373221636,2.085130214691162,2.085130214691162,37,5
878,6552,base_enriched,active_fraction,-0.009085672907531261,0.004364906344562769,-2.0815274715423584,2.0815274715423584,37,5
879,8234,base_enriched,max,-1.9513769149780273,0.9376379251480103,-2.081162452697754,2.081162452697754,45,5
880,6519,base_enriched,max,-0.807390034198761,0.38797932863235474,-2.0810129642486572,2.0810129642486572,8,5
881,13148,specialized_enriched,active_fraction,0.011496799066662788,0.005528886336833239,2.0794060230255127,2.0794060230255127,19,5
882,15116,base_enriched,mean,-0.053041234612464905,0.02551572397351265,-2.0787665843963623,2.0787665843963623,21,5
883,5499,specialized_enriched,mean,0.028330106288194656,0.013633372262120247,2.0779969692230225,2.0779969692230225,10,5
884,15912,specialized_enriched,active_fraction,0.0058522955514490604,0.0028177436906844378,2.076943874359131,2.076943874359131,30,5
885,13550,specialized_enriched,active_fraction,0.010307198390364647,0.004964436404407024,2.076207160949707,2.076207160949707,39,5
886,9859,base_enriched,active_fraction,-0.004473865497857332,0.0021560906898230314,-2.0749895572662354,2.0749895572662354,18,5
887,567,base_enriched,max,-1.2425479888916016,0.5988491773605347,-2.074892997741699,2.074892997741699,30,5
888,1075,base_enriched,mean,-0.06689473986625671,0.0322493351995945,-2.074298143386841,2.074298143386841,31,5
889,9736,specialized_enriched,active_fraction,0.02017102763056755,0.009732428006827831,2.072558641433716,2.072558641433716,48,5
890,7484,base_enriched,active_fraction,-0.007549276575446129,0.0036435399670153856,-2.0719621181488037,2.0719621181488037,19,5
891,6933,base_enriched,active_fraction,-0.01539014931768179,0.007432906422764063,-2.070542573928833,2.070542573928833,48,5
892,10707,base_enriched,max,-1.5828115940093994,0.765282154083252,-2.0682718753814697,2.0682718753814697,18,5
893,13877,base_enriched,max,-0.9689671993255615,0.46855518221855164,-2.0679895877838135,2.0679895877838135,33,5
894,2024,specialized_enriched,active_fraction,0.016650192439556122,0.008059844374656677,2.0658206939697266,2.0658206939697266,36,5
895,14334,specialized_enriched,active_fraction,0.014244010671973228,0.006903078407049179,2.0634288787841797,2.0634288787841797,26,5
896,8539,specialized_enriched,mean,0.11640830338001251,0.05642286688089371,2.063140630722046,2.063140630722046,32,5
897,522,specialized_enriched,active_fraction,0.011985741555690765,0.0058161052875220776,2.0607848167419434,2.0607848167419434,30,5
898,14589,base_enriched,mean,-0.04562653973698616,0.02214580588042736,-2.060279130935669,2.060279130935669,23,5
899,12926,base_enriched,max,-0.4762657880783081,0.23136009275913239,-2.0585477352142334,2.0585477352142334,8,5
900,12943,base_enriched,mean,-0.08124163001775742,0.03950843960046768,-2.0563108921051025,2.0563108921051025,29,5
901,4991,specialized_enriched,active_fraction,0.02919112890958786,0.014201443642377853,2.055504322052002,2.055504322052002,48,5
902,9710,base_enriched,max,-1.5614356994628906,0.7598552703857422,-2.0549120903015137,2.0549120903015137,30,5
903,7834,specialized_enriched,mean,0.059043895453214645,0.028744349256157875,2.0541043281555176,2.0541043281555176,47,5
904,6050,base_enriched,max,-3.517591714859009,1.7126027345657349,-2.0539448261260986,2.0539448261260986,24,5
905,8412,specialized_enriched,active_fraction,0.020139135420322418,0.009809359908103943,2.0530529022216797,2.0530529022216797,44,5
906,3101,specialized_enriched,mean,0.05440552532672882,0.026502519845962524,2.0528435707092285,2.0528435707092285,48,5
907,12763,base_enriched,active_fraction,-0.010936773382127285,0.005328735336661339,-2.0524144172668457,2.0524144172668457,20,5
908,7184,base_enriched,active_fraction,-0.012945585884153843,0.006310352124273777,-2.0514838695526123,2.0514838695526123,17,5
909,16347,specialized_enriched,active_fraction,0.01567573845386505,0.007644509896636009,2.0505876541137695,2.0505876541137695,28,5
910,15784,specialized_enriched,active_fraction,0.020846908912062645,0.01016775518655777,2.0502960681915283,2.0502960681915283,46,5
911,740,base_enriched,max,-1.2422192096710205,0.6059120297431946,-2.050164222717285,2.050164222717285,12,5
912,13562,base_enriched,mean,-0.03882373869419098,0.01893787458539009,-2.050057888031006,2.050057888031006,14,5
913,2969,specialized_enriched,active_fraction,0.011302623897790909,0.005516251549124718,2.0489680767059326,2.0489680767059326,34,5
914,5069,base_enriched,mean,-0.11070120334625244,0.05405658856034279,-2.0478763580322266,2.0478763580322266,41,5
915,4761,base_enriched,max,-2.608370065689087,1.2744578123092651,-2.0466508865356445,2.0466508865356445,20,5
916,13404,specialized_enriched,active_fraction,0.045908667147159576,0.022439628839492798,2.04587459564209,2.04587459564209,50,5
917,3664,specialized_enriched,active_fraction,0.011943007819354534,0.0058396682143211365,2.045151710510254,2.045151710510254,48,5
918,4309,specialized_enriched,mean,0.045180466026067734,0.02209169790148735,2.045133352279663,2.045133352279663,50,5
919,1862,base_enriched,active_fraction,-0.008862214162945747,0.004333627875894308,-2.044987440109253,2.044987440109253,34,5
920,2127,specialized_enriched,mean,0.028146328404545784,0.013766682706773281,2.044525146484375,2.044525146484375,11,5
921,700,base_enriched,max,-2.1157243251800537,1.0354771614074707,-2.043236017227173,2.043236017227173,5,5
922,11812,base_enriched,active_fraction,-0.01024504005908966,0.005014428403228521,-2.043112277984619,2.043112277984619,16,5
923,5231,base_enriched,mean,-0.02470727451145649,0.012095902115106583,-2.0426151752471924,2.0426151752471924,13,5
924,1110,specialized_enriched,active_fraction,0.018796518445014954,0.009202754124999046,2.0424883365631104,2.0424883365631104,45,5
925,3583,base_enriched,max,-1.0759276151657104,0.5268118977546692,-2.042337417602539,2.042337417602539,12,5
926,9961,specialized_enriched,mean,0.09859427809715271,0.048294272273778915,2.041531562805176,2.041531562805176,31,5
927,13742,specialized_enriched,mean,0.07684292644262314,0.03764466941356659,2.0412697792053223,2.0412697792053223,25,5
928,5441,specialized_enriched,active_fraction,0.016380321234464645,0.008028268814086914,2.040330410003662,2.040330410003662,49,5
929,11954,base_enriched,max,-1.3415377140045166,0.6577813625335693,-2.0394887924194336,2.0394887924194336,32,5
930,5497,specialized_enriched,active_fraction,0.012158162891864777,0.0059641702100634575,2.038533926010132,2.038533926010132,30,5
931,954,specialized_enriched,active_fraction,0.012911366298794746,0.006335585378110409,2.037912130355835,2.037912130355835,49,5
932,10754,base_enriched,mean,-0.08838512748479843,0.04338119924068451,-2.0374062061309814,2.0374062061309814,28,5
933,5928,specialized_enriched,active_fraction,0.024032706394791603,0.011798052117228508,2.037006378173828,2.037006378173828,28,5
934,16102,specialized_enriched,active_fraction,0.01635049656033516,0.0080375662073493,2.034259557723999,2.034259557723999,20,5
935,4028,base_enriched,mean,-0.06205533444881439,0.030511479824781418,-2.0338356494903564,2.0338356494903564,37,5
936,13168,specialized_enriched,mean,0.07432075589895248,0.03655708208680153,2.033005714416504,2.033005714416504,5,5
937,6372,base_enriched,mean,-0.05186068266630173,0.025510327890515327,-2.032928943634033,2.032928943634033,13,5
938,5643,specialized_enriched,mean,0.2338881939649582,0.1150931864976883,2.032163619995117,2.032163619995117,50,5
939,231,specialized_enriched,mean,0.07504421472549438,0.0369337797164917,2.031858444213867,2.031858444213867,48,5
940,5057,specialized_enriched,mean,0.059379205107688904,0.029267368838191032,2.02885365486145,2.02885365486145,50,5
941,12170,base_enriched,max,-3.162743330001831,1.558910608291626,-2.0288164615631104,2.0288164615631104,13,5
942,8183,specialized_enriched,active_fraction,0.020817171782255173,0.010262919589877129,2.0283868312835693,2.0283868312835693,50,5
943,14969,specialized_enriched,mean,0.06103551387786865,0.030099229887127876,2.0278098583221436,2.0278098583221436,49,5
944,3181,specialized_enriched,active_fraction,0.017104174941778183,0.008435607887804508,2.027616262435913,2.027616262435913,49,5
945,2155,base_enriched,max,-2.4402804374694824,1.2041698694229126,-2.0265250205993652,2.0265250205993652,11,5
946,3092,base_enriched,mean,-0.11075545847415924,0.05467315763235092,-2.0257740020751953,2.0257740020751953,39,5
947,11840,base_enriched,mean,-0.07354581356048584,0.0363241583108902,-2.0247080326080322,2.0247080326080322,28,5
948,15740,base_enriched,active_fraction,-0.0090715317055583,0.004483377560973167,-2.0233700275421143,2.0233700275421143,45,5
949,552,specialized_enriched,mean,0.0559890940785408,0.027677543461322784,2.022907018661499,2.022907018661499,41,5
950,10238,base_enriched,max,-2.2918648719787598,1.1347386837005615,-2.0197291374206543,2.0197291374206543,18,5
951,10387,specialized_enriched,active_fraction,0.009572241455316544,0.004742825869470835,2.018256902694702,2.018256902694702,26,5
952,2486,specialized_enriched,max,1.8810174465179443,0.9327445030212402,2.016648054122925,2.016648054122925,26,5
953,1094,specialized_enriched,mean,0.05845024809241295,0.02899240516126156,2.0160536766052246,2.0160536766052246,30,5
954,7483,specialized_enriched,active_fraction,0.03263764828443527,0.016204833984375,2.014068603515625,2.014068603515625,36,5
955,6928,base_enriched,max,-3.292628526687622,1.6351087093353271,-2.0137062072753906,2.0137062072753906,11,5
956,9606,specialized_enriched,mean,0.08582787215709686,0.04262194409966469,2.0137014389038086,2.0137014389038086,35,5
957,4687,specialized_enriched,active_fraction,0.015052528120577335,0.007482451852411032,2.0117106437683105,2.0117106437683105,28,5
958,2695,specialized_enriched,active_fraction,0.034532349556684494,0.0171681996434927,2.01141357421875,2.01141357421875,39,5
959,11208,specialized_enriched,mean,0.08433037996292114,0.0419369675219059,2.0108840465545654,2.0108840465545654,48,5
960,13609,specialized_enriched,mean,0.03631502762436867,0.018063124269247055,2.010451078414917,2.010451078414917,30,5
961,10615,specialized_enriched,active_fraction,0.013599235564470291,0.006765757221728563,2.010009288787842,2.010009288787842,50,5
962,13028,base_enriched,max,-0.959908664226532,0.477576345205307,-2.009958505630493,2.009958505630493,18,5
963,1956,specialized_enriched,mean,0.14756891131401062,0.0734381377696991,2.0094316005706787,2.0094316005706787,31,5
964,1456,base_enriched,max,-2.109076976776123,1.050225019454956,-2.0082144737243652,2.0082144737243652,14,5
965,13358,specialized_enriched,mean,0.12053374946117401,0.060056280344724655,2.0070133209228516,2.0070133209228516,30,5
966,5454,base_enriched,max,-0.9757601618766785,0.48622435331344604,-2.0068106651306152,2.0068106651306152,36,5
967,16335,base_enriched,mean,-0.03904558718204498,0.019473619759082794,-2.0050504207611084,2.0050504207611084,15,5
968,8053,specialized_enriched,mean,0.054633188992738724,0.027249129489064217,2.0049517154693604,2.0049517154693604,49,5
969,15364,specialized_enriched,mean,0.06867648661136627,0.034269481897354126,2.0040130615234375,2.0040130615234375,24,5
970,975,specialized_enriched,active_fraction,0.02400253340601921,0.01198739092797041,2.002315044403076,2.002315044403076,47,5
971,14673,specialized_enriched,mean,0.2855378985404968,0.1426563709974289,2.0015783309936523,2.0015783309936523,50,5
972,12671,base_enriched,active_fraction,-0.012187672778964043,0.006090561859309673,-2.001075267791748,2.001075267791748,49,5
973,6947,specialized_enriched,mean,0.18338841199874878,0.091670460999012,2.0005180835723877,2.0005180835723877,47,5
974,11084,specialized_enriched,mean,0.07484058290719986,0.03745202720165253,1.9983052015304565,1.9983052015304565,49,5
975,6097,specialized_enriched,mean,0.10568710416555405,0.05290430039167404,1.9977034330368042,1.9977034330368042,33,5
976,1180,specialized_enriched,active_fraction,0.0152076231315732,0.0076202210038900375,1.9956932067871094,1.9956932067871094,24,5
977,4293,specialized_enriched,active_fraction,0.012530173175036907,0.006280696019530296,1.9950294494628906,1.9950294494628906,39,5
978,12402,base_enriched,max,-1.4016220569610596,0.7028748393058777,-1.9941275119781494,1.9941275119781494,43,5
979,9722,base_enriched,max,-1.602661371231079,0.8037669658660889,-1.9939378499984741,1.9939378499984741,25,5
980,16156,specialized_enriched,mean,0.12408852577209473,0.06224222108721733,1.9936391115188599,1.9936391115188599,39,5
981,15955,base_enriched,max,-1.3209166526794434,0.6640116572380066,-1.9892973899841309,1.9892973899841309,42,5
982,11046,base_enriched,max,-1.2828980684280396,0.6449007391929626,-1.9892953634262085,1.9892953634262085,50,5
983,7860,specialized_enriched,active_fraction,0.008767441846430302,0.0044075725600123405,1.9891769886016846,1.9891769886016846,48,5
984,8255,base_enriched,max,-1.8326210975646973,0.9216057658195496,-1.988508701324463,1.988508701324463,15,5
985,4269,base_enriched,mean,-0.0933288037776947,0.046937208622694016,-1.9883756637573242,1.9883756637573242,15,5
986,16041,base_enriched,max,-0.7446953654289246,0.3747495114803314,-1.9871816635131836,1.9871816635131836,13,5
987,1424,specialized_enriched,active_fraction,0.008353173732757568,0.004207109101116657,1.9854902029037476,1.9854902029037476,24,5
988,15203,specialized_enriched,mean,0.060590870678424835,0.030526086688041687,1.9848881959915161,1.9848881959915161,36,5
989,1500,base_enriched,active_fraction,-0.027933672070503235,0.0140739306807518,-1.9847811460494995,1.9847811460494995,43,5
990,12406,specialized_enriched,active_fraction,0.0062164622358977795,0.003133285092189908,1.9840078353881836,1.9840078353881836,10,5
991,15002,specialized_enriched,active_fraction,0.017198359593749046,0.008668988943099976,1.9838944673538208,1.9838944673538208,27,5
992,5068,base_enriched,active_fraction,-0.026274319738149643,0.01324678398668766,-1.9834489822387695,1.9834489822387695,43,5
993,1974,base_enriched,max,-1.277716040611267,0.6442597508430481,-1.9832311868667603,1.9832311868667603,46,5
994,16203,specialized_enriched,mean,0.14488092064857483,0.07316277921199799,1.9802544116973877,1.9802544116973877,42,5
995,1931,base_enriched,max,-2.6865768432617188,1.3569520711898804,-1.9798612594604492,1.9798612594604492,19,5
996,3233,specialized_enriched,mean,0.06032480672001839,0.03047376312315464,1.9795653820037842,1.9795653820037842,49,5
997,10176,base_enriched,max,-1.5476406812667847,0.7821781039237976,-1.978629469871521,1.978629469871521,16,5
998,354,base_enriched,max,-1.9005086421966553,0.9607779383659363,-1.9780935049057007,1.9780935049057007,39,5
999,5588,specialized_enriched,max,1.8658409118652344,0.9434090256690979,1.9777644872665405,1.9777644872665405,18,5
1000,179,base_enriched,max,-1.1518909931182861,0.5826212167739868,-1.9770838022232056,1.9770838022232056,13,5
1001,13789,specialized_enriched,active_fraction,0.050930749624967575,0.02577289380133152,1.9761362075805664,1.9761362075805664,48,5
1002,14163,base_enriched,max,-0.26673752069473267,0.13513505458831787,-1.9738588333129883,1.9738588333129883,10,5
1003,617,specialized_enriched,max,1.9040923118591309,0.964877724647522,1.973402738571167,1.973402738571167,16,5
1004,3446,specialized_enriched,active_fraction,0.016664845868945122,0.008448760025203228,1.9724605083465576,1.9724605083465576,21,5
1005,7354,specialized_enriched,active_fraction,0.01263367012143135,0.006406286731362343,1.9720737934112549,1.9720737934112549,50,5
1006,6951,specialized_enriched,mean,0.05907072499394417,0.02996004745364189,1.9716498851776123,1.9716498851776123,18,5
1007,12491,specialized_enriched,active_fraction,0.014196839183568954,0.007214231416583061,1.9678934812545776,1.9678934812545776,46,5
1008,13343,base_enriched,max,-1.5723483562469482,0.7992257475852966,-1.9673395156860352,1.9673395156860352,40,5
1009,7107,base_enriched,max,-1.753074049949646,0.8911049962043762,-1.9673036336898804,1.9673036336898804,21,5
1010,3511,specialized_enriched,active_fraction,0.004586212337017059,0.0023315846920013428,1.9669936895370483,1.9669936895370483,19,5
1011,929,specialized_enriched,mean,0.04236487299203873,0.021578412503004074,1.9632989168167114,1.9632989168167114,46,5
1012,10503,base_enriched,mean,-0.06624854356050491,0.033744439482688904,-1.9632432460784912,1.9632432460784912,13,5
1013,11218,specialized_enriched,mean,0.08994355797767639,0.0458269864320755,1.9626766443252563,1.9626766443252563,35,5
1014,8726,base_enriched,active_fraction,-0.010599225759506226,0.005401532631367445,-1.9622626304626465,1.9622626304626465,44,5
1015,7109,specialized_enriched,mean,0.05890792980790138,0.03003733418881893,1.9611570835113525,1.9611570835113525,40,5
1016,13348,base_enriched,max,-0.5254802703857422,0.26796790957450867,-1.960982084274292,1.960982084274292,47,5
1017,3713,specialized_enriched,active_fraction,0.004377488978207111,0.002235058695077896,1.9585566520690918,1.9585566520690918,15,5
1018,10127,specialized_enriched,active_fraction,0.007809112314134836,0.003993217833340168,1.9555938243865967,1.9555938243865967,44,5
1019,6901,base_enriched,max,-1.9430629014968872,0.9942587018013,-1.9542829990386963,1.9542829990386963,49,5
1020,3154,base_enriched,max,-1.0971436500549316,0.561839759349823,-1.9527696371078491,1.9527696371078491,37,5
1021,16134,base_enriched,max,-1.858931303024292,0.9521546959877014,-1.9523416757583618,1.9523416757583618,31,5
1022,14515,specialized_enriched,mean,0.07786254584789276,0.03988512232899666,1.9521701335906982,1.9521701335906982,41,5
1023,942,specialized_enriched,mean,0.09007683396339417,0.04614458978176117,1.9520562887191772,1.9520562887191772,49,5
1024,11533,specialized_enriched,mean,0.04598604887723923,0.02355988137423992,1.9518795013427734,1.9518795013427734,47,5
1025,10633,base_enriched,max,-2.756126642227173,1.4130700826644897,-1.9504529237747192,1.9504529237747192,25,5
1026,15423,specialized_enriched,mean,0.05355788767337799,0.0274856798350811,1.948574185371399,1.948574185371399,39,5
1027,7468,specialized_enriched,active_fraction,0.01410690601915121,0.007242751307785511,1.9477275609970093,1.9477275609970093,50,5
1028,3097,specialized_enriched,active_fraction,0.010334094986319542,0.005306966602802277,1.9472696781158447,1.9472696781158447,50,5
1029,6896,base_enriched,max,-0.8629590272903442,0.4433842897415161,-1.9463003873825073,1.9463003873825073,42,5
1030,3380,base_enriched,max,-1.329133152961731,0.6836580038070679,-1.944149136543274,1.944149136543274,13,5
1031,13662,base_enriched,max,-1.4038830995559692,0.7222234010696411,-1.9438350200653076,1.9438350200653076,45,5
1032,2541,specialized_enriched,active_fraction,0.011141848750412464,0.005732076242566109,1.9437719583511353,1.9437719583511353,47,5
1033,2608,specialized_enriched,mean,0.05934225395321846,0.0305301733314991,1.9437247514724731,1.9437247514724731,37,5
1034,14730,base_enriched,mean,-0.10432888567447662,0.05368051677942276,-1.9435149431228638,1.9435149431228638,45,5
1035,6290,base_enriched,active_fraction,-0.009346313774585724,0.004809083882719278,-1.9434707164764404,1.9434707164764404,12,5
1036,14378,specialized_enriched,active_fraction,0.014270137995481491,0.00734311155974865,1.9433367252349854,1.9433367252349854,50,5
1037,13369,specialized_enriched,active_fraction,0.009181618690490723,0.004724676255136728,1.9433329105377197,1.9433329105377197,29,5
1038,14211,base_enriched,active_fraction,-0.006644267123192549,0.003421152476221323,-1.9421137571334839,1.9421137571334839,20,5
1039,12362,specialized_enriched,active_fraction,0.02667907625436783,0.013737255707383156,1.942096471786499,1.942096471786499,42,5
1040,10073,base_enriched,max,-3.0394253730773926,1.566987156867981,-1.939661979675293,1.939661979675293,12,5
1041,11780,specialized_enriched,max,2.303708076477051,1.1885353326797485,1.9382747411727905,1.9382747411727905,28,5
1042,13577,specialized_enriched,mean,0.06327551603317261,0.03268110752105713,1.9361497163772583,1.9361497163772583,22,5
1043,14225,base_enriched,active_fraction,-0.020121637731790543,0.010398104786872864,-1.935125470161438,1.935125470161438,47,5
1044,14851,specialized_enriched,active_fraction,0.011588750407099724,0.005988909862935543,1.935034990310669,1.935034990310669,24,5
1045,11627,base_enriched,max,-3.601208448410034,1.8622925281524658,-1.9337501525878906,1.9337501525878906,18,5
1046,10229,specialized_enriched,mean,0.08839228004217148,0.045713331550359726,1.9336215257644653,1.9336215257644653,45,5
1047,9006,base_enriched,max,-1.813359260559082,0.9382179975509644,-1.9327696561813354,1.9327696561813354,44,5
1048,9182,specialized_enriched,active_fraction,0.03619818389415741,0.018737059086561203,1.9319031238555908,1.9319031238555908,47,5
1049,16164,base_enriched,max,-0.632279098033905,0.3273548483848572,-1.9314792156219482,1.9314792156219482,49,5
1050,14849,base_enriched,max,-1.9497005939483643,1.0094945430755615,-1.9313632249832153,1.9313632249832153,13,5
1051,16047,specialized_enriched,active_fraction,0.0108696473762393,0.005628196522593498,1.9312843084335327,1.9312843084335327,47,5
1052,6685,specialized_enriched,active_fraction,0.010241992771625519,0.005306558217853308,1.930063247680664,1.930063247680664,20,5
1053,10820,base_enriched,active_fraction,-0.015488006174564362,0.008026279509067535,-1.9296619892120361,1.9296619892120361,45,5
1054,10161,specialized_enriched,active_fraction,0.004539767280220985,0.0023533848579972982,1.92903733253479,1.92903733253479,9,5
1055,14454,specialized_enriched,active_fraction,0.014299945905804634,0.007414733991026878,1.928585171699524,1.928585171699524,46,5
1056,1779,base_enriched,mean,-0.10672816634178162,0.055404890328645706,-1.9263311624526978,1.9263311624526978,6,5
1057,2445,base_enriched,max,-3.041330575942993,1.5790798664093018,-1.9260144233703613,1.9260144233703613,19,5
1058,14840,specialized_enriched,mean,0.08226685225963593,0.042772457003593445,1.9233604669570923,1.9233604669570923,50,5
1059,14371,specialized_enriched,mean,0.06380726397037506,0.03318580240011215,1.9227278232574463,1.9227278232574463,35,5
1060,6022,base_enriched,active_fraction,-0.024174898862838745,0.012576237320899963,-1.922268033027649,1.922268033027649,39,5
1061,5942,specialized_enriched,active_fraction,0.0174308679997921,0.009069796651601791,1.921858787536621,1.921858787536621,46,5
1062,9518,base_enriched,active_fraction,-0.004856356885284185,0.002527720993384719,-1.9212392568588257,1.9212392568588257,14,5
1063,3630,base_enriched,max,-1.9908627271652222,1.0368602275848389,-1.9200878143310547,1.9200878143310547,48,5
1064,6414,specialized_enriched,mean,0.08564774692058563,0.04462151974439621,1.9194269180297852,1.9194269180297852,47,5
1065,13762,specialized_enriched,active_fraction,0.008227154612541199,0.0042874859645962715,1.9188761711120605,1.9188761711120605,34,5
1066,7261,specialized_enriched,active_fraction,0.014033970423042774,0.0073142689652740955,1.9187113046646118,1.9187113046646118,34,5
1067,535,specialized_enriched,active_fraction,0.013936321251094341,0.007269158028066158,1.9171850681304932,1.9171850681304932,46,5
1068,5395,base_enriched,max,-3.779082775115967,1.9726790189743042,-1.9157109260559082,1.9157109260559082,31,5
1069,5336,specialized_enriched,active_fraction,0.012841125950217247,0.006704351399093866,1.9153419733047485,1.9153419733047485,50,5
1070,13162,specialized_enriched,mean,0.10275348275899887,0.053690116852521896,1.9138249158859253,1.9138249158859253,46,5
1071,10400,specialized_enriched,mean,0.04835117980837822,0.025276215746998787,1.912912130355835,1.912912130355835,35,5
1072,4136,specialized_enriched,active_fraction,0.015463526360690594,0.008086271584033966,1.912318468093872,1.912318468093872,40,5
1073,11059,specialized_enriched,active_fraction,0.005976174026727676,0.0031265756115317345,1.911412000656128,1.911412000656128,28,5
1074,16205,specialized_enriched,active_fraction,0.005004840902984142,0.0026213922537863255,1.90923011302948,1.90923011302948,37,5
1075,2055,base_enriched,active_fraction,-0.01050950214266777,0.005505659617483616,-1.908854365348816,1.908854365348816,42,5
1076,10648,base_enriched,active_fraction,-0.03180675208568573,0.016662783920764923,-1.908849835395813,1.908849835395813,50,5
1077,5916,base_enriched,max,-1.5184417963027954,0.7955808043479919,-1.908595323562622,1.908595323562622,41,5
1078,7746,specialized_enriched,active_fraction,0.016132161021232605,0.008461599238216877,1.9065144062042236,1.9065144062042236,33,5
1079,8364,base_enriched,mean,-0.04745330661535263,0.024899136275053024,-1.905821442604065,1.905821442604065,14,5
1080,11845,specialized_enriched,active_fraction,0.006942691281437874,0.003644215874373913,1.9051262140274048,1.9051262140274048,38,5
1081,8749,base_enriched,max,-1.5389128923416138,0.8078913688659668,-1.9048513174057007,1.9048513174057007,23,5
1082,2374,specialized_enriched,active_fraction,0.016857998445630074,0.008851935155689716,1.9044421911239624,1.9044421911239624,50,5
1083,7525,specialized_enriched,active_fraction,0.008312215097248554,0.004366570618003607,1.9036026000976562,1.9036026000976562,26,5
1084,4670,specialized_enriched,active_fraction,0.018995894119143486,0.009996505454182625,1.900253415107727,1.900253415107727,49,5
1085,8203,specialized_enriched,active_fraction,0.014789216220378876,0.0077855270355939865,1.8995780944824219,1.8995780944824219,41,5
1086,2375,base_enriched,max,-0.9732247591018677,0.5131413340568542,-1.8966017961502075,1.8966017961502075,37,5
1087,8336,specialized_enriched,active_fraction,0.010793743655085564,0.0056916228495538235,1.8964263200759888,1.8964263200759888,50,5
1088,11094,specialized_enriched,active_fraction,0.00878403801470995,0.004633569158613682,1.8957390785217285,1.8957390785217285,8,5
1089,7070,base_enriched,active_fraction,-0.011396858841180801,0.0060119833797216415,-1.8956903219223022,1.8956903219223022,40,5
1090,12340,specialized_enriched,active_fraction,0.005453384481370449,0.0028783073648810387,1.8946497440338135,1.8946497440338135,25,5
1091,8015,base_enriched,max,-2.0524892807006836,1.0834712982177734,-1.8943642377853394,1.8943642377853394,5,5
1092,5534,specialized_enriched,active_fraction,0.017259083688259125,0.009111122228205204,1.894287347793579,1.894287347793579,50,5
1093,11881,specialized_enriched,active_fraction,0.006492097862064838,0.0034331425558775663,1.891007423400879,1.891007423400879,17,5
1094,6939,specialized_enriched,active_fraction,0.010313603095710278,0.00545585248619318,1.8903743028640747,1.8903743028640747,35,5
1095,15137,specialized_enriched,active_fraction,0.022499771788716316,0.01190421637147665,1.890067458152771,1.890067458152771,50,5
1096,8798,base_enriched,max,-1.7777605056762695,0.9407046437263489,-1.8898179531097412,1.8898179531097412,10,5
1097,4972,base_enriched,max,-1.3815144300460815,0.7319382429122925,-1.8874740600585938,1.8874740600585938,37,5
1098,15280,base_enriched,max,-1.5213114023208618,0.80625981092453,-1.8868749141693115,1.8868749141693115,15,5
1099,9788,specialized_enriched,active_fraction,0.007621391676366329,0.004042093176394701,1.8855061531066895,1.8855061531066895,32,5
1100,1420,specialized_enriched,mean,0.055470749735832214,0.029424503445625305,1.8851889371871948,1.8851889371871948,50,5
1101,1994,base_enriched,active_fraction,-0.010458376258611679,0.005553123075515032,-1.883332371711731,1.883332371711731,43,5
1102,8289,specialized_enriched,active_fraction,0.0036577051505446434,0.0019434398273006082,1.882077932357788,1.882077932357788,9,5
1103,2622,specialized_enriched,active_fraction,0.029711833223700523,0.01579730585217476,1.8808164596557617,1.8808164596557617,49,5
1104,8812,base_enriched,active_fraction,-0.0027722548693418503,0.0014742150669917464,-1.880495548248291,1.880495548248291,6,5
1105,9781,specialized_enriched,active_fraction,0.010822391137480736,0.005763961002230644,1.877596139907837,1.877596139907837,25,5
1106,6245,base_enriched,max,-2.3709030151367188,1.263118028640747,-1.8770241737365723,1.8770241737365723,17,5
1107,15336,base_enriched,mean,-0.07116030156612396,0.03792175278067589,-1.8765034675598145,1.8765034675598145,44,5
1108,12686,specialized_enriched,max,1.5919616222381592,0.848446786403656,1.8763246536254883,1.8763246536254883,29,5
1109,11109,base_enriched,max,-1.5220977067947388,0.8122674822807312,-1.873887300491333,1.873887300491333,21,5
1110,6051,specialized_enriched,active_fraction,0.0231478288769722,0.012355177663266659,1.8735326528549194,1.8735326528549194,50,5
1111,15279,specialized_enriched,mean,0.07231926918029785,0.038615476340055466,1.8728053569793701,1.8728053569793701,45,5
1112,4502,base_enriched,max,-1.6379716396331787,0.8749797940254211,-1.8720108270645142,1.8720108270645142,43,5
1113,11416,specialized_enriched,max,3.268308162689209,1.7476871013641357,1.870076298713684,1.870076298713684,29,5
1114,13103,base_enriched,mean,-0.1309681236743927,0.0700625628232956,-1.86930251121521,1.86930251121521,24,5
1115,15144,specialized_enriched,mean,0.0631067305803299,0.03379279002547264,1.8674614429473877,1.8674614429473877,14,5
1116,1800,base_enriched,max,-1.569303035736084,0.8404415845870972,-1.8672362565994263,1.8672362565994263,20,5
1117,2182,specialized_enriched,active_fraction,0.00871182605624199,0.004666613414883614,1.866841197013855,1.866841197013855,48,5
1118,863,base_enriched,max,-2.1343846321105957,1.1456300020217896,-1.86306631565094,1.86306631565094,42,5
1119,14041,specialized_enriched,mean,0.04018176347017288,0.021602656692266464,1.8600380420684814,1.8600380420684814,16,5
1120,9492,base_enriched,mean,-0.03774593397974968,0.02030552364885807,-1.8588998317718506,1.8588998317718506,31,5
1121,965,base_enriched,active_fraction,-0.01855836808681488,0.009985683485865593,-1.8584975004196167,1.8584975004196167,48,5
1122,15908,specialized_enriched,mean,0.05721035599708557,0.03078370913863182,1.8584620952606201,1.8584620952606201,46,5
1123,14460,base_enriched,max,-0.5767358541488647,0.31036636233329773,-1.858242154121399,1.858242154121399,49,5
1124,8804,base_enriched,max,-1.233905553817749,0.6645113825798035,-1.8568614721298218,1.8568614721298218,24,5
1125,452,base_enriched,max,-2.5604922771453857,1.3790748119354248,-1.8566739559173584,1.8566739559173584,26,5
1126,9051,base_enriched,max,-2.7681682109832764,1.4910320043563843,-1.856545090675354,1.856545090675354,11,5
1127,11380,base_enriched,max,-1.5861896276474,0.8545995950698853,-1.8560618162155151,1.8560618162155151,26,5
1128,8244,specialized_enriched,mean,0.05275913327932358,0.028434613719582558,1.8554545640945435,1.8554545640945435,50,5
1129,14233,base_enriched,max,-1.573319673538208,0.848343551158905,-1.8545784950256348,1.8545784950256348,48,5
1130,15981,base_enriched,max,-1.579391360282898,0.852631151676178,-1.852373480796814,1.852373480796814,48,5
1131,6974,specialized_enriched,active_fraction,0.016608014702796936,0.008967714384198189,1.8519785404205322,1.8519785404205322,37,5
1132,9282,base_enriched,max,-2.0021183490753174,1.0816068649291992,-1.8510591983795166,1.8510591983795166,24,5
1133,12083,specialized_enriched,active_fraction,0.005253822077065706,0.0028397678397595882,1.8500885963439941,1.8500885963439941,20,5
1134,12787,specialized_enriched,active_fraction,0.007940049283206463,0.004293196368962526,1.8494493961334229,1.8494493961334229,32,5
1135,4313,base_enriched,active_fraction,-0.0055492836982011795,0.0030015178490430117,-1.8488258123397827,1.8488258123397827,40,5
1136,9272,specialized_enriched,mean,0.08894960582256317,0.048115283250808716,1.8486768007278442,1.8486768007278442,18,5
1137,3996,base_enriched,max,-0.9791011810302734,0.5296262502670288,-1.848664402961731,1.848664402961731,13,5
1138,4662,specialized_enriched,active_fraction,0.01744726300239563,0.009440762922167778,1.848077654838562,1.848077654838562,40,5
1139,15642,specialized_enriched,active_fraction,0.01094360463321209,0.005925028119236231,1.8470131158828735,1.8470131158828735,45,5
1140,2211,specialized_enriched,mean,0.09309722483158112,0.05044180527329445,1.845636248588562,1.845636248588562,49,5
1141,14728,base_enriched,active_fraction,-0.009301233105361462,0.0050398861058056355,-1.8455244302749634,1.8455244302749634,17,5
1142,6668,base_enriched,max,-1.71320641040802,0.928932249546051,-1.844274878501892,1.844274878501892,16,5
1143,15342,specialized_enriched,active_fraction,0.008446358144283295,0.004580352455377579,1.844041109085083,1.844041109085083,36,5
1144,2497,base_enriched,active_fraction,-0.011833706870675087,0.006418741773813963,-1.8436177968978882,1.8436177968978882,27,5
1145,11569,base_enriched,active_fraction,-0.005091743543744087,0.00276240985840559,-1.8432252407073975,1.8432252407073975,20,5
1146,7210,base_enriched,active_fraction,-0.004685423336923122,0.002542149508371949,-1.843095064163208,1.843095064163208,23,5
1147,13947,specialized_enriched,active_fraction,0.005603112746030092,0.003040924435481429,1.8425688743591309,1.8425688743591309,12,5
1148,4944,base_enriched,active_fraction,-0.008985242806375027,0.004884123802185059,-1.8396836519241333,1.8396836519241333,28,5
1149,3945,base_enriched,active_fraction,-0.01750977523624897,0.009519888088107109,-1.8392837047576904,1.8392837047576904,46,5
1150,7740,base_enriched,mean,-0.06395860761404037,0.03483281284570694,-1.8361597061157227,1.8361597061157227,30,5
1151,9104,specialized_enriched,active_fraction,0.009225467219948769,0.005027125123888254,1.8351377248764038,1.8351377248764038,30,5
1152,14242,specialized_enriched,active_fraction,0.003947175107896328,0.0021511693485081196,1.8348973989486694,1.8348973989486694,12,5
1153,11710,base_enriched,max,-4.399703502655029,2.3982648849487305,-1.834536075592041,1.834536075592041,23,5
1154,4975,specialized_enriched,active_fraction,0.010079244151711464,0.005498634185642004,1.8330450057983398,1.8330450057983398,38,5
1155,9451,specialized_enriched,mean,0.0799422338604927,0.043620865792036057,1.832660436630249,1.832660436630249,49,5
1156,496,base_enriched,active_fraction,-0.009212570264935493,0.00502767413854599,-1.8323721885681152,1.8323721885681152,30,5
1157,6421,specialized_enriched,mean,0.04197171330451965,0.022941282019019127,1.8295278549194336,1.8295278549194336,23,5
1158,13314,base_enriched,max,-1.1763263940811157,0.6436095833778381,-1.8277018070220947,1.8277018070220947,42,5
1159,10280,specialized_enriched,mean,0.08353481441736221,0.045740239322185516,1.8262872695922852,1.8262872695922852,32,5
1160,14731,base_enriched,active_fraction,-0.004663397558033466,0.00255484483204782,-1.8253153562545776,1.8253153562545776,24,5
1161,2038,specialized_enriched,max,1.2030928134918213,0.6593363881111145,1.8247026205062866,1.8247026205062866,37,5
1162,15130,specialized_enriched,mean,0.10094574838876724,0.055326081812381744,1.8245598077774048,1.8245598077774048,23,5
1163,3769,base_enriched,max,-1.037985920906067,0.5690853595733643,-1.823954701423645,1.823954701423645,11,5
1164,12302,specialized_enriched,max,2.004955768585205,1.099348783493042,1.8237667083740234,1.8237667083740234,24,5
1165,14278,specialized_enriched,active_fraction,0.0030506092589348555,0.0016727254260331392,1.8237358331680298,1.8237358331680298,17,5
1166,11801,specialized_enriched,max,1.759990930557251,0.9651658535003662,1.8235113620758057,1.8235113620758057,14,5
1167,9701,specialized_enriched,mean,0.05403929203748703,0.029638124629855156,1.8233033418655396,1.8233033418655396,42,5
1168,4631,base_enriched,max,-0.999919056892395,0.5485571026802063,-1.8228167295455933,1.8228167295455933,14,5
1169,1537,specialized_enriched,max,1.774784803390503,0.9739289879798889,1.8222938776016235,1.8222938776016235,19,5
1170,3451,specialized_enriched,active_fraction,0.003688741009682417,0.0020255260169506073,1.8211274147033691,1.8211274147033691,22,5
1171,13303,base_enriched,max,-1.0244375467300415,0.5626740455627441,-1.8206589221954346,1.8206589221954346,17,5
1172,12879,specialized_enriched,active_fraction,0.011116527020931244,0.006105982698500156,1.8205958604812622,1.8205958604812622,25,5
1173,9491,base_enriched,active_fraction,-0.00546561274677515,0.0030030030757188797,-1.8200490474700928,1.8200490474700928,10,5
1174,7072,specialized_enriched,mean,0.11270023882389069,0.0621059350669384,1.8146451711654663,1.8146451711654663,18,5
1175,13311,base_enriched,active_fraction,-0.005416635423898697,0.002985720057040453,-1.814180612564087,1.814180612564087,14,5
1176,15047,base_enriched,max,-2.7930848598480225,1.5396348237991333,-1.8141216039657593,1.8141216039657593,10,5
1177,4159,specialized_enriched,max,1.4565547704696655,0.8040536642074585,1.8115143775939941,1.8115143775939941,48,5
1178,4811,specialized_enriched,active_fraction,0.010157689452171326,0.0056100646033883095,1.8106189966201782,1.8106189966201782,43,5
1179,12420,base_enriched,max,-2.2988033294677734,1.2697489261627197,-1.8104392290115356,1.8104392290115356,14,5
1180,6954,base_enriched,max,-1.5059666633605957,0.832115113735199,-1.8098056316375732,1.8098056316375732,40,5
1181,13390,base_enriched,max,-1.0918457508087158,0.6035466194152832,-1.8090496063232422,1.8090496063232422,31,5
1182,15151,specialized_enriched,max,2.710391044616699,1.4983726739883423,1.8088897466659546,1.8088897466659546,38,5
1183,11269,specialized_enriched,mean,0.07044574618339539,0.03895304352045059,1.808478593826294,1.808478593826294,27,5
1184,10269,specialized_enriched,active_fraction,0.007467855699360371,0.004131753463298082,1.8074301481246948,1.8074301481246948,35,5
1185,10564,specialized_enriched,mean,0.06952031701803207,0.03846397250890732,1.8074138164520264,1.8074138164520264,16,5
1186,13834,base_enriched,max,-0.3672109842300415,0.20322437584400177,-1.8069238662719727,1.8069238662719727,22,5
1187,3890,base_enriched,active_fraction,-0.005285656079649925,0.002925329841673374,-1.8068581819534302,1.8068581819534302,15,5
1188,14003,base_enriched,active_fraction,-0.003507555928081274,0.0019417265430092812,-1.8064109086990356,1.8064109086990356,30,5
1189,16099,base_enriched,active_fraction,-0.003809149842709303,0.0021093622781336308,-1.8058301210403442,1.8058301210403442,10,5
1190,14050,specialized_enriched,max,3.038628101348877,1.6828892230987549,1.805601954460144,1.805601954460144,27,5
1191,374,specialized_enriched,active_fraction,0.0114480284973979,0.006341034546494484,1.80538809299469,1.80538809299469,36,5
1192,6023,base_enriched,max,-3.214106559753418,1.7803518772125244,-1.8053209781646729,1.8053209781646729,14,5
1193,1852,base_enriched,active_fraction,-0.02177460305392742,0.012063523754477501,-1.8049952983856201,1.8049952983856201,50,5
1194,9353,specialized_enriched,active_fraction,0.03082987666130066,0.017090758308768272,1.803891658782959,1.803891658782959,50,5
1195,460,specialized_enriched,mean,0.13524051010608673,0.0750606507062912,1.8017498254776,1.8017498254776,28,5
1196,10710,base_enriched,max,-1.2084295749664307,0.6709893941879272,-1.800966739654541,1.800966739654541,47,5
1197,251,specialized_enriched,mean,0.05767137557268143,0.03202272206544876,1.8009517192840576,1.8009517192840576,41,5
1198,4507,specialized_enriched,mean,0.06899630278348923,0.03831490874290466,1.8007690906524658,1.8007690906524658,27,5
1199,12071,specialized_enriched,active_fraction,0.010331840254366398,0.00573819549754262,1.800538182258606,1.800538182258606,46,5
1200,4738,base_enriched,active_fraction,-0.012205159291625023,0.006785144563764334,-1.798806071281433,1.798806071281433,40,5
1201,14922,specialized_enriched,max,1.668005347251892,0.927361249923706,1.7986575365066528,1.7986575365066528,26,5
1202,10458,base_enriched,active_fraction,-0.027180727571249008,0.015114139765501022,-1.7983641624450684,1.7983641624450684,23,5
1203,5813,specialized_enriched,active_fraction,0.008442074060440063,0.004697838798165321,1.7970123291015625,1.7970123291015625,21,5
1204,6204,base_enriched,max,-1.374150037765503,0.7648495435714722,-1.7966278791427612,1.7966278791427612,20,5
1205,13922,base_enriched,max,-1.0968717336654663,0.6108802556991577,-1.795559287071228,1.795559287071228,43,5
1206,11610,specialized_enriched,mean,0.13707947731018066,0.07641562819480896,1.7938669919967651,1.7938669919967651,50,5
1207,4663,specialized_enriched,active_fraction,0.004892412573099136,0.002729716943576932,1.7922782897949219,1.7922782897949219,20,5
1208,2525,base_enriched,active_fraction,-0.012016499415040016,0.006707887630909681,-1.7913984060287476,1.7913984060287476,28,5
1209,9459,specialized_enriched,mean,0.1105949729681015,0.06177083030343056,1.7904077768325806,1.7904077768325806,41,5
1210,14180,specialized_enriched,active_fraction,0.007053439971059561,0.003939998801797628,1.790213704109192,1.790213704109192,27,5
1211,1827,base_enriched,max,-1.3183788061141968,0.736854076385498,-1.7891993522644043,1.7891993522644043,41,5
1212,4339,base_enriched,max,-0.6693788766860962,0.3742980360984802,-1.7883579730987549,1.7883579730987549,48,5
1213,2208,specialized_enriched,mean,0.06311522424221039,0.035305529832839966,1.7876867055892944,1.7876867055892944,49,5
1214,7051,specialized_enriched,active_fraction,0.01867412030696869,0.01044820249080658,1.7873046398162842,1.7873046398162842,45,5
1215,6629,base_enriched,active_fraction,-0.04097454249858856,0.022951819002628326,-1.7852416038513184,1.7852416038513184,50,5
1216,188,specialized_enriched,mean,0.09181392192840576,0.051447682082653046,1.7846075296401978,1.7846075296401978,26,5
1217,14570,specialized_enriched,active_fraction,0.007955756038427353,0.004458519164472818,1.7843942642211914,1.7843942642211914,27,5
1218,5539,base_enriched,max,-1.4368596076965332,0.8053695559501648,-1.7840996980667114,1.7840996980667114,46,5
1219,3704,specialized_enriched,max,0.5250940918922424,0.2943588197231293,1.7838572263717651,1.7838572263717651,19,5
1220,8611,base_enriched,max,-1.866115689277649,1.0465344190597534,-1.783138394355774,1.783138394355774,15,5
1221,5012,base_enriched,max,-3.891170024871826,2.1825337409973145,-1.7828682661056519,1.7828682661056519,10,5
1222,10199,base_enriched,max,-1.908639907836914,1.070591688156128,-1.7827898263931274,1.7827898263931274,39,5
1223,7241,specialized_enriched,active_fraction,0.019193939864635468,0.010774677619338036,1.7813934087753296,1.7813934087753296,48,5
1224,9997,base_enriched,max,-1.156393051147461,0.6494167447090149,-1.780664086341858,1.780664086341858,35,5
1225,3122,base_enriched,active_fraction,-0.01298777386546135,0.007297050673514605,-1.7798662185668945,1.7798662185668945,45,5
1226,8623,specialized_enriched,max,1.8626632690429688,1.0468473434448242,1.77930748462677,1.77930748462677,11,5
1227,4033,base_enriched,mean,-0.09186156094074249,0.05166497454047203,-1.7780239582061768,1.7780239582061768,44,5
1228,5215,base_enriched,active_fraction,-0.004751051310449839,0.0026730436366051435,-1.7773938179016113,1.7773938179016113,13,5
1229,8474,specialized_enriched,mean,0.07355749607086182,0.041395511478185654,1.7769438028335571,1.7769438028335571,22,5
1230,11306,base_enriched,active_fraction,-0.046391990035772324,0.02612711489200592,-1.7756261825561523,1.7756261825561523,31,5
1231,11037,specialized_enriched,active_fraction,0.01000015065073967,0.005636523012071848,1.774170160293579,1.774170160293579,50,5
1232,15320,specialized_enriched,mean,0.1403571218252182,0.07912930101156235,1.7737692594528198,1.7737692594528198,50,5
1233,16263,base_enriched,max,-1.7611737251281738,0.9929046034812927,-1.7737592458724976,1.7737592458724976,23,5
1234,7402,specialized_enriched,mean,0.18963128328323364,0.10692727565765381,1.7734603881835938,1.7734603881835938,45,5
1235,7233,specialized_enriched,active_fraction,0.006682444829493761,0.003775679273530841,1.76986563205719,1.76986563205719,31,5
1236,6747,base_enriched,active_fraction,-0.013133401051163673,0.007421799469739199,-1.7695709466934204,1.7695709466934204,44,5
1237,9903,specialized_enriched,active_fraction,0.011424703523516655,0.006456670351326466,1.7694419622421265,1.7694419622421265,29,5
1238,4857,specialized_enriched,mean,0.06079611927270889,0.034369517117738724,1.7688965797424316,1.7688965797424316,36,5
1239,6524,base_enriched,mean,-0.04544159024953842,0.025691552087664604,-1.768736720085144,1.768736720085144,16,5
1240,2327,specialized_enriched,active_fraction,0.013208254240453243,0.00747351860627532,1.7673407793045044,1.7673407793045044,35,5
1241,10466,specialized_enriched,active_fraction,0.02966591902077198,0.016803117468953133,1.7655009031295776,1.7655009031295776,50,5
1242,3169,base_enriched,max,-2.283339500427246,1.293903112411499,-1.7646912336349487,1.7646912336349487,28,5
1243,4595,base_enriched,active_fraction,-0.01076395995914936,0.0061033908277750015,-1.7636032104492188,1.7636032104492188,31,5
1244,15229,base_enriched,max,-1.2482987642288208,0.7081241011619568,-1.7628248929977417,1.7628248929977417,6,5
1245,13204,specialized_enriched,active_fraction,0.011969183571636677,0.006799995433539152,1.7601752281188965,1.7601752281188965,39,5
1246,6230,base_enriched,max,-2.7212188243865967,1.5463216304779053,-1.7598012685775757,1.7598012685775757,24,5
1247,711,base_enriched,max,-0.4249635338783264,0.24166277050971985,-1.758498191833496,1.758498191833496,16,5
1248,15938,specialized_enriched,active_fraction,0.01003227662295103,0.0057081179693341255,1.7575454711914062,1.7575454711914062,39,5
1249,6090,base_enriched,max,-0.9866482019424438,0.5616737008094788,-1.7566217184066772,1.7566217184066772,10,5
1250,10250,specialized_enriched,active_fraction,0.009687697514891624,0.0055163255892694,1.7561867237091064,1.7561867237091064,40,5
1251,912,specialized_enriched,active_fraction,0.009729184210300446,0.005543271545320749,1.7551339864730835,1.7551339864730835,45,5
1252,10255,specialized_enriched,max,1.5917378664016724,0.9069461822509766,1.7550522089004517,1.7550522089004517,16,5
1253,1391,base_enriched,active_fraction,-0.003426055423915386,0.001955002546310425,-1.752455711364746,1.752455711364746,11,5
1254,8944,specialized_enriched,mean,0.08518803864717484,0.0486135333776474,1.7523523569107056,1.7523523569107056,50,5
1255,3589,specialized_enriched,active_fraction,0.009781217202544212,0.005583683494478464,1.7517499923706055,1.7517499923706055,34,5
1256,6149,base_enriched,mean,-0.034662868827581406,0.01979244314134121,-1.751318335533142,1.751318335533142,21,5
1257,5868,base_enriched,max,-0.9440975189208984,0.5396354794502258,-1.7495096921920776,1.7495096921920776,36,5
1258,9921,base_enriched,max,-1.796158790588379,1.0278373956680298,-1.7475125789642334,1.7475125789642334,19,5
1259,12754,specialized_enriched,mean,0.02771991491317749,0.015870731323957443,1.7466059923171997,1.7466059923171997,46,5
1260,14481,specialized_enriched,active_fraction,0.020302077755331993,0.0116284703835845,1.7458940744400024,1.7458940744400024,45,5
1261,3441,base_enriched,max,-0.8108389377593994,0.4644474685192108,-1.7458140850067139,1.7458140850067139,20,5
1262,14752,specialized_enriched,active_fraction,0.011353905312716961,0.006504465825855732,1.7455554008483887,1.7455554008483887,47,5
1263,11992,specialized_enriched,active_fraction,0.025146055966615677,0.014422412030398846,1.7435402870178223,1.7435402870178223,47,5
1264,7192,specialized_enriched,mean,0.08213811367750168,0.047139137983322144,1.742461085319519,1.742461085319519,32,5
1265,12210,base_enriched,max,-1.1512678861618042,0.6611221432685852,-1.741384506225586,1.741384506225586,24,5
1266,3636,specialized_enriched,active_fraction,0.017947077751159668,0.010313444770872593,1.7401633262634277,1.7401633262634277,49,5
1267,10867,base_enriched,max,-0.8918007612228394,0.5126404762268066,-1.7396222352981567,1.7396222352981567,13,5
1268,2134,specialized_enriched,active_fraction,0.009504505433142185,0.005467616021633148,1.738327145576477,1.738327145576477,37,5
1269,2018,specialized_enriched,active_fraction,0.00672523770481348,0.0038720201700925827,1.736880898475647,1.736880898475647,16,5
1270,13211,base_enriched,max,-1.1252470016479492,0.6481907367706299,-1.7359813451766968,1.7359813451766968,12,5
1271,13746,specialized_enriched,mean,0.04481734335422516,0.025831276550889015,1.7350029945373535,1.7350029945373535,50,5
1272,814,base_enriched,max,-0.36840978264808655,0.2125164270401001,-1.7335591316223145,1.7335591316223145,8,5
1273,5661,base_enriched,mean,-0.01899547129869461,0.010957666672766209,-1.7335325479507446,1.7335325479507446,15,5
1274,8542,base_enriched,mean,-0.04797384887933731,0.027677355334162712,-1.7333248853683472,1.7333248853683472,42,5
1275,8284,specialized_enriched,active_fraction,0.006294026039540768,0.003634397406131029,1.7317935228347778,1.7317935228347778,32,5
1276,2292,specialized_enriched,active_fraction,0.017468830570578575,0.010099169798195362,1.729729413986206,1.729729413986206,46,5
1277,11264,specialized_enriched,active_fraction,0.008371880277991295,0.004845149349421263,1.727889060974121,1.727889060974121,47,5
1278,8941,base_enriched,mean,-0.10012971609830856,0.05795840919017792,-1.7276132106781006,1.7276132106781006,33,5
1279,4759,base_enriched,max,-0.6799477934837341,0.3937734365463257,-1.7267487049102783,1.7267487049102783,48,5
1280,4724,base_enriched,active_fraction,-0.007300687953829765,0.004231317434459925,-1.725393533706665,1.725393533706665,44,5
1281,11864,base_enriched,mean,-0.05180986970663071,0.030035842210054398,-1.7249348163604736,1.7249348163604736,29,5
1282,10369,specialized_enriched,active_fraction,0.009597131051123142,0.005564842838793993,1.7246005535125732,1.7246005535125732,21,5
1283,7201,specialized_enriched,mean,0.038227807730436325,0.022174088284373283,1.7239855527877808,1.7239855527877808,15,5
1284,10853,base_enriched,mean,-0.052413225173950195,0.030405264347791672,-1.723820686340332,1.723820686340332,35,5
1285,737,base_enriched,active_fraction,-0.004763117991387844,0.002764239441603422,-1.7231205701828003,1.7231205701828003,16,5
1286,12116,specialized_enriched,active_fraction,0.006763323675841093,0.003926046658307314,1.7226804494857788,1.7226804494857788,42,5
1287,6212,base_enriched,max,-0.6129723191261292,0.3558380603790283,-1.7226159572601318,1.7226159572601318,27,5
1288,1970,base_enriched,max,-1.4243035316467285,0.8275363445281982,-1.7211371660232544,1.7211371660232544,12,5
1289,2408,base_enriched,max,-0.6239470839500427,0.3627084791660309,-1.72024405002594,1.72024405002594,6,5
1290,8753,specialized_enriched,mean,0.07098378986120224,0.04128100350499153,1.719526767730713,1.719526767730713,50,5
1291,471,base_enriched,max,-0.6756309270858765,0.3929886519908905,-1.719212293624878,1.719212293624878,17,5
1292,7578,base_enriched,max,-1.8373693227767944,1.0689830780029297,-1.7188011407852173,1.7188011407852173,17,5
1293,9531,base_enriched,max,-2.0694656372070312,1.2047462463378906,-1.7177605628967285,1.7177605628967285,26,5
1294,495,base_enriched,max,-1.2762260437011719,0.7431814670562744,-1.7172468900680542,1.7172468900680542,26,5
1295,12140,specialized_enriched,active_fraction,0.006212379317730665,0.003619412425905466,1.7164055109024048,1.7164055109024048,28,5
1296,11023,specialized_enriched,active_fraction,0.00323505699634552,0.0018863739678636193,1.7149605751037598,1.7149605751037598,26,5
1297,7890,base_enriched,max,-1.0542018413543701,0.6149131059646606,-1.7143915891647339,1.7143915891647339,39,5
1298,10572,specialized_enriched,active_fraction,0.0070262085646390915,0.004098654258996248,1.7142720222473145,1.7142720222473145,19,5
1299,15224,base_enriched,active_fraction,-0.007201153784990311,0.004201184026896954,-1.7140772342681885,1.7140772342681885,11,5
1300,3503,base_enriched,max,-1.6533777713775635,0.9651430249214172,-1.7130908966064453,1.7130908966064453,33,5
1301,4331,specialized_enriched,mean,0.04837794601917267,0.02824418433010578,1.712846279144287,1.712846279144287,29,5
1302,14008,specialized_enriched,active_fraction,0.014486579224467278,0.008466876111924648,1.7109709978103638,1.7109709978103638,43,5
1303,716,base_enriched,max,-1.422430396080017,0.8323134183883667,-1.7090080976486206,1.7090080976486206,44,5
1304,12103,specialized_enriched,active_fraction,0.009211000055074692,0.005390468053519726,1.7087570428848267,1.7087570428848267,42,5
1305,14129,base_enriched,max,-0.8854089975357056,0.518242597579956,-1.7084835767745972,1.7084835767745972,43,5
1306,13969,base_enriched,max,-1.2233531475067139,0.7164276838302612,-1.7075737714767456,1.7075737714767456,39,5
1307,3575,base_enriched,active_fraction,-0.007741181179881096,0.004534577485173941,-1.7071449756622314,1.7071449756622314,41,5
1308,1251,specialized_enriched,active_fraction,0.009813587181270123,0.0057489401660859585,1.707025408744812,1.707025408744812,36,5
1309,15831,base_enriched,active_fraction,-0.021028323099017143,0.012332867830991745,-1.7050635814666748,1.7050635814666748,49,5
1310,9157,base_enriched,max,-1.6630654335021973,0.9755703806877136,-1.704710841178894,1.704710841178894,9,5
1311,7386,base_enriched,max,-1.673246145248413,0.9817523956298828,-1.7043464183807373,1.7043464183807373,27,5
1312,7267,base_enriched,max,-2.2118821144104004,1.2980096340179443,-1.704056739807129,1.704056739807129,33,5
1313,742,specialized_enriched,max,1.540358066558838,0.9046456217765808,1.702719807624817,1.702719807624817,40,5
1314,13711,base_enriched,max,-1.329092264175415,0.7806172966957092,-1.7026169300079346,1.7026169300079346,46,5
1315,7302,base_enriched,max,-1.7092349529266357,1.0046072006225586,-1.7013962268829346,1.7013962268829346,34,5
1316,15943,specialized_enriched,active_fraction,0.009964166209101677,0.005859046708792448,1.7006462812423706,1.7006462812423706,50,5
1317,5514,base_enriched,max,-3.3083431720733643,1.9456191062927246,-1.7004064321517944,1.7004064321517944,42,5
1318,13144,base_enriched,active_fraction,-0.011326604522764683,0.006663348991423845,-1.6998366117477417,1.6998366117477417,12,5
1319,13702,base_enriched,max,-4.00614070892334,2.3569464683532715,-1.6997164487838745,1.6997164487838745,15,5
1320,565,specialized_enriched,mean,0.042462058365345,0.024996254593133926,1.6987367868423462,1.6987367868423462,50,5
1321,9863,base_enriched,active_fraction,-0.008542769588530064,0.005029295105487108,-1.6986017227172852,1.6986017227172852,21,5
1322,6281,base_enriched,max,-1.095945119857788,0.6453275084495544,-1.6982773542404175,1.6982773542404175,12,5
1323,5244,specialized_enriched,mean,0.030608920380473137,0.018033169209957123,1.697367787361145,1.697367787361145,50,5
1324,6476,base_enriched,max,-1.1378132104873657,0.6705021858215332,-1.696956753730774,1.696956753730774,41,5
1325,11469,base_enriched,max,-0.9663285613059998,0.5699840784072876,-1.6953606605529785,1.6953606605529785,41,5
1326,13389,specialized_enriched,mean,0.07783173769712448,0.04590984806418419,1.6953167915344238,1.6953167915344238,29,5
1327,5751,specialized_enriched,active_fraction,0.012767432257533073,0.007533904165029526,1.6946635246276855,1.6946635246276855,47,5
1328,6279,base_enriched,active_fraction,-0.012881124392151833,0.007613672874867916,-1.6918410062789917,1.6918410062789917,35,5
1329,3330,base_enriched,active_fraction,-0.0036397138610482216,0.0021514827385544777,-1.6917234659194946,1.6917234659194946,6,5
1330,6405,specialized_enriched,active_fraction,0.014111709780991077,0.0083449212834239,1.6910536289215088,1.6910536289215088,24,5
1331,3377,specialized_enriched,active_fraction,0.009535308927297592,0.0056425100192427635,1.6899055242538452,1.6899055242538452,41,5
1332,10890,specialized_enriched,active_fraction,0.023231737315654755,0.01375602651387453,1.6888407468795776,1.6888407468795776,28,5
1333,12271,specialized_enriched,mean,0.05948539078235626,0.03525269404053688,1.6873998641967773,1.6873998641967773,50,5
1334,13294,base_enriched,max,-1.0824143886566162,0.6414713859558105,-1.687393069267273,1.687393069267273,38,5
1335,7769,specialized_enriched,active_fraction,0.016668766736984253,0.009879844263195992,1.6871486902236938,1.6871486902236938,40,5
1336,2710,specialized_enriched,active_fraction,0.011667558923363686,0.006917017046362162,1.6867905855178833,1.6867905855178833,26,5
1337,14433,base_enriched,max,-3.1076087951660156,1.8424065113067627,-1.6867117881774902,1.6867117881774902,14,5
1338,1697,specialized_enriched,mean,0.02453147992491722,0.014554062858223915,1.6855417490005493,1.6855417490005493,16,5
1339,3394,base_enriched,max,-0.8539465069770813,0.5073831081390381,-1.6830408573150635,1.6830408573150635,28,5
1340,3463,base_enriched,max,-0.43349725008010864,0.2578340768814087,-1.6813031435012817,1.6813031435012817,10,5
1341,7344,specialized_enriched,mean,0.03873817250132561,0.023054948076605797,1.6802542209625244,1.6802542209625244,50,5
1342,10495,specialized_enriched,active_fraction,0.008561679162085056,0.005096088629215956,1.6800490617752075,1.6800490617752075,22,5
1343,5800,specialized_enriched,mean,0.06471133977174759,0.03854634240269661,1.6787933111190796,1.6787933111190796,37,5
1344,6285,specialized_enriched,mean,0.16455920040607452,0.0980374738574028,1.678533673286438,1.678533673286438,48,5
1345,7350,base_enriched,max,-1.9970970153808594,1.1898455619812012,-1.678450584411621,1.678450584411621,5,5
1346,12132,base_enriched,max,-0.7607050538063049,0.45335903763771057,-1.6779307126998901,1.6779307126998901,46,5
1347,630,specialized_enriched,active_fraction,0.006146413739770651,0.0036634572315961123,1.6777632236480713,1.6777632236480713,32,5
1348,11227,specialized_enriched,mean,0.05057833343744278,0.030148876830935478,1.677619218826294,1.677619218826294,48,5
1349,5371,specialized_enriched,mean,0.056798212230205536,0.03387343883514404,1.6767772436141968,1.6767772436141968,38,5
1350,3931,base_enriched,max,-2.789167642593384,1.6661019325256348,-1.6740678548812866,1.6740678548812866,24,5
1351,14736,specialized_enriched,mean,0.059013232588768005,0.03526708856225014,1.6733230352401733,1.6733230352401733,25,5
1352,7821,base_enriched,max,-0.9651509523391724,0.5768680572509766,-1.6730878353118896,1.6730878353118896,32,5
1353,1755,specialized_enriched,mean,0.055290982127189636,0.03306129574775696,1.6723779439926147,1.6723779439926147,25,5
1354,14918,specialized_enriched,active_fraction,0.006803532596677542,0.004068265203386545,1.6723424196243286,1.6723424196243286,17,5
1355,16142,specialized_enriched,active_fraction,0.013676301576197147,0.008179828524589539,1.6719545125961304,1.6719545125961304,25,5
1356,8295,specialized_enriched,active_fraction,0.01971457526087761,0.01180961448699236,1.6693665981292725,1.6693665981292725,43,5
1357,13695,base_enriched,active_fraction,-0.006970987655222416,0.004176844842731953,-1.6689602136611938,1.6689602136611938,9,5
1358,14307,base_enriched,active_fraction,-0.004780772142112255,0.0028645514976233244,-1.6689426898956299,1.6689426898956299,16,5
1359,9994,specialized_enriched,max,2.217165470123291,1.3285812139511108,1.668821930885315,1.668821930885315,16,5
1360,9207,base_enriched,max,-1.3121442794799805,0.7871431112289429,-1.6669703722000122,1.6669703722000122,11,5
1361,1672,specialized_enriched,active_fraction,0.005892772227525711,0.0035356648731976748,1.6666659116744995,1.6666659116744995,13,5
1362,14330,base_enriched,max,-0.8474093675613403,0.5087488889694214,-1.6656731367111206,1.6656731367111206,48,5
1363,3255,specialized_enriched,mean,0.11395688354969025,0.06842091679573059,1.6655269861221313,1.6655269861221313,49,5
1364,9325,base_enriched,max,-1.7179937362670898,1.0322518348693848,-1.6643165349960327,1.6643165349960327,39,5
1365,8175,specialized_enriched,max,1.4557989835739136,0.8747184872627258,1.6643056869506836,1.6643056869506836,28,5
1366,12546,specialized_enriched,active_fraction,0.010102180764079094,0.006070676725357771,1.6640946865081787,1.6640946865081787,49,5
1367,15680,specialized_enriched,active_fraction,0.026337027549743652,0.015829982236027718,1.6637433767318726,1.6637433767318726,33,5
1368,5578,base_enriched,mean,-0.09552949666976929,0.057505425065755844,-1.6612257957458496,1.6612257957458496,47,5
1369,13859,specialized_enriched,active_fraction,0.011159867979586124,0.006719859782606363,1.6607292890548706,1.6607292890548706,48,5
1370,11232,specialized_enriched,active_fraction,0.0065037840977311134,0.003916394431143999,1.6606560945510864,1.6606560945510864,5,5
1371,9375,specialized_enriched,active_fraction,0.01602218672633171,0.00965023972094059,1.66028892993927,1.66028892993927,34,5
1372,12423,base_enriched,max,-1.7800829410552979,1.0726834535598755,-1.659467101097107,1.659467101097107,22,5
1373,4547,base_enriched,active_fraction,-0.010763611644506454,0.006488902028650045,-1.658772349357605,1.658772349357605,15,5
1374,4666,base_enriched,max,-0.5415914058685303,0.3269958198070526,-1.6562639474868774,1.6562639474868774,33,5
1375,5225,base_enriched,active_fraction,-0.02822043001651764,0.017048900946974754,-1.655263900756836,1.655263900756836,50,5
1376,13637,base_enriched,max,-0.8950517773628235,0.5409480929374695,-1.6545982360839844,1.6545982360839844,25,5
1377,7053,base_enriched,max,-1.4259412288665771,0.8618746399879456,-1.6544647216796875,1.6544647216796875,17,5
1378,12900,base_enriched,max,-1.645616054534912,0.9949110150337219,-1.6540334224700928,1.6540334224700928,24,5
1379,15623,base_enriched,active_fraction,-0.0068971519358456135,0.004171512555330992,-1.6533935070037842,1.6533935070037842,14,5
1380,160,base_enriched,max,-1.1257851123809814,0.6809269189834595,-1.6533126831054688,1.6533126831054688,42,5
1381,14711,base_enriched,active_fraction,-0.002871597185730934,0.0017371271969750524,-1.653072476387024,1.653072476387024,10,5
1382,1375,specialized_enriched,mean,0.10329755395650864,0.0625261589884758,1.6520694494247437,1.6520694494247437,47,5
1383,9059,specialized_enriched,active_fraction,0.009104027412831783,0.00552069116383791,1.649073839187622,1.649073839187622,49,5
1384,827,specialized_enriched,mean,0.1860489398241043,0.11288182437419891,1.6481744050979614,1.6481744050979614,50,5
1385,3235,specialized_enriched,active_fraction,0.013126206584274769,0.007969028316438198,1.6471526622772217,1.6471526622772217,37,5
1386,1466,base_enriched,max,-1.745330572128296,1.059677004814148,-1.6470401287078857,1.6470401287078857,25,5
1387,7984,specialized_enriched,mean,0.04616723209619522,0.028035104274749756,1.646765112876892,1.646765112876892,50,5
1388,9741,specialized_enriched,mean,0.12006328254938126,0.07294891774654388,1.6458542346954346,1.6458542346954346,32,5
1389,1010,base_enriched,max,-1.1121901273727417,0.6761953830718994,-1.6447762250900269,1.6447762250900269,42,5
1390,5366,specialized_enriched,mean,0.10165967792272568,0.06180763989686966,1.6447752714157104,1.6447752714157104,21,5
1391,4534,specialized_enriched,mean,0.06084752827882767,0.036996662616729736,1.6446760892868042,1.6446760892868042,50,5
1392,12230,specialized_enriched,mean,0.0632895976305008,0.03850223869085312,1.6437901258468628,1.6437901258468628,39,5
1393,13790,specialized_enriched,active_fraction,0.006299520842730999,0.0038342198822647333,1.6429733037948608,1.6429733037948608,33,5
1394,12682,base_enriched,max,-1.947919487953186,1.1857171058654785,-1.6428197622299194,1.6428197622299194,44,5
1395,11212,specialized_enriched,max,2.8902416229248047,1.759386658668518,1.6427552700042725,1.6427552700042725,12,5
1396,7571,specialized_enriched,active_fraction,0.014368447475135326,0.008746863342821598,1.6426970958709717,1.6426970958709717,39,5
1397,1159,specialized_enriched,mean,0.06781591475009918,0.041293106973171234,1.6423059701919556,1.6423059701919556,36,5
1398,4054,base_enriched,active_fraction,-0.006780985277146101,0.004129521548748016,-1.6420753002166748,1.6420753002166748,24,5
1399,3999,base_enriched,active_fraction,-0.011425625532865524,0.006964527070522308,-1.6405457258224487,1.6405457258224487,19,5
1400,5785,specialized_enriched,mean,0.028019379824399948,0.017081867903470993,1.6402995586395264,1.6402995586395264,16,5
1401,13708,specialized_enriched,max,1.1996560096740723,0.7314038872718811,1.6402100324630737,1.6402100324630737,15,5
1402,13545,base_enriched,mean,-0.08143411576747894,0.04966245964169502,-1.63975191116333,1.63975191116333,22,5
1403,5409,base_enriched,max,-0.5933530330657959,0.36215174198150635,-1.638409972190857,1.638409972190857,21,5
1404,2587,base_enriched,max,-1.8354949951171875,1.1206189393997192,-1.6379296779632568,1.6379296779632568,25,5
1405,9670,base_enriched,mean,-0.043195031583309174,0.026373274624347687,-1.6378334760665894,1.6378334760665894,27,5
1406,4289,specialized_enriched,mean,0.05973116680979729,0.03649306669831276,1.6367812156677246,1.6367812156677246,34,5
1407,12701,specialized_enriched,mean,0.027869734913110733,0.017028536647558212,1.6366488933563232,1.6366488933563232,16,5
1408,6920,base_enriched,active_fraction,-0.013687299564480782,0.008369330316781998,-1.6354116201400757,1.6354116201400757,24,5
1409,15565,base_enriched,mean,-0.06047634407877922,0.036985259503126144,-1.635147213935852,1.635147213935852,43,5
1410,11128,specialized_enriched,active_fraction,0.00876353308558464,0.005359622184187174,1.6351027488708496,1.6351027488708496,46,5
1411,5402,specialized_enriched,active_fraction,0.011028097942471504,0.006753960624337196,1.6328341960906982,1.6328341960906982,50,5
1412,9284,specialized_enriched,mean,0.03491923213005066,0.021394329145550728,1.6321723461151123,1.6321723461151123,18,5
1413,15219,base_enriched,max,-1.0389891862869263,0.6366530060768127,-1.6319551467895508,1.6319551467895508,34,5
1414,9808,base_enriched,active_fraction,-0.008223170414566994,0.00503902230411768,-1.631898045539856,1.631898045539856,46,5
1415,2405,base_enriched,max,-1.6404489278793335,1.0053056478500366,-1.6317912340164185,1.6317912340164185,21,5
1416,6819,base_enriched,active_fraction,-0.010197777301073074,0.006257202010601759,-1.6297663450241089,1.6297663450241089,44,5
1417,4698,base_enriched,active_fraction,-0.015140829607844353,0.00929847452789545,-1.6283133029937744,1.6283133029937744,50,5
1418,5971,base_enriched,max,-1.177146315574646,0.7234606146812439,-1.6271048784255981,1.6271048784255981,31,5
1419,15441,specialized_enriched,active_fraction,0.01588762365281582,0.009765472263097763,1.626918077468872,1.626918077468872,43,5
1420,5582,specialized_enriched,active_fraction,0.011111333966255188,0.006830329541116953,1.626763939857483,1.626763939857483,28,5
1421,13299,specialized_enriched,mean,0.04416424781084061,0.027150066569447517,1.6266717910766602,1.6266717910766602,37,5
1422,6498,base_enriched,mean,-0.0449555367231369,0.027643399313092232,-1.626266598701477,1.626266598701477,39,5
1423,11468,specialized_enriched,max,2.1480226516723633,1.3208861351013184,1.626198172569275,1.626198172569275,15,5
1424,1078,specialized_enriched,active_fraction,0.007576155476272106,0.00466049462556839,1.6256119012832642,1.6256119012832642,47,5
1425,14036,specialized_enriched,active_fraction,0.0015364410355687141,0.0009456691914238036,1.6247130632400513,1.6247130632400513,16,5
1426,206,base_enriched,max,-0.41934579610824585,0.2581862807273865,-1.62419855594635,1.62419855594635,29,5
1427,7902,specialized_enriched,active_fraction,0.006638572551310062,0.004089193884283304,1.6234428882598877,1.6234428882598877,47,5
1428,5837,base_enriched,max,-1.06749427318573,0.6576635241508484,-1.623161792755127,1.623161792755127,49,5
1429,11959,base_enriched,mean,-0.04894791543483734,0.030162803828716278,-1.6227905750274658,1.6227905750274658,30,5
1430,3022,base_enriched,max,-0.6055499911308289,0.3731909394264221,-1.622627854347229,1.622627854347229,10,5
1431,13003,base_enriched,max,-0.5401192307472229,0.3329165279865265,-1.6223863363265991,1.6223863363265991,40,5
1432,15402,base_enriched,mean,-0.08269764482975006,0.05098041892051697,-1.6221452951431274,1.6221452951431274,38,5
1433,6359,base_enriched,mean,-0.06310993432998657,0.038940176367759705,-1.6206895112991333,1.6206895112991333,29,5
1434,3859,base_enriched,max,-1.08626127243042,0.6704042553901672,-1.6203078031539917,1.6203078031539917,8,5
1435,5108,base_enriched,max,-1.8098894357681274,1.1178549528121948,-1.6190736293792725,1.6190736293792725,19,5
1436,15890,specialized_enriched,mean,0.04998183250427246,0.03088829480111599,1.6181479692459106,1.6181479692459106,49,5
1437,6602,base_enriched,max,-0.6363154053688049,0.39338037371635437,-1.6175575256347656,1.6175575256347656,5,5
1438,194,specialized_enriched,active_fraction,0.005546689033508301,0.0034303232096135616,1.6169581413269043,1.6169581413269043,42,5
1439,14931,specialized_enriched,mean,0.016296779736876488,0.010081530548632145,1.616498589515686,1.616498589515686,17,5
1440,12863,base_enriched,max,-0.87087082862854,0.5391941070556641,-1.6151341199874878,1.6151341199874878,15,5
1441,5725,base_enriched,max,-1.6768449544906616,1.0382288694381714,-1.6151014566421509,1.6151014566421509,29,5
1442,14338,base_enriched,mean,-0.07577305287122726,0.04693305119872093,-1.614492416381836,1.614492416381836,33,5
1443,12614,specialized_enriched,active_fraction,0.003142770379781723,0.0019478872418403625,1.6134252548217773,1.6134252548217773,11,5
1444,9860,specialized_enriched,active_fraction,0.004494646098464727,0.002785935765132308,1.6133344173431396,1.6133344173431396,16,5
1445,15148,base_enriched,max,-3.8527779579162598,2.388742685317993,-1.6128895282745361,1.6128895282745361,15,5
1446,2607,specialized_enriched,max,2.5151944160461426,1.560858130455017,1.6114176511764526,1.6114176511764526,35,5
1447,13158,base_enriched,max,-1.5734155178070068,0.9767347574234009,-1.6108933687210083,1.6108933687210083,32,5
1448,4300,specialized_enriched,max,1.1898834705352783,0.7386617064476013,1.6108639240264893,1.6108639240264893,40,5
1449,6365,specialized_enriched,mean,0.036794018000364304,0.022848570719361305,1.610342264175415,1.610342264175415,29,5
1450,2020,base_enriched,mean,-0.07274925708770752,0.04518287628889084,-1.6101068258285522,1.6101068258285522,47,5
1451,15467,specialized_enriched,active_fraction,0.015136497095227242,0.009406844154000282,1.6090940237045288,1.6090940237045288,19,5
1452,906,base_enriched,max,-1.0030958652496338,0.6236717700958252,-1.6083714962005615,1.6083714962005615,5,5
1453,6887,base_enriched,active_fraction,-0.005540541838854551,0.0034457107540220022,-1.6079533100128174,1.6079533100128174,34,5
1454,4581,specialized_enriched,active_fraction,0.012333322316408157,0.007675180211663246,1.6069097518920898,1.6069097518920898,50,5
1455,9468,specialized_enriched,active_fraction,0.015224983915686607,0.009478357620537281,1.606289267539978,1.606289267539978,48,5
1456,12643,specialized_enriched,max,1.8996472358703613,1.1827130317687988,1.6061776876449585,1.6061776876449585,47,5
1457,159,specialized_enriched,mean,0.08594842255115509,0.053514108061790466,1.6060889959335327,1.6060889959335327,26,5
1458,3031,specialized_enriched,mean,0.054152246564626694,0.033717282116413116,1.6060680150985718,1.6060680150985718,18,5
1459,145,base_enriched,max,-1.9997317790985107,1.2456905841827393,-1.605319857597351,1.605319857597351,6,5
1460,5688,specialized_enriched,max,1.8063594102859497,1.1255943775177002,1.6048049926757812,1.6048049926757812,33,5
1461,759,specialized_enriched,active_fraction,0.0037898311857134104,0.0023619600106030703,1.6045280694961548,1.6045280694961548,49,5
1462,9683,base_enriched,active_fraction,-0.007042799144983292,0.004391412250697613,-1.6037663221359253,1.6037663221359253,16,5
1463,12038,specialized_enriched,max,0.5016534328460693,0.31298118829727173,1.6028228998184204,1.6028228998184204,39,5
1464,2537,specialized_enriched,active_fraction,0.02164851874113083,0.013512655161321163,1.6020921468734741,1.6020921468734741,26,5
1465,568,specialized_enriched,active_fraction,0.013257180340588093,0.008279252797365189,1.6012532711029053,1.6012532711029053,32,5
1466,3315,specialized_enriched,mean,0.12211759388446808,0.07627611607313156,1.6009938716888428,1.6009938716888428,39,5
1467,15899,specialized_enriched,active_fraction,0.01579085737466812,0.009874633513391018,1.5991334915161133,1.5991334915161133,50,5
1468,562,base_enriched,max,-2.027420997619629,1.268466830253601,-1.5983240604400635,1.5983240604400635,26,5
1469,12911,base_enriched,mean,-0.03408358618617058,0.021342415362596512,-1.5969882011413574,1.5969882011413574,27,5
1470,8616,base_enriched,mean,-0.0333460234105587,0.020883657038211823,-1.5967521667480469,1.5967521667480469,38,5
1471,9658,base_enriched,max,-1.6828012466430664,1.054147481918335,-1.5963622331619263,1.5963622331619263,30,5
1472,15105,base_enriched,max,-1.0673818588256836,0.6697097420692444,-1.5937976837158203,1.5937976837158203,25,5
1473,11485,specialized_enriched,mean,0.13486292958259583,0.08462918549776077,1.5935747623443604,1.5935747623443604,11,5
1474,11277,base_enriched,max,-1.1326149702072144,0.7115387916564941,-1.5917824506759644,1.5917824506759644,44,5
1475,11630,base_enriched,max,-1.0360727310180664,0.6508957147598267,-1.5917645692825317,1.5917645692825317,49,5
1476,11574,specialized_enriched,active_fraction,0.009098926559090614,0.005722322966903448,1.5900757312774658,1.5900757312774658,25,5
1477,11870,specialized_enriched,mean,0.03181641921401024,0.020014557987451553,1.5896638631820679,1.5896638631820679,10,5
1478,6496,specialized_enriched,mean,0.09924256801605225,0.062438949942588806,1.5894336700439453,1.5894336700439453,49,5
1479,15975,base_enriched,mean,-0.05314922705292702,0.03347722068428993,-1.5876235961914062,1.5876235961914062,36,5
1480,11503,base_enriched,mean,-0.065484419465065,0.041249830275774,-1.5875076055526733,1.5875076055526733,20,5
1481,6150,base_enriched,max,-2.265873432159424,1.427433729171753,-1.587375521659851,1.587375521659851,14,5
1482,8144,base_enriched,active_fraction,-0.00943667907267809,0.005946340970695019,-1.5869723558425903,1.5869723558425903,22,5
1483,2551,base_enriched,max,-2.663372039794922,1.6792455911636353,-1.5860527753829956,1.5860527753829956,15,5
1484,14547,base_enriched,active_fraction,-0.004241262096911669,0.0026753535494208336,-1.5853090286254883,1.5853090286254883,22,5
1485,4246,specialized_enriched,active_fraction,0.008252831175923347,0.005210405681282282,1.5839133262634277,1.5839133262634277,40,5
1486,5275,specialized_enriched,active_fraction,0.0077781653963029385,0.0049108779057860374,1.5838645696640015,1.5838645696640015,12,5
1487,5118,specialized_enriched,mean,0.050733476877212524,0.032032035291194916,1.5838356018066406,1.5838356018066406,24,5
1488,1711,specialized_enriched,active_fraction,0.004710645880550146,0.0029743362683802843,1.5837637186050415,1.5837637186050415,46,5
1489,13271,base_enriched,max,-2.185098171234131,1.3799036741256714,-1.5835150480270386,1.5835150480270386,48,5
1490,6572,base_enriched,max,-0.40685853362083435,0.2569851577281952,-1.5831985473632812,1.5831985473632812,39,5
1491,438,specialized_enriched,active_fraction,0.00924548041075468,0.005853231064975262,1.5795515775680542,1.5795515775680542,15,5
1492,3961,base_enriched,max,-0.790091335773468,0.5004138946533203,-1.5788756608963013,1.5788756608963013,41,5
1493,4381,specialized_enriched,active_fraction,0.009789248928427696,0.006202186457812786,1.5783544778823853,1.5783544778823853,49,5
1494,13000,specialized_enriched,active_fraction,0.006174948997795582,0.003913648892194033,1.5777983665466309,1.5777983665466309,22,5
1495,4263,specialized_enriched,mean,0.1530618667602539,0.09701142460107803,1.577771544456482,1.577771544456482,22,5
1496,14419,base_enriched,max,-0.40962162613868713,0.25999975204467773,-1.5754692554473877,1.5754692554473877,16,5
1497,13376,specialized_enriched,max,1.3882694244384766,0.8814141154289246,1.5750478506088257,1.5750478506088257,15,5
1498,13124,specialized_enriched,active_fraction,0.009698410518467426,0.00615781219676137,1.5749766826629639,1.5749766826629639,23,5
1499,8459,specialized_enriched,active_fraction,0.01504409871995449,0.00955591257661581,1.5743236541748047,1.5743236541748047,27,5
1500,2005,base_enriched,max,-1.4824191331863403,0.9426228404045105,-1.5726535320281982,1.5726535320281982,46,5
1501,11069,specialized_enriched,max,1.7524375915527344,1.1148022413253784,1.5719717741012573,1.5719717741012573,33,5
1502,3471,base_enriched,max,-0.5883855819702148,0.3743063807487488,-1.571935772895813,1.571935772895813,25,5
1503,6369,specialized_enriched,mean,0.03571763634681702,0.022723600268363953,1.5718300342559814,1.5718300342559814,9,5
1504,7561,base_enriched,max,-2.3058314323425293,1.467583179473877,-1.5711759328842163,1.5711759328842163,12,5
1505,2733,base_enriched,max,-0.6339161396026611,0.4035664498806,-1.5707850456237793,1.5707850456237793,16,5
1506,7725,base_enriched,mean,-0.05792168527841568,0.03691115230321884,-1.5692191123962402,1.5692191123962402,31,5
1507,7403,specialized_enriched,mean,0.06614511460065842,0.04216061532497406,1.568884015083313,1.568884015083313,38,5
1508,14007,base_enriched,max,-0.8499900102615356,0.5418661832809448,-1.5686345100402832,1.5686345100402832,29,5
1509,14586,base_enriched,active_fraction,-0.006068222690373659,0.003870350541546941,-1.5678741931915283,1.5678741931915283,26,5
1510,9654,base_enriched,active_fraction,-0.0046180011704564095,0.002946486696600914,-1.5672906637191772,1.5672906637191772,22,5
1511,12226,specialized_enriched,active_fraction,0.015367151238024235,0.009810189716517925,1.5664479732513428,1.5664479732513428,38,5
1512,12390,specialized_enriched,active_fraction,0.003778229933232069,0.0024122970644384623,1.566237449645996,1.566237449645996,33,5
1513,8334,specialized_enriched,active_fraction,0.013770489022135735,0.00879503134638071,1.565712332725525,1.565712332725525,24,5
1514,2953,specialized_enriched,mean,0.06563708186149597,0.04192604497075081,1.5655443668365479,1.5655443668365479,48,5
1515,4606,specialized_enriched,max,1.7279517650604248,1.1041258573532104,1.564995288848877,1.564995288848877,32,5
1516,1908,specialized_enriched,mean,0.052065104246139526,0.03332706168293953,1.5622470378875732,1.5622470378875732,16,5
1517,2855,specialized_enriched,active_fraction,0.01878318190574646,0.012027135118842125,1.5617337226867676,1.5617337226867676,38,5
1518,13864,base_enriched,max,-1.4102652072906494,0.9032158851623535,-1.5613821744918823,1.5613821744918823,9,5
1519,1625,specialized_enriched,active_fraction,0.011557316407561302,0.007401991635560989,1.561379313468933,1.561379313468933,38,5
1520,13402,base_enriched,max,-0.7693854570388794,0.4929676353931427,-1.56072199344635,1.56072199344635,44,5
1521,14235,specialized_enriched,max,1.7225475311279297,1.1039732694625854,1.5603163242340088,1.5603163242340088,11,5
1522,13403,base_enriched,max,-1.801156759262085,1.1549328565597534,-1.559533715248108,1.559533715248108,40,5
1523,5784,base_enriched,mean,-0.05230265110731125,0.03354953974485397,-1.5589677095413208,1.5589677095413208,48,5
1524,7164,base_enriched,mean,-0.02771330624818802,0.017789239063858986,-1.5578690767288208,1.5578690767288208,28,5
1525,14535,specialized_enriched,active_fraction,0.005888183601200581,0.003782514715567231,1.556684970855713,1.556684970855713,29,5
1526,11648,specialized_enriched,active_fraction,0.004447455517947674,0.002857391256839037,1.5564740896224976,1.5564740896224976,11,5
1527,10173,specialized_enriched,active_fraction,0.021744288504123688,0.013976171612739563,1.5558115243911743,1.5558115243911743,24,5
1528,8060,specialized_enriched,max,1.6044694185256958,1.0314083099365234,1.5556102991104126,1.5556102991104126,12,5
1529,11592,base_enriched,max,-2.0426812171936035,1.3139945268630981,-1.5545583963394165,1.5545583963394165,23,5
1530,12762,specialized_enriched,active_fraction,0.01002282090485096,0.006449720822274685,1.5539929866790771,1.5539929866790771,46,5
1531,4672,base_enriched,max,-1.1312071084976196,0.728297233581543,-1.5532217025756836,1.5532217025756836,42,5
1532,5903,base_enriched,max,-1.0590870380401611,0.6825080513954163,-1.551757574081421,1.551757574081421,41,5
1533,13614,base_enriched,max,-1.702839732170105,1.0973975658416748,-1.5517072677612305,1.5517072677612305,47,5
1534,10441,specialized_enriched,active_fraction,0.009637207724153996,0.006213636603206396,1.5509769916534424,1.5509769916534424,47,5
1535,2393,specialized_enriched,active_fraction,0.008812740445137024,0.005686297547072172,1.5498205423355103,1.5498205423355103,41,5
1536,14664,base_enriched,active_fraction,-0.00691442284733057,0.004462770652025938,-1.5493565797805786,1.5493565797805786,17,5
1537,5238,specialized_enriched,active_fraction,0.011075502261519432,0.007156362757086754,1.547644019126892,1.547644019126892,26,5
1538,10459,specialized_enriched,active_fraction,0.018879899755120277,0.012203733436763287,1.5470592975616455,1.5470592975616455,41,5
1539,12580,base_enriched,active_fraction,-0.006578782107681036,0.004252576269209385,-1.5470110177993774,1.5470110177993774,8,5
1540,14125,specialized_enriched,max,1.0870670080184937,0.7030853629112244,1.546138048171997,1.546138048171997,22,5
1541,2938,base_enriched,max,-1.9240975379943848,1.2451198101043701,-1.5453112125396729,1.5453112125396729,38,5
1542,10254,specialized_enriched,active_fraction,0.009087584912776947,0.005880983546376228,1.5452492237091064,1.5452492237091064,35,5
1543,1853,specialized_enriched,mean,0.05851726606488228,0.03788163512945175,1.5447397232055664,1.5447397232055664,29,5
1544,9543,specialized_enriched,active_fraction,0.013695625588297844,0.008867119438946247,1.544540524482727,1.544540524482727,26,5
1545,10586,base_enriched,active_fraction,-0.006238372065126896,0.004042952787131071,-1.543023705482483,1.543023705482483,39,5
1546,7839,base_enriched,active_fraction,-0.020065736025571823,0.013011216185986996,-1.5421875715255737,1.5421875715255737,43,5
1547,9381,base_enriched,max,-0.6022180318832397,0.3910512328147888,-1.5399978160858154,1.5399978160858154,20,5
1548,6268,specialized_enriched,active_fraction,0.003639756003394723,0.0023637358099222183,1.5398319959640503,1.5398319959640503,17,5
1549,1357,base_enriched,max,-0.3966524600982666,0.257646769285202,-1.5395203828811646,1.5395203828811646,16,5
1550,2981,base_enriched,max,-1.0658400058746338,0.6923230886459351,-1.5395123958587646,1.5395123958587646,17,5
1551,7883,base_enriched,max,-0.6518492102622986,0.42342156171798706,-1.539480447769165,1.539480447769165,41,5
1552,9,base_enriched,max,-2.220302104949951,1.4442930221557617,-1.5372934341430664,1.5372934341430664,20,5
1553,4308,specialized_enriched,max,1.392408847808838,0.9065525531768799,1.5359383821487427,1.5359383821487427,8,5
1554,7509,base_enriched,max,-0.8962497711181641,0.5837054252624512,-1.5354487895965576,1.5354487895965576,6,5
1555,470,specialized_enriched,mean,0.09622576832771301,0.06274480372667313,1.5336053371429443,1.5336053371429443,27,5
1556,15321,specialized_enriched,mean,0.04074707627296448,0.02657637558877468,1.5332067012786865,1.5332067012786865,19,5
1557,4503,base_enriched,mean,-0.03795378655195236,0.024760417640209198,-1.5328410863876343,1.5328410863876343,11,5
1558,2407,specialized_enriched,mean,0.0409875251352787,0.026767831295728683,1.531223177909851,1.531223177909851,45,5
1559,12683,specialized_enriched,mean,0.05812681466341019,0.03797498345375061,1.5306607484817505,1.5306607484817505,24,5
1560,12431,base_enriched,max,-1.4374563694000244,0.9391568899154663,-1.5305817127227783,1.5305817127227783,50,5
1561,4620,specialized_enriched,mean,0.04745234549045563,0.031026199460029602,1.529428243637085,1.529428243637085,32,5
1562,10040,specialized_enriched,mean,0.05001940578222275,0.03275137394666672,1.5272459983825684,1.5272459983825684,47,5
1563,507,base_enriched,max,-2.28147554397583,1.4940128326416016,-1.5270789861679077,1.5270789861679077,50,5
1564,6207,base_enriched,active_fraction,-0.0062760962173342705,0.004113485570997,-1.5257368087768555,1.5257368087768555,15,5
1565,3079,base_enriched,active_fraction,-0.01132964063435793,0.0074280970729887486,-1.5252413749694824,1.5252413749694824,40,5
1566,8448,specialized_enriched,active_fraction,0.00428219698369503,0.0028081792406737804,1.5249016284942627,1.5249016284942627,23,5
1567,2108,specialized_enriched,active_fraction,0.015030504204332829,0.009861467406153679,1.5241650342941284,1.5241650342941284,49,5
1568,12035,specialized_enriched,mean,0.033737003803253174,0.02213490940630436,1.524153709411621,1.524153709411621,46,5
1569,15380,specialized_enriched,mean,0.03827812522649765,0.025118263438344002,1.5239161252975464,1.5239161252975464,25,5
1570,1897,specialized_enriched,mean,0.06663896143436432,0.04375210031867027,1.52310311794281,1.52310311794281,25,5
1571,9784,specialized_enriched,mean,0.03381700441241264,0.02220291458070278,1.5230885744094849,1.5230885744094849,49,5
1572,4598,base_enriched,max,-0.26577574014663696,0.1745058000087738,-1.523019552230835,1.523019552230835,20,5
1573,8965,base_enriched,max,-1.6959272623062134,1.1143524646759033,-1.5218948125839233,1.5218948125839233,43,5
1574,216,specialized_enriched,active_fraction,0.009743692353367805,0.006402574945241213,1.5218396186828613,1.5218396186828613,12,5
1575,11421,base_enriched,max,-1.7186932563781738,1.1294373273849487,-1.5217251777648926,1.5217251777648926,45,5
1576,10396,base_enriched,active_fraction,-0.005251756869256496,0.003451379481703043,-1.5216399431228638,1.5216399431228638,22,5
1577,2310,specialized_enriched,active_fraction,0.008238406851887703,0.0054158433340489864,1.5211678743362427,1.5211678743362427,50,5
1578,15330,specialized_enriched,active_fraction,0.006178614217787981,0.004068558569997549,1.5186249017715454,1.5186249017715454,31,5
1579,14774,base_enriched,mean,-0.030942855402827263,0.02038419246673584,-1.517982840538025,1.517982840538025,22,5
1580,2381,base_enriched,mean,-0.05492570996284485,0.03619901463389397,-1.5173261165618896,1.5173261165618896,29,5
1581,2026,specialized_enriched,mean,0.04480709135532379,0.029537420719861984,1.5169601440429688,1.5169601440429688,34,5
1582,6314,base_enriched,max,-2.015740156173706,1.3293918371200562,-1.5162874460220337,1.5162874460220337,28,5
1583,5627,specialized_enriched,active_fraction,0.00996482279151678,0.006574064958840609,1.5157779455184937,1.5157779455184937,41,5
1584,4280,base_enriched,max,-0.8667218685150146,0.571881890296936,-1.5155609846115112,1.5155609846115112,28,5
1585,10085,specialized_enriched,active_fraction,0.010570773854851723,0.006989100016653538,1.5124657154083252,1.5124657154083252,48,5
1586,7619,specialized_enriched,max,1.5501282215118408,1.026790976524353,1.509682297706604,1.509682297706604,20,5
1587,2722,specialized_enriched,max,1.7031505107879639,1.1299717426300049,1.5072505474090576,1.5072505474090576,24,5
1588,11141,specialized_enriched,mean,0.045475564897060394,0.030174221843481064,1.5070998668670654,1.5070998668670654,45,5
1589,8105,specialized_enriched,mean,0.047486692667007446,0.031513508409261703,1.5068678855895996,1.5068678855895996,32,5
1590,243,specialized_enriched,mean,0.0527358241379261,0.03499717265367508,1.506859540939331,1.506859540939331,28,5
1591,12293,specialized_enriched,mean,0.054035164415836334,0.035882871598005295,1.5058763027191162,1.5058763027191162,6,5
1592,8908,base_enriched,max,-0.5617629885673523,0.3730480670928955,-1.5058729648590088,1.5058729648590088,37,5
1593,5124,base_enriched,max,-2.0307774543762207,1.3486989736557007,-1.5057307481765747,1.5057307481765747,10,5
1594,1032,specialized_enriched,max,1.1807477474212646,0.7842119336128235,1.5056487321853638,1.5056487321853638,49,5
1595,15323,base_enriched,max,-1.6435387134552002,1.0918052196502686,-1.505340576171875,1.505340576171875,20,5
1596,3963,specialized_enriched,mean,0.07520310580730438,0.04998127371072769,1.504625678062439,1.504625678062439,27,5
1597,13365,base_enriched,active_fraction,-0.017634155228734016,0.011720783077180386,-1.5045201778411865,1.5045201778411865,23,5
1598,1118,specialized_enriched,max,1.4082432985305786,0.936314046382904,1.5040287971496582,1.5040287971496582,50,5
1599,14725,specialized_enriched,mean,0.0929994061589241,0.061841946095228195,1.5038241147994995,1.5038241147994995,32,5
1600,9827,specialized_enriched,mean,0.06119391694664955,0.040702737867832184,1.5034348964691162,1.5034348964691162,25,5
1601,12984,base_enriched,active_fraction,-0.004812872037291527,0.003203786676749587,-1.5022448301315308,1.5022448301315308,21,5
1602,7953,base_enriched,mean,-0.0726742297410965,0.04842398688197136,-1.5007898807525635,1.5007898807525635,26,5
1603,11272,specialized_enriched,mean,0.04877285286784172,0.03250245749950409,1.5005897283554077,1.5005897283554077,48,5
1604,1920,base_enriched,max,-1.3298728466033936,0.8865396976470947,-1.500071406364441,1.500071406364441,24,5
1605,2918,specialized_enriched,active_fraction,0.002806401113048196,0.0018708910793066025,1.5000344514846802,1.5000344514846802,15,5
1606,11783,specialized_enriched,mean,0.04212545230984688,0.02808438427746296,1.499959945678711,1.499959945678711,47,5
1607,2213,specialized_enriched,mean,0.05851883441209793,0.039026692509651184,1.4994566440582275,1.4994566440582275,26,5
1608,14400,specialized_enriched,active_fraction,0.005925905890762806,0.003955496940761805,1.498144507408142,1.498144507408142,16,5
1609,4230,specialized_enriched,mean,0.05329132825136185,0.03557905927300453,1.497828483581543,1.497828483581543,15,5
1610,3375,specialized_enriched,active_fraction,0.009662979282438755,0.006467783823609352,1.4940170049667358,1.4940170049667358,37,5
1611,9390,base_enriched,max,-2.2776665687561035,1.524741530418396,-1.4938050508499146,1.4938050508499146,14,5
1612,8097,base_enriched,mean,-0.05973973870277405,0.040009185671806335,-1.4931505918502808,1.4931505918502808,18,5
1613,8496,base_enriched,mean,-0.004306949209421873,0.0028848133515566587,-1.4929732084274292,1.4929732084274292,6,5
1614,1241,specialized_enriched,active_fraction,0.00735807977616787,0.004929768852889538,1.4925811290740967,1.4925811290740967,48,5
1615,5566,base_enriched,max,-1.518572449684143,1.0174689292907715,-1.4925000667572021,1.4925000667572021,17,5
1616,44,base_enriched,max,-0.9262771010398865,0.620898962020874,-1.4918322563171387,1.4918322563171387,21,5
1617,4192,specialized_enriched,mean,0.02877463772892952,0.0192935261875391,1.491414189338684,1.491414189338684,31,5
1618,933,specialized_enriched,mean,0.055390480905771255,0.037156444042921066,1.4907368421554565,1.4907368421554565,26,5
1619,3631,base_enriched,active_fraction,-0.010972057469189167,0.007368721533566713,-1.4890042543411255,1.4890042543411255,40,5
1620,1283,base_enriched,active_fraction,-0.012816129252314568,0.008607362397015095,-1.4889729022979736,1.4889729022979736,19,5
1621,4364,specialized_enriched,mean,0.064496710896492,0.043343015015125275,1.4880532026290894,1.4880532026290894,42,5
1622,1262,base_enriched,max,-1.280414342880249,0.860512375831604,-1.4879673719406128,1.4879673719406128,49,5
1623,9219,base_enriched,max,-0.6378927230834961,0.4289033114910126,-1.487264633178711,1.487264633178711,42,5
1624,10757,base_enriched,active_fraction,-0.00636445265263319,0.004279359709471464,-1.4872441291809082,1.4872441291809082,7,5
1625,15254,specialized_enriched,max,1.739499568939209,1.1701794862747192,1.4865237474441528,1.4865237474441528,17,5
1626,5044,base_enriched,max,-1.241166353225708,0.835563600063324,-1.4854241609573364,1.4854241609573364,50,5
1627,11617,specialized_enriched,max,1.8696261644363403,1.2602181434631348,1.4835734367370605,1.4835734367370605,44,5
1628,13522,specialized_enriched,mean,0.05798730254173279,0.03911815956234932,1.4823627471923828,1.4823627471923828,31,5
1629,15532,base_enriched,max,-1.503530502319336,1.0143556594848633,-1.482251763343811,1.482251763343811,45,5
1630,13236,base_enriched,mean,-0.09477218985557556,0.0639510378241539,-1.4819492101669312,1.4819492101669312,26,5
1631,7620,specialized_enriched,mean,0.06014929339289665,0.04064903035759926,1.4797227382659912,1.4797227382659912,44,5
1632,11653,specialized_enriched,active_fraction,0.005996502470225096,0.004055395722389221,1.4786479473114014,1.4786479473114014,35,5
1633,9892,specialized_enriched,active_fraction,0.0023092790506780148,0.001562929479405284,1.4775325059890747,1.4775325059890747,8,5
1634,4686,base_enriched,max,-1.1174228191375732,0.7563983798027039,-1.4772940874099731,1.4772940874099731,18,5
1635,2824,base_enriched,max,-1.3130203485488892,0.8888309001922607,-1.477244257926941,1.477244257926941,45,5
1636,9558,specialized_enriched,active_fraction,0.008564299903810024,0.005802923813462257,1.4758594036102295,1.4758594036102295,40,5
1637,1239,base_enriched,max,-1.9776971340179443,1.3405466079711914,-1.4752916097640991,1.4752916097640991,24,5
1638,588,specialized_enriched,active_fraction,0.004696562886238098,0.00318525149486959,1.4744715690612793,1.4744715690612793,37,5
1639,7941,base_enriched,active_fraction,-0.00832920428365469,0.005651740822941065,-1.4737414121627808,1.4737414121627808,41,5
1640,7246,base_enriched,mean,-0.05679459124803543,0.038560543209314346,-1.4728680849075317,1.4728680849075317,37,5
1641,14689,specialized_enriched,active_fraction,0.0061872852966189384,0.004202431999146938,1.4723106622695923,1.4723106622695923,32,5
1642,10880,base_enriched,max,-1.2160608768463135,0.826904296875,-1.4706186056137085,1.4706186056137085,28,5
1643,13270,specialized_enriched,mean,0.05092421919107437,0.03463311120867729,1.4703911542892456,1.4703911542892456,10,5
1644,4989,base_enriched,max,-1.3172032833099365,0.8961055874824524,-1.4699196815490723,1.4699196815490723,28,5
1645,14383,base_enriched,mean,-0.022035658359527588,0.01499193161725998,-1.4698344469070435,1.4698344469070435,7,5
1646,8491,specialized_enriched,mean,0.04872307926416397,0.03314979374408722,1.4697853326797485,1.4697853326797485,19,5
1647,3701,specialized_enriched,active_fraction,0.00574275990948081,0.003907245118170977,1.4697721004486084,1.4697721004486084,35,5
1648,10009,base_enriched,active_fraction,-0.01511330809444189,0.010283379815518856,-1.4696829319000244,1.4696829319000244,50,5
1649,9636,base_enriched,active_fraction,-0.007757402956485748,0.005287315230816603,-1.467172384262085,1.467172384262085,32,5
1650,10054,base_enriched,max,-1.2997245788574219,0.8859894871711731,-1.466975212097168,1.466975212097168,11,5
1651,10863,specialized_enriched,max,1.068844199180603,0.7286630272865295,1.466856598854065,1.466856598854065,43,5
1652,5795,base_enriched,max,-2.9005935192108154,1.9785785675048828,-1.465998649597168,1.465998649597168,13,5
1653,4449,specialized_enriched,max,1.6059691905975342,1.0959644317626953,1.4653478860855103,1.4653478860855103,9,5
1654,9608,base_enriched,max,-1.4412654638290405,0.9836230874061584,-1.4652619361877441,1.4652619361877441,44,5
1655,12090,base_enriched,max,-0.5992581844329834,0.40919744968414307,-1.4644719362258911,1.4644719362258911,12,5
1656,2636,base_enriched,max,-1.5315285921096802,1.0463496446609497,-1.4636871814727783,1.4636871814727783,44,5
1657,9337,specialized_enriched,active_fraction,0.017839238047599792,0.012190519832074642,1.4633697271347046,1.4633697271347046,36,5
1658,10726,specialized_enriched,max,1.7782742977142334,1.215429663658142,1.4630829095840454,1.4630829095840454,35,5
1659,3500,base_enriched,max,-2.510261058807373,1.7181634902954102,-1.4610140323638916,1.4610140323638916,10,5
1660,2360,specialized_enriched,active_fraction,0.009152780286967754,0.006266787648200989,1.4605218172073364,1.4605218172073364,24,5
1661,9930,specialized_enriched,active_fraction,0.023151328787207603,0.01589048281311989,1.4569305181503296,1.4569305181503296,34,5
1662,9571,base_enriched,max,-1.313315987586975,0.9040883779525757,-1.4526411294937134,1.4526411294937134,47,5
1663,585,specialized_enriched,active_fraction,0.011561853811144829,0.007959392853081226,1.4526050090789795,1.4526050090789795,43,5
1664,7781,base_enriched,max,-4.254673004150391,2.930265426635742,-1.4519753456115723,1.4519753456115723,21,5
1665,2185,base_enriched,mean,-0.04533486068248749,0.03123066946864128,-1.451613426208496,1.451613426208496,22,5
1666,7502,specialized_enriched,active_fraction,0.0036564781330525875,0.002521163783967495,1.4503135681152344,1.4503135681152344,32,5
1667,6653,specialized_enriched,active_fraction,0.005247058346867561,0.0036182666663080454,1.4501579999923706,1.4501579999923706,37,5
1668,1903,base_enriched,max,-1.259164810180664,0.8686590194702148,-1.4495501518249512,1.4495501518249512,16,5
1669,8977,base_enriched,max,-1.0113496780395508,0.6978240609169006,-1.44929039478302,1.44929039478302,37,5
1670,1546,base_enriched,max,-0.8991960287094116,0.6204869151115417,-1.4491780996322632,1.4491780996322632,9,5
1671,15041,specialized_enriched,max,1.010931134223938,0.6977107524871826,1.4489258527755737,1.4489258527755737,45,5
1672,12907,specialized_enriched,active_fraction,0.008540392853319645,0.0058945161290466785,1.4488708972930908,1.4488708972930908,35,5
1673,10217,base_enriched,active_fraction,-0.004972077906131744,0.0034335206728428602,-1.4480990171432495,1.4480990171432495,33,5
1674,11671,specialized_enriched,mean,0.03422108292579651,0.023721203207969666,1.4426368474960327,1.4426368474960327,39,5
1675,8022,base_enriched,max,-1.0259429216384888,0.7118337750434875,-1.4412676095962524,1.4412676095962524,13,5
1676,11457,base_enriched,max,-2.349236011505127,1.630329966545105,-1.4409574270248413,1.4409574270248413,15,5
1677,5207,base_enriched,mean,-0.040957409888505936,0.02842702716588974,-1.440791130065918,1.440791130065918,35,5
1678,7905,base_enriched,max,-1.5565944910049438,1.080449104309082,-1.4406920671463013,1.4406920671463013,46,5
1679,5630,base_enriched,active_fraction,-0.004738600924611092,0.003289313754066825,-1.4406046867370605,1.4406046867370605,23,5
1680,15747,base_enriched,max,-1.0632820129394531,0.7381364107131958,-1.440495252609253,1.440495252609253,17,5
1681,9875,base_enriched,active_fraction,-0.01612689718604088,0.011201160959899426,-1.4397523403167725,1.4397523403167725,44,5
1682,5065,base_enriched,max,-0.7389499545097351,0.5137240290641785,-1.4384181499481201,1.4384181499481201,21,5
1683,9162,specialized_enriched,mean,0.025897406041622162,0.018005970865488052,1.438267707824707,1.438267707824707,11,5
1684,5311,base_enriched,max,-1.5689724683761597,1.0912964344024658,-1.4377143383026123,1.4377143383026123,20,5
1685,2924,specialized_enriched,mean,0.07396182417869568,0.0515044629573822,1.4360275268554688,1.4360275268554688,50,5
1686,9533,specialized_enriched,active_fraction,0.018957968801259995,0.013202855363488197,1.4358991384506226,1.4358991384506226,36,5
1687,2063,specialized_enriched,max,1.259929895401001,0.8779675960540771,1.4350528717041016,1.4350528717041016,10,5
1688,13265,specialized_enriched,max,2.5945980548858643,1.808548092842102,1.4346303939819336,1.4346303939819336,11,5
1689,7200,specialized_enriched,active_fraction,0.008720421232283115,0.006079705897718668,1.4343491792678833,1.4343491792678833,20,5
1690,11445,specialized_enriched,active_fraction,0.02404935657978058,0.016784537583589554,1.4328280687332153,1.4328280687332153,49,5
1691,12282,specialized_enriched,active_fraction,0.02637658268213272,0.018414610996842384,1.4323725700378418,1.4323725700378418,50,5
1692,2383,specialized_enriched,active_fraction,0.004335934761911631,0.0030300698708742857,1.4309685230255127,1.4309685230255127,22,5
1693,6326,base_enriched,max,-0.5749692916870117,0.40199944376945496,-1.4302738904953003,1.4302738904953003,26,5
1694,16190,base_enriched,active_fraction,-0.012849445454776287,0.008986890316009521,-1.4297988414764404,1.4297988414764404,25,5
1695,10291,base_enriched,max,-1.6196476221084595,1.13326096534729,-1.429192066192627,1.429192066192627,37,5
1696,14138,specialized_enriched,active_fraction,0.011862951330840588,0.008301935158669949,1.4289380311965942,1.4289380311965942,41,5
1697,4674,specialized_enriched,active_fraction,0.007945086807012558,0.0055667562410235405,1.4272381067276,1.4272381067276,16,5
1698,11396,base_enriched,active_fraction,-0.011500043794512749,0.00807147566229105,-1.4247758388519287,1.4247758388519287,49,5
1699,5526,base_enriched,max,-2.560061454772949,1.7970924377441406,-1.4245574474334717,1.4245574474334717,7,5
1700,3660,specialized_enriched,active_fraction,0.016653310507535934,0.011691904626786709,1.4243453741073608,1.4243453741073608,27,5
1701,13607,base_enriched,max,-2.2534031867980957,1.5831845998764038,-1.4233356714248657,1.4233356714248657,14,5
1702,10888,specialized_enriched,active_fraction,0.02238818258047104,0.015737399458885193,1.4226100444793701,1.4226100444793701,49,5
1703,15222,specialized_enriched,active_fraction,0.0023751973640173674,0.0016699960688129067,1.4222772121429443,1.4222772121429443,7,5
1704,13054,base_enriched,active_fraction,-0.0038787084631621838,0.002730043139308691,-1.4207499027252197,1.4207499027252197,31,5
1705,1603,base_enriched,max,-0.5964547991752625,0.4199424386024475,-1.4203251600265503,1.4203251600265503,36,5
1706,14262,base_enriched,max,-1.347191572189331,0.9488263726234436,-1.419850468635559,1.419850468635559,28,5
1707,5692,specialized_enriched,active_fraction,0.018308721482753754,0.01290199439972639,1.419061303138733,1.419061303138733,49,5
1708,1666,specialized_enriched,active_fraction,0.016545291990041733,0.011663884855806828,1.418506145477295,1.418506145477295,24,5
1709,4282,specialized_enriched,mean,0.07456022500991821,0.052563898265361786,1.4184683561325073,1.4184683561325073,24,5
1710,9306,base_enriched,active_fraction,-0.008841307833790779,0.0062334369868040085,-1.4183681011199951,1.4183681011199951,31,5
1711,4506,specialized_enriched,active_fraction,0.00637397775426507,0.004494891967624426,1.4180490970611572,1.4180490970611572,23,5
1712,4211,specialized_enriched,active_fraction,0.007792140822857618,0.005496450699865818,1.4176677465438843,1.4176677465438843,25,5
1713,14105,specialized_enriched,active_fraction,0.0076637850143015385,0.005424095783382654,1.412914752960205,1.412914752960205,27,5
1714,610,base_enriched,max,-1.3999522924423218,0.9913498759269714,-1.4121676683425903,1.4121676683425903,23,5
1715,11318,specialized_enriched,active_fraction,0.009442652575671673,0.006689001806080341,1.4116684198379517,1.4116684198379517,50,5
1716,6480,base_enriched,max,-1.2452545166015625,0.8826308846473694,-1.410844087600708,1.410844087600708,36,5
1717,12551,base_enriched,max,-1.889854907989502,1.3398616313934326,-1.4104851484298706,1.4104851484298706,21,5
1718,2429,specialized_enriched,active_fraction,0.005464781075716019,0.0038747231010347605,1.4103668928146362,1.4103668928146362,20,5
1719,8857,base_enriched,active_fraction,-0.013637273572385311,0.009670591913163662,-1.410179853439331,1.410179853439331,35,5
1720,4739,base_enriched,max,-0.6218825578689575,0.441048800945282,-1.4100085496902466,1.4100085496902466,28,5
1721,15033,base_enriched,max,-0.744894802570343,0.5285279154777527,-1.4093765020370483,1.4093765020370483,14,5
1722,10156,base_enriched,active_fraction,-0.0028524906374514103,0.002024093410000205,-1.4092682600021362,1.4092682600021362,13,5
1723,11510,specialized_enriched,active_fraction,0.007395146414637566,0.005247796885669231,1.4091906547546387,1.4091906547546387,31,5
1724,6101,base_enriched,active_fraction,-0.019762538373470306,0.01403190940618515,-1.4083998203277588,1.4083998203277588,41,5
1725,577,specialized_enriched,active_fraction,0.025415586307644844,0.018053371459245682,1.4078028202056885,1.4078028202056885,48,5
1726,12274,base_enriched,max,-0.862197756767273,0.6124500036239624,-1.4077847003936768,1.4077847003936768,39,5
1727,10908,base_enriched,max,-1.4596633911132812,1.037026047706604,-1.4075474739074707,1.4075474739074707,43,5
1728,8475,base_enriched,active_fraction,-0.014650514349341393,0.010409681126475334,-1.407393217086792,1.407393217086792,43,5
1729,15146,base_enriched,max,-1.789502501487732,1.27228581905365,-1.4065254926681519,1.4065254926681519,16,5
1730,13062,specialized_enriched,active_fraction,0.006685629021376371,0.00475519523024559,1.4059630632400513,1.4059630632400513,50,5
1731,3258,specialized_enriched,active_fraction,0.0031988942064344883,0.0022754536475986242,1.4058270454406738,1.4058270454406738,33,5
1732,12678,base_enriched,max,-0.571419358253479,0.4068807065486908,-1.4043904542922974,1.4043904542922974,20,5
1733,6806,base_enriched,max,-1.1233376264572144,0.8003239631652832,-1.4036036729812622,1.4036036729812622,6,5
1734,4849,base_enriched,max,-0.3797769546508789,0.27085331082344055,-1.4021499156951904,1.4021499156951904,31,5
1735,6222,specialized_enriched,mean,0.07665610313415527,0.054708804935216904,1.4011657238006592,1.4011657238006592,20,5
1736,13349,base_enriched,max,-1.3911523818969727,0.9938589930534363,-1.3997482061386108,1.3997482061386108,9,5
1737,3416,base_enriched,max,-2.5856428146362305,1.8475474119186401,-1.3995001316070557,1.3995001316070557,11,5
1738,13452,specialized_enriched,active_fraction,0.012196401134133339,0.00871596485376358,1.3993173837661743,1.3993173837661743,32,5
1739,13414,specialized_enriched,mean,0.041067104786634445,0.029352877289056778,1.3990827798843384,1.3990827798843384,17,5
1740,9777,specialized_enriched,mean,0.035735249519348145,0.025556344538927078,1.3982926607131958,1.3982926607131958,23,5
1741,4113,specialized_enriched,mean,0.03758465498685837,0.0268997959792614,1.397209644317627,1.397209644317627,34,5
1742,3681,specialized_enriched,mean,0.05016384646296501,0.035905275493860245,1.3971163034439087,1.3971163034439087,26,5
1743,4709,base_enriched,mean,-0.05755104124546051,0.04127456247806549,-1.3943464756011963,1.3943464756011963,37,5
1744,14088,base_enriched,active_fraction,-0.00721553061157465,0.005175875499844551,-1.3940695524215698,1.3940695524215698,15,5
1745,11640,base_enriched,max,-0.8522199392318726,0.6115499138832092,-1.3935410976409912,1.3935410976409912,16,5
1746,11313,specialized_enriched,active_fraction,0.0021564376074820757,0.001547458814457059,1.393534779548645,1.393534779548645,10,5
1747,9012,specialized_enriched,mean,0.03942498564720154,0.028307536616921425,1.3927381038665771,1.3927381038665771,42,5
1748,10512,base_enriched,max,-1.0643441677093506,0.7646581530570984,-1.3919215202331543,1.3919215202331543,38,5
1749,3349,specialized_enriched,mean,0.10353028774261475,0.0743880569934845,1.3917595148086548,1.3917595148086548,22,5
1750,324,specialized_enriched,active_fraction,0.007477990351617336,0.005373222287744284,1.391714334487915,1.391714334487915,49,5
1751,1444,specialized_enriched,mean,0.10280794650316238,0.07391789555549622,1.390839695930481,1.390839695930481,30,5
1752,7573,specialized_enriched,active_fraction,0.004876371473073959,0.0035074513871222734,1.390289068222046,1.390289068222046,22,5
1753,5608,specialized_enriched,max,2.3976359367370605,1.7246153354644775,1.3902438879013062,1.3902438879013062,10,5
1754,11182,base_enriched,mean,-0.05518084391951561,0.03971897065639496,-1.3892818689346313,1.3892818689346313,6,5
1755,6436,base_enriched,mean,-0.11698319762945175,0.08421281725168228,-1.389137625694275,1.389137625694275,36,5
1756,5270,specialized_enriched,active_fraction,0.01561322808265686,0.011252758093178272,1.3875023126602173,1.3875023126602173,43,5
1757,9650,specialized_enriched,active_fraction,0.008914876729249954,0.006426605861634016,1.3871827125549316,1.3871827125549316,50,5
1758,8494,base_enriched,max,-1.3968429565429688,1.0073225498199463,-1.3866888284683228,1.3866888284683228,35,5
1759,3305,specialized_enriched,active_fraction,0.0013620153767988086,0.0009830764029175043,1.3854624032974243,1.3854624032974243,16,5
1760,6934,base_enriched,max,-1.3209693431854248,0.9537941813468933,-1.3849626779556274,1.3849626779556274,16,5
1761,4210,base_enriched,max,-0.5341477394104004,0.38590699434280396,-1.3841359615325928,1.3841359615325928,48,5
1762,5979,base_enriched,active_fraction,-0.007886725477874279,0.005697943735867739,-1.384135365486145,1.384135365486145,23,5
1763,6294,specialized_enriched,active_fraction,0.004180195741355419,0.0030216656159609556,1.3834078311920166,1.3834078311920166,20,5
1764,404,specialized_enriched,mean,0.10010485351085663,0.07236895710229874,1.3832567930221558,1.3832567930221558,29,5
1765,1899,base_enriched,active_fraction,-0.010472699999809265,0.007588344160467386,-1.3801034688949585,1.3801034688949585,49,5
1766,3788,specialized_enriched,active_fraction,0.006350097246468067,0.004601276014000177,1.380073070526123,1.380073070526123,28,5
1767,828,base_enriched,mean,-0.039850372821092606,0.028875671327114105,-1.3800673484802246,1.3800673484802246,45,5
1768,9372,specialized_enriched,max,1.2216306924819946,0.8852836489677429,1.3799313306808472,1.3799313306808472,37,5
1769,15516,base_enriched,max,-1.737309455871582,1.259071707725525,-1.3798335790634155,1.3798335790634155,23,5
1770,5273,specialized_enriched,mean,0.02055593766272068,0.014898187480866909,1.379760980606079,1.379760980606079,16,5
1771,1820,base_enriched,max,-1.5374220609664917,1.1144099235534668,-1.3795839548110962,1.3795839548110962,10,5
1772,13845,specialized_enriched,active_fraction,0.015217773616313934,0.011034874245524406,1.3790618181228638,1.3790618181228638,50,5
1773,2085,specialized_enriched,active_fraction,0.006406421773135662,0.004653215873986483,1.3767729997634888,1.3767729997634888,16,5
1774,204,specialized_enriched,max,1.1895990371704102,0.8642106056213379,1.3765151500701904,1.3765151500701904,47,5
1775,14479,base_enriched,max,-0.3423960208892822,0.24889078736305237,-1.375687837600708,1.375687837600708,12,5
1776,3064,specialized_enriched,max,1.7015724182128906,1.2371994256973267,1.3753420114517212,1.3753420114517212,10,5
1777,8254,base_enriched,max,-2.1812961101531982,1.5869770050048828,-1.374497652053833,1.374497652053833,29,5
1778,14327,specialized_enriched,mean,0.04032810777425766,0.029340321198105812,1.3744944334030151,1.3744944334030151,21,5
1779,3457,specialized_enriched,mean,0.05968226119875908,0.04344034567475319,1.3738901615142822,1.3738901615142822,11,5
1780,1687,base_enriched,active_fraction,-0.00931077916175127,0.006780323572456837,-1.3732057809829712,1.3732057809829712,25,5
1781,2822,specialized_enriched,active_fraction,0.0024550340604037046,0.001788667286746204,1.372549295425415,1.372549295425415,16,5
1782,12665,base_enriched,max,-0.7594822645187378,0.5539059042930603,-1.3711395263671875,1.3711395263671875,38,5
1783,6585,specialized_enriched,mean,0.024987107142806053,0.018237126991152763,1.370123028755188,1.370123028755188,7,5
1784,12229,specialized_enriched,mean,0.06223473697900772,0.04547443985939026,1.3685652017593384,1.3685652017593384,49,5
1785,10309,specialized_enriched,mean,0.05536341294646263,0.04046201705932617,1.3682811260223389,1.3682811260223389,45,5
1786,3402,base_enriched,mean,-0.07638625055551529,0.05586138367652893,-1.3674249649047852,1.3674249649047852,23,5
1787,6541,base_enriched,mean,-0.04452183097600937,0.03258180990815163,-1.3664628267288208,1.3664628267288208,21,5
1788,4586,base_enriched,max,-1.8485537767410278,1.3553682565689087,-1.3638756275177002,1.3638756275177002,37,5
1789,2013,base_enriched,max,-1.5748836994171143,1.1554770469665527,-1.3629727363586426,1.3629727363586426,26,5
1790,8099,specialized_enriched,active_fraction,0.0018320519011467695,0.001344716758467257,1.3624073266983032,1.3624073266983032,19,5
1791,12589,specialized_enriched,active_fraction,0.005778467282652855,0.004244507290422916,1.3613988161087036,1.3613988161087036,22,5
1792,15902,base_enriched,active_fraction,-0.005844414234161377,0.004293422214686871,-1.3612483739852905,1.3612483739852905,24,5
1793,10494,base_enriched,active_fraction,-0.009868011809885502,0.007251158822327852,-1.3608875274658203,1.3608875274658203,44,5
1794,5234,specialized_enriched,active_fraction,0.007245997898280621,0.005325864069163799,1.3605300188064575,1.3605300188064575,23,5
1795,11342,base_enriched,max,-1.7939698696136475,1.319239616394043,-1.3598514795303345,1.3598514795303345,11,5
1796,14676,specialized_enriched,active_fraction,0.008259513415396214,0.006076211575418711,1.3593195676803589,1.3593195676803589,30,5
1797,409,base_enriched,mean,-0.04040846973657608,0.029741454869508743,-1.3586581945419312,1.3586581945419312,9,5
1798,12445,base_enriched,max,-0.43525275588035583,0.3205431401729584,-1.3578602075576782,1.3578602075576782,26,5
1799,3554,specialized_enriched,mean,0.054137103259563446,0.0398835763335228,1.357378363609314,1.357378363609314,35,5
1800,15367,specialized_enriched,active_fraction,0.009137101471424103,0.00673286896198988,1.3570888042449951,1.3570888042449951,36,5
1801,9659,specialized_enriched,active_fraction,0.020188547670841217,0.014879228547215462,1.3568276166915894,1.3568276166915894,37,5
1802,6113,base_enriched,mean,-0.03211668133735657,0.023678377270698547,-1.3563717603683472,1.3563717603683472,19,5
1803,489,base_enriched,mean,-0.05387461930513382,0.03974539786577225,-1.3554933071136475,1.3554933071136475,49,5
1804,11905,specialized_enriched,max,1.31165611743927,0.9677292704582214,1.3553956747055054,1.3553956747055054,34,5
1805,2916,specialized_enriched,active_fraction,0.008820761926472187,0.006511412560939789,1.3546618223190308,1.3546618223190308,50,5
1806,1069,specialized_enriched,max,1.8025307655334473,1.332042932510376,1.3532077074050903,1.3532077074050903,43,5
1807,13568,specialized_enriched,active_fraction,0.005127270705997944,0.0037904507480561733,1.352681040763855,1.352681040763855,23,5
1808,14821,base_enriched,max,-0.8671871423721313,0.6415189504623413,-1.3517717123031616,1.3517717123031616,50,5
1809,553,specialized_enriched,active_fraction,0.016489967703819275,0.012204065918922424,1.3511863946914673,1.3511863946914673,41,5
1810,9642,specialized_enriched,max,1.6721340417861938,1.2376329898834229,1.35107421875,1.35107421875,12,5
1811,13805,base_enriched,active_fraction,-0.005970256868749857,0.004421335179358721,-1.3503289222717285,1.3503289222717285,20,5
1812,9060,base_enriched,max,-1.3595012426376343,1.007258415222168,-1.3497045040130615,1.3497045040130615,22,5
1813,9520,base_enriched,max,-0.5129424333572388,0.380360871553421,-1.3485678434371948,1.3485678434371948,6,5
1814,10111,specialized_enriched,max,1.0409002304077148,0.7718649506568909,1.3485522270202637,1.3485522270202637,17,5
1815,11621,specialized_enriched,mean,0.08081531524658203,0.05996496230363846,1.3477089405059814,1.3477089405059814,37,5
1816,13479,base_enriched,active_fraction,-0.013882292434573174,0.010318836197257042,-1.3453351259231567,1.3453351259231567,35,5
1817,6119,specialized_enriched,active_fraction,0.015519320033490658,0.01154327392578125,1.3444470167160034,1.3444470167160034,36,5
1818,14230,base_enriched,max,-1.1355427503585815,0.8449192643165588,-1.343966007232666,1.343966007232666,49,5
1819,5541,specialized_enriched,active_fraction,0.017763130366802216,0.013218448497354984,1.3438135385513306,1.3438135385513306,47,5
1820,332,base_enriched,max,-1.2714180946350098,0.9468028545379639,-1.3428541421890259,1.3428541421890259,27,5
1821,8585,base_enriched,mean,-0.07409438490867615,0.05519683286547661,-1.3423665761947632,1.3423665761947632,44,5
1822,15598,specialized_enriched,active_fraction,0.009896948002278805,0.00737738935276866,1.3415244817733765,1.3415244817733765,31,5
1823,1301,base_enriched,max,-3.000798463821411,2.2375600337982178,-1.341102957725525,1.341102957725525,16,5
1824,1789,specialized_enriched,active_fraction,0.003886463353410363,0.002899512881413102,1.3403849601745605,1.3403849601745605,15,5
1825,8074,base_enriched,active_fraction,-0.005788847804069519,0.004320133943110704,-1.339969515800476,1.339969515800476,22,5
1826,16067,base_enriched,max,-1.345746397972107,1.0044960975646973,-1.3397228717803955,1.3397228717803955,18,5
1827,12109,base_enriched,active_fraction,-0.007828505709767342,0.005850367248058319,-1.3381221294403076,1.3381221294403076,19,5
1828,1832,base_enriched,active_fraction,-0.007398292887955904,0.005535681266337633,-1.336473822593689,1.336473822593689,17,5
1829,743,specialized_enriched,mean,0.05756966769695282,0.04313445836305618,1.3346561193466187,1.3346561193466187,33,5
1830,16351,specialized_enriched,mean,0.06758230924606323,0.05064762756228447,1.3343627452850342,1.3343627452850342,46,5
1831,11125,base_enriched,max,-1.3684417009353638,1.0256781578063965,-1.3341823816299438,1.3341823816299438,44,5
1832,11935,base_enriched,max,-0.5276439785957336,0.39583879709243774,-1.3329769372940063,1.3329769372940063,34,5
1833,2289,base_enriched,active_fraction,-0.03133467957377434,0.023528138175606728,-1.3317959308624268,1.3317959308624268,46,5
1834,11066,base_enriched,max,-0.33861467242240906,0.25435853004455566,-1.331249475479126,1.331249475479126,18,5
1835,2306,specialized_enriched,max,0.637675404548645,0.4791191518306732,1.330932855606079,1.330932855606079,43,5
1836,4359,specialized_enriched,active_fraction,0.010742231272161007,0.008092069067060947,1.3275011777877808,1.3275011777877808,44,5
1837,14137,specialized_enriched,active_fraction,0.009425648488104343,0.007102406583726406,1.327106237411499,1.327106237411499,39,5
1838,5047,specialized_enriched,active_fraction,0.023061662912368774,0.017390955239534378,1.3260722160339355,1.3260722160339355,50,5
1839,3326,specialized_enriched,active_fraction,0.005340527277439833,0.004028972703963518,1.325530767440796,1.325530767440796,12,5
1840,6086,specialized_enriched,active_fraction,0.007414362393319607,0.005597172770649195,1.3246620893478394,1.3246620893478394,38,5
1841,14194,specialized_enriched,mean,0.1126377210021019,0.08514893800020218,1.3228317499160767,1.3228317499160767,48,5
1842,2417,base_enriched,max,-1.0609973669052124,0.8022069334983826,-1.3225980997085571,1.3225980997085571,39,5
1843,3739,specialized_enriched,active_fraction,0.01646674983203411,0.012451710179448128,1.3224488496780396,1.3224488496780396,21,5
1844,2396,specialized_enriched,active_fraction,0.0024246491957455873,0.0018345153657719493,1.3216837644577026,1.3216837644577026,17,5
1845,14237,specialized_enriched,mean,0.026896251365542412,0.020368244498968124,1.3204991817474365,1.3204991817474365,11,5
1846,14435,specialized_enriched,active_fraction,0.003472014097496867,0.0026296672876924276,1.3203245401382446,1.3203245401382446,45,5
1847,7915,specialized_enriched,mean,0.11873364448547363,0.08993011713027954,1.3202879428863525,1.3202879428863525,50,5
1848,7186,specialized_enriched,active_fraction,0.0013471835991367698,0.0010205095168203115,1.3201087713241577,1.3201087713241577,17,5
1849,11852,base_enriched,active_fraction,-0.0023711712565273046,0.001797166420146823,-1.3193943500518799,1.3193943500518799,15,5
1850,15764,specialized_enriched,mean,0.051420316100120544,0.038983214646577835,1.3190373182296753,1.3190373182296753,43,5
1851,14612,base_enriched,max,-0.2579941749572754,0.195634126663208,-1.318758487701416,1.318758487701416,9,5
1852,15471,base_enriched,max,-0.4081951081752777,0.3096802234649658,-1.3181180953979492,1.3181180953979492,6,5
1853,11690,specialized_enriched,active_fraction,0.017438994720578194,0.013241315260529518,1.3170137405395508,1.3170137405395508,33,5
1854,3170,specialized_enriched,active_fraction,0.020709455013275146,0.015728574246168137,1.316677212715149,1.316677212715149,50,5
1855,1236,base_enriched,max,-1.0545445680618286,0.8015002012252808,-1.3157134056091309,1.3157134056091309,23,5
1856,9607,base_enriched,max,-1.1525399684906006,0.8769702911376953,-1.3142292499542236,1.3142292499542236,40,5
1857,8108,specialized_enriched,active_fraction,0.007992108352482319,0.006081292871385813,1.3142120838165283,1.3142120838165283,40,5
1858,11668,base_enriched,max,-2.0747475624084473,1.5790826082229614,-1.313894271850586,1.313894271850586,14,5
1859,5595,specialized_enriched,mean,0.08904176950454712,0.06779103726148605,1.3134740591049194,1.3134740591049194,15,5
1860,7705,base_enriched,max,-1.2912594079971313,0.9835201501846313,-1.3128957748413086,1.3128957748413086,45,5
1861,7399,specialized_enriched,active_fraction,0.00802493654191494,0.006114036776125431,1.3125430345535278,1.3125430345535278,17,5
1862,4490,base_enriched,max,-1.55305814743042,1.1836719512939453,-1.3120681047439575,1.3120681047439575,43,5
1863,15998,specialized_enriched,mean,0.02114364504814148,0.016117703169584274,1.3118274211883545,1.3118274211883545,27,5
1864,13223,specialized_enriched,mean,0.008363115601241589,0.00637645972892642,1.3115609884262085,1.3115609884262085,13,5
1865,10678,specialized_enriched,active_fraction,0.005242884159088135,0.004000023473054171,1.310713291168213,1.310713291168213,19,5
1866,12376,specialized_enriched,mean,0.05414121225476265,0.04131187126040459,1.3105485439300537,1.3105485439300537,45,5
1867,9566,base_enriched,active_fraction,-0.004453486762940884,0.0034016375429928303,-1.3092185258865356,1.3092185258865356,29,5
1868,1376,base_enriched,active_fraction,-0.00214399304240942,0.0016377472784370184,-1.3091109991073608,1.3091109991073608,10,5
1869,3096,base_enriched,max,-0.8134666681289673,0.6217165589332581,-1.3084204196929932,1.3084204196929932,6,5
1870,4450,specialized_enriched,mean,0.011686950922012329,0.008934402838349342,1.3080841302871704,1.3080841302871704,36,5
1871,14149,specialized_enriched,active_fraction,0.00898297131061554,0.006869601085782051,1.3076409101486206,1.3076409101486206,44,5
1872,2651,base_enriched,max,-2.4704198837280273,1.8896310329437256,-1.3073556423187256,1.3073556423187256,9,5
1873,15742,specialized_enriched,mean,0.050489477813243866,0.03863587602972984,1.3068029880523682,1.3068029880523682,41,5
1874,12992,base_enriched,mean,-0.040271058678627014,0.030833043158054352,-1.3061007261276245,1.3061007261276245,20,5
1875,4272,base_enriched,max,-1.3296319246292114,1.0189896821975708,-1.3048532009124756,1.3048532009124756,26,5
1876,10961,specialized_enriched,mean,0.026725025847554207,0.020481949672102928,1.3048087358474731,1.3048087358474731,42,5
1877,9590,specialized_enriched,active_fraction,0.0019508552504703403,0.0014974171062931418,1.3028135299682617,1.3028135299682617,9,5
1878,9728,base_enriched,max,-1.6212735176086426,1.2448365688323975,-1.302398681640625,1.302398681640625,33,5
1879,13137,specialized_enriched,active_fraction,0.006546188145875931,0.005029697902500629,1.3015072345733643,1.3015072345733643,37,5
1880,13948,base_enriched,max,-1.0315721035003662,0.7930630445480347,-1.3007441759109497,1.3007441759109497,33,5
1881,5121,specialized_enriched,active_fraction,0.015960102900862694,0.012293894775211811,1.2982137203216553,1.2982137203216553,43,5
1882,2579,specialized_enriched,active_fraction,0.005738042760640383,0.004425068851560354,1.2967126369476318,1.2967126369476318,21,5
1883,15708,base_enriched,max,-1.664686679840088,1.284165382385254,-1.2963179349899292,1.2963179349899292,7,5
1884,12694,base_enriched,max,-0.98131263256073,0.7570399045944214,-1.296249508857727,1.296249508857727,42,5
1885,14800,base_enriched,active_fraction,-0.007212884724140167,0.0055701048113405704,-1.294927954673767,1.294927954673767,19,5
1886,2224,specialized_enriched,active_fraction,0.009478243067860603,0.007326304912567139,1.2937276363372803,1.2937276363372803,35,5
1887,12275,base_enriched,max,-1.7065585851669312,1.3191595077514648,-1.2936711311340332,1.2936711311340332,17,5
1888,10659,specialized_enriched,mean,0.04429559409618378,0.034253913909196854,1.293154239654541,1.293154239654541,20,5
1889,8720,specialized_enriched,active_fraction,0.023054467514157295,0.01782979443669319,1.2930305004119873,1.2930305004119873,33,5
1890,7579,specialized_enriched,active_fraction,0.00820279959589243,0.006344955880194902,1.2928063869476318,1.2928063869476318,26,5
1891,15685,base_enriched,max,-2.0758986473083496,1.6058484315872192,-1.2927114963531494,1.2927114963531494,32,5
1892,4426,base_enriched,max,-0.3760337233543396,0.29094842076301575,-1.2924412488937378,1.2924412488937378,12,5
1893,1797,specialized_enriched,active_fraction,0.015073033049702644,0.011695737950503826,1.2887629270553589,1.2887629270553589,50,5
1894,796,specialized_enriched,mean,0.01218483317643404,0.009460140019655228,1.2880182266235352,1.2880182266235352,14,5
1895,6976,specialized_enriched,active_fraction,0.013871376402676105,0.01077137142419815,1.2878004312515259,1.2878004312515259,29,5
1896,6962,specialized_enriched,max,1.3487533330917358,1.047853946685791,1.2871577739715576,1.2871577739715576,14,5
1897,6990,specialized_enriched,mean,0.03438825160264969,0.026731114834547043,1.2864503860473633,1.2864503860473633,32,5
1898,4084,specialized_enriched,active_fraction,0.016772150993347168,0.013037648051977158,1.2864398956298828,1.2864398956298828,49,5
1899,7022,base_enriched,max,-0.6190379858016968,0.4812120795249939,-1.2864140272140503,1.2864140272140503,18,5
1900,811,specialized_enriched,active_fraction,0.008233301341533661,0.0064060138538479805,1.285245656967163,1.285245656967163,40,5
1901,15567,base_enriched,mean,-0.08392442762851715,0.06531628221273422,-1.2848929166793823,1.2848929166793823,48,5
1902,3190,base_enriched,active_fraction,-0.0036345175467431545,0.0028294818475842476,-1.2845170497894287,1.2845170497894287,22,5
1903,9966,base_enriched,active_fraction,-0.017449475824832916,0.013595285825431347,-1.2834945917129517,1.2834945917129517,50,5
1904,6717,specialized_enriched,active_fraction,0.0055358936078846455,0.004318492021411657,1.2819043397903442,1.2819043397903442,41,5
1905,3721,specialized_enriched,active_fraction,0.008172042667865753,0.006378347985446453,1.2812161445617676,1.2812161445617676,35,5
1906,3069,specialized_enriched,active_fraction,0.020368490368127823,0.01591680757701397,1.2796844244003296,1.2796844244003296,38,5
1907,7371,base_enriched,max,-1.1871652603149414,0.9286798238754272,-1.2783364057540894,1.2783364057540894,46,5
1908,12157,specialized_enriched,active_fraction,0.005323098972439766,0.004167051520198584,1.277425765991211,1.277425765991211,39,5
1909,10916,base_enriched,active_fraction,-0.00352815561927855,0.002764381468296051,-1.2762911319732666,1.2762911319732666,10,5
1910,4889,base_enriched,max,-1.1805591583251953,0.9254013299942017,-1.2757266759872437,1.2757266759872437,5,5
1911,4501,base_enriched,active_fraction,-0.0025154652539640665,0.001971884397789836,-1.2756656408309937,1.2756656408309937,11,5
1912,11426,specialized_enriched,active_fraction,0.014848068356513977,0.011640511453151703,1.275551199913025,1.275551199913025,46,5
1913,15063,specialized_enriched,active_fraction,0.011223651468753815,0.00880101602524519,1.2752677202224731,1.2752677202224731,32,5
1914,9323,specialized_enriched,active_fraction,0.005764878820627928,0.004521574825048447,1.2749714851379395,1.2749714851379395,12,5
1915,7153,specialized_enriched,mean,0.05949018523097038,0.04666788503527641,1.2747564315795898,1.2747564315795898,44,5
1916,10321,base_enriched,max,-0.6258658766746521,0.49148550629615784,-1.2734167575836182,1.2734167575836182,14,5
1917,14700,specialized_enriched,active_fraction,0.0020940504036843777,0.0016466855304315686,1.271675944328308,1.271675944328308,9,5
1918,8134,base_enriched,max,-0.44215184450149536,0.3478836119174957,-1.2709763050079346,1.2709763050079346,19,5
1919,2516,specialized_enriched,mean,0.05828689783811569,0.045860301703214645,1.2709662914276123,1.2709662914276123,49,5
1920,9910,base_enriched,max,-0.5664164423942566,0.4456719160079956,-1.2709269523620605,1.2709269523620605,48,5
1921,8509,base_enriched,max,-0.9756702184677124,0.7680200338363647,-1.2703708410263062,1.2703708410263062,44,5
1922,5953,specialized_enriched,active_fraction,0.013802176341414452,0.010868997313082218,1.2698665857315063,1.2698665857315063,29,5
1923,8992,specialized_enriched,active_fraction,0.0019227330340072513,0.0015147007070481777,1.2693815231323242,1.2693815231323242,26,5
1924,3109,base_enriched,max,-0.6154181957244873,0.4856022894382477,-1.2673296928405762,1.2673296928405762,19,5
1925,15097,specialized_enriched,active_fraction,0.0072992052882909775,0.005761250853538513,1.2669479846954346,1.2669479846954346,24,5
1926,13080,specialized_enriched,mean,0.07023224979639053,0.055437080562114716,1.2668821811676025,1.2668821811676025,49,5
1927,6681,base_enriched,max,-1.085708498954773,0.8571494221687317,-1.2666501998901367,1.2666501998901367,41,5
1928,10473,base_enriched,max,-1.0627937316894531,0.8390646576881409,-1.2666410207748413,1.2666410207748413,41,5
1929,14722,specialized_enriched,mean,0.023012174293398857,0.01817178726196289,1.2663682699203491,1.2663682699203491,18,5
1930,10985,base_enriched,max,-0.5476636290550232,0.43259772658348083,-1.2659882307052612,1.2659882307052612,34,5
1931,6398,specialized_enriched,max,1.362623929977417,1.076491117477417,1.2658013105392456,1.2658013105392456,21,5
1932,11527,specialized_enriched,active_fraction,0.012118049897253513,0.009576546959578991,1.2653882503509521,1.2653882503509521,31,5
1933,1349,specialized_enriched,mean,0.023068251088261604,0.018254099413752556,1.2637299299240112,1.2637299299240112,36,5
1934,2194,specialized_enriched,active_fraction,0.008361615240573883,0.006622678600251675,1.262573003768921,1.262573003768921,27,5
1935,5733,specialized_enriched,mean,0.031965844333171844,0.025331849232316017,1.2618836164474487,1.2618836164474487,43,5
1936,1638,base_enriched,max,-1.3808568716049194,1.0955426692962646,-1.2604318857192993,1.2604318857192993,15,5
1937,13584,specialized_enriched,active_fraction,0.015301044099032879,0.012153564020991325,1.258975863456726,1.258975863456726,46,5
1938,6002,base_enriched,max,-1.1340099573135376,0.9026338458061218,-1.2563344240188599,1.2563344240188599,28,5
1939,3287,specialized_enriched,active_fraction,0.006006565876305103,0.004781106486916542,1.2563129663467407,1.2563129663467407,47,5
1940,3540,base_enriched,mean,-0.022417638450860977,0.01784690096974373,-1.2561081647872925,1.2561081647872925,26,5
1941,7745,base_enriched,max,-1.7828172445297241,1.4203561544418335,-1.2551902532577515,1.2551902532577515,37,5
1942,3335,base_enriched,max,-0.6885581016540527,0.5493136644363403,-1.2534880638122559,1.2534880638122559,10,5
1943,12171,specialized_enriched,max,2.1891863346099854,1.7469823360443115,1.253124475479126,1.253124475479126,8,5
1944,12062,base_enriched,active_fraction,-0.0020631421357393265,0.0016467737732455134,-1.2528388500213623,1.2528388500213623,17,5
1945,6632,base_enriched,max,-1.4000420570373535,1.1175843477249146,-1.2527395486831665,1.2527395486831665,49,5
1946,3171,specialized_enriched,active_fraction,0.00521728303283453,0.004165146499872208,1.2526049613952637,1.2526049613952637,24,5
1947,9651,specialized_enriched,max,1.2185322046279907,0.9739788770675659,1.2510868310928345,1.2510868310928345,44,5
1948,10626,base_enriched,max,-2.013554096221924,1.6094508171081543,-1.2510814666748047,1.2510814666748047,7,5
1949,11868,base_enriched,active_fraction,-0.011209366843104362,0.008964586071670055,-1.2504054307937622,1.2504054307937622,49,5
1950,7442,specialized_enriched,active_fraction,0.005473599769175053,0.004378725308924913,1.2500441074371338,1.2500441074371338,20,5
1951,3809,specialized_enriched,active_fraction,0.011807415634393692,0.009453452192246914,1.249005675315857,1.249005675315857,44,5
1952,2910,specialized_enriched,active_fraction,0.014996912330389023,0.012010723352432251,1.248626947402954,1.248626947402954,18,5
1953,1362,base_enriched,max,-2.3630239963531494,1.893501877784729,-1.2479649782180786,1.2479649782180786,15,5
1954,12280,base_enriched,active_fraction,-0.0024824501015245914,0.0019897939637303352,-1.247591495513916,1.247591495513916,17,5
1955,4352,specialized_enriched,active_fraction,0.01505361683666706,0.012076769024133682,1.2464936971664429,1.2464936971664429,47,5
1956,12286,base_enriched,active_fraction,-0.0028676707297563553,0.002301829634234309,-1.2458223104476929,1.2458223104476929,7,5
1957,11766,base_enriched,max,-1.5338504314422607,1.2322449684143066,-1.2447609901428223,1.2447609901428223,7,5
1958,16081,specialized_enriched,max,1.8349605798721313,1.474542260169983,1.24442720413208,1.24442720413208,27,5
1959,11958,specialized_enriched,active_fraction,0.01890994794666767,0.015197514556348324,1.2442790269851685,1.2442790269851685,45,5
1960,11384,specialized_enriched,mean,0.03561744838953018,0.028633901849389076,1.2438908815383911,1.2438908815383911,19,5
1961,570,specialized_enriched,active_fraction,0.006655590608716011,0.005354565102607012,1.2429749965667725,1.2429749965667725,37,5
1962,14302,base_enriched,active_fraction,-0.0038998026866465807,0.003139343811199069,-1.2422349452972412,1.2422349452972412,18,5
1963,16038,base_enriched,active_fraction,-0.0025087781250476837,0.0020214563701301813,-1.241074562072754,1.241074562072754,16,5
1964,1223,specialized_enriched,active_fraction,0.0029302453622221947,0.002361391903832555,1.240897536277771,1.240897536277771,15,5
1965,8447,specialized_enriched,active_fraction,0.008079209364950657,0.006521219853311777,1.2389107942581177,1.2389107942581177,17,5
1966,16290,specialized_enriched,mean,0.08175517618656158,0.06600988656282425,1.2385292053222656,1.2385292053222656,50,5
1967,6673,base_enriched,max,-1.2292484045028687,0.9925233721733093,-1.2385082244873047,1.2385082244873047,24,5
1968,6063,specialized_enriched,mean,0.08130574226379395,0.06565927714109421,1.2382978200912476,1.2382978200912476,40,5
1969,16376,specialized_enriched,mean,0.029512740671634674,0.0238362867385149,1.2381433248519897,1.2381433248519897,28,5
1970,2313,base_enriched,active_fraction,-0.00240758853033185,0.001945323427207768,-1.2376289367675781,1.2376289367675781,19,5
1971,8621,base_enriched,max,-0.7419428825378418,0.5996142029762268,-1.237367033958435,1.237367033958435,16,5
1972,8420,base_enriched,active_fraction,-0.014879543334245682,0.012031207792460918,-1.2367455959320068,1.2367455959320068,39,5
1973,5459,base_enriched,max,-1.1707706451416016,0.9472926259040833,-1.2359123229980469,1.2359123229980469,30,5
1974,6129,base_enriched,max,-0.809167742729187,0.6549080014228821,-1.2355440855026245,1.2355440855026245,30,5
1975,10780,base_enriched,max,-1.1756417751312256,0.9516047835350037,-1.2354307174682617,1.2354307174682617,44,5
1976,9900,base_enriched,max,-0.31044644117355347,0.25153547525405884,-1.2342053651809692,1.2342053651809692,19,5
1977,10419,specialized_enriched,max,1.6101129055023193,1.305393099784851,1.2334314584732056,1.2334314584732056,7,5
1978,12391,base_enriched,mean,-0.014274931512773037,0.011579526588320732,-1.2327733039855957,1.2327733039855957,9,5
1979,9929,specialized_enriched,active_fraction,0.007034329231828451,0.005707182455807924,1.2325397729873657,1.2325397729873657,49,5
1980,10654,base_enriched,max,-0.8801636695861816,0.714224100112915,-1.2323354482650757,1.2323354482650757,38,5
1981,1981,specialized_enriched,active_fraction,0.006087560672312975,0.004941255785524845,1.2319865226745605,1.2319865226745605,27,5
1982,6342,base_enriched,max,-0.7584278583526611,0.6158628463745117,-1.2314882278442383,1.2314882278442383,17,5
1983,5314,base_enriched,max,-1.594352126121521,1.296457290649414,-1.2297760248184204,1.2297760248184204,15,5
1984,2858,specialized_enriched,mean,0.08137246966362,0.06616862118244171,1.2297743558883667,1.2297743558883667,46,5
1985,13519,base_enriched,active_fraction,-0.006579765118658543,0.005350543186068535,-1.2297377586364746,1.2297377586364746,47,5
1986,14691,specialized_enriched,mean,0.03478749841451645,0.028332402929663658,1.2278343439102173,1.2278343439102173,41,5
1987,244,base_enriched,max,-1.1162649393081665,0.909614086151123,-1.2271852493286133,1.2271852493286133,14,5
1988,3189,specialized_enriched,active_fraction,0.006353739649057388,0.005178201012313366,1.227016806602478,1.227016806602478,35,5
1989,8755,specialized_enriched,active_fraction,0.009817803278565407,0.008004064671695232,1.2266021966934204,1.2266021966934204,28,5
1990,13766,base_enriched,max,-1.291715145111084,1.0540406703948975,-1.2254889011383057,1.2254889011383057,25,5
1991,11191,specialized_enriched,active_fraction,0.005141695495694876,0.004204201977699995,1.2229896783828735,1.2229896783828735,47,5
1992,10113,base_enriched,max,-0.7799835205078125,0.6379274129867554,-1.2226837873458862,1.2226837873458862,20,5
1993,15043,specialized_enriched,max,1.167273998260498,0.9550397992134094,1.222225546836853,1.222225546836853,28,5
1994,11304,specialized_enriched,active_fraction,0.005900916177779436,0.004829591605812311,1.221825122833252,1.221825122833252,16,5
1995,13986,base_enriched,max,-0.47420960664749146,0.3882371485233307,-1.2214431762695312,1.2214431762695312,14,5
1996,14639,specialized_enriched,max,1.361767053604126,1.115128755569458,1.221174716949463,1.221174716949463,47,5
1997,8046,base_enriched,max,-0.6831662654876709,0.5595992803573608,-1.2208133935928345,1.2208133935928345,49,5
1998,3390,base_enriched,mean,-0.02269202284514904,0.018590884283185005,-1.2205994129180908,1.2205994129180908,25,5
1999,14785,base_enriched,active_fraction,-0.003019609022885561,0.0024778535589575768,-1.2186390161514282,1.2186390161514282,13,5
2000,15526,specialized_enriched,mean,0.028552373871207237,0.023441366851329803,1.2180336713790894,1.2180336713790894,14,5
2001,8724,base_enriched,mean,-0.037240419536828995,0.030581466853618622,-1.2177447080612183,1.2177447080612183,18,5
2002,7657,base_enriched,max,-0.3189418613910675,0.26205405592918396,-1.217084288597107,1.217084288597107,21,5
2003,2254,base_enriched,active_fraction,-0.010832562111318111,0.008905364200472832,-1.216408610343933,1.216408610343933,24,5
2004,1373,base_enriched,active_fraction,-0.03615698218345642,0.029745088890194893,-1.2155613899230957,1.2155613899230957,49,5
2005,12792,specialized_enriched,active_fraction,0.0057943277060985565,0.004767145961523056,1.2154710292816162,1.2154710292816162,34,5
2006,4350,specialized_enriched,active_fraction,0.014029382728040218,0.01154335681349039,1.2153642177581787,1.2153642177581787,37,5
2007,569,specialized_enriched,active_fraction,0.0036450764164328575,0.002999999327585101,1.215025782585144,1.215025782585144,30,5
2008,9786,base_enriched,active_fraction,-0.008239805698394775,0.006791172549128532,-1.2133111953735352,1.2133111953735352,27,5
2009,13229,base_enriched,active_fraction,-0.009118601679801941,0.007518852595239878,-1.212765097618103,1.212765097618103,33,5
2010,9632,specialized_enriched,active_fraction,0.004578388296067715,0.0037759251426905394,1.212520956993103,1.212520956993103,29,5
2011,1126,base_enriched,active_fraction,-0.014539077877998352,0.011992977932095528,-1.2122992277145386,1.2122992277145386,50,5
2012,7222,specialized_enriched,active_fraction,0.009952106513082981,0.008210498839616776,1.2121195793151855,1.2121195793151855,45,5
2013,948,base_enriched,max,-0.23200196027755737,0.19185882806777954,-1.2092326879501343,1.2092326879501343,13,5
2014,13949,specialized_enriched,active_fraction,0.010806276462972164,0.008944897912442684,1.2080938816070557,1.2080938816070557,25,5
2015,11963,base_enriched,max,-1.2215862274169922,1.011488676071167,-1.2077112197875977,1.2077112197875977,24,5
2016,11994,base_enriched,max,-0.8722652196884155,0.7224054932594299,-1.2074453830718994,1.2074453830718994,13,5
2017,4267,base_enriched,max,-1.426490068435669,1.1824997663497925,-1.2063343524932861,1.2063343524932861,45,5
2018,9053,base_enriched,active_fraction,-0.0021722547244280577,0.0018012751825153828,-1.20595383644104,1.20595383644104,13,5
2019,4166,specialized_enriched,mean,0.0545048862695694,0.04520077630877495,1.2058396339416504,1.2058396339416504,50,5
2020,6184,specialized_enriched,active_fraction,0.010242762975394726,0.008496423251926899,1.205538272857666,1.205538272857666,39,5
2021,237,specialized_enriched,mean,0.05697929486632347,0.047276005148887634,1.2052476406097412,1.2052476406097412,40,5
2022,12902,specialized_enriched,active_fraction,0.004273529630154371,0.003546539694070816,1.2049857378005981,1.2049857378005981,27,5
2023,14659,specialized_enriched,active_fraction,0.007996689528226852,0.006636590696871281,1.204939365386963,1.204939365386963,34,5
2024,12169,specialized_enriched,mean,0.08241380751132965,0.06850259006023407,1.2030757665634155,1.2030757665634155,39,5
2025,2028,specialized_enriched,active_fraction,0.005304405465722084,0.004416358657181263,1.2010812759399414,1.2010812759399414,38,5
2026,14789,specialized_enriched,active_fraction,0.006482119672000408,0.00540812686085701,1.1985887289047241,1.1985887289047241,48,5
2027,7843,base_enriched,mean,-0.053183093667030334,0.044379379600286484,-1.1983740329742432,1.1983740329742432,26,5
2028,13253,specialized_enriched,active_fraction,0.003332842607051134,0.0027831299230456352,1.1975159645080566,1.1975159645080566,19,5
2029,14867,base_enriched,mean,-0.04761669412255287,0.03977496549487114,-1.1971523761749268,1.1971523761749268,15,5
2030,6724,base_enriched,max,-0.9724593162536621,0.8124078512191772,-1.197008728981018,1.197008728981018,23,5
2031,14648,specialized_enriched,mean,0.04662104696035385,0.038949836045503616,1.1969510316848755,1.1969510316848755,8,5
2032,11322,specialized_enriched,mean,0.04079996049404144,0.034106090664863586,1.1962660551071167,1.1962660551071167,48,5
2033,10734,base_enriched,mean,-0.029836740344762802,0.024942807853221893,-1.1962062120437622,1.1962062120437622,9,5
2034,10532,base_enriched,max,-1.2148056030273438,1.0155562162399292,-1.196197271347046,1.196197271347046,45,5
2035,807,specialized_enriched,active_fraction,0.005476474296301603,0.00458289822563529,1.1949806213378906,1.1949806213378906,46,5
2036,15485,base_enriched,max,-0.5172486901283264,0.43285736441612244,-1.1949633359909058,1.1949633359909058,14,5
2037,16167,base_enriched,max,-0.8368849158287048,0.7004671692848206,-1.19475257396698,1.19475257396698,36,5
2038,10808,base_enriched,max,-0.6436752080917358,0.5390700101852417,-1.1940475702285767,1.1940475702285767,37,5
2039,660,specialized_enriched,max,1.3462605476379395,1.1280102729797363,1.193482518196106,1.193482518196106,15,5
2040,9065,base_enriched,max,-0.7611534595489502,0.6383880376815796,-1.192305326461792,1.192305326461792,34,5
2041,10661,base_enriched,max,-0.7665940523147583,0.6445968747138977,-1.1892611980438232,1.1892611980438232,50,5
2042,14319,base_enriched,max,-1.3541920185089111,1.1390327215194702,-1.1888965368270874,1.1888965368270874,31,5
2043,8843,base_enriched,active_fraction,-0.004512348677963018,0.0038007169496268034,-1.1872361898422241,1.1872361898422241,19,5
2044,144,specialized_enriched,active_fraction,0.01789766177535057,0.015098483301699162,1.1853946447372437,1.1853946447372437,48,5
2045,15248,base_enriched,max,-1.5483720302581787,1.30698823928833,-1.1846870183944702,1.1846870183944702,7,5
2046,15803,specialized_enriched,active_fraction,0.013170422054827213,0.011119276285171509,1.1844675540924072,1.1844675540924072,31,5
2047,15180,base_enriched,max,-0.5709389448165894,0.48210880160331726,-1.1842533349990845,1.1842533349990845,18,5
2048,1109,base_enriched,active_fraction,-0.0025986835826188326,0.002195344539359212,-1.1837247610092163,1.1837247610092163,12,5
2049,13556,specialized_enriched,active_fraction,0.010720739141106606,0.009067331440746784,1.1823477745056152,1.1823477745056152,34,5
2050,7738,base_enriched,active_fraction,-0.00717188511043787,0.006067485548555851,-1.1820193529129028,1.1820193529129028,44,5
2051,12475,base_enriched,active_fraction,-0.003945717588067055,0.003338867798447609,-1.181753158569336,1.181753158569336,13,5
2052,8993,specialized_enriched,active_fraction,0.00426865927875042,0.003612749045714736,1.1815543174743652,1.1815543174743652,35,5
2053,13218,specialized_enriched,mean,0.030355043709278107,0.025721633806824684,1.1801366806030273,1.1801366806030273,24,5
2054,6607,specialized_enriched,max,0.49987471103668213,0.4236670434474945,1.1798763275146484,1.1798763275146484,14,5
2055,377,specialized_enriched,active_fraction,0.0039416286163032055,0.003341064788401127,1.179752230644226,1.179752230644226,15,5
2056,10489,specialized_enriched,mean,0.0374557226896286,0.031760457903146744,1.1793193817138672,1.1793193817138672,20,5
2057,16277,specialized_enriched,active_fraction,0.0083024175837636,0.007046375423669815,1.1782536506652832,1.1782536506652832,45,5
2058,2646,base_enriched,active_fraction,-0.011470306664705276,0.0097440704703331,-1.1771576404571533,1.1771576404571533,23,5
2059,13165,base_enriched,max,-1.1056499481201172,0.9399486184120178,-1.1762876510620117,1.1762876510620117,47,5
2060,11789,specialized_enriched,max,0.7936608195304871,0.6749963760375977,1.175800085067749,1.175800085067749,30,5
2061,2643,specialized_enriched,active_fraction,0.010131108574569225,0.008620786480605602,1.175195336341858,1.175195336341858,38,5
2062,11183,base_enriched,max,-0.3069235384464264,0.2611823081970215,-1.1751314401626587,1.1751314401626587,14,5
2063,771,base_enriched,max,-0.6755297183990479,0.5751661658287048,-1.1744948625564575,1.1744948625564575,41,5
2064,14916,base_enriched,active_fraction,-0.006188013590872288,0.005271500907838345,-1.1738618612289429,1.1738618612289429,16,5
2065,8996,specialized_enriched,active_fraction,0.019071990624070168,0.016264023259282112,1.1726490259170532,1.1726490259170532,49,5
2066,15433,specialized_enriched,mean,0.041033510118722916,0.035084497183561325,1.1695624589920044,1.1695624589920044,34,5
2067,12699,specialized_enriched,max,1.3582886457443237,1.1639275550842285,1.1669872999191284,1.1669872999191284,10,5
2068,2653,base_enriched,max,-1.538852334022522,1.3190230131149292,-1.1666606664657593,1.1666606664657593,47,5
2069,5968,base_enriched,max,-0.20442020893096924,0.17532865703105927,-1.1659258604049683,1.1659258604049683,17,5
2070,14176,base_enriched,max,-1.1418342590332031,0.9799198508262634,-1.1652323007583618,1.1652323007583618,20,5
2071,10904,specialized_enriched,mean,0.05116444081068039,0.04391394183039665,1.165107011795044,1.165107011795044,36,5
2072,1280,specialized_enriched,mean,0.05842678248882294,0.05014792084693909,1.1650887727737427,1.1650887727737427,32,5
2073,2701,specialized_enriched,active_fraction,0.005248557776212692,0.00450755562633276,1.1643911600112915,1.1643911600112915,33,5
2074,2941,base_enriched,max,-0.4666691720485687,0.4008328914642334,-1.1642487049102783,1.1642487049102783,30,5
2075,885,specialized_enriched,active_fraction,0.0029487754218280315,0.0025341366417706013,1.1636213064193726,1.1636213064193726,38,5
2076,12332,specialized_enriched,mean,0.0621706061065197,0.05347471684217453,1.1626168489456177,1.1626168489456177,47,5
2077,6846,base_enriched,active_fraction,-0.00404075114056468,0.0034779668785631657,-1.1618140935897827,1.1618140935897827,14,5
2078,16213,specialized_enriched,active_fraction,0.00604517525061965,0.005204672459512949,1.1614900827407837,1.1614900827407837,17,5
2079,5690,base_enriched,max,-0.569057285785675,0.49003005027770996,-1.1612701416015625,1.1612701416015625,34,5
2080,10828,specialized_enriched,mean,0.04355786740779877,0.03750939294695854,1.1612522602081299,1.1612522602081299,47,5
2081,3934,base_enriched,max,-0.9273353219032288,0.7999876141548157,-1.1591870784759521,1.1591870784759521,17,5
2082,9589,specialized_enriched,mean,0.017691873013973236,0.015268885530531406,1.158687949180603,1.158687949180603,13,5
2083,1854,base_enriched,mean,-0.04210283234715462,0.03634345158934593,-1.1584709882736206,1.1584709882736206,40,5
2084,15753,specialized_enriched,active_fraction,0.0054679857566952705,0.004727649502456188,1.1565971374511719,1.1565971374511719,46,5
2085,1675,base_enriched,max,-0.5817833542823792,0.5032566785812378,-1.1560369729995728,1.1560369729995728,33,5
2086,16219,base_enriched,mean,-0.011112811975181103,0.009616083465516567,-1.1556484699249268,1.1556484699249268,9,5
2087,13259,base_enriched,max,-0.696361780166626,0.6026086211204529,-1.155578851699829,1.155578851699829,37,5
2088,6890,base_enriched,mean,-0.03938109055161476,0.034113988280296326,-1.1543971300125122,1.1543971300125122,43,5
2089,13581,base_enriched,active_fraction,-0.005739953368902206,0.004974146373569965,-1.153957486152649,1.153957486152649,31,5
2090,13713,base_enriched,mean,-0.04484671726822853,0.038871992379426956,-1.1537026166915894,1.1537026166915894,18,5
2091,10765,specialized_enriched,max,1.8304479122161865,1.5888359546661377,1.1520684957504272,1.1520684957504272,23,5
2092,903,specialized_enriched,mean,0.027335194870829582,0.02373499982059002,1.15168297290802,1.15168297290802,49,5
2093,12058,base_enriched,max,-0.9512144327163696,0.8277519941329956,-1.1491539478302002,1.1491539478302002,30,5
2094,15675,specialized_enriched,active_fraction,0.0037663886323571205,0.003277602605521679,1.1491291522979736,1.1491291522979736,32,5
2095,10510,base_enriched,active_fraction,-0.008005058392882347,0.006968263071030378,-1.1487882137298584,1.1487882137298584,29,5
2096,3978,base_enriched,active_fraction,-0.0019323084270581603,0.0016831832472234964,-1.1480083465576172,1.1480083465576172,15,5
2097,14027,base_enriched,max,-0.7451424598693848,0.64942866563797,-1.1473815441131592,1.1473815441131592,22,5
2098,12272,base_enriched,active_fraction,-0.006774304434657097,0.0059046135284006596,-1.1472901105880737,1.1472901105880737,15,5
2099,5759,base_enriched,mean,-0.05950446054339409,0.05187174305319786,-1.1471459865570068,1.1471459865570068,29,5
2100,4044,base_enriched,max,-0.5037463903427124,0.4392118453979492,-1.146932601928711,1.146932601928711,19,5
2101,10194,specialized_enriched,mean,0.04685179516673088,0.040858279913663864,1.1466903686523438,1.1466903686523438,45,5
2102,13514,specialized_enriched,mean,0.0383683405816555,0.03346525505185127,1.146512746810913,1.146512746810913,20,5
2103,5219,specialized_enriched,active_fraction,0.0046442109160125256,0.004051221068948507,1.1463731527328491,1.1463731527328491,41,5
2104,779,specialized_enriched,max,1.318969964981079,1.151535987854004,1.1454005241394043,1.1454005241394043,19,5
2105,15092,specialized_enriched,active_fraction,0.0022621278185397387,0.0019751093350350857,1.145317792892456,1.145317792892456,16,5
2106,890,base_enriched,mean,-0.040533434599637985,0.03540770336985588,-1.1447631120681763,1.1447631120681763,13,5
2107,4962,base_enriched,active_fraction,-0.009769298136234283,0.008536681532859802,-1.14439058303833,1.14439058303833,46,5
2108,6665,base_enriched,max,-1.085647463798523,0.9496164321899414,-1.143248438835144,1.143248438835144,24,5
2109,14739,specialized_enriched,mean,0.04042348265647888,0.035383958369493484,1.1424239873886108,1.1424239873886108,50,5
2110,14379,specialized_enriched,active_fraction,0.004302331246435642,0.0037705490831285715,1.1410356760025024,1.1410356760025024,12,5
2111,12764,specialized_enriched,mean,0.10489247739315033,0.09193689376115799,1.140918254852295,1.140918254852295,14,5
2112,7500,base_enriched,max,-0.7857768535614014,0.6889376044273376,-1.1405631303787231,1.1405631303787231,31,5
2113,5814,base_enriched,max,-1.3489205837249756,1.1850337982177734,-1.1382970809936523,1.1382970809936523,30,5
2114,7408,base_enriched,max,-0.934050977230072,0.8219792246818542,-1.1363438367843628,1.1363438367843628,8,5
2115,11866,specialized_enriched,mean,0.032761264592409134,0.02883933298289776,1.135992407798767,1.135992407798767,32,5
2116,11953,specialized_enriched,active_fraction,0.004472794476896524,0.003938750363886356,1.135587215423584,1.135587215423584,30,5
2117,15828,specialized_enriched,mean,0.022991709411144257,0.020255854353308678,1.135064959526062,1.135064959526062,16,5
2118,4918,base_enriched,max,-1.087607979774475,0.9604708552360535,-1.1323696374893188,1.1323696374893188,24,5
2119,2129,specialized_enriched,active_fraction,0.0014858493814244866,0.001312685082666576,1.1319160461425781,1.1319160461425781,12,5
2120,8973,specialized_enriched,mean,0.040470171719789505,0.035768866539001465,1.1314356327056885,1.1314356327056885,47,5
2121,1526,base_enriched,active_fraction,-0.010716512799263,0.00947573222219944,-1.130942940711975,1.130942940711975,47,5
2122,11597,specialized_enriched,mean,0.05007079988718033,0.04432546719908714,1.1296169757843018,1.1296169757843018,21,5
2123,784,base_enriched,active_fraction,-0.013858674094080925,0.012271497398614883,-1.1293385028839111,1.1293385028839111,27,5
2124,2401,base_enriched,max,-1.1001242399215698,0.974609911441803,-1.1287841796875,1.1287841796875,21,5
2125,6371,specialized_enriched,active_fraction,0.010916531085968018,0.009671834297478199,1.1286929845809937,1.1286929845809937,45,5
2126,11229,base_enriched,max,-0.768857479095459,0.6818730235099792,-1.127566933631897,1.127566933631897,50,5
2127,4089,specialized_enriched,active_fraction,0.008079277351498604,0.007172140292823315,1.1264806985855103,1.1264806985855103,49,5
2128,14803,specialized_enriched,active_fraction,0.003777984296903014,0.003358542686328292,1.1248879432678223,1.1248879432678223,18,5
2129,5921,base_enriched,active_fraction,-0.006273764185607433,0.005578463431447744,-1.1246402263641357,1.1246402263641357,32,5
2130,5290,specialized_enriched,active_fraction,0.005123861134052277,0.004560087341815233,1.1236321926116943,1.1236321926116943,35,5
2131,367,specialized_enriched,active_fraction,0.006144769489765167,0.0054776957258582115,1.1217800378799438,1.1217800378799438,50,5
2132,6016,base_enriched,mean,-0.030764564871788025,0.02746298909187317,-1.120219111442566,1.120219111442566,24,5
2133,14126,specialized_enriched,mean,0.050216302275657654,0.044844646006822586,1.119783639907837,1.119783639907837,38,5
2134,8984,specialized_enriched,max,1.866057276725769,1.667173147201538,1.1192941665649414,1.1192941665649414,6,5
2135,2268,base_enriched,active_fraction,-0.011369064450263977,0.01016674842685461,-1.1182596683502197,1.1182596683502197,34,5
2136,10460,specialized_enriched,active_fraction,0.004743859637528658,0.0042429049499332905,1.118068814277649,1.118068814277649,29,5
2137,6355,base_enriched,max,-0.9679689407348633,0.8667125701904297,-1.1168280839920044,1.1168280839920044,36,5
2138,14902,base_enriched,max,-0.9831719398498535,0.8809100985527039,-1.1160866022109985,1.1160866022109985,19,5
2139,7299,base_enriched,mean,-0.16831138730049133,0.15085503458976746,-1.1157160997390747,1.1157160997390747,48,5
2140,4351,specialized_enriched,mean,0.06601136922836304,0.05919438973069191,1.1151626110076904,1.1151626110076904,47,5
2141,9150,specialized_enriched,active_fraction,0.003667568787932396,0.0032922066748142242,1.1140153408050537,1.1140153408050537,26,5
2142,14698,base_enriched,active_fraction,-0.009258612990379333,0.008324502035975456,-1.1122121810913086,1.1122121810913086,35,5
2143,5365,specialized_enriched,active_fraction,0.01037134975194931,0.009343823418021202,1.1099685430526733,1.1099685430526733,40,5
2144,13837,specialized_enriched,active_fraction,0.0035254473332315683,0.0031785236205905676,1.109146237373352,1.109146237373352,31,5
2145,177,specialized_enriched,max,1.825445532798767,1.6464037895202637,1.108747124671936,1.108747124671936,12,5
2146,8324,specialized_enriched,mean,0.06715719401836395,0.06058882176876068,1.1084089279174805,1.1084089279174805,37,5
2147,7076,base_enriched,max,-0.6284194588661194,0.5673440098762512,-1.1076514720916748,1.1076514720916748,47,5
2148,13955,base_enriched,max,-0.6003940105438232,0.5421503186225891,-1.1074309349060059,1.1074309349060059,23,5
2149,9826,specialized_enriched,max,1.5924012660980225,1.4379552602767944,1.107406735420227,1.107406735420227,20,5
2150,7934,specialized_enriched,mean,0.014201963320374489,0.012826461344957352,1.1072393655776978,1.1072393655776978,36,5
2151,9423,specialized_enriched,mean,0.04444151371717453,0.04014374688267708,1.1070594787597656,1.1070594787597656,21,5
2152,3740,base_enriched,mean,-0.04261600226163864,0.03850756213068962,-1.1066917181015015,1.1066917181015015,25,5
2153,10247,base_enriched,mean,-0.060018960386514664,0.0542367622256279,-1.1066102981567383,1.1066102981567383,25,5
2154,15449,base_enriched,max,-1.5734496116638184,1.4227362871170044,-1.1059319972991943,1.1059319972991943,26,5
2155,7065,base_enriched,active_fraction,-0.010330352932214737,0.00935190450400114,-1.1046255826950073,1.1046255826950073,22,5
2156,6716,base_enriched,mean,-0.026935679838061333,0.024390339851379395,-1.1043585538864136,1.1043585538864136,19,5
2157,15436,base_enriched,max,-1.362696886062622,1.2339720726013184,-1.1043174266815186,1.1043174266815186,24,5
2158,4668,base_enriched,max,-1.4188075065612793,1.2865742444992065,-1.1027793884277344,1.1027793884277344,44,5
2159,4452,base_enriched,mean,-0.0419052317738533,0.038011614233255386,-1.102432370185852,1.102432370185852,20,5
2160,7024,specialized_enriched,active_fraction,0.002387459622696042,0.00216690544039011,1.101783037185669,1.101783037185669,9,5
2161,13506,base_enriched,max,-1.4083738327026367,1.278698205947876,-1.1014121770858765,1.1014121770858765,50,5
2162,12495,specialized_enriched,max,0.9275467395782471,0.8422004580497742,1.101337194442749,1.101337194442749,49,5
2163,11716,specialized_enriched,max,1.560211420059204,1.4174989461898804,1.1006790399551392,1.1006790399551392,6,5
2164,8428,base_enriched,mean,-0.0328742116689682,0.02990979515016079,-1.0991119146347046,1.0991119146347046,48,5
2165,8631,base_enriched,max,-0.6314990520477295,0.574942409992218,-1.0983692407608032,1.0983692407608032,30,5
2166,10337,specialized_enriched,active_fraction,0.01089223101735115,0.009922074154019356,1.0977776050567627,1.0977776050567627,50,5
2167,2102,base_enriched,max,-1.0542876720428467,0.9619607329368591,-1.0959779024124146,1.0959779024124146,42,5
2168,10370,base_enriched,active_fraction,-0.0050729066133499146,0.004628770053386688,-1.0959513187408447,1.0959513187408447,19,5
2169,6067,base_enriched,max,-0.9993141889572144,0.9124272465705872,-1.0952261686325073,1.0952261686325073,36,5
2170,10885,base_enriched,active_fraction,-0.004277355503290892,0.003910977393388748,-1.093679428100586,1.093679428100586,15,5
2171,3428,specialized_enriched,max,1.0785764455795288,0.986402153968811,1.0934449434280396,1.0934449434280396,22,5
2172,10731,specialized_enriched,max,0.9733873605728149,0.8903358578681946,1.0932811498641968,1.0932811498641968,12,5
2173,12245,specialized_enriched,max,0.35195937752723694,0.32216134667396545,1.0924941301345825,1.0924941301345825,17,5
2174,2371,specialized_enriched,active_fraction,0.006043381057679653,0.005537592805922031,1.0913372039794922,1.0913372039794922,50,5
2175,1174,base_enriched,active_fraction,-0.01107117161154747,0.010146303102374077,-1.0911532640457153,1.0911532640457153,42,5
2176,13913,specialized_enriched,active_fraction,0.007542521692812443,0.006913165096193552,1.091037392616272,1.091037392616272,34,5
2177,12597,specialized_enriched,max,0.2071855664253235,0.19016678631305695,1.089493989944458,1.089493989944458,12,5
2178,9139,base_enriched,max,-1.2092058658599854,1.111130952835083,-1.0882658958435059,1.0882658958435059,43,5
2179,2419,base_enriched,active_fraction,-0.008485326543450356,0.007802871987223625,-1.0874619483947754,1.0874619483947754,42,5
2180,8111,base_enriched,max,-0.8730674982070923,0.8029071688652039,-1.0873829126358032,1.0873829126358032,46,5
2181,29,specialized_enriched,active_fraction,0.007625686004757881,0.007018255069851875,1.0865501165390015,1.0865501165390015,40,5
2182,11724,specialized_enriched,mean,0.06358352303504944,0.05854633077979088,1.0860377550125122,1.0860377550125122,31,5
2183,15818,base_enriched,active_fraction,-0.007482345215976238,0.006899434607475996,-1.084486722946167,1.084486722946167,50,5
2184,7274,specialized_enriched,active_fraction,0.0054987408220767975,0.005075010471045971,1.0834934711456299,1.0834934711456299,31,5
2185,7580,specialized_enriched,mean,0.03725477680563927,0.034394457936286926,1.0831621885299683,1.0831621885299683,46,5
2186,6354,base_enriched,mean,-0.022090017795562744,0.020396234467625618,-1.0830439329147339,1.0830439329147339,29,5
2187,1563,specialized_enriched,mean,0.04127201437950134,0.03826866298913956,1.0784807205200195,1.0784807205200195,17,5
2188,13480,specialized_enriched,max,0.9507777690887451,0.883547842502594,1.076090931892395,1.076090931892395,15,5
2189,9149,base_enriched,active_fraction,-0.0018009423511102796,0.0016739567508921027,-1.075859546661377,1.075859546661377,12,5
2190,1641,specialized_enriched,mean,0.06018133461475372,0.055970463901758194,1.075233817100525,1.075233817100525,27,5
2191,4535,base_enriched,max,-0.3538128137588501,0.32951778173446655,-1.0737290382385254,1.0737290382385254,34,5
2192,15504,specialized_enriched,mean,0.04621990770101547,0.04310254380106926,1.0723243951797485,1.0723243951797485,44,5
2193,15809,base_enriched,active_fraction,-0.011862707324326038,0.011067211627960205,-1.0718785524368286,1.0718785524368286,7,5
2194,15928,base_enriched,mean,-0.04399505630135536,0.041048526763916016,-1.0717816352844238,1.0717816352844238,17,5
2195,9680,base_enriched,max,-0.6942964196205139,0.6490020155906677,-1.0697908401489258,1.0697908401489258,21,5
2196,12251,base_enriched,active_fraction,-0.005426069255918264,0.005076677072793245,-1.068822979927063,1.068822979927063,34,5
2197,13228,base_enriched,active_fraction,-0.0041413335129618645,0.0038828542456030846,-1.066569447517395,1.066569447517395,30,5
2198,120,specialized_enriched,mean,0.03156571462750435,0.029614632949233055,1.0658823251724243,1.0658823251724243,31,5
2199,4817,specialized_enriched,max,1.0353913307189941,0.9717774391174316,1.0654613971710205,1.0654613971710205,45,5
2200,9746,base_enriched,max,-1.2428885698318481,1.1669901609420776,-1.065037727355957,1.065037727355957,19,5
2201,8797,specialized_enriched,active_fraction,0.0033873869106173515,0.0031808712519705296,1.0649242401123047,1.0649242401123047,30,5
2202,9660,base_enriched,max,-0.5895328521728516,0.5539522171020508,-1.0642305612564087,1.0642305612564087,50,5
2203,257,base_enriched,max,-1.5285972356796265,1.437408685684204,-1.0634394884109497,1.0634394884109497,19,5
2204,9446,base_enriched,max,-0.855233371257782,0.8043488264083862,-1.0632617473602295,1.0632617473602295,13,5
2205,13133,specialized_enriched,active_fraction,0.006035324651747942,0.00568337831646204,1.0619255304336548,1.0619255304336548,30,5
2206,15528,base_enriched,mean,-0.04199527949094772,0.03955303877592087,-1.0617460012435913,1.0617460012435913,36,5
2207,11501,specialized_enriched,max,0.4179825782775879,0.3942091763019562,1.0603065490722656,1.0603065490722656,14,5
2208,11892,base_enriched,max,-0.7463288903236389,0.704923689365387,-1.0587371587753296,1.0587371587753296,14,5
2209,1551,base_enriched,active_fraction,-0.004101088270545006,0.0038756707217544317,-1.0581622123718262,1.0581622123718262,41,5
2210,3099,base_enriched,max,-0.2818564176559448,0.2664467394351959,-1.0578340291976929,1.0578340291976929,5,5
2211,7154,specialized_enriched,mean,0.03612466901540756,0.03422193601727486,1.0555998086929321,1.0555998086929321,49,5
2212,6141,specialized_enriched,active_fraction,0.002706952393054962,0.0025649890303611755,1.0553466081619263,1.0553466081619263,10,5
2213,2968,specialized_enriched,mean,0.053702883422374725,0.05089886859059334,1.0550899505615234,1.0550899505615234,33,5
2214,2011,specialized_enriched,mean,0.031705621629953384,0.03006269969046116,1.054649829864502,1.054649829864502,14,5
2215,8013,base_enriched,active_fraction,-0.010144786909222603,0.009643097408115864,-1.0520257949829102,1.0520257949829102,11,5
2216,12789,base_enriched,active_fraction,-0.003281443379819393,0.003125922055914998,-1.049752116203308,1.049752116203308,16,5
2217,5038,base_enriched,active_fraction,-0.004140590783208609,0.003944882191717625,-1.0496107339859009,1.0496107339859009,23,5
2218,2058,specialized_enriched,active_fraction,0.00513059226796031,0.00489380257204175,1.0483856201171875,1.0483856201171875,36,5
2219,10328,specialized_enriched,mean,0.014074265956878662,0.013437510468065739,1.0473864078521729,1.0473864078521729,27,5
2220,1602,base_enriched,max,-0.8026006817817688,0.7667147517204285,-1.0468047857284546,1.0468047857284546,50,5
2221,5662,specialized_enriched,active_fraction,0.002290112432092428,0.002188325161114335,1.0465137958526611,1.0465137958526611,17,5
2222,43,specialized_enriched,active_fraction,0.005640601739287376,0.0053946711122989655,1.0455876588821411,1.0455876588821411,46,5
2223,11625,specialized_enriched,active_fraction,0.0027099652215838432,0.002591995056718588,1.0455132722854614,1.0455132722854614,24,5
2224,9246,specialized_enriched,mean,0.04843946546316147,0.046342652291059494,1.045245885848999,1.045245885848999,26,5
2225,12331,specialized_enriched,active_fraction,0.009244888089597225,0.008849097415804863,1.0447267293930054,1.0447267293930054,42,5
2226,9570,base_enriched,max,-1.0257154703140259,0.9823742508888245,-1.044118881225586,1.044118881225586,34,5
2227,8764,base_enriched,max,-1.1472609043121338,1.0996893644332886,-1.0432590246200562,1.0432590246200562,38,5
2228,11379,base_enriched,active_fraction,-0.006610811688005924,0.0063370754942297935,-1.0431959629058838,1.0431959629058838,39,5
2229,13617,base_enriched,max,-0.9995858073234558,0.9582102298736572,-1.0431801080703735,1.0431801080703735,28,5
2230,8003,specialized_enriched,active_fraction,0.010266510769724846,0.009846393950283527,1.042667031288147,1.042667031288147,30,5
2231,14631,specialized_enriched,active_fraction,0.009454984217882156,0.009068788960576057,1.0425851345062256,1.0425851345062256,49,5
2232,4525,specialized_enriched,mean,0.05234719440340996,0.05021585524082184,1.0424435138702393,1.0424435138702393,48,5
2233,1824,specialized_enriched,mean,0.03586659952998161,0.034447234123945236,1.0412040948867798,1.0412040948867798,14,5
2234,12042,specialized_enriched,mean,0.028564898297190666,0.027438979595899582,1.0410335063934326,1.0410335063934326,50,5
2235,3049,base_enriched,active_fraction,-0.004048985429108143,0.003890395164489746,-1.040764570236206,1.040764570236206,35,5
2236,5163,base_enriched,max,-1.053673267364502,1.0131924152374268,-1.0399537086486816,1.0399537086486816,32,5
2237,4395,specialized_enriched,active_fraction,0.003249851055443287,0.003126714378595352,1.0393821001052856,1.0393821001052856,6,5
2238,3490,base_enriched,mean,-0.00770770525559783,0.007420659065246582,-1.038681983947754,1.038681983947754,15,5
2239,2757,specialized_enriched,max,0.9040231704711914,0.870745062828064,1.0382180213928223,1.0382180213928223,45,5
2240,14913,specialized_enriched,max,1.1843498945236206,1.1408861875534058,1.0380964279174805,1.0380964279174805,10,5
2241,10773,specialized_enriched,active_fraction,0.0050820475444197655,0.004896939266473055,1.0378007888793945,1.0378007888793945,15,5
2242,13371,specialized_enriched,mean,0.04637271165847778,0.044689733535051346,1.0376591682434082,1.0376591682434082,45,5
2243,2120,specialized_enriched,mean,0.027319731190800667,0.026340512558817863,1.0371754169464111,1.0371754169464111,11,5
2244,8454,base_enriched,max,-0.678437352180481,0.6544467806816101,-1.0366578102111816,1.0366578102111816,16,5
2245,6130,specialized_enriched,mean,0.019043639302253723,0.01838257536292076,1.035961389541626,1.035961389541626,14,5
2246,104,base_enriched,active_fraction,-0.0019571336451917887,0.0018892671214416623,-1.0359221696853638,1.0359221696853638,12,5
2247,1268,specialized_enriched,mean,0.0322142094373703,0.03110387735068798,1.03569757938385,1.03569757938385,14,5
2248,11038,base_enriched,max,-1.1872466802597046,1.1486347913742065,-1.0336154699325562,1.0336154699325562,12,5
2249,6133,base_enriched,max,-1.0485730171203613,1.0145922899246216,-1.0334919691085815,1.0334919691085815,9,5
2250,2991,specialized_enriched,mean,0.023481905460357666,0.022723855450749397,1.033359169960022,1.033359169960022,50,5
2251,4164,base_enriched,mean,-0.048983801156282425,0.04740374907851219,-1.0333317518234253,1.0333317518234253,21,5
2252,6296,specialized_enriched,active_fraction,0.015831131488084793,0.01533510535955429,1.0323457717895508,1.0323457717895508,34,5
2253,3697,specialized_enriched,active_fraction,0.0022833067923784256,0.0022133842576295137,1.0315908193588257,1.0315908193588257,20,5
2254,10244,specialized_enriched,mean,0.026430374011397362,0.025664368644356728,1.0298470258712769,1.0298470258712769,29,5
2255,13825,base_enriched,max,-0.23344795405864716,0.2268144190311432,-1.0292465686798096,1.0292465686798096,22,5
2256,5542,specialized_enriched,mean,0.04577802121639252,0.04448559507727623,1.029052734375,1.029052734375,14,5
2257,10218,specialized_enriched,mean,0.03158660978078842,0.030737584456801414,1.0276217460632324,1.0276217460632324,46,5
2258,619,base_enriched,max,-0.5486809611320496,0.5340666174888611,-1.0273642539978027,1.0273642539978027,50,5
2259,6304,specialized_enriched,max,1.852954626083374,1.8043054342269897,1.0269628763198853,1.0269628763198853,18,5
2260,9109,base_enriched,max,-0.20372965931892395,0.19876126945018768,-1.0249967575073242,1.0249967575073242,5,5
2261,9213,base_enriched,active_fraction,-0.0036765821278095245,0.003587061073631048,-1.0249567031860352,1.0249567031860352,16,5
2262,131,base_enriched,active_fraction,-0.0028025174979120493,0.0027347938157618046,-1.0247637033462524,1.0247637033462524,20,5
2263,3763,specialized_enriched,max,1.0106031894683838,0.9867234230041504,1.0242010354995728,1.0242010354995728,46,5
2264,12832,base_enriched,max,-1.106889247894287,1.0824984312057495,-1.0225319862365723,1.0225319862365723,30,5
2265,12921,specialized_enriched,active_fraction,0.004210122395306826,0.0041236234828829765,1.0209764242172241,1.0209764242172241,43,5
2266,7217,specialized_enriched,mean,0.030490851029753685,0.029890958219766617,1.0200693607330322,1.0200693607330322,24,5
2267,13530,base_enriched,mean,-0.045186061412096024,0.044400978833436966,-1.01768159866333,1.01768159866333,18,5
2268,9294,specialized_enriched,max,1.2616921663284302,1.2398557662963867,1.017612099647522,1.017612099647522,13,5
2269,4493,specialized_enriched,active_fraction,0.002791556529700756,0.0027450965717434883,1.0169247388839722,1.0169247388839722,27,5
2270,1857,specialized_enriched,active_fraction,0.002345111919566989,0.0023090883623808622,1.0156008005142212,1.0156008005142212,16,5
2271,7232,base_enriched,mean,-0.046852268278598785,0.04614568501710892,-1.0153119564056396,1.0153119564056396,31,5
2272,14395,base_enriched,active_fraction,-0.011952223256230354,0.011774098500609398,-1.015128493309021,1.015128493309021,33,5
2273,14837,specialized_enriched,max,1.348044991493225,1.3280360698699951,1.0150665044784546,1.0150665044784546,38,5
2274,2357,base_enriched,active_fraction,-0.010442117229104042,0.010290662758052349,-1.014717698097229,1.014717698097229,43,5
2275,1229,specialized_enriched,active_fraction,0.013398613780736923,0.013218408450484276,1.013632893562317,1.013632893562317,43,5
2276,6551,base_enriched,active_fraction,-0.0038912734016776085,0.0038396690506488085,-1.0134397745132446,1.0134397745132446,48,5
2277,5201,specialized_enriched,mean,0.06426845490932465,0.06353704631328583,1.0115115642547607,1.0115115642547607,34,5
2278,13628,base_enriched,active_fraction,-0.0036916041281074286,0.0036544199101626873,-1.010175108909607,1.010175108909607,15,5
2279,15340,specialized_enriched,active_fraction,0.015723219141364098,0.015573314391076565,1.009625792503357,1.009625792503357,30,5
2280,14980,base_enriched,active_fraction,-0.0038091361057013273,0.0037730601616203785,-1.0095614194869995,1.0095614194869995,31,5
2281,487,base_enriched,mean,-0.03580409660935402,0.0355360247194767,-1.007543683052063,1.007543683052063,23,5
2282,14049,specialized_enriched,max,0.6227612495422363,0.6184951663017273,1.0068975687026978,1.0068975687026978,38,5
2283,7731,specialized_enriched,mean,0.020041573792696,0.019912239164114,1.0064952373504639,1.0064952373504639,49,5
2284,1673,base_enriched,mean,-0.016232553869485855,0.016138669103384018,-1.0058174133300781,1.0058174133300781,26,5
2285,4470,base_enriched,max,-0.3457578420639038,0.34389519691467285,-1.0054162740707397,1.0054162740707397,50,5
2286,10676,specialized_enriched,mean,0.03995708376169205,0.03974689543247223,1.0052881240844727,1.0052881240844727,33,5
2287,8308,base_enriched,max,-0.8883562088012695,0.8841152787208557,-1.0047968626022339,1.0047968626022339,14,5
2288,3676,base_enriched,active_fraction,-0.008585170842707157,0.00855567678809166,-1.0034472942352295,1.0034472942352295,34,5
2289,2346,specialized_enriched,max,0.9000798463821411,0.8980287909507751,1.0022839307785034,1.0022839307785034,28,5
2290,1419,specialized_enriched,mean,0.04616224393248558,0.04613260179758072,1.0006425380706787,1.0006425380706787,45,5
2291,2572,specialized_enriched,active_fraction,0.014752046205103397,0.014755044132471085,0.9997968077659607,0.9997968077659607,43,5
2292,8087,specialized_enriched,active_fraction,0.0044604199938476086,0.004467287100851536,0.9984627962112427,0.9984627962112427,6,5
2293,9616,base_enriched,max,-0.785486102104187,0.7869501709938049,-0.9981395602226257,0.9981395602226257,39,5
2294,5146,specialized_enriched,active_fraction,0.013835534453392029,0.013868154026567936,0.9976478815078735,0.9976478815078735,37,5
2295,15540,base_enriched,active_fraction,-0.0029205973260104656,0.0029279778245836496,-0.9974793195724487,0.9974793195724487,14,5
2296,9068,specialized_enriched,max,0.9093196392059326,0.9118556976318359,0.9972187876701355,0.9972187876701355,41,5
2297,5930,specialized_enriched,active_fraction,0.011980496346950531,0.0120258629322052,0.9962275624275208,0.9962275624275208,49,5
2298,13985,base_enriched,active_fraction,-0.003725871443748474,0.003745876718312502,-0.9946593642234802,0.9946593642234802,34,5
2299,12598,specialized_enriched,active_fraction,0.008087774738669395,0.008133343420922756,0.9943972826004028,0.9943972826004028,24,5
2300,11788,base_enriched,max,-0.6763589382171631,0.6803118586540222,-0.9941895604133606,0.9941895604133606,21,5
2301,4497,specialized_enriched,max,1.2982995510101318,1.309198260307312,0.9916752576828003,0.9916752576828003,6,5
2302,12862,base_enriched,max,-0.8094923496246338,0.8163569569587708,-0.9915911555290222,0.9915911555290222,50,5
2303,3878,base_enriched,max,-0.48556268215179443,0.49099841713905334,-0.9889292120933533,0.9889292120933533,26,5
2304,11159,specialized_enriched,active_fraction,0.004681741818785667,0.004736969247460365,0.988341212272644,0.988341212272644,24,5
2305,7787,base_enriched,active_fraction,-0.005934149492532015,0.006007156800478697,-0.9878466129302979,0.9878466129302979,13,5
2306,8338,base_enriched,max,-0.6895231008529663,0.6982470750808716,-0.9875059127807617,0.9875059127807617,40,5
2307,13012,base_enriched,active_fraction,-0.0019278987310826778,0.001953566214069724,-0.9868612289428711,0.9868612289428711,18,5
2308,11919,specialized_enriched,mean,0.0671326294541359,0.0680651143193245,0.9863001108169556,0.9863001108169556,12,5
2309,6210,specialized_enriched,max,1.191694736480713,1.2085834741592407,0.9860259890556335,0.9860259890556335,44,5
2310,873,specialized_enriched,active_fraction,0.005956584122031927,0.006041995715349913,0.9858636856079102,0.9858636856079102,24,5
2311,12040,specialized_enriched,mean,0.021495023742318153,0.021812280640006065,0.9854550957679749,0.9854550957679749,39,5
2312,9396,base_enriched,max,-1.5062150955200195,1.5299075841903687,-0.9845137596130371,0.9845137596130371,31,5
2313,12723,base_enriched,max,-0.5977349281311035,0.6075049638748169,-0.983917772769928,0.983917772769928,38,5
2314,1230,base_enriched,max,-0.8020956516265869,0.8158169984817505,-0.9831808805465698,0.9831808805465698,46,5
2315,1731,specialized_enriched,active_fraction,0.0029831156134605408,0.0030341928359121084,0.9831660985946655,0.9831660985946655,44,5
2316,7084,base_enriched,mean,-0.0427514985203743,0.04352498799562454,-0.9822288155555725,0.9822288155555725,45,5
2317,3754,specialized_enriched,mean,0.051833949983119965,0.052810028195381165,0.9815171957015991,0.9815171957015991,50,5
2318,1726,specialized_enriched,mean,0.007410693448036909,0.007552233524620533,0.9812585115432739,0.9812585115432739,8,5
2319,2463,specialized_enriched,mean,0.04543863236904144,0.046318717300891876,0.9809993505477905,0.9809993505477905,30,5
2320,11314,specialized_enriched,mean,0.016001034528017044,0.0163254514336586,0.9801281690597534,0.9801281690597534,22,5
2321,7063,base_enriched,max,-0.50150465965271,0.5122085213661194,-0.9791025519371033,0.9791025519371033,30,5
2322,14693,base_enriched,active_fraction,-0.00461040111258626,0.004712914116680622,-0.9782484769821167,0.9782484769821167,36,5
2323,3640,specialized_enriched,active_fraction,0.003264252096414566,0.003337162546813488,0.9781519770622253,0.9781519770622253,38,5
2324,3501,base_enriched,active_fraction,-0.010365771129727364,0.01059801783412695,-0.9780858159065247,0.9780858159065247,10,5
2325,13324,base_enriched,max,-0.44152599573135376,0.4515092074871063,-0.9778892397880554,0.9778892397880554,30,5
2326,14014,base_enriched,max,-0.7576220035552979,0.7749862670898438,-0.9775940775871277,0.9775940775871277,34,5
2327,15439,specialized_enriched,max,0.20422102510929108,0.2090093493461609,0.9770903587341309,0.9770903587341309,28,5
2328,5723,specialized_enriched,active_fraction,0.0023902058601379395,0.002446969971060753,0.9768022894859314,0.9768022894859314,17,5
2329,11260,specialized_enriched,max,0.7139602899551392,0.7311378717422485,0.976505696773529,0.976505696773529,35,5
2330,809,specialized_enriched,active_fraction,0.007661119103431702,0.007846466265618801,0.9763782620429993,0.9763782620429993,46,5
2331,6733,base_enriched,active_fraction,-0.0016597975045442581,0.0017003908287733793,-0.9761270880699158,0.9761270880699158,6,5
2332,7482,specialized_enriched,max,1.1108553409576416,1.1388864517211914,0.9753872752189636,0.9753872752189636,13,5
2333,12049,base_enriched,active_fraction,-0.005872796289622784,0.006021453998982906,-0.9753119945526123,0.9753119945526123,10,5
2334,3083,base_enriched,mean,-0.030886417254805565,0.03168993443250656,-0.9746444225311279,0.9746444225311279,20,5
2335,14264,specialized_enriched,mean,0.027187563478946686,0.02790343575179577,0.9743446707725525,0.9743446707725525,20,5
2336,14404,base_enriched,max,-0.42174819111824036,0.4328659176826477,-0.9743160009384155,0.9743160009384155,23,5
2337,10514,base_enriched,mean,-0.045512162148952484,0.046716202050447464,-0.9742264747619629,0.9742264747619629,33,5
2338,5387,specialized_enriched,mean,0.021881569176912308,0.022468795999884605,0.9738647937774658,0.9738647937774658,19,5
2339,14305,specialized_enriched,active_fraction,0.003582008183002472,0.003684260183945298,0.9722462892532349,0.9722462892532349,38,5
2340,895,specialized_enriched,max,0.7148869037628174,0.7358008623123169,0.9715766310691833,0.9715766310691833,31,5
2341,7815,base_enriched,max,-1.0625077486038208,1.094948410987854,-0.9703724384307861,0.9703724384307861,19,5
2342,5006,specialized_enriched,active_fraction,0.002847973257303238,0.002936480101197958,0.9698595404624939,0.9698595404624939,30,5
2343,7398,base_enriched,max,-1.306039810180664,1.3479156494140625,-0.9689328670501709,0.9689328670501709,38,5
2344,16139,specialized_enriched,active_fraction,0.00836231466382742,0.008633353747427464,0.9686055779457092,0.9686055779457092,26,5
2345,7601,base_enriched,mean,-0.052698541432619095,0.054440937936306,-0.967994749546051,0.967994749546051,7,5
2346,11839,base_enriched,active_fraction,-0.011400846764445305,0.011780688539147377,-0.9677572250366211,0.9677572250366211,49,5
2347,14788,base_enriched,active_fraction,-0.007030779961496592,0.007266443222761154,-0.9675682783126831,0.9675682783126831,32,5
2348,12797,base_enriched,active_fraction,-0.010137789882719517,0.010478748008608818,-0.9674619436264038,0.9674619436264038,50,5
2349,10509,specialized_enriched,mean,0.04425708204507828,0.04576222971081734,0.9671093821525574,0.9671093821525574,39,5
2350,11308,base_enriched,max,-0.30546948313713074,0.3164585530757904,-0.9652748703956604,0.9652748703956604,19,5
2351,2782,base_enriched,active_fraction,-0.0026646109763532877,0.002762617077678442,-0.9645242094993591,0.9645242094993591,20,5
2352,3993,base_enriched,max,-0.6108239889144897,0.6335653066635132,-0.9641057848930359,0.9641057848930359,50,5
2353,12160,specialized_enriched,mean,0.03291180729866028,0.03413720801472664,0.964103639125824,0.964103639125824,35,5
2354,7456,specialized_enriched,active_fraction,0.0023825811222195625,0.002471313811838627,0.9640949368476868,0.9640949368476868,9,5
2355,6778,specialized_enriched,active_fraction,0.003304422367364168,0.003427518531680107,0.9640859365463257,0.9640859365463257,33,5
2356,13956,specialized_enriched,active_fraction,0.009761063382029533,0.010124705731868744,0.9640836715698242,0.9640836715698242,36,5
2357,7315,specialized_enriched,max,1.0516774654388428,1.0933383703231812,0.9618957042694092,0.9618957042694092,16,5
2358,6494,base_enriched,max,-0.6156210899353027,0.6400748491287231,-0.961795449256897,0.961795449256897,50,5
2359,2526,base_enriched,max,-0.37018173933029175,0.38502606749534607,-0.9614459276199341,0.9614459276199341,28,5
2360,15319,specialized_enriched,mean,0.029348433017730713,0.030526822432875633,0.9613982439041138,0.9613982439041138,17,5
2361,4184,specialized_enriched,mean,0.22045478224754333,0.22955459356307983,0.9603588581085205,0.9603588581085205,39,5
2362,10214,base_enriched,max,-0.39051592350006104,0.40674397349357605,-0.9601025581359863,0.9601025581359863,28,5
2363,2630,specialized_enriched,mean,0.07002774626016617,0.07300493866205215,0.9592192769050598,0.9592192769050598,24,5
2364,8030,specialized_enriched,active_fraction,0.006628899835050106,0.006913304328918457,0.9588612914085388,0.9588612914085388,5,5
2365,2391,base_enriched,mean,-0.03791850432753563,0.039554692804813385,-0.9586347937583923,0.9586347937583923,17,5
2366,15088,specialized_enriched,mean,0.04656915366649628,0.04872041195631027,0.9558448195457458,0.9558448195457458,30,5
2367,12264,specialized_enriched,mean,0.03670588880777359,0.03840700909495354,0.9557080864906311,0.9557080864906311,32,5
2368,15374,specialized_enriched,max,0.18140822649002075,0.18997269868850708,0.9549173712730408,0.9549173712730408,12,5
2369,13057,specialized_enriched,mean,0.056276604533195496,0.05916677787899971,0.9511520862579346,0.9511520862579346,31,5
2370,6683,specialized_enriched,mean,0.044842153787612915,0.04714909940958023,0.9510712623596191,0.9510712623596191,42,5
2371,7507,specialized_enriched,active_fraction,0.012689851224422455,0.013345221988856792,0.9508909583091736,0.9508909583091736,42,5
2372,10177,specialized_enriched,mean,0.028441667556762695,0.029945852234959602,0.9497698545455933,0.9497698545455933,18,5
2373,14829,specialized_enriched,mean,0.05462464690208435,0.05751419439911842,0.9497594237327576,0.9497594237327576,50,5
2374,14273,base_enriched,mean,-0.05479712039232254,0.057763393968343735,-0.9486478567123413,0.9486478567123413,15,5
2375,2688,specialized_enriched,active_fraction,0.0053024617955088615,0.00559127377346158,0.948345959186554,0.948345959186554,41,5
2376,12680,base_enriched,max,-0.8907614946365356,0.9401513934135437,-0.9474660158157349,0.9474660158157349,5,5
2377,5211,base_enriched,max,-0.6476460695266724,0.6837719678878784,-0.9471667408943176,0.9471667408943176,40,5
2378,12967,specialized_enriched,active_fraction,0.003116742242127657,0.003291870467364788,0.9467997550964355,0.9467997550964355,44,5
2379,15919,specialized_enriched,active_fraction,0.004570662509649992,0.004827730357646942,0.9467518329620361,0.9467518329620361,47,5
2380,16286,base_enriched,active_fraction,-0.01401928998529911,0.014818178489804268,-0.9460872411727905,0.9460872411727905,9,5
2381,15411,base_enriched,active_fraction,-0.0014599229907616973,0.0015433658845722675,-0.9459344744682312,0.9459344744682312,11,5
2382,7790,specialized_enriched,active_fraction,0.008046921342611313,0.008507007732987404,0.9459167718887329,0.9459167718887329,32,5
2383,13318,base_enriched,mean,-0.009830992668867111,0.01040119118988514,-0.9451795220375061,0.9451795220375061,6,5
2384,8019,specialized_enriched,mean,0.04662202298641205,0.049333322793245316,0.9450411796569824,0.9450411796569824,18,5
2385,461,base_enriched,max,-0.523298978805542,0.5537451505661011,-0.9450176954269409,0.9450176954269409,33,5
2386,4685,base_enriched,mean,-0.003484193002805114,0.0036903659347444773,-0.9441320896148682,0.9441320896148682,10,5
2387,6832,base_enriched,max,-0.7544097900390625,0.7990666627883911,-0.9441137313842773,0.9441137313842773,50,5
2388,3564,base_enriched,max,-0.7709673643112183,0.8168067932128906,-0.9438797235488892,0.9438797235488892,29,5
2389,10553,base_enriched,mean,-0.20518046617507935,0.21741800010204315,-0.9437142610549927,0.9437142610549927,27,5
2390,3521,base_enriched,max,-0.30424419045448303,0.3228946030139923,-0.9422399401664734,0.9422399401664734,7,5
2391,1171,base_enriched,active_fraction,-0.0057931942865252495,0.006164563354104757,-0.9397574663162231,0.9397574663162231,32,5
2392,13631,specialized_enriched,max,0.44615137577056885,0.47479569911956787,0.939670205116272,0.939670205116272,41,5
2393,6809,base_enriched,mean,-0.052084483206272125,0.05545208603143692,-0.93927001953125,0.93927001953125,9,5
2394,6122,specialized_enriched,mean,0.043109308928251266,0.04599807783961296,0.9371980428695679,0.9371980428695679,32,5
2395,6300,specialized_enriched,active_fraction,0.007429780904203653,0.007948994636535645,0.9346818327903748,0.9346818327903748,39,5
2396,2845,base_enriched,active_fraction,-0.0015404446749016643,0.0016480956692248583,-0.9346815943717957,0.9346815943717957,14,5
2397,9291,base_enriched,mean,-0.02130892314016819,0.02280348911881447,-0.9344589114189148,0.9344589114189148,37,5
2398,12870,specialized_enriched,mean,0.0501994714140892,0.053764764219522476,0.9336872100830078,0.9336872100830078,14,5
2399,12501,base_enriched,max,-0.42483535408973694,0.45533666014671326,-0.9330137372016907,0.9330137372016907,7,5
2400,16249,specialized_enriched,active_fraction,0.008788174018263817,0.009426102973520756,0.932323157787323,0.932323157787323,45,5
2401,1311,base_enriched,max,-0.14312483370304108,0.1536267250776291,-0.9316402077674866,0.9316402077674866,12,5
2402,9609,specialized_enriched,active_fraction,0.005579010583460331,0.005997853819280863,0.9301677942276001,0.9301677942276001,16,5
2403,10035,specialized_enriched,mean,0.023156508803367615,0.024897553026676178,0.9300716519355774,0.9300716519355774,34,5
2404,5492,specialized_enriched,active_fraction,0.010394031181931496,0.011177029460668564,0.9299457669258118,0.9299457669258118,35,5
2405,11825,specialized_enriched,active_fraction,0.0034309301991015673,0.0036911831703037024,0.9294933676719666,0.9294933676719666,22,5
2406,1744,base_enriched,max,-0.9423395395278931,1.0143314599990845,-0.9290252327919006,0.9290252327919006,27,5
2407,9559,specialized_enriched,active_fraction,0.010151737369596958,0.010942138731479645,0.9277653694152832,0.9277653694152832,50,5
2408,1835,specialized_enriched,mean,0.04833507537841797,0.052167847752571106,0.9265300035476685,0.9265300035476685,8,5
2409,4958,specialized_enriched,active_fraction,0.009039277210831642,0.009767286479473114,0.9254645109176636,0.9254645109176636,24,5
2410,2309,specialized_enriched,mean,0.03778104484081268,0.040825821459293365,0.925420343875885,0.925420343875885,19,5
2411,1705,specialized_enriched,mean,0.01977706328034401,0.02138727903366089,0.9247115254402161,0.9247115254402161,47,5
2412,328,specialized_enriched,active_fraction,0.0018060014117509127,0.0019535564351826906,0.9244685173034668,0.9244685173034668,18,5
2413,6307,base_enriched,mean,-0.02204912342131138,0.023900697007775307,-0.9225305318832397,0.9225305318832397,6,5
2414,1054,specialized_enriched,mean,0.06416170299053192,0.06959841400384903,0.9218845367431641,0.9218845367431641,41,5
2415,694,specialized_enriched,active_fraction,0.00922457966953516,0.010020117275416851,0.9206059575080872,0.9206059575080872,21,5
2416,2825,base_enriched,max,-0.7282530069351196,0.7911522388458252,-0.9204967021942139,0.9204967021942139,6,5
2417,11028,specialized_enriched,mean,0.03030691295862198,0.03293086588382721,0.9203193187713623,0.9203193187713623,44,5
2418,15454,base_enriched,active_fraction,-0.0037440569140017033,0.00406981585547328,-0.9199573397636414,0.9199573397636414,15,5
2419,3033,specialized_enriched,active_fraction,0.0025858718436211348,0.0028146146796643734,0.9187303185462952,0.9187303185462952,10,5
2420,11547,base_enriched,mean,-0.011756116524338722,0.012800543569028378,-0.9184076189994812,0.9184076189994812,17,5
2421,3408,specialized_enriched,mean,0.07742974162101746,0.08434449136257172,0.9180177450180054,0.9180177450180054,40,5
2422,9027,base_enriched,active_fraction,-0.0035233383532613516,0.0038382415659725666,-0.9179564118385315,0.9179564118385315,14,5
2423,16027,specialized_enriched,max,0.8547705411911011,0.9313207864761353,0.9178046584129333,0.9178046584129333,41,5
2424,7175,specialized_enriched,mean,0.036136969923973083,0.039377495646476746,0.9177061319351196,0.9177061319351196,50,5
2425,10877,base_enriched,max,-0.5504801273345947,0.6001191139221191,-0.9172847867012024,0.9172847867012024,24,5
2426,15777,base_enriched,active_fraction,-0.0011284488718956709,0.0012305884156376123,-0.9169993996620178,0.9169993996620178,14,5
2427,11465,specialized_enriched,max,0.9078773260116577,0.9903305768966675,0.916741669178009,0.916741669178009,29,5
2428,1613,base_enriched,max,-0.825570821762085,0.9012638330459595,-0.9160146117210388,0.9160146117210388,40,5
2429,6213,base_enriched,max,-0.9952884316444397,1.0871450901031494,-0.9155065417289734,0.9155065417289734,30,5
2430,4929,specialized_enriched,active_fraction,0.0023649553768336773,0.0025911177508533,0.912716269493103,0.912716269493103,14,5
2431,3770,base_enriched,max,-0.785466194152832,0.8606329560279846,-0.912661075592041,0.912661075592041,50,5
2432,11325,base_enriched,max,-1.0614756345748901,1.163138747215271,-0.9125958681106567,0.9125958681106567,37,5
2433,4676,specialized_enriched,mean,0.026331566274166107,0.02886289916932583,0.9122980237007141,0.9122980237007141,17,5
2434,13733,base_enriched,max,-1.119301438331604,1.2270992994308472,-0.9121522903442383,0.9121522903442383,18,5
2435,9905,specialized_enriched,mean,0.035207875072956085,0.03861581161618233,0.9117476344108582,0.9117476344108582,28,5
2436,9844,base_enriched,mean,-0.02387971058487892,0.026212919503450394,-0.9109901189804077,0.9109901189804077,6,5
2437,4729,base_enriched,active_fraction,-0.005218212492763996,0.005728210788220167,-0.9109672904014587,0.9109672904014587,29,5
2438,14491,specialized_enriched,max,0.37653225660324097,0.4135349988937378,0.9105209112167358,0.9105209112167358,50,5
2439,8594,specialized_enriched,active_fraction,0.004152362234890461,0.0045651583932340145,0.9095768332481384,0.9095768332481384,45,5
2440,11941,base_enriched,max,-0.7415880560874939,0.8155744075775146,-0.9092831611633301,0.9092831611633301,28,5
2441,15561,base_enriched,mean,-0.030276145786046982,0.03333983197808266,-0.908107340335846,0.908107340335846,31,5
2442,1582,base_enriched,active_fraction,-0.0030421623960137367,0.0033503423910588026,-0.9080153703689575,0.9080153703689575,21,5
2443,801,specialized_enriched,max,0.7603915333747864,0.8377072215080261,0.9077056050300598,0.9077056050300598,33,5
2444,10502,specialized_enriched,mean,0.036601342260837555,0.040405288338661194,0.9058552384376526,0.9058552384376526,48,5
2445,14818,base_enriched,active_fraction,-0.004489373415708542,0.004964523483067751,-0.9042909145355225,0.9042909145355225,32,5
2446,13715,base_enriched,max,-0.4535515308380127,0.501639187335968,-0.90413898229599,0.90413898229599,50,5
2447,2679,specialized_enriched,active_fraction,0.002886152360588312,0.003193032694980502,0.9038906097412109,0.9038906097412109,16,5
2448,4955,specialized_enriched,active_fraction,0.00704535935074091,0.007798120845109224,0.9034688472747803,0.9034688472747803,34,5
2449,4805,specialized_enriched,active_fraction,0.002479728776961565,0.002750830724835396,0.9014472365379333,0.9014472365379333,47,5
2450,5469,specialized_enriched,active_fraction,0.0036058530677109957,0.004002664238214493,0.9008632302284241,0.9008632302284241,26,5
2451,14808,base_enriched,max,-0.2813374996185303,0.3124520182609558,-0.900418221950531,0.900418221950531,5,5
2452,9143,base_enriched,active_fraction,-0.0032422998920083046,0.003602299140766263,-0.9000640511512756,0.9000640511512756,17,5
2453,11939,specialized_enriched,active_fraction,0.004744876176118851,0.005273172166198492,0.8998143672943115,0.8998143672943115,48,5
2454,15021,base_enriched,max,-0.8536593914031982,0.94891357421875,-0.899617612361908,0.899617612361908,48,5
2455,9675,specialized_enriched,active_fraction,0.005510969553142786,0.0061269113793969154,0.8994694352149963,0.8994694352149963,34,5
2456,8138,base_enriched,max,-0.6497378349304199,0.7232668995857239,-0.8983376026153564,0.8983376026153564,50,5
2457,3298,base_enriched,max,-0.8174021244049072,0.9122390747070312,-0.8960393667221069,0.8960393667221069,50,5
2458,5663,base_enriched,max,-1.4689171314239502,1.6413134336471558,-0.8949643969535828,0.8949643969535828,39,5
2459,7696,specialized_enriched,active_fraction,0.003287640865892172,0.003675892250612378,0.8943790197372437,0.8943790197372437,12,5
2460,12016,specialized_enriched,active_fraction,0.005747970659285784,0.006429723463952541,0.8939685821533203,0.8939685821533203,19,5
2461,12780,specialized_enriched,active_fraction,0.002560023218393326,0.0028642748948186636,0.893777072429657,0.893777072429657,21,5
2462,14156,base_enriched,mean,-0.004168352112174034,0.0046641407534480095,-0.8937020301818848,0.8937020301818848,16,5
2463,9224,specialized_enriched,max,1.228361964225769,1.3745012283325195,0.8936783075332642,0.8936783075332642,18,5
2464,260,base_enriched,active_fraction,-0.0019017247250303626,0.0021285973489284515,-0.8934168219566345,0.8934168219566345,23,5
2465,5911,base_enriched,mean,-0.018328651785850525,0.020520061254501343,-0.8932064771652222,0.8932064771652222,13,5
2466,16210,base_enriched,active_fraction,-0.0025455672293901443,0.0028547286055982113,-0.8917019963264465,0.8917019963264465,23,5
2467,1459,specialized_enriched,active_fraction,0.0037338859401643276,0.004191544838249683,0.8908137679100037,0.8908137679100037,27,5
2468,14672,base_enriched,active_fraction,-0.006442064419388771,0.007234051823616028,-0.8905194997787476,0.8905194997787476,29,5
2469,46,specialized_enriched,active_fraction,0.0037110878620296717,0.004172259010374546,0.8894672989845276,0.8894672989845276,8,5
2470,3600,specialized_enriched,active_fraction,0.006464122794568539,0.0072771101258695126,0.8882815837860107,0.8882815837860107,28,5
2471,7542,base_enriched,active_fraction,-0.002356255892664194,0.0026526094879955053,-0.8882784843444824,0.8882784843444824,11,5
2472,7737,specialized_enriched,active_fraction,0.004773418419063091,0.005377099849283695,0.8877310156822205,0.8877310156822205,26,5
2473,6919,base_enriched,max,-0.7972698211669922,0.898317813873291,-0.8875142335891724,0.8875142335891724,41,5
2474,10892,base_enriched,max,-0.18676550686359406,0.2105642706155777,-0.8869762420654297,0.8869762420654297,15,5
2475,14518,base_enriched,max,-0.4428512156009674,0.4993909001350403,-0.886782705783844,0.886782705783844,50,5
2476,10922,specialized_enriched,active_fraction,0.0049461498856544495,0.0055851140059530735,0.8855951428413391,0.8855951428413391,45,5
2477,14521,specialized_enriched,mean,0.04300609230995178,0.048593919724226,0.885009765625,0.885009765625,34,5
2478,13684,specialized_enriched,max,0.6947946548461914,0.7875238060951233,0.8822522759437561,0.8822522759437561,42,5
2479,8112,specialized_enriched,active_fraction,0.004777607508003712,0.005416066851466894,0.882117509841919,0.882117509841919,18,5
2480,10107,base_enriched,max,-0.39989131689071655,0.45482945442199707,-0.8792115449905396,0.8792115449905396,29,5
2481,9578,specialized_enriched,active_fraction,0.010014541447162628,0.011407040059566498,0.8779264092445374,0.8779264092445374,50,5
2482,8288,specialized_enriched,active_fraction,0.0026853582821786404,0.0030603555496782064,0.877466082572937,0.877466082572937,28,5
2483,14294,specialized_enriched,active_fraction,0.00501153152436018,0.005712107755243778,0.8773524165153503,0.8773524165153503,45,5
2484,4257,specialized_enriched,mean,0.04350625351071358,0.049599163234233856,0.8771570324897766,0.8771570324897766,34,5
2485,9137,specialized_enriched,mean,0.045435257256031036,0.05181251838803291,0.8769165873527527,0.8769165873527527,19,5
2486,16161,base_enriched,mean,-0.014333618804812431,0.016357306391000748,-0.8762823343276978,0.8762823343276978,5,5
2487,8471,specialized_enriched,max,0.3743898272514343,0.4273930788040161,0.875984787940979,0.875984787940979,34,5
2488,3531,specialized_enriched,active_fraction,0.005145128350704908,0.005891458131372929,0.8733200430870056,0.8733200430870056,47,5
2489,3774,specialized_enriched,active_fraction,0.006772216409444809,0.007757727988064289,0.8729639053344727,0.8729639053344727,50,5
2490,9725,specialized_enriched,active_fraction,0.005444538779556751,0.006239283364266157,0.8726224303245544,0.8726224303245544,33,5
2491,10736,base_enriched,mean,-0.029617201536893845,0.034006815403699875,-0.8709195852279663,0.8709195852279663,40,5
2492,4187,specialized_enriched,active_fraction,0.003423430258408189,0.003940626047551632,0.8687528967857361,0.8687528967857361,37,5
2493,7926,specialized_enriched,mean,0.028635425493121147,0.032981064170598984,0.8682383894920349,0.8682383894920349,44,5
2494,14116,specialized_enriched,active_fraction,0.002207353711128235,0.002542902482673526,0.8680449724197388,0.8680449724197388,23,5
2495,6789,base_enriched,max,-0.653884768486023,0.7536932229995728,-0.867574155330658,0.867574155330658,38,5
2496,3777,base_enriched,max,-1.1673762798309326,1.3466484546661377,-0.8668752908706665,0.8668752908706665,17,5
2497,13508,base_enriched,max,-0.9648646116256714,1.1147443056106567,-0.8655478954315186,0.8655478954315186,18,5
2498,2604,specialized_enriched,max,1.0911593437194824,1.2614829540252686,0.8649814128875732,0.8649814128875732,13,5
2499,15648,base_enriched,max,-0.7977219820022583,0.9228935837745667,-0.8643704652786255,0.8643704652786255,31,5
2500,13678,base_enriched,max,-0.6850612759590149,0.7933411002159119,-0.8635141849517822,0.8635141849517822,42,5
2501,11509,base_enriched,active_fraction,-0.004684697836637497,0.005428437143564224,-0.862991988658905,0.862991988658905,27,5
2502,8709,specialized_enriched,mean,0.04149854928255081,0.04809269309043884,0.8628867864608765,0.8628867864608765,32,5
2503,10854,specialized_enriched,active_fraction,0.00523625873029232,0.00607359129935503,0.8621355295181274,0.8621355295181274,21,5
2504,8369,base_enriched,max,-1.2414225339889526,1.441412091255188,-0.8612543940544128,0.8612543940544128,25,5
2505,5243,specialized_enriched,max,0.6056215167045593,0.703214168548584,0.8612191677093506,0.8612191677093506,22,5
2506,161,base_enriched,max,-0.3822005093097687,0.44410523772239685,-0.8606079816818237,0.8606079816818237,38,5
2507,6236,base_enriched,active_fraction,-0.014680764637887478,0.01705882139503956,-0.8605966567993164,0.8605966567993164,18,5
2508,12555,specialized_enriched,active_fraction,0.005119012668728828,0.005948969628661871,0.8604872822761536,0.8604872822761536,38,5
2509,7979,specialized_enriched,active_fraction,0.010026408359408379,0.011662962846457958,0.8596793413162231,0.8596793413162231,23,5
2510,1712,specialized_enriched,mean,0.04564979672431946,0.05315343663096428,0.8588305711746216,0.8588305711746216,48,5
2511,14811,specialized_enriched,mean,0.026669438928365707,0.031061159446835518,0.8586105704307556,0.8586105704307556,18,5
2512,16336,base_enriched,active_fraction,-0.011149768717586994,0.012999995611608028,-0.857674777507782,0.857674777507782,46,5
2513,8400,specialized_enriched,active_fraction,0.005434578750282526,0.006357869133353233,0.8547798991203308,0.8547798991203308,43,5
2514,6208,base_enriched,active_fraction,-0.0007928843842819333,0.0009288911824114621,-0.8535815477371216,0.8535815477371216,5,5
2515,13037,base_enriched,active_fraction,-0.004867060109972954,0.005711617413908243,-0.8521334528923035,0.8521334528923035,27,5
2516,10380,base_enriched,max,-0.792189359664917,0.9298235774040222,-0.8519781231880188,0.8519781231880188,48,5
2517,13129,base_enriched,active_fraction,-0.0018310007872059941,0.002149319276213646,-0.8518980145454407,0.8518980145454407,13,5
2518,13621,specialized_enriched,active_fraction,0.0060167089104652405,0.007071768399327993,0.8508068323135376,0.8508068323135376,46,5
2519,12508,base_enriched,mean,-0.02432326041162014,0.028607117012143135,-0.850252091884613,0.850252091884613,23,5
2520,10694,base_enriched,max,-0.3937150239944458,0.46307283639907837,-0.850222647190094,0.850222647190094,15,5
2521,13848,specialized_enriched,max,0.897632360458374,1.0561058521270752,0.8499454259872437,0.8499454259872437,33,5
2522,11282,base_enriched,mean,-0.04191361367702484,0.04948568716645241,-0.8469845652580261,0.8469845652580261,26,5
2523,1401,base_enriched,mean,-0.047984831035137177,0.05671484023332596,-0.8460718989372253,0.8460718989372253,21,5
2524,1433,specialized_enriched,max,0.8583078384399414,1.0162098407745361,0.844616711139679,0.844616711139679,19,5
2525,9037,specialized_enriched,mean,0.04300578683614731,0.05092412233352661,0.8445071578025818,0.8445071578025818,44,5
2526,12388,specialized_enriched,max,1.6537941694259644,1.9589414596557617,0.8442285060882568,0.8442285060882568,12,5
2527,6623,specialized_enriched,active_fraction,0.0038307649083435535,0.004547517281025648,0.84238600730896,0.84238600730896,8,5
2528,5966,base_enriched,max,-0.3643777668476105,0.43283095955848694,-0.8418477177619934,0.8418477177619934,26,5
2529,2345,specialized_enriched,mean,0.030697738751769066,0.036476898938417435,0.8415665626525879,0.8415665626525879,40,5
2530,7303,base_enriched,max,-0.3264513909816742,0.38886573910713196,-0.8394964337348938,0.8394964337348938,11,5
2531,7777,specialized_enriched,mean,0.0421273410320282,0.05020945146679878,0.8390321135520935,0.8390321135520935,46,5
2532,15244,specialized_enriched,active_fraction,0.003496680175885558,0.004170902073383331,0.8383510708808899,0.8383510708808899,19,5
2533,14357,specialized_enriched,active_fraction,0.006031811702996492,0.007200871594250202,0.8376502394676208,0.8376502394676208,38,5
2534,2248,specialized_enriched,active_fraction,0.0014515829971060157,0.0017334113363176584,0.837414026260376,0.837414026260376,12,5
2535,11532,specialized_enriched,max,0.20498964190483093,0.24486157298088074,0.8371654152870178,0.8371654152870178,7,5
2536,9075,base_enriched,max,-1.3805043697357178,1.6516371965408325,-0.8358399868011475,0.8358399868011475,23,5
2537,8140,base_enriched,active_fraction,-0.00509741622954607,0.00610083295032382,-0.8355278968811035,0.8355278968811035,38,5
2538,9046,specialized_enriched,active_fraction,0.005231110379099846,0.00627438398078084,0.8337249159812927,0.8337249159812927,38,5
2539,12533,base_enriched,max,-0.34739920496940613,0.41681113839149475,-0.8334690928459167,0.8334690928459167,20,5
2540,16060,specialized_enriched,mean,0.031298309564590454,0.03756869211792946,0.8330955505371094,0.8330955505371094,50,5
2541,13276,specialized_enriched,active_fraction,0.004738153424113989,0.005689087323844433,0.8328495025634766,0.8328495025634766,30,5
2542,6845,specialized_enriched,mean,0.027449876070022583,0.033017389476299286,0.831376314163208,0.831376314163208,50,5
2543,9280,specialized_enriched,mean,0.03698226436972618,0.044521674513816833,0.8306575417518616,0.8306575417518616,37,5
2544,6913,base_enriched,max,-0.6900632381439209,0.8311344981193542,-0.8302666544914246,0.8302666544914246,44,5
2545,9572,specialized_enriched,mean,0.021923821419477463,0.026424536481499672,0.8296766877174377,0.8296766877174377,19,5
2546,4248,base_enriched,max,-0.9057769775390625,1.0937886238098145,-0.8281096816062927,0.8281096816062927,15,5
2547,5105,base_enriched,max,-0.2463662326335907,0.2976563274860382,-0.8276868462562561,0.8276868462562561,27,5
2548,6729,specialized_enriched,mean,0.02596529945731163,0.03137599676847458,0.8275529742240906,0.8275529742240906,27,5
2549,6171,base_enriched,active_fraction,-0.004765954799950123,0.005769983399659395,-0.8259910941123962,0.8259910941123962,8,5
2550,4822,base_enriched,max,-0.5725581645965576,0.6937215924263,-0.8253428339958191,0.8253428339958191,45,5
2551,13110,specialized_enriched,max,0.9938745498657227,1.204829216003418,0.8249090909957886,0.8249090909957886,36,5
2552,10029,specialized_enriched,mean,0.015540655702352524,0.018844321370124817,0.8246864080429077,0.8246864080429077,38,5
2553,4205,base_enriched,active_fraction,-0.0013866741210222244,0.0016825220081955194,-0.8241640329360962,0.8241640329360962,13,5
2554,1796,base_enriched,active_fraction,-0.006642776541411877,0.00806716363877058,-0.8234339356422424,0.8234339356422424,20,5
2555,14030,specialized_enriched,active_fraction,0.004092267714440823,0.004982348531484604,0.8213531374931335,0.8213531374931335,25,5
2556,11284,specialized_enriched,active_fraction,0.006919512525200844,0.008436129428446293,0.8202236294746399,0.8202236294746399,21,5
2557,6218,specialized_enriched,mean,0.04402216151356697,0.05367846414446831,0.8201084136962891,0.8201084136962891,50,5
2558,11586,specialized_enriched,active_fraction,0.009252786636352539,0.011290228925645351,0.8195393085479736,0.8195393085479736,41,5
2559,12720,specialized_enriched,active_fraction,0.002728363499045372,0.003329505445435643,0.8194500803947449,0.8194500803947449,7,5
2560,16353,specialized_enriched,mean,0.04551921784877777,0.05557863414287567,0.8190056681632996,0.8190056681632996,49,5
2561,388,specialized_enriched,mean,0.027061527594923973,0.03311615809798241,0.8171699047088623,0.8171699047088623,13,5
2562,13680,specialized_enriched,active_fraction,0.005254919175058603,0.006441672798246145,0.8157693147659302,0.8157693147659302,16,5
2563,6262,specialized_enriched,mean,0.04116644710302353,0.05046749860048294,0.8157021403312683,0.8157021403312683,32,5
2564,14699,base_enriched,mean,-0.014550289139151573,0.017860256135463715,-0.8146741390228271,0.8146741390228271,14,5
2565,1691,base_enriched,active_fraction,-0.009478991851210594,0.011638647876679897,-0.8144409656524658,0.8144409656524658,35,5
2566,8910,specialized_enriched,active_fraction,0.0052198986522853374,0.0064218733459711075,0.8128311634063721,0.8128311634063721,10,5
2567,16322,base_enriched,active_fraction,-0.004483324941247702,0.005517334211617708,-0.8125889897346497,0.8125889897346497,37,5
2568,9901,base_enriched,mean,-0.03481629490852356,0.04287423565983772,-0.8120563626289368,0.8120563626289368,17,5
2569,3050,specialized_enriched,mean,0.024859890341758728,0.030636016279459,0.8114596009254456,0.8114596009254456,20,5
2570,5408,specialized_enriched,active_fraction,0.004046797752380371,0.004992176312953234,0.8106279969215393,0.8106279969215393,19,5
2571,12944,specialized_enriched,mean,0.05572338402271271,0.0687587633728981,0.8104186654090881,0.8104186654090881,47,5
2572,15457,specialized_enriched,active_fraction,0.006268022116273642,0.0077436091378331184,0.8094445466995239,0.8094445466995239,42,5
2573,715,specialized_enriched,mean,0.019352097064256668,0.02397223934531212,0.8072711229324341,0.8072711229324341,7,5
2574,15958,specialized_enriched,active_fraction,0.009661344811320305,0.011988884769380093,0.8058584928512573,0.8058584928512573,16,5
2575,4207,base_enriched,active_fraction,-0.0017162293661385775,0.002132505178451538,-0.8047949075698853,0.8047949075698853,15,5
2576,13449,base_enriched,max,-0.6046123504638672,0.7531369924545288,-0.8027920126914978,0.8027920126914978,40,5
2577,16013,specialized_enriched,active_fraction,0.0028196717612445354,0.0035173525102436543,0.8016460537910461,0.8016460537910461,25,5
2578,205,specialized_enriched,active_fraction,0.0024654711596667767,0.003078845329582691,0.8007778525352478,0.8007778525352478,20,5
2579,3917,base_enriched,active_fraction,-0.004367493093013763,0.005455308128148317,-0.8005951046943665,0.8005951046943665,21,5
2580,6992,specialized_enriched,active_fraction,0.003543594852089882,0.0044263689778745174,0.800564706325531,0.800564706325531,35,5
2581,6985,base_enriched,max,-1.1653788089752197,1.4559056758880615,-0.8004493713378906,0.8004493713378906,38,5
2582,521,specialized_enriched,active_fraction,0.005627987906336784,0.007038266398012638,0.7996270060539246,0.7996270060539246,32,5
2583,11686,specialized_enriched,active_fraction,0.0096445232629776,0.012081123888492584,0.7983134388923645,0.7983134388923645,47,5
2584,13359,specialized_enriched,mean,0.029801100492477417,0.037360988557338715,0.7976529002189636,0.7976529002189636,18,5
2585,7353,specialized_enriched,active_fraction,0.0012703691609203815,0.0015941002639010549,0.7969192266464233,0.7969192266464233,6,5
2586,4550,specialized_enriched,mean,0.029462680220603943,0.03700815141201019,0.7961132526397705,0.7961132526397705,36,5
2587,15470,specialized_enriched,active_fraction,0.0026142022106796503,0.003284815466031432,0.7958444952964783,0.7958444952964783,6,5
2588,1182,base_enriched,active_fraction,-0.005578216165304184,0.007011150009930134,-0.7956207394599915,0.7956207394599915,32,5
2589,9142,base_enriched,mean,-0.02316104993224144,0.029125910252332687,-0.7952043414115906,0.7952043414115906,30,5
2590,5494,specialized_enriched,active_fraction,0.005083263386040926,0.006394312717020512,0.7949663400650024,0.7949663400650024,16,5
2591,1113,base_enriched,max,-0.7605482339859009,0.957025408744812,-0.7947001457214355,0.7947001457214355,39,5
2592,2745,specialized_enriched,mean,0.03414355590939522,0.042998068034648895,0.7940718531608582,0.7940718531608582,38,5
2593,9001,specialized_enriched,active_fraction,0.0045676035806536674,0.0057579949498176575,0.7932628393173218,0.7932628393173218,14,5
2594,2992,base_enriched,active_fraction,-0.0036787702701985836,0.004638574086129665,-0.7930821180343628,0.7930821180343628,6,5
2595,10687,specialized_enriched,mean,0.02240346558392048,0.02838214300572872,0.7893507480621338,0.7893507480621338,35,5
2596,8558,specialized_enriched,active_fraction,0.004668405279517174,0.005914399400353432,0.7893286943435669,0.7893286943435669,21,5
2597,8262,specialized_enriched,active_fraction,0.0018646718235686421,0.002375381300225854,0.7849989533424377,0.7849989533424377,11,5
2598,13487,base_enriched,active_fraction,-0.0023420830257236958,0.002985831582918763,-0.7843989133834839,0.7843989133834839,13,5
2599,361,specialized_enriched,mean,0.01590117998421192,0.020376162603497505,0.7803815007209778,0.7803815007209778,17,5
2600,6,specialized_enriched,mean,0.05457986146211624,0.07005131244659424,0.7791411876678467,0.7791411876678467,26,5
2601,10367,base_enriched,mean,-0.18806613981723785,0.24168837070465088,-0.778134822845459,0.778134822845459,12,5
2602,2169,specialized_enriched,active_fraction,0.0010764857288450003,0.0013842436019331217,0.7776707410812378,0.7776707410812378,9,5
2603,5239,base_enriched,mean,-0.03063581883907318,0.03945028409361839,-0.7765677571296692,0.7765677571296692,20,5
2604,13731,specialized_enriched,active_fraction,0.005847322288900614,0.007541269063949585,0.7753764390945435,0.7753764390945435,48,5
2605,9924,specialized_enriched,mean,0.030420180410146713,0.03927813842892647,0.7744812369346619,0.7744812369346619,28,5
2606,1525,base_enriched,max,-0.8869649171829224,1.1454856395721436,-0.7743134498596191,0.7743134498596191,21,5
2607,329,base_enriched,max,-0.7643284797668457,0.9875490665435791,-0.773965060710907,0.773965060710907,44,5
2608,7009,specialized_enriched,mean,0.036611124873161316,0.04733351990580559,0.7734714150428772,0.7734714150428772,39,5
2609,14333,specialized_enriched,max,1.0564254522323608,1.3696320056915283,0.771320641040802,0.771320641040802,7,5
2610,11362,specialized_enriched,max,0.4689949154853821,0.6083263754844666,0.7709593772888184,0.7709593772888184,29,5
2611,12026,specialized_enriched,max,0.5211797952651978,0.6760267615318298,0.7709454894065857,0.7709454894065857,33,5
2612,2017,base_enriched,active_fraction,-0.002494627144187689,0.003236238146200776,-0.770841658115387,0.770841658115387,17,5
2613,3273,specialized_enriched,mean,0.037453942000865936,0.048790596425533295,0.7676467299461365,0.7676467299461365,23,5
2614,8458,specialized_enriched,mean,0.04503127932548523,0.058710988610982895,0.7669991850852966,0.7669991850852966,12,5
2615,3552,base_enriched,active_fraction,-0.0037048039957880974,0.0048415036872029305,-0.765217661857605,0.765217661857605,43,5
2616,7169,specialized_enriched,mean,0.03216489776968956,0.04207819327712059,0.764407753944397,0.764407753944397,19,5
2617,13286,base_enriched,max,-0.36117279529571533,0.47333574295043945,-0.7630372047424316,0.7630372047424316,33,5
2618,2772,base_enriched,max,-0.8616044521331787,1.1306531429290771,-0.7620413303375244,0.7620413303375244,24,5
2619,7392,base_enriched,mean,-0.05106259137392044,0.06702051311731339,-0.761894941329956,0.761894941329956,32,5
2620,10623,specialized_enriched,max,0.5071732997894287,0.6681065559387207,0.7591204047203064,0.7591204047203064,36,5
2621,7487,specialized_enriched,max,0.28382763266563416,0.3740416169166565,0.7588129639625549,0.7588129639625549,7,5
2622,5716,base_enriched,active_fraction,-0.0017552691278979182,0.002313979435712099,-0.7585499882698059,0.7585499882698059,6,5
2623,9098,base_enriched,mean,-0.03126871958374977,0.04129441827535629,-0.7572141885757446,0.7572141885757446,41,5
2624,15793,base_enriched,active_fraction,-0.002225460484623909,0.0029391064308583736,-0.7571895122528076,0.7571895122528076,14,5
2625,8259,base_enriched,mean,-0.021280746906995773,0.028220970183610916,-0.7540756464004517,0.7540756464004517,25,5
2626,5898,base_enriched,active_fraction,-0.0012131034163758159,0.0016087619587779045,-0.7540602087974548,0.7540602087974548,14,5
2627,5192,base_enriched,max,-0.2801019251346588,0.37190642952919006,-0.7531515955924988,0.7531515955924988,48,5
2628,4569,specialized_enriched,active_fraction,0.006789329461753368,0.009027717635035515,0.7520537972450256,0.7520537972450256,16,5
2629,15873,specialized_enriched,active_fraction,0.0028037363663315773,0.00372883933596313,0.7519059181213379,0.7519059181213379,32,5
2630,3379,base_enriched,mean,-0.01813945174217224,0.024125928059220314,-0.7518654465675354,0.7518654465675354,14,5
2631,10110,base_enriched,max,-0.5002572536468506,0.6659747958183289,-0.7511654496192932,0.7511654496192932,5,5
2632,13466,specialized_enriched,max,0.6647946834564209,0.8851466178894043,0.7510560154914856,0.7510560154914856,27,5
2633,9409,base_enriched,max,-0.6643602848052979,0.8854748606681824,-0.7502869963645935,0.7502869963645935,10,5
2634,5783,base_enriched,max,-0.8926255702972412,1.1899467706680298,-0.750139057636261,0.750139057636261,45,5
2635,6554,specialized_enriched,max,0.6497930884361267,0.8663221001625061,0.7500594854354858,0.7500594854354858,14,5
2636,2567,specialized_enriched,mean,0.03996680676937103,0.053307078778743744,0.7497466802597046,0.7497466802597046,44,5
2637,11091,base_enriched,max,-0.4537320137023926,0.6051895022392273,-0.749735414981842,0.749735414981842,46,5
2638,14272,specialized_enriched,mean,0.04843416064977646,0.06472412496805191,0.7483169436454773,0.7483169436454773,45,5
2639,12368,specialized_enriched,active_fraction,0.006304575130343437,0.00843537412583828,0.747397243976593,0.747397243976593,50,5
2640,4408,specialized_enriched,mean,0.03529542312026024,0.047247402369976044,0.7470341324806213,0.7470341324806213,41,5
2641,384,specialized_enriched,active_fraction,0.005391791462898254,0.00722836097702384,0.7459217309951782,0.7459217309951782,12,5
2642,10643,base_enriched,max,-0.690676212310791,0.9267359375953674,-0.7452783584594727,0.7452783584594727,45,5
2643,10068,specialized_enriched,max,0.5902810096740723,0.7931145429611206,0.7442569732666016,0.7442569732666016,13,5
2644,3847,base_enriched,mean,-0.017476364970207214,0.02349463291466236,-0.7438449859619141,0.7438449859619141,10,5
2645,14635,specialized_enriched,max,0.9123743772506714,1.226746678352356,0.7437349557876587,0.7437349557876587,8,5
2646,10478,specialized_enriched,active_fraction,0.002528421813622117,0.003399977460503578,0.7436584234237671,0.7436584234237671,31,5
2647,2950,base_enriched,mean,-0.01942301169037819,0.02613687701523304,-0.7431266903877258,0.7431266903877258,22,5
2648,4897,specialized_enriched,active_fraction,0.016249816864728928,0.021953701972961426,0.7401857376098633,0.7401857376098633,46,5
2649,475,base_enriched,mean,-0.04804190248250961,0.06503128260374069,-0.7387506365776062,0.7387506365776062,24,5
2650,2149,specialized_enriched,max,0.6814318299293518,0.9234561324119568,0.7379146814346313,0.7379146814346313,22,5
2651,12369,specialized_enriched,active_fraction,0.007058484945446253,0.009602315723896027,0.7350815534591675,0.7350815534591675,25,5
2652,14678,base_enriched,max,-0.5902307629585266,0.8042442202568054,-0.733894944190979,0.733894944190979,19,5
2653,1370,base_enriched,active_fraction,-0.004706266801804304,0.006423892918974161,-0.7326191067695618,0.7326191067695618,28,5
2654,6808,base_enriched,max,-0.7815609574317932,1.0669100284576416,-0.7325462698936462,0.7325462698936462,19,5
2655,12305,base_enriched,active_fraction,-0.002249209675937891,0.0030750478617846966,-0.731438934803009,0.731438934803009,20,5
2656,1030,base_enriched,max,-0.256282776594162,0.35079944133758545,-0.7305678129196167,0.7305678129196167,38,5
2657,12298,base_enriched,mean,-0.015155752189457417,0.020818552002310753,-0.727992594242096,0.727992594242096,17,5
2658,4529,base_enriched,active_fraction,-0.003849914763122797,0.005288871470838785,-0.7279274463653564,0.7279274463653564,19,5
2659,7933,specialized_enriched,mean,0.02997817099094391,0.041202764958143234,0.7275766730308533,0.7275766730308533,45,5
2660,6117,base_enriched,max,-0.540314257144928,0.7428357601165771,-0.7273670434951782,0.7273670434951782,24,5
2661,5076,base_enriched,max,-0.30991125106811523,0.42655858397483826,-0.7265385389328003,0.7265385389328003,39,5
2662,14013,base_enriched,max,-0.752991795539856,1.0365912914276123,-0.7264114618301392,0.7264114618301392,30,5
2663,15781,specialized_enriched,active_fraction,0.005723262205719948,0.007887976244091988,0.7255678772926331,0.7255678772926331,7,5
2664,628,specialized_enriched,active_fraction,0.004381946753710508,0.006049024872481823,0.7244054675102234,0.7244054675102234,32,5
2665,15714,specialized_enriched,mean,0.05274691432714462,0.07294421643018723,0.7231130599975586,0.7231130599975586,23,5
2666,10440,base_enriched,active_fraction,-0.0053168791346251965,0.00736685236915946,-0.72173011302948,0.72173011302948,19,5
2667,4922,base_enriched,max,-0.38032668828964233,0.5270563364028931,-0.7216053605079651,0.7216053605079651,12,5
2668,16276,base_enriched,max,-0.2506268620491028,0.34833893179893494,-0.7194913625717163,0.7194913625717163,36,5
2669,10554,specialized_enriched,active_fraction,0.0030746287666261196,0.004278834909200668,0.7185668349266052,0.7185668349266052,40,5
2670,7329,base_enriched,active_fraction,-0.003230086527764797,0.004495363682508469,-0.7185373306274414,0.7185373306274414,28,5
2671,4321,base_enriched,max,-0.9740320444107056,1.3570908308029175,-0.7177353501319885,0.7177353501319885,20,5
2672,1287,specialized_enriched,mean,0.023181818425655365,0.032304707914590836,0.7175987362861633,0.7175987362861633,39,5
2673,7943,specialized_enriched,max,1.3182132244110107,1.8406227827072144,0.7161778211593628,0.7161778211593628,14,5
2674,6466,specialized_enriched,mean,0.010546723380684853,0.014728997834026814,0.7160516381263733,0.7160516381263733,18,5
2675,7897,specialized_enriched,active_fraction,0.004318679682910442,0.006031486205756664,0.7160224914550781,0.7160224914550781,43,5
2676,14488,specialized_enriched,mean,0.010449342429637909,0.014610710553824902,0.7151837348937988,0.7151837348937988,11,5
2677,8752,base_enriched,max,-0.31453967094421387,0.44007608294487,-0.7147393226623535,0.7147393226623535,37,5
2678,3832,specialized_enriched,active_fraction,0.00585517892614007,0.00819966197013855,0.7140756249427795,0.7140756249427795,38,5
2679,15716,base_enriched,active_fraction,-0.002260398119688034,0.003169378964230418,-0.7131990790367126,0.7131990790367126,25,5
2680,5060,base_enriched,active_fraction,-0.00193826574832201,0.002728050574660301,-0.7104948163032532,0.7104948163032532,18,5
2681,9052,base_enriched,active_fraction,-0.004546814598143101,0.00640490697696805,-0.7098954916000366,0.7098954916000366,34,5
2682,8799,base_enriched,max,-0.42695149779319763,0.6017186641693115,-0.7095533609390259,0.7095533609390259,26,5
2683,9077,base_enriched,active_fraction,-0.007791424170136452,0.010999470017850399,-0.7083454132080078,0.7083454132080078,25,5
2684,16236,base_enriched,max,-0.0945044606924057,0.13379164040088654,-0.7063555121421814,0.7063555121421814,13,5
2685,11669,specialized_enriched,max,0.3907436728477478,0.5546101331710815,0.704537570476532,0.704537570476532,27,5
2686,12604,base_enriched,active_fraction,-0.004901299253106117,0.006959022022783756,-0.7043086290359497,0.7043086290359497,5,5
2687,5714,base_enriched,max,-0.5098590850830078,0.7240767478942871,-0.7041506171226501,0.7041506171226501,43,5
2688,6828,base_enriched,active_fraction,-0.00507806520909071,0.007217970211058855,-0.7035309076309204,0.7035309076309204,20,5
2689,9941,base_enriched,mean,-0.022877581417560577,0.03259671479463577,-0.7018370032310486,0.7018370032310486,16,5
2690,12470,specialized_enriched,active_fraction,0.0022624351549893618,0.0032257032580673695,0.7013773322105408,0.7013773322105408,20,5
2691,10418,base_enriched,max,-0.787314236164093,1.1228221654891968,-0.7011922597885132,0.7011922597885132,21,5
2692,479,specialized_enriched,mean,0.06336040794849396,0.09055262804031372,0.699708104133606,0.699708104133606,18,5
2693,9757,specialized_enriched,active_fraction,0.009043462574481964,0.012947522103786469,0.6984705328941345,0.6984705328941345,34,5
2694,11216,base_enriched,mean,-0.037300191819667816,0.05358570069074631,-0.6960847973823547,0.6960847973823547,39,5
2695,2741,base_enriched,max,-0.5915877819061279,0.8507658243179321,-0.6953591108322144,0.6953591108322144,23,5
2696,9962,base_enriched,active_fraction,-0.001900042174383998,0.0027358552906662226,-0.6944965720176697,0.6944965720176697,10,5
2697,12075,specialized_enriched,mean,0.014310728758573532,0.02060837671160698,0.6944131851196289,0.6944131851196289,26,5
2698,2945,base_enriched,max,-0.8492147922515869,1.2240647077560425,-0.6937662363052368,0.6937662363052368,43,5
2699,13400,base_enriched,active_fraction,-0.004785886965692043,0.006902159191668034,-0.6933898329734802,0.6933898329734802,33,5
2700,9216,base_enriched,max,-0.5195620059967041,0.7498857378959656,-0.6928548812866211,0.6928548812866211,11,5
2701,8148,specialized_enriched,mean,0.02432454377412796,0.03511257469654083,0.6927587389945984,0.6927587389945984,48,5
2702,10082,specialized_enriched,active_fraction,0.00673691788688302,0.009731939993798733,0.6922481656074524,0.6922481656074524,48,5
2703,9583,specialized_enriched,active_fraction,0.003253738861531019,0.004705691710114479,0.6914474964141846,0.6914474964141846,37,5
2704,10829,specialized_enriched,mean,0.008769836276769638,0.012688650749623775,0.6911559104919434,0.6911559104919434,27,5
2705,2002,specialized_enriched,max,0.6746338605880737,0.9769744873046875,0.6905337572097778,0.6905337572097778,21,5
2706,1104,specialized_enriched,max,0.8125985860824585,1.1784578561782837,0.6895440220832825,0.6895440220832825,16,5
2707,1327,base_enriched,max,-0.833275556564331,1.2110285758972168,-0.6880725622177124,0.6880725622177124,31,5
2708,6949,specialized_enriched,mean,0.02443747967481613,0.035537395626306534,0.6876553297042847,0.6876553297042847,18,5
2709,10937,specialized_enriched,mean,0.02370087057352066,0.034500814974308014,0.6869655251502991,0.6869655251502991,44,5
2710,2368,base_enriched,max,-0.5448877811431885,0.7941381335258484,-0.6861372590065002,0.6861372590065002,23,5
2711,14740,base_enriched,active_fraction,-0.001472200034186244,0.002145722508430481,-0.6861092448234558,0.6861092448234558,30,5
2712,4837,specialized_enriched,active_fraction,0.0017862895037978888,0.002604496432468295,0.6858482956886292,0.6858482956886292,28,5
2713,9204,specialized_enriched,max,1.535431146621704,2.2390074729919434,0.6857641935348511,0.6857641935348511,9,5
2714,10010,specialized_enriched,mean,0.008002704940736294,0.011677782982587814,0.6852931976318359,0.6852931976318359,19,5
2715,1881,specialized_enriched,max,1.5764633417129517,2.3035778999328613,0.6843542456626892,0.6843542456626892,28,5
2716,478,base_enriched,active_fraction,-0.004130469635128975,0.006042984314262867,-0.6835148930549622,0.6835148930549622,21,5
2717,4942,specialized_enriched,active_fraction,0.00911637768149376,0.013338199816644192,0.6834788918495178,0.6834788918495178,35,5
2718,15444,specialized_enriched,mean,0.06475362181663513,0.09475528448820114,0.6833774447441101,0.6833774447441101,36,5
2719,2536,base_enriched,max,-0.7314140796661377,1.071705937385559,-0.6824764609336853,0.6824764609336853,50,5
2720,2999,base_enriched,max,-0.8269206285476685,1.2130032777786255,-0.6817134618759155,0.6817134618759155,31,5
2721,4752,specialized_enriched,active_fraction,0.004538323730230331,0.006666500121355057,0.6807655692100525,0.6807655692100525,50,5
2722,6950,base_enriched,active_fraction,-0.0030133456457406282,0.004428323358297348,-0.6804710030555725,0.6804710030555725,19,5
2723,3812,specialized_enriched,active_fraction,0.0035356469452381134,0.00520284753292799,0.6795600056648254,0.6795600056648254,49,5
2724,882,base_enriched,active_fraction,-0.0022475169971585274,0.003309631487354636,-0.6790837645530701,0.6790837645530701,23,5
2725,2632,specialized_enriched,max,0.597386360168457,0.8808385133743286,0.6782019138336182,0.6782019138336182,44,5
2726,3057,specialized_enriched,mean,0.022066593170166016,0.03262712433934212,0.6763266324996948,0.6763266324996948,49,5
2727,13902,specialized_enriched,active_fraction,0.001310546649619937,0.0019438073504716158,0.6742163300514221,0.6742163300514221,18,5
2728,5126,specialized_enriched,max,0.655930757522583,0.974332869052887,0.6732101440429688,0.6732101440429688,50,5
2729,15473,base_enriched,active_fraction,-0.004307306371629238,0.006399549078196287,-0.6730640530586243,0.6730640530586243,21,5
2730,10552,base_enriched,mean,-0.05144491791725159,0.0764366164803505,-0.6730402112007141,0.6730402112007141,11,5
2731,4152,base_enriched,max,-0.7325299382209778,1.0885978937149048,-0.6729114055633545,0.6729114055633545,42,5
2732,16270,base_enriched,max,-0.5272833108901978,0.7868819236755371,-0.6700920462608337,0.6700920462608337,32,5
2733,220,base_enriched,max,-0.9371869564056396,1.3988947868347168,-0.669948160648346,0.669948160648346,25,5
2734,12453,specialized_enriched,active_fraction,0.0018890427891165018,0.002825412666425109,0.6685900688171387,0.6685900688171387,19,5
2735,7592,specialized_enriched,max,0.3955467939376831,0.5925076603889465,0.6675809025764465,0.6675809025764465,38,5
2736,13818,base_enriched,max,-0.42852550745010376,0.6420912146568298,-0.6673904061317444,0.6673904061317444,48,5
2737,14778,base_enriched,mean,-0.011646006256341934,0.017459651455283165,-0.6670239567756653,0.6670239567756653,13,5
2738,169,specialized_enriched,max,1.270899772644043,1.905981421470642,0.6667954921722412,0.6667954921722412,26,5
2739,10941,base_enriched,mean,-0.026789367198944092,0.040203243494033813,-0.666348397731781,0.666348397731781,39,5
2740,8947,base_enriched,max,-0.7213446497917175,1.0844088792800903,-0.6651961803436279,0.6651961803436279,26,5
2741,12823,base_enriched,max,-0.8602964878082275,1.2976703643798828,-0.662954568862915,0.662954568862915,36,5
2742,8593,base_enriched,mean,-0.029223429039120674,0.04425748065114021,-0.660304844379425,0.660304844379425,12,5
2743,11441,specialized_enriched,max,0.1674552708864212,0.2547033429145813,0.6574521660804749,0.6574521660804749,5,5
2744,695,base_enriched,active_fraction,-0.0018583245109766722,0.0028274741489440203,-0.6572383642196655,0.6572383642196655,13,5
2745,15744,base_enriched,max,-0.3014627695083618,0.4589747190475464,-0.6568177938461304,0.6568177938461304,50,5
2746,14817,base_enriched,max,-0.8784669041633606,1.3377223014831543,-0.6566885113716125,0.6566885113716125,33,5
2747,1415,specialized_enriched,max,0.42780256271362305,0.6535840034484863,0.654548704624176,0.654548704624176,18,5
2748,11551,specialized_enriched,mean,0.019708648324012756,0.0301107969135046,0.654537558555603,0.654537558555603,32,5
2749,3587,specialized_enriched,mean,0.019668349996209145,0.030063534155488014,0.6542261242866516,0.6542261242866516,27,5
2750,4188,specialized_enriched,mean,0.012525245547294617,0.01916104555130005,0.6536827683448792,0.6536827683448792,49,5
2751,14465,specialized_enriched,mean,0.023953218013048172,0.03673722967505455,0.6520147919654846,0.6520147919654846,26,5
2752,595,base_enriched,max,-0.5419540405273438,0.8315033912658691,-0.6517760753631592,0.6517760753631592,19,5
2753,84,specialized_enriched,active_fraction,0.002845659153535962,0.004366167355328798,0.6517521739006042,0.6517521739006042,28,5
2754,12809,specialized_enriched,mean,0.0412730909883976,0.06340910494327545,0.6509016752243042,0.6509016752243042,44,5
2755,13439,specialized_enriched,active_fraction,0.0017435355111956596,0.002684245817363262,0.6495438814163208,0.6495438814163208,28,5
2756,1369,base_enriched,max,-0.5846672058105469,0.9009686708450317,-0.6489318013191223,0.6489318013191223,36,5
2757,2742,base_enriched,max,-0.6932675838470459,1.0708965063095093,-0.647371232509613,0.647371232509613,50,5
2758,14485,specialized_enriched,mean,0.025524286553263664,0.039481766521930695,0.6464828848838806,0.6464828848838806,26,5
2759,10906,specialized_enriched,active_fraction,0.002555264625698328,0.003955567255616188,0.6459919810295105,0.6459919810295105,17,5
2760,5048,specialized_enriched,active_fraction,0.00301346555352211,0.004674146883189678,0.6447092294692993,0.6447092294692993,33,5
2761,15185,specialized_enriched,max,0.6564154624938965,1.0190616846084595,0.6441371440887451,0.6441371440887451,45,5
2762,9090,specialized_enriched,active_fraction,0.00446383748203516,0.006933657452464104,0.6437926292419434,0.6437926292419434,21,5
2763,3507,specialized_enriched,active_fraction,0.0021283505484461784,0.003306133672595024,0.6437581777572632,0.6437581777572632,38,5
2764,12794,specialized_enriched,mean,0.023026250302791595,0.03577520698308945,0.6436371207237244,0.6436371207237244,32,5
2765,11449,base_enriched,max,-0.5914232730865479,0.9201177358627319,-0.6427690982818604,0.6427690982818604,50,5
2766,13967,specialized_enriched,max,0.3117978870868683,0.48523131012916565,0.6425758004188538,0.6425758004188538,16,5
2767,10080,specialized_enriched,max,0.8981225490570068,1.4030238389968872,0.6401335000991821,0.6401335000991821,44,5
2768,14591,specialized_enriched,mean,0.008519926108419895,0.013311013579368591,0.6400659084320068,0.6400659084320068,5,5
2769,16144,base_enriched,active_fraction,-0.0016439668834209442,0.0025693546049296856,-0.6398364901542664,0.6398364901542664,14,5
2770,5609,base_enriched,max,-0.28098171949386597,0.4402107000350952,-0.6382891535758972,0.6382891535758972,30,5
2771,8909,base_enriched,max,-0.41403353214263916,0.6486855149269104,-0.6382654309272766,0.6382654309272766,49,5
2772,13194,specialized_enriched,active_fraction,0.0051498631946742535,0.00807750504463911,0.6375561952590942,0.6375561952590942,21,5
2773,13883,specialized_enriched,active_fraction,0.006099306512624025,0.00956723839044571,0.6375200748443604,0.6375200748443604,31,5
2774,6824,base_enriched,max,-0.3762843608856201,0.5918407440185547,-0.6357865333557129,0.6357865333557129,29,5
2775,10342,specialized_enriched,active_fraction,0.001884734956547618,0.0029668444767594337,0.6352658271789551,0.6352658271789551,15,5
2776,10256,specialized_enriched,active_fraction,0.003097236156463623,0.004890310578048229,0.633341372013092,0.633341372013092,38,5
2777,13892,specialized_enriched,active_fraction,0.0027409112080931664,0.004327735863626003,0.633336067199707,0.633336067199707,26,5
2778,16058,specialized_enriched,active_fraction,0.004015516489744186,0.006366661749780178,0.6307098865509033,0.6307098865509033,45,5
2779,14896,base_enriched,active_fraction,-0.0017758292378857732,0.0028178684879094362,-0.6302030086517334,0.6302030086517334,16,5
2780,6892,base_enriched,max,-0.5283608436584473,0.8393148183822632,-0.6295145153999329,0.6295145153999329,49,5
2781,3555,specialized_enriched,mean,0.00667539844289422,0.010607930831611156,0.6292837262153625,0.6292837262153625,6,5
2782,13407,base_enriched,max,-0.9579671621322632,1.5232433080673218,-0.6288996338844299,0.6288996338844299,29,5
2783,10023,base_enriched,active_fraction,-0.0033892362844198942,0.005396415013819933,-0.6280533075332642,0.6280533075332642,13,5
2784,7498,specialized_enriched,max,0.2850343585014343,0.45405033230781555,0.6277593970298767,0.6277593970298767,19,5
2785,6151,base_enriched,mean,-0.015887152403593063,0.02531086653470993,-0.6276810765266418,0.6276810765266418,37,5
2786,16125,specialized_enriched,active_fraction,0.005934548564255238,0.00945587083697319,0.6276046633720398,0.6276046633720398,50,5
2787,9189,base_enriched,max,-0.41025280952453613,0.6543432474136353,-0.6269688010215759,0.6269688010215759,42,5
2788,9247,specialized_enriched,mean,0.03667515143752098,0.058549609035253525,0.6263944506645203,0.6263944506645203,50,5
2789,15915,specialized_enriched,max,0.16227924823760986,0.2592020332813263,0.6260724067687988,0.6260724067687988,7,5
2790,15579,specialized_enriched,active_fraction,0.0065805744379758835,0.010517610237002373,0.6256720423698425,0.6256720423698425,30,5
2791,14868,specialized_enriched,max,0.5547688007354736,0.8894437551498413,0.6237255334854126,0.6237255334854126,43,5
2792,2141,base_enriched,active_fraction,-0.004449148662388325,0.007141930982470512,-0.6229615807533264,0.6229615807533264,29,5
2793,5159,specialized_enriched,active_fraction,0.0019785091280937195,0.003176969476044178,0.6227661967277527,0.6227661967277527,19,5
2794,11667,specialized_enriched,mean,0.033596254885196686,0.05401068925857544,0.622029721736908,0.622029721736908,26,5
2795,13413,specialized_enriched,active_fraction,0.0022723085712641478,0.003656926332041621,0.6213711500167847,0.6213711500167847,19,5
2796,12695,specialized_enriched,mean,0.07925889641046524,0.1276821792125702,0.6207514405250549,0.6207514405250549,5,5
2797,2911,specialized_enriched,active_fraction,0.0101779755204916,0.01642659865319729,0.6196033358573914,0.6196033358573914,40,5
2798,10598,specialized_enriched,active_fraction,0.0026799775660037994,0.004329163581132889,0.6190520524978638,0.6190520524978638,46,5
2799,15491,specialized_enriched,active_fraction,0.008562693372368813,0.01384223997592926,0.6185916066169739,0.6185916066169739,41,5
2800,990,specialized_enriched,active_fraction,0.003245753236114979,0.005278374068439007,0.6149153709411621,0.6149153709411621,50,5
2801,10894,base_enriched,max,-0.9936857223510742,1.6205129623413086,-0.613192081451416,0.613192081451416,23,5
2802,5521,specialized_enriched,active_fraction,0.005712173879146576,0.009319341741502285,0.6129375100135803,0.6129375100135803,34,5
2803,6906,specialized_enriched,max,0.34902241826057434,0.5708483457565308,0.6114100813865662,0.6114100813865662,24,5
2804,114,base_enriched,max,-0.2571786642074585,0.42130711674690247,-0.6104303598403931,0.6104303598403931,40,5
2805,5700,specialized_enriched,active_fraction,0.006909556686878204,0.01132919266819954,0.609889566898346,0.609889566898346,48,5
2806,7882,base_enriched,mean,-0.014227213338017464,0.023337850347161293,-0.609619677066803,0.609619677066803,44,5
2807,1622,base_enriched,max,-0.5925313234329224,0.9750458002090454,-0.6076958775520325,0.6076958775520325,34,5
2808,7820,specialized_enriched,max,0.3298037052154541,0.542949378490448,0.6074299216270447,0.6074299216270447,25,5
2809,10969,base_enriched,mean,-0.013129299506545067,0.021725893020629883,-0.6043157577514648,0.6043157577514648,18,5
2810,2086,base_enriched,mean,-0.01258416660130024,0.0209113247692585,-0.6017871499061584,0.6017871499061584,23,5
2811,8826,base_enriched,mean,-0.011765951290726662,0.019587289541959763,-0.6006931662559509,0.6006931662559509,27,5
2812,3009,specialized_enriched,active_fraction,0.003907094709575176,0.0065071843564510345,0.6004278659820557,0.6004278659820557,27,5
2813,6548,base_enriched,active_fraction,-0.003986764699220657,0.006653112825006247,-0.5992329716682434,0.5992329716682434,39,5
2814,15361,specialized_enriched,max,0.6311331987380981,1.055131435394287,0.5981559753417969,0.5981559753417969,40,5
2815,16018,specialized_enriched,max,0.5996553897857666,1.0027050971984863,0.5980376601219177,0.5980376601219177,48,5
2816,13384,base_enriched,max,-0.32932817935943604,0.5514213442802429,-0.5972350835800171,0.5972350835800171,49,5
2817,14754,specialized_enriched,active_fraction,0.0015400712145492435,0.0025802506133913994,0.5968688726425171,0.5968688726425171,22,5
2818,10133,specialized_enriched,max,0.6274718046188354,1.05368971824646,0.595499575138092,0.595499575138092,42,5
2819,3468,specialized_enriched,active_fraction,0.00310364062897861,0.005218759644776583,0.5947085022926331,0.5947085022926331,10,5
2820,15442,base_enriched,active_fraction,-0.0032052434980869293,0.005399596411734819,-0.5936079621315002,0.5936079621315002,21,5
2821,4864,base_enriched,active_fraction,-0.0051944260485470295,0.008753892034292221,-0.5933847427368164,0.5933847427368164,5,5
2822,4143,specialized_enriched,active_fraction,0.0028842983301728964,0.004862681962549686,0.593149721622467,0.593149721622467,24,5
2823,8530,base_enriched,active_fraction,-0.003358823712915182,0.005666680634021759,-0.5927321314811707,0.5927321314811707,35,5
2824,10392,base_enriched,max,-0.4977167844772339,0.8413048386573792,-0.5916010141372681,0.5916010141372681,36,5
2825,4060,base_enriched,max,-0.2949187159538269,0.4986426532268524,-0.5914430022239685,0.5914430022239685,17,5
2826,10162,specialized_enriched,max,0.5623618364334106,0.9513968825340271,0.5910906791687012,0.5910906791687012,46,5
2827,1366,specialized_enriched,max,0.3479287624359131,0.5891269445419312,0.5905836820602417,0.5905836820602417,28,5
2828,5333,specialized_enriched,mean,0.012682434171438217,0.02154652215540409,0.5886070132255554,0.5886070132255554,12,5
2829,15722,specialized_enriched,mean,0.00407427828758955,0.0069298408925533295,0.5879324674606323,0.5879324674606323,27,5
2830,9560,base_enriched,active_fraction,-0.008280755020678043,0.01409309171140194,-0.5875754952430725,0.5875754952430725,30,5
2831,7004,specialized_enriched,active_fraction,0.0037445644848048687,0.006394850555807352,0.5855593681335449,0.5855593681335449,16,5
2832,8049,base_enriched,max,-0.472470760345459,0.8104839324951172,-0.5829489827156067,0.5829489827156067,46,5
2833,5106,base_enriched,max,-0.4310604929924011,0.7402825951576233,-0.5822917819023132,0.5822917819023132,22,5
2834,10187,specialized_enriched,active_fraction,0.003695569932460785,0.006353728007525206,0.5816380381584167,0.5816380381584167,47,5
2835,7749,specialized_enriched,max,1.1739072799682617,2.0217275619506836,0.5806456208229065,0.5806456208229065,8,5
2836,13497,specialized_enriched,max,0.5782549977302551,0.9963769912719727,0.5803576111793518,0.5803576111793518,19,5
2837,7393,specialized_enriched,max,0.6449960470199585,1.112784743309021,0.5796234011650085,0.5796234011650085,9,5
2838,14318,specialized_enriched,mean,0.018099987879395485,0.031275998800992966,0.5787181258201599,0.5787181258201599,19,5
2839,7101,specialized_enriched,max,0.12206844985485077,0.21098953485488892,0.5785521268844604,0.5785521268844604,14,5
2840,12520,base_enriched,max,-0.688261866569519,1.1977944374084473,-0.5746076703071594,0.5746076703071594,26,5
2841,9293,specialized_enriched,active_fraction,0.004183169454336166,0.00728664081543684,0.5740875005722046,0.5740875005722046,50,5
2842,2004,specialized_enriched,active_fraction,0.007917504757642746,0.013852110132575035,0.5715739130973816,0.5715739130973816,44,5
2843,15674,base_enriched,active_fraction,-0.0033313282765448093,0.005832273978739977,-0.5711885690689087,0.5711885690689087,28,5
2844,2202,base_enriched,max,-0.25952428579330444,0.4546529948711395,-0.5708183646202087,0.5708183646202087,12,5
2845,4653,base_enriched,max,-0.47576379776000977,0.8342674374580383,-0.5702773332595825,0.5702773332595825,35,5
2846,5708,base_enriched,mean,-0.015703201293945312,0.027654537931084633,-0.5678344964981079,0.5678344964981079,13,5
2847,12526,base_enriched,max,-0.46391385793685913,0.8192241191864014,-0.5662844181060791,0.5662844181060791,20,5
2848,9585,base_enriched,mean,-0.00759210716933012,0.013429722748696804,-0.5653212070465088,0.5653212070465088,11,5
2849,5923,base_enriched,max,-0.16529586911201477,0.29294630885124207,-0.5642530918121338,0.5642530918121338,34,5
2850,14874,base_enriched,mean,-0.033579349517822266,0.059631139039993286,-0.5631176829338074,0.5631176829338074,34,5
2851,4603,specialized_enriched,active_fraction,0.004128318279981613,0.007332690991461277,0.563001811504364,0.563001811504364,45,5
2852,12353,base_enriched,active_fraction,-0.004177670460194349,0.007453628350049257,-0.5604881644248962,0.5604881644248962,46,5
2853,746,base_enriched,mean,-0.018752429634332657,0.03357069194316864,-0.5585952401161194,0.5585952401161194,13,5
2854,11896,base_enriched,max,-0.5476934909820557,0.9817072749137878,-0.557898998260498,0.557898998260498,32,5
2855,13002,specialized_enriched,mean,0.017752282321453094,0.03182322531938553,0.5578404664993286,0.5578404664993286,29,5
2856,14072,base_enriched,mean,-0.017491571605205536,0.03135634958744049,-0.557831883430481,0.557831883430481,38,5
2857,12458,specialized_enriched,mean,0.00926889292895794,0.01667019911110401,0.5560157299041748,0.5560157299041748,19,5
2858,14467,base_enriched,mean,-0.025961779057979584,0.04677051305770874,-0.5550886392593384,0.5550886392593384,45,5
2859,2410,base_enriched,max,-0.2738960385322571,0.49344921112060547,-0.55506432056427,0.55506432056427,21,5
2860,8545,base_enriched,mean,-0.02393358200788498,0.04315163940191269,-0.5546389818191528,0.5546389818191528,37,5
2861,11207,base_enriched,max,-0.4856683015823364,0.8761824369430542,-0.5543004274368286,0.5543004274368286,49,5
2862,7362,base_enriched,active_fraction,-0.001297738286666572,0.002343879546970129,-0.5536710619926453,0.5536710619926453,20,5
2863,9811,base_enriched,max,-0.4803626537322998,0.8719770312309265,-0.5508891344070435,0.5508891344070435,20,5
2864,7416,specialized_enriched,max,0.5591188669204712,1.0156347751617432,0.5505117177963257,0.5505117177963257,26,5
2865,15667,specialized_enriched,max,1.0756516456604004,1.9539170265197754,0.5505104064941406,0.5505104064941406,16,5
2866,7062,specialized_enriched,mean,0.017132380977272987,0.031138813123106956,0.5501937866210938,0.5501937866210938,28,5
2867,13336,base_enriched,max,-0.09338141977787018,0.1697545051574707,-0.550096869468689,0.550096869468689,5,5
2868,4479,specialized_enriched,mean,0.023506104946136475,0.042737916111946106,0.5500058531761169,0.5500058531761169,50,5
2869,3638,base_enriched,mean,-0.013330678455531597,0.024295633658766747,-0.5486862063407898,0.5486862063407898,9,5
2870,8825,base_enriched,mean,-0.018289603292942047,0.033343780785799026,-0.5485161542892456,0.5485161542892456,48,5
2871,6905,base_enriched,mean,-0.013375112786889076,0.024390341714024544,-0.5483774542808533,0.5483774542808533,11,5
2872,3867,base_enriched,max,-0.8485428094863892,1.549496054649353,-0.5476250052452087,0.5476250052452087,13,5
2873,11608,specialized_enriched,mean,0.011984485201537609,0.021933171898126602,0.5464091300964355,0.5464091300964355,15,5
2874,11115,base_enriched,active_fraction,-0.003494975157082081,0.0064268046990036964,-0.5438122749328613,0.5438122749328613,38,5
2875,13474,specialized_enriched,active_fraction,0.0038560298271477222,0.007108680903911591,0.5424395799636841,0.5424395799636841,23,5
2876,1895,specialized_enriched,mean,0.025577954947948456,0.04716838151216507,0.5422691106796265,0.5422691106796265,50,5
2877,3919,base_enriched,mean,-0.017722509801387787,0.03270552307367325,-0.541881263256073,0.541881263256073,47,5
2878,1084,specialized_enriched,mean,0.011039968580007553,0.020403319969773293,0.5410868525505066,0.5410868525505066,35,5
2879,12905,base_enriched,active_fraction,-0.0027418960817158222,0.0050710467621684074,-0.5406962633132935,0.5406962633132935,38,5
2880,15207,base_enriched,max,-0.3576514720916748,0.6625186800956726,-0.539836049079895,0.539836049079895,40,5
2881,14951,base_enriched,mean,-0.019580285996198654,0.03631085529923439,-0.5392405390739441,0.5392405390739441,14,5
2882,9307,specialized_enriched,max,0.569614052772522,1.0595406293869019,0.5376047492027283,0.5376047492027283,27,5
2883,5701,specialized_enriched,mean,0.017279673367738724,0.032144296914339066,0.5375657677650452,0.5375657677650452,42,5
2884,14448,base_enriched,max,-0.4192947745323181,0.780001163482666,-0.5375565886497498,0.5375565886497498,28,5
2885,4834,specialized_enriched,mean,0.008499756455421448,0.01586959883570671,0.535599946975708,0.535599946975708,19,5
2886,2253,base_enriched,active_fraction,-0.0033942777663469315,0.006339621264487505,-0.5354070067405701,0.5354070067405701,41,5
2887,4239,base_enriched,active_fraction,-0.0024938497226685286,0.00466697895899415,-0.5343605875968933,0.5343605875968933,37,5
2888,3854,specialized_enriched,active_fraction,0.003787838853895664,0.007093011401593685,0.5340240597724915,0.5340240597724915,13,5
2889,11381,specialized_enriched,mean,0.009491730481386185,0.017781782895326614,0.5337895750999451,0.5337895750999451,23,5
2890,14298,base_enriched,active_fraction,-0.0009461663430556655,0.0017760086338967085,-0.5327487587928772,0.5327487587928772,20,5
2891,13565,base_enriched,active_fraction,-0.00135843048337847,0.0025559887290000916,-0.5314696431159973,0.5314696431159973,12,5
2892,10507,base_enriched,max,-0.4767947196960449,0.8984888792037964,-0.5306628942489624,0.5306628942489624,34,5
2893,5120,specialized_enriched,max,0.3410027027130127,0.6427287459373474,0.5305545926094055,0.5305545926094055,50,5
2894,11016,specialized_enriched,active_fraction,0.008593682199716568,0.016221819445490837,0.5297606587409973,0.5297606587409973,29,5
2895,5172,specialized_enriched,max,0.5632246732711792,1.064272403717041,0.5292109847068787,0.5292109847068787,6,5
2896,15660,base_enriched,mean,-0.016079401597380638,0.030443497002124786,-0.528171956539154,0.528171956539154,17,5
2897,11472,specialized_enriched,active_fraction,0.0034811992663890123,0.006611163727939129,0.5265637636184692,0.5265637636184692,44,5
2898,15482,base_enriched,mean,-0.023908033967018127,0.04560895264148712,-0.5241960883140564,0.5241960883140564,18,5
2899,9232,base_enriched,max,-0.10420951247215271,0.1992945671081543,-0.5228918790817261,0.5228918790817261,11,5
2900,7586,specialized_enriched,active_fraction,0.0007274243980646133,0.0013940019998699427,0.5218244791030884,0.5218244791030884,11,5
2901,12162,specialized_enriched,max,0.3707626461982727,0.7106003165245056,0.5217597484588623,0.5217597484588623,25,5
2902,11088,specialized_enriched,active_fraction,0.005633920431137085,0.01084080245345831,0.5196958780288696,0.5196958780288696,20,5
2903,12227,specialized_enriched,max,0.5563409924507141,1.0714280605316162,0.519251823425293,0.519251823425293,7,5
2904,15153,base_enriched,max,-0.5756028890609741,1.1120762825012207,-0.5175929665565491,0.5175929665565491,44,5
2905,6469,specialized_enriched,max,0.728737473487854,1.4109694957733154,0.5164799690246582,0.5164799690246582,20,5
2906,6576,specialized_enriched,mean,0.009350502863526344,0.018204456195235252,0.5136381387710571,0.5136381387710571,14,5
2907,13422,specialized_enriched,active_fraction,0.0030885557644069195,0.006014959421008825,0.5134790539741516,0.5134790539741516,20,5
2908,15646,specialized_enriched,active_fraction,0.0012870903592556715,0.002507433295249939,0.513309895992279,0.513309895992279,24,5
2909,2619,specialized_enriched,max,1.2742557525634766,2.483469247817993,0.5130950212478638,0.5130950212478638,9,5
2910,14974,base_enriched,mean,-0.03163208067417145,0.06182354688644409,-0.5116510391235352,0.5116510391235352,16,5
2911,14456,specialized_enriched,mean,0.013436134904623032,0.02630610764026642,0.510761022567749,0.510761022567749,41,5
2912,9868,base_enriched,max,-0.2320426106452942,0.45471569895744324,-0.5103026032447815,0.5103026032447815,46,5
2913,13499,specialized_enriched,active_fraction,0.001674900995567441,0.003296001348644495,0.5081614851951599,0.5081614851951599,24,5
2914,8928,specialized_enriched,active_fraction,0.0029953215271234512,0.0059117828495800495,0.5066697597503662,0.5066697597503662,32,5
2915,3898,specialized_enriched,max,0.2344648689031601,0.46276843547821045,0.5066570043563843,0.5066570043563843,6,5
2916,12940,specialized_enriched,max,0.3145903944969177,0.6214485764503479,0.5062211155891418,0.5062211155891418,22,5
2917,9604,base_enriched,mean,-0.009525539353489876,0.018890414386987686,-0.504252552986145,0.504252552986145,13,5
2918,5992,specialized_enriched,max,0.298006534576416,0.5917866826057434,0.5035708546638489,0.5035708546638489,48,5
2919,13813,specialized_enriched,mean,0.011458048596978188,0.02280299738049507,0.5024799108505249,0.5024799108505249,17,5
2920,15390,base_enriched,max,-0.8427848815917969,1.6791547536849976,-0.5019102096557617,0.5019102096557617,44,5
2921,4902,base_enriched,max,-0.5688424110412598,1.1432687044143677,-0.49755793809890747,0.49755793809890747,33,5
2922,9405,base_enriched,max,-0.25627636909484863,0.5171674489974976,-0.49553847312927246,0.49553847312927246,50,5
2923,7363,specialized_enriched,mean,0.015553372912108898,0.03139088675379753,0.4954741597175598,0.4954741597175598,50,5
2924,4844,specialized_enriched,mean,0.007578596938401461,0.015441873110830784,0.490782231092453,0.490782231092453,16,5
2925,5101,specialized_enriched,mean,0.021098684519529343,0.043066587299108505,0.4899084270000458,0.4899084270000458,50,5
2926,5780,specialized_enriched,mean,0.020334899425506592,0.04160795733332634,0.4887261986732483,0.4887261986732483,20,5
2927,2234,base_enriched,max,-0.3324475884437561,0.6822951436042786,-0.487248957157135,0.487248957157135,17,5
2928,9785,specialized_enriched,max,0.5278091430664062,1.0833271741867065,0.4872111976146698,0.4872111976146698,13,5
2929,10927,specialized_enriched,active_fraction,0.0033526653423905373,0.006899014115333557,0.48596295714378357,0.48596295714378357,37,5
2930,2151,specialized_enriched,max,0.5076020359992981,1.0460224151611328,0.48526880145072937,0.48526880145072937,15,5
2931,2147,base_enriched,mean,-0.008129870519042015,0.016819925978779793,-0.4833475947380066,0.4833475947380066,27,5
2932,5029,base_enriched,active_fraction,-0.0014681320171803236,0.0030498201958835125,-0.48138314485549927,0.48138314485549927,29,5
2933,4935,base_enriched,max,-0.5292782783508301,1.11658775806427,-0.4740140438079834,0.4740140438079834,11,5
2934,6823,specialized_enriched,mean,0.01309653464704752,0.027671029791235924,0.47329407930374146,0.47329407930374146,6,5
2935,8668,specialized_enriched,active_fraction,0.0023885504342615604,0.005088241305202246,0.4694255292415619,0.4694255292415619,33,5
2936,4986,base_enriched,active_fraction,-0.0012108448427170515,0.0025794950779527426,-0.46941158175468445,0.46941158175468445,15,5
2937,1964,base_enriched,active_fraction,-0.0008946477901190519,0.0019127338891848922,-0.4677324891090393,0.4677324891090393,22,5
2938,11568,base_enriched,max,-0.3874916434288025,0.8289352059364319,-0.4674570858478546,0.4674570858478546,23,5
2939,10522,specialized_enriched,active_fraction,0.002333744429051876,0.005018692929297686,0.465010404586792,0.465010404586792,42,5
2940,7617,base_enriched,max,-0.6480391025543213,1.3956449031829834,-0.4643295109272003,0.4643295109272003,36,5
2941,4877,base_enriched,active_fraction,-0.0014262243639677763,0.0030775859486311674,-0.46342307329177856,0.46342307329177856,23,5
2942,4340,specialized_enriched,mean,0.018558181822299957,0.04011216759681702,0.4626571536064148,0.4626571536064148,17,5
2943,15888,base_enriched,max,-0.2406313419342041,0.5238176584243774,-0.45937997102737427,0.45937997102737427,31,5
2944,4554,specialized_enriched,mean,0.02758578583598137,0.06036525219678879,0.45698121190071106,0.45698121190071106,25,5
2945,2412,base_enriched,active_fraction,-0.001197924604639411,0.0026236926205456257,-0.45657962560653687,0.45657962560653687,16,5
2946,15960,base_enriched,max,-0.3792266845703125,0.8377678990364075,-0.4526631832122803,0.4526631832122803,31,5
2947,12529,base_enriched,mean,-0.012633771635591984,0.02800166793167591,-0.45117926597595215,0.45117926597595215,35,5
2948,8649,base_enriched,active_fraction,-0.0020682350732386112,0.004586187191307545,-0.45097050070762634,0.45097050070762634,18,5
2949,4959,base_enriched,mean,-0.03664581850171089,0.08168184012174606,-0.44864094257354736,0.44864094257354736,5,5
2950,9896,specialized_enriched,mean,0.015260588377714157,0.0340181440114975,0.44860145449638367,0.44860145449638367,31,5
2951,3803,base_enriched,max,-0.2018297016620636,0.4513699412345886,-0.4471491873264313,0.4471491873264313,11,5
2952,10693,base_enriched,active_fraction,-0.0025506443344056606,0.005738066043704748,-0.44451290369033813,0.44451290369033813,15,5
2953,15654,base_enriched,max,-0.22404098510742188,0.510211706161499,-0.4391137659549713,0.4391137659549713,47,5
2954,16120,specialized_enriched,max,0.45439910888671875,1.0367387533187866,0.4382966458797455,0.4382966458797455,7,5
2955,7420,base_enriched,max,-0.2783077359199524,0.6362483501434326,-0.43741998076438904,0.43741998076438904,15,5
2956,13502,specialized_enriched,max,0.38802289962768555,0.889072060585022,0.4364358186721802,0.4364358186721802,34,5
2957,8523,specialized_enriched,active_fraction,0.0015120217576622963,0.003468162612989545,0.4359720051288605,0.4359720051288605,10,5
2958,13970,base_enriched,active_fraction,-0.002185133285820484,0.0050138505175709724,-0.4358193874359131,0.4358193874359131,34,5
2959,938,base_enriched,mean,-0.008811913430690765,0.020301181823015213,-0.43405914306640625,0.43405914306640625,44,5
2960,15595,base_enriched,active_fraction,-0.005080705508589745,0.011707674711942673,-0.43396368622779846,0.43396368622779846,38,5
2961,15026,specialized_enriched,max,0.21680092811584473,0.49965187907218933,0.4339039623737335,0.4339039623737335,47,5
2962,10245,specialized_enriched,mean,0.01575186848640442,0.03640299662947655,0.4327080249786377,0.4327080249786377,39,5
2963,8533,specialized_enriched,mean,0.017691217362880707,0.0411178357899189,0.43025651574134827,0.43025651574134827,23,5
2964,12790,specialized_enriched,active_fraction,0.0011633220128715038,0.0027102017775177956,0.4292381703853607,0.4292381703853607,20,5
2965,3558,base_enriched,active_fraction,-0.0014931801706552505,0.0034911376424133778,-0.42770591378211975,0.42770591378211975,24,5
2966,11928,base_enriched,mean,-0.03606598824262619,0.08441289514303207,-0.42725685238838196,0.42725685238838196,21,5
2967,10644,base_enriched,active_fraction,-0.0025039133615791798,0.005868001375347376,-0.42670634388923645,0.42670634388923645,29,5
2968,4111,base_enriched,max,-0.25842612981796265,0.6092110276222229,-0.42419806122779846,0.42419806122779846,24,5
2969,5210,base_enriched,max,-0.44271227717399597,1.0452494621276855,-0.42354699969291687,0.42354699969291687,28,5
2970,11729,base_enriched,max,-0.4093204736709595,0.9670224785804749,-0.42327916622161865,0.42327916622161865,25,5
2971,8124,specialized_enriched,max,0.1259954422712326,0.2977829873561859,0.42311161756515503,0.42311161756515503,18,5
2972,13978,specialized_enriched,max,0.5852453708648682,1.4010432958602905,0.41772112250328064,0.41772112250328064,47,5
2973,8665,specialized_enriched,active_fraction,0.003987389616668224,0.009557586163282394,0.4171963036060333,0.4171963036060333,48,5
2974,3744,specialized_enriched,max,0.43268370628356934,1.0373567342758179,0.4171021282672882,0.4171021282672882,38,5
2975,14086,specialized_enriched,mean,0.029286354780197144,0.07066567987203598,0.41443532705307007,0.41443532705307007,40,5
2976,9955,specialized_enriched,active_fraction,0.0004003615176770836,0.0009662196971476078,0.4143586754798889,0.4143586754798889,5,5
2977,3495,base_enriched,max,-0.41720086336135864,1.0096626281738281,-0.4132081866264343,0.4132081866264343,39,5
2978,1423,base_enriched,mean,-0.013200964778661728,0.032049987465143204,-0.4118867516517639,0.4118867516517639,44,5
2979,1688,base_enriched,active_fraction,-0.0007311153458431363,0.0017912342445924878,-0.4081628918647766,0.4081628918647766,9,5
2980,8407,specialized_enriched,mean,0.01832534559071064,0.04494229331612587,0.40775278210639954,0.40775278210639954,29,5
2981,7202,specialized_enriched,active_fraction,0.000499450252391398,0.0012282798998057842,0.40662577748298645,0.40662577748298645,8,5
2982,2167,base_enriched,mean,-0.021461643278598785,0.053492963314056396,-0.4012049734592438,0.4012049734592438,40,5
2983,1727,specialized_enriched,mean,0.018247902393341064,0.04555043205618858,0.40060877799987793,0.40060877799987793,36,5
2984,15031,base_enriched,mean,-0.008203648030757904,0.02055828459560871,-0.39904341101646423,0.39904341101646423,31,5
2985,11119,base_enriched,active_fraction,-0.0038421284407377243,0.009641011245548725,-0.39851924777030945,0.39851924777030945,48,5
2986,8590,base_enriched,max,-0.3709670305252075,0.9320425391197205,-0.3980151414871216,0.3980151414871216,43,5
2987,8618,specialized_enriched,max,0.5114144086837769,1.2900758981704712,0.39642196893692017,0.39642196893692017,29,5
2988,15874,base_enriched,active_fraction,-0.0007471137214452028,0.001888283179141581,-0.39565765857696533,0.39565765857696533,10,5
2989,10160,base_enriched,max,-0.421756386756897,1.067814588546753,-0.3949715495109558,0.3949715495109558,18,5
2990,7694,specialized_enriched,max,0.36460793018341064,0.9258738160133362,0.39379873871803284,0.39379873871803284,9,5
2991,16304,specialized_enriched,max,0.33899712562561035,0.8628992438316345,0.3928582966327667,0.3928582966327667,50,5
2992,9605,base_enriched,max,-0.18064355850219727,0.4623258709907532,-0.39072778820991516,0.39072778820991516,45,5
2993,775,base_enriched,active_fraction,-0.0024807751178741455,0.006364488508552313,-0.3897838890552521,0.3897838890552521,32,5
2994,14375,base_enriched,mean,-0.028608404099941254,0.07379147410392761,-0.38769254088401794,0.38769254088401794,14,5
2995,12753,base_enriched,max,-0.22608590126037598,0.5848435163497925,-0.38657504320144653,0.38657504320144653,49,5
2996,14884,base_enriched,mean,-0.014391569420695305,0.037268735468387604,-0.3861566185951233,0.3861566185951233,13,5
2997,12246,base_enriched,max,-0.5001183748245239,1.3027764558792114,-0.38388657569885254,0.38388657569885254,14,5
2998,15848,specialized_enriched,mean,0.008970506489276886,0.023384129628539085,0.3836151659488678,0.3836151659488678,10,5
2999,3851,base_enriched,active_fraction,-0.007071375381201506,0.018501393496990204,-0.3822077214717865,0.3822077214717865,36,5
3000,12212,base_enriched,active_fraction,-0.001196997589431703,0.0031453908886760473,-0.3805560767650604,0.3805560767650604,13,5
3001,9377,specialized_enriched,active_fraction,0.003914419561624527,0.010346518829464912,0.3783320486545563,0.3783320486545563,45,5
3002,9321,base_enriched,active_fraction,-0.002395358867943287,0.006334993522614241,-0.3781154453754425,0.3781154453754425,16,5
3003,9007,base_enriched,max,-0.40721070766448975,1.0775458812713623,-0.3779056668281555,0.3779056668281555,31,5
3004,15875,base_enriched,max,-0.37135791778564453,0.9836958646774292,-0.37751293182373047,0.37751293182373047,35,5
3005,6839,specialized_enriched,active_fraction,0.005056625232100487,0.013440821319818497,0.37621399760246277,0.37621399760246277,50,5
3006,11404,base_enriched,active_fraction,-0.0011523854918777943,0.003071713726967573,-0.37516045570373535,0.37516045570373535,17,5
3007,15641,specialized_enriched,max,0.286264568567276,0.7649785280227661,0.3742125630378723,0.3742125630378723,21,5
3008,6275,specialized_enriched,max,0.23112446069717407,0.6181915998458862,0.37387189269065857,0.37387189269065857,8,5
3009,10865,specialized_enriched,max,0.44319844245910645,1.1860235929489136,0.3736843466758728,0.3736843466758728,15,5
3010,13319,base_enriched,active_fraction,-0.0007700265850871801,0.002061878563836217,-0.37345874309539795,0.37345874309539795,11,5
3011,3964,specialized_enriched,active_fraction,0.000701322453096509,0.001888616243377328,0.3713419437408447,0.3713419437408447,13,5
3012,442,base_enriched,max,-0.4661339819431305,1.264801263809204,-0.36854326725006104,0.36854326725006104,30,5
3013,872,base_enriched,active_fraction,-0.0012466423213481903,0.003387293079867959,-0.3680349886417389,0.3680349886417389,6,5
3014,1769,base_enriched,mean,-0.009520940482616425,0.025955883786082268,-0.36681240797042847,0.36681240797042847,28,5
3015,4236,specialized_enriched,mean,0.015450388193130493,0.04219376668334007,0.3661770224571228,0.3661770224571228,45,5
3016,11846,base_enriched,max,-0.28629350662231445,0.7831182479858398,-0.3655814528465271,0.3655814528465271,32,5
3017,5269,specialized_enriched,active_fraction,0.0020974716171622276,0.005768883973360062,0.36358359456062317,0.36358359456062317,39,5
3018,8393,base_enriched,active_fraction,-0.0015745647251605988,0.004336518235504627,-0.3630942106246948,0.3630942106246948,35,5
3019,1407,base_enriched,max,-0.0789889395236969,0.21786770224571228,-0.3625546097755432,0.3625546097755432,31,5
3020,7753,base_enriched,max,-0.33685874938964844,0.9307659864425659,-0.36191561818122864,0.36191561818122864,46,5
3021,6093,base_enriched,mean,-0.011920053511857986,0.03308655321598053,-0.36026883125305176,0.36026883125305176,42,5
3022,10011,base_enriched,active_fraction,-0.0023051765747368336,0.006410964298993349,-0.3595678508281708,0.3595678508281708,40,5
3023,469,base_enriched,max,-0.4433978199958801,1.2344847917556763,-0.3591764271259308,0.3591764271259308,14,5
3024,14610,specialized_enriched,mean,0.006793882232159376,0.01930973306298256,0.3518371880054474,0.3518371880054474,14,5
3025,6687,base_enriched,max,-0.2309659719467163,0.6682426929473877,-0.345631867647171,0.345631867647171,46,5
3026,3345,base_enriched,max,-0.2815777361392975,0.8157064914703369,-0.34519490599632263,0.34519490599632263,20,5
3027,4835,specialized_enriched,mean,0.021830718964338303,0.06366445124149323,0.342902809381485,0.342902809381485,29,5
3028,11353,base_enriched,active_fraction,-0.0057890526950359344,0.016895653679966927,-0.3426356017589569,0.3426356017589569,46,5
3029,12765,specialized_enriched,max,0.174081951379776,0.5096796751022339,0.34155169129371643,0.34155169129371643,10,5
3030,3662,base_enriched,max,-0.2537992000579834,0.7528089284896851,-0.33713626861572266,0.33713626861572266,9,5
3031,2998,specialized_enriched,max,0.28109192848205566,0.8341299295425415,0.3369881808757782,0.3369881808757782,40,5
3032,4051,specialized_enriched,mean,0.008895892649888992,0.02653397060930729,0.33526429533958435,0.33526429533958435,30,5
3033,8094,base_enriched,mean,-0.012598544359207153,0.03775059059262276,-0.3337310552597046,0.3337310552597046,33,5
3034,808,specialized_enriched,mean,0.015200823545455933,0.045686185359954834,0.332722544670105,0.332722544670105,19,5
3035,1807,base_enriched,mean,-0.005131792742758989,0.015469079837203026,-0.3317451775074005,0.3317451775074005,13,5
3036,2685,base_enriched,active_fraction,-0.0006234426982700825,0.001888941158540547,-0.3300487697124481,0.3300487697124481,19,5
3037,9519,base_enriched,mean,-0.019788246601819992,0.060020171105861664,-0.3296932578086853,0.3296932578086853,13,5
3038,1438,specialized_enriched,max,0.2835848331451416,0.8627305030822754,0.32870617508888245,0.32870617508888245,25,5
3039,1235,specialized_enriched,active_fraction,0.0030579501762986183,0.009316076524555683,0.3282444179058075,0.3282444179058075,39,5
3040,15591,specialized_enriched,max,0.359976589679718,1.0982563495635986,0.32777100801467896,0.32777100801467896,36,5
3041,5747,specialized_enriched,mean,0.018112093210220337,0.055586207658052444,0.3258379101753235,0.3258379101753235,10,5
3042,13147,base_enriched,active_fraction,-0.0012552200350910425,0.0038594575598835945,-0.32523223757743835,0.32523223757743835,15,5
3043,2204,base_enriched,max,-0.13134628534317017,0.405579537153244,-0.3238483965396881,0.3238483965396881,15,5
3044,5376,base_enriched,max,-0.40876588225364685,1.2708752155303955,-0.3216412365436554,0.3216412365436554,14,5
3045,13650,base_enriched,max,-0.3023547828197479,0.9401264786720276,-0.3216107487678528,0.3216107487678528,14,5
3046,12243,base_enriched,max,-0.2703835368156433,0.8584347367286682,-0.31497272849082947,0.31497272849082947,25,5
3047,12980,specialized_enriched,active_fraction,0.0011072386987507343,0.0035396248567849398,0.3128124475479126,0.3128124475479126,28,5
3048,10377,base_enriched,max,-0.13986945152282715,0.4474169909954071,-0.31261542439460754,0.31261542439460754,7,5
3049,9855,specialized_enriched,mean,0.011586961336433887,0.03737250342965126,0.3100397288799286,0.3100397288799286,16,5
3050,10621,specialized_enriched,active_fraction,0.0023290645331144333,0.0075538866221904755,0.3083266615867615,0.3083266615867615,32,5
3051,874,specialized_enriched,active_fraction,0.00054688606178388,0.001785355620086193,0.3063177168369293,0.3063177168369293,15,5
3052,5559,specialized_enriched,max,0.5499701499938965,1.8086929321289062,0.30407050251960754,0.30407050251960754,11,5
3053,2926,specialized_enriched,active_fraction,0.0024027144536376,0.008130978792905807,0.2955012619495392,0.2955012619495392,7,5
3054,3513,base_enriched,mean,-0.004312274977564812,0.014926983043551445,-0.2888912558555603,0.2888912558555603,16,5
3055,3699,specialized_enriched,active_fraction,0.0009048559004440904,0.0031624827533960342,0.28612199425697327,0.28612199425697327,30,5
3056,15396,specialized_enriched,active_fraction,0.0006423754384741187,0.002250000834465027,0.28550007939338684,0.28550007939338684,9,5
3057,286,specialized_enriched,max,0.2456742823123932,0.8673717379570007,0.2832399010658264,0.2832399010658264,28,5
3058,8152,base_enriched,active_fraction,-0.0008918491657823324,0.0031521653290838003,-0.28293222188949585,0.28293222188949585,17,5
3059,840,base_enriched,active_fraction,-0.003275511786341667,0.011612369678914547,-0.28207090497016907,0.28207090497016907,50,5
3060,5998,base_enriched,max,-0.2925689220428467,1.0384602546691895,-0.2817333936691284,0.2817333936691284,10,5
3061,7852,specialized_enriched,mean,0.0060875555500388145,0.021639898419380188,0.28131166100502014,0.28131166100502014,30,5
3062,285,specialized_enriched,max,0.23309147357940674,0.8295033574104309,0.2810012400150299,0.2810012400150299,28,5
3063,283,specialized_enriched,mean,0.013313114643096924,0.04740944877266884,0.2808114290237427,0.2808114290237427,48,5
3064,1320,base_enriched,active_fraction,-0.002172553911805153,0.007797526195645332,-0.2786209285259247,0.2786209285259247,36,5
3065,10879,base_enriched,active_fraction,-0.0032191071659326553,0.011583535932004452,-0.27790367603302,0.27790367603302,44,5
3066,6227,base_enriched,max,-0.34162425994873047,1.2514572143554688,-0.2729811668395996,0.2729811668395996,33,5
3067,9380,base_enriched,mean,-0.009789137169718742,0.03633040934801102,-0.2694474756717682,0.2694474756717682,16,5
3068,14944,specialized_enriched,max,0.27779459953308105,1.0681604146957397,0.26006823778152466,0.26006823778152466,32,5
3069,2925,specialized_enriched,active_fraction,0.000538905500434339,0.002077514538541436,0.2593991458415985,0.2593991458415985,29,5
3070,14773,base_enriched,mean,-0.002764626406133175,0.0106820622459054,-0.2588101625442505,0.2588101625442505,11,5
3071,773,specialized_enriched,mean,0.011196061968803406,0.04337477684020996,0.2581237852573395,0.2581237852573395,33,5
3072,5204,base_enriched,active_fraction,-0.0009155352599918842,0.0035881574731320143,-0.25515469908714294,0.25515469908714294,33,5
3073,91,specialized_enriched,mean,0.01066577434539795,0.041857197880744934,0.25481337308883667,0.25481337308883667,50,5
3074,12081,specialized_enriched,active_fraction,0.00032179831760004163,0.0012773621128872037,0.2519241273403168,0.2519241273403168,6,5
3075,15132,base_enriched,mean,-0.002822794020175934,0.01124997902661562,-0.2509154975414276,0.2509154975414276,21,5
3076,254,specialized_enriched,active_fraction,0.0035918131470680237,0.014422534964978695,0.24904173612594604,0.24904173612594604,46,5
3077,5039,base_enriched,active_fraction,-0.002143478486686945,0.008660394698381424,-0.24750354886054993,0.24750354886054993,31,5
3078,10357,base_enriched,active_fraction,-0.0011913399212062359,0.004827485419809818,-0.24678270518779755,0.24678270518779755,38,5
3079,1777,base_enriched,max,-0.18098294734954834,0.7372392416000366,-0.24548740684986115,0.24548740684986115,49,5
3080,705,base_enriched,active_fraction,-0.0008565011085011065,0.003494863398373127,-0.24507427215576172,0.24507427215576172,23,5
3081,12929,base_enriched,max,-0.21233969926834106,0.89340740442276,-0.23767398297786713,0.23767398297786713,9,5
3082,11386,specialized_enriched,mean,0.012146804481744766,0.0514611154794693,0.23603850603103638,0.23603850603103638,42,5
3083,4561,base_enriched,mean,-0.006207041442394257,0.026313554495573044,-0.23588760197162628,0.23588760197162628,49,5
3084,6288,specialized_enriched,active_fraction,0.002746488433331251,0.01178467832505703,0.23305587470531464,0.23305587470531464,30,5
3085,11827,base_enriched,mean,-0.006251383572816849,0.027343308553099632,-0.22862571477890015,0.22862571477890015,31,5
3086,1742,base_enriched,mean,-0.013689091429114342,0.06038470193743706,-0.22669801115989685,0.22669801115989685,43,5
3087,9622,specialized_enriched,active_fraction,0.0014934181235730648,0.006709525361657143,0.22258178889751434,0.22258178889751434,38,5
3088,5537,base_enriched,mean,-0.011021401733160019,0.04960126429796219,-0.22220002114772797,0.22220002114772797,39,5
3089,1591,specialized_enriched,mean,0.007814392447471619,0.03564561530947685,0.21922451257705688,0.21922451257705688,20,5
3090,764,specialized_enriched,mean,0.01035778783261776,0.04731238633394241,0.2189233899116516,0.2189233899116516,17,5
3091,2657,base_enriched,mean,-0.008844016119837761,0.040494270622730255,-0.21840167045593262,0.21840167045593262,33,5
3092,4014,base_enriched,max,-0.2523146867752075,1.1591867208480835,-0.21766526997089386,0.21766526997089386,9,5
3093,11990,base_enriched,max,-0.10566973686218262,0.4859427809715271,-0.21745304763317108,0.21745304763317108,17,5
3094,13722,specialized_enriched,active_fraction,0.000957041047513485,0.004475469700992107,0.2138414829969406,0.2138414829969406,8,5
3095,5556,base_enriched,active_fraction,-0.0013223206624388695,0.00619936641305685,-0.21329931914806366,0.21329931914806366,45,5
3096,4177,base_enriched,mean,-0.01675417274236679,0.07888162136077881,-0.21239639818668365,0.21239639818668365,31,5
3097,4279,specialized_enriched,active_fraction,0.0013202633708715439,0.006362698040902615,0.20750054717063904,0.20750054717063904,39,5
3098,5388,base_enriched,max,-0.14337337017059326,0.6954883337020874,-0.20614777505397797,0.20614777505397797,24,5
3099,5242,specialized_enriched,active_fraction,0.003019222989678383,0.01477606501430273,0.20433200895786285,0.20433200895786285,25,5
3100,548,specialized_enriched,active_fraction,0.0010246967431157827,0.005100893788039684,0.20088572800159454,0.20088572800159454,33,5
3101,12595,specialized_enriched,mean,0.007128752768039703,0.03905101120471954,0.18254975974559784,0.18254975974559784,48,5
3102,8432,specialized_enriched,mean,0.004531007260084152,0.025149820372462273,0.18016062676906586,0.18016062676906586,18,5
3103,13306,specialized_enriched,active_fraction,0.0007258467376232147,0.004031006246805191,0.18006588518619537,0.18006588518619537,19,5
3104,3951,base_enriched,mean,-0.006309784948825836,0.03533357009291649,-0.17857761681079865,0.17857761681079865,46,5
3105,4725,specialized_enriched,mean,0.005316779017448425,0.03080669231712818,0.17258518934249878,0.17258518934249878,11,5
3106,7596,base_enriched,max,-0.09838899970054626,0.5804247856140137,-0.1695120632648468,0.1695120632648468,20,5
3107,6039,specialized_enriched,active_fraction,0.0005028574960306287,0.003172258846461773,0.15851716697216034,0.15851716697216034,25,5
3108,6538,base_enriched,max,-0.12059521675109863,0.770484983921051,-0.1565185785293579,0.1565185785293579,9,5
3109,8358,specialized_enriched,max,0.21056747436523438,1.3897931575775146,0.15150994062423706,0.15150994062423706,27,5
3110,11575,specialized_enriched,active_fraction,0.0005653053522109985,0.0039208633825182915,0.14417879283428192,0.14417879283428192,31,5
3111,9135,specialized_enriched,active_fraction,0.0010956889018416405,0.007869698107242584,0.13922883570194244,0.13922883570194244,30,5
3112,8582,specialized_enriched,active_fraction,0.0014179050922393799,0.010829957202076912,0.13092434406280518,0.13092434406280518,45,5
3113,4895,specialized_enriched,mean,0.0037535540759563446,0.029185215011239052,0.1286114901304245,0.1286114901304245,44,5
3114,2454,specialized_enriched,mean,0.0024629011750221252,0.019702250137925148,0.1250060796737671,0.1250060796737671,20,5
3115,7419,specialized_enriched,max,0.20274043083190918,1.65711510181427,0.12234541028738022,0.12234541028738022,17,5
3116,6722,base_enriched,max,-0.05044811964035034,0.593975305557251,-0.08493302762508392,0.08493302762508392,34,5
3117,7343,base_enriched,mean,-0.001742582768201828,0.025507431477308273,-0.06831666827201843,0.06831666827201843,20,5
